identifier	slug
BTO:0000018	a_549_cell
BTO:0000020	abdomen
BTO:0000025	amniotic_cavity
BTO:0000047	adrenal_gland
BTO:0000058	alimentary_canal
BTO:0000060	alveolus
BTO:0000062	amastigote
BTO:0000068	amniotic_fluid
BTO:0000079	anther
BTO:0000081	reproductive_system
BTO:0000082	male_reproductive_system
BTO:0000083	female_reproductive_system
BTO:0000085	appressorium
BTO:0000088	cardiovascular_system
BTO:0000089	blood
BTO:0000090	ascidian
BTO:0000091	ascites
BTO:0000109	bacteroid
BTO:0000120	bhk_21_cell
BTO:0000121	bile
BTO:0000122	bile_duct
BTO:0000123	bladder
BTO:0000125	blast_cell
BTO:0000130	neutrophil
BTO:0000131	blood_plasma
BTO:0000138	midbrain
BTO:0000141	bone_marrow
BTO:0000142	brain
BTO:0000144	meninx
BTO:0000146	brain_stem
BTO:0000149	breast
BTO:0000155	bronchoalveolar_lavage_fluid
BTO:0000159	bulb
BTO:0000166	cecum
BTO:0000176	carcinoma_cell
BTO:0000182	ht_29_cell
BTO:0000195	caco_2_cell
BTO:0000203	respiratory_system
BTO:0000208	caryopsis
BTO:0000213	cecum_mucosa
BTO:0000227	central_nervous_system
BTO:0000232	cerebellum
BTO:0000237	cerebrospinal_fluid
BTO:0000243	vagina
BTO:0000255	brain_cell_line
BTO:0000266	cob
BTO:0000269	colon
BTO:0000271	colonic_mucosa
BTO:0000282	head
BTO:0000286	cornea
BTO:0000301	crop
BTO:0000303	crown_gall
BTO:0000313	hypodermis
BTO:0000316	culture_medium
BTO:0000318	cv_1_cell
BTO:0000320	cyst
BTO:0000338	dental_plaque
BTO:0000339	dental_pulp
BTO:0000341	diaphragm
BTO:0000343	renal_tubule
BTO:0000347	reticulum
BTO:0000365	duodenum
BTO:0000367	duodenal_mucosa
BTO:0000376	electric_organ
BTO:0000377	elementary_body
BTO:0000379	embryo
BTO:0000397	tooth
BTO:0000398	enterocyte
BTO:0000399	eosinophil
BTO:0000404	epidermis
BTO:0000414	epithelial_cell
BTO:0000416	epithelium
BTO:0000421	connective_tissue
BTO:0000424	erythrocyte
BTO:0000442	fat_body
BTO:0000447	feather
BTO:0000450	fiber
BTO:0000452	fibroblast
BTO:0000463	filament
BTO:0000464	flagellate
BTO:0000469	flower
BTO:0000476	foot
BTO:0000480	forestomach
BTO:0000486	fruit
BTO:0000493	gall_bladder
BTO:0000495	gametophyte
BTO:0000500	gastric_epithelium
BTO:0000501	gastric_juice
BTO:0000507	foregut
BTO:0000510	hindgut
BTO:0000511	gastrointestinal_tract
BTO:0000514	germ
BTO:0000518	gill
BTO:0000519	gingiva
BTO:0000522	gland
BTO:0000534	gonad
BTO:0000535	germ_cell
BTO:0000536	gracilis_muscle
BTO:0000537	nectar
BTO:0000545	gut
BTO:0000546	gut_mucosa
BTO:0000553	peripheral_blood
BTO:0000555	hair_root
BTO:0000561	posterior_lobe
BTO:0000562	heart
BTO:0000564	heart_valve
BTO:0000567	hela_cell
BTO:0000572	hemolymph
BTO:0000574	hematopoietic_cell
BTO:0000586	colonic_cancer_cell
BTO:0000597	hepatopancreas
BTO:0000599	hep_g2_cell
BTO:0000600	heterocyst
BTO:0000605	honey
BTO:0000620	ileum
BTO:0000628	inflorescence
BTO:0000642	intestinal_mucosa
BTO:0000646	left_colon
BTO:0000648	intestine
BTO:0000649	right_colon
BTO:0000651	small_intestine
BTO:0000657	jejunum
BTO:0000659	juice
BTO:0000662	nasopharynx
BTO:0000664	k_562_cell
BTO:0000667	keratinocyte
BTO:0000669	embryonic_cell_line
BTO:0000671	kidney
BTO:0000706	large_intestine
BTO:0000707	larva
BTO:0000710	latex
BTO:0000713	leaf
BTO:0000719	leaf_lamina
BTO:0000731	acute_lymphoblastic_leukemia_cell
BTO:0000735	sporophyte
BTO:0000737	leukemia_cell_line
BTO:0000738	hl_60_cell
BTO:0000751	leukocyte
BTO:0000753	lymphoid_tissue
BTO:0000759	liver
BTO:0000763	lung
BTO:0000769	submandibular_lymph_node
BTO:0000775	lymphocyte
BTO:0000776	b_lymphocyte
BTO:0000777	adenoid
BTO:0000781	intestinal_epithelium
BTO:0000782	t_lymphocyte
BTO:0000784	lymph_node
BTO:0000801	macrophage
BTO:0000804	j_774a_1_cell
BTO:0000810	malpighian_tubule
BTO:0000817	mammary_gland
BTO:0000818	spinal_column
BTO:0000828	throat
BTO:0000845	meiotic_cell
BTO:0000846	erythroleukemia_cell_line
BTO:0000849	melanoma_cell_line
BTO:0000852	meristem
BTO:0000856	mesocarp
BTO:0000858	mesophyll
BTO:0000862	heart_ventricle
BTO:0000863	midgut
BTO:0000876	monocyte
BTO:0000886	mucosa
BTO:0000888	muscle_fibre
BTO:0000893	mycorrhiza
BTO:0000901	myocardium
BTO:0000912	nasal_mucosa
BTO:0000917	needle
BTO:0000923	nephridium
BTO:0000953	nurse_cell
BTO:0000954	nymph
BTO:0000956	gut_epithelium
BTO:0000959	esophagus
BTO:0000964	oocyte
BTO:0000968	osteoclast
BTO:0000973	respiratory_mucosa
BTO:0000975	ovary
BTO:0000976	hep_2_cell
BTO:0000980	oviduct
BTO:0000984	p_388d1_cell
BTO:0000988	pancreas
BTO:0001009	pc_12_cell
BTO:0001025	peripheral_blood_mononuclear_cell
BTO:0001028	peripheral_nervous_system
BTO:0001031	peritoneal_fluid
BTO:0001037	sensory_cell
BTO:0001041	petiole
BTO:0001043	adult
BTO:0001044	phagocyte
BTO:0001047	pharyngeal_mucosa
BTO:0001049	pharynx
BTO:0001058	phloem
BTO:0001060	photoreceptor_cell
BTO:0001067	pineal_gland
BTO:0001069	pitcher
BTO:0001073	hypophysis
BTO:0001078	placenta
BTO:0001085	vascular_system
BTO:0001086	embryonic_stem_cell
BTO:0001090	mouth
BTO:0001097	pollen
BTO:0001102	blood_vessel
BTO:0001113	prepuce
BTO:0001129	prostate_gland
BTO:0001130	prostate_gland_cancer_cell
BTO:0001142	pulp
BTO:0001158	rectum
BTO:0001166	renal_cortex
BTO:0001168	rennet
BTO:0001170	resting_cell
BTO:0001171	spore
BTO:0001172	reticulate_body
BTO:0001174	reticuloendothelial_system
BTO:0001176	endothelial_cell
BTO:0001181	rhizome
BTO:0001188	root
BTO:0001190	root_nodule
BTO:0001191	root_tip
BTO:0001192	rootlet
BTO:0001194	rumen
BTO:0001196	sf_21_cell
BTO:0001201	rosette
BTO:0001202	saliva
BTO:0001203	salivary_gland
BTO:0001210	sgs_cell
BTO:0001220	schwann_cell
BTO:0001228	seedling
BTO:0001230	semen
BTO:0001243	shoot
BTO:0001244	urinary_tract
BTO:0001253	skin
BTO:0001259	small_intestine_mucosa
BTO:0001260	smooth_muscle__da2f97c9
BTO:0001268	somatic_cell
BTO:0001277	spermatozoon
BTO:0001278	spike
BTO:0001279	spinal_cord
BTO:0001281	spleen
BTO:0001287	sporangium
BTO:0001297	sputum
BTO:0001300	stem
BTO:0001301	bark
BTO:0001306	stolon
BTO:0001307	stomach
BTO:0001308	gastric_mucosa
BTO:0001313	style
BTO:0001339	synovia
BTO:0001347	tadpole
BTO:0001356	tendon
BTO:0001368	thorax
BTO:0001370	thp_1_cell
BTO:0001376	thigh
BTO:0001383	alveolar_bone
BTO:0001385	tongue
BTO:0001387	tonsil
BTO:0001388	trachea
BTO:0001395	trichome
BTO:0001400	tuber
BTO:0001412	u_937_cell
BTO:0001419	urine
BTO:0001421	uterine_cervix
BTO:0001424	uterus
BTO:0001426	urethra
BTO:0001432	vascular_tissue
BTO:0001434	vegetative_cell
BTO:0001436	mycelium
BTO:0001444	vero_cell
BTO:0001447	forearm
BTO:0001457	hip
BTO:0001458	apocrine_sweat_gland
BTO:0001468	xylem
BTO:0001470	epidermal_cell
BTO:0001472	peritoneum
BTO:0001477	photophore
BTO:0001481	plant
BTO:0001486	skeletal_system
BTO:0001487	adipose_tissue
BTO:0001493	trunk
BTO:0001501	hair
BTO:0001522	b_lymphocyte_cell_line
BTO:0001540	goblet_cell
BTO:0001551	free_living_state
BTO:0001565	ht_29_mtx_cell
BTO:0001591	pa_1_cell
BTO:0001593	osteoblast
BTO:0001600	cuticle
BTO:0001613	colorectum
BTO:0001653	lung_epithelium
BTO:0001658	aerial_part
BTO:0001659	aerial_root
BTO:0001664	hepatoblastoma_cell_line
BTO:0001684	antler
BTO:0001686	joint
BTO:0001701	carapace
BTO:0001707	coelom
BTO:0001709	colonic_epithelium
BTO:0001713	dorsum
BTO:0001719	claw
BTO:0001743	jejunal_epithelium
BTO:0001758	ocellus
BTO:0001762	neonate
BTO:0001773	oocyst
BTO:0001780	oxyntic_cell
BTO:0001782	peritoneal_cavity
BTO:0001791	pleura
BTO:0001809	scalp
BTO:0001810	sclerotium
BTO:0001816	stem_nodule
BTO:0001822	suprachiasmatic_nucleus
BTO:0001823	synovium
BTO:0001844	tooth_enamel
BTO:0001859	wart
BTO:0001886	primordium
BTO:0001906	cephalothorax
BTO:0001911	lung_adenocarcinoma_cell_line
BTO:0001938	u2_os_cell
BTO:0001947	hrt_18_cell
BTO:0001949	huvec_cell
BTO:0001957	mc3t3_e1_cell
BTO:0001965	carcass
BTO:0001980	sebaceous_gland
BTO:0002045	capillary
BTO:0002056	siphon
BTO:0002072	squamous_epithelium
BTO:0002096	nasal_cavity
BTO:0002099	middle_ear
BTO:0002100	outer_ear
BTO:0002136	nb_4_cell
BTO:0002168	juvenile
BTO:0002173	tubercle
BTO:0002196	a10_cell
BTO:0002246	globus_pallidus
BTO:0002254	vas_efferens
BTO:0002278	macrophage_cell_line
BTO:0002292	flagellum
BTO:0002305	scolex
BTO:0002323	eccrine_sweat_gland
BTO:0002330	lamina_propria
BTO:0002375	bronchiole
BTO:0002397	prostate_gland_epithelium
BTO:0002480	plume
BTO:0002489	promyelocytic_leukemia_cell_line
BTO:0002502	kinetoplastid
BTO:0002656	sickle_cell
BTO:0002670	medial_geniculate_nucleus
BTO:0002674	medial_geniculate_body
BTO:0002684	lymphoid_follicle
BTO:0002690	biofilm
BTO:0002728	bcp_1_cell
BTO:0002854	corn_silk
BTO:0002922	bronchial_epithelial_cell
BTO:0002979	secretion
BTO:0002990	gastric_ulcer
BTO:0003084	vaginal_fluid
BTO:0003091	urogenital_system
BTO:0003098	scrotum
BTO:0003108	chago_k_1_cell
BTO:0003120	atherosclerotic_plaque
BTO:0003121	villus
BTO:0003123	microvascular_endothelial_cell
BTO:0003129	human_brain_microvascular_endothelial_cell
BTO:0003132	microsporidian
BTO:0003165	cervical_adenocarcinoma_cell
BTO:0003167	143_b_cell
BTO:0003280	sessile_cell
BTO:0003292	raw_264_7_cell
BTO:0003358	groin
BTO:0003415	conjunctiva
BTO:0003434	choanomastigote
BTO:0003594	hypnozoite
BTO:0003659	secretory_cell
BTO:0003680	mo_b_cell
BTO:0003791	glandular_stomach
BTO:0003799	secretory_trichome
BTO:0003833	buccal_mucosa
BTO:0003861	inflammatory_cell
BTO:0003906	uroepithelium
BTO:0003969	hair_follicle_outer_root_sheath
BTO:0004041	abdominal_adipose_tissue
BTO:0004057	fruit_juice
BTO:0004093	endothelial_progenitor_cell
BTO:0004108	g_cell
BTO:0004165	meibomian_gland
BTO:0004212	seta
BTO:0004299	lung_epithelial_cell
BTO:0004300	mammary_epithelial_cell
BTO:0004305	hairy_root
BTO:0004404	bl_3_cell
BTO:0004493	gastric_epithelium_cell_line
BTO:0004520	regulatory_t_lymphocyte
BTO:0004525	subcutaneous_tissue
BTO:0004617	mucilage
BTO:0004628	aortic_valve
BTO:0004659	exoskeleton
BTO:0004668	hand
BTO:0004669	finger
BTO:0004687	orbit
BTO:0004822	germ_tube
BTO:0004849	pharyngeal_gland
BTO:0004857	ookinete
BTO:0004983	ma_104_cell
BTO:0004998	gingival_epithelium
BTO:0005030	hela_229_cell
BTO:0005053	midgut_epithelium
BTO:0005055	scale
BTO:0005122	ovarian_cyst
BTO:0005189	head_kidney
BTO:0005257	oropharynx
BTO:0005312	amoeba
BTO:0005373	oil_secretion
BTO:0005436	panicle
BTO:0005441	lateral_root
BTO:0005445	rectal_epithelium
BTO:0005516	wood
BTO:0005655	th17_cell
BTO:0005692	column
BTO:0005704	milk_gland
BTO:0005810	immune_system
BTO:0005937	intestinal_epithelial_cell
BTO:0005992	pseudostem
BTO:0006181	buffy_coat
BTO:0006313	taproot
BTO:0006350	polyp
BTO:0006474	rhizoid
BTO:0006514	foreleg
ENVO:00000000	geographic_feature
ENVO:00000003	mine_tailing
ENVO:00000011	garden
ENVO:00000012	hydrographic_feature
ENVO:00000014	canal
ENVO:00000015	ocean
ENVO:00000016	sea
ENVO:00000019	saline_lake
ENVO:00000020	lake
ENVO:00000021	freshwater_lake
ENVO:00000022	river
ENVO:00000023	stream
ENVO:00000025	reservoir
ENVO:00000026	well
ENVO:00000027	spring
ENVO:00000029	watercourse
ENVO:00000031	wadi
ENVO:00000032	bay
ENVO:00000033	pond
ENVO:00000035	marsh
ENVO:00000036	irrigation_canal
ENVO:00000037	ditch
ENVO:00000038	lagoon
ENVO:00000039	fjord
ENVO:00000040	waterfall
ENVO:00000043	wetland_area
ENVO:00000044	peatland
ENVO:00000045	estuary
ENVO:00000050	geyser
ENVO:00000051	hot_spring
ENVO:00000053	freshwater_marsh
ENVO:00000054	saline_marsh
ENVO:00000055	saline_evaporation_pond
ENVO:00000057	mangrove_swamp
ENVO:00000063	water_body
ENVO:00000064	road
ENVO:00000065	railway
ENVO:00000067	cave
ENVO:00000068	tunnel
ENVO:00000070	human_construction
ENVO:00000073	building
ENVO:00000074	dam
ENVO:00000075	bridge
ENVO:00000076	mine
ENVO:00000077	agricultural_ecosystem
ENVO:00000078	farm
ENVO:00000081	mountain
ENVO:00000083	hill
ENVO:00000084	mountain_pass
ENVO:00000086	plain
ENVO:00000090	coastal_plain
ENVO:00000091	beach
ENVO:00000094	volcanic_feature
ENVO:00000096	caldera
ENVO:00000097	desert_area
ENVO:00000098	island
ENVO:00000100	valley
ENVO:00000104	undersea_feature
ENVO:00000106	grassland_area
ENVO:00000108	meadow_ecosystem
ENVO:00000109	woodland_area
ENVO:00000110	lava_tunnel
ENVO:00000111	forested_area
ENVO:00000112	area_of_tundra
ENVO:00000114	agricultural_field
ENVO:00000115	orchard
ENVO:00000117	plantation
ENVO:00000122	track
ENVO:00000126	sulfur_spring
ENVO:00000128	dry_valley
ENVO:00000133	glacier
ENVO:00000134	permafrost
ENVO:00000138	cove
ENVO:00000140	drainage_ditch
ENVO:00000141	bank
ENVO:00000150	coral_reef
ENVO:00000151	sabkha
ENVO:00000165	asphalt_lake
ENVO:00000166	atoll
ENVO:00000167	bar
ENVO:00000169	canyon
ENVO:00000173	rocky_desert
ENVO:00000177	moraine
ENVO:00000182	plateau
ENVO:00000183	stony_desert
ENVO:00000192	mudflat
ENVO:00000195	sinkhole
ENVO:00000196	alkaline_flat
ENVO:00000199	meromictic_lake
ENVO:00000206	marine_neritic_zone
ENVO:00000207	oceanic_zone
ENVO:00000208	marine_pelagic_zone
ENVO:00000209	marine_photic_zone
ENVO:00000210	marine_aphotic_zone
ENVO:00000211	marine_bathypelagic_zone
ENVO:00000213	marine_mesopelagic_zone
ENVO:00000215	hydrothermal_vent
ENVO:00000216	fumarole
ENVO:00000217	solfatara
ENVO:00000218	black_smoker
ENVO:00000220	archipelago
ENVO:00000232	fen
ENVO:00000233	swamp_ecosystem
ENVO:00000234	bayou
ENVO:00000241	tidal_mudflat
ENVO:00000243	freshwater_wetland_ecosystem
ENVO:00000247	volcano
ENVO:00000255	flood_plain
ENVO:00000261	savanna
ENVO:00000262	steppe
ENVO:00000264	seamount
ENVO:00000266	pasture
ENVO:00000275	ocean_trench
ENVO:00000279	saline_pan
ENVO:00000283	ridge
ENVO:00000291	drainage_basin
ENVO:00000292	watershed
ENVO:00000296	rice_field
ENVO:00000297	paddy_field
ENVO:00000300	scrubland_area
ENVO:00000302	rift_valley
ENVO:00000303	sea_coast
ENVO:00000305	peninsula
ENVO:00000311	kettle
ENVO:00000316	intertidal_zone
ENVO:00000319	low_tide_zone
ENVO:00000327	speleothem
ENVO:00000328	vadose_zone
ENVO:00000329	phreatic_zone
ENVO:00000349	terrarium
ENVO:00000354	volcanic_field
ENVO:00000360	area_of_national_forest
ENVO:00000363	area_designated_as_a_nature_reserve
ENVO:00000364	national_wildlife_refuge
ENVO:00000367	iucn_national_park
ENVO:00000369	brine_pool
ENVO:00000373	geothermal_field
ENVO:00000380	ice_shelf
ENVO:00000381	massif
ENVO:00000382	lake_shore
ENVO:00000383	stream_bed
ENVO:00000384	river_bed
ENVO:00000393	sound
ENVO:00000394	strait
ENVO:00000395	channel_of_a_watercourse
ENVO:00000402	mud_volcano
ENVO:00000406	mid_ocean_ridge
ENVO:00000418	ria
ENVO:00000428	biome
ENVO:00000446	terrestrial_biome
ENVO:00000447	marine_biome
ENVO:00000455	tarn
ENVO:00000463	harbour
ENVO:00000469	research_facility
ENVO:00000475	inlet
ENVO:00000476	lake_inlet
ENVO:00000477	mount
ENVO:00000479	mouth__ec747ff2
ENVO:00000480	peak
ENVO:00000485	sea_shore
ENVO:00000486	shoreline
ENVO:00000488	glacial_lake
ENVO:00000489	palsa
ENVO:00000499	trough
ENVO:00000501	submerged_bed
ENVO:00000511	blanket_bog
ENVO:00000533	landfill
ENVO:00000546	lake_sediment
ENVO:00000549	container_of_an_intermittent_water_body
ENVO:00000562	park
ENVO:00000564	archeological_site
ENVO:00000856	city
ENVO:00000873	freshwater_biome
ENVO:00000887	large_river_biome
ENVO:00000890	small_river_biome
ENVO:00000891	large_freshwater_lake_biome
ENVO:00000892	small_freshwater_lake_biome
ENVO:00000893	xeric_basin_biome
ENVO:00001995	rock
ENVO:00001997	acid_mine_drainage
ENVO:00001998	soil
ENVO:00001999	marine_water_body
ENVO:00002000	slope
ENVO:00002001	waste_water
ENVO:00002002	food_product
ENVO:00002004	mesoscopic_physical_object
ENVO:00002005	air
ENVO:00002006	liquid_water
ENVO:00002007	sediment
ENVO:00002010	saline_water
ENVO:00002011	fresh_water
ENVO:00002012	hypersaline_water
ENVO:00002015	volcanic_rock
ENVO:00002018	sewage
ENVO:00002019	brackish_water
ENVO:00002030	aquatic_biome
ENVO:00002033	carcass__24623a85
ENVO:00002034	biofilm__cc6fe05a
ENVO:00002036	biotope
ENVO:00002040	wood__2882695a
ENVO:00002041	ground_water
ENVO:00002042	surface_water
ENVO:00002043	wastewater_treatment_plant
ENVO:00002044	sludge
ENVO:00002045	anaerobic_sediment
ENVO:00002046	activated_sludge
ENVO:00002055	sandstone
ENVO:00002060	oil_sludge
ENVO:00002061	oil_spill
ENVO:00002063	oil_seep
ENVO:00002113	deep_marine_sediment
ENVO:00002114	chemically_enriched_sediment
ENVO:00002116	contaminated_soil
ENVO:00002117	creosote_contaminated_soil
ENVO:00002118	sea_sand
ENVO:00002119	alkaline_hot_spring
ENVO:00002120	acidic_hot_spring
ENVO:00002121	alkaline_salt_lake
ENVO:00002123	bioreactor
ENVO:00002124	anaerobic_bioreactor
ENVO:00002126	aerobic_bioreactor
ENVO:00002127	stream_sediment
ENVO:00002129	anaerobic_sludge
ENVO:00002130	hypolimnion
ENVO:00002131	epilimnion
ENVO:00002132	metalimnion
ENVO:00002133	anaerobic_mud
ENVO:00002137	brackish_estuary
ENVO:00002138	beach_sand
ENVO:00002141	leachate
ENVO:00002142	borax_leachate
ENVO:00002144	cave_wall
ENVO:00002147	coal_mine_lake_sediment
ENVO:00002148	coarse_beach_sand
ENVO:00002149	sea_water
ENVO:00002150	coastal_sea_water
ENVO:00002152	biofilter
ENVO:00002153	compost_biofilter
ENVO:00002156	superfund_site
ENVO:00002157	stromatolite_mat
ENVO:00002158	ditch_water
ENVO:00002160	estuarine_mud
ENVO:00002168	gold_mine
ENVO:00002169	coal_mine
ENVO:00002170	compost
ENVO:00002173	hospital
ENVO:00002179	intertidal_sediment
ENVO:00002182	nitrobenzene_enriched_sediment
ENVO:00002185	oil_reservoir
ENVO:00002191	animal_litter
ENVO:00002192	poultry_litter
ENVO:00002196	aquarium
ENVO:00002200	sea_ice
ENVO:00002204	anthropogenic_contamination_feature
ENVO:00002209	saline_lake_sediment
ENVO:00002213	anaerobic_sludge_blanket_reactor
ENVO:00002215	geothermal_power_plant
ENVO:00002223	oligotrophic_water
ENVO:00002224	eutrophic_water
ENVO:00002226	borehole
ENVO:00002228	pond_water
ENVO:00002235	cambisol
ENVO:00002241	leptosol
ENVO:00002255	solonetz
ENVO:00002258	loam
ENVO:00002259	agricultural_soil
ENVO:00002261	forest_soil
ENVO:00002263	garden_soil
ENVO:00002264	waste_material
ENVO:00002265	agricultural_waste
ENVO:00002267	industrial_waste_material
ENVO:00002270	chemocline
ENVO:00002272	waste_treatment_plant
ENVO:00002276	animal_waste_material
ENVO:00002297	environmental_feature
ENVO:00002869	hay
ENVO:00002872	bagasse
ENVO:00002873	organic_waste_material
ENVO:00002874	air_conditioning_unit
ENVO:00002875	oil_contaminated_soil
ENVO:00002982	clay
ENVO:00002984	petroleum
ENVO:00002985	oil
ENVO:00003030	silage
ENVO:00003031	animal_manure
ENVO:00003032	fresh_animal_manure
ENVO:00003040	animal_house
ENVO:00003041	cow_shed
ENVO:00003043	sewage_plant
ENVO:00003044	brine
ENVO:00003064	drinking_water
ENVO:00003065	distilled_water
ENVO:00003096	tap_water
ENVO:00003860	pig_manure
ENVO:00003862	dairy
ENVO:00003870	rice_straw
ENVO:00003893	cosmetic_product
ENVO:00003896	currency_note
ENVO:00003903	aviation_fuel
ENVO:00003908	poultry_deep_litter
ENVO:00003965	anaerobic_digester_sludge
ENVO:00005740	paddy_field_soil
ENVO:00005747	compost_soil
ENVO:00005749	farm_soil
ENVO:00005750	grassland_soil
ENVO:00005761	meadow_soil
ENVO:00005772	orchard_soil
ENVO:00005774	peat_soil
ENVO:00005778	tropical_soil
ENVO:00005779	vegetable_garden_soil
ENVO:00005780	greenhouse_soil
ENVO:00005791	sterile_water
ENVO:00005792	underground_water
ENVO:00005794	water_scum
ENVO:00005795	marine_mud
ENVO:00005800	desert_sand
ENVO:00005801	rhizosphere
ENVO:00005802	bulk_soil
ENVO:00005803	animal_habitation
ENVO:00010483	environmental_material
ENVO:00010506	emulsion
ENVO:00010622	vivarium
ENVO:00010624	botanical_garden
ENVO:00010625	zoological_garden
ENVO:00012408	aquifer
ENVO:0010001	anthropogenic_environmental_material
ENVO:01000001	mud
ENVO:01000002	water_well
ENVO:01000003	oil_well
ENVO:01000007	organic_object_formed_through_microbial_activity
ENVO:01000008	microbial_mat
ENVO:01000009	biotic_mesoscopic_physical_object
ENVO:01000016	silt
ENVO:01000017	sand
ENVO:01000020	estuarine_biome
ENVO:01000022	marine_salt_marsh_biome
ENVO:01000024	marine_benthic_biome
ENVO:01000026	marine_bathyal_zone_biome
ENVO:01000029	marine_reef_biome
ENVO:01000034	oceanic_sea_surface_microlayer_biome
ENVO:01000036	oceanic_mesopelagic_zone_biome
ENVO:01000038	oceanic_abyssopelagic_zone_biome
ENVO:01000042	neritic_epipelagic_zone_biome
ENVO:01000046	marginal_sea_biome
ENVO:01000047	mediterranean_sea_biome
ENVO:01000048	ocean_biome
ENVO:01000049	marine_coral_reef_biome
ENVO:01000059	sea_grass_bed
ENVO:01000066	marine_anoxic_zone
ENVO:01000073	marine_oligotrophic_desert
ENVO:01000105	marine_benthic_feature
ENVO:01000118	sandy_sediment
ENVO:01000119	silty_sediment
ENVO:01000124	marine_supra_littoral_zone
ENVO:01000125	marine_littoral_zone
ENVO:01000127	marine_cold_seep_biome
ENVO:01000129	marine_hydrothermal_vent_chimney
ENVO:01000134	hydrothermal_fluid
ENVO:01000140	whale_fall
ENVO:01000142	wood_fall
ENVO:01000143	marine_reef
ENVO:01000155	organic_material
ENVO:01000156	biofilm_material
ENVO:01000157	microbial_mat_material
ENVO:01000159	organic_feature
ENVO:01000161	marine_sponge_reef
ENVO:01000163	photophore__6253ffee
ENVO:01000164	root_nodule__0f1c7944
ENVO:01000173	anoxic_water
ENVO:01000174	forest_biome
ENVO:01000177	grassland_biome
ENVO:01000179	desert_biome
ENVO:01000180	tundra_biome
ENVO:01000181	mangrove_biome
ENVO:01000192	tropical_grassland_biome
ENVO:01000193	temperate_grassland_biome
ENVO:01000196	coniferous_forest_biome
ENVO:01000198	mixed_forest_biome
ENVO:01000199	mediterranean_forest_biome
ENVO:01000200	tropical_broadleaf_forest_biome
ENVO:01000202	temperate_broadleaf_forest_biome
ENVO:01000204	tropical
ENVO:01000205	subtropical
ENVO:01000206	temperate
ENVO:01000207	mediterranean
ENVO:01000211	temperate_coniferous_forest_biome
ENVO:01000212	temperate_mixed_forest_biome
ENVO:01000219	anthropogenic_terrestrial_biome
ENVO:01000228	tropical_moist_broadleaf_forest_biome
ENVO:01000236	basalt
ENVO:01000245	cropland_biome
ENVO:01000246	village_biome
ENVO:01000249	urban_biome
ENVO:01000250	subpolar_coniferous_forest_biome
ENVO:01000252	freshwater_lake_biome
ENVO:01000254	environmental_system
ENVO:01000255	mineral_deposit
ENVO:01000256	mineral_material
ENVO:01000257	white_smoker
ENVO:01000262	seep
ENVO:01000263	cold_seep
ENVO:01000277	water_ice
ENVO:01000294	crevice
ENVO:01000297	freshwater_river
ENVO:01000298	continental_margin
ENVO:01000303	endolithic_environment
ENVO:01000305	high_temperature_environment
ENVO:01000306	freshwater_environment
ENVO:01000309	cold_environment
ENVO:01000311	cultivated_environment
ENVO:01000313	anthropogenic_environment
ENVO:01000316	alkaline_environment
ENVO:01000317	aquatic_environment
ENVO:01000320	marine_environment
ENVO:01000340	alpine
ENVO:01000357	alkaline_water
ENVO:01000371	agricultural_waste_material
ENVO:01000372	household_waste_material
ENVO:01000406	snow
ENVO:01000417	house
ENVO:01000460	asphalt
ENVO:01000536	factory
ENVO:01000556	biogas
ENVO:01000599	river_water
ENVO:01000600	rainwater
ENVO:01000617	lentic_water_body
ENVO:01000618	lotic_water_body
ENVO:01000620	mesocosm
ENVO:01000621	microcosm
ENVO:01000627	feedlot
ENVO:01000628	plant_litter
ENVO:01000653	slum
ENVO:01000681	sodium_chloride_salt
ENVO:01000722	meltwater
ENVO:01000747	regolith
ENVO:01000749	oceanic_crust
ENVO:01000867	solar_panel_array
ENVO:01000890	area_of_moss_dominated_vegetation
ENVO:01000905	shrimp_pond
ENVO:01000909	biocrust
ENVO:01000910	soil_biocrust
ENVO:01000922	animal_cage
ENVO:01000925	abattoir
ENVO:01000964	industrial_wastewater
ENVO:01000965	constructed_swimming_pool
ENVO:01001001	plant_associated_environment
ENVO:01001002	animal_associated_environment
ENVO:01001004	groundwater__585f08d9
ENVO:01001020	hypersaline_lake
ENVO:01001029	fecal_environment
ENVO:01001040	saline_environment
ENVO:01001041	fungi_associated_environment
ENVO:01001043	hypersaline_water_environment
ENVO:01001069	metallic_material
ENVO:01001181	rhizoplane
ENVO:01001184	arable
ENVO:01001206	grassland_ecosystem
ENVO:01001207	ranch
ENVO:01001267	stormwater
ENVO:01001319	saline_water_body
ENVO:01001321	brackish_water_body
ENVO:01001357	desert
ENVO:01001360	paramo
ENVO:01001405	laboratory_environment
ENVO:01001406	laboratory_facility
ENVO:01001511	freshwater_ice
ENVO:01001529	glacier_snout
ENVO:01001530	water_ice_core
ENVO:01001667	thalassic
ENVO:01001803	tropical_forest
ENVO:01001804	subtropical_forest
ENVO:01001805	temperate_forest
ENVO:01001893	salt_spring
ENVO:01001894	alkaline_spring
ENVO:01001898	acidic_spring
ENVO:01003000	spacecraft
ENVO:02000008	cell_culture
ENVO:02000049	coastal_water_body
ENVO:02000059	surface_soil
ENVO:02000091	coal
ENVO:02000136	research_nuclear_reactor
ENVO:02000138	mangrove_biome_soil
ENVO:03000033	marine_sediment
ENVO:03000039	cryoconite_hole
ENVO:03000040	melt_pond
ENVO:03000133	agricultural_potting_mixture
ENVO:03501120	dairy_farm
ENVO:03501152	intensive_care_unit_facility
ENVO:03501254	water_tank
ENVO:03501256	sheet_of_paper
ENVO:03501300	manure
ENVO:03501327	utensil
ENVO:03501347	hotel
ENVO:03600002	cooling_water
ENVO:03600003	drinking_water_pipeline_network
ENVO:03600004	drinking_water_treatment_plant
ENVO:03600006	food_waste
ENVO:03600007	formation_fluid
ENVO:03600009	interstitial_water
ENVO:03600010	membrane_bioreactor
ENVO:03600011	mineral_horizon
ENVO:03600013	bituminous_sand
ENVO:03600016	saprolite
ENVO:03600018	organic_horizon
ENVO:03600021	tailings_pond
ENVO:03600039	fermentation_pit
ENVO:03600040	fermentation_starter
ENVO:03600041	marine_lake
ENVO:03600050	space_station
ENVO:03600051	train_car
ENVO:03600061	shipwreck
ENVO:03600066	halite
ENVO:03600070	river_plume
ENVO:03600071	cyanobacterial_bloom
ENVO:03600074	aquaculture_farm
ENVO:03600077	photobioreactor
ENVO:03600078	oil_refinery
ENVO:03600082	crustal_fluid
ENVO:03600087	greenhouse
ENVO:03605000	periphytic_biofilm
ENVO:04000007	lake_water
ENVO:06105211	runoff
ENVO:08000002	mouth_environment
ENVO:2000000	chemical_product
ENVO:2000004	algal_bloom
ENVO:2000007	biochar
ENVO:2000008	lignite
ENVO:2100002	intestine_environment
ENVO:2100003	skin_environment
FOODON:00001006	mammalian_meat_food_product
FOODON:00001087	vegetable_oil_food_product
FOODON:00001183	bread_food_product
FOODON:00001256	dairy_food_product
FOODON:00001258	food_fermented
FOODON:00001274	egg_food_product
FOODON:00002158	food_preserved
FOODON:00002574	butchery_cut_of_beef
FOODON:00003202	beverage
FOODON:00003366	food_spoiled
FOODON:00003816	vegetable
FOODON:00004500	ice_cream
FOODON:02020979	beef_chop
FOODON:02022154	sea_cucumber
FOODON:03000287	cheese
FOODON:03000288	bread
FOODON:03301033	royal_jelly
FOODON:03301705	vinegar
FOODON:03302481	sourdough_bread
FOODON:03306632	nut_whole_or_pieces
FOODON:03309475	meat_trimming
FOODON:03310002	soybean_paste
FOODON:03315272	pastry
FOODON:03316428	sweets
FOODON:03400803	seafood_product_eurofir
FOODON:03411224	oyster
FOODON:03411301	algae
FOODON:03411743	red_algae
FOODON:03412107	sea_urchin
FOODON:03412266	seaweed
FOODON:03412345	lichen
FOODON:03412395	brown_algae
FOODON:03412502	green_algae
FOODON:03420295	fruit_seed_anatomical_part
FOODON:03500045	food_grade_textile_surface
FOODON:03530206	food_production
NCIT:C15189	biopsy
NCIT:C171504	tracheal_aspirate
NCIT:C26707	bladder_stone
NCIT:C50344	catheter
NCIT:C77916	protozoa
PO:0009005	root__722ce44f
PO:0009010	seed
PO:0025034	leaf__36ca5f79
PO:0025281	pollen__58a9f338
PO:0025603	plant_resin
PO:0030027	thallus
PO:0030078	rhizoid__d73561e8
UBERON:0000020	sense_organ
UBERON:0000029	lymph_node__7af26c8b
UBERON:0000033	head__4e9662ea
UBERON:0000045	ganglion
UBERON:0000056	ureter
UBERON:0000065	respiratory_tract
UBERON:0000167	oral_cavity
UBERON:0000170	pair_of_lungs
UBERON:0000178	blood__d6f5ae05
UBERON:0000341	throat__4f7984ed
UBERON:0000403	scalp__a1773389
UBERON:0000412	dermal_papilla
UBERON:0000464	anatomical_space
UBERON:0000473	testis
UBERON:0000916	abdomen__17b71cfa
UBERON:0000922	embryo__9a0301d2
UBERON:0000945	stomach__fc24e41c
UBERON:0000948	heart__6a45d7c5
UBERON:0000965	lens_of_camera_type_eye
UBERON:0000974	neck
UBERON:0000994	spermathecum
UBERON:0000996	vagina__96a5db8d
UBERON:0001000	vas_deferens
UBERON:0001003	skin_epidermis
UBERON:0001005	respiratory_airway
UBERON:0001093	vertebral_bone_2
UBERON:0001156	ascending_colon
UBERON:0001157	transverse_colon
UBERON:0001158	descending_colon
UBERON:0001159	sigmoid_colon
UBERON:0001295	endometrium
UBERON:0001351	lacrimal_sac
UBERON:0001359	cerebrospinal_fluid__b2fc1889
UBERON:0001474	bone_element
UBERON:0001555	digestive_tract
UBERON:0001690	ear
UBERON:0001750	lacrimal_apparatus
UBERON:0001766	anterior_chamber_of_eyeball
UBERON:0001770	lacrimal_canaliculus
UBERON:0001827	secretion_of_lacrimal_gland
UBERON:0001851	cortex
UBERON:0001913	milk
UBERON:0001914	colostrum
UBERON:0001968	semen__9e34d53a
UBERON:0001969	blood_plasma__00b70c6a
UBERON:0001970	bile__57dd7796
UBERON:0001977	blood_serum
UBERON:0001988	feces
UBERON:0002049	vasculature
UBERON:0002067	dermis
UBERON:0002074	hair_shaft
UBERON:0002075	viscus
UBERON:0002081	cardiac_atrium
UBERON:0002097	skin_of_body
UBERON:0002099	cardiac_septum
UBERON:0002100	trunk__eb9dd119
UBERON:0002113	kidney__a7396918
UBERON:0002134	tricuspid_valve
UBERON:0002185	bronchus
UBERON:0002224	thoracic_cavity
UBERON:0002356	perineum
UBERON:0002367	prostate_gland__c7644935
UBERON:0002385	muscle_tissue
UBERON:0002402	pleural_cavity
UBERON:0002416	integumental_system
UBERON:0002530	gland__456b9722
UBERON:0002535	gill__8d87864f
UBERON:0002542	scale__9e0da5ec
UBERON:0002960	central_oculomotor_nucleus
UBERON:0003142	prepupa
UBERON:0003143	pupa
UBERON:0003216	hard_palate
UBERON:0003672	dentition
UBERON:0003684	abdominal_cavity
UBERON:0003891	stroma
UBERON:0003903	bursa_of_fabricius
UBERON:0004176	external_genitalia
UBERON:0004292	cardiac_skeleton
UBERON:0004796	prostate_gland_secretion
UBERON:0004907	lower_digestive_tract
UBERON:0005052	gizzard
UBERON:0005384	nasal_cavity_epithelium
UBERON:0005386	olfactory_segment_of_nasal_mucosa
UBERON:0005725	olfactory_system
UBERON:0005870	olfactory_pit
UBERON:0006530	seminal_fluid
UBERON:0006562	pharynx__21d453ea
UBERON:0006575	mantle
UBERON:0006612	shell
UBERON:0006860	swim_bladder
UBERON:0006911	digestive_system_secreted_substance
UBERON:0006967	horn
UBERON:0006972	nephridium__bb187828
UBERON:0007118	umbilicus
UBERON:0007311	sputum__6045ff33
UBERON:0007330	rhamphotheca
UBERON:0007357	proventriculus
UBERON:0007358	abomasum
UBERON:0007362	omasum
UBERON:0007365	rumen__a47ac48b
UBERON:0008246	pyloric_stomach
UBERON:0008250	cardiac_stomach
UBERON:0008330	vestibule_of_vagina
UBERON:0008805	gingival_groove
UBERON:0008811	intromittent_organ
UBERON:0008897	fin
UBERON:0008955	middle_lobe_of_lung
UBERON:0008963	hoof
UBERON:0008972	right_colon__4772e94d
UBERON:0009074	syrinx_organ
UBERON:0010152	skin_mucus
UBERON:0010264	hepatopancreas__63c0469f
UBERON:0010409	ocular_surface_region
UBERON:0010516	clasper
UBERON:0011150	pharyngeal_arch_derived_gill
UBERON:0011256	rhinarium
UBERON:0011985	infraorbital_sinus
UBERON:0011997	coelom__d65ea80b
UBERON:0012114	cud
UBERON:0012348	autopod_pad
UBERON:0012422	secretion_of_crop
UBERON:0012447	podotheca
UBERON:0012474	hepatic_cecum
UBERON:0013119	haemal_node
UBERON:0013198	cocoon
UBERON:0013216	udder
UBERON:0014858	crustacean_post_larval_stage
UBERON:0016482	dental_plaque__df2cbc31
UBERON:0016484	subgingival_dental_plaque
UBERON:0016486	posterior_fornix_of_vagina
UBERON:0016487	anterior_fornix_of_vagina
UBERON:0019315	meibum
UBERON:0022276	splenic_flexure_of_colon
UBERON:0022277	hepatic_flexure_of_colon
UBERON:0034929	external_soft_tissue_zone
UBERON:0035963	epithelial_lining_fluid
UBERON:0036243	vaginal_fluid__f6bb5751
UBERON:2000165	inferior_lobe
UBERON:2000356	gill_raker
UBERON:3010636	egg_capsule
UBERON:6000017	insect_prothoracic_segment
UBERON:8480046	mucosa_of_rumen
habitatmech:BACDIVE.009b89b30a	cotton_other_fibres
habitatmech:BACDIVE.0180300130	anaerobic_digestor
habitatmech:BACDIVE.04ddbbeabe	rot_root_stem
habitatmech:BACDIVE.09c3544e85	equidae_horse
habitatmech:BACDIVE.09ded89de7	subarctic
habitatmech:BACDIVE.0b7fa25ca9	juice_natural
habitatmech:BACDIVE.0bfb662164	painting
habitatmech:BACDIVE.0d6b871731	immunocompromised
habitatmech:BACDIVE.0e92e77cd4	lab_synthesis
habitatmech:BACDIVE.0f078d72a7	canker
habitatmech:BACDIVE.0f1e92a02c	environmental
habitatmech:BACDIVE.0fa0234f43	humid
habitatmech:BACDIVE.13ab77c66c	water_treatment_plant
habitatmech:BACDIVE.15180e7ff9	aquatic_mammal
habitatmech:BACDIVE.1599585546	climate
habitatmech:BACDIVE.18f9382d8d	porifera_sponges
habitatmech:BACDIVE.1b4071cb1d	transportation_ways_roads
habitatmech:BACDIVE.1cc8e3791c	other
habitatmech:BACDIVE.1dbb2b0c6f	machines_and_devices
habitatmech:BACDIVE.25af5eede6	rumen_fluid
habitatmech:BACDIVE.27fe5ab8fb	sterilized_plant_part
habitatmech:BACDIVE.2acf2810c5	bottled_canned_packed_food
habitatmech:BACDIVE.2b1959f1f0	food_fermented__fb6aa2db
habitatmech:BACDIVE.2f22b1d05b	plant_infections
habitatmech:BACDIVE.31392c69b9	spot_leaf_stem
habitatmech:BACDIVE.3192a0f47e	tree
habitatmech:BACDIVE.319ac5f8f8	host_animal_endotherm_intratissue
habitatmech:BACDIVE.33fde10528	canidae_dog
habitatmech:BACDIVE.36df85e4a4	waste
habitatmech:BACDIVE.38260eea00	aquatic_plant
habitatmech:BACDIVE.3974b3f169	oral_cavity_and_airways
habitatmech:BACDIVE.3a13ee8a57	suidae_pig_swine
habitatmech:BACDIVE.3abed720b8	xerophytic
habitatmech:BACDIVE.3bf519722c	core_sample
habitatmech:BACDIVE.3d543e6b49	host_animal_endotherm
habitatmech:BACDIVE.3e4680f074	endosphere
habitatmech:BACDIVE.3edb563d49	in_situ
habitatmech:BACDIVE.3eec8fcfc4	waste_gas
habitatmech:BACDIVE.499e641dc2	coalbed_water
habitatmech:BACDIVE.4b8650dee7	dust_ash
habitatmech:BACDIVE.4c48b5114d	wilt
habitatmech:BACDIVE.4d06ff4bb5	contaminant
habitatmech:BACDIVE.4d3086a839	caprinae_sheep_goat
habitatmech:BACDIVE.4e5b25adcb	post_mortem
habitatmech:BACDIVE.5209e5b46e	medical_product
habitatmech:BACDIVE.57e74dd487	animal_produced_food_natural
habitatmech:BACDIVE.5bac6e6496	root_tooth
habitatmech:BACDIVE.5d6bbfabf0	decomposing_plant
habitatmech:BACDIVE.5fa4710934	simulated_communities
habitatmech:BACDIVE.66ce48b936	domestic_waste
habitatmech:BACDIVE.6911460a4a	surface_swab
habitatmech:BACDIVE.693692f9f6	meningitis
habitatmech:BACDIVE.6add57f329	fluids
habitatmech:BACDIVE.6d5784a4c5	mycosis
habitatmech:BACDIVE.6e0d8a73f2	lab_enrichment
habitatmech:BACDIVE.6e3154acd8	paddy_ricefield
habitatmech:BACDIVE.71d5f01e03	cooling_tower
habitatmech:BACDIVE.745e245512	rodentia_other
habitatmech:BACDIVE.766cd9f54f	semiarid
habitatmech:BACDIVE.7945156e00	root_rhizome
habitatmech:BACDIVE.7d4708950e	engineered
habitatmech:BACDIVE.7d840c7ddc	endosymbiont
habitatmech:BACDIVE.7ea89610a2	medical_device
habitatmech:BACDIVE.8086ba1250	solid_plant_waste
habitatmech:BACDIVE.82dc7d11b9	leporidae_rabbit_hare
habitatmech:BACDIVE.8bf2766463	heated_burned
habitatmech:BACDIVE.8f711387b2	heavy_metal
habitatmech:BACDIVE.995fbdda26	infection
habitatmech:BACDIVE.99663bb3ee	bioremediation
habitatmech:BACDIVE.9a0a53afc1	non_marine_saline_and_alkaline
habitatmech:BACDIVE.9ae6cfc178	cave_water
habitatmech:BACDIVE.9b21b7d13b	condition
habitatmech:BACDIVE.9c253e43c0	engineered_product
habitatmech:BACDIVE.9eabedc3a1	starter_culture
habitatmech:BACDIVE.9f31ab2d87	oil_fuel
habitatmech:BACDIVE.a0bdf011ac	cystic_fibrosis
habitatmech:BACDIVE.a2edc55556	defined_media
habitatmech:BACDIVE.a4a67c4a7f	bovinae_cow_cattle
habitatmech:BACDIVE.a60a058479	industrial
habitatmech:BACDIVE.a7f6b12719	protist
habitatmech:BACDIVE.aabf4aeae4	sterilized_desinfected
habitatmech:BACDIVE.ab17ecb10f	muridae_mouse_rat
habitatmech:BACDIVE.b3b3dfff91	sandy
habitatmech:BACDIVE.b415adf879	food_production__8d3fdbcc
habitatmech:BACDIVE.b61f30c070	abort
habitatmech:BACDIVE.b8fea19ee8	patient
habitatmech:BACDIVE.baf38460e6	host
habitatmech:BACDIVE.bb97519ae8	antibiotic_treatment
habitatmech:BACDIVE.bf10ea3ae4	geologic
habitatmech:BACDIVE.c659c7e939	disease
habitatmech:BACDIVE.c9b246fcbb	human
habitatmech:BACDIVE.cb34a860e6	industrial_production
habitatmech:BACDIVE.d843032e51	vegetable_incl_grains
habitatmech:BACDIVE.db240195f6	specimen
habitatmech:BACDIVE.dded810572	decomposing_algae
habitatmech:BACDIVE.ddf5f83abc	medical_practice
habitatmech:BACDIVE.df2f59b773	foam
habitatmech:BACDIVE.e01be4868f	microbial
habitatmech:BACDIVE.e3272331b8	treatment
habitatmech:BACDIVE.e5d21f85b7	tuberculosis
habitatmech:BACDIVE.e68bf42dcb	host_animal_ectotherm
habitatmech:BACDIVE.e6b73de092	felidae_cat
habitatmech:BACDIVE.e864a16f03	invertebrates_other
habitatmech:BACDIVE.ebdac6db98	swab
habitatmech:BACDIVE.ec17e237ad	livestock_husbandry
habitatmech:BACDIVE.ed51f3e74a	host_animal_endotherm_rumen
habitatmech:BACDIVE.ef2153283d	cnidaria_corals
habitatmech:BACDIVE.f4971616a5	gall
habitatmech:BACDIVE.f4eb470a03	epibiont
habitatmech:BACDIVE.f5201ef8d6	xerophilic
habitatmech:BACDIVE.f655f51b59	sulfuric
habitatmech:BACDIVE.fb79ffe39f	biodegradation
habitatmech:BACDIVE.ff945d8a69	co_culture
habitatmech:ENVIRONMENTS_TABLE.54b570032a	host__82745511
habitatmech:GOLD.00086e0958	cnidaria
habitatmech:GOLD.00152db20e	midpoint
habitatmech:GOLD.003cf7aab1	sea_ice_brine
habitatmech:GOLD.003eca7f24	c1_glandular_saccules
habitatmech:GOLD.004065681a	biliary_tract
habitatmech:GOLD.00a390bd33	chelicerates_nest
habitatmech:GOLD.00de24c347	littoral_zone
habitatmech:GOLD.00fe86978b	bioreactor__bd8d2afc
habitatmech:GOLD.013b99db03	spacecraft_assembly_cleanrooms
habitatmech:GOLD.016d1f9e29	endocrine_system
habitatmech:GOLD.0171231ef5	intestine__7f854f63
habitatmech:GOLD.0191e307b9	spinal_cord__94bcf122
habitatmech:GOLD.0193e22ae0	tumor
habitatmech:GOLD.019799304e	swine_confinement_building
habitatmech:GOLD.01c242b3b0	esophagus__e4629951
habitatmech:GOLD.01c8f74327	pyrite_containing
habitatmech:GOLD.020f82703b	visual_system
habitatmech:GOLD.022901d626	skeletal_muscle
habitatmech:GOLD.0264cdeb43	rectum__e62056ba
habitatmech:GOLD.0287e1b2a9	aquaculture
habitatmech:GOLD.029baaef9e	bacteria
habitatmech:GOLD.02bb8b9d08	rock_dwelling_subaerial_biofilms
habitatmech:GOLD.02cd19a432	paranasal_sinuses_sphenoidal
habitatmech:GOLD.0307474089	midgut__b3029152
habitatmech:GOLD.032b7dd40b	activated_sludge__cd285164
habitatmech:GOLD.03345a3f86	biological_phosphorus_removal
habitatmech:GOLD.0337661ee0	respiratory_system__b5f90cd7
habitatmech:GOLD.03424a981f	soil__f9434ce0
habitatmech:GOLD.034f972dba	surface
habitatmech:GOLD.0353227a54	inner_tissue
habitatmech:GOLD.036ffbf88b	wastewater
habitatmech:GOLD.037d4112ea	cloaca
habitatmech:GOLD.037e9fd186	forest_soil__58a3c03e
habitatmech:GOLD.03b138e563	arterial_ulcer
habitatmech:GOLD.03fc563fae	aerobic_digester
habitatmech:GOLD.0415cd7ce3	contaminated
habitatmech:GOLD.041f853bab	bulk_soil__e5568696
habitatmech:GOLD.0433dc9a8f	dentin
habitatmech:GOLD.046cccd783	city_park
habitatmech:GOLD.04784607ad	urothelial_carcinoma_transitional_cell_carcinoma_tcc
habitatmech:GOLD.04bff31353	sediment_core
habitatmech:GOLD.04db66025b	parotid_abscess
habitatmech:GOLD.0512cf397f	appendix_abscess
habitatmech:GOLD.052d6c8006	autotrophic_anf
habitatmech:GOLD.0533686915	water
habitatmech:GOLD.05440dad0f	zoo_waste
habitatmech:GOLD.0552e4fd8a	circulatory_system
habitatmech:GOLD.056292f510	microbial_mats
habitatmech:GOLD.0584d2f783	spring__76db5e69
habitatmech:GOLD.05855906cb	pbmc
habitatmech:GOLD.059724892c	subtidal_zone
habitatmech:GOLD.05cdfd61b8	tertiary_lymphoid_organ
habitatmech:GOLD.0632072d58	thorax__d792f08b
habitatmech:GOLD.0635cc88f0	circulatory_system__5b3debaf
habitatmech:GOLD.063960efcc	tetrachloroethylene_and_derivatives
habitatmech:GOLD.066547cb98	subarachnoid_space
habitatmech:GOLD.06797221f4	testicle_testes_sperm
habitatmech:GOLD.067f7f5e2a	soil__1a78b418
habitatmech:GOLD.06a3636aa2	connective_tissue__b37fb9b6
habitatmech:GOLD.06c04be03f	filiform_warts
habitatmech:GOLD.06e9da107b	athalassic
habitatmech:GOLD.06fb1f0fdd	nutrient_poor
habitatmech:GOLD.0759307c55	biofilm__59810f2b
habitatmech:GOLD.076eb28273	insects_nest
habitatmech:GOLD.0770f3f3ed	spleen__8be5e82a
habitatmech:GOLD.07c6babcdb	remains
habitatmech:GOLD.07fe1c5b62	floodplain
habitatmech:GOLD.080ba885f8	biofilm__70ae855c
habitatmech:GOLD.083ab65161	cultivation_substrate
habitatmech:GOLD.0847225245	gastric_mucosa__22720499
habitatmech:GOLD.085f791375	sediment__bcc5249a
habitatmech:GOLD.086ba0a00d	microbial_mats__8cd68d16
habitatmech:GOLD.088ff19037	sediment__736dcca3
habitatmech:GOLD.08b797ed27	nest_dump
habitatmech:GOLD.090dc47d34	activated_sludge__ebcebab5
habitatmech:GOLD.091387f8a8	mucus
habitatmech:GOLD.092534ed0f	squamous_cell_carcinoma
habitatmech:GOLD.092eae5cd7	skeletal_system__e5059bff
habitatmech:GOLD.09350714a0	runoff_channel
habitatmech:GOLD.0946b92f8f	mine_pit_pond
habitatmech:GOLD.0989ccfb99	chyme
habitatmech:GOLD.098a328598	decomposed_body
habitatmech:GOLD.099b899fb9	ags_aerobic_granular_sludge
habitatmech:GOLD.09b8e6304f	athlete_s_foot
habitatmech:GOLD.09d3541be1	cooked_meat
habitatmech:GOLD.0a25c948fa	riparian_soil
habitatmech:GOLD.0a267d2617	tubiform
habitatmech:GOLD.0a2f12b809	sediment__8cbae4cd
habitatmech:GOLD.0a32ac387b	sap
habitatmech:GOLD.0a5d06fb87	chorionic_villi
habitatmech:GOLD.0a69448795	ovaries
habitatmech:GOLD.0a69f87c03	extracellular
habitatmech:GOLD.0a8125a01d	gravesite
habitatmech:GOLD.0a9f2ca319	foraminifera
habitatmech:GOLD.0aa4d00c98	gonopodium
habitatmech:GOLD.0ac09185d9	intracellular
habitatmech:GOLD.0acae9a1a4	artificial_ecosystem
habitatmech:GOLD.0b109e3013	intestine_digesta
habitatmech:GOLD.0bab26d396	sieved
habitatmech:GOLD.0bb82ca5d9	colon_mucosa
habitatmech:GOLD.0bec5663f6	pancreatic_duct
habitatmech:GOLD.0bf8cdd127	salt_marsh
habitatmech:GOLD.0c010c9a29	surface__cd661c34
habitatmech:GOLD.0c0e79d630	whole_body
habitatmech:GOLD.0c54014f15	wood_chips
habitatmech:GOLD.0c74807e42	respiratory_system__431eac8d
habitatmech:GOLD.0c74c0f158	herpes_zoster_shingles
habitatmech:GOLD.0c89489e1b	glacier__efa45690
habitatmech:GOLD.0ca0df8cfb	asbestos
habitatmech:GOLD.0cadaca0bf	seawater
habitatmech:GOLD.0cd2784356	alligator_nest
habitatmech:GOLD.0cd585a031	amphibia
habitatmech:GOLD.0cde2b2e9e	tissue
habitatmech:GOLD.0d343fdd03	lung__f6952b0b
habitatmech:GOLD.0d353772af	activated_sludge__f91e662c
habitatmech:GOLD.0d60ee305c	fermentation_cellar
habitatmech:GOLD.0d77d00b06	uasb_upflow_anaerobic_sludge_blanket
habitatmech:GOLD.0d8c6b3ef1	chaparral
habitatmech:GOLD.0dc3100114	whole_body__bd42e413
habitatmech:GOLD.0df80d2d2b	fermentation
habitatmech:GOLD.0e0ecbff15	head_nodes
habitatmech:GOLD.0e6d2e67ff	epiphytes
habitatmech:GOLD.0e6db1ec76	pancreas__cfd1d203
habitatmech:GOLD.0e7950bba4	breast_abscess
habitatmech:GOLD.0e7aeb7635	simulated_communities_microbial_mixture
habitatmech:GOLD.0e98bf2597	trophosome
habitatmech:GOLD.0ec3770763	gallbladder
habitatmech:GOLD.0ecf3c076e	bulk_soil__ab3524d2
habitatmech:GOLD.0ed42fc018	intrathoracic_space
habitatmech:GOLD.0ef022fc47	pulp_and_paper_wastewater
habitatmech:GOLD.0f1636fe06	outer
habitatmech:GOLD.0f40aa60ce	municipal_landfill
habitatmech:GOLD.0f64d697b2	nervous_system
habitatmech:GOLD.0f6b0e6bf3	bark__5b1d3b9d
habitatmech:GOLD.0fd615b360	human_waste
habitatmech:GOLD.0fe2a08dac	oropharynx__a35a5060
habitatmech:GOLD.1029237e41	sludge__133813c4
habitatmech:GOLD.1032e10222	sludge__579ac3b2
habitatmech:GOLD.1064d1667e	breast_cancer_ductal
habitatmech:GOLD.10c00dc3a7	harbor
habitatmech:GOLD.10fdf7ff5a	sub_biocrust
habitatmech:GOLD.11240edc4a	stomach__915214d3
habitatmech:GOLD.112979e260	frozen_remains
habitatmech:GOLD.115edc36f8	intertidal_zone__2f295854
habitatmech:GOLD.116fcefc51	spent_mushroom_substrate
habitatmech:GOLD.11bece2c6f	nervous_system__b6871e1f
habitatmech:GOLD.11e35ad959	hepatopancreas__9860cdca
habitatmech:GOLD.11ea780433	multiple_organs
habitatmech:GOLD.11fb82205a	tooth_cementum
habitatmech:GOLD.1208484062	carbonate
habitatmech:GOLD.1218ad430c	sediment_water_interface
habitatmech:GOLD.1219b1a720	diabetic_foot_ulcer_dfu
habitatmech:GOLD.1225aa9f65	laryngopharyngeal
habitatmech:GOLD.123d347b7f	optical_instruments
habitatmech:GOLD.12648498b0	coprolite
habitatmech:GOLD.1276bea544	diatoms
habitatmech:GOLD.12aa763db5	tepid_25_34c
habitatmech:GOLD.12b8a9a4c4	near_boiling_90c
habitatmech:GOLD.12da3e7025	venous
habitatmech:GOLD.131edc03af	integumentary_system
habitatmech:GOLD.133311ddf9	biliary_tract__076692f7
habitatmech:GOLD.1341e74d35	amoebozoa
habitatmech:GOLD.134eb9e767	biliary_tract__d5e0bd1d
habitatmech:GOLD.135b9b67f7	floodplain__98d09203
habitatmech:GOLD.1362bf05c2	meadow
habitatmech:GOLD.136eacaeab	fracking_water
habitatmech:GOLD.13c60b19ab	pleural_effusion
habitatmech:GOLD.143583cb61	terephthalate
habitatmech:GOLD.143ceb8669	composting
habitatmech:GOLD.14484ed1ed	inner
habitatmech:GOLD.14789d9032	sand_microcosm
habitatmech:GOLD.1488865daa	endometrial_uterine
habitatmech:GOLD.14987e1627	sediment__e8fdcd7d
habitatmech:GOLD.14e18e7034	sarcoma
habitatmech:GOLD.151ba43519	deep_subsurface
habitatmech:GOLD.15506702ab	stomach_pyloric
habitatmech:GOLD.15771ec9ef	oceanarium
habitatmech:GOLD.157d3ec756	subcuticular_space
habitatmech:GOLD.15af5884e8	caeca
habitatmech:GOLD.15bcd61a84	biofouling
habitatmech:GOLD.15c94449af	bioreactor__1ac05569
habitatmech:GOLD.15eca49e6f	vitreous_humor
habitatmech:GOLD.16370f2eb5	mud__41155c65
habitatmech:GOLD.164a527d31	ise6
habitatmech:GOLD.1683146938	o_horizon_organic_layer
habitatmech:GOLD.168f298608	mesopelagic_twilight_zone
habitatmech:GOLD.16ef0500e1	upland_zone
habitatmech:GOLD.171890b5d6	sediment__8e884524
habitatmech:GOLD.1743ebf24f	abdomen__0eb11b74
habitatmech:GOLD.17461837d0	dissolved_organics_aerobic
habitatmech:GOLD.176620985a	spinal_cord__8cf430b9
habitatmech:GOLD.17a7055549	mine__d26624ca
habitatmech:GOLD.17b7f17bc1	basal_cell_carcinoma
habitatmech:GOLD.17c67a52e1	microbial_mats__aba42aab
habitatmech:GOLD.17cac82e1c	sludge__47f7c56a
habitatmech:GOLD.17eb7fbe67	surface__1a02ce44
habitatmech:GOLD.1821934761	outer_ear__1cde1a0e
habitatmech:GOLD.184623c963	microbial__50f690f2
habitatmech:GOLD.18aee7206f	thyroid
habitatmech:GOLD.18caa9152c	reclaimed
habitatmech:GOLD.18ee4196a9	manure_slurry
habitatmech:GOLD.18f4c772f7	subcutaneous_fat
habitatmech:GOLD.1930d3bfbc	outer_ear__51c29e92
habitatmech:GOLD.19327d6bac	sinus_cyst
habitatmech:GOLD.193fc3b328	aquifer__394e2237
habitatmech:GOLD.195d07bc47	colon__ff534087
habitatmech:GOLD.19733b3f98	thermokarst_pond
habitatmech:GOLD.197861c6ca	ascites__06c98a68
habitatmech:GOLD.19840c718e	hindgut__afd87e04
habitatmech:GOLD.19b3c0e4ec	rumen_ventral_sac
habitatmech:GOLD.19b5876c23	artesian_spring
habitatmech:GOLD.19b8af8da8	ovarian
habitatmech:GOLD.19be137a86	intestine_mid
habitatmech:GOLD.1a25051293	sediment__4985d562
habitatmech:GOLD.1a33387187	fish_tank
habitatmech:GOLD.1a6a558ccf	mammary_gland__bf023eab
habitatmech:GOLD.1a78606807	persistent_organic_pollutants_pop
habitatmech:GOLD.1a8c452712	beaker_s_popliteal_cyst
habitatmech:GOLD.1a8cb8aae6	frozen_shrimp
habitatmech:GOLD.1a8d5400cc	buccal_mucosa__a90386db
habitatmech:GOLD.1ab59245f7	fungi
habitatmech:GOLD.1aca20ff55	chloraminated
habitatmech:GOLD.1ad500c492	fetal_tissue
habitatmech:GOLD.1ae8ae7f23	gibber_plain
habitatmech:GOLD.1b11698aaa	reptilia
habitatmech:GOLD.1b19e33e8c	coalbed_methane_well_water
habitatmech:GOLD.1b1ec698e7	lab_grade_water
habitatmech:GOLD.1b5fdf386c	posterior_nares
habitatmech:GOLD.1b82504233	attached_keratinized_gingiva
habitatmech:GOLD.1b9242774a	sediment__64de18a4
habitatmech:GOLD.1bb701a40c	salt_flat_salt_pan_sediment
habitatmech:GOLD.1c0744c357	porewater
habitatmech:GOLD.1c08fd2ae6	rectal_mucosa
habitatmech:GOLD.1c429bbeae	cholesteatoma
habitatmech:GOLD.1c8b5d3fe5	limnetic_zone
habitatmech:GOLD.1cb5947f90	skin_tissue
habitatmech:GOLD.1cbfc76870	larva__aa08751d
habitatmech:GOLD.1ce5b3ff1a	empyema_drain
habitatmech:GOLD.1d0c72d58b	river__d478a13c
habitatmech:GOLD.1d1529ead1	nails
habitatmech:GOLD.1d3e238d30	anal_canal_mucosa
habitatmech:GOLD.1d60d1c6b9	penis
habitatmech:GOLD.1d6e2dd200	pine_litter_on_sand
habitatmech:GOLD.1d9982b7bf	soil_bedrock_interface
habitatmech:GOLD.1daee83236	vagina__a4a4e1ad
habitatmech:GOLD.1dec05f10e	air_sacs
habitatmech:GOLD.1e04aaebba	saliva__6b871fb0
habitatmech:GOLD.1e2686ea7e	bone
habitatmech:GOLD.1e3f47202c	hair_follicle
habitatmech:GOLD.1e479a90dd	cutaneous_leishmaniasis
habitatmech:GOLD.1e5645d6c8	pronghorn
habitatmech:GOLD.1e79c4f302	sporozoa
habitatmech:GOLD.1e8f6911f5	heterotrophic_hnf
habitatmech:GOLD.1eb00167ac	sugarcane_filter_cake
habitatmech:GOLD.1ece8c580a	effluent
habitatmech:GOLD.1f110436d1	eggs
habitatmech:GOLD.1f45d9d054	sediment__a8039b03
habitatmech:GOLD.1f5f4fee4c	sediment__e752e84e
habitatmech:GOLD.1f74489d04	well_biofilm
habitatmech:GOLD.1f80141d6a	hadopelagic_zone_ocean_trenches
habitatmech:GOLD.1f8a962fa9	eustachian_tube
habitatmech:GOLD.200051736e	light_organ
habitatmech:GOLD.203ab14b02	sludge__df43c436
habitatmech:GOLD.2047d759aa	effusion
habitatmech:GOLD.2082ed6ba7	metal_surface
habitatmech:GOLD.2095a51ac4	prothorax
habitatmech:GOLD.20bc7c46a0	heart__a33d0ef6
habitatmech:GOLD.20fae79b01	urinary_bladder
habitatmech:GOLD.20fb5b0162	rock_core_sediment
habitatmech:GOLD.21222434e2	deep_subsurface__45e0aabf
habitatmech:GOLD.2127bae21d	eustachian_tube__a8583033
habitatmech:GOLD.21698a99df	crustaceans_tank
habitatmech:GOLD.2173317f9c	parabasalids
habitatmech:GOLD.21bd1543b5	ligament
habitatmech:GOLD.21e53e7981	acid_lake
habitatmech:GOLD.21e57b5d40	retroauricular_crease
habitatmech:GOLD.21e97f08ee	liver__b17d75c2
habitatmech:GOLD.21eb1adab2	reproductive_system__d6ec6a33
habitatmech:GOLD.21f701f425	cerebrospinal_fluid__93998265
habitatmech:GOLD.2233edb538	tropical_rainforest
habitatmech:GOLD.22385a9b81	salt_marsh__3c0519d1
habitatmech:GOLD.2241010097	paper
habitatmech:GOLD.224ebcebe1	lymphoblastic_lymphoma
habitatmech:GOLD.22656a226b	floodplain__7ad4b08f
habitatmech:GOLD.226fcf3880	pulmonary_fluid
habitatmech:GOLD.227b8ef4a5	fecal
habitatmech:GOLD.228c68bdf2	composting_facility
habitatmech:GOLD.22947d6b50	bioreactor__e86e1c04
habitatmech:GOLD.22a80cbd14	groundwater
habitatmech:GOLD.22ea687641	rectum__bee8fb47
habitatmech:GOLD.23007d6432	cyanide_thiocyanate
habitatmech:GOLD.230a05ae80	beehive_brood_combs
habitatmech:GOLD.2333d6225a	arthropoda_myriapoda
habitatmech:GOLD.23389b02b4	ciliates
habitatmech:GOLD.236abc4b8a	rubber
habitatmech:GOLD.236eb735d7	molluscs_pond
habitatmech:GOLD.237fd067e0	epidermoid
habitatmech:GOLD.23cd8889db	plankton
habitatmech:GOLD.23dcd93012	latrine_chamber
habitatmech:GOLD.23ff94c519	lateral_fornices
habitatmech:GOLD.242c0c0793	hospital_wastewater
habitatmech:GOLD.245555f695	adjacent_soil
habitatmech:GOLD.245b61d15e	metalworking_fluids
habitatmech:GOLD.24903b113a	wood__f68f700b
habitatmech:GOLD.24b964f5cb	mine__38724a74
habitatmech:GOLD.24c703f190	external_surfaces
habitatmech:GOLD.24cf427e7d	dhs_reactor
habitatmech:GOLD.2530583ff3	gingiva__a0e07640
habitatmech:GOLD.253304a381	urine__d216c5fc
habitatmech:GOLD.25b680d9bc	activated_sludge__6bcd092f
habitatmech:GOLD.25f514731f	multisystem_conditions
habitatmech:GOLD.25fd1f31a1	dermatitis
habitatmech:GOLD.2629126433	glacial_till
habitatmech:GOLD.2629408066	ceca
habitatmech:GOLD.262a789a98	biomass
habitatmech:GOLD.26717179e1	manure__c8feb3ee
habitatmech:GOLD.26a84185d3	digestive_system
habitatmech:GOLD.26b1d1137f	dental_plaque__8396e8ec
habitatmech:GOLD.26fc1b2958	whole_body__43ee7152
habitatmech:GOLD.2777b651ed	cerebrospinal_fluid__e3d236b3
habitatmech:GOLD.277843111f	salt_crystallizer_ponds
habitatmech:GOLD.279140e15d	effusion__ef80da5d
habitatmech:GOLD.27ae8e65de	legs_and_wings
habitatmech:GOLD.27c88ba739	integumentary_system__aca2e893
habitatmech:GOLD.282ecbaf3b	urinary_system
habitatmech:GOLD.284cf93966	epicuticular_wax
habitatmech:GOLD.288559828e	swine_waste_with_corn
habitatmech:GOLD.28cfbd7dee	bone__8d0df242
habitatmech:GOLD.28daa326da	hypolimnion__d888743c
habitatmech:GOLD.28f661cad5	digestate
habitatmech:GOLD.28f9330745	extracellular_symbionts
habitatmech:GOLD.290d0bb5fc	polycyclic_aromatic_hydrocarbons
habitatmech:GOLD.292d5d6ada	microbial_mat__5129baa2
habitatmech:GOLD.2934cf4eee	seat_surface
habitatmech:GOLD.293873d837	plastic_debries
habitatmech:GOLD.2959225799	arthropoda_crustaceans
habitatmech:GOLD.299b3cf670	paranasal_sinuses_ethmoiddal
habitatmech:GOLD.29bc65288a	saprolite__5f9fb5e6
habitatmech:GOLD.29c6aa959b	grass
habitatmech:GOLD.29dae65d3c	floor
habitatmech:GOLD.29feb6867b	reproductive_system__637f205f
habitatmech:GOLD.2a0aafbf59	fermented_vegetables
habitatmech:GOLD.2a0de7e155	microbial_mats__a56a2e1b
habitatmech:GOLD.2a1b56ffda	intraocular_fluid_aqueous_humor
habitatmech:GOLD.2a2774b70a	trachea__4ac9ebc1
habitatmech:GOLD.2a339523f6	floodplain__bd388f78
habitatmech:GOLD.2a523a768a	lymphoid_tissue__d3769bff
habitatmech:GOLD.2a6cc2b868	acidic_hypersaline_lake
habitatmech:GOLD.2a948ee511	circulatory_system__745592ee
habitatmech:GOLD.2aa590f12e	biofilter__9cdb9879
habitatmech:GOLD.2acb39dd08	engineered__900b76ad
habitatmech:GOLD.2aeb0d8390	food_sample
habitatmech:GOLD.2b2e32d265	floor__86528402
habitatmech:GOLD.2b5caaea9b	freshwater_ras
habitatmech:GOLD.2b6450fb55	chorionic_villi__9af464db
habitatmech:GOLD.2b85027dc1	seat_surface__a1cb78f8
habitatmech:GOLD.2bc7edd546	petroleum_sludge
habitatmech:GOLD.2bf3ab7d2f	influent
habitatmech:GOLD.2c1e36b661	microbial_mats__cfca43d0
habitatmech:GOLD.2c26547de4	bladder__9a6dd80c
habitatmech:GOLD.2c490cfc74	hemolymph__4348783b
habitatmech:GOLD.2ca315e866	sediment__978ea781
habitatmech:GOLD.2cdf4f2c7f	cuticle__a024212e
habitatmech:GOLD.2d1d06f93f	storm_water_pond
habitatmech:GOLD.2d245623ac	renal_cyst
habitatmech:GOLD.2d24faa338	microbialites
habitatmech:GOLD.2d40c87aeb	stadium
habitatmech:GOLD.2d506b9526	caeca_bacteriome
habitatmech:GOLD.2d60be6d95	decayed_wood
habitatmech:GOLD.2d7dfa9dc4	sediment__4ec76487
habitatmech:GOLD.2db4d9dd6e	heart__183c142d
habitatmech:GOLD.2e3f6a8ccd	abdomen_nodes
habitatmech:GOLD.2e404ba6a0	cryoconite
habitatmech:GOLD.2e584195fd	brain__f0593337
habitatmech:GOLD.2e804e3e32	wastewater_effluent
habitatmech:GOLD.2e9692d86d	shale_gas_reservoir
habitatmech:GOLD.2edc84b874	activated_sludge__c40355de
habitatmech:GOLD.2eecc8ad2c	genetically_modified
habitatmech:GOLD.2ef6207bd1	supratidal_zone
habitatmech:GOLD.2f12ab3480	lesion_site
habitatmech:GOLD.2f4b860753	liftoff_microbial_mat
habitatmech:GOLD.2f5a0b5455	endocrine_gland
habitatmech:GOLD.2f62ba7993	skeletonized_remains
habitatmech:GOLD.2f9eb7ed2f	sediment__0ef8e416
habitatmech:GOLD.2ff751e0a6	sediment__11488300
habitatmech:GOLD.2ffc007bf2	coal_slurry
habitatmech:GOLD.30027d024a	vernal_pools
habitatmech:GOLD.30043c5bd8	pit_mud
habitatmech:GOLD.3035957c1d	sediment__745f8d63
habitatmech:GOLD.308838e7f5	truffle_orchard
habitatmech:GOLD.308a1c6b2e	trachea__fe30e248
habitatmech:GOLD.3098ee8fe8	hypersaline_soda_lake
habitatmech:GOLD.311c2b52fd	jejunum__99ad3bb2
habitatmech:GOLD.3135685b09	white
habitatmech:GOLD.313d56a2db	unspecified_organ
habitatmech:GOLD.313e2bf386	subtidal_zone__792000f9
habitatmech:GOLD.3140150c43	cooked_blood
habitatmech:GOLD.31577394a0	midgut__6150b7ba
habitatmech:GOLD.319c3f351e	frass
habitatmech:GOLD.31d7fab4fa	malignant_tumor
habitatmech:GOLD.31f0f33f09	gingival_crevicular_fluids
habitatmech:GOLD.31fc4ee1b3	spleen__5aff0d84
habitatmech:GOLD.32269ef375	mid_stream
habitatmech:GOLD.32330da5da	embryo__3df16fcc
habitatmech:GOLD.32c2a98ae8	semi_continuous
habitatmech:GOLD.331b32cbb4	biofilm__b8c0edc9
habitatmech:GOLD.333af3f6ef	input_fracking_water
habitatmech:GOLD.333c18201f	benign_tumor
habitatmech:GOLD.333c28fb9f	small_intestine__b5b5caae
habitatmech:GOLD.334001c233	tongue__33670348
habitatmech:GOLD.335c06a602	sediment__39568e28
habitatmech:GOLD.335e6f8d6c	wastewater__379edbf8
habitatmech:GOLD.3395efc96e	spongy_bone
habitatmech:GOLD.339be500b4	cell_line
habitatmech:GOLD.33ad86bb23	sludge__25c88b98
habitatmech:GOLD.33b265d89f	sediment__0bbc27fb
habitatmech:GOLD.33c4a7e711	middle_ear__4109a919
habitatmech:GOLD.33f4720550	contaminated__5ce0d64b
habitatmech:GOLD.33fb90237d	outdoor
habitatmech:GOLD.340845ce71	hek293
habitatmech:GOLD.3426da4c96	fracking_water__af948aea
habitatmech:GOLD.342d26e2ac	mine_drainage
habitatmech:GOLD.344aa1f6cc	sludge__cb27e648
habitatmech:GOLD.344beb0a43	pleural_fluid
habitatmech:GOLD.34aa575f68	vertebra
habitatmech:GOLD.34c28836da	ascidians
habitatmech:GOLD.34c5279f4d	rectum__d8270e33
habitatmech:GOLD.34d152cb9a	diffuse_large_b_cell_lymphoma
habitatmech:GOLD.34fc22fc7f	decomposed_body__ee215354
habitatmech:GOLD.35031d7053	forest
habitatmech:GOLD.353a834cfd	wastewater__05daf28f
habitatmech:GOLD.355bbcd7e3	sub_seafloor
habitatmech:GOLD.355d101579	forest_soil__401ebd78
habitatmech:GOLD.356adc0d4d	endosphere__eb0d56da
habitatmech:GOLD.35b68dbb27	deepwater_brine_lake
habitatmech:GOLD.35beb98884	bryophytes
habitatmech:GOLD.3612f7e08f	whole_blood
habitatmech:GOLD.363486c188	egg_products
habitatmech:GOLD.366c98e747	sediment__a24ea793
habitatmech:GOLD.36956c8743	hypersaline_spring
habitatmech:GOLD.36c18a2eff	vermicompost
habitatmech:GOLD.3745424474	respiratory_system__bb611e3f
habitatmech:GOLD.3756d4bb39	skeletal_system__5ac43c2f
habitatmech:GOLD.376c23f892	mangrove_sediment
habitatmech:GOLD.378cb6fe90	respiratory_system__303e824c
habitatmech:GOLD.3811a2ed25	udder_dermatitis
habitatmech:GOLD.383b9034af	axilla_armpit
habitatmech:GOLD.3841c9c3af	deep_subsurface__f51dcfb9
habitatmech:GOLD.3892ec1c72	microbial_solubilization_of_coal
habitatmech:GOLD.38e159af25	microbial_mats__74823fe8
habitatmech:GOLD.38f60a7f52	hindgut__1da73b3c
habitatmech:GOLD.38f7a3c934	intertidal_zone__37facab6
habitatmech:GOLD.391a34e025	ileum__048460dc
habitatmech:GOLD.391e0f7196	penis_urethra_opening
habitatmech:GOLD.394283d34e	intestine__c829ee27
habitatmech:GOLD.3982893194	air_sacs__d20658f1
habitatmech:GOLD.398684b642	shrubland
habitatmech:GOLD.3988adca86	leaf_nodule
habitatmech:GOLD.3989e6bef6	haptophytes
habitatmech:GOLD.398aeb6c37	dust
habitatmech:GOLD.39a9e4ecb4	frozen_seafood
habitatmech:GOLD.39aba9a2e7	urban_waste
habitatmech:GOLD.39b18ceeda	sediment__6c6b3208
habitatmech:GOLD.39c48162e0	mine__760bea1b
habitatmech:GOLD.39ec66994a	wastewater__49e4fa74
habitatmech:GOLD.3a0549cbd8	excretory_system
habitatmech:GOLD.3a1e1f8fd7	abyssopelagic_abyssal_zone
habitatmech:GOLD.3a27c6e1bf	colon_cancer
habitatmech:GOLD.3a47ac0d99	thymus
habitatmech:GOLD.3a4b131649	sediment__41657647
habitatmech:GOLD.3ab7632edb	testicular_seminoma
habitatmech:GOLD.3af6ca6cc3	ssf_solid_state_fermentation
habitatmech:GOLD.3b04872853	rock_core_sediment__d94b06e9
habitatmech:GOLD.3b12885ee1	plastic_waste
habitatmech:GOLD.3b22aa41ac	digestate__e3669430
habitatmech:GOLD.3b36f6b3d2	biochar__4f716948
habitatmech:GOLD.3b389569f4	sweat
habitatmech:GOLD.3b64b1f98f	desert_springs
habitatmech:GOLD.3baeffe4f8	digestive_system__ae8329bf
habitatmech:GOLD.3bbb8de388	c_horizon_substratum
habitatmech:GOLD.3c2d0e40cc	urinary_system__e979178b
habitatmech:GOLD.3c48e28c4c	aquatic_biofilm
habitatmech:GOLD.3c57a87bfd	umbilical_cord
habitatmech:GOLD.3c68e33a11	hydrocarbon
habitatmech:GOLD.3c7ab95a73	reproductive_system__ea3bc0cf
habitatmech:GOLD.3c86a15d35	sludge__19220baa
habitatmech:GOLD.3c9c386c6f	spider_web
habitatmech:GOLD.3cb19cd4af	gut__0d32d8a8
habitatmech:GOLD.3cf5fa0c3c	tooth__fb6495c5
habitatmech:GOLD.3d17e0fdbe	salt_marsh__657e2c21
habitatmech:GOLD.3d33a253af	o_horizon_organic
habitatmech:GOLD.3d3b1950ad	ovaries__420be12c
habitatmech:GOLD.3d529a667e	fish
habitatmech:GOLD.3d5616ccf7	colon_mucosa__7a8e4588
habitatmech:GOLD.3d72ae189f	driven_well
habitatmech:GOLD.3d911344b7	cuticle__11d6cb22
habitatmech:GOLD.3da0b4697d	integument
habitatmech:GOLD.3dfa6559a3	effluent__b6295023
habitatmech:GOLD.3e0abbfef7	marine_fish_farm
habitatmech:GOLD.3e1d28f86a	composting__66a8d404
habitatmech:GOLD.3e33bb7fcf	leg_nodes
habitatmech:GOLD.3e362d1724	ileostomy_effluent
habitatmech:GOLD.3e86b794ef	soil__cbcc9126
habitatmech:GOLD.3e97e1d9d2	gulf
habitatmech:GOLD.3eadf3c938	sediment__d502b1be
habitatmech:GOLD.3ec896865d	biofouling__438bcaa2
habitatmech:GOLD.3eddf79b9e	sediment__51ff1590
habitatmech:GOLD.3f4adb65f3	surface__9aef9f06
habitatmech:GOLD.3f58fb59be	anaerobic_digester
habitatmech:GOLD.3f6b823859	untreated
habitatmech:GOLD.3f7014837a	bulk_soil__a7f51ed8
habitatmech:GOLD.3f71a47ea5	alpine__d867fedc
habitatmech:GOLD.3f7e6419f2	spongy_bone__45e1fdab
habitatmech:GOLD.3fb6b22200	plankton__1201d35e
habitatmech:GOLD.3fe7cdc936	harbor__5962cec6
habitatmech:GOLD.3feaca4b1b	vagina__ec561811
habitatmech:GOLD.400a91f532	lipoma
habitatmech:GOLD.4020b8821e	landfill_leachate
habitatmech:GOLD.402606ef0e	pulmonary_fluid__f210bd8c
habitatmech:GOLD.4074e8add2	composting__3d1c60e3
habitatmech:GOLD.40979f5751	indoor_air
habitatmech:GOLD.409867a634	rumen_fluid__18e64978
habitatmech:GOLD.409b340a9f	dental_calculus
habitatmech:GOLD.409eaa3602	contaminated__04ca56f8
habitatmech:GOLD.40addf2cfb	ileum__5f9741de
habitatmech:GOLD.40bfbe291f	insect_burrows
habitatmech:GOLD.40c1d45ca3	morphine
habitatmech:GOLD.4100d83c91	hadalpelagic
habitatmech:GOLD.4118c960e3	unknown_material
habitatmech:GOLD.415be372cd	humus
habitatmech:GOLD.4166733314	visual_system__5e4c6c64
habitatmech:GOLD.41a1abb4c2	agricultural_land
habitatmech:GOLD.41b3bd5e75	agricultural_land__1576a8d1
habitatmech:GOLD.41da7f710b	e_horizon_subsurface
habitatmech:GOLD.41f771c2b4	acidic_lake
habitatmech:GOLD.42259a4d7e	coalbed_methane_well
habitatmech:GOLD.4253879421	salt_marsh__34fd781c
habitatmech:GOLD.42a3b7b2d3	bog
habitatmech:GOLD.43005e4de2	raw_meat
habitatmech:GOLD.431474dc36	seminal_glands
habitatmech:GOLD.431c971c17	venous_ulcer
habitatmech:GOLD.433d96f0dd	amniotic_sac
habitatmech:GOLD.437f639705	hydrothermal_plume
habitatmech:GOLD.43a19ec2bb	thymus__9bcc09b6
habitatmech:GOLD.43c33f3ecc	activated_sludge__a6d16f1c
habitatmech:GOLD.43d2f482da	unspecified_system
habitatmech:GOLD.43db7aa909	digestate__6bea3d76
habitatmech:GOLD.43e5763a38	spices
habitatmech:GOLD.44534a15ca	sediment__447537e4
habitatmech:GOLD.4467744e70	freshwater
habitatmech:GOLD.44921efe83	papillate_region
habitatmech:GOLD.44a2cbbd60	arthropoda_chelicerates
habitatmech:GOLD.45106d469c	paleofeces
habitatmech:GOLD.452a98786f	simulated_rainfall
habitatmech:GOLD.452b64e218	bulk_soil__0af1a50e
habitatmech:GOLD.453b1756ab	accessory_nidamental_gland_ang
habitatmech:GOLD.454b109259	tooth__674bf59a
habitatmech:GOLD.4558077daa	drainage_pipe_biofilm
habitatmech:GOLD.456120aa2d	multiple_myeloma
habitatmech:GOLD.45953bb291	sediment__d971962d
habitatmech:GOLD.459a01a714	periprosthetic_joint_hip
habitatmech:GOLD.45a8229be1	nematoda
habitatmech:GOLD.45b27bdccd	esophageal_ulcer
habitatmech:GOLD.45bab6af2d	whole_body__26968962
habitatmech:GOLD.45d21e5d2f	cattle_barn
habitatmech:GOLD.45eac4c01e	sediment__155ecb33
habitatmech:GOLD.46309b7794	phytoplankton_bloom
habitatmech:GOLD.46abb9a153	cave__4b02055a
habitatmech:GOLD.46c43fd62c	cephalochordata
habitatmech:GOLD.46f26d1e8c	groin_nodes
habitatmech:GOLD.476e09babd	blood__5ca8064f
habitatmech:GOLD.47755865da	urban_forest
habitatmech:GOLD.4788e5d28f	biofilm__3952f25d
habitatmech:GOLD.47e603cf4f	birds
habitatmech:GOLD.4849010f40	estuary_sediment
habitatmech:GOLD.486b52b120	warm_34_42c
habitatmech:GOLD.48845e371f	bulk_soil__792eb6de
habitatmech:GOLD.4885b989e7	bronchi
habitatmech:GOLD.48d5963d27	fecal__ceae17b6
habitatmech:GOLD.48ff047301	anterior_nares
habitatmech:GOLD.49273d9a48	fluvial_sediment
habitatmech:GOLD.497ed1acca	biomass__9d8a5aca
habitatmech:GOLD.4981e0d84c	bulk_soil__6bf572ff
habitatmech:GOLD.4a2450370b	anaerobic_aerobic
habitatmech:GOLD.4a2834cfef	fermented_dairy_products
habitatmech:GOLD.4a29125f08	hair__5d62009a
habitatmech:GOLD.4a33771475	mine__d2db7642
habitatmech:GOLD.4a4dd0001d	r2a_agar
habitatmech:GOLD.4a65869529	uterus__361ade40
habitatmech:GOLD.4a93adc46e	bulk_soil__72bc946c
habitatmech:GOLD.4a9a3f8366	pilomatrixoma
habitatmech:GOLD.4ad87f756c	testicular_non_seminoma
habitatmech:GOLD.4af8939c1f	fossilized_remains
habitatmech:GOLD.4b2268b7dd	visceral_fat
habitatmech:GOLD.4b37ab4b76	skin__621b7871
habitatmech:GOLD.4b4124c98a	freshwater_debries
habitatmech:GOLD.4b46114446	eye
habitatmech:GOLD.4bd2954af9	biofouling__fa010eab
habitatmech:GOLD.4be243a2b8	frozen_remains__584db35c
habitatmech:GOLD.4c19ae6894	saliva__55f0369c
habitatmech:GOLD.4caaf1fb4f	buccal_mucosa__62ec5bff
habitatmech:GOLD.4cc5effc74	myocardial_abscess
habitatmech:GOLD.4d1973c869	composting__ccb9142d
habitatmech:GOLD.4d5e767cac	urban_floodwater
habitatmech:GOLD.4d792ac724	invertebrates
habitatmech:GOLD.4d81fdaa51	eye_ciliary_body
habitatmech:GOLD.4d8430a3ad	acid_saline_drainage
habitatmech:GOLD.4d8b9e6fe9	canthus
habitatmech:GOLD.4db3420b06	bile__22fc0a7b
habitatmech:GOLD.4dbae6ecfe	multiple_organs__a0ce3dd7
habitatmech:GOLD.4dd29bdcf8	mixed_parts
habitatmech:GOLD.4e3f079a4d	duodenum__5b2d8f0e
habitatmech:GOLD.4e8bd5f6aa	debries
habitatmech:GOLD.4ea90c256b	palsa__47f5bccc
habitatmech:GOLD.4f0fb37d6f	wooden_surface
habitatmech:GOLD.4f270802f6	genital_ulcer
habitatmech:GOLD.4f2d583075	simulated_communities_contig_mixture
habitatmech:GOLD.4f4488b5d8	sediment__591df749
habitatmech:GOLD.4f8bcf2e70	fermented_seafood
habitatmech:GOLD.4f9191d466	bench_surface
habitatmech:GOLD.4fc61c9527	caski
habitatmech:GOLD.4fcc4e7851	sediment__7111b532
habitatmech:GOLD.5068cb6b3d	cornea__f146d32e
habitatmech:GOLD.506abc1148	subgingival_plaque
habitatmech:GOLD.50722c7871	hindgut__f414b618
habitatmech:GOLD.50a1c0375b	hornworts
habitatmech:GOLD.50f5e81b07	composting__7007242d
habitatmech:GOLD.511058ef1e	neutral
habitatmech:GOLD.51a8d52cec	fecal__0e10427f
habitatmech:GOLD.51de99d734	microbialites__82d49810
habitatmech:GOLD.51e593a6a4	middle_ear__53ce949a
habitatmech:GOLD.51eb0120ab	subterranean_lake
habitatmech:GOLD.52092cfbb2	dry_permafrost
habitatmech:GOLD.523243d1da	soft_tissues
habitatmech:GOLD.523d63f6f3	intestine__add3d43a
habitatmech:GOLD.52622242c6	cement_wall
habitatmech:GOLD.5298ffd023	biofilm__5f164a0f
habitatmech:GOLD.52a60ba4a3	skeletal_system__c0556b96
habitatmech:GOLD.52b1824f90	drugs_supplements
habitatmech:GOLD.52d3212a6a	skin__62c4f183
habitatmech:GOLD.52f22e84ee	foregut__6bc8c43a
habitatmech:GOLD.52f7aa2371	composting__884e79de
habitatmech:GOLD.52ffd9fa79	anaerobic_aerobic__b96ead5a
habitatmech:GOLD.5307a30baa	circulatory_system__90d88932
habitatmech:GOLD.53337a753d	cast
habitatmech:GOLD.5367726c63	whole_body__4c96bb01
habitatmech:GOLD.539290062d	conjunctiva__482ca0a7
habitatmech:GOLD.53d8f8bf68	poultry_farm
habitatmech:GOLD.53fd337784	cartilage
habitatmech:GOLD.54055df52f	intertidal_zone__3d85893c
habitatmech:GOLD.5413be957b	stomach_cardiac
habitatmech:GOLD.5446ce4c6d	crop__310374d9
habitatmech:GOLD.545860f89e	skeletal_muscle__0f115555
habitatmech:GOLD.5470920883	desert__35032b19
habitatmech:GOLD.548aa8c06a	sediment__2b3ec834
habitatmech:GOLD.54eda01cf1	subarachnoid_space__3885f8ab
habitatmech:GOLD.5520b30ba7	abyssal_plane
habitatmech:GOLD.55488bc6a7	arm_nodes
habitatmech:GOLD.555431c596	biomass__e0c132c1
habitatmech:GOLD.55a9660503	fungi__78b2000c
habitatmech:GOLD.55cb603eb1	scull_ethmoid
habitatmech:GOLD.56113a85e1	mangrove_area
habitatmech:GOLD.561c4d99f7	whole_body__dda7390a
habitatmech:GOLD.5661c0fd2b	large_intestine__f0b32c97
habitatmech:GOLD.56790b4070	pooled_tissues
habitatmech:GOLD.567d1f0047	carcinoid
habitatmech:GOLD.56919b89d6	sediment__22a0bba7
habitatmech:GOLD.569ad8bc20	biliary_tract__7bf9e820
habitatmech:GOLD.56c9d8587d	salt_pond_sediment
habitatmech:GOLD.56e0776270	integumentary_system__489a751e
habitatmech:GOLD.57011086ca	crop__d566c329
habitatmech:GOLD.5707adcc9e	sediment__e7c64fb2
habitatmech:GOLD.5716362057	psoriasis_lesion
habitatmech:GOLD.5719bbc634	gills
habitatmech:GOLD.5786dab319	wood__d82aae22
habitatmech:GOLD.579d0fd8d4	retropharyngeal
habitatmech:GOLD.57a0497838	crop_content
habitatmech:GOLD.57a5257707	estuary_microbial_mat
habitatmech:GOLD.57fa2ba2ad	ear_canal
habitatmech:GOLD.57ff7fe01d	pitcher_fluid
habitatmech:GOLD.583dbbd71a	mushroom_farm
habitatmech:GOLD.58415258eb	subterranean_estuary
habitatmech:GOLD.58688439f5	sediment__d851e63e
habitatmech:GOLD.5871068dfe	bacteria__18ec9827
habitatmech:GOLD.587378d673	gymnolaemates
habitatmech:GOLD.58a0fb1252	mixolimnion_top_layer
habitatmech:GOLD.59184b6242	laryngopharynx
habitatmech:GOLD.5948923b46	composting__17c06daf
habitatmech:GOLD.59c60b0d02	ileum__19183dda
habitatmech:GOLD.59cb2c0cce	creek
habitatmech:GOLD.59e8d1205d	bivalves
habitatmech:GOLD.5a296e32d2	marine_basin_floor
habitatmech:GOLD.5a41405bc3	visual_system__23837b48
habitatmech:GOLD.5a9d059298	cibarium_preoral_cavity
habitatmech:GOLD.5aba47d0e6	soil__adaa5f28
habitatmech:GOLD.5ac267ae18	salt_mine
habitatmech:GOLD.5ac437e3dc	estuary__5f780975
habitatmech:GOLD.5b0aa7456c	large_intestine__65b4f112
habitatmech:GOLD.5b56a06a4c	pit_lake
habitatmech:GOLD.5b730a58b7	littoral_zone__9f547c9b
habitatmech:GOLD.5b7d7e2e70	fermented_meat_products
habitatmech:GOLD.5b8e5eddd2	algae__2f52ec23
habitatmech:GOLD.5b9148ecc0	circulatory_system__f5b69d9c
habitatmech:GOLD.5bbc13545b	lung__88ff1576
habitatmech:GOLD.5bca32db8b	myzozoa
habitatmech:GOLD.5bfe97c820	sludge__24a43e8a
habitatmech:GOLD.5c1b0d44e2	midgut__1325e65f
habitatmech:GOLD.5c3d861685	peritoneum__c87df505
habitatmech:GOLD.5c3db359b7	cave_stream_sediment
habitatmech:GOLD.5c80d6475a	diffuse_flow
habitatmech:GOLD.5c89d5e294	external_organs
habitatmech:GOLD.5c998a4ea9	room_surface
habitatmech:GOLD.5caa9dd47f	lesion
habitatmech:GOLD.5cc4f65599	floor__bcd0ae16
habitatmech:GOLD.5d13f15427	penis__6d907ec6
habitatmech:GOLD.5d1a568147	activated_sludge__e116af8f
habitatmech:GOLD.5d27b319ee	eye_vitreous_chamber
habitatmech:GOLD.5d36b86f15	cathode
habitatmech:GOLD.5d5cab5f31	mine_pit_lake
habitatmech:GOLD.5d6193a7b8	green_roof
habitatmech:GOLD.5d66d49938	ice
habitatmech:GOLD.5d6c618e63	esophagus__25614af3
habitatmech:GOLD.5d784b0218	abscess
habitatmech:GOLD.5d882de599	algae_cultivation_tank
habitatmech:GOLD.5dcec4380d	tissue__dfc30e30
habitatmech:GOLD.5dd1030108	adenoma
habitatmech:GOLD.5df162af13	modeled
habitatmech:GOLD.5dfcbe2942	sediment__5561a5d1
habitatmech:GOLD.5e086933bc	wastewater__c5873720
habitatmech:GOLD.5e0fdcfc35	periodontal_pockets
habitatmech:GOLD.5e356e8cab	floor_sediment
habitatmech:GOLD.5e6ef99fa6	sediment__e1e531ea
habitatmech:GOLD.5e70fd912b	muscular_system
habitatmech:GOLD.5ea906ceb2	ciliates__df51eda4
habitatmech:GOLD.5eaebd18a7	biofilm__3aa782aa
habitatmech:GOLD.5f05ab4527	benign_tumor_tissue
habitatmech:GOLD.5f0e9e816a	bioremediation__2261f921
habitatmech:GOLD.5f3cbd7563	partial_nitrification_anammox_pna
habitatmech:GOLD.5f9ddabb4f	filtered_water
habitatmech:GOLD.5fb1b5daae	synovial_fluid
habitatmech:GOLD.601cb8619f	sediment__5aa3b4f2
habitatmech:GOLD.602ee034f7	xylene
habitatmech:GOLD.603ed7e7eb	atoll_lagoon
habitatmech:GOLD.6097b79437	no_thorax
habitatmech:GOLD.60a115f141	visceral_fat__e885a78a
habitatmech:GOLD.60b0010c36	rumen_cranial_sac
habitatmech:GOLD.60dcc63919	kidney_stones
habitatmech:GOLD.615df5f198	demersal_zone
habitatmech:GOLD.617e6352cb	gut__f413b8e9
habitatmech:GOLD.61d10c8224	low_land_river_systems
habitatmech:GOLD.61fa6361ee	soil__ecf8b046
habitatmech:GOLD.61fa790833	tooth__93bee995
habitatmech:GOLD.622b91396d	skeletal_muscle__273d137b
habitatmech:GOLD.6251bef319	cave_water__c4d82240
habitatmech:GOLD.628407fcc7	abscess_pilonidal_sinus
habitatmech:GOLD.62854e626f	leaves
habitatmech:GOLD.62a92ea437	seafood_product
habitatmech:GOLD.62b3ac2c20	adipose_tissue__3dd3b646
habitatmech:GOLD.62bafb5e20	cave_pool_sediment
habitatmech:GOLD.62cda1b482	sediment__ea0eadab
habitatmech:GOLD.62dfa9436e	catarrh
habitatmech:GOLD.62e447374d	larva_nauplius
habitatmech:GOLD.633c51cd97	urinary_system__636f9839
habitatmech:GOLD.63502a6d41	sediment__365976b4
habitatmech:GOLD.63a1f9d0cd	testes
habitatmech:GOLD.63b36069a1	gastric_mucosa__1d0de7ae
habitatmech:GOLD.6451c3f0ac	lower_gastrointestinal_tract
habitatmech:GOLD.645add8636	activated_sludge__e45bf91b
habitatmech:GOLD.6498d1e9a2	seminal_glands_fluid
habitatmech:GOLD.64acf9132c	porifera
habitatmech:GOLD.64bcf9329a	whole_body__b5d26065
habitatmech:GOLD.656eda3dea	canal__c42831a4
habitatmech:GOLD.65d0d2b2f2	oak_savanna
habitatmech:GOLD.660a97fe3c	bulk_soil__9c49c281
habitatmech:GOLD.6627755263	thorax__ec1cb573
habitatmech:GOLD.662b88f6fc	cooked_fish
habitatmech:GOLD.667125d07b	biofilm__c8931a26
habitatmech:GOLD.669e6601a6	subcutaneous_fat__92199ea7
habitatmech:GOLD.66ad25642a	hyaline
habitatmech:GOLD.66f93e3a62	contaminated__0663aab0
habitatmech:GOLD.672991e1c6	salivary_glands_parotid_glands
habitatmech:GOLD.6741c9e15f	necrotizing_soft_tissue_infections_nsti
habitatmech:GOLD.67571e7dc1	solar_salterns
habitatmech:GOLD.6759cf557e	microalgae
habitatmech:GOLD.675b6b6cab	microbial_mat__23532df8
habitatmech:GOLD.675f452c9f	stomach_fundic
habitatmech:GOLD.67ad6b3f36	bronchi__3fb23b44
habitatmech:GOLD.67c565f695	midgut__7677107b
habitatmech:GOLD.67f3cde908	frass__c029dd2b
habitatmech:GOLD.67f49f8b15	bone__234001be
habitatmech:GOLD.6821e96263	permafrost__93fac9cf
habitatmech:GOLD.68312f5da8	cervical_cancer
habitatmech:GOLD.686adf1872	sediment__40797ec7
habitatmech:GOLD.68875fbeda	saliva__bda60338
habitatmech:GOLD.6898d82b83	leachate__2f66e051
habitatmech:GOLD.68a62625da	multiple_systems
habitatmech:GOLD.68d650a84d	seawater_microcosm
habitatmech:GOLD.68f3852be5	sanger
habitatmech:GOLD.68f7051d62	animal_feed_production
habitatmech:GOLD.68f93ab25d	humus__4ab1afcf
habitatmech:GOLD.693be63c1c	heart__aedf0086
habitatmech:GOLD.6940086ae0	biofilm__c0849a92
habitatmech:GOLD.6971037f36	surface__626c2d51
habitatmech:GOLD.697d4c6359	drinking_water_filter
habitatmech:GOLD.699bcb6fd7	dinoflagellates
habitatmech:GOLD.69fe6ee47b	cryoconite__dab5cbe9
habitatmech:GOLD.6a0644fced	mine_water
habitatmech:GOLD.6a1f882bb7	cellulitis
habitatmech:GOLD.6a750836f9	cho
habitatmech:GOLD.6a7bcba80d	amoebozoa__291e8086
habitatmech:GOLD.6a8d0ed24a	co_culture__e1b72549
habitatmech:GOLD.6ac8329647	sediment__7b8eb154
habitatmech:GOLD.6acc0797e9	mollusca
habitatmech:GOLD.6add2e3be1	pink
habitatmech:GOLD.6ade183144	interior_wall
habitatmech:GOLD.6afe6868a8	tunicates
habitatmech:GOLD.6b14ba242d	mouthparts
habitatmech:GOLD.6b1f16702e	biofilm__128c67cf
habitatmech:GOLD.6b259c237e	rhizaria
habitatmech:GOLD.6b897bb191	mineral_soil
habitatmech:GOLD.6ba6dd1c82	activated_sludge__13f30253
habitatmech:GOLD.6bc70f0406	sediment__064b5f4b
habitatmech:GOLD.6bca213724	processed_milk
habitatmech:GOLD.6bda0871e2	large_intestine__834e53c8
habitatmech:GOLD.6bdd76cda3	brain__803f6884
habitatmech:GOLD.6be3483795	scalp_dandruff
habitatmech:GOLD.6c12d05420	biofilm__b4a8654c
habitatmech:GOLD.6c54e5b602	poultry_litter_bioaerosol
habitatmech:GOLD.6c5bfb6b1e	multiple_systems__6d931d99
habitatmech:GOLD.6c6aab19d3	blood__c1b484fe
habitatmech:GOLD.6c8044e14e	cervical_neck_nodes
habitatmech:GOLD.6c8238add0	extracellular__3f7afaf4
habitatmech:GOLD.6c8cf86bde	splenic_aspirate
habitatmech:GOLD.6cb602e8f8	mantle_fluid
habitatmech:GOLD.6cc264ebf7	digestive_system__f6665a67
habitatmech:GOLD.6cd556290d	reproductive_system__30295bd3
habitatmech:GOLD.6d07a07054	dermoid
habitatmech:GOLD.6d092784ef	permafrost__b91065f7
habitatmech:GOLD.6d0c170e7a	stomach__f9359937
habitatmech:GOLD.6d1b8fc8fc	abscess__ba7e182d
habitatmech:GOLD.6d36ab6e3c	nasopharynx__31e4476b
habitatmech:GOLD.6d45562fe0	sediment__cb692bfb
habitatmech:GOLD.6d46057e78	baby_formula
habitatmech:GOLD.6d518b2c16	acid_sulfate_soil
habitatmech:GOLD.6d74b810fe	nasal
habitatmech:GOLD.6dcf5c1705	surface_mine
habitatmech:GOLD.6dd85a8177	biomass__6131cc6d
habitatmech:GOLD.6dec91dddc	sub_saline_lake
habitatmech:GOLD.6e0470a1d8	pond_scum
habitatmech:GOLD.6e0c4e4356	oil_contaminated_sediment
habitatmech:GOLD.6e10201167	annelida
habitatmech:GOLD.6e59960397	biofilm__ccf8005e
habitatmech:GOLD.6e59a6cbb1	filter_chamber
habitatmech:GOLD.6e80053dec	mixed_type
habitatmech:GOLD.6e80125d90	fibrocartilage
habitatmech:GOLD.6eda919358	sediment__7374ab6d
habitatmech:GOLD.6ee20226a2	biliary_tract__e6019127
habitatmech:GOLD.6ee5e682e9	plant_nodule
habitatmech:GOLD.6eecdf150d	digestive_system__2589c8ce
habitatmech:GOLD.6efc037b2d	sea_star
habitatmech:GOLD.6f343441bc	peritoneal_fluid__50dd040b
habitatmech:GOLD.6faa98a0aa	glacier__0eab88a6
habitatmech:GOLD.6fadcc4c14	colorectal_polyps
habitatmech:GOLD.6fbf5be0b3	sediment__3f324bf4
habitatmech:GOLD.6fd3cde4e9	intraocular_fluid_aqueous_humor__548ffdf6
habitatmech:GOLD.6fe7c283e0	adipose_tissue__9969df64
habitatmech:GOLD.7037fa2524	pyogenic_granuloma
habitatmech:GOLD.7038eb7dcc	high_salinity_high_ph
habitatmech:GOLD.70845c6a72	sediment__79de4694
habitatmech:GOLD.70ccbcfe44	intestine__2269b7e5
habitatmech:GOLD.70db4820d1	composting__17c89528
habitatmech:GOLD.70fd1acd87	acne_vulgaris
habitatmech:GOLD.711a362a45	b_horizon_subsoil
habitatmech:GOLD.713c7f352a	lake__335782f4
habitatmech:GOLD.71a5958fdc	well_sediment
habitatmech:GOLD.7229e2cbd0	percolator
habitatmech:GOLD.72719ea056	produced_water
habitatmech:GOLD.728316b889	wood_decay
habitatmech:GOLD.729ded00e9	mixed_segment
habitatmech:GOLD.72c624d166	glacier__8fd0a16a
habitatmech:GOLD.72c9ee0d57	ovarian_cancer
habitatmech:GOLD.72de01aaaa	volcanic
habitatmech:GOLD.72e5861665	red
habitatmech:GOLD.72efe69d6a	synovial_fluid__3b37d63c
habitatmech:GOLD.72f8a0a65e	skull
habitatmech:GOLD.73051a70cb	amniotic_fluid__ff65cb2e
habitatmech:GOLD.73289ae54b	sediment__e910a9d2
habitatmech:GOLD.732b4ad2e0	tubal
habitatmech:GOLD.733aa0f05c	paranasal_sinuses_maxillary
habitatmech:GOLD.735c35525e	anthosphere
habitatmech:GOLD.7406232b7e	phyllosphere
habitatmech:GOLD.740ff64f6c	plantar_warts
habitatmech:GOLD.74550d0576	clay__e2edbbfb
habitatmech:GOLD.7465227149	wetland_upland_transition
habitatmech:GOLD.748b381af4	biofilm__e72e4f05
habitatmech:GOLD.74bb2a619a	engineered_product__d2d22ac0
habitatmech:GOLD.74bb711f82	oil_gas_pipeline
habitatmech:GOLD.74d360dcf3	agricultural_land__3f57770d
habitatmech:GOLD.751e762923	alkaline
habitatmech:GOLD.752ac1c5aa	brain__7bf4166c
habitatmech:GOLD.753da37dcf	composting__614642ae
habitatmech:GOLD.760974c19d	sludge__bb19be97
habitatmech:GOLD.7614a6580e	microbial_mats__59ad9a00
habitatmech:GOLD.76339b995e	heroin
habitatmech:GOLD.763577f3ae	fibrocartilage__9cc92423
habitatmech:GOLD.769955119f	platyhelminthes
habitatmech:GOLD.76a84af82e	diabetic_foot_ulcer_dfu__cf26bdc0
habitatmech:GOLD.76adfed69c	sediment__f7a00613
habitatmech:GOLD.76df031f74	fossilized_remains__19772eb4
habitatmech:GOLD.772964032b	freshwater_aquarium
habitatmech:GOLD.774bc38294	bone__169c3d9e
habitatmech:GOLD.7782f2f564	whole_plant_body
habitatmech:GOLD.778799e140	bioreactor__9b3c0a8b
habitatmech:GOLD.77889da10a	unspecified_tissue
habitatmech:GOLD.77996bd8e6	oil_contaminated_sediment__6a7b1764
habitatmech:GOLD.77a06b1fa8	farm__eb90a7f2
habitatmech:GOLD.77c5518fff	laboratory_developed
habitatmech:GOLD.77cb05c27a	ceruminous_glands
habitatmech:GOLD.77f9ebdc4d	feedstock
habitatmech:GOLD.780c4a8379	myoma
habitatmech:GOLD.782b7c7142	sebum
habitatmech:GOLD.78396d6d7d	mine_pit_pond__bc073308
habitatmech:GOLD.785879d721	subtidal_zone_sediment
habitatmech:GOLD.7862616c64	breast_cyst
habitatmech:GOLD.78b905bd97	peat_permafrost
habitatmech:GOLD.78c645fff9	tunicates__07723248
habitatmech:GOLD.78df62bc49	primary
habitatmech:GOLD.79193f14f9	flat_warts
habitatmech:GOLD.7937011195	thrombolites
habitatmech:GOLD.797c5e7dbb	ciliophora
habitatmech:GOLD.79a47a53e7	colonic
habitatmech:GOLD.79e523eace	fermentation__cbf94220
habitatmech:GOLD.7a082e8e9f	subglacial_lake
habitatmech:GOLD.7a58612bf0	sediment__7b762d48
habitatmech:GOLD.7a7f8b9aa3	circulatory_system__7e4ecb0e
habitatmech:GOLD.7a8691bc23	thiocyanate_remediating
habitatmech:GOLD.7aa9e7da9a	fen__a376b9a8
habitatmech:GOLD.7aeb42082d	nasal_discharge
habitatmech:GOLD.7af4a23212	rosacea
habitatmech:GOLD.7aff136e45	sebum__3f15564a
habitatmech:GOLD.7b184798ac	small_intestine__06d4b42f
habitatmech:GOLD.7b43c28dd1	tertiary_lymphoid_organ__11d008c0
habitatmech:GOLD.7b504d9ca1	ectosymbionts
habitatmech:GOLD.7b556045ad	epilimnion__7dae03ad
habitatmech:GOLD.7b67889e40	kidney__210fbc6a
habitatmech:GOLD.7b8cf8839b	eggs__79d5874d
habitatmech:GOLD.7bbfe1f8d2	e_horizon_subsurface__3a02a0fa
habitatmech:GOLD.7be39aac95	respiratory_system__a880fff8
habitatmech:GOLD.7bf6239979	stomach__cd894c20
habitatmech:GOLD.7bf870dec5	pasture__f2fc0fea
habitatmech:GOLD.7bfc46d5f7	microbial_enhanced_oil_recovery
habitatmech:GOLD.7c194a46ba	mummified_remains
habitatmech:GOLD.7c20efa06b	stomach__085ee4ff
habitatmech:GOLD.7c2bcf233e	o_horizon_organic__a8bed45b
habitatmech:GOLD.7c37c0e048	gallbladder_stones
habitatmech:GOLD.7c79bcbca8	oil_contaminated_sediment__b1bb8113
habitatmech:GOLD.7c7d2d7fc1	urinary_system__fdf86917
habitatmech:GOLD.7c91485eb8	a_o_treatment_system
habitatmech:GOLD.7d30100f56	manure__6288a86d
habitatmech:GOLD.7d5544155b	sediment__e64a084a
habitatmech:GOLD.7d68a6a275	intracellular_endosymbionts
habitatmech:GOLD.7d70febb4c	adipose_tissue__2f4c0234
habitatmech:GOLD.7da758d9a6	p5_segment
habitatmech:GOLD.7daa92d793	hypolimnion__78bbb31f
habitatmech:GOLD.7db7617ea4	sediment__0d49df05
habitatmech:GOLD.7dbe12a9d1	saline_spring_sediment
habitatmech:GOLD.7dc780d154	sludge__03f51c5b
habitatmech:GOLD.7dd45e072b	material
habitatmech:GOLD.7df92c13b7	biotransformation
habitatmech:GOLD.7e1e8d505b	hydroponic_media
habitatmech:GOLD.7e21c19f98	frozen_remains__aa25d597
habitatmech:GOLD.7e27a52150	sediment__64234dd6
habitatmech:GOLD.7e78e4fa2a	drugs_production
habitatmech:GOLD.7ec36a9a02	dentin__be69daef
habitatmech:GOLD.7ed31a05b3	composting__64a719cb
habitatmech:GOLD.7ee93ccae2	spiracles
habitatmech:GOLD.7f04a8d6b4	supragingival_plaque
habitatmech:GOLD.7f217d034e	eye__59a4c665
habitatmech:GOLD.7f25f9a103	epipelagic
habitatmech:GOLD.7f436f8aff	biofilm__a5211c59
habitatmech:GOLD.7f44269156	hepatic_cysts
habitatmech:GOLD.7f57b82cab	peat_moss
habitatmech:GOLD.7f8e268653	groundwater__25377149
habitatmech:GOLD.7fd8cec8c7	p3_segment
habitatmech:GOLD.8000febe33	sonicate_fluid
habitatmech:GOLD.801df4d7c3	respiratory_system__af772b95
habitatmech:GOLD.805ee181bd	heart__8efd4433
habitatmech:GOLD.805f5d2607	sediment__2a63f0bb
habitatmech:GOLD.805f893c21	tissue__51e899bb
habitatmech:GOLD.808965a6d0	rat_myeloma
habitatmech:GOLD.808ed1c989	crude_oil_sludge
habitatmech:GOLD.809e67ea03	urinary_system__90052505
habitatmech:GOLD.8107f24525	genital_herpes
habitatmech:GOLD.8133cb8d4c	ileum__09fe4fcd
habitatmech:GOLD.814012d08b	pyloric_ceca
habitatmech:GOLD.814eba298e	setae
habitatmech:GOLD.81558d23af	forest_soil__f4b7712d
habitatmech:GOLD.817e799cd5	remains__1263cdf3
habitatmech:GOLD.818c9729e2	empyema
habitatmech:GOLD.81aa9dc62f	auditory_hearing_system
habitatmech:GOLD.81d2f96fd0	whole_body__8b82dc85
habitatmech:GOLD.81ee86290d	activated_sludge__f920b67e
habitatmech:GOLD.82116f395f	biofilm__a2e7867f
habitatmech:GOLD.821fc6dd72	settled_granule
habitatmech:GOLD.82392e43d2	liver__4e838a57
habitatmech:GOLD.8258aa29fb	nasolacrimal_canal
habitatmech:GOLD.827b5dbbef	effluent__7ff89bae
habitatmech:GOLD.82a6b2e83f	biomass__545e678f
habitatmech:GOLD.82cc79ac14	maxillary_glands
habitatmech:GOLD.82e499ef2e	soft_tissues__1049d581
habitatmech:GOLD.82ed8aa45e	neutral__819b9d53
habitatmech:GOLD.82ef35db95	muscle_abscess
habitatmech:GOLD.82f62476b8	leaf_surface
habitatmech:GOLD.8306e80f10	pancreatic_duct__8fac8c0e
habitatmech:GOLD.831cbd9229	tissue__3b85fdba
habitatmech:GOLD.8320f7058b	leaf_surface_biofilm
habitatmech:GOLD.835443324e	delivery_networks
habitatmech:GOLD.83818dd6ed	permafrost__db55a8c6
habitatmech:GOLD.83a739a7b1	whole_body__07339b29
habitatmech:GOLD.84053fba17	tailings_pond__a57fabd2
habitatmech:GOLD.8423e76015	abscess__17940af6
habitatmech:GOLD.84791b320c	agricultural_land__b27d5e0e
habitatmech:GOLD.847a964b42	scales
habitatmech:GOLD.84aedefc07	yellow_green_algae
habitatmech:GOLD.84c231bfef	sludge__196c0829
habitatmech:GOLD.851a692d07	bhk
habitatmech:GOLD.853996dba5	large_intestine_content
habitatmech:GOLD.853d321f4a	uropygial_preen_gland
habitatmech:GOLD.853ee40b1d	soil_microcosm
habitatmech:GOLD.854d6d1a1c	agricultural_land__529ac6cb
habitatmech:GOLD.85554ebeba	urethra__bb5816ef
habitatmech:GOLD.8587dba825	tongue__6ceae665
habitatmech:GOLD.85aabc4062	gastric_carcinoma
habitatmech:GOLD.85affaecba	sediment__4dfcbb19
habitatmech:GOLD.85da085211	sediment__fb8d1e0a
habitatmech:GOLD.861074d2dd	composting__73149eb7
habitatmech:GOLD.864a5fdcb7	multiple_systems__74c7f0de
habitatmech:GOLD.86621a7ef6	sheath_fluid
habitatmech:GOLD.866567ca49	filter
habitatmech:GOLD.8665a55655	tobacco_product
habitatmech:GOLD.867362bd5a	respiratory_system__484dd4fc
habitatmech:GOLD.8674c3da6b	testicular_cancer
habitatmech:GOLD.867abac275	decomposed_body__7ba62861
habitatmech:GOLD.86cf49cefb	plant_growth_chamber
habitatmech:GOLD.86eeaad31d	sediment__d693980b
habitatmech:GOLD.87598cbdca	sediment__1b46e4cb
habitatmech:GOLD.87bf5e5370	water_channel_system
habitatmech:GOLD.87d8aea294	duodenum__e751f297
habitatmech:GOLD.87da4c5e8b	fermented_fish
habitatmech:GOLD.87ed015f0c	laryngopharyngeal__5523f583
habitatmech:GOLD.8817f15756	head__f388ef6b
habitatmech:GOLD.88287af201	surface__0acdb3c7
habitatmech:GOLD.882c1c3631	intestinal_mucosa__cf53ddd9
habitatmech:GOLD.882e4bde1c	tissue__7fedd9d3
habitatmech:GOLD.883be78511	spring_sediment
habitatmech:GOLD.884424fb8f	reproductive_system__535d7223
habitatmech:GOLD.887aa665a2	urine__60157f2d
habitatmech:GOLD.88e2b29307	fossil
habitatmech:GOLD.88f05b0e77	spring__6fd75c62
habitatmech:GOLD.891c734288	wall_surface
habitatmech:GOLD.893217d90a	dental_calculus__18e49dca
habitatmech:GOLD.8954c4d9a1	sediment__94b343a0
habitatmech:GOLD.89569f7bcc	sediment__53bcb909
habitatmech:GOLD.895a2372e5	endosymbionts
habitatmech:GOLD.8997340b18	foregut__d14a54ae
habitatmech:GOLD.89cd874450	hemolymph__12aadae8
habitatmech:GOLD.89cf14e129	mammary_gland__cf1c47fb
habitatmech:GOLD.89d01f437a	endophytes
habitatmech:GOLD.89edd438c6	periprosthetic_joint_knee
habitatmech:GOLD.8a09449b58	breviatea
habitatmech:GOLD.8a0db49dd9	circulatory_system__e49da8a0
habitatmech:GOLD.8a1914035a	gills__d64e4eb5
habitatmech:GOLD.8a68d0f6f5	digestive_system__4f205b4d
habitatmech:GOLD.8a75a65fc5	intestine__58d33563
habitatmech:GOLD.8a86b174ba	amniotic_sac__37392cb1
habitatmech:GOLD.8a960b7130	poultry_farm__064a62e0
habitatmech:GOLD.8ac00537bc	fecal__69dad039
habitatmech:GOLD.8b135afbf6	ear_canal__7b012d70
habitatmech:GOLD.8b53067bc5	near_boiling_90c__f7b76591
habitatmech:GOLD.8b6557e4f2	larva_zoea
habitatmech:GOLD.8b7a877ba6	smooth_muscle
habitatmech:GOLD.8bc9b62f90	muscular_system__9a84fa86
habitatmech:GOLD.8c0dd5714b	lower_gastrointestinal_tract__ee16e3ac
habitatmech:GOLD.8c4ad6740f	short_bone
habitatmech:GOLD.8c5f1eb1b0	ceca__2f9665ca
habitatmech:GOLD.8c6192908f	stone
habitatmech:GOLD.8c8c7983bf	laryngopharynx__0d3782e8
habitatmech:GOLD.8cd1d6fe85	aquaculture__f784f173
habitatmech:GOLD.8d1a6819a4	sludge__c3365fbe
habitatmech:GOLD.8d7a4e1712	heart__41a32bc9
habitatmech:GOLD.8ddd9bda04	whole_body__1542aa15
habitatmech:GOLD.8e150f3151	intestine__e911e9f1
habitatmech:GOLD.8e47fd50d1	trachea__e4869a89
habitatmech:GOLD.8e76e9db86	radioactive_waste
habitatmech:GOLD.8eb824daf3	ulcer
habitatmech:GOLD.8eba55841e	paranasal_sinuses
habitatmech:GOLD.8ebd2ee3c5	pesticide
habitatmech:GOLD.8ee6ff626d	acidic
habitatmech:GOLD.8ef066825a	plastic_surface
habitatmech:GOLD.8f1269c14c	gastric_caeca
habitatmech:GOLD.8f5ec46a28	fermented_food
habitatmech:GOLD.8f6e078b11	whole_body__ad8e98bb
habitatmech:GOLD.8f7156ce8f	no_head
habitatmech:GOLD.8f75400740	b_horizon_subsoil__3269183d
habitatmech:GOLD.8f7b1d316e	integument__a63cd982
habitatmech:GOLD.8fb6349ffa	deglaciated_soil
habitatmech:GOLD.8fbac51ecd	tertiary
habitatmech:GOLD.8fd4269bef	oral_cavity__be4a4c64
habitatmech:GOLD.8fed57e653	lung__adadb24e
habitatmech:GOLD.902fd1c7c1	muscular_system__612594fb
habitatmech:GOLD.904cce6b84	mixed_liquor
habitatmech:GOLD.905d58ea72	biofilm__5327749c
habitatmech:GOLD.90791d494c	endosymbionts__38198b44
habitatmech:GOLD.907a08952a	thoracic
habitatmech:GOLD.9097df4ce9	denitrification
habitatmech:GOLD.90a084a03e	acidic__10d13a02
habitatmech:GOLD.90c526cac3	composting__59a6ebe1
habitatmech:GOLD.90f2bc5799	ovaries__981adab8
habitatmech:GOLD.9139219efd	kitchen_sink
habitatmech:GOLD.9203c1c268	simulated_communities_sequence_read_mixture
habitatmech:GOLD.92256d7035	compact_bone
habitatmech:GOLD.9241004b00	gingival_crevicular_fluids__caddffd9
habitatmech:GOLD.9272fc9901	produced_water_flow_back
habitatmech:GOLD.92b07790d7	regurgitated_nectar
habitatmech:GOLD.92b66873c0	nitrogen_removal
habitatmech:GOLD.92bf88c78e	subgingival_plaque__c05c96fb
habitatmech:GOLD.92cbc36828	fruiting_body
habitatmech:GOLD.92d1e65695	oral_cavity__2e0f1569
habitatmech:GOLD.92e3c832eb	skin__9a5d285e
habitatmech:GOLD.937bf682c4	subterranean_lake__155f3b29
habitatmech:GOLD.93ebf3885d	malignant_ascites
habitatmech:GOLD.93f0f7b66d	metasoma
habitatmech:GOLD.93f4cea4a4	floodplain_lake
habitatmech:GOLD.94019ddb33	dinoflagellates__887680eb
habitatmech:GOLD.943921b1b0	rock__98ab4fe4
habitatmech:GOLD.943a41f487	microbial_mat__2020a793
habitatmech:GOLD.943d5cba70	mine_water__20810f85
habitatmech:GOLD.944486580a	discharge
habitatmech:GOLD.9452677923	hyperplastic_inflammatory_polyps
habitatmech:GOLD.945cf2317c	oral_cavity_cancer
habitatmech:GOLD.9469437e27	retropharyngeal__23b88706
habitatmech:GOLD.94928acca0	air__9d87e9f3
habitatmech:GOLD.949bdcdb77	epiphytes__ec31dd8e
habitatmech:GOLD.94b0ed7936	sand_filter
habitatmech:GOLD.94b8786010	alkaline__02df7139
habitatmech:GOLD.94d216ff38	bile__deca6de5
habitatmech:GOLD.94e1475c5e	inoculum
habitatmech:GOLD.9570fb16f7	integumentary_system__bac9e6cc
habitatmech:GOLD.9585ae445d	cover_soil
habitatmech:GOLD.95969208cd	tissue__a5e9c451
habitatmech:GOLD.95bd495814	nevi_moles
habitatmech:GOLD.95eace5af2	seawater_ras
habitatmech:GOLD.961229841c	subway
habitatmech:GOLD.9676173e79	sediment_core__c418e141
habitatmech:GOLD.968051b240	integumentary_system__e212bc7d
habitatmech:GOLD.969d058a1f	skin__1212836a
habitatmech:GOLD.96a29ab857	town_canal
habitatmech:GOLD.96e16482f3	bog_lake
habitatmech:GOLD.96e2f98187	osseous_tissue
habitatmech:GOLD.96f7d4c555	salt_marsh_sediment
habitatmech:GOLD.97163b2325	sediment__ce4efe59
habitatmech:GOLD.9731c6bb13	endophytes__fae60ba7
habitatmech:GOLD.97443998fa	lacrimal_glands
habitatmech:GOLD.974cd3759a	esophagus__e0ae9e65
habitatmech:GOLD.975b14f252	cell_line__d7fc8c60
habitatmech:GOLD.97738241e1	gallbladder_stones__a31ee838
habitatmech:GOLD.97de3cee66	tetrachloroethylene
habitatmech:GOLD.97fb645cea	bioreactor__4c20e811
habitatmech:GOLD.980696fa1c	colon_mucosa__de31f03f
habitatmech:GOLD.984e197faf	fish_pen
habitatmech:GOLD.9898e0e7e6	mud_microcosm
habitatmech:GOLD.98b91970cd	kidney__0d933b7d
habitatmech:GOLD.98bf2e4e7d	ceros
habitatmech:GOLD.98c192f558	fungus_garden_fungus_gallery
habitatmech:GOLD.98d936714f	sediment__bbedc720
habitatmech:GOLD.9942535c2d	kidney__be6e4dc6
habitatmech:GOLD.9987a3e1d2	kidney__188c7e8b
habitatmech:GOLD.99880772e1	oral_cavity__7cca2853
habitatmech:GOLD.99a88ecb51	drinking_water__6d6ef579
habitatmech:GOLD.99a89f10a0	verrucas
habitatmech:GOLD.99aff88405	ectosymbionts__7a42a232
habitatmech:GOLD.99bf401d4c	rumen__a12a98cc
habitatmech:GOLD.9a294d8b87	lymphoid_tissue__73eca19a
habitatmech:GOLD.9a390fc9f3	oxymonads
habitatmech:GOLD.9a7b2b058e	malignant_tumor_tissue
habitatmech:GOLD.9a7b884ca1	appendix
habitatmech:GOLD.9a9d51388c	alveoli
habitatmech:GOLD.9aa72d8dc3	kidney__dab44183
habitatmech:GOLD.9ab362de60	wastewater__430aea49
habitatmech:GOLD.9ad201f9cc	cuticle__6c2a3dac
habitatmech:GOLD.9ae5e17a12	molluscs_farm
habitatmech:GOLD.9b00d0ff9a	pooled_tissues__e586c45d
habitatmech:GOLD.9b27031c0f	common_warts
habitatmech:GOLD.9b3b1cd806	microbial_mat__54ad7767
habitatmech:GOLD.9b43a12f0c	cyanobacterial_aggregates
habitatmech:GOLD.9b51772e57	pleural_space_cavity
habitatmech:GOLD.9b7632eca8	superior_lobe
habitatmech:GOLD.9b7880ecd2	silage_fermentation
habitatmech:GOLD.9b7ba22de1	anode
habitatmech:GOLD.9bb307824f	carcinoma
habitatmech:GOLD.9bfaa32c03	duodenal_ulcer
habitatmech:GOLD.9bfd135cfa	external_organs__aed6edb3
habitatmech:GOLD.9c0c555f09	chloroethene
habitatmech:GOLD.9c16d8cdc2	mycosis_fungoides_cutaneous_t_cell_lymphoma
habitatmech:GOLD.9c17a8a454	actinic_keratosis
habitatmech:GOLD.9c459b5a33	abscess__c48fc20f
habitatmech:GOLD.9c5489a2c7	organic_layer
habitatmech:GOLD.9cbdc40c2c	liver__af3cb086
habitatmech:GOLD.9cc7667041	hospital_bedroom
habitatmech:GOLD.9ced08b21f	sediment__8f9b6931
habitatmech:GOLD.9cee492000	stomach__5cbde12e
habitatmech:GOLD.9d0dd3ece9	bone__71064238
habitatmech:GOLD.9d219f6fdc	anterior
habitatmech:GOLD.9d25d6d7ef	activated_sludge__ef706af1
habitatmech:GOLD.9d6b2f9ae5	sweat__d6c8a9c4
habitatmech:GOLD.9d9489c271	fossil__9829884f
habitatmech:GOLD.9d97d0af50	canthus__f4c2e1df
habitatmech:GOLD.9dbf296a4a	mud_volcano__980e0b1f
habitatmech:GOLD.9dda781732	thermophilic_digester
habitatmech:GOLD.9ddd7a2cf6	adipose_tissue__28f7c202
habitatmech:GOLD.9de12222fe	genital_warts
habitatmech:GOLD.9de23ceed5	arterial
habitatmech:GOLD.9de4a94da3	rock_dwelling_endoliths
habitatmech:GOLD.9de4fdaa2a	fen__a3c5fc09
habitatmech:GOLD.9df2041479	sediment__e3709872
habitatmech:GOLD.9e03d49b70	microbial_mats__884c9c12
habitatmech:GOLD.9e30d15bf0	nasal_discharge__d98a19fe
habitatmech:GOLD.9e6f9184f3	lesion_site__48d6a8c6
habitatmech:GOLD.9e917ffe11	anaerobic
habitatmech:GOLD.9eaa63ad72	sediment__7e21c5d8
habitatmech:GOLD.9eab385243	cryoconite__08651766
habitatmech:GOLD.9ef40567be	mucus__128936e0
habitatmech:GOLD.9f2762bd0f	paranasal_sinuses_catarrh
habitatmech:GOLD.9f2dc7145e	urethra__51f9b083
habitatmech:GOLD.9f519b94cc	anaerobic_zone
habitatmech:GOLD.9f684e44fb	agricultural_land__d3a12788
habitatmech:GOLD.9f7a6c66a7	aquifer__d1d7f4b0
habitatmech:GOLD.9f9173804a	sand__41bd3609
habitatmech:GOLD.a006851e0a	thiocyanate
habitatmech:GOLD.a00c47c576	microbial_mats__a2a31086
habitatmech:GOLD.a00fd807eb	artificial_seawater
habitatmech:GOLD.a0372e2d63	microbial_mats__522cc2c0
habitatmech:GOLD.a043efaa03	auricle_pinna
habitatmech:GOLD.a06aa6619e	biocathode
habitatmech:GOLD.a12eda25e9	coral
habitatmech:GOLD.a16a79bd0c	agricultural_field__c2942601
habitatmech:GOLD.a170fb9296	sonicate_fluid__718e8d4f
habitatmech:GOLD.a179efbe4f	fallopian_tubes
habitatmech:GOLD.a18a70ae30	nutrient_removal
habitatmech:GOLD.a1c99dadfc	cellulose_associated_waste
habitatmech:GOLD.a1ffcf69e4	coalbed_water__7b06811d
habitatmech:GOLD.a220aa6bb0	brain__b2bb2ba8
habitatmech:GOLD.a23074d5fc	biofilter__45ef5753
habitatmech:GOLD.a233293e47	oomycetes
habitatmech:GOLD.a287a77880	diaphragm__3c058609
habitatmech:GOLD.a2b1243a87	wastewater__b5b1cb15
habitatmech:GOLD.a2d2eb3d96	anal_canal
habitatmech:GOLD.a2d3d5127a	wastewater__7fd6e093
habitatmech:GOLD.a3313b4785	carcinosarcoma
habitatmech:GOLD.a37f187bfe	excretory_system__37f93bb9
habitatmech:GOLD.a3c5e2adba	beehive_cerumen
habitatmech:GOLD.a3ca3bd7a0	proglacial_area
habitatmech:GOLD.a3f036bb36	thyroid__26be1bbd
habitatmech:GOLD.a415037452	parathyroid
habitatmech:GOLD.a4367ee9a0	organic_dairy_farm
habitatmech:GOLD.a48f74bacd	insectarium
habitatmech:GOLD.a4fbd284f6	pessonella
habitatmech:GOLD.a4fe9adfc7	sediment__0f723c05
habitatmech:GOLD.a50c61f322	doormat
habitatmech:GOLD.a55ac36e9b	trachea__fced00b0
habitatmech:GOLD.a596ba2414	sediment__cd41307f
habitatmech:GOLD.a5a75e9593	marine_media
habitatmech:GOLD.a60b6f216d	defined_media__b53817a1
habitatmech:GOLD.a613af1611	anal_canal__0e185227
habitatmech:GOLD.a70c6f70a3	trophosome__fe18a60a
habitatmech:GOLD.a7211db1db	osteoma
habitatmech:GOLD.a73e965336	soil__1b8be4ed
habitatmech:GOLD.a744ade0d8	industrial_production__f961ebd0
habitatmech:GOLD.a747c6ab38	saliva__d9def97e
habitatmech:GOLD.a74e46ebe4	alveoli__5d35ddee
habitatmech:GOLD.a792be9b27	lymphatic_system
habitatmech:GOLD.a7d8777e98	air_breathing_organ
habitatmech:GOLD.a83d030599	oil_contaminated
habitatmech:GOLD.a84290851a	c_horizon_substratum__42a62f47
habitatmech:GOLD.a843dbe12a	skeletonized_remains__68ea2ec4
habitatmech:GOLD.a84ac69a45	gallbladder__d157697c
habitatmech:GOLD.a89688e0ba	bacteria__7bc807fd
habitatmech:GOLD.a89d29a4f5	whole_body__4862860b
habitatmech:GOLD.a8a343cf61	lymphatic_system__e4f4d251
habitatmech:GOLD.a8a45ccf82	lymph_duct
habitatmech:GOLD.a8b8ee2424	monument
habitatmech:GOLD.a8f8c792c1	cecum__79e270ae
habitatmech:GOLD.a8fc5001d1	fungi__136600ff
habitatmech:GOLD.a904b6974e	crustaceans_raceway
habitatmech:GOLD.a964ef903a	bulk_soil__6e19ccdc
habitatmech:GOLD.a9d2df6ba5	sediment__58c2d02d
habitatmech:GOLD.a9ee558cb3	thorax_nodes
habitatmech:GOLD.aa58263542	heart_wall
habitatmech:GOLD.aa6478c255	soft_tissues_muscles
habitatmech:GOLD.aa6bf27e0e	trees_stand
habitatmech:GOLD.aab5671566	composting__b5981ec2
habitatmech:GOLD.aae332408d	smooth_muscle__cd412ec6
habitatmech:GOLD.aaf13396b6	anorectal_abscess
habitatmech:GOLD.aaf46ad718	lymphoma
habitatmech:GOLD.ab6354f42c	skeletonized_remains__25008b61
habitatmech:GOLD.ab7a103ed1	probiotics
habitatmech:GOLD.abb03405a5	stomach_content
habitatmech:GOLD.abc3a7c55b	mangrove_soil
habitatmech:GOLD.abc827a582	reproductive_system__74cf1790
habitatmech:GOLD.acc3f2cd61	mine_drainage__bd3e47d7
habitatmech:GOLD.acc41d1792	digestive_system__c5da4fa6
habitatmech:GOLD.acd58e051d	bowens_disease_squamous_cell_carcinoma_in_situ
habitatmech:GOLD.ace43986bc	gastric_caeca__12108999
habitatmech:GOLD.ace8211152	gills__7203172c
habitatmech:GOLD.aceda5f881	eye_ciliary_body__832768c5
habitatmech:GOLD.acf7b9c74c	reproductive_system__e62e83f1
habitatmech:GOLD.ad048728d0	ovaries__a8d92340
habitatmech:GOLD.ad164525c3	tissue_engineered
habitatmech:GOLD.ad6b97c4a4	oropharynx__6a3ecfe6
habitatmech:GOLD.adcef5e4bd	ovicells
habitatmech:GOLD.adf59d0727	meconium
habitatmech:GOLD.adf7e16a3a	activated_sludge__55dc7bfe
habitatmech:GOLD.ae0d773157	stromatolites
habitatmech:GOLD.ae0db57f4a	microbial_mats__7a576572
habitatmech:GOLD.ae5e624552	peyer_s_patches
habitatmech:GOLD.aea4a5fe91	cerumen_earwax
habitatmech:GOLD.aeb3ec93d9	plankton__8f1688f3
habitatmech:GOLD.aed29e2fc1	cave_microbial_mat
habitatmech:GOLD.aed863b800	estuarine_sediment
habitatmech:GOLD.af0455b502	bulk_soil__c2e41395
habitatmech:GOLD.af0c4ac629	endosphere__005f8afe
habitatmech:GOLD.af1854714b	microbial_mats__66f27e00
habitatmech:GOLD.afb49b0d4b	cave_pool
habitatmech:GOLD.aff0c7b92a	plant_products
habitatmech:GOLD.affd2445ea	sponge
habitatmech:GOLD.b01e9194eb	sediment__b9940958
habitatmech:GOLD.b0721b9326	gills__b8975be1
habitatmech:GOLD.b076c78736	woodchip_bioreactor_wbr
habitatmech:GOLD.b091b80314	large_intestine__deeaad00
habitatmech:GOLD.b0b63b2192	sediment__dc3822ec
habitatmech:GOLD.b0c80b8e45	respiratory_tract_fluid
habitatmech:GOLD.b0f6a1ef74	aerobic_zone
habitatmech:GOLD.b0f9e819af	head__ef8439be
habitatmech:GOLD.b101bd7022	mucus__6538fe8a
habitatmech:GOLD.b11bdfbd7c	soda_lake
habitatmech:GOLD.b1230bf984	dust__f81b18c5
habitatmech:GOLD.b12f3234fa	composting__97f67f01
habitatmech:GOLD.b183820c16	arterial__b51e228d
habitatmech:GOLD.b19b7cb64a	ascites__13be9a4c
habitatmech:GOLD.b1b5044bde	soil_crust
habitatmech:GOLD.b1d707114a	soil__5796ed83
habitatmech:GOLD.b1f5d69111	skeletal_system__a462a5a5
habitatmech:GOLD.b1f94cf5f5	settling_tank
habitatmech:GOLD.b20c4bb2ae	tissue__8a4a06fd
habitatmech:GOLD.b220a9866e	o_horizen_organic_layer
habitatmech:GOLD.b22544c1b5	soy_sauce
habitatmech:GOLD.b2bb6d6801	liverworts
habitatmech:GOLD.b2fc8fb1e4	esophagus__d8421c5e
habitatmech:GOLD.b3344a5da2	aural
habitatmech:GOLD.b36274f0b9	tubeworm_bush
habitatmech:GOLD.b36acab3ca	urinary_system__9cc54b3a
habitatmech:GOLD.b3725fa211	sabkha_sediment
habitatmech:GOLD.b37be1dc41	hepatopancreas__dab51403
habitatmech:GOLD.b38b3eaad3	oil_contaminated_sediment__ef831edb
habitatmech:GOLD.b39df834b2	plastic_debries__693ff27d
habitatmech:GOLD.b3e7b4ce80	microbial_mats__aaf3c430
habitatmech:GOLD.b40f9c3903	skin_surface
habitatmech:GOLD.b413e76a62	golden_algae
habitatmech:GOLD.b42fa61aa1	sediment__347a23a3
habitatmech:GOLD.b43776b642	agricultural_land__3b8e1d48
habitatmech:GOLD.b449dc6329	wetland_zone
habitatmech:GOLD.b46d816f26	saline
habitatmech:GOLD.b4ad33ff8e	tooth__c4e59492
habitatmech:GOLD.b4b6e9b05c	bioreactor__f3a45a9d
habitatmech:GOLD.b4bfceb0ce	sediment__74d34b20
habitatmech:GOLD.b4dcdc3c3b	plastic
habitatmech:GOLD.b4e93f5d66	indoor
habitatmech:GOLD.b4ea9a2f17	wastewater__42323a65
habitatmech:GOLD.b5081d36b9	ebpr
habitatmech:GOLD.b5205a5f5b	esophagus__2ce9b1a3
habitatmech:GOLD.b521e12f22	cornea__2a9b9367
habitatmech:GOLD.b544ae2bd2	tissue__21c3873a
habitatmech:GOLD.b56a032dec	vertebra__7edcc201
habitatmech:GOLD.b584ee5347	long_bone
habitatmech:GOLD.b645aeee26	blade
habitatmech:GOLD.b648ad12d6	embryo__74685e7d
habitatmech:GOLD.b64b241c4b	fascia
habitatmech:GOLD.b69e4553bb	dairy_processing_facility
habitatmech:GOLD.b6d84c219e	rectum__dc09b99b
habitatmech:GOLD.b6ea996423	water_treatment_plant__3df322b3
habitatmech:GOLD.b72faf3adf	sediment__a0cc3ecc
habitatmech:GOLD.b75e4aa08f	anoxic_zone
habitatmech:GOLD.b76e4c6e4a	microbial_mats__2265bbbd
habitatmech:GOLD.b77f846671	biofilm__33e704d3
habitatmech:GOLD.b7bb1e18b3	xylem_vessels
habitatmech:GOLD.b7f1694b87	eye__810dedbb
habitatmech:GOLD.b7f85ae39f	excavata
habitatmech:GOLD.b7fcb62675	hair_follicle__fd4fab66
habitatmech:GOLD.b81b7f9eeb	placenta__fb2e5a6a
habitatmech:GOLD.b824c3dc0e	sediment__4d63a226
habitatmech:GOLD.b842078e17	auditory_hearing_system__8fefc879
habitatmech:GOLD.b84283af7d	eye_vitreous_chamber__b4eddfc1
habitatmech:GOLD.b84286286e	hemolymph__3075ad52
habitatmech:GOLD.b87b35dfa6	papillomas
habitatmech:GOLD.b88a94c4f7	epipelagic_euphotic_zone
habitatmech:GOLD.b8b289be4a	thrombolites__e9a8231c
habitatmech:GOLD.b8c468051f	sediment__a3da4b75
habitatmech:GOLD.b8e99e08e5	endophytes__ca9aaedf
habitatmech:GOLD.b933f64ea6	mummified_remains__76cdbf69
habitatmech:GOLD.b93a06a069	sediment__e63c4954
habitatmech:GOLD.b94dc73ee6	whole_body__941e9396
habitatmech:GOLD.b98f04d5ad	tooth_dentin
habitatmech:GOLD.ba2e9c19f0	subcutaneous_fat__00035eca
habitatmech:GOLD.ba687e2c95	lung__ab16a773
habitatmech:GOLD.ba858ff7a6	venous__3e06d9e2
habitatmech:GOLD.ba9317369a	genetic_cross
habitatmech:GOLD.bab80a1f4c	anaerobic_media
habitatmech:GOLD.baffd7f6c7	fetal_tissue__610eb0c8
habitatmech:GOLD.bb0eb00ccb	dissolved_organics_anaerobic
habitatmech:GOLD.bb4731e6fe	cuticle__72f050c4
habitatmech:GOLD.bb809618f0	cold_smoked_fish
habitatmech:GOLD.bbbdbf55b3	nervous_system__b360fe7b
habitatmech:GOLD.bbc1192f75	sediment__5ef6feae
habitatmech:GOLD.bbdf359c41	tissue__feea8c14
habitatmech:GOLD.bbe6f109e1	reagent_blank
habitatmech:GOLD.bbf683017f	agricultural_wastewater
habitatmech:GOLD.bc4a4ce7ca	parathyroid__6e5a5a75
habitatmech:GOLD.bc91213af9	trachea__4dde9163
habitatmech:GOLD.bcb2f8b7f3	nasal_cavity__ae9d5dba
habitatmech:GOLD.bcbb2a8929	microbialites__2dd0659e
habitatmech:GOLD.bcbbbfaedc	peat
habitatmech:GOLD.bcbf6eec9b	digestive_system__e41cfc7b
habitatmech:GOLD.bcd41f1c5d	larvae
habitatmech:GOLD.bcf29a5536	bulk_soil__865abf7b
habitatmech:GOLD.bd019678fb	pancreas__988a7926
habitatmech:GOLD.bd1664969c	foregut__ce63e8ab
habitatmech:GOLD.bd318592b2	estuary__bae88a25
habitatmech:GOLD.bd9662fadb	whole_body__e6584d8d
habitatmech:GOLD.bdd0c4def8	lymph_duct__35252b7a
habitatmech:GOLD.be021eb56c	lesion__59aa3359
habitatmech:GOLD.be387c9aa8	phycosphere
habitatmech:GOLD.be39fe9a0e	lymphatic_system__5f8baf7d
habitatmech:GOLD.be4a7c95b6	crustaceans_pond
habitatmech:GOLD.be8bc688c1	undefined_media
habitatmech:GOLD.be8f52fddd	caulosphere
habitatmech:GOLD.bea2a87b11	liver__9d9c21e5
habitatmech:GOLD.bef31e166b	evaporite
habitatmech:GOLD.bef53c8bcc	microbial_mats__42c901d2
habitatmech:GOLD.bf15464676	a_o_bioreactor
habitatmech:GOLD.bf303fa775	placenta__d0a88ce2
habitatmech:GOLD.bf4b4a5e8e	pitcher__476c5a95
habitatmech:GOLD.bf814eda33	lingual
habitatmech:GOLD.bfcf0a2965	sediment__bf1216c6
habitatmech:GOLD.bfd28de801	eutric
habitatmech:GOLD.bfd6bfa0f1	produced_water__58649b5f
habitatmech:GOLD.bfe3e11951	endosphere__fd8c8a61
habitatmech:GOLD.bfec1d2ae2	bioanode
habitatmech:GOLD.c023583133	biofilter__c190958d
habitatmech:GOLD.c03faacc95	bone__8430e16e
habitatmech:GOLD.c0691a01cf	oral_herpes
habitatmech:GOLD.c07aaa941d	anaerobic_aerobic__c424253c
habitatmech:GOLD.c08255b2d2	benthic_zone
habitatmech:GOLD.c085f6141a	hot_42_90c
habitatmech:GOLD.c0b02b63b9	cave_stream
habitatmech:GOLD.c0ce593089	propleura
habitatmech:GOLD.c0eea2809c	microbial_mats__c3f0268a
habitatmech:GOLD.c15e1115f3	cervix
habitatmech:GOLD.c1749852f0	rumen_caudodorsal_blind_sac
habitatmech:GOLD.c1d7082e4b	digestive_system__780e5b67
habitatmech:GOLD.c1dd680dc7	c_horizon_substratum__d00dc028
habitatmech:GOLD.c1f33a02a6	rumen__e748f14c
habitatmech:GOLD.c1fcc72703	marine_sediment_inoculum
habitatmech:GOLD.c2022a596f	meadow__e0d5e5ec
habitatmech:GOLD.c22928551b	wetland_sediment
habitatmech:GOLD.c245efd1e3	bladder_stones
habitatmech:GOLD.c25f588dad	grains_grain_products
habitatmech:GOLD.c26b92ece6	endocrine_gland__8c35903c
habitatmech:GOLD.c299b80057	epilimnion__460c092c
habitatmech:GOLD.c2a10509ec	rumen_dorsal_sac
habitatmech:GOLD.c2a1b0b268	intestine_anterior
habitatmech:GOLD.c336fb0bb7	hindgut__baf4e5ab
habitatmech:GOLD.c36ec4b6b6	articular_cartilage
habitatmech:GOLD.c39d480448	herpetarium
habitatmech:GOLD.c3baf2135f	thoracic_segments
habitatmech:GOLD.c3fa7fc4c2	environmental__a27d7186
habitatmech:GOLD.c3fe8da706	ovaries__dfa83252
habitatmech:GOLD.c42160d113	nasopharynx__57a76eef
habitatmech:GOLD.c43e79fda5	sediment__6e0c4228
habitatmech:GOLD.c44e436e0a	hyaline__1faea505
habitatmech:GOLD.c4555cf242	palatine_faucial
habitatmech:GOLD.c471fff49f	pancreas__a2576cdf
habitatmech:GOLD.c483f43031	seawater_aquarium
habitatmech:GOLD.c484d9a195	colon__a0dd5461
habitatmech:GOLD.c4bf3d0c83	bioreactor__12a40e2f
habitatmech:GOLD.c4c779417d	larva__b611b4cd
habitatmech:GOLD.c4f57235c7	ice_accretions
habitatmech:GOLD.c4fc259b25	gastric_mucosa__9d9af2f3
habitatmech:GOLD.c517e7bd22	poultry_processing_wastewater
habitatmech:GOLD.c520027f8e	riverside
habitatmech:GOLD.c54ba3bbdb	melanoma
habitatmech:GOLD.c5545d6102	forefield_soil
habitatmech:GOLD.c5640eadf7	fossilized_remains__eec3c6e8
habitatmech:GOLD.c5a94d7484	subglacial_lake__33dd8391
habitatmech:GOLD.c6008da5a8	gut__362f869f
habitatmech:GOLD.c60355cc36	tobacco_production
habitatmech:GOLD.c608026f23	lesion_site__97ee5de0
habitatmech:GOLD.c652e27320	gut__315ebfad
habitatmech:GOLD.c662161205	sludge__e608f05a
habitatmech:GOLD.c6b0b54290	abdomen__0b37a453
habitatmech:GOLD.c6f845a8b8	sediment__a36658ce
habitatmech:GOLD.c7074dec9b	intestinal_mucosa__2213ef4b
habitatmech:GOLD.c7282659d0	sediment__f02aa11f
habitatmech:GOLD.c789b4d04e	sediment__f9571146
habitatmech:GOLD.c79068da29	granular_sludge
habitatmech:GOLD.c7a1674db7	contaminated__49aac985
habitatmech:GOLD.c7a7c79455	cervix__0de03fa8
habitatmech:GOLD.c7c15bc976	leaf_lesion
habitatmech:GOLD.c7e1dbc6bb	co_culture__b3c11dc6
habitatmech:GOLD.c841f68ad2	gingiva__15fc4701
habitatmech:GOLD.c8481605f8	microbial_mats__d16dafc1
habitatmech:GOLD.c84e967b80	diaphragm__fbd202d9
habitatmech:GOLD.c859639497	cuticle__9784f327
habitatmech:GOLD.c87f58ea8a	genital_ulcer__c51fcb9e
habitatmech:GOLD.c88dc894df	armpit_nodes
habitatmech:GOLD.c896f9520f	skin__120842b3
habitatmech:GOLD.c8a2e380c1	fetus
habitatmech:GOLD.c8a794ce91	low_gastrointestinal_tract
habitatmech:GOLD.c8e85f3c84	digestive_system__efdbeca1
habitatmech:GOLD.c8f8029712	pcr_blank_control
habitatmech:GOLD.c9756cb050	nasal_cavity__05a49906
habitatmech:GOLD.c97c09d1e8	inner_ear
habitatmech:GOLD.c98a35c438	petroleum_sludge__d8d5571a
habitatmech:GOLD.c9a52231f1	mixotrophic_mnf
habitatmech:GOLD.c9a99e0db8	coastal_lagoon
habitatmech:GOLD.c9f6be7c10	marine_debries
habitatmech:GOLD.ca1e46c594	salt_crust
habitatmech:GOLD.ca2cd4d00c	pleural_fluid__8112798c
habitatmech:GOLD.ca2df10cfe	sludge__8386cab1
habitatmech:GOLD.ca321f1251	nervous_system__e978605d
habitatmech:GOLD.ca3269e5e5	peritoneal_fluid__a8502eb4
habitatmech:GOLD.ca4882ca81	hind_legs
habitatmech:GOLD.ca7333c915	caeca__67ed138d
habitatmech:GOLD.caaf0cf10a	sweat__8586ece6
habitatmech:GOLD.cad831cd73	reproductive_system__f30f7ffb
habitatmech:GOLD.cb1c796cde	bone_marrow__9387f1a6
habitatmech:GOLD.cb3fda7227	antennal_green_glands
habitatmech:GOLD.cb4b2d7af4	solar_solterns
habitatmech:GOLD.cb4d8fc60e	cecum__d677e5d7
habitatmech:GOLD.cb827f4a50	bioreactor__4c39516f
habitatmech:GOLD.cbad89b6dd	glacier_stream
habitatmech:GOLD.cbd89e2939	intestine__f3947118
habitatmech:GOLD.cbef9ba962	sediment__6e93a95d
habitatmech:GOLD.cc5ac8910b	activated_sludge__b1c5161b
habitatmech:GOLD.cc5b244380	brine__2299825d
habitatmech:GOLD.cc678d76b7	penis_glans
habitatmech:GOLD.cca07b54ba	necrotizing_lesion
habitatmech:GOLD.ccd148a035	wetsalted_hide
habitatmech:GOLD.cd0b0940e5	mammals_human
habitatmech:GOLD.cd2276f854	visceral_fat__db10f510
habitatmech:GOLD.cd2c75c5f4	e_horizon_subsurface__32c31b7b
habitatmech:GOLD.cd608e3ced	breast_cancer_lobular
habitatmech:GOLD.cd67cb0daf	contaminated__10ad7003
habitatmech:GOLD.cd6e81f421	foregut__c14450a8
habitatmech:GOLD.cdab849ba0	tooth__6bf2724a
habitatmech:GOLD.cdbbd857c8	composting__1f48c1e1
habitatmech:GOLD.cdc9731b44	anterior_nares__14fc5dcc
habitatmech:GOLD.cdf0160423	microbial_fuel_cells_mfc
habitatmech:GOLD.cdf0825f85	mud__d8cb1234
habitatmech:GOLD.cdfbc8d8b6	microbial_mat__b6425172
habitatmech:GOLD.cdfe01fc7e	cloaca__f527d4ff
habitatmech:GOLD.ce244e62cd	non_marine_saline_and_alkaline__0e812745
habitatmech:GOLD.ce74177c0e	vaccine
habitatmech:GOLD.ce83e63059	subarachnoid_space__34d30b27
habitatmech:GOLD.ce9fa1ef7f	circulatory_system__241de4de
habitatmech:GOLD.cea7ead8dd	waste__ae37fc5e
habitatmech:GOLD.ceceb38473	clay__0b0ee455
habitatmech:GOLD.cf00643ee7	poultry_confinement_building
habitatmech:GOLD.cf3859b25e	mouse_myeloma
habitatmech:GOLD.cf61f100c6	mineral_soil__7f2d2064
habitatmech:GOLD.cf8a6a7062	pancreas__1d0702a8
habitatmech:GOLD.cfa077b4b9	drinking_water__0a661d20
habitatmech:GOLD.cfa530990d	bartholin_abscess
habitatmech:GOLD.cfe3ac7130	composting__f25ec0d0
habitatmech:GOLD.cfe5d67257	acidic__a1864fe6
habitatmech:GOLD.cfec381b0d	spat
habitatmech:GOLD.d011f4b43c	digestive_system__9ec9b5f9
habitatmech:GOLD.d0138ba7be	sediment__a4ddb224
habitatmech:GOLD.d022c1c4c5	cryoconite__af2a9806
habitatmech:GOLD.d05e9759d7	green_waste
habitatmech:GOLD.d0912b66fe	apoeccrine_sweat_glands
habitatmech:GOLD.d0a97e09fe	excretory_system__22ee753c
habitatmech:GOLD.d0cebee7db	epibionts
habitatmech:GOLD.d0eb6f257f	urinary_bladder__f0d1b837
habitatmech:GOLD.d10c32d635	liver__fd39579a
habitatmech:GOLD.d113abe60e	periprosthetic_joint
habitatmech:GOLD.d1d916a248	abscess__0f7f7357
habitatmech:GOLD.d1da0b1e93	tissue__1b9c50d3
habitatmech:GOLD.d1de3c94cf	remains__784e165d
habitatmech:GOLD.d1e1435f42	spicules
habitatmech:GOLD.d1f4d0cde1	ceca__d15faa5d
habitatmech:GOLD.d1ffda8340	duodenum__00ca3b2c
habitatmech:GOLD.d2132d09ae	geothermal_pool_hot_lake
habitatmech:GOLD.d225bacabd	catarrh__1e78e51c
habitatmech:GOLD.d23207689e	ootheca_egg_mass
habitatmech:GOLD.d250342fe1	puddle
habitatmech:GOLD.d25ff4a586	blood__5ef3f2f4
habitatmech:GOLD.d263dfb09c	outdoor_air
habitatmech:GOLD.d275fc9ccd	endocrine_system__e2d3d7a6
habitatmech:GOLD.d27bcd61e0	decayed_wood__afd3403c
habitatmech:GOLD.d29a0aa94b	unchlorinated
habitatmech:GOLD.d2a012ea0c	plant_callus
habitatmech:GOLD.d2ef97a849	bryozoans
habitatmech:GOLD.d30fc15bde	stomach__9e0ff8dc
habitatmech:GOLD.d3160a0c40	small_intestine__45b8dd4d
habitatmech:GOLD.d366a6d2a2	nanoflagellates
habitatmech:GOLD.d3869ad37f	stomach__0260a3a9
habitatmech:GOLD.d39a2ed099	transient_pool
habitatmech:GOLD.d3b891e82e	host_associated
habitatmech:GOLD.d3cad7d813	oral_mucosa
habitatmech:GOLD.d3da9a2ed0	lake_biofilm
habitatmech:GOLD.d3e01e5908	anammox
habitatmech:GOLD.d3e8ec1eb1	crop__a03dd0e3
habitatmech:GOLD.d3f9c0123c	reproductive_system__64711026
habitatmech:GOLD.d438ab5070	whole_body__329ebbdc
habitatmech:GOLD.d43c16754a	fecal__d12909cd
habitatmech:GOLD.d458551b02	sediment__2f8c22b7
habitatmech:GOLD.d45cb18103	periodontal_pockets__b156f40a
habitatmech:GOLD.d4694eed69	concrete_surface
habitatmech:GOLD.d482ddbf80	freshwater__0ce4d27d
habitatmech:GOLD.d489490eaf	muscular_system__24f403ad
habitatmech:GOLD.d4e02cf775	gut__bf7dab67
habitatmech:GOLD.d510166905	methane
habitatmech:GOLD.d548daa79b	aerobic_media
habitatmech:GOLD.d5e5877840	muscles
habitatmech:GOLD.d5eff0efa2	oropharynx__eecf4d0a
habitatmech:GOLD.d61fa6c9ee	aquifer__f620c815
habitatmech:GOLD.d63e165267	endocrine_system__fc8977b8
habitatmech:GOLD.d640d7cf58	oil_contaminated__eec9b4c2
habitatmech:GOLD.d64c9575e7	settling_tank__54e3a311
habitatmech:GOLD.d672a250b4	attached_keratinized_gingiva__a8c3d27a
habitatmech:GOLD.d6979edc0e	benzene
habitatmech:GOLD.d6c49dfec6	elastic
habitatmech:GOLD.d6c97cc5bd	sediment__26a3aecb
habitatmech:GOLD.d6cd65debc	large_intestine__e3fade4b
habitatmech:GOLD.d6cebb0aa0	bio_and_green_waste_bgw
habitatmech:GOLD.d712a910ec	crop__3de61c58
habitatmech:GOLD.d722422e31	uranium_contaminated
habitatmech:GOLD.d727388954	acid_mine_drainage__58dcd3be
habitatmech:GOLD.d732aac660	mineral_soil_core
habitatmech:GOLD.d750ff157a	raw_milk
habitatmech:GOLD.d76e4389b2	rock__d4e1e84c
habitatmech:GOLD.d7cff86ce8	digestive_system__46d403bb
habitatmech:GOLD.d7f0319840	scalp_non_dandruff
habitatmech:GOLD.d8195311eb	oral_mucosa__b60f73eb
habitatmech:GOLD.d850487186	seed_radicle
habitatmech:GOLD.d8b9309d5e	cartilage__c54322c6
habitatmech:GOLD.d8c427584f	alkaline__009939a8
habitatmech:GOLD.d8cd51c2a3	sea_ice__a6c14b9a
habitatmech:GOLD.d8d3393339	urban_wastewater
habitatmech:GOLD.d8d92ac75c	nervous_system__a5e4f1cb
habitatmech:GOLD.d90a168ad6	snuff
habitatmech:GOLD.d91912259d	mouth_ulcer
habitatmech:GOLD.d96dd38f86	flow_back_produced_fluids
habitatmech:GOLD.d97254fc6a	p1_segment
habitatmech:GOLD.d97bda50b6	nutrient_rich
habitatmech:GOLD.d980919c41	integumentary_system__bd82bc93
habitatmech:GOLD.d9b3a1e82d	bone__b47efce2
habitatmech:GOLD.d9d8c58a7b	solar_salterns_sediment
habitatmech:GOLD.d9fb6dd542	cave_lake
habitatmech:GOLD.da02e4c756	connective_tissue__85a5a212
habitatmech:GOLD.da1b16a895	sediment__24eaa500
habitatmech:GOLD.da244adbbe	discharge__0e4f2939
habitatmech:GOLD.da4109db9e	dental_calculus__8a0a99ac
habitatmech:GOLD.da6a051c8b	river_biofilm
habitatmech:GOLD.da71b4e2c9	solar_salt
habitatmech:GOLD.da97232241	sediment__4afb1aae
habitatmech:GOLD.dab267c443	activated_sludge__a422e33f
habitatmech:GOLD.dacfc87fde	granuloma
habitatmech:GOLD.dad9be1112	plastic__bda4cab0
habitatmech:GOLD.daebe0af3d	ear_discharge
habitatmech:GOLD.db17f52768	dental_abscess
habitatmech:GOLD.db419db455	fecal__c047ee1e
habitatmech:GOLD.db79f0142d	hydrocarbon__a75cc82e
habitatmech:GOLD.db9b9cd03c	p1_segment__12271485
habitatmech:GOLD.dba2a83b95	arthropoda_insects
habitatmech:GOLD.dbd07e057b	sediment__e76662f3
habitatmech:GOLD.dbfbcdfbbd	remains__68525761
habitatmech:GOLD.dc062a959c	cecotropes_night_fecs
habitatmech:GOLD.dc31418f43	cold_methane_seep
habitatmech:GOLD.dc3211374f	peritoneum__4e20990b
habitatmech:GOLD.dc36405736	wheat_straw
habitatmech:GOLD.dc4dba910a	reclaimed_recycled_wastewater
habitatmech:GOLD.dc868b3211	tooth_dental_pulp
habitatmech:GOLD.dc86c8917c	integumentary_system__2442c03e
habitatmech:GOLD.dc8c747045	subsurface
habitatmech:GOLD.dd1a9f0db8	lung__11adc96c
habitatmech:GOLD.dd598a891d	permafrost__91ef9b0b
habitatmech:GOLD.dd76069e56	integumentary_system__8b2b03cc
habitatmech:GOLD.ddacae4eef	wall_biofilm
habitatmech:GOLD.ddb34837bf	kidney_stones__d590ef6d
habitatmech:GOLD.ddded268b0	jejunum__d6f3ac4c
habitatmech:GOLD.de5efc0eb8	biliary_tract__d4ec2b3f
habitatmech:GOLD.de8a7c8184	landfill__170b6252
habitatmech:GOLD.deb06c4e48	continuous_culture
habitatmech:GOLD.debc272058	mineral_soil__e91dd415
habitatmech:GOLD.df0702201d	kidney_abscess
habitatmech:GOLD.df0ebca6c0	raw_wastewater
habitatmech:GOLD.df1d688f27	produced_water__123adb7f
habitatmech:GOLD.df20aa5a67	microbial_mats__91e1bc3c
habitatmech:GOLD.df411b28d5	geothermal_field__9caac2d8
habitatmech:GOLD.df711b7256	ovaries__79cb6618
habitatmech:GOLD.df92d9a85e	joint_capsule
habitatmech:GOLD.dfa9d6e21a	forest_soil__758d20e2
habitatmech:GOLD.dfaa49c534	skin_tag
habitatmech:GOLD.dfaedfff09	bryozoa
habitatmech:GOLD.dfb551a1fb	reef_zone
habitatmech:GOLD.dfb65a175b	optical_lens
habitatmech:GOLD.dfc0a650b0	blade__f83a64ca
habitatmech:GOLD.dfd0b18224	rectal_mucosa__ca789af2
habitatmech:GOLD.e00433021f	geologic__c55de755
habitatmech:GOLD.e00fb80981	jejunum__226d87e9
habitatmech:GOLD.e02956e1eb	abdomen__7e80ff1c
habitatmech:GOLD.e03b02a74b	kidney_stones__534ccc28
habitatmech:GOLD.e066163fc8	microbial_mat__8a9e02e4
habitatmech:GOLD.e070d4c2be	monimolimnion_bottom_layer
habitatmech:GOLD.e13608a63a	oil_sands_pit_lake
habitatmech:GOLD.e1b5f9301d	cartilage__bd8c407c
habitatmech:GOLD.e1c2f5f7d4	brain__e9ca95b7
habitatmech:GOLD.e1d4d584d2	reptile_cage
habitatmech:GOLD.e1f435d44b	echinodermata
habitatmech:GOLD.e2071bbb4d	petrochemical
habitatmech:GOLD.e21234318e	eczema
habitatmech:GOLD.e287a243a5	dental_plaque__384bd6e9
habitatmech:GOLD.e292616707	brown_waste
habitatmech:GOLD.e29c7e3964	amniotic_fluid__8d4e7d01
habitatmech:GOLD.e2cd238930	desert__f8795d72
habitatmech:GOLD.e2ed60169c	bulk_soil__e63bcfb7
habitatmech:GOLD.e2eda4df10	humus__06910d6f
habitatmech:GOLD.e2eeeeace0	skin__7f0462fc
habitatmech:GOLD.e2f078996c	archaea
habitatmech:GOLD.e2f7e2a081	whole_body__86c6fa8b
habitatmech:GOLD.e30a9eb98c	cervical
habitatmech:GOLD.e323c98727	hindgut__a53364dc
habitatmech:GOLD.e331fc84ae	biofilm__599a99de
habitatmech:GOLD.e36ba981d1	respiratory_system__c59e08b7
habitatmech:GOLD.e381535c08	fecal__e9f04eec
habitatmech:GOLD.e3a7e22343	muscles__959b4db5
habitatmech:GOLD.e3bc9d4cff	small_intestine_content
habitatmech:GOLD.e3d7303892	peritonsillar_abscess
habitatmech:GOLD.e3e32db016	coal_core
habitatmech:GOLD.e3f5133829	shale_carbon_reservoir
habitatmech:GOLD.e3fede2aea	cnidaria__e1ee42c6
habitatmech:GOLD.e403c58f9a	spleen__733ab9e0
habitatmech:GOLD.e428c46d06	colon_mucosa__b687aead
habitatmech:GOLD.e43dc204ff	spleen__ba43170e
habitatmech:GOLD.e45d906034	anal_canal_mucosa__9fc95cf9
habitatmech:GOLD.e46f9520c5	stye
habitatmech:GOLD.e474187df8	algae_raceway_pond
habitatmech:GOLD.e49a44bb6c	myeloma
habitatmech:GOLD.e4d7d28e04	shell__6c5df433
habitatmech:GOLD.e4e91038b5	sediment__f04c7a2e
habitatmech:GOLD.e53e2c6e8e	microbialites__a38bc21d
habitatmech:GOLD.e55451492a	water_microcosm
habitatmech:GOLD.e5e577a249	vernal_pools__dc503f3c
habitatmech:GOLD.e5e6c7a719	municipal_and_sewage
habitatmech:GOLD.e60074d642	fecal__0d8696a2
habitatmech:GOLD.e63a1a61c3	seagrass_bed_sediment
habitatmech:GOLD.e677e8ce40	tissue__c651f319
habitatmech:GOLD.e6828b88f2	gut__17075884
habitatmech:GOLD.e6839bcc8f	oil_contaminated_sediment__3c338598
habitatmech:GOLD.e68bf4e281	fresh_manure
habitatmech:GOLD.e68ce62892	appendix__8f7f5041
habitatmech:GOLD.e69b79f3ef	saprolite_bedrock_interface
habitatmech:GOLD.e72529709c	sonicate_fluid__4dcb4610
habitatmech:GOLD.e7296678c2	joint_capsule__3bc01568
habitatmech:GOLD.e72a1a9868	gonopore
habitatmech:GOLD.e77998b825	hydrocarbon__e596377f
habitatmech:GOLD.e7812ea290	physical
habitatmech:GOLD.e799433ca6	honeydew
habitatmech:GOLD.e7dced4681	sediment__301877e9
habitatmech:GOLD.e7de4a8838	bulk_soil__10935218
habitatmech:GOLD.e80d5f6236	surface__bd8fedc6
habitatmech:GOLD.e848af2c5d	cell_line__59b8224e
habitatmech:GOLD.e856cf26a5	stone_surface
habitatmech:GOLD.e860ad4c9d	produced_water__4b7c7f10
habitatmech:GOLD.e87336ed95	riparian_zone
habitatmech:GOLD.e889967f4f	mammals
habitatmech:GOLD.e898437067	carposphere
habitatmech:GOLD.e8a2c6cf87	lung__d55ac9c2
habitatmech:GOLD.e8d686e00d	paranasal_sinuses_frontal
habitatmech:GOLD.e8d7f5a282	granular_sludge__16dfa645
habitatmech:GOLD.e943a08596	cryptomonads_cryptophytes
habitatmech:GOLD.e96d7e84d0	simulated_communities_dna_mixture
habitatmech:GOLD.e979bbb99c	composting__fe5ff5cf
habitatmech:GOLD.e97d0cb4b1	gingival_crevice_sulcus
habitatmech:GOLD.e9844fc187	soil__5aefc937
habitatmech:GOLD.e9c2acdad7	jakobids
habitatmech:GOLD.e9cc4f0897	umbilical_cord_blood
habitatmech:GOLD.e9d0a5a093	dinoflagellates__f456d8b9
habitatmech:GOLD.e9d67283fc	heart__7e35ab02
habitatmech:GOLD.e9ed724175	ctenophora
habitatmech:GOLD.ea28b3ff20	phytotelma
habitatmech:GOLD.ea67ca30cb	skeletal_system__437a4825
habitatmech:GOLD.eac5ec40c9	sediment__45c94e49
habitatmech:GOLD.eafd8aafe3	fruit_processing
habitatmech:GOLD.eb135f1300	sediment__d5068bb8
habitatmech:GOLD.eb55ee563a	supragingival_plaque__bdacd112
habitatmech:GOLD.ebabcbea1e	bathypelagic_bathyal_zone
habitatmech:GOLD.ebbc8b20a7	acidic__cd3d18a9
habitatmech:GOLD.ebf302c7ae	dried_seaweeds
habitatmech:GOLD.ebf95a8a4a	air_scrubber
habitatmech:GOLD.ebff433e3b	skull__b6115281
habitatmech:GOLD.ec116f9a37	biofouling__50243100
habitatmech:GOLD.ec294980eb	gowning_room
habitatmech:GOLD.ec9128257e	inner_ear__73a926aa
habitatmech:GOLD.ecaa6eddbf	tongue_dorsum
habitatmech:GOLD.ed062eabb0	sediment__7288ec0e
habitatmech:GOLD.ed4b094b8b	p4_segment
habitatmech:GOLD.ed87e682a9	anaerobic_digestor__8332e1c2
habitatmech:GOLD.edb9d1fa5c	rodent_burrow
habitatmech:GOLD.edec297c39	pipeline
habitatmech:GOLD.edeecbabed	composting__0995fad8
habitatmech:GOLD.ee0d0ceedd	articular_cartilage__2ad5f85b
habitatmech:GOLD.ee5582c64e	fecal__89494a72
habitatmech:GOLD.eea9077e68	pleural_effusion__93839ba1
habitatmech:GOLD.eeb3ba4bc5	biological
habitatmech:GOLD.eee7408afd	protists
habitatmech:GOLD.ef078a7f63	husc
habitatmech:GOLD.ef3ff31a67	bone_marrow__c1fc5dec
habitatmech:GOLD.ef527aaccd	paranasal_sinuses__8f10e7d1
habitatmech:GOLD.ef5c9d42f2	tree_plantation
habitatmech:GOLD.ef5dde6aea	ear_discharge__c59c71e2
habitatmech:GOLD.ef605d4a71	tongue_dorsum__5c29beec
habitatmech:GOLD.ef667faebd	abscess_furuncle_boil
habitatmech:GOLD.ef87a64b1a	mixed_liquor__ef7a87e7
habitatmech:GOLD.ef8b556db0	rumen_caudoventral_blind_sac
habitatmech:GOLD.ef9152b355	surface_biofilm
habitatmech:GOLD.effa0d6ca3	beans
habitatmech:GOLD.f007734d4a	abscess__6d58b5f6
habitatmech:GOLD.f00984e0e2	alkaline__43fce277
habitatmech:GOLD.f037760cf2	buffer
habitatmech:GOLD.f0461d363e	fish_pond
habitatmech:GOLD.f04cb169a1	lancelets
habitatmech:GOLD.f071d1bc9b	nails__fe932045
habitatmech:GOLD.f07ee97491	sulphur_autotrophic_denitrification
habitatmech:GOLD.f0ac4b95c8	whole_blood__adf7b0e6
habitatmech:GOLD.f0cd663dfd	vitreous_humor__a4338690
habitatmech:GOLD.f0d88bef25	salted_fish
habitatmech:GOLD.f12405f4d4	rectum__46fbf520
habitatmech:GOLD.f128d45ecf	microbial_mat__fc2dbb7f
habitatmech:GOLD.f131dcac3d	small_intestine__ce3c8e90
habitatmech:GOLD.f164f72e65	stem_tuber
habitatmech:GOLD.f18dafe21d	sediment__8fdad19e
habitatmech:GOLD.f1a2eca320	fossilized_remains__8b01c49f
habitatmech:GOLD.f1e0d494f8	biofilm__465616a5
habitatmech:GOLD.f1e183218e	surface__d380610c
habitatmech:GOLD.f1f87de0bb	elastic__846c7f5c
habitatmech:GOLD.f20c790f66	meat_poultry_processing_plant
habitatmech:GOLD.f21263a95e	breast_cancer
habitatmech:GOLD.f278a2544f	chlorinated
habitatmech:GOLD.f29bf6320f	thorax_drainage
habitatmech:GOLD.f2a6418a5c	fetus__250e9844
habitatmech:GOLD.f2a79661c0	oral_fluids
habitatmech:GOLD.f2b3898665	sediment__a0cc022c
habitatmech:GOLD.f33cee3a15	seminal_glands__3f801211
habitatmech:GOLD.f34b5a3ef3	hela
habitatmech:GOLD.f3560ae8d1	nasal_cavity__ee1870e8
habitatmech:GOLD.f386e4764b	endocrine_system__a22b6ca6
habitatmech:GOLD.f3b93cb911	sediment__69d4893f
habitatmech:GOLD.f3dc60ff11	glacier_meltwater
habitatmech:GOLD.f3de85dd9b	sbr_ebpr
habitatmech:GOLD.f3f5ed6008	intestine__1e17aa3d
habitatmech:GOLD.f3fef23d8d	ascites__f2c36f2c
habitatmech:GOLD.f404388f36	testes__e80bd156
habitatmech:GOLD.f40769821f	right
habitatmech:GOLD.f4529d4578	short_bone__83833d0c
habitatmech:GOLD.f459151394	activated_sludge__afe6b159
habitatmech:GOLD.f46a5017f9	blood__070ce7aa
habitatmech:GOLD.f46eba7b40	microbialites__b8560cfd
habitatmech:GOLD.f495d7fb74	ligament__3707378b
habitatmech:GOLD.f4ad599661	umbilical_cord_blood__d492468a
habitatmech:GOLD.f4b3e65e7c	manure_fertilized
habitatmech:GOLD.f572c0279d	mixed_alcohol_bioreactor
habitatmech:GOLD.f5c2a31934	ileum_cecum
habitatmech:GOLD.f5fadaeb00	nasal__f193148b
habitatmech:GOLD.f63f2d7ddd	contaminated__fe3cf138
habitatmech:GOLD.f65007e88e	lymphatic_system__b7b64dca
habitatmech:GOLD.f655f67ca2	mixed_feedstock
habitatmech:GOLD.f670e3d764	bioreactor__afec28a4
habitatmech:GOLD.f6720bccf0	digestive_system__87922027
habitatmech:GOLD.f69b5ed198	lab_enrichment__ef29994d
habitatmech:GOLD.f6b4333781	fish_products
habitatmech:GOLD.f6d43392f1	muscular_system__083cc186
habitatmech:GOLD.f6f1f08dd7	petrochemical__e9073024
habitatmech:GOLD.f6f3c87964	leachate__6407848f
habitatmech:GOLD.f736cbfbc5	uterus__a0e26d9f
habitatmech:GOLD.f73733ec5a	mature_compost
habitatmech:GOLD.f74ba58314	fascia__1f6c9c1a
habitatmech:GOLD.f75a08c716	long_bone__dc458a9f
habitatmech:GOLD.f75e192814	saline_water__863799b0
habitatmech:GOLD.f7817d5782	umbilical_cord__097292ec
habitatmech:GOLD.f7cbad92b8	gut__712c4b85
habitatmech:GOLD.f7cc0ef1b4	bronchi__c8c64428
habitatmech:GOLD.f7df33dbae	compact_bone__c00eaa73
habitatmech:GOLD.f7e400b753	mixed_algae_turf
habitatmech:GOLD.f7e4e2484f	snow__7a83b333
habitatmech:GOLD.f87245a357	dug_well
habitatmech:GOLD.f876b2a17e	forest_soil__c37a0f5c
habitatmech:GOLD.f8aad47f0f	bile__612af0df
habitatmech:GOLD.f8b744283b	aquifer__33e3996b
habitatmech:GOLD.f8d8ec5388	secondary
habitatmech:GOLD.f8fb18f2a0	lab_culture
habitatmech:GOLD.f911ae9902	desert__00052730
habitatmech:GOLD.f93dba43d8	digital_dermatitis
habitatmech:GOLD.f962316223	microbial_mat__eb27cff0
habitatmech:GOLD.f9af2e0686	molluscs_tank
habitatmech:GOLD.f9bc260cd7	commercial_compost
habitatmech:GOLD.f9d0b8af79	woodchip_biofilm
habitatmech:GOLD.f9e93f7d86	testicle_testes_sperm__0523b9f3
habitatmech:GOLD.f9f745629a	abdomen__ca3ba4b6
habitatmech:GOLD.fa0932d6fe	glacier_forefield
habitatmech:GOLD.fa14bd1ee6	sporeling
habitatmech:GOLD.fa45416ff4	hypoxic_zone
habitatmech:GOLD.fa99e76de1	galls
habitatmech:GOLD.faaf9502b6	sediment__e51105ff
habitatmech:GOLD.fab3524f06	liver__57633b95
habitatmech:GOLD.fac4f63f3b	respiratory_system__ef8617fd
habitatmech:GOLD.faf9f777e1	freshwater__fec74bd2
habitatmech:GOLD.fb56a964a6	fibroma
habitatmech:GOLD.fb6caa2908	digestive_system__d7057103
habitatmech:GOLD.fb82b19ebb	meconium__b08d4474
habitatmech:GOLD.fc2423aa4b	composting__a2009224
habitatmech:GOLD.fc35741739	soil__b5a2e0b1
habitatmech:GOLD.fca7bdbd2b	mucus__8348c688
habitatmech:GOLD.fcb6762143	keratoacanthoma
habitatmech:GOLD.fcba7e6334	aphotic_zone
habitatmech:GOLD.fcc934bd13	reproductive_system__54f3b564
habitatmech:GOLD.fcd411e17e	genital_region
habitatmech:GOLD.fcfbc02d98	sediment_microcosm
habitatmech:GOLD.fcffce99b0	intestinal_mucosa__1a741328
habitatmech:GOLD.fd0221f092	conjunctiva__6e913f9c
habitatmech:GOLD.fd0f5fb682	respiratory_system__9e262cd9
habitatmech:GOLD.fd21f91e1f	b_horizon_subsoil__651ed64d
habitatmech:GOLD.fd2b0ef71a	germ_cell_tumor
habitatmech:GOLD.fd6ea3657a	whole_body__806e5340
habitatmech:GOLD.fd7b992495	brine__791bb429
habitatmech:GOLD.fdd6965162	dermatitis__d991f62d
habitatmech:GOLD.fe0f5e3f09	gut__3b9e68f2
habitatmech:GOLD.fe15c866b9	osseous_tissue__0daeca79
habitatmech:GOLD.fe4f95287e	cerebrospinal_fluid__f9e9497c
habitatmech:GOLD.fe591e2cb7	fallopian_tubes__c41e0038
habitatmech:GOLD.fe59a0bfb1	nodule
habitatmech:GOLD.fe6a2e45f2	sargassum
habitatmech:GOLD.fe78a4c113	foregut__ee6a8f74
habitatmech:GOLD.fec2625866	sediment__ebfa10eb
habitatmech:GOLD.feecbcaf98	nervous_system__e1f8fda2
habitatmech:GOLD.ff22e48912	microbial_mats__200e1828
habitatmech:GOLD.ff23f08ccf	sediment__46eca6b1
habitatmech:GOLD.ff35dc2e13	nose_follicle
habitatmech:GOLD.ff7eae0a14	sacciform
habitatmech:GOLD.ff82e6ad1b	mineral_soil__5474c25b
habitatmech:GOLD.ff83a59297	posterior_nares__bcf52745
habitatmech:GOLD.ffd1fda259	chyme__0bfd2730
habitatmech:GOLD.ffea544c70	microbial_mats__54849ba0
habitatmech:MADIN.25325947e2	part_of_plant
habitatmech:MADIN.5eeeec4db2	alga
habitatmech:MADIN.6d3f5f967f	hydrocarbon__b1f62927
habitatmech:MADIN.81cb9e74cb	food
habitatmech:MADIN.8eaf8ee93c	arid
habitatmech:MADIN.d6e2979509	multicellular_organism
habitatmech:MADIN.ece0235b87	soil_pollution
mesh:D000038	abscess__35b7623f
mesh:D000076624	built_environment
mesh:D062611	solid_waste
