bacdive_id	rank	taxon_id	taxon_label	strain_count
bacdive.isolation_source:abort	1	NCBITaxon:749	[Pasteurella] aerogenes	8
bacdive.isolation_source:abort	2	NCBITaxon:32020	Campylobacter fetus subsp. venerealis	5
bacdive.isolation_source:abort	3	NCBITaxon:28198	Aliarcobacter cryaerophilus	4
bacdive.isolation_source:abort	4	NCBITaxon:123820	[Actinobacillus] rossii	2
bacdive.isolation_source:abort	5	NCBITaxon:1014	Weeksella virosa	1
bacdive.isolation_source:abort	6	NCBITaxon:1017184	Camelimonas abortus	1
bacdive.isolation_source:abort	7	NCBITaxon:1032070	Aliarcobacter cryaerophilus ATCC 43158	1
bacdive.isolation_source:abort	8	NCBITaxon:1032240	Aliarcobacter thereius LMG 24486	1
bacdive.isolation_source:abort	9	NCBITaxon:1072256	Corynebacterium uterequi	1
bacdive.isolation_source:abort	10	NCBITaxon:108028	Arcanobacterium pluranimalium	1
bacdive.isolation_source:abort	11	NCBITaxon:1293442	Falsochrobactrum ovis	1
bacdive.isolation_source:abort	12	NCBITaxon:147802	Lactobacillus iners	1
bacdive.isolation_source:abort	13	NCBITaxon:156979	Pseudoglutamicibacter cumminsii	1
bacdive.isolation_source:abort	14	NCBITaxon:1642	Listeria innocua	1
bacdive.isolation_source:abort	15	NCBITaxon:1725	Corynebacterium xerosis	1
bacdive.isolation_source:abort	16	NCBITaxon:1737	Paraclostridium tenue	1
bacdive.isolation_source:abort	17	NCBITaxon:1960103	Listeria sp.	1
bacdive.isolation_source:abort	18	NCBITaxon:206	Campylobacter sputorum	1
bacdive.isolation_source:abort	19	NCBITaxon:28200	Aliarcobacter skirrowii	1
bacdive.isolation_source:abort	20	NCBITaxon:445930	Trueperella abortisuis	1
bacdive.isolation_source:abort	21	NCBITaxon:50960	Helicobacter trogontum	1
bacdive.isolation_source:abort	22	NCBITaxon:83554	Chlamydia psittaci	1
bacdive.isolation_source:abort	23	NCBITaxon:83555	Chlamydia abortus	1
bacdive.isolation_source:abort	24	NCBITaxon:88874	Luteococcus peritonei	1
bacdive.isolation_source:air-conditioner	1	NCBITaxon:409	Methylobacterium sp.	5
bacdive.isolation_source:air-conditioner	2	NCBITaxon:28214	Sphingomonas sp.	2
bacdive.isolation_source:air-conditioner	3	NCBITaxon:1122167	Legionella quinlivanii DSM 21216	1
bacdive.isolation_source:air-conditioner	4	NCBITaxon:1899569	Spirosoma sp.	1
bacdive.isolation_source:air-conditioner	5	NCBITaxon:2024	Thermoactinomyces intermedius	1
bacdive.isolation_source:air-conditioner	6	NCBITaxon:2026	Thermoactinomyces vulgaris	1
bacdive.isolation_source:air-conditioner	7	NCBITaxon:2133958	Nocardioides currus	1
bacdive.isolation_source:air-conditioner	8	NCBITaxon:34073	Variovorax paradoxus	1
bacdive.isolation_source:air-conditioner	9	NCBITaxon:341027	Sphingobacterium sp.	1
bacdive.isolation_source:air-conditioner	10	NCBITaxon:413712	Sphingomonas pseudosanguinis	1
bacdive.isolation_source:air-conditioner	11	NCBITaxon:594679	Allofrancisella guangzhouensis	1
bacdive.isolation_source:airways	1	NCBITaxon:287	Pseudomonas aeruginosa	12
bacdive.isolation_source:airways	2	NCBITaxon:43769	Corynebacterium propinquum	3
bacdive.isolation_source:airways	3	NCBITaxon:562	Escherichia coli	3
bacdive.isolation_source:airways	4	NCBITaxon:90241	Lwoffella lincolnii	2
bacdive.isolation_source:airways	5	NCBITaxon:1069221	Mycolicibacillus parakoreensis	1
bacdive.isolation_source:airways	6	NCBITaxon:1089453	Gordonia sputi NBRC 100414	1
bacdive.isolation_source:airways	7	NCBITaxon:110505	Mycobacterium heckeshornense	1
bacdive.isolation_source:airways	8	NCBITaxon:1111729	Corynebacterium sputi DSM 45148	1
bacdive.isolation_source:airways	9	NCBITaxon:1121367	Corynebacterium propinquum DSM 44285	1
bacdive.isolation_source:airways	10	NCBITaxon:1122243	Moraxella boevrei DSM 14165	1
bacdive.isolation_source:airways	11	NCBITaxon:1122244	Moraxella caprae DSM 19149	1
bacdive.isolation_source:airways	12	NCBITaxon:1122248	Mycoplasmopsis gallinarum DSM 19816	1
bacdive.isolation_source:airways	13	NCBITaxon:1122935	Alitibacter langaaensis DSM 22999	1
bacdive.isolation_source:airways	14	NCBITaxon:1210091	Nocardia ninae NBRC 108245	1
bacdive.isolation_source:airways	15	NCBITaxon:1215110	Pseudomonas monteilii NBRC 103158 = DSM 14164	1
bacdive.isolation_source:airways	16	NCBITaxon:1215116	Ectopseudomonas oleovorans NBRC 14167	1
bacdive.isolation_source:airways	17	NCBITaxon:123822	[Haemophilus] felis	1
bacdive.isolation_source:airways	18	NCBITaxon:1267002	Mycoplasmoides gallisepticum ATCC 19610	1
bacdive.isolation_source:airways	19	NCBITaxon:1431546	Corynebacterium aquilae DSM 44791	1
bacdive.isolation_source:airways	20	NCBITaxon:144550	Mycolicibacterium fortuitum subsp. acetamidolyticum	1
bacdive.isolation_source:airways	21	NCBITaxon:1553448	Falsigemmobacter intermedius	1
bacdive.isolation_source:airways	22	NCBITaxon:1553449	Psychrobacter ciconiae	1
bacdive.isolation_source:airways	23	NCBITaxon:1566886	Mycolicibacterium malmesburyense	1
bacdive.isolation_source:airways	24	NCBITaxon:1736691	Aeromicrobium choanae	1
bacdive.isolation_source:airways	25	NCBITaxon:1785	Mycobacterium sp.	1
bacdive.isolation_source:anaerobic-digestor	1	NCBITaxon:1506	Clostridium sp.	3
bacdive.isolation_source:anaerobic-digestor	2	NCBITaxon:224999	Tepidanaerobacter syntrophicus	3
bacdive.isolation_source:anaerobic-digestor	3	NCBITaxon:1869227	bacterium	2
bacdive.isolation_source:anaerobic-digestor	4	NCBITaxon:2200	Methanoculleus thermophilus	2
bacdive.isolation_source:anaerobic-digestor	5	NCBITaxon:2209	Methanosarcina mazei	2
bacdive.isolation_source:anaerobic-digestor	6	NCBITaxon:100133	Sporobacterium olearium	1
bacdive.isolation_source:anaerobic-digestor	7	NCBITaxon:100174	Clostridium peptidivorans	1
bacdive.isolation_source:anaerobic-digestor	8	NCBITaxon:1006576	Defluviitoga tunisiensis	1
bacdive.isolation_source:anaerobic-digestor	9	NCBITaxon:1069080	Succinispira mobilis DSM 6222	1
bacdive.isolation_source:anaerobic-digestor	10	NCBITaxon:1121262	Caloramator proteoclasticus DSM 10124	1
bacdive.isolation_source:anaerobic-digestor	11	NCBITaxon:1121327	Anaerotignum neopropionicum DSM 3847	1
bacdive.isolation_source:anaerobic-digestor	12	NCBITaxon:1121345	Anaerocolumna xylanovorans DSM 12503	1
bacdive.isolation_source:anaerobic-digestor	13	NCBITaxon:1121394	Desulfatirhabdium butyrativorans DSM 18734	1
bacdive.isolation_source:anaerobic-digestor	14	NCBITaxon:1121458	Humidesulfovibrio mexicanus DSM 13116	1
bacdive.isolation_source:anaerobic-digestor	15	NCBITaxon:1122930	Papillibacter cinnamivorans DSM 12816	1
bacdive.isolation_source:anaerobic-digestor	16	NCBITaxon:1123008	Proteiniphilum acetatigenes DSM 18083	1
bacdive.isolation_source:anaerobic-digestor	17	NCBITaxon:1123280	Sporacetigenium mesophilum DSM 16796	1
bacdive.isolation_source:anaerobic-digestor	18	NCBITaxon:1123281	Sporanaerobacter acetigenes DSM 13106	1
bacdive.isolation_source:anaerobic-digestor	19	NCBITaxon:118062	Methanobacterium congolense	1
bacdive.isolation_source:anaerobic-digestor	20	NCBITaxon:125602	Desulfococcus biacutus	1
bacdive.isolation_source:anaerobic-digestor	21	NCBITaxon:1266720	Neomoorella stamsii	1
bacdive.isolation_source:anaerobic-digestor	22	NCBITaxon:128782	Allobosea minatitlanensis	1
bacdive.isolation_source:anaerobic-digestor	23	NCBITaxon:1295128	Thermodesulfovibrio aggregans JCM 13213	1
bacdive.isolation_source:anaerobic-digestor	24	NCBITaxon:1298606	Methanosarcina barkeri JCM 10043	1
bacdive.isolation_source:anaerobic-digestor	25	NCBITaxon:1300163	Methanobacterium formicicum JCM 10132	1
bacdive.isolation_source:animal-habitation-nest,burrow	1	NCBITaxon:1436798	Rickettsia fournieri	1
bacdive.isolation_source:animal-habitation-nest,burrow	2	NCBITaxon:156980	Arthrobacter woluwensis	1
bacdive.isolation_source:animal-habitation-nest,burrow	3	NCBITaxon:1641715	Sinobacterium norvegicum	1
bacdive.isolation_source:animal-produced-food-natural	1	NCBITaxon:1464	Paenibacillus larvae	16
bacdive.isolation_source:animal-produced-food-natural	2	NCBITaxon:1926289	Herminiimonas sp.	3
bacdive.isolation_source:animal-produced-food-natural	3	NCBITaxon:33885	Microbacterium lacticum	2
bacdive.isolation_source:animal-produced-food-natural	4	NCBITaxon:83428	uncultured Bacillus sp.	2
bacdive.isolation_source:animal-produced-food-natural	5	NCBITaxon:1280	Staphylococcus aureus	1
bacdive.isolation_source:animal-produced-food-natural	6	NCBITaxon:1334	Streptococcus dysgalactiae	1
bacdive.isolation_source:animal-produced-food-natural	7	NCBITaxon:1348	Streptococcus parauberis	1
bacdive.isolation_source:animal-produced-food-natural	8	NCBITaxon:1358	Lactococcus lactis	1
bacdive.isolation_source:animal-produced-food-natural	9	NCBITaxon:1366	Pseudolactococcus raffinolactis	1
bacdive.isolation_source:animal-produced-food-natural	10	NCBITaxon:1402	Bacillus licheniformis	1
bacdive.isolation_source:animal-produced-food-natural	11	NCBITaxon:1421	Lysinibacillus sphaericus	1
bacdive.isolation_source:animal-produced-food-natural	12	NCBITaxon:1582	Lacticaseibacillus casei	1
bacdive.isolation_source:animal-produced-food-natural	13	NCBITaxon:1597	Lacticaseibacillus paracasei	1
bacdive.isolation_source:animal-produced-food-natural	14	NCBITaxon:1661	Trueperella pyogenes	1
bacdive.isolation_source:animal-produced-food-natural	15	NCBITaxon:315405	Streptococcus gallolyticus	1
bacdive.isolation_source:animal-produced-food-natural	16	NCBITaxon:46224	Heyndrickxia sporothermodurans	1
bacdive.isolation_source:animal-produced-food-natural	17	NCBITaxon:586733	Staphylococcus devriesei	1
bacdive.isolation_source:animal-produced-food-natural	18	NCBITaxon:665913	Mixta calida	1
bacdive.isolation_source:animal-produced-food-natural	19	NCBITaxon:69218	Enterobacter cancerogenus	1
bacdive.isolation_source:antibiotic-treatment	1	NCBITaxon:1318743	Bartonella ancashensis	1
bacdive.isolation_source:antibiotic-treatment	2	NCBITaxon:1319815	Cetobacterium somerae ATCC BAA-474	1
bacdive.isolation_source:antibiotic-treatment	3	NCBITaxon:1423	Bacillus subtilis	1
bacdive.isolation_source:antibiotic-treatment	4	NCBITaxon:173959	Brevibacillus invocatus	1
bacdive.isolation_source:antibiotic-treatment	5	NCBITaxon:405946	Oceanobacillus caeni	1
bacdive.isolation_source:aquaculture	1	NCBITaxon:197222	Paraglaciecola mesophila	3
bacdive.isolation_source:aquaculture	2	NCBITaxon:678	Vibrio sp.	3
bacdive.isolation_source:aquaculture	3	NCBITaxon:1005	Flexibacter sp.	2
bacdive.isolation_source:aquaculture	4	NCBITaxon:246432	Staphylococcus equorum	2
bacdive.isolation_source:aquaculture	5	NCBITaxon:288	Pseudoalteromonas atlantica	2
bacdive.isolation_source:aquaculture	6	NCBITaxon:526588	Vibrio ostreicida	2
bacdive.isolation_source:aquaculture	7	NCBITaxon:53249	Pseudoalteromonas sp.	2
bacdive.isolation_source:aquaculture	8	NCBITaxon:60890	Phaeobacter gallaeciensis	2
bacdive.isolation_source:aquaculture	9	NCBITaxon:651	Aeromonas media	2
bacdive.isolation_source:aquaculture	10	NCBITaxon:666	Vibrio cholerae	2
bacdive.isolation_source:aquaculture	11	NCBITaxon:946678	Flavobacterium araucananum	2
bacdive.isolation_source:aquaculture	12	NCBITaxon:1000562	Streptococcus phocae subsp. salmonis	1
bacdive.isolation_source:aquaculture	13	NCBITaxon:1004316	Vibrio sonorensis	1
bacdive.isolation_source:aquaculture	14	NCBITaxon:1004322	Vibrio crosai	1
bacdive.isolation_source:aquaculture	15	NCBITaxon:1004326	Vibrio mexicanus	1
bacdive.isolation_source:aquaculture	16	NCBITaxon:1031541	Tropicimonas sediminicola	1
bacdive.isolation_source:aquaculture	17	NCBITaxon:1046128	Vibrio zhanjiangensis	1
bacdive.isolation_source:aquaculture	18	NCBITaxon:1119058	Affinundibacterium macrobrachii	1
bacdive.isolation_source:aquaculture	19	NCBITaxon:1121001	Andreprevotia lacus DSM 23236	1
bacdive.isolation_source:aquaculture	20	NCBITaxon:1121275	Chitinilyticum aquatile DSM 21506	1
bacdive.isolation_source:aquaculture	21	NCBITaxon:1121921	Gilvimarinus chinensis DSM 19667	1
bacdive.isolation_source:aquaculture	22	NCBITaxon:1131567	Cognatundibacterium squillarum	1
bacdive.isolation_source:aquaculture	23	NCBITaxon:1150776	Winogradskyella multivorans	1
bacdive.isolation_source:aquaculture	24	NCBITaxon:1178540	Bacillus zhangzhouensis	1
bacdive.isolation_source:aquaculture	25	NCBITaxon:1194427	Vibrio toranzoniae	1
bacdive.isolation_source:aquatic	1	NCBITaxon:83428	uncultured Bacillus sp.	55
bacdive.isolation_source:aquatic	2	NCBITaxon:1876	Micromonospora sp.	41
bacdive.isolation_source:aquatic	3	NCBITaxon:1931	Streptomyces sp.	26
bacdive.isolation_source:aquatic	4	NCBITaxon:86667	Jeotgalibacillus marinus	21
bacdive.isolation_source:aquatic	5	NCBITaxon:1869227	bacterium	20
bacdive.isolation_source:aquatic	6	NCBITaxon:294	Pseudomonas fluorescens	19
bacdive.isolation_source:aquatic	7	NCBITaxon:2	Bacteria	18
bacdive.isolation_source:aquatic	8	NCBITaxon:28214	Sphingomonas sp.	18
bacdive.isolation_source:aquatic	9	NCBITaxon:562	Escherichia coli	16
bacdive.isolation_source:aquatic	10	NCBITaxon:306	Pseudomonas sp.	14
bacdive.isolation_source:aquatic	11	NCBITaxon:376	Bradyrhizobium sp.	14
bacdive.isolation_source:aquatic	12	NCBITaxon:1153	Pseudanabaena sp.	13
bacdive.isolation_source:aquatic	13	NCBITaxon:1486246	Halomonas sp.	13
bacdive.isolation_source:aquatic	14	NCBITaxon:190721	Ralstonia insidiosa	10
bacdive.isolation_source:aquatic	15	NCBITaxon:303	Pseudomonas putida	10
bacdive.isolation_source:aquatic	16	NCBITaxon:409	Methylobacterium sp.	10
bacdive.isolation_source:aquatic	17	NCBITaxon:53249	Pseudoalteromonas sp.	10
bacdive.isolation_source:aquatic	18	NCBITaxon:678	Vibrio sp.	10
bacdive.isolation_source:aquatic	19	NCBITaxon:1211807	Stutzerimonas kunmingensis	9
bacdive.isolation_source:aquatic	20	NCBITaxon:287	Pseudomonas aeruginosa	9
bacdive.isolation_source:aquatic	21	NCBITaxon:314275	Alteromonas mediterranea	9
bacdive.isolation_source:aquatic	22	NCBITaxon:446	Legionella pneumophila	9
bacdive.isolation_source:aquatic	23	NCBITaxon:47917	Serratia fonticola	9
bacdive.isolation_source:aquatic	24	NCBITaxon:82985	Pragia fontium	9
bacdive.isolation_source:aquatic	25	NCBITaxon:143495	Aneurinibacillus thermoaerophilus	8
bacdive.isolation_source:aquatic-mammal	1	NCBITaxon:2108	Mycoplasma sp.	6
bacdive.isolation_source:aquatic-mammal	2	NCBITaxon:131112	Arcanobacterium phocae	4
bacdive.isolation_source:aquatic-mammal	3	NCBITaxon:53364	Brevibacterium otitidis	4
bacdive.isolation_source:aquatic-mammal	4	NCBITaxon:109472	Bisgaardia hudsonensis	3
bacdive.isolation_source:aquatic-mammal	5	NCBITaxon:119224	Streptococcus phocae	3
bacdive.isolation_source:aquatic-mammal	6	NCBITaxon:1965234	Ureaplasma sp.	3
bacdive.isolation_source:aquatic-mammal	7	NCBITaxon:395087	Paenimyroides ceti	3
bacdive.isolation_source:aquatic-mammal	8	NCBITaxon:1346	Streptococcus iniae	2
bacdive.isolation_source:aquatic-mammal	9	NCBITaxon:156892	Boudabousia marimammalium	2
bacdive.isolation_source:aquatic-mammal	10	NCBITaxon:269666	Streptococcus marimammalium	2
bacdive.isolation_source:aquatic-mammal	11	NCBITaxon:53344	Staphylococcus delphini	2
bacdive.isolation_source:aquatic-mammal	12	NCBITaxon:1042321	Ureaplasma miroungigenitalium	1
bacdive.isolation_source:aquatic-mammal	13	NCBITaxon:108028	Arcanobacterium pluranimalium	1
bacdive.isolation_source:aquatic-mammal	14	NCBITaxon:1121355	Corynebacterium caspium DSM 44850	1
bacdive.isolation_source:aquatic-mammal	15	NCBITaxon:1122146	Ligilactobacillus ceti DSM 22408	1
bacdive.isolation_source:aquatic-mammal	16	NCBITaxon:1122599	Neptunomonas japonica DSM 18939	1
bacdive.isolation_source:aquatic-mammal	17	NCBITaxon:1130046	Oceanivirga miroungae	1
bacdive.isolation_source:aquatic-mammal	18	NCBITaxon:1278303	Psychromonas macrocephali ATCC BAA-1527	1
bacdive.isolation_source:aquatic-mammal	19	NCBITaxon:1278307	Psychromonas ossibalaenae ATCC BAA-1528	1
bacdive.isolation_source:aquatic-mammal	20	NCBITaxon:1278309	Amphritea japonica ATCC BAA-1530	1
bacdive.isolation_source:aquatic-mammal	21	NCBITaxon:1278310	Amphritea balenae ATCC BAA-1529	1
bacdive.isolation_source:aquatic-mammal	22	NCBITaxon:1278312	Psychromonas aquimarina ATCC BAA-1526	1
bacdive.isolation_source:aquatic-mammal	23	NCBITaxon:1336234	Atopobacter phocae ATCC BAA-285	1
bacdive.isolation_source:aquatic-mammal	24	NCBITaxon:137733	Granulicatella balaenopterae	1
bacdive.isolation_source:aquatic-mammal	25	NCBITaxon:138563	Helicobacter cetorum	1
bacdive.isolation_source:aquatic-plant	1	NCBITaxon:34	Myxococcus xanthus	5
bacdive.isolation_source:aquatic-plant	2	NCBITaxon:1006155	Paenilisteria weihenstephanensis	2
bacdive.isolation_source:aquatic-plant	3	NCBITaxon:184914	Corallococcus coralloides	2
bacdive.isolation_source:aquatic-plant	4	NCBITaxon:33	Myxococcus fulvus	2
bacdive.isolation_source:aquatic-plant	5	NCBITaxon:1044	Erythrobacter longus	1
bacdive.isolation_source:aquatic-plant	6	NCBITaxon:1114878	Geomobilimonas luticola	1
bacdive.isolation_source:aquatic-plant	7	NCBITaxon:1121336	Thermoclostridium stercorarium subsp. thermolacticum DSM 2910	1
bacdive.isolation_source:aquatic-plant	8	NCBITaxon:1121467	Maridesulfovibrio zosterae DSM 11974	1
bacdive.isolation_source:aquatic-plant	9	NCBITaxon:1206817	Allorhizobium paknamense	1
bacdive.isolation_source:aquatic-plant	10	NCBITaxon:1210932	Peteryoungia ipomoeae	1
bacdive.isolation_source:aquatic-plant	11	NCBITaxon:1216006	Vibrio aerogenes CECT 7868	1
bacdive.isolation_source:aquatic-plant	12	NCBITaxon:1260928	Geobacter sulfurreducens subsp. ethanolicus	1
bacdive.isolation_source:aquatic-plant	13	NCBITaxon:1324766	Rothia endophytica	1
bacdive.isolation_source:aquatic-plant	14	NCBITaxon:1411316	Pedobacter sp.	1
bacdive.isolation_source:aquatic-plant	15	NCBITaxon:157842	Desulfofaba hansenii	1
bacdive.isolation_source:aquatic-plant	16	NCBITaxon:1799789	Paraglaciecola hydrolytica	1
bacdive.isolation_source:aquatic-plant	17	NCBITaxon:1834927	Kordia zosterae	1
bacdive.isolation_source:aquatic-plant	18	NCBITaxon:1843580	Xanthomonas floridensis	1
bacdive.isolation_source:aquatic-plant	19	NCBITaxon:1843581	Xanthomonas nasturtii	1
bacdive.isolation_source:aquatic-plant	20	NCBITaxon:1862160	Marinirhabdus citrea	1
bacdive.isolation_source:aquatic-plant	21	NCBITaxon:1869227	bacterium	1
bacdive.isolation_source:aquatic-plant	22	NCBITaxon:1871086	Brevundimonas sp.	1
bacdive.isolation_source:aquatic-plant	23	NCBITaxon:1872412	Agarivorans sp.	1
bacdive.isolation_source:aquatic-plant	24	NCBITaxon:1872635	Arenimonas sp.	1
bacdive.isolation_source:aquatic-plant	25	NCBITaxon:1873466	Modestobacter sp.	1
bacdive.isolation_source:biodegradation	1	NCBITaxon:1506	Clostridium sp.	6
bacdive.isolation_source:biodegradation	2	NCBITaxon:2213	Methanosarcina sp.	6
bacdive.isolation_source:biodegradation	3	NCBITaxon:1486246	Halomonas sp.	4
bacdive.isolation_source:biodegradation	4	NCBITaxon:1869227	bacterium	4
bacdive.isolation_source:biodegradation	5	NCBITaxon:1931	Streptomyces sp.	4
bacdive.isolation_source:biodegradation	6	NCBITaxon:145262	Methanothermobacter thermautotrophicus	3
bacdive.isolation_source:biodegradation	7	NCBITaxon:1667	Arthrobacter sp.	3
bacdive.isolation_source:biodegradation	8	NCBITaxon:1928	Streptomyces rochei	3
bacdive.isolation_source:biodegradation	9	NCBITaxon:2021	Thermobifida fusca	3
bacdive.isolation_source:biodegradation	10	NCBITaxon:224999	Tepidanaerobacter syntrophicus	3
bacdive.isolation_source:biodegradation	11	NCBITaxon:306	Pseudomonas sp.	3
bacdive.isolation_source:biodegradation	12	NCBITaxon:40990	Saccharomonospora glauca	3
bacdive.isolation_source:biodegradation	13	NCBITaxon:658457	Ectopseudomonas composti	3
bacdive.isolation_source:biodegradation	14	NCBITaxon:1159752	Enterococcus lemanii	2
bacdive.isolation_source:biodegradation	15	NCBITaxon:1159753	Enterococcus eurekensis	2
bacdive.isolation_source:biodegradation	16	NCBITaxon:1509	Clostridium sporogenes	2
bacdive.isolation_source:biodegradation	17	NCBITaxon:1511749	Geobacillus thermodenitrificans subsp. thermodenitrificans	2
bacdive.isolation_source:biodegradation	18	NCBITaxon:157465	Nocardiopsis composta	2
bacdive.isolation_source:biodegradation	19	NCBITaxon:1580	Levilactobacillus brevis	2
bacdive.isolation_source:biodegradation	20	NCBITaxon:1904254	Hydrogenophaga sp.	2
bacdive.isolation_source:biodegradation	21	NCBITaxon:2026	Thermoactinomyces vulgaris	2
bacdive.isolation_source:biodegradation	22	NCBITaxon:2200	Methanoculleus thermophilus	2
bacdive.isolation_source:biodegradation	23	NCBITaxon:2203	Methanospirillum hungatei	2
bacdive.isolation_source:biodegradation	24	NCBITaxon:2208	Methanosarcina barkeri	2
bacdive.isolation_source:biodegradation	25	NCBITaxon:2209	Methanosarcina mazei	2
bacdive.isolation_source:biopsy	1	NCBITaxon:210	Helicobacter pylori	10
bacdive.isolation_source:biopsy	2	NCBITaxon:84112	Eggerthella lenta	5
bacdive.isolation_source:biopsy	3	NCBITaxon:46124	Granulicatella adiacens	4
bacdive.isolation_source:biopsy	4	NCBITaxon:199	Campylobacter concisus	3
bacdive.isolation_source:biopsy	5	NCBITaxon:1177574	Prevotella jejuni	2
bacdive.isolation_source:biopsy	6	NCBITaxon:1506	Clostridium sp.	2
bacdive.isolation_source:biopsy	7	NCBITaxon:1747	Cutibacterium acnes	2
bacdive.isolation_source:biopsy	8	NCBITaxon:32021	Campylobacter jejuni subsp. doylei	2
bacdive.isolation_source:biopsy	9	NCBITaxon:102618	Helicobacter pylori NCTC 11637 = CCUG 17874 = ATCC 43504 = JCM 12093	1
bacdive.isolation_source:biopsy	10	NCBITaxon:1031752	Campylobacter hyointestinalis subsp. lawsonii CCUG 27631	1
bacdive.isolation_source:biopsy	11	NCBITaxon:110505	Mycobacterium heckeshornense	1
bacdive.isolation_source:biopsy	12	NCBITaxon:1210078	Nocardia kruczakiae NBRC 101016	1
bacdive.isolation_source:biopsy	13	NCBITaxon:1223489	Nocardia niwae NBRC 108934 = DSM 45340	1
bacdive.isolation_source:biopsy	14	NCBITaxon:1254	Pediococcus acidilactici	1
bacdive.isolation_source:biopsy	15	NCBITaxon:1265311	Mycobacterium arosiense ATCC BAA-1401 = DSM 45069	1
bacdive.isolation_source:biopsy	16	NCBITaxon:1302	Streptococcus gordonii	1
bacdive.isolation_source:biopsy	17	NCBITaxon:1306	Streptococcus sp.	1
bacdive.isolation_source:biopsy	18	NCBITaxon:131111	Schaalia turicensis	1
bacdive.isolation_source:biopsy	19	NCBITaxon:132249	Nocardia veterana	1
bacdive.isolation_source:biopsy	20	NCBITaxon:134034	Corynebacterium freneyi	1
bacdive.isolation_source:biopsy	21	NCBITaxon:1380685	Kroppenstedtia pulmonis	1
bacdive.isolation_source:biopsy	22	NCBITaxon:141349	Mycobacterium lentiflavum	1
bacdive.isolation_source:biopsy	23	NCBITaxon:1423749	Limosilactobacillus gastricus DSM 16045	1
bacdive.isolation_source:biopsy	24	NCBITaxon:1423763	Lactobacillus kalixensis DSM 16043	1
bacdive.isolation_source:biopsy	25	NCBITaxon:1430326	Mycobacterium decipiens	1
bacdive.isolation_source:bioremediation	1	NCBITaxon:1667	Arthrobacter sp.	5
bacdive.isolation_source:bioremediation	2	NCBITaxon:1830	Rhodococcus ruber	2
bacdive.isolation_source:bioremediation	3	NCBITaxon:404881	Albidovulum denitrificans	2
bacdive.isolation_source:bioremediation	4	NCBITaxon:53408	Pseudomonas citronellolis	2
bacdive.isolation_source:bioremediation	5	NCBITaxon:83617	Stenotrophomonas nitritireducens	2
bacdive.isolation_source:bioremediation	6	NCBITaxon:105560	Methylibium petroleiphilum	1
bacdive.isolation_source:bioremediation	7	NCBITaxon:1089551	Geminicoccus roseus DSM 18922	1
bacdive.isolation_source:bioremediation	8	NCBITaxon:1121460	Megalodesulfovibrio paquesii DSM 16681	1
bacdive.isolation_source:bioremediation	9	NCBITaxon:1121472	Desulfurispora thermophila DSM 16022	1
bacdive.isolation_source:bioremediation	10	NCBITaxon:1121927	Gordonia hirsuta DSM 44140 = NBRC 16056	1
bacdive.isolation_source:bioremediation	11	NCBITaxon:1122183	Luteimonas mephitis DSM 12574	1
bacdive.isolation_source:bioremediation	12	NCBITaxon:1123024	Pseudonocardia asaccharolytica DSM 44247 = NBRC 16224	1
bacdive.isolation_source:bioremediation	13	NCBITaxon:1123256	Solimonas variicoloris DSM 15731	1
bacdive.isolation_source:bioremediation	14	NCBITaxon:1223511	Pseudonocardia sulfidoxydans NBRC 16205	1
bacdive.isolation_source:bioremediation	15	NCBITaxon:1223541	Gordonia hydrophobica NBRC 16057	1
bacdive.isolation_source:bioremediation	16	NCBITaxon:134602	Actinomadura nitritigenes	1
bacdive.isolation_source:bioremediation	17	NCBITaxon:13687	Sphingomonas	1
bacdive.isolation_source:bioremediation	18	NCBITaxon:1498499	Legionella norrlandica	1
bacdive.isolation_source:bioremediation	19	NCBITaxon:1552750	Zoogloea oleivorans	1
bacdive.isolation_source:bioremediation	20	NCBITaxon:159478	Alkanibacter difficilis	1
bacdive.isolation_source:bioremediation	21	NCBITaxon:1720	Corynebacterium sp.	1
bacdive.isolation_source:bioremediation	22	NCBITaxon:1871044	Clavibacter sp.	1
bacdive.isolation_source:bioremediation	23	NCBITaxon:1871047	Chryseobacterium sp.	1
bacdive.isolation_source:bioremediation	24	NCBITaxon:1871616	Dietzia sp.	1
bacdive.isolation_source:bioremediation	25	NCBITaxon:2608088	Aliihoeflea sp.	1
bacdive.isolation_source:bladder-stone	1	NCBITaxon:1282	Staphylococcus epidermidis	1
bacdive.isolation_source:bladder-stone	2	NCBITaxon:2702	Gardnerella vaginalis	1
bacdive.isolation_source:bladder-stone	3	NCBITaxon:43771	Corynebacterium urealyticum	1
bacdive.isolation_source:bladder-stone	4	NCBITaxon:504474	Corynebacterium urealyticum DSM 7109	1
bacdive.isolation_source:bladder-stone	5	NCBITaxon:508451	Lactobacillus taiwanensis	1
bacdive.isolation_source:bladder-stone	6	NCBITaxon:588	Providencia stuartii	1
bacdive.isolation_source:bladder-stone	7	NCBITaxon:827	Campylobacter ureolyticus	1
bacdive.isolation_source:bone	1	NCBITaxon:504	Kingella kingae	8
bacdive.isolation_source:bone	2	NCBITaxon:1280	Staphylococcus aureus	3
bacdive.isolation_source:bone	3	NCBITaxon:1328	Streptococcus anginosus	3
bacdive.isolation_source:bone	4	NCBITaxon:1659	Actinomyces israelii	3
bacdive.isolation_source:bone	5	NCBITaxon:33028	Staphylococcus saccharolyticus	3
bacdive.isolation_source:bone	6	NCBITaxon:46124	Granulicatella adiacens	3
bacdive.isolation_source:bone	7	NCBITaxon:1402	Bacillus licheniformis	2
bacdive.isolation_source:bone	8	NCBITaxon:1747	Cutibacterium acnes	2
bacdive.isolation_source:bone	9	NCBITaxon:29318	Winkia neuii subsp. anitrata	2
bacdive.isolation_source:bone	10	NCBITaxon:29394	Dolosigranulum pigrum	2
bacdive.isolation_source:bone	11	NCBITaxon:33010	Cutibacterium avidum	2
bacdive.isolation_source:bone	12	NCBITaxon:38284	Corynebacterium accolens	2
bacdive.isolation_source:bone	13	NCBITaxon:43770	Corynebacterium striatum	2
bacdive.isolation_source:bone	14	NCBITaxon:47920	Acidovorax delafieldii	2
bacdive.isolation_source:bone	15	NCBITaxon:598660	Corynebacterium pyruviciproducens	2
bacdive.isolation_source:bone	16	NCBITaxon:66228	Gleimia europaea	2
bacdive.isolation_source:bone	17	NCBITaxon:717	Actinobacillus capsulatus	2
bacdive.isolation_source:bone	18	NCBITaxon:732	Aggregatibacter aphrophilus	2
bacdive.isolation_source:bone	19	NCBITaxon:102684	Streptococcus infantarius	1
bacdive.isolation_source:bone	20	NCBITaxon:1121364	Corynebacterium massiliense DSM 45435	1
bacdive.isolation_source:bone	21	NCBITaxon:1219017	Rhodococcus jostii NBRC 16295	1
bacdive.isolation_source:bone	22	NCBITaxon:123899	Bordetella trematum	1
bacdive.isolation_source:bone	23	NCBITaxon:1265311	Mycobacterium arosiense ATCC BAA-1401 = DSM 45069	1
bacdive.isolation_source:bone	24	NCBITaxon:1283	Staphylococcus haemolyticus	1
bacdive.isolation_source:bone	25	NCBITaxon:1296	Mammaliicoccus sciuri	1
bacdive.isolation_source:bottled,-canned,-packed-food	1	NCBITaxon:1607837	Leuconostoc gelidum subsp. aenigmaticum	3
bacdive.isolation_source:bottled,-canned,-packed-food	2	NCBITaxon:164393	Latilactobacillus fuchuensis	3
bacdive.isolation_source:bottled,-canned,-packed-food	3	NCBITaxon:2751	Carnobacterium maltaromaticum	3
bacdive.isolation_source:bottled,-canned,-packed-food	4	NCBITaxon:1422	Geobacillus stearothermophilus	2
bacdive.isolation_source:bottled,-canned,-packed-food	5	NCBITaxon:1502	Clostridium perfringens	2
bacdive.isolation_source:bottled,-canned,-packed-food	6	NCBITaxon:2748	Carnobacterium divergens	2
bacdive.isolation_source:bottled,-canned,-packed-food	7	NCBITaxon:685706	Yersinia nurmii	2
bacdive.isolation_source:bottled,-canned,-packed-food	8	NCBITaxon:1046593	Leuconostoc carnosum KCTC 3525	1
bacdive.isolation_source:bottled,-canned,-packed-food	9	NCBITaxon:1121295	Clostridium algidicarnis DSM 15099	1
bacdive.isolation_source:bottled,-canned,-packed-food	10	NCBITaxon:1121312	Clostridium frigidicarnis DSM 12271	1
bacdive.isolation_source:bottled,-canned,-packed-food	11	NCBITaxon:1121314	Clostridium gasigenes DSM 12272	1
bacdive.isolation_source:bottled,-canned,-packed-food	12	NCBITaxon:1243000	Acidipropionibacterium olivae	1
bacdive.isolation_source:bottled,-canned,-packed-food	13	NCBITaxon:1243001	Acidipropionibacterium damnosum	1
bacdive.isolation_source:bottled,-canned,-packed-food	14	NCBITaxon:1366047	Geobacillus stearothermophilus ATCC 12980	1
bacdive.isolation_source:bottled,-canned,-packed-food	15	NCBITaxon:1367848	Cronobacter sakazakii NCIMB 8272	1
bacdive.isolation_source:bottled,-canned,-packed-food	16	NCBITaxon:1398	Heyndrickxia coagulans	1
bacdive.isolation_source:bottled,-canned,-packed-food	17	NCBITaxon:1402	Bacillus licheniformis	1
bacdive.isolation_source:bottled,-canned,-packed-food	18	NCBITaxon:1423719	Dellaglioa algida DSM 15638	1
bacdive.isolation_source:bottled,-canned,-packed-food	19	NCBITaxon:1449336	Carnobacterium divergens DSM 20623	1
bacdive.isolation_source:bottled,-canned,-packed-food	20	NCBITaxon:174587	Carnobacterium viridans	1
bacdive.isolation_source:bottled,-canned,-packed-food	21	NCBITaxon:1869227	bacterium	1
bacdive.isolation_source:bottled,-canned,-packed-food	22	NCBITaxon:1962263	Clostridium tepidum	1
bacdive.isolation_source:bottled,-canned,-packed-food	23	NCBITaxon:1981331	Pelobacter sp. DSM 2984	1
bacdive.isolation_source:bottled,-canned,-packed-food	24	NCBITaxon:208304	Thermoanaerobacterium bryantii	1
bacdive.isolation_source:bottled,-canned,-packed-food	25	NCBITaxon:214326	Latilactobacillus sakei subsp. sakei	1
bacdive.isolation_source:bovinae-cow,-cattle	1	NCBITaxon:731	Histophilus somni	26
bacdive.isolation_source:bovinae-cow,-cattle	2	NCBITaxon:1802	Mycolicibacterium farcinogenes	18
bacdive.isolation_source:bovinae-cow,-cattle	3	NCBITaxon:1661	Trueperella pyogenes	14
bacdive.isolation_source:bovinae-cow,-cattle	4	NCBITaxon:32020	Campylobacter fetus subsp. venerealis	14
bacdive.isolation_source:bovinae-cow,-cattle	5	NCBITaxon:1334	Streptococcus dysgalactiae	11
bacdive.isolation_source:bovinae-cow,-cattle	6	NCBITaxon:197	Campylobacter jejuni	10
bacdive.isolation_source:bovinae-cow,-cattle	7	NCBITaxon:1796	Mycolicibacterium senegalense	9
bacdive.isolation_source:bovinae-cow,-cattle	8	NCBITaxon:476	Moraxella bovis	8
bacdive.isolation_source:bovinae-cow,-cattle	9	NCBITaxon:153721	Sporocytophaga myxococcoides	7
bacdive.isolation_source:bovinae-cow,-cattle	10	NCBITaxon:1724	Corynebacterium renale	7
bacdive.isolation_source:bovinae-cow,-cattle	11	NCBITaxon:184914	Corallococcus coralloides	7
bacdive.isolation_source:bovinae-cow,-cattle	12	NCBITaxon:1886	Streptomyces albidoflavus	7
bacdive.isolation_source:bovinae-cow,-cattle	13	NCBITaxon:198	Campylobacter hyointestinalis	7
bacdive.isolation_source:bovinae-cow,-cattle	14	NCBITaxon:33	Myxococcus fulvus	7
bacdive.isolation_source:bovinae-cow,-cattle	15	NCBITaxon:678	Vibrio sp.	7
bacdive.isolation_source:bovinae-cow,-cattle	16	NCBITaxon:720	Actinobacillus lignieresii	7
bacdive.isolation_source:bovinae-cow,-cattle	17	NCBITaxon:82348	Streptococcus pluranimalium	7
bacdive.isolation_source:bovinae-cow,-cattle	18	NCBITaxon:206	Campylobacter sputorum	6
bacdive.isolation_source:bovinae-cow,-cattle	19	NCBITaxon:2081794	Mannheimia sp.	6
bacdive.isolation_source:bovinae-cow,-cattle	20	NCBITaxon:653940	Basfia succiniciproducens	6
bacdive.isolation_source:bovinae-cow,-cattle	21	NCBITaxon:1329	Streptococcus canis	5
bacdive.isolation_source:bovinae-cow,-cattle	22	NCBITaxon:1658	Actinomyces bovis	5
bacdive.isolation_source:bovinae-cow,-cattle	23	NCBITaxon:2	Bacteria	5
bacdive.isolation_source:bovinae-cow,-cattle	24	NCBITaxon:36808	Corynebacterium bovis	5
bacdive.isolation_source:bovinae-cow,-cattle	25	NCBITaxon:985762	Staphylococcus agnetis	5
bacdive.isolation_source:brackish	1	NCBITaxon:69670	Brevundimonas halotolerans	2
bacdive.isolation_source:brackish	2	NCBITaxon:1035916	Echinicola shivajiensis	1
bacdive.isolation_source:brackish	3	NCBITaxon:1048	Marichromatium gracile	1
bacdive.isolation_source:brackish	4	NCBITaxon:1049	Allochromatium vinosum	1
bacdive.isolation_source:brackish	5	NCBITaxon:1073250	Desulfamplus magnetovallimortis BW-1	1
bacdive.isolation_source:brackish	6	NCBITaxon:1084519	Nibribacter koreensis	1
bacdive.isolation_source:brackish	7	NCBITaxon:1085	Rhodospirillum rubrum	1
bacdive.isolation_source:brackish	8	NCBITaxon:1100	Pelodictyon luteolum	1
bacdive.isolation_source:brackish	9	NCBITaxon:110539		1
bacdive.isolation_source:brackish	10	NCBITaxon:1111735	Sedimenticola selenatireducens DSM 17993	1
bacdive.isolation_source:brackish	11	NCBITaxon:1120961	Ahrensia kielensis DSM 5890	1
bacdive.isolation_source:brackish	12	NCBITaxon:1120998	Anaerovorax odorimutans DSM 5092	1
bacdive.isolation_source:brackish	13	NCBITaxon:1121403	Desulfogranum japonicum DSM 18378	1
bacdive.isolation_source:brackish	14	NCBITaxon:1121410	Desulfoluna butyratoxydans DSM 19427	1
bacdive.isolation_source:brackish	15	NCBITaxon:1121416	Desulfopila aestuarii DSM 18488	1
bacdive.isolation_source:brackish	16	NCBITaxon:1123027	Pseudorhodobacter ferrugineus DSM 5888	1
bacdive.isolation_source:brackish	17	NCBITaxon:1123503	Woodsholea maritima DSM 17123	1
bacdive.isolation_source:brackish	18	NCBITaxon:1123517	Thiomicrospira pelophila DSM 1534	1
bacdive.isolation_source:brackish	19	NCBITaxon:1124597	Magnetococcus marinus	1
bacdive.isolation_source:brackish	20	NCBITaxon:1132696	Chryseobacterium rigui	1
bacdive.isolation_source:brackish	21	NCBITaxon:1165090	Imtechella halotolerans	1
bacdive.isolation_source:brackish	22	NCBITaxon:1194079	Streptomyces chilikensis	1
bacdive.isolation_source:brackish	23	NCBITaxon:1257026	Streptomyces barkulensis	1
bacdive.isolation_source:brackish	24	NCBITaxon:1257027		1
bacdive.isolation_source:brackish	25	NCBITaxon:129578	Oceanimonas baumannii	1
bacdive.isolation_source:bronchial-wash	1	NCBITaxon:1122164	Legionella lansingensis DSM 19556 = ATCC 49751	1
bacdive.isolation_source:bronchial-wash	2	NCBITaxon:1141647	Nocardia arizonensis	1
bacdive.isolation_source:bronchial-wash	3	NCBITaxon:1206729	Nocardia exalbida NBRC 100660	1
bacdive.isolation_source:bronchial-wash	4	NCBITaxon:1226751	Mycolicibacterium monacense DSM 44395	1
bacdive.isolation_source:bronchial-wash	5	NCBITaxon:1817	Nocardia	1
bacdive.isolation_source:bronchial-wash	6	NCBITaxon:1962118	Mycobacteroides abscessus subsp. massiliense	1
bacdive.isolation_source:bronchial-wash	7	NCBITaxon:2074	Pseudonocardia autotrophica	1
bacdive.isolation_source:bronchial-wash	8	NCBITaxon:222805	Mycobacterium intracellulare subsp. chimaera	1
bacdive.isolation_source:bronchial-wash	9	NCBITaxon:238	Elizabethkingia meningoseptica	1
bacdive.isolation_source:bronchial-wash	10	NCBITaxon:28087	Legionella sainthelensi	1
bacdive.isolation_source:bronchial-wash	11	NCBITaxon:286804	Segniliparus rugosus	1
bacdive.isolation_source:bronchial-wash	12	NCBITaxon:341199	Nocardia kroppenstedtii	1
bacdive.isolation_source:bronchial-wash	13	NCBITaxon:480035	Nocardia wallacei	1
bacdive.isolation_source:bronchial-wash	14	NCBITaxon:524884	Saccharopolyspora rosea	1
bacdive.isolation_source:bronchial-wash	15	NCBITaxon:72407	Klebsiella pneumoniae subsp. pneumoniae	1
bacdive.isolation_source:bronchial-wash	16	NCBITaxon:747	Pasteurella multocida	1
bacdive.isolation_source:bronchial-wash	17	NCBITaxon:756689	Nocardia amikacinitolerans	1
bacdive.isolation_source:bronchial-wash	18	NCBITaxon:912594	Mycolicibacterium iranicum	1
bacdive.isolation_source:canidae-dog	1	NCBITaxon:28091	Neisseria weaveri	31
bacdive.isolation_source:canidae-dog	2	NCBITaxon:28080	Campylobacter upsaliensis	21
bacdive.isolation_source:canidae-dog	3	NCBITaxon:754	Pasteurella dagmatis	17
bacdive.isolation_source:canidae-dog	4	NCBITaxon:1015	Bergeyella zoohelcum	16
bacdive.isolation_source:canidae-dog	5	NCBITaxon:2	Bacteria	16
bacdive.isolation_source:canidae-dog	6	NCBITaxon:28188	Capnocytophaga canimorsus	16
bacdive.isolation_source:canidae-dog	7	NCBITaxon:753	Pasteurella canis	13
bacdive.isolation_source:canidae-dog	8	NCBITaxon:760	Pasteurella stomatis	9
bacdive.isolation_source:canidae-dog	9	NCBITaxon:85336	Rothia nasimurium	9
bacdive.isolation_source:canidae-dog	10	NCBITaxon:197	Campylobacter jejuni	6
bacdive.isolation_source:canidae-dog	11	NCBITaxon:283734	Staphylococcus pseudintermedius	5
bacdive.isolation_source:canidae-dog	12	NCBITaxon:326522	Neisseria animaloris	5
bacdive.isolation_source:canidae-dog	13	NCBITaxon:99807	Corynebacterium auriscanis	5
bacdive.isolation_source:canidae-dog	14	NCBITaxon:1329	Streptococcus canis	4
bacdive.isolation_source:canidae-dog	15	NCBITaxon:28898	Campylobacter helveticus	4
bacdive.isolation_source:canidae-dog	16	NCBITaxon:29419	Helicobacter canis	4
bacdive.isolation_source:canidae-dog	17	NCBITaxon:317010	Enterococcus canintestini	4
bacdive.isolation_source:canidae-dog	18	NCBITaxon:759	Pasteurella sp.	4
bacdive.isolation_source:canidae-dog	19	NCBITaxon:1159213	Peptostreptococcus canis	3
bacdive.isolation_source:canidae-dog	20	NCBITaxon:131109	Actinomyces bowdenii	3
bacdive.isolation_source:canidae-dog	21	NCBITaxon:131112	Arcanobacterium phocae	3
bacdive.isolation_source:canidae-dog	22	NCBITaxon:1334	Streptococcus dysgalactiae	3
bacdive.isolation_source:canidae-dog	23	NCBITaxon:155085	Staphylococcus lutrae	3
bacdive.isolation_source:canidae-dog	24	NCBITaxon:52770	Buchananella hordeovulneris	3
bacdive.isolation_source:canidae-dog	25	NCBITaxon:100469	Schaalia canis	2
bacdive.isolation_source:canker	1	NCBITaxon:28447	Clavibacter michiganensis	1
bacdive.isolation_source:caprinae-sheep/goat	1	NCBITaxon:184914	Corallococcus coralloides	40
bacdive.isolation_source:caprinae-sheep/goat	2	NCBITaxon:33	Myxococcus fulvus	29
bacdive.isolation_source:caprinae-sheep/goat	3	NCBITaxon:54	Nannocystis exedens	27
bacdive.isolation_source:caprinae-sheep/goat	4	NCBITaxon:56	Sorangium cellulosum	24
bacdive.isolation_source:caprinae-sheep/goat	5	NCBITaxon:34	Myxococcus xanthus	18
bacdive.isolation_source:caprinae-sheep/goat	6	NCBITaxon:83456	Myxococcus virescens	16
bacdive.isolation_source:caprinae-sheep/goat	7	NCBITaxon:206	Campylobacter sputorum	15
bacdive.isolation_source:caprinae-sheep/goat	8	NCBITaxon:71864	Herpetosiphon sp.	11
bacdive.isolation_source:caprinae-sheep/goat	9	NCBITaxon:38	Archangium disciforme	10
bacdive.isolation_source:caprinae-sheep/goat	10	NCBITaxon:28450	Burkholderia pseudomallei	8
bacdive.isolation_source:caprinae-sheep/goat	11	NCBITaxon:1872627	Archangium sp.	7
bacdive.isolation_source:caprinae-sheep/goat	12	NCBITaxon:90240	Moraxella caprae	7
bacdive.isolation_source:caprinae-sheep/goat	13	NCBITaxon:108028	Arcanobacterium pluranimalium	6
bacdive.isolation_source:caprinae-sheep/goat	14	NCBITaxon:75985	Mannheimia haemolytica	6
bacdive.isolation_source:caprinae-sheep/goat	15	NCBITaxon:83462	Corallococcus exiguus	6
bacdive.isolation_source:caprinae-sheep/goat	16	NCBITaxon:85401	Mannheimia glucosida	6
bacdive.isolation_source:caprinae-sheep/goat	17	NCBITaxon:197	Campylobacter jejuni	5
bacdive.isolation_source:caprinae-sheep/goat	18	NCBITaxon:28121	Butyrivibrio sp.	5
bacdive.isolation_source:caprinae-sheep/goat	19	NCBITaxon:1661	Trueperella pyogenes	4
bacdive.isolation_source:caprinae-sheep/goat	20	NCBITaxon:1719	Corynebacterium pseudotuberculosis	4
bacdive.isolation_source:caprinae-sheep/goat	21	NCBITaxon:1962667	Nannocystis sp.	4
bacdive.isolation_source:caprinae-sheep/goat	22	NCBITaxon:35	Corallococcus macrosporus	4
bacdive.isolation_source:caprinae-sheep/goat	23	NCBITaxon:722	Actinobacillus seminis	4
bacdive.isolation_source:caprinae-sheep/goat	24	NCBITaxon:731	Histophilus somni	4
bacdive.isolation_source:caprinae-sheep/goat	25	NCBITaxon:82806	Streptococcus ovis	4
bacdive.isolation_source:catheter	1	NCBITaxon:573	Klebsiella pneumoniae	10
bacdive.isolation_source:catheter	2	NCBITaxon:40324	Stenotrophomonas maltophilia	4
bacdive.isolation_source:catheter	3	NCBITaxon:76832	Myroides odoratimimus	3
bacdive.isolation_source:catheter	4	NCBITaxon:119206	Aerococcus sanguinicola	2
bacdive.isolation_source:catheter	5	NCBITaxon:1282	Staphylococcus epidermidis	2
bacdive.isolation_source:catheter	6	NCBITaxon:1590	Lactiplantibacillus plantarum	2
bacdive.isolation_source:catheter	7	NCBITaxon:33889	Brevibacterium casei	2
bacdive.isolation_source:catheter	8	NCBITaxon:34062	Faucicola osloensis	2
bacdive.isolation_source:catheter	9	NCBITaxon:43771	Corynebacterium urealyticum	2
bacdive.isolation_source:catheter	10	NCBITaxon:469	Acinetobacter	2
bacdive.isolation_source:catheter	11	NCBITaxon:47312	Tsukamurella pulmonis	2
bacdive.isolation_source:catheter	12	NCBITaxon:550	Enterobacter cloacae	2
bacdive.isolation_source:catheter	13	NCBITaxon:1280	Staphylococcus aureus	1
bacdive.isolation_source:catheter	14	NCBITaxon:1283	Staphylococcus haemolyticus	1
bacdive.isolation_source:catheter	15	NCBITaxon:1295	Staphylococcus schleiferi	1
bacdive.isolation_source:catheter	16	NCBITaxon:1304	Streptococcus salivarius	1
bacdive.isolation_source:catheter	17	NCBITaxon:1341646	Mycolicibacterium septicum DSM 44393	1
bacdive.isolation_source:catheter	18	NCBITaxon:1352	Enterococcus faecium	1
bacdive.isolation_source:catheter	19	NCBITaxon:13689	Sphingomonas paucimobilis	1
bacdive.isolation_source:catheter	20	NCBITaxon:1381	Atopobium minutum	1
bacdive.isolation_source:catheter	21	NCBITaxon:1559	Clostridium tertium	1
bacdive.isolation_source:catheter	22	NCBITaxon:1596	Lactobacillus gasseri	1
bacdive.isolation_source:catheter	23	NCBITaxon:1671023	Tsukamurella hongkongensis	1
bacdive.isolation_source:catheter	24	NCBITaxon:1686	Bifidobacterium catenulatum	1
bacdive.isolation_source:catheter	25	NCBITaxon:170994	Brevibacterium paucivorans	1
bacdive.isolation_source:cave-water	1	NCBITaxon:1665626	Deinococcus budaensis	1
bacdive.isolation_source:cave-water	2	NCBITaxon:647	Aeromonas sp.	1
bacdive.isolation_source:climate	1	NCBITaxon:56	Sorangium cellulosum	7
bacdive.isolation_source:climate	2	NCBITaxon:33	Myxococcus fulvus	6
bacdive.isolation_source:climate	3	NCBITaxon:37632	Amycolatopsis sp.	3
bacdive.isolation_source:climate	4	NCBITaxon:153721	Sporocytophaga myxococcoides	2
bacdive.isolation_source:climate	5	NCBITaxon:1645614	Psychromicrobium silvestre	2
bacdive.isolation_source:climate	6	NCBITaxon:185678	Amycolatopsis viridis	2
bacdive.isolation_source:climate	7	NCBITaxon:1989	Actinomadura sp.	2
bacdive.isolation_source:climate	8	NCBITaxon:349910	Streptomyces bullii	2
bacdive.isolation_source:climate	9	NCBITaxon:357794	Psychromonas ingrahamii	2
bacdive.isolation_source:climate	10	NCBITaxon:83456	Myxococcus virescens	2
bacdive.isolation_source:climate	11	NCBITaxon:1002691	Occallatibacter savannae	1
bacdive.isolation_source:climate	12	NCBITaxon:1051531	Saccharothrix tamanrassetensis	1
bacdive.isolation_source:climate	13	NCBITaxon:1073423	Carnobacterium iners	1
bacdive.isolation_source:climate	14	NCBITaxon:1078754	Dyadobacter arcticus	1
bacdive.isolation_source:climate	15	NCBITaxon:1082345	Sphingobium boeckii	1
bacdive.isolation_source:climate	16	NCBITaxon:1120948	Actinomycetospora chiangmaiensis DSM 45062	1
bacdive.isolation_source:climate	17	NCBITaxon:1121022	Asticcacaulis benevestitus DSM 16100 = ATCC BAA-896	1
bacdive.isolation_source:climate	18	NCBITaxon:1121381	Deinococcus marmoris DSM 12784	1
bacdive.isolation_source:climate	19	NCBITaxon:1121922	Brumicola pallidula DSM 14239 = ACAM 615	1
bacdive.isolation_source:climate	20	NCBITaxon:1121930	Gracilimonas tropica DSM 19535	1
bacdive.isolation_source:climate	21	NCBITaxon:1122191	Maribacter antarcticus DSM 21422	1
bacdive.isolation_source:climate	22	NCBITaxon:1123255	Simplicispira psychrophila DSM 11588	1
bacdive.isolation_source:climate	23	NCBITaxon:1123514	Thiomicrorhabdus arctica DSM 13458	1
bacdive.isolation_source:climate	24	NCBITaxon:1128911	Paraglaciecola arctica	1
bacdive.isolation_source:climate	25	NCBITaxon:1132444	Methylocystis rosea SV97	1
bacdive.isolation_source:cnidaria-corals	1	NCBITaxon:1449351	Roseivivax isoporae LMG 25204	2
bacdive.isolation_source:cnidaria-corals	2	NCBITaxon:560080	Shewanella corallii	2
bacdive.isolation_source:cnidaria-corals	3	NCBITaxon:1027273	Endozoicomonas montiporae	1
bacdive.isolation_source:cnidaria-corals	4	NCBITaxon:1048357	Nocardiopsis coralliicola	1
bacdive.isolation_source:cnidaria-corals	5	NCBITaxon:1069963	Janibacter alkaliphilus	1
bacdive.isolation_source:cnidaria-corals	6	NCBITaxon:1074311	Vibrio alfacsensis	1
bacdive.isolation_source:cnidaria-corals	7	NCBITaxon:1120968	Algoriphagus vanfongensis DSM 17529	1
bacdive.isolation_source:cnidaria-corals	8	NCBITaxon:1120983	Amorphus coralli DSM 19760	1
bacdive.isolation_source:cnidaria-corals	9	NCBITaxon:1121027	Aurantimonas coralicida DSM 14790	1
bacdive.isolation_source:cnidaria-corals	10	NCBITaxon:1173995	Parvularcula dongshanensis	1
bacdive.isolation_source:cnidaria-corals	11	NCBITaxon:1216969	Janibacter corallicola NBRC 107790	1
bacdive.isolation_source:cnidaria-corals	12	NCBITaxon:1224163	Corynebacterium maris DSM 45190	1
bacdive.isolation_source:cnidaria-corals	13	NCBITaxon:1234143	Endozoicomonas euniceicola	1
bacdive.isolation_source:cnidaria-corals	14	NCBITaxon:1234144	Endozoicomonas gorgoniicola	1
bacdive.isolation_source:cnidaria-corals	15	NCBITaxon:1280004	Vibrio owensii LMG 25430	1
bacdive.isolation_source:cnidaria-corals	16	NCBITaxon:1342794	Photobacterium sanctipauli	1
bacdive.isolation_source:cnidaria-corals	17	NCBITaxon:1342818	Vibrio madracius	1
bacdive.isolation_source:cnidaria-corals	18	NCBITaxon:1348114	Pseudoalteromonas piratica	1
bacdive.isolation_source:cnidaria-corals	19	NCBITaxon:1385512	Pontibacillus litoralis JSM 072002	1
bacdive.isolation_source:cnidaria-corals	20	NCBITaxon:1401264	Prauserella coralliicola	1
bacdive.isolation_source:cnidaria-corals	21	NCBITaxon:141693	Nocardiopsis kunsanensis	1
bacdive.isolation_source:cnidaria-corals	22	NCBITaxon:1452538	Microbacterium aureliae	1
bacdive.isolation_source:cnidaria-corals	23	NCBITaxon:1453497	Kosmotoga arenicorallina S304	1
bacdive.isolation_source:cnidaria-corals	24	NCBITaxon:1479025	Myceligenerans cantabricum	1
bacdive.isolation_source:cnidaria-corals	25	NCBITaxon:1481923	Vibrio astriarenae	1
bacdive.isolation_source:co-culture	1	NCBITaxon:29	Myxococcales	3
bacdive.isolation_source:co-culture	2	NCBITaxon:2041036	Corynebacterium gottingense	2
bacdive.isolation_source:co-culture	3	NCBITaxon:1306	Streptococcus sp.	1
bacdive.isolation_source:co-culture	4	NCBITaxon:136492	Atopobacter phocae	1
bacdive.isolation_source:co-culture	5	NCBITaxon:1524460	Phaeodactylibacter xiamenensis	1
bacdive.isolation_source:co-culture	6	NCBITaxon:1767	Mycobacterium intracellulare	1
bacdive.isolation_source:coalbed-water	1	NCBITaxon:536044	Methanolobus zinderi	1
bacdive.isolation_source:condition	1	NCBITaxon:83428	uncultured Bacillus sp.	19
bacdive.isolation_source:condition	2	NCBITaxon:1570	Halobacillus halophilus	13
bacdive.isolation_source:condition	3	NCBITaxon:1931	Streptomyces sp.	12
bacdive.isolation_source:condition	4	NCBITaxon:1869227	bacterium	10
bacdive.isolation_source:condition	5	NCBITaxon:143495	Aneurinibacillus thermoaerophilus	8
bacdive.isolation_source:condition	6	NCBITaxon:1506	Clostridium sp.	8
bacdive.isolation_source:condition	7	NCBITaxon:2013	Nocardiopsis	8
bacdive.isolation_source:condition	8	NCBITaxon:2213	Methanosarcina sp.	8
bacdive.isolation_source:condition	9	NCBITaxon:1872700	Virgibacillus sp.	7
bacdive.isolation_source:condition	10	NCBITaxon:1388	Alicyclobacillus acidocaldarius subsp. acidocaldarius	6
bacdive.isolation_source:condition	11	NCBITaxon:145262	Methanothermobacter thermautotrophicus	5
bacdive.isolation_source:condition	12	NCBITaxon:1871618	Gracilibacillus sp.	5
bacdive.isolation_source:condition	13	NCBITaxon:195064	Ectothiorhodospira mobilis	5
bacdive.isolation_source:condition	14	NCBITaxon:40549	Thermoanaerobacterium sp.	5
bacdive.isolation_source:condition	15	NCBITaxon:885	Desulfovibrio sp.	5
bacdive.isolation_source:condition	16	NCBITaxon:1189325	Oceanicella actignis	4
bacdive.isolation_source:condition	17	NCBITaxon:1486246	Halomonas sp.	4
bacdive.isolation_source:condition	18	NCBITaxon:184914	Corallococcus coralloides	4
bacdive.isolation_source:condition	19	NCBITaxon:2037	Actinomycetales	4
bacdive.isolation_source:condition	20	NCBITaxon:286730	Alkaliflexus imshenetskii	4
bacdive.isolation_source:condition	21	NCBITaxon:50741	Marinobacter sp.	4
bacdive.isolation_source:condition	22	NCBITaxon:54063	Actinopolyspora sp.	4
bacdive.isolation_source:condition	23	NCBITaxon:1057	Thiococcus pfennigii	3
bacdive.isolation_source:condition	24	NCBITaxon:1137988	Geodermatophilus tzadiensis	3
bacdive.isolation_source:condition	25	NCBITaxon:1411316	Pedobacter sp.	3
bacdive.isolation_source:container-reservoir	1	NCBITaxon:44753	Tsukamurella spumae	5
bacdive.isolation_source:container-reservoir	2	NCBITaxon:1355374	Aliarcobacter lanthieri	3
bacdive.isolation_source:container-reservoir	3	NCBITaxon:1872627	Archangium sp.	2
bacdive.isolation_source:container-reservoir	4	NCBITaxon:24	Shewanella putrefaciens	2
bacdive.isolation_source:container-reservoir	5	NCBITaxon:314200	Giesbergeria voronezhensis	2
bacdive.isolation_source:container-reservoir	6	NCBITaxon:1052257	Aquihabitans daechungensis	1
bacdive.isolation_source:container-reservoir	7	NCBITaxon:1052258	Arenimonas daechungensis	1
bacdive.isolation_source:container-reservoir	8	NCBITaxon:1120987	Acetomicrobium thermoterrenum DSM 13490	1
bacdive.isolation_source:container-reservoir	9	NCBITaxon:1121466	Oleidesulfovibrio vietnamensis DSM 10520	1
bacdive.isolation_source:container-reservoir	10	NCBITaxon:112234	Chryseobacterium joostei	1
bacdive.isolation_source:container-reservoir	11	NCBITaxon:1123558	Leucobacter kyeonggiensis	1
bacdive.isolation_source:container-reservoir	12	NCBITaxon:1159752	Enterococcus lemanii	1
bacdive.isolation_source:container-reservoir	13	NCBITaxon:1159753	Enterococcus eurekensis	1
bacdive.isolation_source:container-reservoir	14	NCBITaxon:119219	Cupriavidus metallidurans	1
bacdive.isolation_source:container-reservoir	15	NCBITaxon:1195760	Wenyingzhuangia marina	1
bacdive.isolation_source:container-reservoir	16	NCBITaxon:1215100	Pseudomonas fluorescens NBRC 14160	1
bacdive.isolation_source:container-reservoir	17	NCBITaxon:1223528	Microbacterium oleivorans NBRC 103075	1
bacdive.isolation_source:container-reservoir	18	NCBITaxon:1351	Enterococcus faecalis	1
bacdive.isolation_source:container-reservoir	19	NCBITaxon:137993	Ectobacillus funiculus	1
bacdive.isolation_source:container-reservoir	20	NCBITaxon:1400522	Sediminibacterium salmoneum NBRC 103935	1
bacdive.isolation_source:container-reservoir	21	NCBITaxon:1436965	Peptoniphilus stercorisuis	1
bacdive.isolation_source:container-reservoir	22	NCBITaxon:1437009	Chenggangzhangella methanolivorans	1
bacdive.isolation_source:container-reservoir	23	NCBITaxon:1437875	Corynebacterium frankenforstense DSM 45800	1
bacdive.isolation_source:container-reservoir	24	NCBITaxon:1488331	Fusibacter bizertensis	1
bacdive.isolation_source:container-reservoir	25	NCBITaxon:1534	Clostridium kluyveri	1
bacdive.isolation_source:contaminant	1	NCBITaxon:1393	Brevibacillus brevis	2
bacdive.isolation_source:contaminant	2	NCBITaxon:1402	Bacillus licheniformis	2
bacdive.isolation_source:contaminant	3	NCBITaxon:1465	Brevibacillus laterosporus	2
bacdive.isolation_source:contaminant	4	NCBITaxon:28214	Sphingomonas sp.	2
bacdive.isolation_source:contaminant	5	NCBITaxon:306	Pseudomonas sp.	2
bacdive.isolation_source:contaminant	6	NCBITaxon:40324	Stenotrophomonas maltophilia	2
bacdive.isolation_source:contaminant	7	NCBITaxon:83428	uncultured Bacillus sp.	2
bacdive.isolation_source:contaminant	8	NCBITaxon:1111140	Herminiimonas contaminans	1
bacdive.isolation_source:contaminant	9	NCBITaxon:1112212	Sphingomonas echinoides ATCC 14820	1
bacdive.isolation_source:contaminant	10	NCBITaxon:1160719	Cutibacterium granulosum DSM 20700	1
bacdive.isolation_source:contaminant	11	NCBITaxon:119219	Cupriavidus metallidurans	1
bacdive.isolation_source:contaminant	12	NCBITaxon:1219012	Rhodococcoides corynebacterioides NBRC 14404	1
bacdive.isolation_source:contaminant	13	NCBITaxon:128785	Pseudoxanthomonas mexicana	1
bacdive.isolation_source:contaminant	14	NCBITaxon:1293441	Lysinibacillus contaminans	1
bacdive.isolation_source:contaminant	15	NCBITaxon:1314	Streptococcus pyogenes	1
bacdive.isolation_source:contaminant	16	NCBITaxon:1396	Bacillus cereus	1
bacdive.isolation_source:contaminant	17	NCBITaxon:1408	Bacillus pumilus	1
bacdive.isolation_source:contaminant	18	NCBITaxon:1423789	Lactiplantibacillus paraplantarum DSM 10667	1
bacdive.isolation_source:contaminant	19	NCBITaxon:1428	Bacillus thuringiensis	1
bacdive.isolation_source:contaminant	20	NCBITaxon:1486246	Halomonas sp.	1
bacdive.isolation_source:contaminant	21	NCBITaxon:1519	Clostridium tyrobutyricum	1
bacdive.isolation_source:contaminant	22	NCBITaxon:1575	Leifsonia xyli	1
bacdive.isolation_source:contaminant	23	NCBITaxon:171399	Paenibacillus sp. DSM 6358	1
bacdive.isolation_source:contaminant	24	NCBITaxon:1720	Corynebacterium sp.	1
bacdive.isolation_source:contaminant	25	NCBITaxon:1830	Rhodococcus ruber	1
bacdive.isolation_source:contamination	1	NCBITaxon:103817	Janibacter terrae	6
bacdive.isolation_source:contamination	2	NCBITaxon:161493	Anaeromyxobacter dehalogenans	6
bacdive.isolation_source:contamination	3	NCBITaxon:1667	Arthrobacter sp.	6
bacdive.isolation_source:contamination	4	NCBITaxon:1804	Mycolicibacterium gilvum	5
bacdive.isolation_source:contamination	5	NCBITaxon:28214	Sphingomonas sp.	5
bacdive.isolation_source:contamination	6	NCBITaxon:37919	Rhodococcus opacus	5
bacdive.isolation_source:contamination	7	NCBITaxon:144185	Leifsonia aquatica	4
bacdive.isolation_source:contamination	8	NCBITaxon:1830	Rhodococcus ruber	4
bacdive.isolation_source:contamination	9	NCBITaxon:306	Pseudomonas sp.	4
bacdive.isolation_source:contamination	10	NCBITaxon:33935	Lysinibacillus macroides	4
bacdive.isolation_source:contamination	11	NCBITaxon:83428	uncultured Bacillus sp.	4
bacdive.isolation_source:contamination	12	NCBITaxon:1211807	Stutzerimonas kunmingensis	3
bacdive.isolation_source:contamination	13	NCBITaxon:194249	uncultured Rhodococcus sp.	3
bacdive.isolation_source:contamination	14	NCBITaxon:294	Pseudomonas fluorescens	3
bacdive.isolation_source:contamination	15	NCBITaxon:38304	Corynebacterium tuberculostearicum	3
bacdive.isolation_source:contamination	16	NCBITaxon:117567	Mycolicibacterium frederiksbergense	2
bacdive.isolation_source:contamination	17	NCBITaxon:13690	Sphingobium yanoikuyae	2
bacdive.isolation_source:contamination	18	NCBITaxon:1402	Bacillus licheniformis	2
bacdive.isolation_source:contamination	19	NCBITaxon:1747	Cutibacterium acnes	2
bacdive.isolation_source:contamination	20	NCBITaxon:1828	Rhodococcoides fascians	2
bacdive.isolation_source:contamination	21	NCBITaxon:1869227	bacterium	2
bacdive.isolation_source:contamination	22	NCBITaxon:1871052	Afipia sp.	2
bacdive.isolation_source:contamination	23	NCBITaxon:1872122	Acidovorax sp.	2
bacdive.isolation_source:contamination	24	NCBITaxon:1872578	Aquabacterium sp.	2
bacdive.isolation_source:contamination	25	NCBITaxon:2	Bacteria	2
bacdive.isolation_source:cooling-tower	1	NCBITaxon:41211	Desulfotomaculum sp.	3
bacdive.isolation_source:cooling-tower	2	NCBITaxon:445220	Reyranella massiliensis	2
bacdive.isolation_source:cooling-tower	3	NCBITaxon:1034943	Legionella massiliensis	1
bacdive.isolation_source:cooling-tower	4	NCBITaxon:1085644	Allofrancisella frigidaquae	1
bacdive.isolation_source:cooling-tower	5	NCBITaxon:1085647	Allofrancisella inopinata	1
bacdive.isolation_source:cooling-tower	6	NCBITaxon:1122165	Legionella moravica DSM 19234	1
bacdive.isolation_source:cooling-tower	7	NCBITaxon:1122169	Legionella shakespearei DSM 23087	1
bacdive.isolation_source:cooling-tower	8	NCBITaxon:1268635	Legionella oakridgensis ATCC 33761 = DSM 21215	1
bacdive.isolation_source:cooling-tower	9	NCBITaxon:1611423	Flavobacterium sp. DSM 9626	1
bacdive.isolation_source:cooling-tower	10	NCBITaxon:190655	Legionella busanensis	1
bacdive.isolation_source:cooling-tower	11	NCBITaxon:2780094	Ramlibacter aquaticus	1
bacdive.isolation_source:cooling-tower	12	NCBITaxon:29422	Legionella brunensis	1
bacdive.isolation_source:cooling-tower	13	NCBITaxon:32002	Achromobacter denitrificans	1
bacdive.isolation_source:cooling-tower	14	NCBITaxon:446	Legionella pneumophila	1
bacdive.isolation_source:cooling-tower	15	NCBITaxon:448	Legionella erythra	1
bacdive.isolation_source:cooling-tower	16	NCBITaxon:449308	Desulfotomaculum sp. DSM 7440	1
bacdive.isolation_source:cooling-tower	17	NCBITaxon:45056	Legionella adelaidensis	1
bacdive.isolation_source:cooling-tower	18	NCBITaxon:45068	Legionella londiniensis	1
bacdive.isolation_source:cooling-tower	19	NCBITaxon:45071	Legionella parisiensis	1
bacdive.isolation_source:cooling-tower	20	NCBITaxon:45076	Legionella worsleiensis	1
bacdive.isolation_source:cooling-tower	21	NCBITaxon:463	Fluoribacter dumoffii	1
bacdive.isolation_source:cooling-tower	22	NCBITaxon:594679	Allofrancisella guangzhouensis	1
bacdive.isolation_source:cooling-tower	23	NCBITaxon:91892	Legionella pneumophila subsp. fraseri	1
bacdive.isolation_source:core-sample	1	NCBITaxon:161493	Anaeromyxobacter dehalogenans	6
bacdive.isolation_source:core-sample	2	NCBITaxon:83428	uncultured Bacillus sp.	4
bacdive.isolation_source:core-sample	3	NCBITaxon:1871622	Oceanobacillus sp.	2
bacdive.isolation_source:core-sample	4	NCBITaxon:306	Pseudomonas sp.	2
bacdive.isolation_source:core-sample	5	NCBITaxon:38072	Bacillus infernus	2
bacdive.isolation_source:core-sample	6	NCBITaxon:110101	Laceyella putida	1
bacdive.isolation_source:core-sample	7	NCBITaxon:112002	Psychrobacter pacificensis	1
bacdive.isolation_source:core-sample	8	NCBITaxon:1122614	Pseudooceanicola nanhaiensis DSM 18065	1
bacdive.isolation_source:core-sample	9	NCBITaxon:1123379	Thermosediminibacter litoriperuensis DSM 16647	1
bacdive.isolation_source:core-sample	10	NCBITaxon:1164594	Massilia yuzhufengensis	1
bacdive.isolation_source:core-sample	11	NCBITaxon:1219057	Novosphingobium subterraneum NBRC 16086	1
bacdive.isolation_source:core-sample	12	NCBITaxon:1246530	Calderihabitans maritimus	1
bacdive.isolation_source:core-sample	13	NCBITaxon:1267423	Roseivirga pacifica	1
bacdive.isolation_source:core-sample	14	NCBITaxon:1485217	Massilia eurypsychrophila	1
bacdive.isolation_source:core-sample	15	NCBITaxon:1494448	Chelatococcus reniformis	1
bacdive.isolation_source:core-sample	16	NCBITaxon:1508420	Pseudothermotoga profunda	1
bacdive.isolation_source:core-sample	17	NCBITaxon:1524095	Hymenobacter frigidus	1
bacdive.isolation_source:core-sample	18	NCBITaxon:1524097	Massilia glaciei	1
bacdive.isolation_source:core-sample	19	NCBITaxon:1562124	Hymenobacter glacieicola	1
bacdive.isolation_source:core-sample	20	NCBITaxon:1603353	Massilia psychrophila	1
bacdive.isolation_source:core-sample	21	NCBITaxon:1614635	Polaromonas eurypsychrophila	1
bacdive.isolation_source:core-sample	22	NCBITaxon:1614636	Sandarakinorhabdus glacialis	1
bacdive.isolation_source:core-sample	23	NCBITaxon:1636188	Mycoplana azooxidifex	1
bacdive.isolation_source:core-sample	24	NCBITaxon:1658620	Rubrivirga profundi	1
bacdive.isolation_source:core-sample	25	NCBITaxon:1794912	Anaerosporomusa subterranea	1
bacdive.isolation_source:cotton-other-fibres	1	NCBITaxon:1509	Clostridium sporogenes	1
bacdive.isolation_source:cotton-other-fibres	2	NCBITaxon:1515	Acetivibrio thermocellus	1
bacdive.isolation_source:cotton-other-fibres	3	NCBITaxon:47885	Pseudomonas oryzihabitans	1
bacdive.isolation_source:cystic-fibrosis	1	NCBITaxon:287	Pseudomonas aeruginosa	50
bacdive.isolation_source:cystic-fibrosis	2	NCBITaxon:87883	Burkholderia multivorans	38
bacdive.isolation_source:cystic-fibrosis	3	NCBITaxon:95486	Burkholderia cenocepacia	36
bacdive.isolation_source:cystic-fibrosis	4	NCBITaxon:60552	Burkholderia vietnamiensis	27
bacdive.isolation_source:cystic-fibrosis	5	NCBITaxon:292	Burkholderia cepacia	19
bacdive.isolation_source:cystic-fibrosis	6	NCBITaxon:518	Bordetella bronchiseptica	16
bacdive.isolation_source:cystic-fibrosis	7	NCBITaxon:40324	Stenotrophomonas maltophilia	14
bacdive.isolation_source:cystic-fibrosis	8	NCBITaxon:36773	Burkholderia sp.	11
bacdive.isolation_source:cystic-fibrosis	9	NCBITaxon:93218	Pandoraea apista	11
bacdive.isolation_source:cystic-fibrosis	10	NCBITaxon:85698	Achromobacter xylosoxidans	10
bacdive.isolation_source:cystic-fibrosis	11	NCBITaxon:28095	Burkholderia gladioli	7
bacdive.isolation_source:cystic-fibrosis	12	NCBITaxon:36809	Mycobacteroides abscessus	7
bacdive.isolation_source:cystic-fibrosis	13	NCBITaxon:93222	Pandoraea sputorum	7
bacdive.isolation_source:cystic-fibrosis	14	NCBITaxon:1873897	Cupriavidus sp.	6
bacdive.isolation_source:cystic-fibrosis	15	NCBITaxon:48296	Acinetobacter pittii	6
bacdive.isolation_source:cystic-fibrosis	16	NCBITaxon:93220	Pandoraea pnomenusa	5
bacdive.isolation_source:cystic-fibrosis	17	NCBITaxon:105219	Ralstonia mannitolilytica	4
bacdive.isolation_source:cystic-fibrosis	18	NCBITaxon:152500	Burkholderia dolosa	4
bacdive.isolation_source:cystic-fibrosis	19	NCBITaxon:294	Pseudomonas fluorescens	4
bacdive.isolation_source:cystic-fibrosis	20	NCBITaxon:1287736	Achromobacter aegrifaciens	3
bacdive.isolation_source:cystic-fibrosis	21	NCBITaxon:1389932	Achromobacter pulmonis	3
bacdive.isolation_source:cystic-fibrosis	22	NCBITaxon:171674	Inquilinus limosus	3
bacdive.isolation_source:cystic-fibrosis	23	NCBITaxon:217204	Achromobacter insolitus	3
bacdive.isolation_source:cystic-fibrosis	24	NCBITaxon:306	Pseudomonas sp.	3
bacdive.isolation_source:cystic-fibrosis	25	NCBITaxon:488446	Burkholderia latens	3
bacdive.isolation_source:decomposing-algae	1	NCBITaxon:1895664	Halanaerobium sp.	1
bacdive.isolation_source:decomposing-algae	2	NCBITaxon:226	Alteromonas	1
bacdive.isolation_source:decomposing-algae	3	NCBITaxon:267736	Halanaerobium saccharolyticum subsp. saccharolyticum	1
bacdive.isolation_source:decomposing-algae	4	NCBITaxon:678	Vibrio sp.	1
bacdive.isolation_source:decomposing-animal	1	NCBITaxon:109472	Bisgaardia hudsonensis	3
bacdive.isolation_source:decomposing-animal	2	NCBITaxon:1421	Lysinibacillus sphaericus	2
bacdive.isolation_source:decomposing-animal	3	NCBITaxon:1464	Paenibacillus larvae	2
bacdive.isolation_source:decomposing-animal	4	NCBITaxon:1504	Clostridium septicum	2
bacdive.isolation_source:decomposing-animal	5	NCBITaxon:2586924	Psychrilyobacter sp.	2
bacdive.isolation_source:decomposing-animal	6	NCBITaxon:472	Acinetobacter sp.	2
bacdive.isolation_source:decomposing-animal	7	NCBITaxon:1001	Garritya polymorpha	1
bacdive.isolation_source:decomposing-animal	8	NCBITaxon:1031537	Bremerella cremea	1
bacdive.isolation_source:decomposing-animal	9	NCBITaxon:1031538	Neptunomonas concharum	1
bacdive.isolation_source:decomposing-animal	10	NCBITaxon:108028	Arcanobacterium pluranimalium	1
bacdive.isolation_source:decomposing-animal	11	NCBITaxon:1122599	Neptunomonas japonica DSM 18939	1
bacdive.isolation_source:decomposing-animal	12	NCBITaxon:1123299	Streptococcus castoreus DSM 17536	1
bacdive.isolation_source:decomposing-animal	13	NCBITaxon:1123355	Terasakiella pusilla DSM 6293	1
bacdive.isolation_source:decomposing-animal	14	NCBITaxon:1147159	Ornithinibacillus scapharcae	1
bacdive.isolation_source:decomposing-animal	15	NCBITaxon:1168039	Saccharicrinis carchari	1
bacdive.isolation_source:decomposing-animal	16	NCBITaxon:1216966	Edwardsiella hoshinae NBRC 105699 = ATCC 33379	1
bacdive.isolation_source:decomposing-animal	17	NCBITaxon:1219071	Vibrio harveyi NBRC 15634 = ATCC 14126 = KCTC 12724	1
bacdive.isolation_source:decomposing-animal	18	NCBITaxon:1219076	Vibrio alginolyticus NBRC 15630 = ATCC 17749	1
bacdive.isolation_source:decomposing-animal	19	NCBITaxon:1257026	Streptomyces barkulensis	1
bacdive.isolation_source:decomposing-animal	20	NCBITaxon:1278303	Psychromonas macrocephali ATCC BAA-1527	1
bacdive.isolation_source:decomposing-animal	21	NCBITaxon:1278307	Psychromonas ossibalaenae ATCC BAA-1528	1
bacdive.isolation_source:decomposing-animal	22	NCBITaxon:1278309	Amphritea japonica ATCC BAA-1530	1
bacdive.isolation_source:decomposing-animal	23	NCBITaxon:1278310	Amphritea balenae ATCC BAA-1529	1
bacdive.isolation_source:decomposing-animal	24	NCBITaxon:1278312	Psychromonas aquimarina ATCC BAA-1526	1
bacdive.isolation_source:decomposing-animal	25	NCBITaxon:131318	Corynebacterium felinum	1
bacdive.isolation_source:decomposing-plant	1	NCBITaxon:184914	Corallococcus coralloides	125
bacdive.isolation_source:decomposing-plant	2	NCBITaxon:56	Sorangium cellulosum	72
bacdive.isolation_source:decomposing-plant	3	NCBITaxon:54	Nannocystis exedens	68
bacdive.isolation_source:decomposing-plant	4	NCBITaxon:33	Myxococcus fulvus	52
bacdive.isolation_source:decomposing-plant	5	NCBITaxon:71864	Herpetosiphon sp.	17
bacdive.isolation_source:decomposing-plant	6	NCBITaxon:1872627	Archangium sp.	16
bacdive.isolation_source:decomposing-plant	7	NCBITaxon:45	Melittangium lichenicola	15
bacdive.isolation_source:decomposing-plant	8	NCBITaxon:2	Bacteria	12
bacdive.isolation_source:decomposing-plant	9	NCBITaxon:394090	Cystobacter armeniaca	12
bacdive.isolation_source:decomposing-plant	10	NCBITaxon:394092	Hyalangium gracile	12
bacdive.isolation_source:decomposing-plant	11	NCBITaxon:83456	Myxococcus virescens	12
bacdive.isolation_source:decomposing-plant	12	NCBITaxon:83462	Corallococcus exiguus	12
bacdive.isolation_source:decomposing-plant	13	NCBITaxon:394096	Hyalangium minutum	9
bacdive.isolation_source:decomposing-plant	14	NCBITaxon:153721	Sporocytophaga myxococcoides	8
bacdive.isolation_source:decomposing-plant	15	NCBITaxon:29	Myxococcales	8
bacdive.isolation_source:decomposing-plant	16	NCBITaxon:83455	Myxococcus stipitatus	6
bacdive.isolation_source:decomposing-plant	17	NCBITaxon:83460	Allostigmatella erecta	6
bacdive.isolation_source:decomposing-plant	18	NCBITaxon:34	Myxococcus xanthus	5
bacdive.isolation_source:decomposing-plant	19	NCBITaxon:306	Pseudomonas sp.	4
bacdive.isolation_source:decomposing-plant	20	NCBITaxon:38	Archangium disciforme	4
bacdive.isolation_source:decomposing-plant	21	NCBITaxon:554	Pectobacterium carotovorum	4
bacdive.isolation_source:decomposing-plant	22	NCBITaxon:57		4
bacdive.isolation_source:decomposing-plant	23	NCBITaxon:83451	Archangium violaceum	4
bacdive.isolation_source:decomposing-plant	24	NCBITaxon:889274	Polyangium sorediatum	4
bacdive.isolation_source:decomposing-plant	25	NCBITaxon:39	Archangiaceae	3
bacdive.isolation_source:defined-media	1	NCBITaxon:129817	Pseudomonas brenneri	1
bacdive.isolation_source:defined-media	2	NCBITaxon:1406	Paenibacillus polymyxa	1
bacdive.isolation_source:defined-media	3	NCBITaxon:1423796	Loigolactobacillus rennini DSM 20253	1
bacdive.isolation_source:defined-media	4	NCBITaxon:144185	Leifsonia aquatica	1
bacdive.isolation_source:defined-media	5	NCBITaxon:1486246	Halomonas sp.	1
bacdive.isolation_source:defined-media	6	NCBITaxon:1720	Corynebacterium sp.	1
bacdive.isolation_source:defined-media	7	NCBITaxon:1783348	Corynebacterium guangdongense	1
bacdive.isolation_source:defined-media	8	NCBITaxon:1898027	Ornithinibacillus sp.	1
bacdive.isolation_source:defined-media	9	NCBITaxon:238013	Loigolactobacillus rennini	1
bacdive.isolation_source:defined-media	10	NCBITaxon:268410	Rhodovarius lipocyclicus	1
bacdive.isolation_source:defined-media	11	NCBITaxon:280	Xanthobacter autotrophicus	1
bacdive.isolation_source:defined-media	12	NCBITaxon:28038	Latilactobacillus curvatus	1
bacdive.isolation_source:defined-media	13	NCBITaxon:29446	Xanthomonas sp.	1
bacdive.isolation_source:defined-media	14	NCBITaxon:33028	Staphylococcus saccharolyticus	1
bacdive.isolation_source:defined-media	15	NCBITaxon:33881	Curtobacterium luteum	1
bacdive.isolation_source:defined-media	16	NCBITaxon:39956	Methylobacterium mesophilicum	1
bacdive.isolation_source:defined-media	17	NCBITaxon:41986	Agromyces mediolanus	1
bacdive.isolation_source:defined-media	18	NCBITaxon:47885	Pseudomonas oryzihabitans	1
bacdive.isolation_source:defined-media	19	NCBITaxon:51671	Microbacterium sp.	1
bacdive.isolation_source:defined-media	20	NCBITaxon:519	Bordetella parapertussis	1
bacdive.isolation_source:defined-media	21	NCBITaxon:549	Pantoea agglomerans	1
bacdive.isolation_source:defined-media	22	NCBITaxon:562	Escherichia coli	1
bacdive.isolation_source:defined-media	23	NCBITaxon:56811	Psychrobacter sp.	1
bacdive.isolation_source:defined-media	24	NCBITaxon:614648	Ureibacillus xyleni	1
bacdive.isolation_source:defined-media	25	NCBITaxon:648	Aeromonas caviae	1
bacdive.isolation_source:digestive-fluid	1	NCBITaxon:306	Pseudomonas sp.	2
bacdive.isolation_source:digestive-fluid	2	NCBITaxon:47917	Serratia fonticola	2
bacdive.isolation_source:digestive-fluid	3	NCBITaxon:1134687	Klebsiella michiganensis	1
bacdive.isolation_source:digestive-fluid	4	NCBITaxon:287	Pseudomonas aeruginosa	1
bacdive.isolation_source:digestive-fluid	5	NCBITaxon:582	Morganella morganii	1
bacdive.isolation_source:digestive-fluid	6	NCBITaxon:615	Serratia marcescens	1
bacdive.isolation_source:disease	1	NCBITaxon:562	Escherichia coli	111
bacdive.isolation_source:disease	2	NCBITaxon:730	[Haemophilus] ducreyi	99
bacdive.isolation_source:disease	3	NCBITaxon:287	Pseudomonas aeruginosa	67
bacdive.isolation_source:disease	4	NCBITaxon:87883	Burkholderia multivorans	41
bacdive.isolation_source:disease	5	NCBITaxon:95486	Burkholderia cenocepacia	36
bacdive.isolation_source:disease	6	NCBITaxon:60552	Burkholderia vietnamiensis	27
bacdive.isolation_source:disease	7	NCBITaxon:197	Campylobacter jejuni	23
bacdive.isolation_source:disease	8	NCBITaxon:2702	Gardnerella vaginalis	21
bacdive.isolation_source:disease	9	NCBITaxon:292	Burkholderia cepacia	20
bacdive.isolation_source:disease	10	NCBITaxon:59201	Salmonella enterica subsp. enterica	20
bacdive.isolation_source:disease	11	NCBITaxon:518	Bordetella bronchiseptica	17
bacdive.isolation_source:disease	12	NCBITaxon:1802	Mycolicibacterium farcinogenes	16
bacdive.isolation_source:disease	13	NCBITaxon:727	Haemophilus influenzae	16
bacdive.isolation_source:disease	14	NCBITaxon:40324	Stenotrophomonas maltophilia	14
bacdive.isolation_source:disease	15	NCBITaxon:731	Histophilus somni	14
bacdive.isolation_source:disease	16	NCBITaxon:36809	Mycobacteroides abscessus	13
bacdive.isolation_source:disease	17	NCBITaxon:85698	Achromobacter xylosoxidans	13
bacdive.isolation_source:disease	18	NCBITaxon:1313	Streptococcus pneumoniae	12
bacdive.isolation_source:disease	19	NCBITaxon:195	Campylobacter coli	12
bacdive.isolation_source:disease	20	NCBITaxon:271160	Nicoletella semolina	12
bacdive.isolation_source:disease	21	NCBITaxon:666	Vibrio cholerae	12
bacdive.isolation_source:disease	22	NCBITaxon:36773	Burkholderia sp.	11
bacdive.isolation_source:disease	23	NCBITaxon:478	Moraxella nonliquefaciens	11
bacdive.isolation_source:disease	24	NCBITaxon:554	Pectobacterium carotovorum	11
bacdive.isolation_source:disease	25	NCBITaxon:674	Vibrio mimicus	11
bacdive.isolation_source:domestic-waste	1	NCBITaxon:1121349	Comamonas composti DSM 21721	1
bacdive.isolation_source:domestic-waste	2	NCBITaxon:1838	Saccharopolyspora hordei	1
bacdive.isolation_source:domestic-waste	3	NCBITaxon:1931	Streptomyces sp.	1
bacdive.isolation_source:domestic-waste	4	NCBITaxon:227865	Cerasibacillus quisquiliarum	1
bacdive.isolation_source:domestic-waste	5	NCBITaxon:35786	Coprothermobacter proteolyticus	1
bacdive.isolation_source:domestic-waste	6	NCBITaxon:398257	Luteimonas composti	1
bacdive.isolation_source:domestic-waste	7	NCBITaxon:515415	Microbacterium invictum	1
bacdive.isolation_source:domestic-waste	8	NCBITaxon:529005	Sphingobium vermicomposti	1
bacdive.isolation_source:domestic-waste	9	NCBITaxon:544480	Shinella fusca	1
bacdive.isolation_source:domestic-waste	10	NCBITaxon:57001	Amaricoccus macauensis	1
bacdive.isolation_source:domestic-waste	11	NCBITaxon:570268	Nocardiopsis potens DSM 45234	1
bacdive.isolation_source:domestic-waste	12	NCBITaxon:700500	Catenisphaera adipataccumulans	1
bacdive.isolation_source:domestic-waste	13	NCBITaxon:720633	Lysinibacillus composti	1
bacdive.isolation_source:domestic-waste	14	NCBITaxon:768534	Sphingobacterium thermophilum	1
bacdive.isolation_source:dust-ash	1	NCBITaxon:67263	Streptomyces griseus subsp. griseus	3
bacdive.isolation_source:dust-ash	2	NCBITaxon:115433	Amycolatopsis sacchari	2
bacdive.isolation_source:dust-ash	3	NCBITaxon:185949	Sphingomonas aurantiaca	2
bacdive.isolation_source:dust-ash	4	NCBITaxon:1212764	Paenibacillus popilliae ATCC 14706	1
bacdive.isolation_source:dust-ash	5	NCBITaxon:1302723	Agromyces ulmi JCM 13315	1
bacdive.isolation_source:dust-ash	6	NCBITaxon:163605		1
bacdive.isolation_source:dust-ash	7	NCBITaxon:185950	Sphingomonas faeni	1
bacdive.isolation_source:dust-ash	8	NCBITaxon:1871047	Chryseobacterium sp.	1
bacdive.isolation_source:dust-ash	9	NCBITaxon:1935	Streptomyces violaceoruber	1
bacdive.isolation_source:dust-ash	10	NCBITaxon:2014	Nocardiopsis dassonvillei	1
bacdive.isolation_source:dust-ash	11	NCBITaxon:336203	Sphingobium fuliginis	1
bacdive.isolation_source:dust-ash	12	NCBITaxon:366289	Pseudomonas delhiensis	1
bacdive.isolation_source:dust-ash	13	NCBITaxon:36813	Mycolicibacterium pulveris	1
bacdive.isolation_source:dust-ash	14	NCBITaxon:393664	Aliirhizobium cellulosilyticum	1
bacdive.isolation_source:dust-ash	15	NCBITaxon:529	Brucella anthropi	1
bacdive.isolation_source:dust-ash	16	NCBITaxon:68175	Streptomyces antimycoticus	1
bacdive.isolation_source:egg	1	NCBITaxon:33036	Anaerococcus tetradius	3
bacdive.isolation_source:egg	2	NCBITaxon:109790	Lactobacillus jensenii	2
bacdive.isolation_source:egg	3	NCBITaxon:216816	Bifidobacterium longum	2
bacdive.isolation_source:egg	4	NCBITaxon:2702	Gardnerella vaginalis	2
bacdive.isolation_source:egg	5	NCBITaxon:1114867	Flavobacterium plurextorum	1
bacdive.isolation_source:egg	6	NCBITaxon:1121116	Allobrachymonas chironomi DSM 19884	1
bacdive.isolation_source:egg	7	NCBITaxon:1122175	Leucobacter chironomi DSM 19883	1
bacdive.isolation_source:egg	8	NCBITaxon:1123347	Tenacibaculum ovolyticum DSM 18103	1
bacdive.isolation_source:egg	9	NCBITaxon:1215111	Pseudomonas mucidolens NBRC 103159	1
bacdive.isolation_source:egg	10	NCBITaxon:1340529	Photobacterium panuliri	1
bacdive.isolation_source:egg	11	NCBITaxon:1352	Enterococcus faecium	1
bacdive.isolation_source:egg	12	NCBITaxon:1381081	Vibrio panuliri	1
bacdive.isolation_source:egg	13	NCBITaxon:1470200	Neisseria arctica	1
bacdive.isolation_source:egg	14	NCBITaxon:147802	Lactobacillus iners	1
bacdive.isolation_source:egg	15	NCBITaxon:1596	Lactobacillus gasseri	1
bacdive.isolation_source:egg	16	NCBITaxon:1682	Bifidobacterium longum subsp. infantis	1
bacdive.isolation_source:egg	17	NCBITaxon:2051	Mobiluncus curtisii	1
bacdive.isolation_source:egg	18	NCBITaxon:2098	Metamycoplasma hominis	1
bacdive.isolation_source:egg	19	NCBITaxon:28125	Prevotella bivia	1
bacdive.isolation_source:egg	20	NCBITaxon:28229	Colwellia psychrerythraea	1
bacdive.isolation_source:egg	21	NCBITaxon:293	Brevundimonas diminuta	1
bacdive.isolation_source:egg	22	NCBITaxon:294	Pseudomonas fluorescens	1
bacdive.isolation_source:egg	23	NCBITaxon:306	Pseudomonas sp.	1
bacdive.isolation_source:egg	24	NCBITaxon:358592	Rheinheimera chironomi	1
bacdive.isolation_source:egg	25	NCBITaxon:37734	Enterococcus casseliflavus	1
bacdive.isolation_source:endosphere	1	NCBITaxon:2100533	Sphingobacterium haloxyli	1
bacdive.isolation_source:endosphere	2	NCBITaxon:243690	Methylobacterium goesingense	1
bacdive.isolation_source:endosymbiont	1	NCBITaxon:212218	uncultured Neochlamydia sp.	2
bacdive.isolation_source:endosymbiont	2	NCBITaxon:1679495	Variovorax gossypii	1
bacdive.isolation_source:endosymbiont	3	NCBITaxon:35761	Nocardioides sp.	1
bacdive.isolation_source:endosymbiont	4	NCBITaxon:362787	Candidatus Protochlamydia amoebophila	1
bacdive.isolation_source:engineered	1	NCBITaxon:83428	uncultured Bacillus sp.	124
bacdive.isolation_source:engineered	2	NCBITaxon:1270	Micrococcus luteus	120
bacdive.isolation_source:engineered	3	NCBITaxon:56	Sorangium cellulosum	88
bacdive.isolation_source:engineered	4	NCBITaxon:1423	Bacillus subtilis	58
bacdive.isolation_source:engineered	5	NCBITaxon:54	Nannocystis exedens	56
bacdive.isolation_source:engineered	6	NCBITaxon:306	Pseudomonas sp.	51
bacdive.isolation_source:engineered	7	NCBITaxon:1402	Bacillus licheniformis	47
bacdive.isolation_source:engineered	8	NCBITaxon:184914	Corallococcus coralloides	45
bacdive.isolation_source:engineered	9	NCBITaxon:58172	Paenibacillus sp.	44
bacdive.isolation_source:engineered	10	NCBITaxon:1408	Bacillus pumilus	42
bacdive.isolation_source:engineered	11	NCBITaxon:1292	Staphylococcus warneri	36
bacdive.isolation_source:engineered	12	NCBITaxon:1282	Staphylococcus epidermidis	31
bacdive.isolation_source:engineered	13	NCBITaxon:1396	Bacillus cereus	31
bacdive.isolation_source:engineered	14	NCBITaxon:28214	Sphingomonas sp.	31
bacdive.isolation_source:engineered	15	NCBITaxon:40324	Stenotrophomonas maltophilia	31
bacdive.isolation_source:engineered	16	NCBITaxon:1290	Staphylococcus hominis	29
bacdive.isolation_source:engineered	17	NCBITaxon:1931	Streptomyces sp.	27
bacdive.isolation_source:engineered	18	NCBITaxon:409	Methylobacterium sp.	27
bacdive.isolation_source:engineered	19	NCBITaxon:51671	Microbacterium sp.	27
bacdive.isolation_source:engineered	20	NCBITaxon:1478	Peribacillus simplex	26
bacdive.isolation_source:engineered	21	NCBITaxon:376	Bradyrhizobium sp.	26
bacdive.isolation_source:engineered	22	NCBITaxon:1280	Staphylococcus aureus	24
bacdive.isolation_source:engineered	23	NCBITaxon:294	Pseudomonas fluorescens	23
bacdive.isolation_source:engineered	24	NCBITaxon:1869227	bacterium	22
bacdive.isolation_source:engineered	25	NCBITaxon:1872627	Archangium sp.	20
bacdive.isolation_source:engineered-product	1	NCBITaxon:83428	uncultured Bacillus sp.	11
bacdive.isolation_source:engineered-product	2	NCBITaxon:58172	Paenibacillus sp.	8
bacdive.isolation_source:engineered-product	3	NCBITaxon:1423	Bacillus subtilis	7
bacdive.isolation_source:engineered-product	4	NCBITaxon:409	Methylobacterium sp.	7
bacdive.isolation_source:engineered-product	5	NCBITaxon:1697	Corynebacterium ammoniagenes	6
bacdive.isolation_source:engineered-product	6	NCBITaxon:1270	Micrococcus luteus	5
bacdive.isolation_source:engineered-product	7	NCBITaxon:1299	Deinococcus radiodurans	5
bacdive.isolation_source:engineered-product	8	NCBITaxon:1402	Bacillus licheniformis	5
bacdive.isolation_source:engineered-product	9	NCBITaxon:376	Bradyrhizobium sp.	5
bacdive.isolation_source:engineered-product	10	NCBITaxon:51669	Tetragenococcus halophilus	5
bacdive.isolation_source:engineered-product	11	NCBITaxon:1478	Peribacillus simplex	4
bacdive.isolation_source:engineered-product	12	NCBITaxon:190721	Ralstonia insidiosa	4
bacdive.isolation_source:engineered-product	13	NCBITaxon:2	Bacteria	4
bacdive.isolation_source:engineered-product	14	NCBITaxon:95485	Burkholderia stabilis	4
bacdive.isolation_source:engineered-product	15	NCBITaxon:1245	Leuconostoc mesenteroides	3
bacdive.isolation_source:engineered-product	16	NCBITaxon:1271	Micrococcus sp.	3
bacdive.isolation_source:engineered-product	17	NCBITaxon:1396	Bacillus cereus	3
bacdive.isolation_source:engineered-product	18	NCBITaxon:1404	Priestia megaterium	3
bacdive.isolation_source:engineered-product	19	NCBITaxon:1407	Peribacillus psychrosaccharolyticus	3
bacdive.isolation_source:engineered-product	20	NCBITaxon:214473	Staphylococcus nepalensis	3
bacdive.isolation_source:engineered-product	21	NCBITaxon:28090	Acinetobacter lwoffii	3
bacdive.isolation_source:engineered-product	22	NCBITaxon:28141	Cronobacter sakazakii	3
bacdive.isolation_source:engineered-product	23	NCBITaxon:293	Brevundimonas diminuta	3
bacdive.isolation_source:engineered-product	24	NCBITaxon:29378	Staphylococcus arlettae	3
bacdive.isolation_source:engineered-product	25	NCBITaxon:29382	Staphylococcus cohnii	3
bacdive.isolation_source:environmental	1	NCBITaxon:56	Sorangium cellulosum	1535
bacdive.isolation_source:environmental	2	NCBITaxon:184914	Corallococcus coralloides	1301
bacdive.isolation_source:environmental	3	NCBITaxon:54	Nannocystis exedens	1008
bacdive.isolation_source:environmental	4	NCBITaxon:1872627	Archangium sp.	354
bacdive.isolation_source:environmental	5	NCBITaxon:33	Myxococcus fulvus	309
bacdive.isolation_source:environmental	6	NCBITaxon:71864	Herpetosiphon sp.	218
bacdive.isolation_source:environmental	7	NCBITaxon:83456	Myxococcus virescens	167
bacdive.isolation_source:environmental	8	NCBITaxon:83428	uncultured Bacillus sp.	160
bacdive.isolation_source:environmental	9	NCBITaxon:1931	Streptomyces sp.	139
bacdive.isolation_source:environmental	10	NCBITaxon:57		134
bacdive.isolation_source:environmental	11	NCBITaxon:83462	Corallococcus exiguus	108
bacdive.isolation_source:environmental	12	NCBITaxon:2	Bacteria	91
bacdive.isolation_source:environmental	13	NCBITaxon:34	Myxococcus xanthus	90
bacdive.isolation_source:environmental	14	NCBITaxon:153721	Sporocytophaga myxococcoides	82
bacdive.isolation_source:environmental	15	NCBITaxon:83451	Archangium violaceum	81
bacdive.isolation_source:environmental	16	NCBITaxon:38	Archangium disciforme	78
bacdive.isolation_source:environmental	17	NCBITaxon:83455	Myxococcus stipitatus	73
bacdive.isolation_source:environmental	18	NCBITaxon:1876	Micromonospora sp.	51
bacdive.isolation_source:environmental	19	NCBITaxon:306	Pseudomonas sp.	50
bacdive.isolation_source:environmental	20	NCBITaxon:83460	Allostigmatella erecta	48
bacdive.isolation_source:environmental	21	NCBITaxon:29	Myxococcales	45
bacdive.isolation_source:environmental	22	NCBITaxon:394092	Hyalangium gracile	36
bacdive.isolation_source:environmental	23	NCBITaxon:1366054	Nannocystis exedens subsp. cinnabaria	35
bacdive.isolation_source:environmental	24	NCBITaxon:58172	Paenibacillus sp.	33
bacdive.isolation_source:environmental	25	NCBITaxon:294	Pseudomonas fluorescens	32
bacdive.isolation_source:epibiont	1	NCBITaxon:33	Myxococcus fulvus	1
bacdive.isolation_source:epibiont	2	NCBITaxon:406547	Rubripirellula obstinata	1
bacdive.isolation_source:epibiont	3	NCBITaxon:445327	Neorhodopirellula lusitana	1
bacdive.isolation_source:epibiont	4	NCBITaxon:45248	Leucothrix mucor	1
bacdive.isolation_source:epibiont	5	NCBITaxon:931625	Winogradskyella ulvae	1
bacdive.isolation_source:epibiont	6	NCBITaxon:93684	Roseivivax halotolerans	1
bacdive.isolation_source:epibiont	7	NCBITaxon:980254	Roseimaritima ulvae	1
bacdive.isolation_source:epibiont	8	NCBITaxon:980271	Aporhodopirellula rubra	1
bacdive.isolation_source:equidae-horse	1	NCBITaxon:271160	Nicoletella semolina	19
bacdive.isolation_source:equidae-horse	2	NCBITaxon:243701	Pasteurella caballi	17
bacdive.isolation_source:equidae-horse	3	NCBITaxon:184914	Corallococcus coralloides	10
bacdive.isolation_source:equidae-horse	4	NCBITaxon:1863	Dermatophilus congolensis	10
bacdive.isolation_source:equidae-horse	5	NCBITaxon:41114	Actinobacillus sp.	9
bacdive.isolation_source:equidae-horse	6	NCBITaxon:43767	Prescottella equi	8
bacdive.isolation_source:equidae-horse	7	NCBITaxon:718	Actinobacillus equuli	8
bacdive.isolation_source:equidae-horse	8	NCBITaxon:83456	Myxococcus virescens	8
bacdive.isolation_source:equidae-horse	9	NCBITaxon:231233	Streptococcus devriesei	7
bacdive.isolation_source:equidae-horse	10	NCBITaxon:29575	Taylorella equigenitalis	6
bacdive.isolation_source:equidae-horse	11	NCBITaxon:33	Myxococcus fulvus	5
bacdive.isolation_source:equidae-horse	12	NCBITaxon:40041	Streptococcus equi subsp. zooepidemicus	5
bacdive.isolation_source:equidae-horse	13	NCBITaxon:1336	Streptococcus equi	4
bacdive.isolation_source:equidae-horse	14	NCBITaxon:1719	Corynebacterium pseudotuberculosis	4
bacdive.isolation_source:equidae-horse	15	NCBITaxon:33932	Sutcliffiella cohnii	4
bacdive.isolation_source:equidae-horse	16	NCBITaxon:46609	Clostridium pascui	4
bacdive.isolation_source:equidae-horse	17	NCBITaxon:1072256	Corynebacterium uterequi	3
bacdive.isolation_source:equidae-horse	18	NCBITaxon:119602	Streptococcus dysgalactiae subsp. equisimilis	3
bacdive.isolation_source:equidae-horse	19	NCBITaxon:1334	Streptococcus dysgalactiae	3
bacdive.isolation_source:equidae-horse	20	NCBITaxon:1443941	Acinetobacter gandensis	3
bacdive.isolation_source:equidae-horse	21	NCBITaxon:1525	Neomoorella thermoacetica	3
bacdive.isolation_source:equidae-horse	22	NCBITaxon:2	Bacteria	3
bacdive.isolation_source:equidae-horse	23	NCBITaxon:69969	Macrococcus carouselicus	3
bacdive.isolation_source:equidae-horse	24	NCBITaxon:720	Actinobacillus lignieresii	3
bacdive.isolation_source:equidae-horse	25	NCBITaxon:83455	Myxococcus stipitatus	3
bacdive.isolation_source:feces-stool	1	NCBITaxon:562	Escherichia coli	106
bacdive.isolation_source:feces-stool	2	NCBITaxon:33	Myxococcus fulvus	99
bacdive.isolation_source:feces-stool	3	NCBITaxon:184914	Corallococcus coralloides	92
bacdive.isolation_source:feces-stool	4	NCBITaxon:197	Campylobacter jejuni	87
bacdive.isolation_source:feces-stool	5	NCBITaxon:28901	Salmonella enterica	73
bacdive.isolation_source:feces-stool	6	NCBITaxon:83456	Myxococcus virescens	55
bacdive.isolation_source:feces-stool	7	NCBITaxon:54	Nannocystis exedens	49
bacdive.isolation_source:feces-stool	8	NCBITaxon:56	Sorangium cellulosum	48
bacdive.isolation_source:feces-stool	9	NCBITaxon:34	Myxococcus xanthus	45
bacdive.isolation_source:feces-stool	10	NCBITaxon:28080	Campylobacter upsaliensis	35
bacdive.isolation_source:feces-stool	11	NCBITaxon:1496	Clostridioides difficile	33
bacdive.isolation_source:feces-stool	12	NCBITaxon:703	Plesiomonas shigelloides	28
bacdive.isolation_source:feces-stool	13	NCBITaxon:1352	Enterococcus faecium	22
bacdive.isolation_source:feces-stool	14	NCBITaxon:1872627	Archangium sp.	21
bacdive.isolation_source:feces-stool	15	NCBITaxon:83462	Corallococcus exiguus	20
bacdive.isolation_source:feces-stool	16	NCBITaxon:206	Campylobacter sputorum	19
bacdive.isolation_source:feces-stool	17	NCBITaxon:666	Vibrio cholerae	19
bacdive.isolation_source:feces-stool	18	NCBITaxon:71864	Herpetosiphon sp.	19
bacdive.isolation_source:feces-stool	19	NCBITaxon:83460	Allostigmatella erecta	18
bacdive.isolation_source:feces-stool	20	NCBITaxon:195	Campylobacter coli	17
bacdive.isolation_source:feces-stool	21	NCBITaxon:630	Yersinia enterocolitica	15
bacdive.isolation_source:feces-stool	22	NCBITaxon:198	Campylobacter hyointestinalis	13
bacdive.isolation_source:feces-stool	23	NCBITaxon:2	Bacteria	13
bacdive.isolation_source:feces-stool	24	NCBITaxon:84112	Eggerthella lenta	13
bacdive.isolation_source:feces-stool	25	NCBITaxon:38	Archangium disciforme	12
bacdive.isolation_source:felidae-cat	1	NCBITaxon:123822	[Haemophilus] felis	8
bacdive.isolation_source:felidae-cat	2	NCBITaxon:28898	Campylobacter helveticus	7
bacdive.isolation_source:felidae-cat	3	NCBITaxon:36808	Corynebacterium bovis	5
bacdive.isolation_source:felidae-cat	4	NCBITaxon:747	Pasteurella multocida	5
bacdive.isolation_source:felidae-cat	5	NCBITaxon:2	Bacteria	4
bacdive.isolation_source:felidae-cat	6	NCBITaxon:161890	Corynebacterium mastitidis	3
bacdive.isolation_source:felidae-cat	7	NCBITaxon:46127	Staphylococcus felis	3
bacdive.isolation_source:felidae-cat	8	NCBITaxon:1015	Bergeyella zoohelcum	2
bacdive.isolation_source:felidae-cat	9	NCBITaxon:115545	Pasteurella multocida subsp. septica	2
bacdive.isolation_source:felidae-cat	10	NCBITaxon:1329	Streptococcus canis	2
bacdive.isolation_source:felidae-cat	11	NCBITaxon:1578720	Helicobacter ailurogastricus	2
bacdive.isolation_source:felidae-cat	12	NCBITaxon:1690	Bifidobacterium pseudolongum subsp. globosum	2
bacdive.isolation_source:felidae-cat	13	NCBITaxon:283734	Staphylococcus pseudintermedius	2
bacdive.isolation_source:felidae-cat	14	NCBITaxon:35817	Helicobacter heilmannii	2
bacdive.isolation_source:felidae-cat	15	NCBITaxon:83428	uncultured Bacillus sp.	2
bacdive.isolation_source:felidae-cat	16	NCBITaxon:100469	Schaalia canis	1
bacdive.isolation_source:felidae-cat	17	NCBITaxon:1027633	Enteractinococcus coprophilus	1
bacdive.isolation_source:felidae-cat	18	NCBITaxon:1031739	Campylobacter helveticus CCUG 30566	1
bacdive.isolation_source:felidae-cat	19	NCBITaxon:1071947	Pasteurella oralis	1
bacdive.isolation_source:felidae-cat	20	NCBITaxon:1121351	Conchiformibius kuhniae DSM 17694	1
bacdive.isolation_source:felidae-cat	21	NCBITaxon:1134510	Bartonella koehlerae C-29	1
bacdive.isolation_source:felidae-cat	22	NCBITaxon:114259	Nocardia paucivorans	1
bacdive.isolation_source:felidae-cat	23	NCBITaxon:1235813	Bacteroides pyogenes JCM 10003	1
bacdive.isolation_source:felidae-cat	24	NCBITaxon:1236521	Porphyromonas macacae JCM 15984	1
bacdive.isolation_source:felidae-cat	25	NCBITaxon:131109	Actinomyces bowdenii	1
bacdive.isolation_source:fermented	1	NCBITaxon:1580	Levilactobacillus brevis	6
bacdive.isolation_source:fermented	2	NCBITaxon:1591	Lactobacillus sp.	5
bacdive.isolation_source:fermented	3	NCBITaxon:865	Pectinatus frisingensis	5
bacdive.isolation_source:fermented	4	NCBITaxon:86956	Pectinatus cerevisiiphilus	4
bacdive.isolation_source:fermented	5	NCBITaxon:1590	Lactiplantibacillus plantarum	3
bacdive.isolation_source:fermented	6	NCBITaxon:1614	Fructilactobacillus fructivorans	3
bacdive.isolation_source:fermented	7	NCBITaxon:176292	Secundilactobacillus malefermentans	3
bacdive.isolation_source:fermented	8	NCBITaxon:28038	Latilactobacillus curvatus	3
bacdive.isolation_source:fermented	9	NCBITaxon:442	Gluconobacter oxydans	3
bacdive.isolation_source:fermented	10	NCBITaxon:51663	Pediococcus damnosus	3
bacdive.isolation_source:fermented	11	NCBITaxon:53444	Fructilactobacillus lindneri	3
bacdive.isolation_source:fermented	12	NCBITaxon:1247	Oenococcus oeni	2
bacdive.isolation_source:fermented	13	NCBITaxon:1281	Staphylococcus carnosus	2
bacdive.isolation_source:fermented	14	NCBITaxon:1307912	Acetobacter oeni LMG 21952	2
bacdive.isolation_source:fermented	15	NCBITaxon:1588	Lentilactobacillus hilgardii	2
bacdive.isolation_source:fermented	16	NCBITaxon:214326	Latilactobacillus sakei subsp. sakei	2
bacdive.isolation_source:fermented	17	NCBITaxon:261164	Psychrobacter alimentarius	2
bacdive.isolation_source:fermented	18	NCBITaxon:282669	Psychrobacter cibarius	2
bacdive.isolation_source:fermented	19	NCBITaxon:438	Acetobacter pasteurianus	2
bacdive.isolation_source:fermented	20	NCBITaxon:47714	Lacticaseibacillus paracasei subsp. paracasei	2
bacdive.isolation_source:fermented	21	NCBITaxon:1004261	Oceanobacillus indicireducens	1
bacdive.isolation_source:fermented	22	NCBITaxon:1007676	Companilactobacillus ginsenosidimutans	1
bacdive.isolation_source:fermented	23	NCBITaxon:104097	Acetobacter estunensis	1
bacdive.isolation_source:fermented	24	NCBITaxon:104101	Acetobacter indonesiensis	1
bacdive.isolation_source:fermented	25	NCBITaxon:1050107	Lactobacillus delbrueckii subsp. allosunkii	1
bacdive.isolation_source:fluids	1	NCBITaxon:1313	Streptococcus pneumoniae	149
bacdive.isolation_source:fluids	2	NCBITaxon:28188	Capnocytophaga canimorsus	99
bacdive.isolation_source:fluids	3	NCBITaxon:562	Escherichia coli	92
bacdive.isolation_source:fluids	4	NCBITaxon:287	Pseudomonas aeruginosa	82
bacdive.isolation_source:fluids	5	NCBITaxon:727	Haemophilus influenzae	77
bacdive.isolation_source:fluids	6	NCBITaxon:1328	Streptococcus anginosus	76
bacdive.isolation_source:fluids	7	NCBITaxon:59505	Actinotignum schaalii	69
bacdive.isolation_source:fluids	8	NCBITaxon:40324	Stenotrophomonas maltophilia	62
bacdive.isolation_source:fluids	9	NCBITaxon:573	Klebsiella pneumoniae	58
bacdive.isolation_source:fluids	10	NCBITaxon:47715	Lacticaseibacillus rhamnosus	57
bacdive.isolation_source:fluids	11	NCBITaxon:1639	Listeria monocytogenes	56
bacdive.isolation_source:fluids	12	NCBITaxon:46124	Granulicatella adiacens	56
bacdive.isolation_source:fluids	13	NCBITaxon:1304	Streptococcus salivarius	55
bacdive.isolation_source:fluids	14	NCBITaxon:95486	Burkholderia cenocepacia	51
bacdive.isolation_source:fluids	15	NCBITaxon:1352	Enterococcus faecium	48
bacdive.isolation_source:fluids	16	NCBITaxon:315405	Streptococcus gallolyticus	46
bacdive.isolation_source:fluids	17	NCBITaxon:1280	Staphylococcus aureus	43
bacdive.isolation_source:fluids	18	NCBITaxon:34062	Faucicola osloensis	43
bacdive.isolation_source:fluids	19	NCBITaxon:43675	Rothia mucilaginosa	43
bacdive.isolation_source:fluids	20	NCBITaxon:292	Burkholderia cepacia	42
bacdive.isolation_source:fluids	21	NCBITaxon:487	Neisseria meningitidis	42
bacdive.isolation_source:fluids	22	NCBITaxon:87883	Burkholderia multivorans	42
bacdive.isolation_source:fluids	23	NCBITaxon:83428	uncultured Bacillus sp.	39
bacdive.isolation_source:fluids	24	NCBITaxon:504	Kingella kingae	38
bacdive.isolation_source:fluids	25	NCBITaxon:1306	Streptococcus sp.	37
bacdive.isolation_source:foam	1	NCBITaxon:44753	Tsukamurella spumae	5
bacdive.isolation_source:foam	2	NCBITaxon:1073081		1
bacdive.isolation_source:foam	3	NCBITaxon:1075090	Gordonia amarae NBRC 15530	1
bacdive.isolation_source:foam	4	NCBITaxon:1122154	Pseudolactococcus chungangensis CAU 28 = DSM 22330	1
bacdive.isolation_source:foam	5	NCBITaxon:198437	uncultured Gordonia sp.	1
bacdive.isolation_source:foam	6	NCBITaxon:239498	Tsukamurella pseudospumae	1
bacdive.isolation_source:foam	7	NCBITaxon:283718	Gordonia defluvii	1
bacdive.isolation_source:foam	8	NCBITaxon:36821	Gordonia amarae	1
bacdive.isolation_source:foam	9	NCBITaxon:39122	Skermania pinensis	1
bacdive.isolation_source:food-production	1	NCBITaxon:663	Vibrio alginolyticus	17
bacdive.isolation_source:food-production	2	NCBITaxon:1464	Paenibacillus larvae	13
bacdive.isolation_source:food-production	3	NCBITaxon:1642	Listeria innocua	13
bacdive.isolation_source:food-production	4	NCBITaxon:1639	Listeria monocytogenes	11
bacdive.isolation_source:food-production	5	NCBITaxon:562	Escherichia coli	11
bacdive.isolation_source:food-production	6	NCBITaxon:1396	Bacillus cereus	10
bacdive.isolation_source:food-production	7	NCBITaxon:1130080	Alkalibacterium gilvum	9
bacdive.isolation_source:food-production	8	NCBITaxon:1502	Clostridium perfringens	9
bacdive.isolation_source:food-production	9	NCBITaxon:1580	Levilactobacillus brevis	9
bacdive.isolation_source:food-production	10	NCBITaxon:666	Vibrio cholerae	9
bacdive.isolation_source:food-production	11	NCBITaxon:28038	Latilactobacillus curvatus	8
bacdive.isolation_source:food-production	12	NCBITaxon:337330	Lactiplantibacillus plantarum subsp. plantarum	8
bacdive.isolation_source:food-production	13	NCBITaxon:82983	Obesumbacterium proteus	8
bacdive.isolation_source:food-production	14	NCBITaxon:83428	uncultured Bacillus sp.	8
bacdive.isolation_source:food-production	15	NCBITaxon:1358	Lactococcus lactis	7
bacdive.isolation_source:food-production	16	NCBITaxon:1590	Lactiplantibacillus plantarum	7
bacdive.isolation_source:food-production	17	NCBITaxon:1591	Lactobacillus sp.	7
bacdive.isolation_source:food-production	18	NCBITaxon:1640	Listeria seeligeri	7
bacdive.isolation_source:food-production	19	NCBITaxon:1280	Staphylococcus aureus	6
bacdive.isolation_source:food-production	20	NCBITaxon:1402	Bacillus licheniformis	6
bacdive.isolation_source:food-production	21	NCBITaxon:2751	Carnobacterium maltaromaticum	6
bacdive.isolation_source:food-production	22	NCBITaxon:293371	Paucilactobacillus oligofermentans	6
bacdive.isolation_source:food-production	23	NCBITaxon:47714	Lacticaseibacillus paracasei subsp. paracasei	6
bacdive.isolation_source:food-production	24	NCBITaxon:1516	Thermoanaerobacter ethanolicus subsp. thermohydrosulfuricus	5
bacdive.isolation_source:food-production	25	NCBITaxon:152331	Lentilactobacillus parabuchneri	5
bacdive.isolation_source:foot	1	NCBITaxon:76832	Myroides odoratimimus	10
bacdive.isolation_source:foot	2	NCBITaxon:43770	Corynebacterium striatum	4
bacdive.isolation_source:foot	3	NCBITaxon:1280	Staphylococcus aureus	3
bacdive.isolation_source:foot	4	NCBITaxon:1993	Actinomadura madurae	3
bacdive.isolation_source:foot	5	NCBITaxon:1076331	Arsenicicoccus dermatophilus	2
bacdive.isolation_source:foot	6	NCBITaxon:1295	Staphylococcus schleiferi	2
bacdive.isolation_source:foot	7	NCBITaxon:1717	Corynebacterium diphtheriae	2
bacdive.isolation_source:foot	8	NCBITaxon:24	Shewanella putrefaciens	2
bacdive.isolation_source:foot	9	NCBITaxon:28035	Staphylococcus lugdunensis	2
bacdive.isolation_source:foot	10	NCBITaxon:28264	Arcanobacterium haemolyticum	2
bacdive.isolation_source:foot	11	NCBITaxon:326522	Neisseria animaloris	2
bacdive.isolation_source:foot	12	NCBITaxon:37330	Nocardia nova	2
bacdive.isolation_source:foot	13	NCBITaxon:38313	Shewanella algae	2
bacdive.isolation_source:foot	14	NCBITaxon:40091	Helcococcus kunzii	2
bacdive.isolation_source:foot	15	NCBITaxon:400946	Wohlfahrtiimonas chitiniclastica	2
bacdive.isolation_source:foot	16	NCBITaxon:504	Kingella kingae	2
bacdive.isolation_source:foot	17	NCBITaxon:511	Alcaligenes faecalis	2
bacdive.isolation_source:foot	18	NCBITaxon:59561	Trueperella bernardiae	2
bacdive.isolation_source:foot	19	NCBITaxon:614	Serratia liquefaciens	2
bacdive.isolation_source:foot	20	NCBITaxon:1071886	Streptococcus troglodytidis	1
bacdive.isolation_source:foot	21	NCBITaxon:108980	Acinetobacter ursingii	1
bacdive.isolation_source:foot	22	NCBITaxon:1115512	Atlantibacter hermannii NBRC 105704	1
bacdive.isolation_source:foot	23	NCBITaxon:111805	Actinomadura pelletieri	1
bacdive.isolation_source:foot	24	NCBITaxon:1134445	Streptomyces somaliensis DSM 40738	1
bacdive.isolation_source:foot	25	NCBITaxon:1206744	Nocardia transvalensis NBRC 15921	1
bacdive.isolation_source:forest	1	NCBITaxon:56	Sorangium cellulosum	24
bacdive.isolation_source:forest	2	NCBITaxon:184914	Corallococcus coralloides	15
bacdive.isolation_source:forest	3	NCBITaxon:33	Myxococcus fulvus	15
bacdive.isolation_source:forest	4	NCBITaxon:54	Nannocystis exedens	9
bacdive.isolation_source:forest	5	NCBITaxon:58172	Paenibacillus sp.	6
bacdive.isolation_source:forest	6	NCBITaxon:83456	Myxococcus virescens	5
bacdive.isolation_source:forest	7	NCBITaxon:71864	Herpetosiphon sp.	4
bacdive.isolation_source:forest	8	NCBITaxon:1931	Streptomyces sp.	3
bacdive.isolation_source:forest	9	NCBITaxon:1435036	Acinetobacter bohemicus	2
bacdive.isolation_source:forest	10	NCBITaxon:153721	Sporocytophaga myxococcoides	2
bacdive.isolation_source:forest	11	NCBITaxon:1645614	Psychromicrobium silvestre	2
bacdive.isolation_source:forest	12	NCBITaxon:171401	Paenibacillus agarexedens	2
bacdive.isolation_source:forest	13	NCBITaxon:1872627	Archangium sp.	2
bacdive.isolation_source:forest	14	NCBITaxon:1926495	Paraburkholderia sp.	2
bacdive.isolation_source:forest	15	NCBITaxon:194249	uncultured Rhodococcus sp.	2
bacdive.isolation_source:forest	16	NCBITaxon:28214	Sphingomonas sp.	2
bacdive.isolation_source:forest	17	NCBITaxon:29	Myxococcales	2
bacdive.isolation_source:forest	18	NCBITaxon:33915	Saccharopolyspora sp.	2
bacdive.isolation_source:forest	19	NCBITaxon:75697	Castellaniella defragrans	2
bacdive.isolation_source:forest	20	NCBITaxon:1007092	Microlunatus terrae	1
bacdive.isolation_source:forest	21	NCBITaxon:1016997	Polycladomyces subterraneus	1
bacdive.isolation_source:forest	22	NCBITaxon:1036182	Paractinoplanes atraurantiacus	1
bacdive.isolation_source:forest	23	NCBITaxon:103817	Janibacter terrae	1
bacdive.isolation_source:forest	24	NCBITaxon:1045776	Kutzneria buriramensis	1
bacdive.isolation_source:forest	25	NCBITaxon:106590	Cupriavidus necator	1
bacdive.isolation_source:freshwater	1	NCBITaxon:2527775	Polynucleobacter paneuropaeus	4
bacdive.isolation_source:freshwater	2	NCBITaxon:427	Methylosinus sp.	4
bacdive.isolation_source:freshwater	3	NCBITaxon:1876	Micromonospora sp.	3
bacdive.isolation_source:freshwater	4	NCBITaxon:232537	Rhodoluna limnophila	3
bacdive.isolation_source:freshwater	5	NCBITaxon:239	Flavobacterium sp.	3
bacdive.isolation_source:freshwater	6	NCBITaxon:2930037	Phaeospirillum sp.	3
bacdive.isolation_source:freshwater	7	NCBITaxon:404941	Mycobacteroides salmoniphilum	3
bacdive.isolation_source:freshwater	8	NCBITaxon:409	Methylobacterium sp.	3
bacdive.isolation_source:freshwater	9	NCBITaxon:41211	Desulfotomaculum sp.	3
bacdive.isolation_source:freshwater	10	NCBITaxon:562	Escherichia coli	3
bacdive.isolation_source:freshwater	11	NCBITaxon:127458	Thiobaca trueperi	2
bacdive.isolation_source:freshwater	12	NCBITaxon:155042	Geobacter grbiciae	2
bacdive.isolation_source:freshwater	13	NCBITaxon:1869227	bacterium	2
bacdive.isolation_source:freshwater	14	NCBITaxon:1890675	Herbaspirillum sp.	2
bacdive.isolation_source:freshwater	15	NCBITaxon:306	Pseudomonas sp.	2
bacdive.isolation_source:freshwater	16	NCBITaxon:34012	Azospirillum sp.	2
bacdive.isolation_source:freshwater	17	NCBITaxon:65	Herpetosiphon aurantiacus	2
bacdive.isolation_source:freshwater	18	NCBITaxon:665118	Devosia enhydra	2
bacdive.isolation_source:freshwater	19	NCBITaxon:685	Vibrio diazotrophicus	2
bacdive.isolation_source:freshwater	20	NCBITaxon:1005	Flexibacter sp.	1
bacdive.isolation_source:freshwater	21	NCBITaxon:1007511	Sphingobium limneticum	1
bacdive.isolation_source:freshwater	22	NCBITaxon:1017018	Paenimyroides anatoliense	1
bacdive.isolation_source:freshwater	23	NCBITaxon:103690	Nostoc sp. PCC 7120 = FACHB-418	1
bacdive.isolation_source:freshwater	24	NCBITaxon:1042	Erythrobacter sp.	1
bacdive.isolation_source:freshwater	25	NCBITaxon:1045317	Sphingomonas lutea	1
bacdive.isolation_source:fruit-seed	1	NCBITaxon:56	Sorangium cellulosum	10
bacdive.isolation_source:fruit-seed	2	NCBITaxon:184914	Corallococcus coralloides	9
bacdive.isolation_source:fruit-seed	3	NCBITaxon:153721	Sporocytophaga myxococcoides	8
bacdive.isolation_source:fruit-seed	4	NCBITaxon:54	Nannocystis exedens	7
bacdive.isolation_source:fruit-seed	5	NCBITaxon:317	Pseudomonas syringae	6
bacdive.isolation_source:fruit-seed	6	NCBITaxon:442	Gluconobacter oxydans	4
bacdive.isolation_source:fruit-seed	7	NCBITaxon:556	Dickeya chrysanthemi	4
bacdive.isolation_source:fruit-seed	8	NCBITaxon:71864	Herpetosiphon sp.	4
bacdive.isolation_source:fruit-seed	9	NCBITaxon:1580	Levilactobacillus brevis	3
bacdive.isolation_source:fruit-seed	10	NCBITaxon:176292	Secundilactobacillus malefermentans	3
bacdive.isolation_source:fruit-seed	11	NCBITaxon:28447	Clavibacter michiganensis	3
bacdive.isolation_source:fruit-seed	12	NCBITaxon:51663	Pediococcus damnosus	3
bacdive.isolation_source:fruit-seed	13	NCBITaxon:83451	Archangium violaceum	3
bacdive.isolation_source:fruit-seed	14	NCBITaxon:84032	Clostridium thermosuccinogenes	3
bacdive.isolation_source:fruit-seed	15	NCBITaxon:106592	Ensifer adhaerens	2
bacdive.isolation_source:fruit-seed	16	NCBITaxon:1247	Oenococcus oeni	2
bacdive.isolation_source:fruit-seed	17	NCBITaxon:1428	Bacillus thuringiensis	2
bacdive.isolation_source:fruit-seed	18	NCBITaxon:1517	Thermoanaerobacterium thermosaccharolyticum	2
bacdive.isolation_source:fruit-seed	19	NCBITaxon:152682	Sphingomonas melonis	2
bacdive.isolation_source:fruit-seed	20	NCBITaxon:1588	Lentilactobacillus hilgardii	2
bacdive.isolation_source:fruit-seed	21	NCBITaxon:1931	Streptomyces sp.	2
bacdive.isolation_source:fruit-seed	22	NCBITaxon:2371	Xylella fastidiosa	2
bacdive.isolation_source:fruit-seed	23	NCBITaxon:298	Pseudomonas marginalis	2
bacdive.isolation_source:fruit-seed	24	NCBITaxon:33	Myxococcus fulvus	2
bacdive.isolation_source:fruit-seed	25	NCBITaxon:339	Xanthomonas campestris	2
bacdive.isolation_source:gall	1	NCBITaxon:362	Agrobacterium radiobacter	5
bacdive.isolation_source:gall	2	NCBITaxon:1035271	Rhizobium nepotum	1
bacdive.isolation_source:gall	3	NCBITaxon:110933	Leifsonia poae	1
bacdive.isolation_source:gall	4	NCBITaxon:110935	Agreia bicolorata	1
bacdive.isolation_source:gall	5	NCBITaxon:1210098	Nocardia vaccinii NBRC 15922	1
bacdive.isolation_source:gall	6	NCBITaxon:1328866	Rathayibacter festucae DSM 15932	1
bacdive.isolation_source:gall	7	NCBITaxon:1660	Schaalia odontolytica	1
bacdive.isolation_source:gall	8	NCBITaxon:1938889	Agreia sp. VKM Ac-1783	1
bacdive.isolation_source:gall	9	NCBITaxon:306	Pseudomonas sp.	1
bacdive.isolation_source:gall	10	NCBITaxon:359	Martinezella rhizogenes	1
bacdive.isolation_source:gall	11	NCBITaxon:75612	Pseudomonas mandelii	1
bacdive.isolation_source:gall	12	NCBITaxon:984260	Rhizobium skierniewicense	1
bacdive.isolation_source:geologic	1	NCBITaxon:83428	uncultured Bacillus sp.	14
bacdive.isolation_source:geologic	2	NCBITaxon:184914	Corallococcus coralloides	9
bacdive.isolation_source:geologic	3	NCBITaxon:54	Nannocystis exedens	8
bacdive.isolation_source:geologic	4	NCBITaxon:56	Sorangium cellulosum	6
bacdive.isolation_source:geologic	5	NCBITaxon:1873466	Modestobacter sp.	5
bacdive.isolation_source:geologic	6	NCBITaxon:33	Myxococcus fulvus	5
bacdive.isolation_source:geologic	7	NCBITaxon:141949	Thermomonas haemolytica	4
bacdive.isolation_source:geologic	8	NCBITaxon:1874361	Idiomarina sp.	4
bacdive.isolation_source:geologic	9	NCBITaxon:1841	Nocardioides albus	3
bacdive.isolation_source:geologic	10	NCBITaxon:28141	Cronobacter sakazakii	3
bacdive.isolation_source:geologic	11	NCBITaxon:36738	Halococcus salifodinae	3
bacdive.isolation_source:geologic	12	NCBITaxon:37919	Rhodococcus opacus	3
bacdive.isolation_source:geologic	13	NCBITaxon:57		3
bacdive.isolation_source:geologic	14	NCBITaxon:71864	Herpetosiphon sp.	3
bacdive.isolation_source:geologic	15	NCBITaxon:94136	Alkalibacillus haloalkaliphilus	3
bacdive.isolation_source:geologic	16	NCBITaxon:1062	Rhodobacter sp.	2
bacdive.isolation_source:geologic	17	NCBITaxon:1077944	Streptomyces muensis	2
bacdive.isolation_source:geologic	18	NCBITaxon:117567	Mycolicibacterium frederiksbergense	2
bacdive.isolation_source:geologic	19	NCBITaxon:1830	Rhodococcus ruber	2
bacdive.isolation_source:geologic	20	NCBITaxon:1873459	Blastococcus sp.	2
bacdive.isolation_source:geologic	21	NCBITaxon:1918640	Streptacidiphilus sp.	2
bacdive.isolation_source:geologic	22	NCBITaxon:1922205	Thalassobacillus sp.	2
bacdive.isolation_source:geologic	23	NCBITaxon:1940617	Angustibacter speluncae	2
bacdive.isolation_source:geologic	24	NCBITaxon:28214	Sphingomonas sp.	2
bacdive.isolation_source:geologic	25	NCBITaxon:394097	Allostigmatella hybrida	2
bacdive.isolation_source:grassland	1	NCBITaxon:46609	Clostridium pascui	4
bacdive.isolation_source:grassland	2	NCBITaxon:58172	Paenibacillus sp.	4
bacdive.isolation_source:grassland	3	NCBITaxon:1872119	Acidobacterium sp.	3
bacdive.isolation_source:grassland	4	NCBITaxon:12917	Acidovorax facilis	2
bacdive.isolation_source:grassland	5	NCBITaxon:420952	Paraburkholderia bryophila	2
bacdive.isolation_source:grassland	6	NCBITaxon:79880	Shouchella clausii	2
bacdive.isolation_source:grassland	7	NCBITaxon:83428	uncultured Bacillus sp.	2
bacdive.isolation_source:grassland	8	NCBITaxon:1081736	Listeria fleischmannii subsp. coloradonensis	1
bacdive.isolation_source:grassland	9	NCBITaxon:1085	Rhodospirillum rubrum	1
bacdive.isolation_source:grassland	10	NCBITaxon:1108140	Burkholderia catarinensis	1
bacdive.isolation_source:grassland	11	NCBITaxon:1121132	Butyrivibrio hungatei DSM 14810	1
bacdive.isolation_source:grassland	12	NCBITaxon:1169025	Streptomyces pratensis	1
bacdive.isolation_source:grassland	13	NCBITaxon:1278232	Keratinibaculum paraultunense	1
bacdive.isolation_source:grassland	14	NCBITaxon:1337839	Flavobacterium sp. DSM 425	1
bacdive.isolation_source:grassland	15	NCBITaxon:1384638	Aridibacter famidurans	1
bacdive.isolation_source:grassland	16	NCBITaxon:1389489	Leifsonia xyli subsp. cynodontis DSM 46306	1
bacdive.isolation_source:grassland	17	NCBITaxon:1399969	Caballeronia megalochromosomata	1
bacdive.isolation_source:grassland	18	NCBITaxon:1646377	Rouxiella badensis	1
bacdive.isolation_source:grassland	19	NCBITaxon:1683161	Chthonobacter albigriseus	1
bacdive.isolation_source:grassland	20	NCBITaxon:171402	Paenibacillus sp. DSM 1474	1
bacdive.isolation_source:grassland	21	NCBITaxon:173861	Streptomyces stramineus	1
bacdive.isolation_source:grassland	22	NCBITaxon:1813471	Actinokineospora acnipugnans	1
bacdive.isolation_source:grassland	23	NCBITaxon:1833	Rhodococcus erythropolis	1
bacdive.isolation_source:grassland	24	NCBITaxon:1843237	Sphingomonas prati	1
bacdive.isolation_source:grassland	25	NCBITaxon:1854496	Microvirga soli	1
bacdive.isolation_source:grove-orchard	1	NCBITaxon:306	Pseudomonas sp.	5
bacdive.isolation_source:grove-orchard	2	NCBITaxon:1500506	Halopolyspora algeriensis	2
bacdive.isolation_source:grove-orchard	3	NCBITaxon:1872138	Actinophytocola sp.	2
bacdive.isolation_source:grove-orchard	4	NCBITaxon:1137848	Clostridium arbusti	1
bacdive.isolation_source:grove-orchard	5	NCBITaxon:1263636	Microbacterium kyungheense	1
bacdive.isolation_source:grove-orchard	6	NCBITaxon:1263637	Microbacterium jejuense	1
bacdive.isolation_source:grove-orchard	7	NCBITaxon:1338426	Arthrobacter bambusae	1
bacdive.isolation_source:grove-orchard	8	NCBITaxon:1682748	Streptosporangium algeriense	1
bacdive.isolation_source:grove-orchard	9	NCBITaxon:1768010	Actinophytocola algeriensis	1
bacdive.isolation_source:grove-orchard	10	NCBITaxon:1803212	Sporosarcina terrae	1
bacdive.isolation_source:grove-orchard	11	NCBITaxon:1819600	Actinomadura adrarensis	1
bacdive.isolation_source:grove-orchard	12	NCBITaxon:1852	Saccharomonospora viridis	1
bacdive.isolation_source:grove-orchard	13	NCBITaxon:1987382	Spirosoma horti	1
bacdive.isolation_source:grove-orchard	14	NCBITaxon:2219663	Streptacidiphilus pinicola	1
bacdive.isolation_source:grove-orchard	15	NCBITaxon:310575	Advenella kashmirensis	1
bacdive.isolation_source:grove-orchard	16	NCBITaxon:42895	Enterobacter sp.	1
bacdive.isolation_source:grove-orchard	17	NCBITaxon:491207	Chryseobacterium oleae	1
bacdive.isolation_source:grove-orchard	18	NCBITaxon:571190	Saccharothrix saharensis	1
bacdive.isolation_source:grove-orchard	19	NCBITaxon:880156	Photorhabdus heterorhabditis	1
bacdive.isolation_source:grove-orchard	20	NCBITaxon:909613	Actinokineospora spheciospongiae	1
bacdive.isolation_source:heated-burned	1	NCBITaxon:28172	Vibrio metschnikovii	1
bacdive.isolation_source:heated-burned	2	NCBITaxon:451757	Clostridium perfringens NCTC 8239	1
bacdive.isolation_source:heavy-metal	1	NCBITaxon:1121896	Flavobacterium sasangense DSM 21067	1
bacdive.isolation_source:heavy-metal	2	NCBITaxon:1141883	Massilia putida	1
bacdive.isolation_source:heavy-metal	3	NCBITaxon:1141888	Sphingomonas difficilis	1
bacdive.isolation_source:heavy-metal	4	NCBITaxon:1265931	Rhizobium metallidurans	1
bacdive.isolation_source:heavy-metal	5	NCBITaxon:1398664	Paraburkholderia metalliresistens	1
bacdive.isolation_source:heavy-metal	6	NCBITaxon:151783	Cupriavidus campinensis	1
bacdive.isolation_source:heavy-metal	7	NCBITaxon:1538102	Pseudochelatococcus lubricantis	1
bacdive.isolation_source:heavy-metal	8	NCBITaxon:1538103	Pseudochelatococcus contaminans	1
bacdive.isolation_source:heavy-metal	9	NCBITaxon:157733		1
bacdive.isolation_source:heavy-metal	10	NCBITaxon:1578756	Brevibacterium metallicum	1
bacdive.isolation_source:heavy-metal	11	NCBITaxon:1586242	Luteimonas arsenica	1
bacdive.isolation_source:heavy-metal	12	NCBITaxon:1710	Cellulosimicrobium cellulans	1
bacdive.isolation_source:heavy-metal	13	NCBITaxon:1792845	Mucilaginibacter pedocola	1
bacdive.isolation_source:heavy-metal	14	NCBITaxon:1884992	Cumulibacter manganitolerans	1
bacdive.isolation_source:heavy-metal	15	NCBITaxon:2014887	Herbaspirillum robiniae	1
bacdive.isolation_source:heavy-metal	16	NCBITaxon:2052484	Roseateles noduli	1
bacdive.isolation_source:heavy-metal	17	NCBITaxon:2125990	Pseudodesulfovibrio hydrargyri	1
bacdive.isolation_source:heavy-metal	18	NCBITaxon:2136097	Deinococcus rufus	1
bacdive.isolation_source:heavy-metal	19	NCBITaxon:223556	Deinococcus indicus	1
bacdive.isolation_source:heavy-metal	20	NCBITaxon:2250708	Pseudogemmobacter bohemicus	1
bacdive.isolation_source:heavy-metal	21	NCBITaxon:225345	Clostridium chromiireducens	1
bacdive.isolation_source:heavy-metal	22	NCBITaxon:321984	Pseudoduganella plicata	1
bacdive.isolation_source:heavy-metal	23	NCBITaxon:321985	Pseudoduganella lutea	1
bacdive.isolation_source:heavy-metal	24	NCBITaxon:340320	Leucobacter luti	1
bacdive.isolation_source:heavy-metal	25	NCBITaxon:340321	Leucobacter alluvii	1
bacdive.isolation_source:herbaceous-plants-grass,crops	1	NCBITaxon:28214	Sphingomonas sp.	46
bacdive.isolation_source:herbaceous-plants-grass,crops	2	NCBITaxon:409	Methylobacterium sp.	43
bacdive.isolation_source:herbaceous-plants-grass,crops	3	NCBITaxon:339	Xanthomonas campestris	39
bacdive.isolation_source:herbaceous-plants-grass,crops	4	NCBITaxon:56	Sorangium cellulosum	39
bacdive.isolation_source:herbaceous-plants-grass,crops	5	NCBITaxon:54	Nannocystis exedens	35
bacdive.isolation_source:herbaceous-plants-grass,crops	6	NCBITaxon:184914	Corallococcus coralloides	33
bacdive.isolation_source:herbaceous-plants-grass,crops	7	NCBITaxon:317	Pseudomonas syringae	33
bacdive.isolation_source:herbaceous-plants-grass,crops	8	NCBITaxon:391	Rhizobium sp.	30
bacdive.isolation_source:herbaceous-plants-grass,crops	9	NCBITaxon:554	Pectobacterium carotovorum	30
bacdive.isolation_source:herbaceous-plants-grass,crops	10	NCBITaxon:306	Pseudomonas sp.	26
bacdive.isolation_source:herbaceous-plants-grass,crops	11	NCBITaxon:305	Ralstonia solanacearum	22
bacdive.isolation_source:herbaceous-plants-grass,crops	12	NCBITaxon:1930	Streptomyces scabiei	20
bacdive.isolation_source:herbaceous-plants-grass,crops	13	NCBITaxon:1931	Streptomyces sp.	20
bacdive.isolation_source:herbaceous-plants-grass,crops	14	NCBITaxon:83428	uncultured Bacillus sp.	19
bacdive.isolation_source:herbaceous-plants-grass,crops	15	NCBITaxon:51671	Microbacterium sp.	18
bacdive.isolation_source:herbaceous-plants-grass,crops	16	NCBITaxon:1405	Bacillus mycoides	15
bacdive.isolation_source:herbaceous-plants-grass,crops	17	NCBITaxon:2161	Methanobacterium bryantii	15
bacdive.isolation_source:herbaceous-plants-grass,crops	18	NCBITaxon:35761	Nocardioides sp.	15
bacdive.isolation_source:herbaceous-plants-grass,crops	19	NCBITaxon:58172	Paenibacillus sp.	14
bacdive.isolation_source:herbaceous-plants-grass,crops	20	NCBITaxon:1872086	Ensifer sp.	13
bacdive.isolation_source:herbaceous-plants-grass,crops	21	NCBITaxon:1428	Bacillus thuringiensis	12
bacdive.isolation_source:herbaceous-plants-grass,crops	22	NCBITaxon:1872122	Acidovorax sp.	12
bacdive.isolation_source:herbaceous-plants-grass,crops	23	NCBITaxon:2035	Curtobacterium flaccumfaciens	11
bacdive.isolation_source:herbaceous-plants-grass,crops	24	NCBITaxon:1411316	Pedobacter sp.	10
bacdive.isolation_source:herbaceous-plants-grass,crops	25	NCBITaxon:1871063	Aeromicrobium sp.	10
bacdive.isolation_source:host	1	NCBITaxon:56	Sorangium cellulosum	1338
bacdive.isolation_source:host	2	NCBITaxon:184914	Corallococcus coralloides	1126
bacdive.isolation_source:host	3	NCBITaxon:54	Nannocystis exedens	785
bacdive.isolation_source:host	4	NCBITaxon:33	Myxococcus fulvus	326
bacdive.isolation_source:host	5	NCBITaxon:562	Escherichia coli	278
bacdive.isolation_source:host	6	NCBITaxon:1872627	Archangium sp.	250
bacdive.isolation_source:host	7	NCBITaxon:197	Campylobacter jejuni	243
bacdive.isolation_source:host	8	NCBITaxon:1313	Streptococcus pneumoniae	198
bacdive.isolation_source:host	9	NCBITaxon:71864	Herpetosiphon sp.	184
bacdive.isolation_source:host	10	NCBITaxon:2	Bacteria	180
bacdive.isolation_source:host	11	NCBITaxon:83456	Myxococcus virescens	178
bacdive.isolation_source:host	12	NCBITaxon:1280	Staphylococcus aureus	170
bacdive.isolation_source:host	13	NCBITaxon:1328	Streptococcus anginosus	155
bacdive.isolation_source:host	14	NCBITaxon:730	[Haemophilus] ducreyi	125
bacdive.isolation_source:host	15	NCBITaxon:287	Pseudomonas aeruginosa	120
bacdive.isolation_source:host	16	NCBITaxon:28188	Capnocytophaga canimorsus	119
bacdive.isolation_source:host	17	NCBITaxon:34	Myxococcus xanthus	111
bacdive.isolation_source:host	18	NCBITaxon:57		111
bacdive.isolation_source:host	19	NCBITaxon:1656	Actinomyces viscosus	110
bacdive.isolation_source:host	20	NCBITaxon:727	Haemophilus influenzae	110
bacdive.isolation_source:host	21	NCBITaxon:1352	Enterococcus faecium	108
bacdive.isolation_source:host	22	NCBITaxon:47715	Lacticaseibacillus rhamnosus	105
bacdive.isolation_source:host	23	NCBITaxon:2702	Gardnerella vaginalis	95
bacdive.isolation_source:host	24	NCBITaxon:28901	Salmonella enterica	95
bacdive.isolation_source:host	25	NCBITaxon:83428	uncultured Bacillus sp.	94
bacdive.isolation_source:human	1	NCBITaxon:562	Escherichia coli	222
bacdive.isolation_source:human	2	NCBITaxon:1313	Streptococcus pneumoniae	197
bacdive.isolation_source:human	3	NCBITaxon:197	Campylobacter jejuni	175
bacdive.isolation_source:human	4	NCBITaxon:1280	Staphylococcus aureus	156
bacdive.isolation_source:human	5	NCBITaxon:1328	Streptococcus anginosus	155
bacdive.isolation_source:human	6	NCBITaxon:730	[Haemophilus] ducreyi	125
bacdive.isolation_source:human	7	NCBITaxon:287	Pseudomonas aeruginosa	113
bacdive.isolation_source:human	8	NCBITaxon:727	Haemophilus influenzae	110
bacdive.isolation_source:human	9	NCBITaxon:28188	Capnocytophaga canimorsus	108
bacdive.isolation_source:human	10	NCBITaxon:1656	Actinomyces viscosus	105
bacdive.isolation_source:human	11	NCBITaxon:47715	Lacticaseibacillus rhamnosus	105
bacdive.isolation_source:human	12	NCBITaxon:1352	Enterococcus faecium	100
bacdive.isolation_source:human	13	NCBITaxon:2702	Gardnerella vaginalis	95
bacdive.isolation_source:human	14	NCBITaxon:28901	Salmonella enterica	88
bacdive.isolation_source:human	15	NCBITaxon:2	Bacteria	87
bacdive.isolation_source:human	16	NCBITaxon:1660	Schaalia odontolytica	76
bacdive.isolation_source:human	17	NCBITaxon:59505	Actinotignum schaalii	76
bacdive.isolation_source:human	18	NCBITaxon:46124	Granulicatella adiacens	75
bacdive.isolation_source:human	19	NCBITaxon:520	Bordetella pertussis	71
bacdive.isolation_source:human	20	NCBITaxon:1720	Corynebacterium sp.	69
bacdive.isolation_source:human	21	NCBITaxon:40324	Stenotrophomonas maltophilia	69
bacdive.isolation_source:human	22	NCBITaxon:732	Aggregatibacter aphrophilus	68
bacdive.isolation_source:human	23	NCBITaxon:1655	Actinomyces naeslundii	66
bacdive.isolation_source:human	24	NCBITaxon:1305	Streptococcus sanguinis	65
bacdive.isolation_source:human	25	NCBITaxon:1596	Lactobacillus gasseri	64
bacdive.isolation_source:humid	1	NCBITaxon:1411316	Pedobacter sp.	3
bacdive.isolation_source:humid	2	NCBITaxon:106590	Cupriavidus necator	1
bacdive.isolation_source:humid	3	NCBITaxon:1277350	Geobacter sp. DSM 9736	1
bacdive.isolation_source:humid	4	NCBITaxon:1293038	Methanosarcina mazei JCM 9314	1
bacdive.isolation_source:humid	5	NCBITaxon:1293039	Methanobrevibacter arboriphilus JCM 9315	1
bacdive.isolation_source:humid	6	NCBITaxon:1293042	Methanoculleus chikugoensis JCM 10825	1
bacdive.isolation_source:humid	7	NCBITaxon:1648871	Mycolicibacterium oryzae	1
bacdive.isolation_source:humid	8	NCBITaxon:1735038	Oryzomicrobium terrae	1
bacdive.isolation_source:humid	9	NCBITaxon:1742358	Cytobacillus praedii	1
bacdive.isolation_source:humid	10	NCBITaxon:1871047	Chryseobacterium sp.	1
bacdive.isolation_source:humid	11	NCBITaxon:1873897	Cupriavidus sp.	1
bacdive.isolation_source:humid	12	NCBITaxon:1955624	Propionicimonas ferrireducens	1
bacdive.isolation_source:humid	13	NCBITaxon:2047734	Paenibacillus azotifigens	1
bacdive.isolation_source:humid	14	NCBITaxon:2057004	Paraburkholderia azotifigens	1
bacdive.isolation_source:humid	15	NCBITaxon:297536	Oryzihumus leptocrescens	1
bacdive.isolation_source:humid	16	NCBITaxon:301154	Sphingomonas oligophenolica	1
bacdive.isolation_source:humid	17	NCBITaxon:409290	Arthrobacter oryzae	1
bacdive.isolation_source:humid	18	NCBITaxon:409291	Arthrobacter humicola	1
bacdive.isolation_source:humid	19	NCBITaxon:663606	Actinomycetospora chibensis	1
bacdive.isolation_source:humid	20	NCBITaxon:663607	Actinomycetospora straminea	1
bacdive.isolation_source:humid	21	NCBITaxon:663609	Actinomycetospora cinnamomea	1
bacdive.isolation_source:immunocompromised	1	NCBITaxon:31963	Clavibacter nebraskensis	1
bacdive.isolation_source:immunocompromised	2	NCBITaxon:40324	Stenotrophomonas maltophilia	1
bacdive.isolation_source:in-situ	1	NCBITaxon:265883	Hydrogenovibrio thermophilus	1
bacdive.isolation_source:in-situ	2	NCBITaxon:267990	Lebetimonas acidiphila	1
bacdive.isolation_source:in-situ	3	NCBITaxon:988827	Kocuria oceani	1
bacdive.isolation_source:industrial	1	NCBITaxon:83428	uncultured Bacillus sp.	50
bacdive.isolation_source:industrial	2	NCBITaxon:376	Bradyrhizobium sp.	25
bacdive.isolation_source:industrial	3	NCBITaxon:58172	Paenibacillus sp.	24
bacdive.isolation_source:industrial	4	NCBITaxon:1270	Micrococcus luteus	13
bacdive.isolation_source:industrial	5	NCBITaxon:1720	Corynebacterium sp.	13
bacdive.isolation_source:industrial	6	NCBITaxon:1271	Micrococcus sp.	12
bacdive.isolation_source:industrial	7	NCBITaxon:1290	Staphylococcus hominis	11
bacdive.isolation_source:industrial	8	NCBITaxon:1396	Bacillus cereus	11
bacdive.isolation_source:industrial	9	NCBITaxon:1402	Bacillus licheniformis	11
bacdive.isolation_source:industrial	10	NCBITaxon:190721	Ralstonia insidiosa	11
bacdive.isolation_source:industrial	11	NCBITaxon:28214	Sphingomonas sp.	11
bacdive.isolation_source:industrial	12	NCBITaxon:321318	Dietzia cinnamea	11
bacdive.isolation_source:industrial	13	NCBITaxon:1423	Bacillus subtilis	10
bacdive.isolation_source:industrial	14	NCBITaxon:409	Methylobacterium sp.	10
bacdive.isolation_source:industrial	15	NCBITaxon:51671	Microbacterium sp.	10
bacdive.isolation_source:industrial	16	NCBITaxon:71999	Kocuria palustris	10
bacdive.isolation_source:industrial	17	NCBITaxon:1478	Peribacillus simplex	9
bacdive.isolation_source:industrial	18	NCBITaxon:169760	Paenibacillus stellifer	9
bacdive.isolation_source:industrial	19	NCBITaxon:119219	Cupriavidus metallidurans	8
bacdive.isolation_source:industrial	20	NCBITaxon:1283	Staphylococcus haemolyticus	8
bacdive.isolation_source:industrial	21	NCBITaxon:1292	Staphylococcus warneri	8
bacdive.isolation_source:industrial	22	NCBITaxon:1299	Deinococcus radiodurans	8
bacdive.isolation_source:industrial	23	NCBITaxon:1697	Corynebacterium ammoniagenes	8
bacdive.isolation_source:industrial	24	NCBITaxon:2	Bacteria	8
bacdive.isolation_source:industrial	25	NCBITaxon:293	Brevundimonas diminuta	8
bacdive.isolation_source:industrial-production	1	NCBITaxon:169760	Paenibacillus stellifer	5
bacdive.isolation_source:industrial-production	2	NCBITaxon:301	Ectopseudomonas oleovorans	4
bacdive.isolation_source:industrial-production	3	NCBITaxon:554117	Paenibacillus phoenicis	4
bacdive.isolation_source:industrial-production	4	NCBITaxon:24	Shewanella putrefaciens	3
bacdive.isolation_source:industrial-production	5	NCBITaxon:58172	Paenibacillus sp.	3
bacdive.isolation_source:industrial-production	6	NCBITaxon:83428	uncultured Bacillus sp.	3
bacdive.isolation_source:industrial-production	7	NCBITaxon:105219	Ralstonia mannitolilytica	2
bacdive.isolation_source:industrial-production	8	NCBITaxon:1580	Levilactobacillus brevis	2
bacdive.isolation_source:industrial-production	9	NCBITaxon:1597	Lacticaseibacillus paracasei	2
bacdive.isolation_source:industrial-production	10	NCBITaxon:1697	Corynebacterium ammoniagenes	2
bacdive.isolation_source:industrial-production	11	NCBITaxon:1720	Corynebacterium sp.	2
bacdive.isolation_source:industrial-production	12	NCBITaxon:294	Pseudomonas fluorescens	2
bacdive.isolation_source:industrial-production	13	NCBITaxon:35841	Caldibacillus thermoamylovorans	2
bacdive.isolation_source:industrial-production	14	NCBITaxon:384602	Micrococcus flavus	2
bacdive.isolation_source:industrial-production	15	NCBITaxon:44751	Exiguobacterium sp.	2
bacdive.isolation_source:industrial-production	16	NCBITaxon:51665	Aerococcus urinaeequi	2
bacdive.isolation_source:industrial-production	17	NCBITaxon:54061	Ralstonia sp.	2
bacdive.isolation_source:industrial-production	18	NCBITaxon:105229	Neobacillus fumarioli	1
bacdive.isolation_source:industrial-production	19	NCBITaxon:1073081		1
bacdive.isolation_source:industrial-production	20	NCBITaxon:1121918	Geopsychrobacter electrodiphilus DSM 16401	1
bacdive.isolation_source:industrial-production	21	NCBITaxon:1122198	Marinobacterium iners DSM 11526	1
bacdive.isolation_source:industrial-production	22	NCBITaxon:1123021	Pseudomonas thermotolerans DSM 14292	1
bacdive.isolation_source:industrial-production	23	NCBITaxon:1235259	Oceanobacillus polygoni	1
bacdive.isolation_source:industrial-production	24	NCBITaxon:1236540	Prolixibacter bellariivorans JCM 13498	1
bacdive.isolation_source:industrial-production	25	NCBITaxon:1280	Staphylococcus aureus	1
bacdive.isolation_source:infection	1	NCBITaxon:562	Escherichia coli	237
bacdive.isolation_source:infection	2	NCBITaxon:573	Klebsiella pneumoniae	134
bacdive.isolation_source:infection	3	NCBITaxon:287	Pseudomonas aeruginosa	132
bacdive.isolation_source:infection	4	NCBITaxon:730	[Haemophilus] ducreyi	120
bacdive.isolation_source:infection	5	NCBITaxon:1280	Staphylococcus aureus	118
bacdive.isolation_source:infection	6	NCBITaxon:1313	Streptococcus pneumoniae	111
bacdive.isolation_source:infection	7	NCBITaxon:1328	Streptococcus anginosus	93
bacdive.isolation_source:infection	8	NCBITaxon:28188	Capnocytophaga canimorsus	85
bacdive.isolation_source:infection	9	NCBITaxon:727	Haemophilus influenzae	85
bacdive.isolation_source:infection	10	NCBITaxon:2	Bacteria	72
bacdive.isolation_source:infection	11	NCBITaxon:2702	Gardnerella vaginalis	70
bacdive.isolation_source:infection	12	NCBITaxon:197	Campylobacter jejuni	69
bacdive.isolation_source:infection	13	NCBITaxon:47715	Lacticaseibacillus rhamnosus	64
bacdive.isolation_source:infection	14	NCBITaxon:520	Bordetella pertussis	62
bacdive.isolation_source:infection	15	NCBITaxon:1352	Enterococcus faecium	59
bacdive.isolation_source:infection	16	NCBITaxon:40324	Stenotrophomonas maltophilia	59
bacdive.isolation_source:infection	17	NCBITaxon:46124	Granulicatella adiacens	59
bacdive.isolation_source:infection	18	NCBITaxon:59505	Actinotignum schaalii	58
bacdive.isolation_source:infection	19	NCBITaxon:28901	Salmonella enterica	55
bacdive.isolation_source:infection	20	NCBITaxon:732	Aggregatibacter aphrophilus	55
bacdive.isolation_source:infection	21	NCBITaxon:95486	Burkholderia cenocepacia	54
bacdive.isolation_source:infection	22	NCBITaxon:1660	Schaalia odontolytica	53
bacdive.isolation_source:infection	23	NCBITaxon:504	Kingella kingae	51
bacdive.isolation_source:infection	24	NCBITaxon:1596	Lactobacillus gasseri	49
bacdive.isolation_source:infection	25	NCBITaxon:1720	Corynebacterium sp.	49
bacdive.isolation_source:invertebrates-other	1	NCBITaxon:56	Sorangium cellulosum	9
bacdive.isolation_source:invertebrates-other	2	NCBITaxon:184914	Corallococcus coralloides	7
bacdive.isolation_source:invertebrates-other	3	NCBITaxon:1872627	Archangium sp.	6
bacdive.isolation_source:invertebrates-other	4	NCBITaxon:2426	Teredinibacter turnerae	6
bacdive.isolation_source:invertebrates-other	5	NCBITaxon:333964	Xenorhabdus indica	5
bacdive.isolation_source:invertebrates-other	6	NCBITaxon:54	Nannocystis exedens	5
bacdive.isolation_source:invertebrates-other	7	NCBITaxon:670	Vibrio parahaemolyticus	5
bacdive.isolation_source:invertebrates-other	8	NCBITaxon:230089	Photorhabdus thracensis	4
bacdive.isolation_source:invertebrates-other	9	NCBITaxon:29488	Photorhabdus luminescens	4
bacdive.isolation_source:invertebrates-other	10	NCBITaxon:663	Vibrio alginolyticus	4
bacdive.isolation_source:invertebrates-other	11	NCBITaxon:880157	Xenorhabdus khoisanae	4
bacdive.isolation_source:invertebrates-other	12	NCBITaxon:136468	Vibrio lentus	3
bacdive.isolation_source:invertebrates-other	13	NCBITaxon:1937692	Lacinutrix sp.	3
bacdive.isolation_source:invertebrates-other	14	NCBITaxon:2218628	Photorhabdus laumondii	3
bacdive.isolation_source:invertebrates-other	15	NCBITaxon:333965	Providencia vermicola	3
bacdive.isolation_source:invertebrates-other	16	NCBITaxon:471575	Photorhabdus cinerea	3
bacdive.isolation_source:invertebrates-other	17	NCBITaxon:77608	Pseudoalteromonas distincta	3
bacdive.isolation_source:invertebrates-other	18	NCBITaxon:82991	Buttiauxella izardii	3
bacdive.isolation_source:invertebrates-other	19	NCBITaxon:83456	Myxococcus virescens	3
bacdive.isolation_source:invertebrates-other	20	NCBITaxon:1055104	Cobetia amphilecti	2
bacdive.isolation_source:invertebrates-other	21	NCBITaxon:1074311	Vibrio alfacsensis	2
bacdive.isolation_source:invertebrates-other	22	NCBITaxon:137584	Thalassomonas viridans	2
bacdive.isolation_source:invertebrates-other	23	NCBITaxon:1449351	Roseivivax isoporae LMG 25204	2
bacdive.isolation_source:invertebrates-other	24	NCBITaxon:1486034	Lacinutrix venerupis	2
bacdive.isolation_source:invertebrates-other	25	NCBITaxon:1698521	Endozoicomonas ascidiicola	2
bacdive.isolation_source:juice-natural	1	NCBITaxon:1479	Bacillus smithii	5
bacdive.isolation_source:juice-natural	2	NCBITaxon:1516	Thermoanaerobacter ethanolicus subsp. thermohydrosulfuricus	4
bacdive.isolation_source:juice-natural	3	NCBITaxon:1421	Lysinibacillus sphaericus	3
bacdive.isolation_source:juice-natural	4	NCBITaxon:1422	Geobacillus stearothermophilus	3
bacdive.isolation_source:juice-natural	5	NCBITaxon:184914	Corallococcus coralloides	3
bacdive.isolation_source:juice-natural	6	NCBITaxon:1052017	Leucobacter margaritiformis	1
bacdive.isolation_source:juice-natural	7	NCBITaxon:1307920	Acetobacter tropicalis NRIC 0312	1
bacdive.isolation_source:juice-natural	8	NCBITaxon:1307939	Komagataeibacter rhaeticus DSM 16663	1
bacdive.isolation_source:juice-natural	9	NCBITaxon:1307943	Komagataeibacter swingsii DSM 16373	1
bacdive.isolation_source:juice-natural	10	NCBITaxon:1413215	Geobacillus thermodenitrificans subsp. thermodenitrificans DSM 465	1
bacdive.isolation_source:juice-natural	11	NCBITaxon:143495	Aneurinibacillus thermoaerophilus	1
bacdive.isolation_source:juice-natural	12	NCBITaxon:1450	Alicyclobacillus acidoterrestris	1
bacdive.isolation_source:juice-natural	13	NCBITaxon:1511749	Geobacillus thermodenitrificans subsp. thermodenitrificans	1
bacdive.isolation_source:juice-natural	14	NCBITaxon:1513898	Tetragenococcus halophilus subsp. flandriensis	1
bacdive.isolation_source:juice-natural	15	NCBITaxon:1613	Limosilactobacillus fermentum	1
bacdive.isolation_source:juice-natural	16	NCBITaxon:265948	Anoxybacteroides tepidamans	1
bacdive.isolation_source:juice-natural	17	NCBITaxon:394090	Cystobacter armeniaca	1
bacdive.isolation_source:juice-natural	18	NCBITaxon:440	Acetobacter sp.	1
bacdive.isolation_source:juice-natural	19	NCBITaxon:526944	Tetragenococcus osmophilus	1
bacdive.isolation_source:juice-natural	20	NCBITaxon:542	Zymomonas mobilis	1
bacdive.isolation_source:juice-natural	21	NCBITaxon:83451	Archangium violaceum	1
bacdive.isolation_source:juice-natural	22	NCBITaxon:864732	Acetobacter musti	1
bacdive.isolation_source:juice-natural	23	NCBITaxon:935295	Leuconostoc pseudomesenteroides KCTC 3652	1
bacdive.isolation_source:lab-enrichment	1	NCBITaxon:153233	Oceanicaulis alexandrii	4
bacdive.isolation_source:lab-enrichment	2	NCBITaxon:286730	Alkaliflexus imshenetskii	4
bacdive.isolation_source:lab-enrichment	3	NCBITaxon:1211807	Stutzerimonas kunmingensis	3
bacdive.isolation_source:lab-enrichment	4	NCBITaxon:1270	Micrococcus luteus	3
bacdive.isolation_source:lab-enrichment	5	NCBITaxon:1506	Clostridium sp.	3
bacdive.isolation_source:lab-enrichment	6	NCBITaxon:67263	Streptomyces griseus subsp. griseus	3
bacdive.isolation_source:lab-enrichment	7	NCBITaxon:1280	Staphylococcus aureus	2
bacdive.isolation_source:lab-enrichment	8	NCBITaxon:1869227	bacterium	2
bacdive.isolation_source:lab-enrichment	9	NCBITaxon:2024826	Blastopirellula sp.	2
bacdive.isolation_source:lab-enrichment	10	NCBITaxon:2426	Teredinibacter turnerae	2
bacdive.isolation_source:lab-enrichment	11	NCBITaxon:28095	Burkholderia gladioli	2
bacdive.isolation_source:lab-enrichment	12	NCBITaxon:294	Pseudomonas fluorescens	2
bacdive.isolation_source:lab-enrichment	13	NCBITaxon:34073	Variovorax paradoxus	2
bacdive.isolation_source:lab-enrichment	14	NCBITaxon:35841	Caldibacillus thermoamylovorans	2
bacdive.isolation_source:lab-enrichment	15	NCBITaxon:1069080	Succinispira mobilis DSM 6222	1
bacdive.isolation_source:lab-enrichment	16	NCBITaxon:1078	Rhodopseudomonas sp.	1
bacdive.isolation_source:lab-enrichment	17	NCBITaxon:1089553	Thermacetogenium phaeum DSM 12270	1
bacdive.isolation_source:lab-enrichment	18	NCBITaxon:1112212	Sphingomonas echinoides ATCC 14820	1
bacdive.isolation_source:lab-enrichment	19	NCBITaxon:1121478	Diaphorobacter oryzae DSM 22780	1
bacdive.isolation_source:lab-enrichment	20	NCBITaxon:1121873	Erysipelothrix inopinata DSM 15511	1
bacdive.isolation_source:lab-enrichment	21	NCBITaxon:1121877	Ferrimicrobium acidiphilum DSM 19497	1
bacdive.isolation_source:lab-enrichment	22	NCBITaxon:1121930	Gracilimonas tropica DSM 19535	1
bacdive.isolation_source:lab-enrichment	23	NCBITaxon:1122198	Marinobacterium iners DSM 11526	1
bacdive.isolation_source:lab-enrichment	24	NCBITaxon:1122213	Maritalea myrionectae DSM 19524	1
bacdive.isolation_source:lab-enrichment	25	NCBITaxon:1122613	Oceanicaulis alexandrii DSM 11625	1
bacdive.isolation_source:lab-synthesis	1	NCBITaxon:1404	Priestia megaterium	1
bacdive.isolation_source:lab-synthesis	2	NCBITaxon:1869344	Curtobacterium sp.	1
bacdive.isolation_source:lab-synthesis	3	NCBITaxon:1883	Streptomyces	1
bacdive.isolation_source:laboratory	1	NCBITaxon:83428	uncultured Bacillus sp.	5
bacdive.isolation_source:laboratory	2	NCBITaxon:144185	Leifsonia aquatica	4
bacdive.isolation_source:laboratory	3	NCBITaxon:153233	Oceanicaulis alexandrii	4
bacdive.isolation_source:laboratory	4	NCBITaxon:286730	Alkaliflexus imshenetskii	4
bacdive.isolation_source:laboratory	5	NCBITaxon:1211807	Stutzerimonas kunmingensis	3
bacdive.isolation_source:laboratory	6	NCBITaxon:1270	Micrococcus luteus	3
bacdive.isolation_source:laboratory	7	NCBITaxon:1280	Staphylococcus aureus	3
bacdive.isolation_source:laboratory	8	NCBITaxon:1506	Clostridium sp.	3
bacdive.isolation_source:laboratory	9	NCBITaxon:28214	Sphingomonas sp.	3
bacdive.isolation_source:laboratory	10	NCBITaxon:294	Pseudomonas fluorescens	3
bacdive.isolation_source:laboratory	11	NCBITaxon:562	Escherichia coli	3
bacdive.isolation_source:laboratory	12	NCBITaxon:67263	Streptomyces griseus subsp. griseus	3
bacdive.isolation_source:laboratory	13	NCBITaxon:1393	Brevibacillus brevis	2
bacdive.isolation_source:laboratory	14	NCBITaxon:1402	Bacillus licheniformis	2
bacdive.isolation_source:laboratory	15	NCBITaxon:1465	Brevibacillus laterosporus	2
bacdive.isolation_source:laboratory	16	NCBITaxon:1486246	Halomonas sp.	2
bacdive.isolation_source:laboratory	17	NCBITaxon:1747	Cutibacterium acnes	2
bacdive.isolation_source:laboratory	18	NCBITaxon:1869227	bacterium	2
bacdive.isolation_source:laboratory	19	NCBITaxon:1906	Streptomyces fradiae	2
bacdive.isolation_source:laboratory	20	NCBITaxon:2024826	Blastopirellula sp.	2
bacdive.isolation_source:laboratory	21	NCBITaxon:2041036	Corynebacterium gottingense	2
bacdive.isolation_source:laboratory	22	NCBITaxon:2094151	Paramuribaculum intestinale	2
bacdive.isolation_source:laboratory	23	NCBITaxon:2426	Teredinibacter turnerae	2
bacdive.isolation_source:laboratory	24	NCBITaxon:28095	Burkholderia gladioli	2
bacdive.isolation_source:laboratory	25	NCBITaxon:293	Brevundimonas diminuta	2
bacdive.isolation_source:leaf-phyllosphere	1	NCBITaxon:409	Methylobacterium sp.	43
bacdive.isolation_source:leaf-phyllosphere	2	NCBITaxon:28214	Sphingomonas sp.	37
bacdive.isolation_source:leaf-phyllosphere	3	NCBITaxon:391	Rhizobium sp.	15
bacdive.isolation_source:leaf-phyllosphere	4	NCBITaxon:184914	Corallococcus coralloides	13
bacdive.isolation_source:leaf-phyllosphere	5	NCBITaxon:339	Xanthomonas campestris	12
bacdive.isolation_source:leaf-phyllosphere	6	NCBITaxon:317	Pseudomonas syringae	11
bacdive.isolation_source:leaf-phyllosphere	7	NCBITaxon:51671	Microbacterium sp.	10
bacdive.isolation_source:leaf-phyllosphere	8	NCBITaxon:306	Pseudomonas sp.	9
bacdive.isolation_source:leaf-phyllosphere	9	NCBITaxon:33	Myxococcus fulvus	9
bacdive.isolation_source:leaf-phyllosphere	10	NCBITaxon:1880915	Frigoribacterium sp.	8
bacdive.isolation_source:leaf-phyllosphere	11	NCBITaxon:54	Nannocystis exedens	8
bacdive.isolation_source:leaf-phyllosphere	12	NCBITaxon:78229	Paracidovorax anthurii	8
bacdive.isolation_source:leaf-phyllosphere	13	NCBITaxon:1411316	Pedobacter sp.	7
bacdive.isolation_source:leaf-phyllosphere	14	NCBITaxon:1872122	Acidovorax sp.	7
bacdive.isolation_source:leaf-phyllosphere	15	NCBITaxon:1667	Arthrobacter sp.	6
bacdive.isolation_source:leaf-phyllosphere	16	NCBITaxon:1871047	Chryseobacterium sp.	6
bacdive.isolation_source:leaf-phyllosphere	17	NCBITaxon:194249	uncultured Rhodococcus sp.	6
bacdive.isolation_source:leaf-phyllosphere	18	NCBITaxon:80867	Paracidovorax avenae	6
bacdive.isolation_source:leaf-phyllosphere	19	NCBITaxon:1871063	Aeromicrobium sp.	5
bacdive.isolation_source:leaf-phyllosphere	20	NCBITaxon:1891630	Rathayibacter sp.	5
bacdive.isolation_source:leaf-phyllosphere	21	NCBITaxon:34	Myxococcus xanthus	5
bacdive.isolation_source:leaf-phyllosphere	22	NCBITaxon:554	Pectobacterium carotovorum	5
bacdive.isolation_source:leaf-phyllosphere	23	NCBITaxon:1872416	Agreia sp.	4
bacdive.isolation_source:leaf-phyllosphere	24	NCBITaxon:1872654	Aurantimonas sp.	4
bacdive.isolation_source:leaf-phyllosphere	25	NCBITaxon:55209	Pantoea cypripedii	4
bacdive.isolation_source:leporidae-rabbit/hare	1	NCBITaxon:33	Myxococcus fulvus	32
bacdive.isolation_source:leporidae-rabbit/hare	2	NCBITaxon:184914	Corallococcus coralloides	24
bacdive.isolation_source:leporidae-rabbit/hare	3	NCBITaxon:83456	Myxococcus virescens	18
bacdive.isolation_source:leporidae-rabbit/hare	4	NCBITaxon:34	Myxococcus xanthus	17
bacdive.isolation_source:leporidae-rabbit/hare	5	NCBITaxon:83460	Allostigmatella erecta	13
bacdive.isolation_source:leporidae-rabbit/hare	6	NCBITaxon:83462	Corallococcus exiguus	12
bacdive.isolation_source:leporidae-rabbit/hare	7	NCBITaxon:1872627	Archangium sp.	9
bacdive.isolation_source:leporidae-rabbit/hare	8	NCBITaxon:54	Nannocystis exedens	9
bacdive.isolation_source:leporidae-rabbit/hare	9	NCBITaxon:717	Actinobacillus capsulatus	6
bacdive.isolation_source:leporidae-rabbit/hare	10	NCBITaxon:56	Sorangium cellulosum	5
bacdive.isolation_source:leporidae-rabbit/hare	11	NCBITaxon:57		4
bacdive.isolation_source:leporidae-rabbit/hare	12	NCBITaxon:633	Yersinia pseudotuberculosis	4
bacdive.isolation_source:leporidae-rabbit/hare	13	NCBITaxon:192066	Neisseria sp.	3
bacdive.isolation_source:leporidae-rabbit/hare	14	NCBITaxon:29	Myxococcales	3
bacdive.isolation_source:leporidae-rabbit/hare	15	NCBITaxon:43	Cystobacter fuscus	3
bacdive.isolation_source:leporidae-rabbit/hare	16	NCBITaxon:85402	Mannheimia granulomatis	3
bacdive.isolation_source:leporidae-rabbit/hare	17	NCBITaxon:2081794	Mannheimia sp.	2
bacdive.isolation_source:leporidae-rabbit/hare	18	NCBITaxon:28091	Neisseria weaveri	2
bacdive.isolation_source:leporidae-rabbit/hare	19	NCBITaxon:38	Archangium disciforme	2
bacdive.isolation_source:leporidae-rabbit/hare	20	NCBITaxon:394091	Cystobacter badius	2
bacdive.isolation_source:leporidae-rabbit/hare	21	NCBITaxon:394092	Hyalangium gracile	2
bacdive.isolation_source:leporidae-rabbit/hare	22	NCBITaxon:71864	Herpetosiphon sp.	2
bacdive.isolation_source:leporidae-rabbit/hare	23	NCBITaxon:78344	Bifidobacterium pullorum subsp. gallinarum	2
bacdive.isolation_source:leporidae-rabbit/hare	24	NCBITaxon:83449	Cystobacter ferrugineus	2
bacdive.isolation_source:leporidae-rabbit/hare	25	NCBITaxon:1077256	Methanosphaera cuniculi	1
bacdive.isolation_source:livestock-husbandry	1	NCBITaxon:1886	Streptomyces albidoflavus	6
bacdive.isolation_source:livestock-husbandry	2	NCBITaxon:197	Campylobacter jejuni	6
bacdive.isolation_source:livestock-husbandry	3	NCBITaxon:86665	Halalkalibacterium halodurans	4
bacdive.isolation_source:livestock-husbandry	4	NCBITaxon:1355374	Aliarcobacter lanthieri	3
bacdive.isolation_source:livestock-husbandry	5	NCBITaxon:1667	Arthrobacter sp.	3
bacdive.isolation_source:livestock-husbandry	6	NCBITaxon:195	Campylobacter coli	3
bacdive.isolation_source:livestock-husbandry	7	NCBITaxon:2014	Nocardiopsis dassonvillei	3
bacdive.isolation_source:livestock-husbandry	8	NCBITaxon:645887	Alkalibaculum bacchi	3
bacdive.isolation_source:livestock-husbandry	9	NCBITaxon:185949	Sphingomonas aurantiaca	2
bacdive.isolation_source:livestock-husbandry	10	NCBITaxon:498	Psychrobacter immobilis	2
bacdive.isolation_source:livestock-husbandry	11	NCBITaxon:1061	Rhodobacter capsulatus	1
bacdive.isolation_source:livestock-husbandry	12	NCBITaxon:1084	Pararhodospirillum photometricum	1
bacdive.isolation_source:livestock-husbandry	13	NCBITaxon:1121003	Aquamicrobium aerolatum DSM 21857	1
bacdive.isolation_source:livestock-husbandry	14	NCBITaxon:1122156	Lampropedia hyalina DSM 16112	1
bacdive.isolation_source:livestock-husbandry	15	NCBITaxon:115542	Loigolactobacillus coryniformis subsp. torquens	1
bacdive.isolation_source:livestock-husbandry	16	NCBITaxon:1223541	Gordonia hydrophobica NBRC 16057	1
bacdive.isolation_source:livestock-husbandry	17	NCBITaxon:1267217	Melaminivora jejuensis	1
bacdive.isolation_source:livestock-husbandry	18	NCBITaxon:1305857	Cellulomonas composti JCM 14898	1
bacdive.isolation_source:livestock-husbandry	19	NCBITaxon:1305865	Cellulomonas chitinilytica JCM 16927	1
bacdive.isolation_source:livestock-husbandry	20	NCBITaxon:1503	Gottschalkia purinilytica	1
bacdive.isolation_source:livestock-husbandry	21	NCBITaxon:1590	Lactiplantibacillus plantarum	1
bacdive.isolation_source:livestock-husbandry	22	NCBITaxon:1604	Lactobacillus amylovorus	1
bacdive.isolation_source:livestock-husbandry	23	NCBITaxon:1639	Listeria monocytogenes	1
bacdive.isolation_source:livestock-husbandry	24	NCBITaxon:1720	Corynebacterium sp.	1
bacdive.isolation_source:livestock-husbandry	25	NCBITaxon:1812261	Phocicoccus schoeneichii	1
bacdive.isolation_source:machines-and-devices	1	NCBITaxon:488447	Burkholderia contaminans	3
bacdive.isolation_source:machines-and-devices	2	NCBITaxon:2509153	Rubellimicrobium sp.	2
bacdive.isolation_source:machines-and-devices	3	NCBITaxon:39956	Methylobacterium mesophilicum	2
bacdive.isolation_source:machines-and-devices	4	NCBITaxon:404881	Albidovulum denitrificans	2
bacdive.isolation_source:machines-and-devices	5	NCBITaxon:1089551	Geminicoccus roseus DSM 18922	1
bacdive.isolation_source:machines-and-devices	6	NCBITaxon:1121449	Paucidesulfovibrio gracilis DSM 16080	1
bacdive.isolation_source:machines-and-devices	7	NCBITaxon:1122602	Nesterenkonia alba DSM 19423	1
bacdive.isolation_source:machines-and-devices	8	NCBITaxon:1303680	Rhodococcus phenolicus JCM 14914	1
bacdive.isolation_source:machines-and-devices	9	NCBITaxon:1421019	Kurthia huakuii	1
bacdive.isolation_source:machines-and-devices	10	NCBITaxon:1452	Bacillus atrophaeus	1
bacdive.isolation_source:machines-and-devices	11	NCBITaxon:1552750	Zoogloea oleivorans	1
bacdive.isolation_source:machines-and-devices	12	NCBITaxon:164759	Diaphorobacter nitroreducens	1
bacdive.isolation_source:machines-and-devices	13	NCBITaxon:169292	Corynebacterium aurimucosum	1
bacdive.isolation_source:machines-and-devices	14	NCBITaxon:1888168	Curvibacter sp.	1
bacdive.isolation_source:machines-and-devices	15	NCBITaxon:1931	Streptomyces sp.	1
bacdive.isolation_source:machines-and-devices	16	NCBITaxon:295324	Paenibacillus motobuensis	1
bacdive.isolation_source:machines-and-devices	17	NCBITaxon:340146	Exiguobacterium mexicanum	1
bacdive.isolation_source:machines-and-devices	18	NCBITaxon:453	Legionella feeleii	1
bacdive.isolation_source:machines-and-devices	19	NCBITaxon:48296	Acinetobacter pittii	1
bacdive.isolation_source:machines-and-devices	20	NCBITaxon:578943	Dongia mobilis	1
bacdive.isolation_source:machines-and-devices	21	NCBITaxon:60548	Paraburkholderia graminis	1
bacdive.isolation_source:machines-and-devices	22	NCBITaxon:754476	Methylophaga nitratireducenticrescens	1
bacdive.isolation_source:machines-and-devices	23	NCBITaxon:754477	Methylophaga frappieri	1
bacdive.isolation_source:machines-and-devices	24	NCBITaxon:81406	Solidesulfovibrio alcoholivorans	1
bacdive.isolation_source:marine	1	NCBITaxon:1876	Micromonospora sp.	24
bacdive.isolation_source:marine	2	NCBITaxon:83428	uncultured Bacillus sp.	14
bacdive.isolation_source:marine	3	NCBITaxon:1869227	bacterium	11
bacdive.isolation_source:marine	4	NCBITaxon:562	Escherichia coli	11
bacdive.isolation_source:marine	5	NCBITaxon:314275	Alteromonas mediterranea	7
bacdive.isolation_source:marine	6	NCBITaxon:2	Bacteria	6
bacdive.isolation_source:marine	7	NCBITaxon:28108	Alteromonas macleodii	6
bacdive.isolation_source:marine	8	NCBITaxon:53249	Pseudoalteromonas sp.	6
bacdive.isolation_source:marine	9	NCBITaxon:50741	Marinobacter sp.	5
bacdive.isolation_source:marine	10	NCBITaxon:56811	Psychrobacter sp.	5
bacdive.isolation_source:marine	11	NCBITaxon:1211807	Stutzerimonas kunmingensis	4
bacdive.isolation_source:marine	12	NCBITaxon:1871328	Kocuria sp.	4
bacdive.isolation_source:marine	13	NCBITaxon:1931	Streptomyces sp.	4
bacdive.isolation_source:marine	14	NCBITaxon:2024855	Rhodopirellula sp.	4
bacdive.isolation_source:marine	15	NCBITaxon:2099376	Desulforhopalus sp.	4
bacdive.isolation_source:marine	16	NCBITaxon:2213	Methanosarcina sp.	4
bacdive.isolation_source:marine	17	NCBITaxon:265606	Rhodopirellula baltica	4
bacdive.isolation_source:marine	18	NCBITaxon:28258	Cobetia marina	4
bacdive.isolation_source:marine	19	NCBITaxon:2926447	Marinispora	4
bacdive.isolation_source:marine	20	NCBITaxon:44751	Exiguobacterium sp.	4
bacdive.isolation_source:marine	21	NCBITaxon:51671	Microbacterium sp.	4
bacdive.isolation_source:marine	22	NCBITaxon:885	Desulfovibrio sp.	4
bacdive.isolation_source:marine	23	NCBITaxon:1042	Erythrobacter sp.	3
bacdive.isolation_source:marine	24	NCBITaxon:1486246	Halomonas sp.	3
bacdive.isolation_source:marine	25	NCBITaxon:1703256	Pseudoalteromonas gelatinilytica	3
bacdive.isolation_source:meadow	1	NCBITaxon:184914	Corallococcus coralloides	11
bacdive.isolation_source:meadow	2	NCBITaxon:1872119	Acidobacterium sp.	3
bacdive.isolation_source:meadow	3	NCBITaxon:233101	Methylobacillus pratensis	2
bacdive.isolation_source:meadow	4	NCBITaxon:43677	Promicromonospora citrea	2
bacdive.isolation_source:meadow	5	NCBITaxon:1314751	Sutcliffiella cohnii NBRC 15565	1
bacdive.isolation_source:meadow	6	NCBITaxon:1515612	Sphingopyxis fribergensis	1
bacdive.isolation_source:meadow	7	NCBITaxon:1561923	Paenibacillus tibetensis	1
bacdive.isolation_source:meadow	8	NCBITaxon:158627	Pseudomonas graminis	1
bacdive.isolation_source:meadow	9	NCBITaxon:1646373	Rouxiella silvae	1
bacdive.isolation_source:meadow	10	NCBITaxon:1712665	Agathobacter ruminis	1
bacdive.isolation_source:meadow	11	NCBITaxon:171401	Paenibacillus agarexedens	1
bacdive.isolation_source:meadow	12	NCBITaxon:1931	Streptomyces sp.	1
bacdive.isolation_source:meadow	13	NCBITaxon:2	Bacteria	1
bacdive.isolation_source:meadow	14	NCBITaxon:316	Stutzerimonas stutzeri	1
bacdive.isolation_source:meadow	15	NCBITaxon:33	Myxococcus fulvus	1
bacdive.isolation_source:meadow	16	NCBITaxon:332163	Candidatus Solibacter usitatus	1
bacdive.isolation_source:meadow	17	NCBITaxon:333725	Streptomyces kaempferi	1
bacdive.isolation_source:meadow	18	NCBITaxon:333728	Streptomyces erringtonii	1
bacdive.isolation_source:meadow	19	NCBITaxon:341202	Williamsia faeni	1
bacdive.isolation_source:meadow	20	NCBITaxon:478107	Actinoallomurus iriomotensis	1
bacdive.isolation_source:meadow	21	NCBITaxon:478111	Actinoallomurus luridus	1
bacdive.isolation_source:meadow	22	NCBITaxon:47988	Actinoplanes auranticolor	1
bacdive.isolation_source:meadow	23	NCBITaxon:649007	Dactylosporangium luteum	1
bacdive.isolation_source:meadow	24	NCBITaxon:649008	Dactylosporangium luridum	1
bacdive.isolation_source:meadow	25	NCBITaxon:69208	Clostridium polyendosporum	1
bacdive.isolation_source:medical-device	1	NCBITaxon:573	Klebsiella pneumoniae	10
bacdive.isolation_source:medical-device	2	NCBITaxon:1282	Staphylococcus epidermidis	5
bacdive.isolation_source:medical-device	3	NCBITaxon:1288391	Actinomyces timonensis	4
bacdive.isolation_source:medical-device	4	NCBITaxon:40324	Stenotrophomonas maltophilia	4
bacdive.isolation_source:medical-device	5	NCBITaxon:181487	Schaalia cardiffensis	3
bacdive.isolation_source:medical-device	6	NCBITaxon:287	Pseudomonas aeruginosa	3
bacdive.isolation_source:medical-device	7	NCBITaxon:321318	Dietzia cinnamea	3
bacdive.isolation_source:medical-device	8	NCBITaxon:33889	Brevibacterium casei	3
bacdive.isolation_source:medical-device	9	NCBITaxon:47715	Lacticaseibacillus rhamnosus	3
bacdive.isolation_source:medical-device	10	NCBITaxon:550	Enterobacter cloacae	3
bacdive.isolation_source:medical-device	11	NCBITaxon:76832	Myroides odoratimimus	3
bacdive.isolation_source:medical-device	12	NCBITaxon:119206	Aerococcus sanguinicola	2
bacdive.isolation_source:medical-device	13	NCBITaxon:131111	Schaalia turicensis	2
bacdive.isolation_source:medical-device	14	NCBITaxon:1590	Lactiplantibacillus plantarum	2
bacdive.isolation_source:medical-device	15	NCBITaxon:1596	Lactobacillus gasseri	2
bacdive.isolation_source:medical-device	16	NCBITaxon:184870	Varibaculum cambriense	2
bacdive.isolation_source:medical-device	17	NCBITaxon:2047	Rothia dentocariosa	2
bacdive.isolation_source:medical-device	18	NCBITaxon:2702	Gardnerella vaginalis	2
bacdive.isolation_source:medical-device	19	NCBITaxon:28214	Sphingomonas sp.	2
bacdive.isolation_source:medical-device	20	NCBITaxon:34062	Faucicola osloensis	2
bacdive.isolation_source:medical-device	21	NCBITaxon:43771	Corynebacterium urealyticum	2
bacdive.isolation_source:medical-device	22	NCBITaxon:469	Acinetobacter	2
bacdive.isolation_source:medical-device	23	NCBITaxon:47312	Tsukamurella pulmonis	2
bacdive.isolation_source:medical-device	24	NCBITaxon:80878	Acidovorax temperans	2
bacdive.isolation_source:medical-device	25	NCBITaxon:102684	Streptococcus infantarius	1
bacdive.isolation_source:medical-environment	1	NCBITaxon:562	Escherichia coli	22
bacdive.isolation_source:medical-environment	2	NCBITaxon:287	Pseudomonas aeruginosa	9
bacdive.isolation_source:medical-environment	3	NCBITaxon:47715	Lacticaseibacillus rhamnosus	9
bacdive.isolation_source:medical-environment	4	NCBITaxon:1280	Staphylococcus aureus	8
bacdive.isolation_source:medical-environment	5	NCBITaxon:1313	Streptococcus pneumoniae	7
bacdive.isolation_source:medical-environment	6	NCBITaxon:446	Legionella pneumophila	7
bacdive.isolation_source:medical-environment	7	NCBITaxon:47885	Pseudomonas oryzihabitans	7
bacdive.isolation_source:medical-environment	8	NCBITaxon:1352	Enterococcus faecium	6
bacdive.isolation_source:medical-environment	9	NCBITaxon:573	Klebsiella pneumoniae	6
bacdive.isolation_source:medical-environment	10	NCBITaxon:144185	Leifsonia aquatica	5
bacdive.isolation_source:medical-environment	11	NCBITaxon:43767	Prescottella equi	5
bacdive.isolation_source:medical-environment	12	NCBITaxon:529	Brucella anthropi	5
bacdive.isolation_source:medical-environment	13	NCBITaxon:756689	Nocardia amikacinitolerans	5
bacdive.isolation_source:medical-environment	14	NCBITaxon:759851	Sporosarcina newyorkensis	5
bacdive.isolation_source:medical-environment	15	NCBITaxon:210	Helicobacter pylori	4
bacdive.isolation_source:medical-environment	16	NCBITaxon:37637	Corynebacterium pseudodiphtheriticum	4
bacdive.isolation_source:medical-environment	17	NCBITaxon:60552	Burkholderia vietnamiensis	4
bacdive.isolation_source:medical-environment	18	NCBITaxon:817	Bacteroides fragilis	4
bacdive.isolation_source:medical-environment	19	NCBITaxon:85698	Achromobacter xylosoxidans	4
bacdive.isolation_source:medical-environment	20	NCBITaxon:13689	Sphingomonas paucimobilis	3
bacdive.isolation_source:medical-environment	21	NCBITaxon:1443941	Acinetobacter gandensis	3
bacdive.isolation_source:medical-environment	22	NCBITaxon:1496	Clostridioides difficile	3
bacdive.isolation_source:medical-environment	23	NCBITaxon:151416	Allobosea vestrisii	3
bacdive.isolation_source:medical-environment	24	NCBITaxon:151454	Allobosea eneae	3
bacdive.isolation_source:medical-environment	25	NCBITaxon:37329	Nocardia farcinica	3
bacdive.isolation_source:medical-practice	1	NCBITaxon:47715	Lacticaseibacillus rhamnosus	7
bacdive.isolation_source:medical-practice	2	NCBITaxon:1352	Enterococcus faecium	4
bacdive.isolation_source:medical-practice	3	NCBITaxon:287	Pseudomonas aeruginosa	4
bacdive.isolation_source:medical-practice	4	NCBITaxon:37637	Corynebacterium pseudodiphtheriticum	4
bacdive.isolation_source:medical-practice	5	NCBITaxon:47885	Pseudomonas oryzihabitans	4
bacdive.isolation_source:medical-practice	6	NCBITaxon:60552	Burkholderia vietnamiensis	4
bacdive.isolation_source:medical-practice	7	NCBITaxon:37329	Nocardia farcinica	3
bacdive.isolation_source:medical-practice	8	NCBITaxon:38284	Corynebacterium accolens	3
bacdive.isolation_source:medical-practice	9	NCBITaxon:38289	Corynebacterium jeikeium	3
bacdive.isolation_source:medical-practice	10	NCBITaxon:446	Legionella pneumophila	3
bacdive.isolation_source:medical-practice	11	NCBITaxon:72556	Achromobacter piechaudii	3
bacdive.isolation_source:medical-practice	12	NCBITaxon:739	Aggregatibacter segnis	3
bacdive.isolation_source:medical-practice	13	NCBITaxon:85698	Achromobacter xylosoxidans	3
bacdive.isolation_source:medical-practice	14	NCBITaxon:123899	Bordetella trematum	2
bacdive.isolation_source:medical-practice	15	NCBITaxon:1305	Streptococcus sanguinis	2
bacdive.isolation_source:medical-practice	16	NCBITaxon:1318	Streptococcus parasanguinis	2
bacdive.isolation_source:medical-practice	17	NCBITaxon:1328	Streptococcus anginosus	2
bacdive.isolation_source:medical-practice	18	NCBITaxon:1778	Mycobacterium gordonae	2
bacdive.isolation_source:medical-practice	19	NCBITaxon:253	Chryseobacterium indologenes	2
bacdive.isolation_source:medical-practice	20	NCBITaxon:306	Pseudomonas sp.	2
bacdive.isolation_source:medical-practice	21	NCBITaxon:321318	Dietzia cinnamea	2
bacdive.isolation_source:medical-practice	22	NCBITaxon:33028	Staphylococcus saccharolyticus	2
bacdive.isolation_source:medical-practice	23	NCBITaxon:36740	Dermabacter hominis	2
bacdive.isolation_source:medical-practice	24	NCBITaxon:37330	Nocardia nova	2
bacdive.isolation_source:medical-practice	25	NCBITaxon:420404	Epilithonimonas hominis	2
bacdive.isolation_source:medical-product	1	NCBITaxon:119219	Cupriavidus metallidurans	1
bacdive.isolation_source:medical-product	2	NCBITaxon:134537	Paraburkholderia fungorum	1
bacdive.isolation_source:medical-product	3	NCBITaxon:1363	Lactococcus garvieae	1
bacdive.isolation_source:medical-product	4	NCBITaxon:1396	Bacillus cereus	1
bacdive.isolation_source:medical-product	5	NCBITaxon:1404	Priestia megaterium	1
bacdive.isolation_source:medical-product	6	NCBITaxon:1451	Paenibacillus amylolyticus	1
bacdive.isolation_source:medical-product	7	NCBITaxon:1513468	Rouxiella chamberiensis	1
bacdive.isolation_source:medical-product	8	NCBITaxon:1883105	Nonomuraea sp.	1
bacdive.isolation_source:medical-product	9	NCBITaxon:194249	uncultured Rhodococcus sp.	1
bacdive.isolation_source:medical-product	10	NCBITaxon:199591	Brevibacterium luteolum	1
bacdive.isolation_source:medical-product	11	NCBITaxon:292806	Ureibacillus massiliensis	1
bacdive.isolation_source:medical-product	12	NCBITaxon:29448	Bradyrhizobium elkanii	1
bacdive.isolation_source:medical-product	13	NCBITaxon:34073	Variovorax paradoxus	1
bacdive.isolation_source:medical-product	14	NCBITaxon:36773	Burkholderia sp.	1
bacdive.isolation_source:medical-product	15	NCBITaxon:36809	Mycobacteroides abscessus	1
bacdive.isolation_source:medical-product	16	NCBITaxon:401976	Pseudonocardia endophytica	1
bacdive.isolation_source:medical-product	17	NCBITaxon:587	Providencia rettgeri	1
bacdive.isolation_source:medical-product	18	NCBITaxon:83428	uncultured Bacillus sp.	1
bacdive.isolation_source:medical-product	19	NCBITaxon:859143	Cytobacillus kochii	1
bacdive.isolation_source:medical-product	20	NCBITaxon:859144	Cytobacillus gottheilii	1
bacdive.isolation_source:medical-product	21	NCBITaxon:94625	Brucella intermedia	1
bacdive.isolation_source:meningitis	1	NCBITaxon:562	Escherichia coli	20
bacdive.isolation_source:meningitis	2	NCBITaxon:727	Haemophilus influenzae	12
bacdive.isolation_source:meningitis	3	NCBITaxon:1313	Streptococcus pneumoniae	8
bacdive.isolation_source:meningitis	4	NCBITaxon:487	Neisseria meningitidis	4
bacdive.isolation_source:meningitis	5	NCBITaxon:34062	Faucicola osloensis	3
bacdive.isolation_source:meningitis	6	NCBITaxon:1123491	Vibrio cincinnatiensis DSM 19608	1
bacdive.isolation_source:meningitis	7	NCBITaxon:1639	Listeria monocytogenes	1
bacdive.isolation_source:meningitis	8	NCBITaxon:28188	Capnocytophaga canimorsus	1
bacdive.isolation_source:meningitis	9	NCBITaxon:33885	Microbacterium lacticum	1
bacdive.isolation_source:meningitis	10	NCBITaxon:35703	Citrobacter amalonaticus	1
bacdive.isolation_source:meningitis	11	NCBITaxon:371602	Aerococcus suis	1
bacdive.isolation_source:meningitis	12	NCBITaxon:38301	Corynebacterium minutissimum	1
bacdive.isolation_source:meningitis	13	NCBITaxon:400667	Acinetobacter baumannii ATCC 17978	1
bacdive.isolation_source:meningitis	14	NCBITaxon:484	Neisseria flavescens	1
bacdive.isolation_source:meningitis	15	NCBITaxon:488	Neisseria mucosa	1
bacdive.isolation_source:meningitis	16	NCBITaxon:52773	Schaalia meyeri	1
bacdive.isolation_source:meningitis	17	NCBITaxon:573983	Moraxella porci DSM 25326	1
bacdive.isolation_source:meningitis	18	NCBITaxon:693216	Cronobacter turicensis z3032	1
bacdive.isolation_source:meningitis	19	NCBITaxon:732	Aggregatibacter aphrophilus	1
bacdive.isolation_source:microbial	1	NCBITaxon:303	Pseudomonas putida	5
bacdive.isolation_source:microbial	2	NCBITaxon:106590	Cupriavidus necator	3
bacdive.isolation_source:microbial	3	NCBITaxon:1428	Bacillus thuringiensis	3
bacdive.isolation_source:microbial	4	NCBITaxon:1658	Actinomyces bovis	3
bacdive.isolation_source:microbial	5	NCBITaxon:1906	Streptomyces fradiae	3
bacdive.isolation_source:microbial	6	NCBITaxon:1967	Streptomyces kanamyceticus	3
bacdive.isolation_source:microbial	7	NCBITaxon:58340	Streptomyces lavendulae subsp. lavendulae	3
bacdive.isolation_source:microbial	8	NCBITaxon:59201	Salmonella enterica subsp. enterica	3
bacdive.isolation_source:microbial	9	NCBITaxon:663	Vibrio alginolyticus	3
bacdive.isolation_source:microbial	10	NCBITaxon:67263	Streptomyces griseus subsp. griseus	3
bacdive.isolation_source:microbial	11	NCBITaxon:796334	Erwinia oleae	3
bacdive.isolation_source:microbial	12	NCBITaxon:1280	Staphylococcus aureus	2
bacdive.isolation_source:microbial	13	NCBITaxon:13076	Globicatella sanguinis	2
bacdive.isolation_source:microbial	14	NCBITaxon:133534	Dethiosulfovibrio russensis	2
bacdive.isolation_source:microbial	15	NCBITaxon:147207	Collinsella intestinalis	2
bacdive.isolation_source:microbial	16	NCBITaxon:161360	Planococcus antarcticus	2
bacdive.isolation_source:microbial	17	NCBITaxon:1659	Actinomyces israelii	2
bacdive.isolation_source:microbial	18	NCBITaxon:184914	Corallococcus coralloides	2
bacdive.isolation_source:microbial	19	NCBITaxon:1869227	bacterium	2
bacdive.isolation_source:microbial	20	NCBITaxon:1926495	Paraburkholderia sp.	2
bacdive.isolation_source:microbial	21	NCBITaxon:2	Bacteria	2
bacdive.isolation_source:microbial	22	NCBITaxon:2041036	Corynebacterium gottingense	2
bacdive.isolation_source:microbial	23	NCBITaxon:212218	uncultured Neochlamydia sp.	2
bacdive.isolation_source:microbial	24	NCBITaxon:2162	Methanobacterium formicicum	2
bacdive.isolation_source:microbial	25	NCBITaxon:219572	Pseudomonas antarctica	2
bacdive.isolation_source:moss	1	NCBITaxon:420952	Paraburkholderia bryophila	10
bacdive.isolation_source:moss	2	NCBITaxon:184914	Corallococcus coralloides	4
bacdive.isolation_source:moss	3	NCBITaxon:409	Methylobacterium sp.	4
bacdive.isolation_source:moss	4	NCBITaxon:420953	Paraburkholderia megapolitana	3
bacdive.isolation_source:moss	5	NCBITaxon:1872627	Archangium sp.	2
bacdive.isolation_source:moss	6	NCBITaxon:33	Myxococcus fulvus	2
bacdive.isolation_source:moss	7	NCBITaxon:83456	Myxococcus virescens	2
bacdive.isolation_source:moss	8	NCBITaxon:1071679	Caballeronia grimmiae	1
bacdive.isolation_source:moss	9	NCBITaxon:1123255	Simplicispira psychrophila DSM 11588	1
bacdive.isolation_source:moss	10	NCBITaxon:1176176	Methylobacterium haplocladii	1
bacdive.isolation_source:moss	11	NCBITaxon:1176177	Methylobacterium brachythecii	1
bacdive.isolation_source:moss	12	NCBITaxon:1302685	Chryseobacterium takakiae	1
bacdive.isolation_source:moss	13	NCBITaxon:1302687	Chryseobacterium polytrichastri	1
bacdive.isolation_source:moss	14	NCBITaxon:1302689	Mucilaginibacter polytrichastri	1
bacdive.isolation_source:moss	15	NCBITaxon:1302690	Cnuella takakiae	1
bacdive.isolation_source:moss	16	NCBITaxon:1307457	Kineosporia mikuniensis JCM 9961	1
bacdive.isolation_source:moss	17	NCBITaxon:1387353	Paludisphaera borealis	1
bacdive.isolation_source:moss	18	NCBITaxon:1436133	Actinacidiphila bryophytorum	1
bacdive.isolation_source:moss	19	NCBITaxon:1460882	Microbispora bryophytorum	1
bacdive.isolation_source:moss	20	NCBITaxon:1490222	Actinoallomurus bryophytorum	1
bacdive.isolation_source:moss	21	NCBITaxon:1577474	Raineyella antarctica	1
bacdive.isolation_source:moss	22	NCBITaxon:1612308	Methylocapsa palsarum	1
bacdive.isolation_source:moss	23	NCBITaxon:1619308	Cnuibacter physcomitrellae	1
bacdive.isolation_source:moss	24	NCBITaxon:1619309	Paenibacillus herberti	1
bacdive.isolation_source:moss	25	NCBITaxon:1619310	Paenibacillus marchantiophytorum	1
bacdive.isolation_source:mud-sludge	1	NCBITaxon:1876	Micromonospora sp.	22
bacdive.isolation_source:mud-sludge	2	NCBITaxon:1506	Clostridium sp.	7
bacdive.isolation_source:mud-sludge	3	NCBITaxon:1869227	bacterium	7
bacdive.isolation_source:mud-sludge	4	NCBITaxon:54	Nannocystis exedens	7
bacdive.isolation_source:mud-sludge	5	NCBITaxon:56	Sorangium cellulosum	6
bacdive.isolation_source:mud-sludge	6	NCBITaxon:1497	Andreesenella formicacetica	5
bacdive.isolation_source:mud-sludge	7	NCBITaxon:141949	Thermomonas haemolytica	4
bacdive.isolation_source:mud-sludge	8	NCBITaxon:876	Desulfovibrio desulfuricans	4
bacdive.isolation_source:mud-sludge	9	NCBITaxon:184914	Corallococcus coralloides	3
bacdive.isolation_source:mud-sludge	10	NCBITaxon:2213	Methanosarcina sp.	3
bacdive.isolation_source:mud-sludge	11	NCBITaxon:310350	Nocardiopsis sp.	3
bacdive.isolation_source:mud-sludge	12	NCBITaxon:37919	Rhodococcus opacus	3
bacdive.isolation_source:mud-sludge	13	NCBITaxon:43774	Syntrophus buswellii	3
bacdive.isolation_source:mud-sludge	14	NCBITaxon:885	Desulfovibrio sp.	3
bacdive.isolation_source:mud-sludge	15	NCBITaxon:890	Desulfuromonas	3
bacdive.isolation_source:mud-sludge	16	NCBITaxon:106590	Cupriavidus necator	2
bacdive.isolation_source:mud-sludge	17	NCBITaxon:1085	Rhodospirillum rubrum	2
bacdive.isolation_source:mud-sludge	18	NCBITaxon:121428	Sphingobium xenophagum	2
bacdive.isolation_source:mud-sludge	19	NCBITaxon:1435036	Acinetobacter bohemicus	2
bacdive.isolation_source:mud-sludge	20	NCBITaxon:145262	Methanothermobacter thermautotrophicus	2
bacdive.isolation_source:mud-sludge	21	NCBITaxon:1484	Hydrogenibacillus schlegelii	2
bacdive.isolation_source:mud-sludge	22	NCBITaxon:1516	Thermoanaerobacter ethanolicus subsp. thermohydrosulfuricus	2
bacdive.isolation_source:mud-sludge	23	NCBITaxon:1736	Eubacterium limosum	2
bacdive.isolation_source:mud-sludge	24	NCBITaxon:182264	Sporotomaculum syntrophicum	2
bacdive.isolation_source:mud-sludge	25	NCBITaxon:186814	Thermoanaerobacteraceae	2
bacdive.isolation_source:muridae-mouse/rat	1	NCBITaxon:758	Rodentibacter pneumotropicus	22
bacdive.isolation_source:muridae-mouse/rat	2	NCBITaxon:67855	Muribacter muris	21
bacdive.isolation_source:muridae-mouse/rat	3	NCBITaxon:1622	Ligilactobacillus murinus	14
bacdive.isolation_source:muridae-mouse/rat	4	NCBITaxon:1598	Limosilactobacillus reuteri	7
bacdive.isolation_source:muridae-mouse/rat	5	NCBITaxon:2	Bacteria	7
bacdive.isolation_source:muridae-mouse/rat	6	NCBITaxon:34105	Streptobacillus moniliformis	6
bacdive.isolation_source:muridae-mouse/rat	7	NCBITaxon:161890	Corynebacterium mastitidis	5
bacdive.isolation_source:muridae-mouse/rat	8	NCBITaxon:307126	Ligilactobacillus apodemi	5
bacdive.isolation_source:muridae-mouse/rat	9	NCBITaxon:35755	Corynebacterium kutscheri	5
bacdive.isolation_source:muridae-mouse/rat	10	NCBITaxon:481138	Bartonella queenslandensis	5
bacdive.isolation_source:muridae-mouse/rat	11	NCBITaxon:481139	Bartonella rattaustraliani	5
bacdive.isolation_source:muridae-mouse/rat	12	NCBITaxon:759	Pasteurella sp.	5
bacdive.isolation_source:muridae-mouse/rat	13	NCBITaxon:1351	Enterococcus faecalis	4
bacdive.isolation_source:muridae-mouse/rat	14	NCBITaxon:562	Escherichia coli	4
bacdive.isolation_source:muridae-mouse/rat	15	NCBITaxon:1337051	Murimonas intestini	3
bacdive.isolation_source:muridae-mouse/rat	16	NCBITaxon:1353	Enterococcus gallinarum	3
bacdive.isolation_source:muridae-mouse/rat	17	NCBITaxon:1522	[Clostridium] innocuum	3
bacdive.isolation_source:muridae-mouse/rat	18	NCBITaxon:1796644	Rodentibacter caecimuris	3
bacdive.isolation_source:muridae-mouse/rat	19	NCBITaxon:1796646	Muribaculum intestinale	3
bacdive.isolation_source:muridae-mouse/rat	20	NCBITaxon:1960093	Rodentibacter sp.	3
bacdive.isolation_source:muridae-mouse/rat	21	NCBITaxon:292800	Flavonifractor plautii	3
bacdive.isolation_source:muridae-mouse/rat	22	NCBITaxon:729	Haemophilus parainfluenzae	3
bacdive.isolation_source:muridae-mouse/rat	23	NCBITaxon:1288	Staphylococcus xylosus	2
bacdive.isolation_source:muridae-mouse/rat	24	NCBITaxon:1296	Mammaliicoccus sciuri	2
bacdive.isolation_source:muridae-mouse/rat	25	NCBITaxon:1326	Streptococcus acidominimus	2
bacdive.isolation_source:mycosis	1	NCBITaxon:1578720	Helicobacter ailurogastricus	2
bacdive.isolation_source:non-marine-saline-and-alkaline	1	NCBITaxon:83428	uncultured Bacillus sp.	5
bacdive.isolation_source:non-marine-saline-and-alkaline	2	NCBITaxon:2183934	Marinospirillum sp.	3
bacdive.isolation_source:non-marine-saline-and-alkaline	3	NCBITaxon:1872700	Virgibacillus sp.	2
bacdive.isolation_source:non-marine-saline-and-alkaline	4	NCBITaxon:1926584	Nitrincola sp.	2
bacdive.isolation_source:non-marine-saline-and-alkaline	5	NCBITaxon:617000	Desulfonatronovibrio thiodismutans	2
bacdive.isolation_source:non-marine-saline-and-alkaline	6	NCBITaxon:1008392	Chitinispirillum alkaliphilum	1
bacdive.isolation_source:non-marine-saline-and-alkaline	7	NCBITaxon:1227484	Halorubrum saccharovorum DSM 1137	1
bacdive.isolation_source:non-marine-saline-and-alkaline	8	NCBITaxon:1227493	Natrialba hulunbeirensis JCM 10989	1
bacdive.isolation_source:non-marine-saline-and-alkaline	9	NCBITaxon:1246445	Nocardiopsis kunsanensis DSM 44524	1
bacdive.isolation_source:non-marine-saline-and-alkaline	10	NCBITaxon:1454184	Alkaliphilus namsaraevii	1
bacdive.isolation_source:non-marine-saline-and-alkaline	11	NCBITaxon:1586233	Halomicrobium urmianum	1
bacdive.isolation_source:non-marine-saline-and-alkaline	12	NCBITaxon:1721088	Maridesulfovibrio salinus	1
bacdive.isolation_source:non-marine-saline-and-alkaline	13	NCBITaxon:1807133	Natronospira proteinivora	1
bacdive.isolation_source:non-marine-saline-and-alkaline	14	NCBITaxon:1812810	Rhodohalobacter halophilus	1
bacdive.isolation_source:non-marine-saline-and-alkaline	15	NCBITaxon:1871618	Gracilibacillus sp.	1
bacdive.isolation_source:non-marine-saline-and-alkaline	16	NCBITaxon:1874361	Idiomarina sp.	1
bacdive.isolation_source:non-marine-saline-and-alkaline	17	NCBITaxon:2024860	Spongiibacter sp.	1
bacdive.isolation_source:non-marine-saline-and-alkaline	18	NCBITaxon:263724	Idiomarina ramblicola	1
bacdive.isolation_source:non-marine-saline-and-alkaline	19	NCBITaxon:2746	Halomonas elongata	1
bacdive.isolation_source:non-marine-saline-and-alkaline	20	NCBITaxon:393481	Roseinatronobacter monicus	1
bacdive.isolation_source:non-marine-saline-and-alkaline	21	NCBITaxon:411959	Virgibacillus chiguensis	1
bacdive.isolation_source:non-marine-saline-and-alkaline	22	NCBITaxon:488938	Desulfonatronospira delicata	1
bacdive.isolation_source:non-marine-saline-and-alkaline	23	NCBITaxon:555779	Desulfonatronospira thiodismutans ASO3-1	1
bacdive.isolation_source:non-marine-saline-and-alkaline	24	NCBITaxon:589865	Desulfurivibrio alkaliphilus AHT 2	1
bacdive.isolation_source:non-marine-saline-and-alkaline	25	NCBITaxon:617001	Desulfonatronum thioautotrophicum	1
bacdive.isolation_source:oil-food	1	NCBITaxon:69373	Curtobacterium pusillum	2
bacdive.isolation_source:oil-food	2	NCBITaxon:1280	Staphylococcus aureus	1
bacdive.isolation_source:oil-food	3	NCBITaxon:1869227	bacterium	1
bacdive.isolation_source:oil-food	4	NCBITaxon:1881060	Clostridium sp. USBA 49	1
bacdive.isolation_source:oil-food	5	NCBITaxon:43666	Paeniglutamicibacter sulfureus	1
bacdive.isolation_source:oil-food	6	NCBITaxon:47846	Brachybacterium conglomeratum	1
bacdive.isolation_source:oil-fuel	1	NCBITaxon:33935	Lysinibacillus macroides	4
bacdive.isolation_source:oil-fuel	2	NCBITaxon:1211807	Stutzerimonas kunmingensis	2
bacdive.isolation_source:oil-fuel	3	NCBITaxon:1667	Arthrobacter sp.	2
bacdive.isolation_source:oil-fuel	4	NCBITaxon:415229	Pseudoxanthomonas spadix	2
bacdive.isolation_source:oil-fuel	5	NCBITaxon:577	Klebsiella terrigena	2
bacdive.isolation_source:oil-fuel	6	NCBITaxon:69373	Curtobacterium pusillum	2
bacdive.isolation_source:oil-fuel	7	NCBITaxon:103817	Janibacter terrae	1
bacdive.isolation_source:oil-fuel	8	NCBITaxon:1045764	Methanothermobacter crinale	1
bacdive.isolation_source:oil-fuel	9	NCBITaxon:104665	Pseudomonas sp. DSM 12877	1
bacdive.isolation_source:oil-fuel	10	NCBITaxon:1117177	Desulfatiferula berrensis	1
bacdive.isolation_source:oil-fuel	11	NCBITaxon:1120954	Aestuariimicrobium kwangyangense DSM 21549	1
bacdive.isolation_source:oil-fuel	12	NCBITaxon:1120977	Alkanindiges illinoisensis DSM 15370	1
bacdive.isolation_source:oil-fuel	13	NCBITaxon:1121393	Desulfatibacillum alkenivorans DSM 16219	1
bacdive.isolation_source:oil-fuel	14	NCBITaxon:1135990	Geopseudomonas sagittaria	1
bacdive.isolation_source:oil-fuel	15	NCBITaxon:117503	Thermosipho geolei	1
bacdive.isolation_source:oil-fuel	16	NCBITaxon:1215095	Pseudomonas chlororaphis subsp. aureofaciens NBRC 3521	1
bacdive.isolation_source:oil-fuel	17	NCBITaxon:1219036	Sphingobium abikonense NBRC 16140	1
bacdive.isolation_source:oil-fuel	18	NCBITaxon:1223527	Microbacterium hydrocarbonoxydans NBRC 103074	1
bacdive.isolation_source:oil-fuel	19	NCBITaxon:1260987	Noviherbaspirillum malthae	1
bacdive.isolation_source:oil-fuel	20	NCBITaxon:1276890	Alteromonas sp. TK-46(2)	1
bacdive.isolation_source:oil-fuel	21	NCBITaxon:1294260	Geotalea toluenoxydans JCM 15764	1
bacdive.isolation_source:oil-fuel	22	NCBITaxon:1296669	Aquabacterium olei	1
bacdive.isolation_source:oil-fuel	23	NCBITaxon:1356851	Prauserella soli	1
bacdive.isolation_source:oil-fuel	24	NCBITaxon:13690	Sphingobium yanoikuyae	1
bacdive.isolation_source:oil-fuel	25	NCBITaxon:1395571	Pseudomonas taeanensis MS-3	1
bacdive.isolation_source:oral-cavity-and-airways	1	NCBITaxon:1656	Actinomyces viscosus	74
bacdive.isolation_source:oral-cavity-and-airways	2	NCBITaxon:520	Bordetella pertussis	60
bacdive.isolation_source:oral-cavity-and-airways	3	NCBITaxon:1660	Schaalia odontolytica	33
bacdive.isolation_source:oral-cavity-and-airways	4	NCBITaxon:287	Pseudomonas aeruginosa	33
bacdive.isolation_source:oral-cavity-and-airways	5	NCBITaxon:1328	Streptococcus anginosus	32
bacdive.isolation_source:oral-cavity-and-airways	6	NCBITaxon:1655	Actinomyces naeslundii	29
bacdive.isolation_source:oral-cavity-and-airways	7	NCBITaxon:727	Haemophilus influenzae	28
bacdive.isolation_source:oral-cavity-and-airways	8	NCBITaxon:573	Klebsiella pneumoniae	27
bacdive.isolation_source:oral-cavity-and-airways	9	NCBITaxon:1313	Streptococcus pneumoniae	25
bacdive.isolation_source:oral-cavity-and-airways	10	NCBITaxon:1305	Streptococcus sanguinis	23
bacdive.isolation_source:oral-cavity-and-airways	11	NCBITaxon:1717	Corynebacterium diphtheriae	23
bacdive.isolation_source:oral-cavity-and-airways	12	NCBITaxon:1303	Streptococcus oralis	18
bacdive.isolation_source:oral-cavity-and-airways	13	NCBITaxon:28251	Ornithobacterium rhinotracheale	18
bacdive.isolation_source:oral-cavity-and-airways	14	NCBITaxon:2	Bacteria	17
bacdive.isolation_source:oral-cavity-and-airways	15	NCBITaxon:519	Bordetella parapertussis	17
bacdive.isolation_source:oral-cavity-and-airways	16	NCBITaxon:55565	Actinomyces graevenitzii	17
bacdive.isolation_source:oral-cavity-and-airways	17	NCBITaxon:238	Elizabethkingia meningoseptica	16
bacdive.isolation_source:oral-cavity-and-airways	18	NCBITaxon:732	Aggregatibacter aphrophilus	16
bacdive.isolation_source:oral-cavity-and-airways	19	NCBITaxon:1302	Streptococcus gordonii	15
bacdive.isolation_source:oral-cavity-and-airways	20	NCBITaxon:1306	Streptococcus sp.	15
bacdive.isolation_source:oral-cavity-and-airways	21	NCBITaxon:1314	Streptococcus pyogenes	15
bacdive.isolation_source:oral-cavity-and-airways	22	NCBITaxon:502	Kingella denitrificans	14
bacdive.isolation_source:oral-cavity-and-airways	23	NCBITaxon:69392	Stenotrophomonas sp.	14
bacdive.isolation_source:oral-cavity-and-airways	24	NCBITaxon:731	Histophilus somni	14
bacdive.isolation_source:oral-cavity-and-airways	25	NCBITaxon:1280	Staphylococcus aureus	13
bacdive.isolation_source:other	1	NCBITaxon:1280	Staphylococcus aureus	44
bacdive.isolation_source:other	2	NCBITaxon:28091	Neisseria weaveri	43
bacdive.isolation_source:other	3	NCBITaxon:28188	Capnocytophaga canimorsus	34
bacdive.isolation_source:other	4	NCBITaxon:1328	Streptococcus anginosus	32
bacdive.isolation_source:other	5	NCBITaxon:732	Aggregatibacter aphrophilus	23
bacdive.isolation_source:other	6	NCBITaxon:753	Pasteurella canis	23
bacdive.isolation_source:other	7	NCBITaxon:2	Bacteria	22
bacdive.isolation_source:other	8	NCBITaxon:754	Pasteurella dagmatis	22
bacdive.isolation_source:other	9	NCBITaxon:1015	Bergeyella zoohelcum	21
bacdive.isolation_source:other	10	NCBITaxon:131111	Schaalia turicensis	21
bacdive.isolation_source:other	11	NCBITaxon:1720	Corynebacterium sp.	19
bacdive.isolation_source:other	12	NCBITaxon:43770	Corynebacterium striatum	19
bacdive.isolation_source:other	13	NCBITaxon:1464	Paenibacillus larvae	18
bacdive.isolation_source:other	14	NCBITaxon:47715	Lacticaseibacillus rhamnosus	16
bacdive.isolation_source:other	15	NCBITaxon:729	Haemophilus parainfluenzae	16
bacdive.isolation_source:other	16	NCBITaxon:1660	Schaalia odontolytica	15
bacdive.isolation_source:other	17	NCBITaxon:28264	Arcanobacterium haemolyticum	15
bacdive.isolation_source:other	18	NCBITaxon:1352	Enterococcus faecium	14
bacdive.isolation_source:other	19	NCBITaxon:573	Klebsiella pneumoniae	14
bacdive.isolation_source:other	20	NCBITaxon:760	Pasteurella stomatis	14
bacdive.isolation_source:other	21	NCBITaxon:1930	Streptomyces scabiei	13
bacdive.isolation_source:other	22	NCBITaxon:38284	Corynebacterium accolens	13
bacdive.isolation_source:other	23	NCBITaxon:66228	Gleimia europaea	13
bacdive.isolation_source:other	24	NCBITaxon:326522	Neisseria animaloris	12
bacdive.isolation_source:other	25	NCBITaxon:43765	Corynebacterium amycolatum	12
bacdive.isolation_source:paddy-ricefield	1	NCBITaxon:1256514	Novosphingobium arvoryzae	1
bacdive.isolation_source:paddy-ricefield	2	NCBITaxon:1682490	Ferrigenium kumadai	1
bacdive.isolation_source:paddy-ricefield	3	NCBITaxon:2109933	Alsobacter soli	1
bacdive.isolation_source:paddy-ricefield	4	NCBITaxon:391	Rhizobium sp.	1
bacdive.isolation_source:painting	1	NCBITaxon:704201	Nesterenkonia sp.	3
bacdive.isolation_source:painting	2	NCBITaxon:126157	Psychrobacillus psychrodurans	2
bacdive.isolation_source:painting	3	NCBITaxon:154117	Georgenia muralis	2
bacdive.isolation_source:painting	4	NCBITaxon:173363	Brachybacterium fresconis	2
bacdive.isolation_source:painting	5	NCBITaxon:306	Pseudomonas sp.	2
bacdive.isolation_source:painting	6	NCBITaxon:512	Alcaligenes sp.	2
bacdive.isolation_source:painting	7	NCBITaxon:1121019	Arthrobacter castelli DSM 16402	1
bacdive.isolation_source:painting	8	NCBITaxon:1150112	Myroides guanonis	1
bacdive.isolation_source:painting	9	NCBITaxon:119000	Modicisalibacter muralis	1
bacdive.isolation_source:painting	10	NCBITaxon:1270	Micrococcus luteus	1
bacdive.isolation_source:painting	11	NCBITaxon:1275	Kocuria rosea	1
bacdive.isolation_source:painting	12	NCBITaxon:1347891	Naumannella cuiyingiana	1
bacdive.isolation_source:painting	13	NCBITaxon:163604	Nocardiopsis exhalans	1
bacdive.isolation_source:painting	14	NCBITaxon:163877	Virgibacillus necropolis	1
bacdive.isolation_source:painting	15	NCBITaxon:163879	Pseudalkalibacillus decolorationis	1
bacdive.isolation_source:painting	16	NCBITaxon:1685415	Stenotrophomonas tumulicola	1
bacdive.isolation_source:painting	17	NCBITaxon:169134	Citricoccus muralis	1
bacdive.isolation_source:painting	18	NCBITaxon:171685	Alkalicoccobacillus murimartini	1
bacdive.isolation_source:painting	19	NCBITaxon:171688	Paenibacillus sp. LMG 20245	1
bacdive.isolation_source:painting	20	NCBITaxon:171692	Virgibacillus carmonensis	1
bacdive.isolation_source:painting	21	NCBITaxon:171693	Oceanobacillus picturae	1
bacdive.isolation_source:painting	22	NCBITaxon:173364	Brachybacterium sacelli	1
bacdive.isolation_source:painting	23	NCBITaxon:182136	Fictibacillus barbaricus	1
bacdive.isolation_source:painting	24	NCBITaxon:1840606	Krasilnikoviella muralis	1
bacdive.isolation_source:painting	25	NCBITaxon:1876758	Gluconobacter sp.	1
bacdive.isolation_source:patient	1	NCBITaxon:562	Escherichia coli	188
bacdive.isolation_source:patient	2	NCBITaxon:287	Pseudomonas aeruginosa	125
bacdive.isolation_source:patient	3	NCBITaxon:573	Klebsiella pneumoniae	124
bacdive.isolation_source:patient	4	NCBITaxon:730	[Haemophilus] ducreyi	120
bacdive.isolation_source:patient	5	NCBITaxon:1280	Staphylococcus aureus	107
bacdive.isolation_source:patient	6	NCBITaxon:1313	Streptococcus pneumoniae	106
bacdive.isolation_source:patient	7	NCBITaxon:1328	Streptococcus anginosus	92
bacdive.isolation_source:patient	8	NCBITaxon:28188	Capnocytophaga canimorsus	85
bacdive.isolation_source:patient	9	NCBITaxon:727	Haemophilus influenzae	83
bacdive.isolation_source:patient	10	NCBITaxon:2702	Gardnerella vaginalis	70
bacdive.isolation_source:patient	11	NCBITaxon:2	Bacteria	67
bacdive.isolation_source:patient	12	NCBITaxon:520	Bordetella pertussis	62
bacdive.isolation_source:patient	13	NCBITaxon:46124	Granulicatella adiacens	59
bacdive.isolation_source:patient	14	NCBITaxon:47715	Lacticaseibacillus rhamnosus	59
bacdive.isolation_source:patient	15	NCBITaxon:40324	Stenotrophomonas maltophilia	58
bacdive.isolation_source:patient	16	NCBITaxon:59505	Actinotignum schaalii	58
bacdive.isolation_source:patient	17	NCBITaxon:1352	Enterococcus faecium	57
bacdive.isolation_source:patient	18	NCBITaxon:28901	Salmonella enterica	55
bacdive.isolation_source:patient	19	NCBITaxon:732	Aggregatibacter aphrophilus	54
bacdive.isolation_source:patient	20	NCBITaxon:95486	Burkholderia cenocepacia	53
bacdive.isolation_source:patient	21	NCBITaxon:1660	Schaalia odontolytica	52
bacdive.isolation_source:patient	22	NCBITaxon:87883	Burkholderia multivorans	49
bacdive.isolation_source:patient	23	NCBITaxon:1596	Lactobacillus gasseri	48
bacdive.isolation_source:patient	24	NCBITaxon:1720	Corynebacterium sp.	48
bacdive.isolation_source:patient	25	NCBITaxon:197	Campylobacter jejuni	48
bacdive.isolation_source:plant-exudate-resin	1	NCBITaxon:1251	Leuconostoc fallax	2
bacdive.isolation_source:plant-exudate-resin	2	NCBITaxon:33964	Leuconostoc citreum	1
bacdive.isolation_source:plant-factory	1	NCBITaxon:28220	Allobrachymonas denitrificans	6
bacdive.isolation_source:plant-factory	2	NCBITaxon:1396	Bacillus cereus	5
bacdive.isolation_source:plant-factory	3	NCBITaxon:169760	Paenibacillus stellifer	5
bacdive.isolation_source:plant-factory	4	NCBITaxon:2	Bacteria	4
bacdive.isolation_source:plant-factory	5	NCBITaxon:554117	Paenibacillus phoenicis	4
bacdive.isolation_source:plant-factory	6	NCBITaxon:1124835	Chryseobacterium carnipullorum	3
bacdive.isolation_source:plant-factory	7	NCBITaxon:1484	Hydrogenibacillus schlegelii	3
bacdive.isolation_source:plant-factory	8	NCBITaxon:269660	Methylobacterium brachiatum	3
bacdive.isolation_source:plant-factory	9	NCBITaxon:58172	Paenibacillus sp.	3
bacdive.isolation_source:plant-factory	10	NCBITaxon:83428	uncultured Bacillus sp.	3
bacdive.isolation_source:plant-factory	11	NCBITaxon:115433	Amycolatopsis sacchari	2
bacdive.isolation_source:plant-factory	12	NCBITaxon:223390	Ancylobacter polymorphus	2
bacdive.isolation_source:plant-factory	13	NCBITaxon:280093	Flavobacterium granuli	2
bacdive.isolation_source:plant-factory	14	NCBITaxon:294	Pseudomonas fluorescens	2
bacdive.isolation_source:plant-factory	15	NCBITaxon:374424	Methylobacterium gregans	2
bacdive.isolation_source:plant-factory	16	NCBITaxon:449973	Chelativorans multitrophicus	2
bacdive.isolation_source:plant-factory	17	NCBITaxon:665131	Prosthecomicrobium sp. ATCC 27835	2
bacdive.isolation_source:plant-factory	18	NCBITaxon:70856	Aeromonas popoffii	2
bacdive.isolation_source:plant-factory	19	NCBITaxon:74969	Ferroplasma acidiphilum	2
bacdive.isolation_source:plant-factory	20	NCBITaxon:863372	Herbaspirillum huttiense	2
bacdive.isolation_source:plant-factory	21	NCBITaxon:100	Ancylobacter aquaticus	1
bacdive.isolation_source:plant-factory	22	NCBITaxon:1006576	Defluviitoga tunisiensis	1
bacdive.isolation_source:plant-factory	23	NCBITaxon:1037355		1
bacdive.isolation_source:plant-factory	24	NCBITaxon:1049	Allochromatium vinosum	1
bacdive.isolation_source:plant-factory	25	NCBITaxon:105219	Ralstonia mannitolilytica	1
bacdive.isolation_source:plant-infections	1	NCBITaxon:339	Xanthomonas campestris	5
bacdive.isolation_source:plant-infections	2	NCBITaxon:362	Agrobacterium radiobacter	5
bacdive.isolation_source:plant-infections	3	NCBITaxon:317	Pseudomonas syringae	3
bacdive.isolation_source:plant-infections	4	NCBITaxon:306	Pseudomonas sp.	2
bacdive.isolation_source:plant-infections	5	NCBITaxon:549	Pantoea agglomerans	2
bacdive.isolation_source:plant-infections	6	NCBITaxon:554	Pectobacterium carotovorum	2
bacdive.isolation_source:plant-infections	7	NCBITaxon:556	Dickeya chrysanthemi	2
bacdive.isolation_source:plant-infections	8	NCBITaxon:1035271	Rhizobium nepotum	1
bacdive.isolation_source:plant-infections	9	NCBITaxon:110933	Leifsonia poae	1
bacdive.isolation_source:plant-infections	10	NCBITaxon:110935	Agreia bicolorata	1
bacdive.isolation_source:plant-infections	11	NCBITaxon:1210098	Nocardia vaccinii NBRC 15922	1
bacdive.isolation_source:plant-infections	12	NCBITaxon:1328866	Rathayibacter festucae DSM 15932	1
bacdive.isolation_source:plant-infections	13	NCBITaxon:1660	Schaalia odontolytica	1
bacdive.isolation_source:plant-infections	14	NCBITaxon:1938889	Agreia sp. VKM Ac-1783	1
bacdive.isolation_source:plant-infections	15	NCBITaxon:1940240	Wohlfahrtiimonas populi	1
bacdive.isolation_source:plant-infections	16	NCBITaxon:1958950	Pseudomonas floridensis	1
bacdive.isolation_source:plant-infections	17	NCBITaxon:2035	Curtobacterium flaccumfaciens	1
bacdive.isolation_source:plant-infections	18	NCBITaxon:2042057	Pectobacterium polaris	1
bacdive.isolation_source:plant-infections	19	NCBITaxon:2053930	Xanthomonas prunicola	1
bacdive.isolation_source:plant-infections	20	NCBITaxon:28447	Clavibacter michiganensis	1
bacdive.isolation_source:plant-infections	21	NCBITaxon:29446	Xanthomonas sp.	1
bacdive.isolation_source:plant-infections	22	NCBITaxon:359	Martinezella rhizogenes	1
bacdive.isolation_source:plant-infections	23	NCBITaxon:36746	Pseudomonas cichorii	1
bacdive.isolation_source:plant-infections	24	NCBITaxon:47879	Pseudomonas corrugata	1
bacdive.isolation_source:plant-infections	25	NCBITaxon:548	Klebsiella aerogenes	1
bacdive.isolation_source:plaque	1	NCBITaxon:1305	Streptococcus sanguinis	19
bacdive.isolation_source:plaque	2	NCBITaxon:1328	Streptococcus anginosus	8
bacdive.isolation_source:plaque	3	NCBITaxon:714	Aggregatibacter actinomycetemcomitans	5
bacdive.isolation_source:plaque	4	NCBITaxon:52767	Actinomyces denticolens	4
bacdive.isolation_source:plaque	5	NCBITaxon:52774	Actinomyces slackii	4
bacdive.isolation_source:plaque	6	NCBITaxon:1302	Streptococcus gordonii	3
bacdive.isolation_source:plaque	7	NCBITaxon:28037	Streptococcus mitis	3
bacdive.isolation_source:plaque	8	NCBITaxon:1159213	Peptostreptococcus canis	2
bacdive.isolation_source:plaque	9	NCBITaxon:1655	Actinomyces naeslundii	2
bacdive.isolation_source:plaque	10	NCBITaxon:2	Bacteria	2
bacdive.isolation_source:plaque	11	NCBITaxon:29317	Actinomyces sp.	2
bacdive.isolation_source:plaque	12	NCBITaxon:356828	Alloscardovia criceti	2
bacdive.isolation_source:plaque	13	NCBITaxon:36874	Porphyromonas cangingivalis	2
bacdive.isolation_source:plaque	14	NCBITaxon:45634	Streptococcus cristatus	2
bacdive.isolation_source:plaque	15	NCBITaxon:52771	Actinomyces howellii	2
bacdive.isolation_source:plaque	16	NCBITaxon:68766	Fusobacterium sp.	2
bacdive.isolation_source:plaque	17	NCBITaxon:111105	Porphyromonas gulae	1
bacdive.isolation_source:plaque	18	NCBITaxon:1121112	Bifidobacterium tsurumiense DSM 17777	1
bacdive.isolation_source:plaque	19	NCBITaxon:1122228	Alloscardovia criceti DSM 17774	1
bacdive.isolation_source:plaque	20	NCBITaxon:1122982	Prevotella denticola DSM 20614 = JCM 13449	1
bacdive.isolation_source:plaque	21	NCBITaxon:1122983	Prevotella falsenii DSM 22864 = JCM 15124	1
bacdive.isolation_source:plaque	22	NCBITaxon:1123317	Streptococcus sobrinus DSM 20742 = ATCC 33478	1
bacdive.isolation_source:plaque	23	NCBITaxon:114527	Mogibacterium diversum	1
bacdive.isolation_source:plaque	24	NCBITaxon:1298595	Veillonella rogosae JCM 15642	1
bacdive.isolation_source:plaque	25	NCBITaxon:1302863	Streptococcus cristatus AS 1.3089	1
bacdive.isolation_source:porifera-sponges	1	NCBITaxon:1869214	Rheinheimera sp.	2
bacdive.isolation_source:porifera-sponges	2	NCBITaxon:1937692	Lacinutrix sp.	2
bacdive.isolation_source:porifera-sponges	3	NCBITaxon:77608	Pseudoalteromonas distincta	2
bacdive.isolation_source:porifera-sponges	4	NCBITaxon:1038014	Aquimarina amphilecti	1
bacdive.isolation_source:porifera-sponges	5	NCBITaxon:1038856	Planococcus plakortidis	1
bacdive.isolation_source:porifera-sponges	6	NCBITaxon:104268	Tenacibaculum mesophilum	1
bacdive.isolation_source:porifera-sponges	7	NCBITaxon:1055104	Cobetia amphilecti	1
bacdive.isolation_source:porifera-sponges	8	NCBITaxon:1087253	Nocardioides marmoraquaticus	1
bacdive.isolation_source:porifera-sponges	9	NCBITaxon:1087277	Williamsia spongiae	1
bacdive.isolation_source:porifera-sponges	10	NCBITaxon:1120955	Afifella marina DSM 2698	1
bacdive.isolation_source:porifera-sponges	11	NCBITaxon:1122188	Lysobacter spongiicola DSM 21749	1
bacdive.isolation_source:porifera-sponges	12	NCBITaxon:1123070	Rubritalea marina DSM 17716	1
bacdive.isolation_source:porifera-sponges	13	NCBITaxon:1123071	Rubritalea squalenifaciens DSM 18772	1
bacdive.isolation_source:porifera-sponges	14	NCBITaxon:1137799	Endozoicomonas numazuensis	1
bacdive.isolation_source:porifera-sponges	15	NCBITaxon:1182408	Luteivirga sdotyamensis	1
bacdive.isolation_source:porifera-sponges	16	NCBITaxon:1182444	Fulvitalea axinellae	1
bacdive.isolation_source:porifera-sponges	17	NCBITaxon:1182451	Aureivirga marina	1
bacdive.isolation_source:porifera-sponges	18	NCBITaxon:1206753	Maribacter spongiicola	1
bacdive.isolation_source:porifera-sponges	19	NCBITaxon:1206816	Maribacter vaceletii	1
bacdive.isolation_source:porifera-sponges	20	NCBITaxon:1287068	Micromonospora andamanensis	1
bacdive.isolation_source:porifera-sponges	21	NCBITaxon:1522140	Nocardia xestospongiae	1
bacdive.isolation_source:porifera-sponges	22	NCBITaxon:1612552	Actinoalloteichus fjordicus	1
bacdive.isolation_source:porifera-sponges	23	NCBITaxon:1663241	Geodermatophilus marinus	1
bacdive.isolation_source:porifera-sponges	24	NCBITaxon:1690221	Streptomyces spongiicola	1
bacdive.isolation_source:porifera-sponges	25	NCBITaxon:1847949	Saccharopolyspora spongiae	1
bacdive.isolation_source:post-mortem	1	NCBITaxon:2108	Mycoplasma sp.	2
bacdive.isolation_source:preserved	1	NCBITaxon:1896336	Citrobacter sp.	3
bacdive.isolation_source:preserved	2	NCBITaxon:651	Aeromonas media	2
bacdive.isolation_source:preserved	3	NCBITaxon:1091038	Streptococcus thermophilus DSM 20617	1
bacdive.isolation_source:preserved	4	NCBITaxon:113557	Lacticaseibacillus paracasei subsp. tolerans	1
bacdive.isolation_source:preserved	5	NCBITaxon:1220595	Geobacillus kaustophilus NBRC 102445	1
bacdive.isolation_source:preserved	6	NCBITaxon:1255632	Ornithinibacillus bavariensis CIP 109287	1
bacdive.isolation_source:preserved	7	NCBITaxon:1405	Bacillus mycoides	1
bacdive.isolation_source:preserved	8	NCBITaxon:1423830	Lacticaseibacillus paracasei subsp. tolerans DSM 20258	1
bacdive.isolation_source:preserved	9	NCBITaxon:1629	Weissella viridescens	1
bacdive.isolation_source:preserved	10	NCBITaxon:42895	Enterobacter sp.	1
bacdive.isolation_source:preserved	11	NCBITaxon:549	Pantoea agglomerans	1
bacdive.isolation_source:preserved	12	NCBITaxon:577	Klebsiella terrigena	1
bacdive.isolation_source:preserved	13	NCBITaxon:600645	Aeromonas piscicola	1
bacdive.isolation_source:preserved	14	NCBITaxon:615	Serratia marcescens	1
bacdive.isolation_source:preserved	15	NCBITaxon:61646	Lelliottia amnigena	1
bacdive.isolation_source:preserved	16	NCBITaxon:647	Aeromonas sp.	1
bacdive.isolation_source:protist	1	NCBITaxon:1204725	Methanobacterium formicicum DSM 3637	1
bacdive.isolation_source:protist	2	NCBITaxon:1891233	Dysgonomonas sp.	1
bacdive.isolation_source:protist	3	NCBITaxon:195105	Haematobacter massiliensis	1
bacdive.isolation_source:river-creek	1	NCBITaxon:306	Pseudomonas sp.	6
bacdive.isolation_source:river-creek	2	NCBITaxon:1833	Rhodococcus erythropolis	4
bacdive.isolation_source:river-creek	3	NCBITaxon:294	Pseudomonas fluorescens	4
bacdive.isolation_source:river-creek	4	NCBITaxon:674	Vibrio mimicus	4
bacdive.isolation_source:river-creek	5	NCBITaxon:180441	Flavobacterium limicola	3
bacdive.isolation_source:river-creek	6	NCBITaxon:184914	Corallococcus coralloides	3
bacdive.isolation_source:river-creek	7	NCBITaxon:287	Pseudomonas aeruginosa	3
bacdive.isolation_source:river-creek	8	NCBITaxon:303	Pseudomonas putida	3
bacdive.isolation_source:river-creek	9	NCBITaxon:100	Ancylobacter aquaticus	2
bacdive.isolation_source:river-creek	10	NCBITaxon:1002689	Occallatibacter riparius	2
bacdive.isolation_source:river-creek	11	NCBITaxon:1063	Cereibacter sphaeroides	2
bacdive.isolation_source:river-creek	12	NCBITaxon:1070866	Amycolatopsis dongchuanensis	2
bacdive.isolation_source:river-creek	13	NCBITaxon:120377	Salana multivorans	2
bacdive.isolation_source:river-creek	14	NCBITaxon:1736	Eubacterium limosum	2
bacdive.isolation_source:river-creek	15	NCBITaxon:1869227	bacterium	2
bacdive.isolation_source:river-creek	16	NCBITaxon:211457	uncultured Allobosea sp.	2
bacdive.isolation_source:river-creek	17	NCBITaxon:223390	Ancylobacter polymorphus	2
bacdive.isolation_source:river-creek	18	NCBITaxon:32012	Thiomonas	2
bacdive.isolation_source:river-creek	19	NCBITaxon:34	Myxococcus xanthus	2
bacdive.isolation_source:river-creek	20	NCBITaxon:37919	Rhodococcus opacus	2
bacdive.isolation_source:river-creek	21	NCBITaxon:54	Nannocystis exedens	2
bacdive.isolation_source:river-creek	22	NCBITaxon:551760	Aromatoleum aromaticum	2
bacdive.isolation_source:river-creek	23	NCBITaxon:56	Sorangium cellulosum	2
bacdive.isolation_source:river-creek	24	NCBITaxon:57		2
bacdive.isolation_source:river-creek	25	NCBITaxon:670	Vibrio parahaemolyticus	2
bacdive.isolation_source:rodentia-other	1	NCBITaxon:908285	Necropsobacter rosorum	4
bacdive.isolation_source:rodentia-other	2	NCBITaxon:1301	Streptococcus	3
bacdive.isolation_source:rodentia-other	3	NCBITaxon:1656	Actinomyces viscosus	3
bacdive.isolation_source:rodentia-other	4	NCBITaxon:630	Yersinia enterocolitica	3
bacdive.isolation_source:rodentia-other	5	NCBITaxon:717	Actinobacillus capsulatus	3
bacdive.isolation_source:rodentia-other	6	NCBITaxon:1766719	Caviibacter abscessus	2
bacdive.isolation_source:rodentia-other	7	NCBITaxon:356828	Alloscardovia criceti	2
bacdive.isolation_source:rodentia-other	8	NCBITaxon:356829	Bifidobacterium tsurumiense	2
bacdive.isolation_source:rodentia-other	9	NCBITaxon:569857	Staphylococcus microti	2
bacdive.isolation_source:rodentia-other	10	NCBITaxon:633	Yersinia pseudotuberculosis	2
bacdive.isolation_source:rodentia-other	11	NCBITaxon:83557	Chlamydia caviae	2
bacdive.isolation_source:rodentia-other	12	NCBITaxon:103891	Veillonella criceti	1
bacdive.isolation_source:rodentia-other	13	NCBITaxon:1121112	Bifidobacterium tsurumiense DSM 17777	1
bacdive.isolation_source:rodentia-other	14	NCBITaxon:1121926	Glycomyces arizonensis DSM 44726	1
bacdive.isolation_source:rodentia-other	15	NCBITaxon:1122228	Alloscardovia criceti DSM 17774	1
bacdive.isolation_source:rodentia-other	16	NCBITaxon:1123299	Streptococcus castoreus DSM 17536	1
bacdive.isolation_source:rodentia-other	17	NCBITaxon:1206732	Nocardia otitidiscaviarum NBRC 14405	1
bacdive.isolation_source:rodentia-other	18	NCBITaxon:1218085	Citrobacter rodentium NBRC 105723 = DSM 16636	1
bacdive.isolation_source:rodentia-other	19	NCBITaxon:1236512	Bacteroides rodentium JCM 16496	1
bacdive.isolation_source:rodentia-other	20	NCBITaxon:1236513	Bacteroides faecichinchillae JCM 17102	1
bacdive.isolation_source:rodentia-other	21	NCBITaxon:1236514	Bacteroides stercorirosoris JCM 17103	1
bacdive.isolation_source:rodentia-other	22	NCBITaxon:1296	Mammaliicoccus sciuri	1
bacdive.isolation_source:rodentia-other	23	NCBITaxon:1310	Streptococcus sobrinus	1
bacdive.isolation_source:rodentia-other	24	NCBITaxon:1333	Streptococcus criceti	1
bacdive.isolation_source:rodentia-other	25	NCBITaxon:137778	Helicobacter aurati	1
bacdive.isolation_source:root-rhizome	1	NCBITaxon:1931	Streptomyces sp.	20
bacdive.isolation_source:root-rhizome	2	NCBITaxon:1930	Streptomyces scabiei	17
bacdive.isolation_source:root-rhizome	3	NCBITaxon:56	Sorangium cellulosum	17
bacdive.isolation_source:root-rhizome	4	NCBITaxon:391	Rhizobium sp.	14
bacdive.isolation_source:root-rhizome	5	NCBITaxon:1872086	Ensifer sp.	13
bacdive.isolation_source:root-rhizome	6	NCBITaxon:35761	Nocardioides sp.	10
bacdive.isolation_source:root-rhizome	7	NCBITaxon:54	Nannocystis exedens	10
bacdive.isolation_source:root-rhizome	8	NCBITaxon:184914	Corallococcus coralloides	9
bacdive.isolation_source:root-rhizome	9	NCBITaxon:192	Azospirillum brasilense	9
bacdive.isolation_source:root-rhizome	10	NCBITaxon:306	Pseudomonas sp.	9
bacdive.isolation_source:root-rhizome	11	NCBITaxon:72226	Lysobacter sp.	9
bacdive.isolation_source:root-rhizome	12	NCBITaxon:34	Myxococcus xanthus	8
bacdive.isolation_source:root-rhizome	13	NCBITaxon:51671	Microbacterium sp.	8
bacdive.isolation_source:root-rhizome	14	NCBITaxon:85558	Streptomyces turgidiscabies	8
bacdive.isolation_source:root-rhizome	15	NCBITaxon:58172	Paenibacillus sp.	7
bacdive.isolation_source:root-rhizome	16	NCBITaxon:1871066	Mesorhizobium sp.	6
bacdive.isolation_source:root-rhizome	17	NCBITaxon:52761	Azospirillum largimobile	6
bacdive.isolation_source:root-rhizome	18	NCBITaxon:83428	uncultured Bacillus sp.	6
bacdive.isolation_source:root-rhizome	19	NCBITaxon:1479	Bacillus smithii	5
bacdive.isolation_source:root-rhizome	20	NCBITaxon:1872122	Acidovorax sp.	5
bacdive.isolation_source:root-rhizome	21	NCBITaxon:28214	Sphingomonas sp.	5
bacdive.isolation_source:root-rhizome	22	NCBITaxon:412034	Celerinatantimonas diazotrophica	5
bacdive.isolation_source:root-rhizome	23	NCBITaxon:78	Caulobacter sp.	5
bacdive.isolation_source:root-rhizome	24	NCBITaxon:1870902	Leifsonia sp.	4
bacdive.isolation_source:root-rhizome	25	NCBITaxon:1871043	Variovorax sp.	4
bacdive.isolation_source:root-tooth	1	NCBITaxon:231233	Streptococcus devriesei	5
bacdive.isolation_source:root-tooth	2	NCBITaxon:203	Campylobacter rectus	4
bacdive.isolation_source:root-tooth	3	NCBITaxon:1659	Actinomyces israelii	3
bacdive.isolation_source:root-tooth	4	NCBITaxon:1656	Actinomyces viscosus	2
bacdive.isolation_source:root-tooth	5	NCBITaxon:1292	Staphylococcus warneri	1
bacdive.isolation_source:root-tooth	6	NCBITaxon:134034	Corynebacterium freneyi	1
bacdive.isolation_source:root-tooth	7	NCBITaxon:192066	Neisseria sp.	1
bacdive.isolation_source:root-tooth	8	NCBITaxon:200	Campylobacter curvus	1
bacdive.isolation_source:root-tooth	9	NCBITaxon:204	Campylobacter showae	1
bacdive.isolation_source:root-tooth	10	NCBITaxon:315405	Streptococcus gallolyticus	1
bacdive.isolation_source:root-tooth	11	NCBITaxon:44737	Capnocytophaga sp.	1
bacdive.isolation_source:root-tooth	12	NCBITaxon:68891	Streptococcus peroris	1
bacdive.isolation_source:root-tooth	13	NCBITaxon:68892	Streptococcus infantis	1
bacdive.isolation_source:root-tooth	14	NCBITaxon:714	Aggregatibacter actinomycetemcomitans	1
bacdive.isolation_source:root-tooth	15	NCBITaxon:732	Aggregatibacter aphrophilus	1
bacdive.isolation_source:root-tooth	16	NCBITaxon:824	Campylobacter gracilis	1
bacdive.isolation_source:root-tooth	17	NCBITaxon:826	Sebaldella termitidis	1
bacdive.isolation_source:root-tooth	18	NCBITaxon:908937	Prevotella dentalis DSM 3688	1
bacdive.isolation_source:rot-root,stem	1	NCBITaxon:2042057	Pectobacterium polaris	1
bacdive.isolation_source:rot-root,stem	2	NCBITaxon:554	Pectobacterium carotovorum	1
bacdive.isolation_source:rumen-fluid	1	NCBITaxon:29317	Actinomyces sp.	2
bacdive.isolation_source:rumen-fluid	2	NCBITaxon:1121132	Butyrivibrio hungatei DSM 14810	1
bacdive.isolation_source:rumen-fluid	3	NCBITaxon:1123012	Pseudobutyrivibrio xylanivorans DSM 14809	1
bacdive.isolation_source:rumen-fluid	4	NCBITaxon:1348249	Methanobrevibacter boviskoreani	1
bacdive.isolation_source:rumen-fluid	5	NCBITaxon:1410653	Clostridium lundense DSM 17049	1
bacdive.isolation_source:rumen-fluid	6	NCBITaxon:1712665	Agathobacter ruminis	1
bacdive.isolation_source:rumen-fluid	7	NCBITaxon:294671	Methanobrevibacter olleyae	1
bacdive.isolation_source:rumen-fluid	8	NCBITaxon:604330	Parafannyhessea umbonata	1
bacdive.isolation_source:rumen-fluid	9	NCBITaxon:885	Desulfovibrio sp.	1
bacdive.isolation_source:saline	1	NCBITaxon:1570	Halobacillus halophilus	13
bacdive.isolation_source:saline	2	NCBITaxon:83428	uncultured Bacillus sp.	11
bacdive.isolation_source:saline	3	NCBITaxon:1872700	Virgibacillus sp.	7
bacdive.isolation_source:saline	4	NCBITaxon:2013	Nocardiopsis	7
bacdive.isolation_source:saline	5	NCBITaxon:1871618	Gracilibacillus sp.	5
bacdive.isolation_source:saline	6	NCBITaxon:1931	Streptomyces sp.	5
bacdive.isolation_source:saline	7	NCBITaxon:195064	Ectothiorhodospira mobilis	4
bacdive.isolation_source:saline	8	NCBITaxon:2037	Actinomycetales	4
bacdive.isolation_source:saline	9	NCBITaxon:50741	Marinobacter sp.	4
bacdive.isolation_source:saline	10	NCBITaxon:54063	Actinopolyspora sp.	4
bacdive.isolation_source:saline	11	NCBITaxon:1057	Thiococcus pfennigii	3
bacdive.isolation_source:saline	12	NCBITaxon:1486246	Halomonas sp.	3
bacdive.isolation_source:saline	13	NCBITaxon:1874361	Idiomarina sp.	3
bacdive.isolation_source:saline	14	NCBITaxon:1898027	Ornithinibacillus sp.	3
bacdive.isolation_source:saline	15	NCBITaxon:1930901	Spiribacter sp.	3
bacdive.isolation_source:saline	16	NCBITaxon:2242	Halobacterium salinarum	3
bacdive.isolation_source:saline	17	NCBITaxon:268735	Halonotius pteroides	3
bacdive.isolation_source:saline	18	NCBITaxon:2746	Halomonas elongata	3
bacdive.isolation_source:saline	19	NCBITaxon:933063	Dichotomicrobium thermohalophilum	3
bacdive.isolation_source:saline	20	NCBITaxon:94136	Alkalibacillus haloalkaliphilus	3
bacdive.isolation_source:saline	21	NCBITaxon:1126236	Halobellus inordinatus	2
bacdive.isolation_source:saline	22	NCBITaxon:1186196	Natrinema salaciae	2
bacdive.isolation_source:saline	23	NCBITaxon:1329370	Franzmannia qiaohouensis	2
bacdive.isolation_source:saline	24	NCBITaxon:1505232	Chitinivibrio alkaliphilus	2
bacdive.isolation_source:saline	25	NCBITaxon:168379	Halorhodospira neutriphila	2
bacdive.isolation_source:salt-marsh	1	NCBITaxon:1570	Halobacillus halophilus	13
bacdive.isolation_source:salt-marsh	2	NCBITaxon:1057	Thiococcus pfennigii	3
bacdive.isolation_source:salt-marsh	3	NCBITaxon:2022602	Thiorhodococcus sp.	2
bacdive.isolation_source:salt-marsh	4	NCBITaxon:1048	Marichromatium gracile	1
bacdive.isolation_source:salt-marsh	5	NCBITaxon:1123275	Spirochaeta cellobiosiphila DSM 17781	1
bacdive.isolation_source:salt-marsh	6	NCBITaxon:1219067	Vibrio natriegens NBRC 15636 = ATCC 14048 = DSM 759	1
bacdive.isolation_source:salt-marsh	7	NCBITaxon:1246444	Nocardiopsis halotolerans DSM 44410	1
bacdive.isolation_source:salt-marsh	8	NCBITaxon:1246460	Nocardiopsis lucentensis DSM 44048	1
bacdive.isolation_source:salt-marsh	9	NCBITaxon:1276246	Spiroplasma culicicola AES-1	1
bacdive.isolation_source:salt-marsh	10	NCBITaxon:1543721	Sedimenticola thiotaurini	1
bacdive.isolation_source:salt-marsh	11	NCBITaxon:1808508	Altericroceibacterium endophyticum	1
bacdive.isolation_source:salt-marsh	12	NCBITaxon:1808945	Zunongwangia endophytica	1
bacdive.isolation_source:salt-marsh	13	NCBITaxon:1869227	bacterium	1
bacdive.isolation_source:salt-marsh	14	NCBITaxon:1872627	Archangium sp.	1
bacdive.isolation_source:salt-marsh	15	NCBITaxon:1903071	Sulfitobacter sp.	1
bacdive.isolation_source:salt-marsh	16	NCBITaxon:1926630	Pseudoblastomonas halimionae	1
bacdive.isolation_source:salt-marsh	17	NCBITaxon:195064	Ectothiorhodospira mobilis	1
bacdive.isolation_source:salt-marsh	18	NCBITaxon:1961642	Chryseobacterium salipaludis	1
bacdive.isolation_source:salt-marsh	19	NCBITaxon:203122	Saccharophagus degradans 2-40	1
bacdive.isolation_source:salt-marsh	20	NCBITaxon:2213	Methanosarcina sp.	1
bacdive.isolation_source:salt-marsh	21	NCBITaxon:28181	Magnetovibrio blakemorei	1
bacdive.isolation_source:salt-marsh	22	NCBITaxon:361576	Halovibrio mesolongii	1
bacdive.isolation_source:salt-marsh	23	NCBITaxon:39152	Methanococcus maripaludis	1
bacdive.isolation_source:salt-marsh	24	NCBITaxon:48729	Rhabdochromatium marinum	1
bacdive.isolation_source:salt-marsh	25	NCBITaxon:49447	Halochromatium salexigens	1
bacdive.isolation_source:sandy	1	NCBITaxon:56	Sorangium cellulosum	115
bacdive.isolation_source:sandy	2	NCBITaxon:184914	Corallococcus coralloides	62
bacdive.isolation_source:sandy	3	NCBITaxon:1872627	Archangium sp.	39
bacdive.isolation_source:sandy	4	NCBITaxon:54	Nannocystis exedens	37
bacdive.isolation_source:sandy	5	NCBITaxon:33	Myxococcus fulvus	20
bacdive.isolation_source:sandy	6	NCBITaxon:71864	Herpetosiphon sp.	17
bacdive.isolation_source:sandy	7	NCBITaxon:57		14
bacdive.isolation_source:sandy	8	NCBITaxon:34	Myxococcus xanthus	12
bacdive.isolation_source:sandy	9	NCBITaxon:153721	Sporocytophaga myxococcoides	8
bacdive.isolation_source:sandy	10	NCBITaxon:83428	uncultured Bacillus sp.	8
bacdive.isolation_source:sandy	11	NCBITaxon:83462	Corallococcus exiguus	8
bacdive.isolation_source:sandy	12	NCBITaxon:83456	Myxococcus virescens	6
bacdive.isolation_source:sandy	13	NCBITaxon:292587	Synechococcus rubescens	5
bacdive.isolation_source:sandy	14	NCBITaxon:47254	Leptolyngbya sp.	5
bacdive.isolation_source:sandy	15	NCBITaxon:83449	Cystobacter ferrugineus	5
bacdive.isolation_source:sandy	16	NCBITaxon:2	Bacteria	4
bacdive.isolation_source:sandy	17	NCBITaxon:83460	Allostigmatella erecta	4
bacdive.isolation_source:sandy	18	NCBITaxon:1137988	Geodermatophilus tzadiensis	3
bacdive.isolation_source:sandy	19	NCBITaxon:39	Archangiaceae	3
bacdive.isolation_source:sandy	20	NCBITaxon:394094	Cystobacter velatus	3
bacdive.isolation_source:sandy	21	NCBITaxon:83451	Archangium violaceum	3
bacdive.isolation_source:sandy	22	NCBITaxon:83455	Myxococcus stipitatus	3
bacdive.isolation_source:sandy	23	NCBITaxon:1002689	Occallatibacter riparius	2
bacdive.isolation_source:sandy	24	NCBITaxon:2093377	Sorangium sp.	2
bacdive.isolation_source:sandy	25	NCBITaxon:29	Myxococcales	2
bacdive.isolation_source:seafood	1	NCBITaxon:1281	Staphylococcus carnosus	2
bacdive.isolation_source:seafood	2	NCBITaxon:261164	Psychrobacter alimentarius	2
bacdive.isolation_source:seafood	3	NCBITaxon:282669	Psychrobacter cibarius	2
bacdive.isolation_source:seafood	4	NCBITaxon:1077144	Dietzia alimentaria 72	1
bacdive.isolation_source:seafood	5	NCBITaxon:1122129	Jeotgalicoccus psychrophilus DSM 19085	1
bacdive.isolation_source:seafood	6	NCBITaxon:1122211	Marinospirillum insulare DSM 21763	1
bacdive.isolation_source:seafood	7	NCBITaxon:112331	Planococcus koreensis	1
bacdive.isolation_source:seafood	8	NCBITaxon:1123359	Tetragenococcus muriaticus DSM 15685	1
bacdive.isolation_source:seafood	9	NCBITaxon:1129374	Alishewanella jeotgali KCTC 22429	1
bacdive.isolation_source:seafood	10	NCBITaxon:121872	Natrinema thermotolerans	1
bacdive.isolation_source:seafood	11	NCBITaxon:1227498	Natronococcus jeotgali DSM 18795	1
bacdive.isolation_source:seafood	12	NCBITaxon:1238186	Leucobacter salsicius M1-8	1
bacdive.isolation_source:seafood	13	NCBITaxon:1262550	Brevibacterium jeotgali	1
bacdive.isolation_source:seafood	14	NCBITaxon:1294022	Piscibacillus salipiscarius JCM 13188	1
bacdive.isolation_source:seafood	15	NCBITaxon:129985	Mesobacillus jeotgali	1
bacdive.isolation_source:seafood	16	NCBITaxon:135826	Jeotgalibacillus alimentarius	1
bacdive.isolation_source:seafood	17	NCBITaxon:1423716	Ligilactobacillus acidipiscis DSM 15836	1
bacdive.isolation_source:seafood	18	NCBITaxon:1455608	Haladaptatus cibarius D43	1
bacdive.isolation_source:seafood	19	NCBITaxon:147248	Halomonas alimentaria	1
bacdive.isolation_source:seafood	20	NCBITaxon:157227	Jeotgalicoccus halotolerans	1
bacdive.isolation_source:seafood	21	NCBITaxon:1590	Lactiplantibacillus plantarum	1
bacdive.isolation_source:seafood	22	NCBITaxon:1631871	Weissella jogaejeotgali	1
bacdive.isolation_source:seafood	23	NCBITaxon:1690008	Halomonas garicola	1
bacdive.isolation_source:seafood	24	NCBITaxon:179010	Psychrobacter jeotgali	1
bacdive.isolation_source:seafood	25	NCBITaxon:1879320	Ruegeria sp.	1
bacdive.isolation_source:semiarid	1	NCBITaxon:1560324	Arenimicrobium luteum	1
bacdive.isolation_source:semiarid	2	NCBITaxon:1592106	Terriglobus albidus	1
bacdive.isolation_source:semiarid	3	NCBITaxon:1603869	Stenotrophobacter roseus	1
bacdive.isolation_source:semiarid	4	NCBITaxon:1603870	Brevitalea deliciosa	1
bacdive.isolation_source:semiarid	5	NCBITaxon:558165	Chryseomicrobium amylolyticum	1
bacdive.isolation_source:sewage-sludge	1	NCBITaxon:294	Pseudomonas fluorescens	5
bacdive.isolation_source:sewage-sludge	2	NCBITaxon:1872094	Acetobacterium sp.	3
bacdive.isolation_source:sewage-sludge	3	NCBITaxon:224999	Tepidanaerobacter syntrophicus	3
bacdive.isolation_source:sewage-sludge	4	NCBITaxon:306	Pseudomonas sp.	3
bacdive.isolation_source:sewage-sludge	5	NCBITaxon:449973	Chelativorans multitrophicus	3
bacdive.isolation_source:sewage-sludge	6	NCBITaxon:59405	Thauera aromatica	3
bacdive.isolation_source:sewage-sludge	7	NCBITaxon:145262	Methanothermobacter thermautotrophicus	2
bacdive.isolation_source:sewage-sludge	8	NCBITaxon:1506	Clostridium sp.	2
bacdive.isolation_source:sewage-sludge	9	NCBITaxon:189685	uncultured Paracoccus sp.	2
bacdive.isolation_source:sewage-sludge	10	NCBITaxon:2208	Methanosarcina barkeri	2
bacdive.isolation_source:sewage-sludge	11	NCBITaxon:2209	Methanosarcina mazei	2
bacdive.isolation_source:sewage-sludge	12	NCBITaxon:2210	Methanosarcina thermophila	2
bacdive.isolation_source:sewage-sludge	13	NCBITaxon:361581	Tenacibaculum discolor	2
bacdive.isolation_source:sewage-sludge	14	NCBITaxon:39441	Methanobrevibacter arboriphilus	2
bacdive.isolation_source:sewage-sludge	15	NCBITaxon:58314	Rhodovulum strictum	2
bacdive.isolation_source:sewage-sludge	16	NCBITaxon:885	Desulfovibrio sp.	2
bacdive.isolation_source:sewage-sludge	17	NCBITaxon:1054034	Arcobacter cloacae	1
bacdive.isolation_source:sewage-sludge	18	NCBITaxon:1068975	Acetobacterium malicum subsp. dehalogenans DSM 11527	1
bacdive.isolation_source:sewage-sludge	19	NCBITaxon:1121297	Anaerocolumna aminovalerica DSM 1283	1
bacdive.isolation_source:sewage-sludge	20	NCBITaxon:1121306	Clostridium collagenovorans DSM 3089	1
bacdive.isolation_source:sewage-sludge	21	NCBITaxon:1121318	Clostridium homopropionicum DSM 5847	1
bacdive.isolation_source:sewage-sludge	22	NCBITaxon:1121327	Anaerotignum neopropionicum DSM 3847	1
bacdive.isolation_source:sewage-sludge	23	NCBITaxon:1121344	[Clostridium] viride DSM 6836	1
bacdive.isolation_source:sewage-sludge	24	NCBITaxon:1121405	Desulfococcus multivorans DSM 2059	1
bacdive.isolation_source:sewage-sludge	25	NCBITaxon:1121952	Humibacter albus DSM 18994	1
bacdive.isolation_source:shrub-scrub	1	NCBITaxon:317	Pseudomonas syringae	9
bacdive.isolation_source:shrub-scrub	2	NCBITaxon:339	Xanthomonas campestris	6
bacdive.isolation_source:shrub-scrub	3	NCBITaxon:1931	Streptomyces sp.	5
bacdive.isolation_source:shrub-scrub	4	NCBITaxon:184914	Corallococcus coralloides	4
bacdive.isolation_source:shrub-scrub	5	NCBITaxon:305	Ralstonia solanacearum	4
bacdive.isolation_source:shrub-scrub	6	NCBITaxon:362	Agrobacterium radiobacter	4
bacdive.isolation_source:shrub-scrub	7	NCBITaxon:1166078	Aureimonas phyllosphaerae	3
bacdive.isolation_source:shrub-scrub	8	NCBITaxon:376	Bradyrhizobium sp.	3
bacdive.isolation_source:shrub-scrub	9	NCBITaxon:55209	Pantoea cypripedii	3
bacdive.isolation_source:shrub-scrub	10	NCBITaxon:56	Sorangium cellulosum	3
bacdive.isolation_source:shrub-scrub	11	NCBITaxon:56454	Xanthomonas hortorum	3
bacdive.isolation_source:shrub-scrub	12	NCBITaxon:106590	Cupriavidus necator	2
bacdive.isolation_source:shrub-scrub	13	NCBITaxon:106592	Ensifer adhaerens	2
bacdive.isolation_source:shrub-scrub	14	NCBITaxon:1247	Oenococcus oeni	2
bacdive.isolation_source:shrub-scrub	15	NCBITaxon:1367852	Izhakiella capsodis	2
bacdive.isolation_source:shrub-scrub	16	NCBITaxon:1588	Lentilactobacillus hilgardii	2
bacdive.isolation_source:shrub-scrub	17	NCBITaxon:1904	Streptomyces cyaneus	2
bacdive.isolation_source:shrub-scrub	18	NCBITaxon:194963	Sinorhizobium americanum	2
bacdive.isolation_source:shrub-scrub	19	NCBITaxon:28094	Trinickia caryophylli	2
bacdive.isolation_source:shrub-scrub	20	NCBITaxon:303	Pseudomonas putida	2
bacdive.isolation_source:shrub-scrub	21	NCBITaxon:306	Pseudomonas sp.	2
bacdive.isolation_source:shrub-scrub	22	NCBITaxon:313007	Ureibacillus suwonensis	2
bacdive.isolation_source:shrub-scrub	23	NCBITaxon:337330	Lactiplantibacillus plantarum subsp. plantarum	2
bacdive.isolation_source:shrub-scrub	24	NCBITaxon:54067	Xylophilus ampelinus	2
bacdive.isolation_source:shrub-scrub	25	NCBITaxon:554	Pectobacterium carotovorum	2
bacdive.isolation_source:simulated-communities	1	NCBITaxon:195105	Haematobacter massiliensis	1
bacdive.isolation_source:simulated-communities	2	NCBITaxon:2161673	Roseicyclus marinus	1
bacdive.isolation_source:simulated-communities	3	NCBITaxon:302911	Bifidobacterium animalis subsp. lactis	1
bacdive.isolation_source:simulated-communities	4	NCBITaxon:305977	Pusillimonas noertemannii	1
bacdive.isolation_source:skin,-nail,-hair	1	NCBITaxon:1656	Actinomyces viscosus	22
bacdive.isolation_source:skin,-nail,-hair	2	NCBITaxon:1280	Staphylococcus aureus	6
bacdive.isolation_source:skin,-nail,-hair	3	NCBITaxon:1863	Dermatophilus congolensis	6
bacdive.isolation_source:skin,-nail,-hair	4	NCBITaxon:283734	Staphylococcus pseudintermedius	5
bacdive.isolation_source:skin,-nail,-hair	5	NCBITaxon:1282	Staphylococcus epidermidis	4
bacdive.isolation_source:skin,-nail,-hair	6	NCBITaxon:1270	Micrococcus luteus	3
bacdive.isolation_source:skin,-nail,-hair	7	NCBITaxon:1283	Staphylococcus haemolyticus	3
bacdive.isolation_source:skin,-nail,-hair	8	NCBITaxon:1286	Staphylococcus simulans	3
bacdive.isolation_source:skin,-nail,-hair	9	NCBITaxon:1288	Staphylococcus xylosus	3
bacdive.isolation_source:skin,-nail,-hair	10	NCBITaxon:1292	Staphylococcus warneri	3
bacdive.isolation_source:skin,-nail,-hair	11	NCBITaxon:1747	Cutibacterium acnes	3
bacdive.isolation_source:skin,-nail,-hair	12	NCBITaxon:2047	Rothia dentocariosa	3
bacdive.isolation_source:skin,-nail,-hair	13	NCBITaxon:29382	Staphylococcus cohnii	3
bacdive.isolation_source:skin,-nail,-hair	14	NCBITaxon:498	Psychrobacter immobilis	3
bacdive.isolation_source:skin,-nail,-hair	15	NCBITaxon:69969	Macrococcus carouselicus	3
bacdive.isolation_source:skin,-nail,-hair	16	NCBITaxon:1076331	Arsenicicoccus dermatophilus	2
bacdive.isolation_source:skin,-nail,-hair	17	NCBITaxon:1293	Staphylococcus gallinarum	2
bacdive.isolation_source:skin,-nail,-hair	18	NCBITaxon:1296	Mammaliicoccus sciuri	2
bacdive.isolation_source:skin,-nail,-hair	19	NCBITaxon:131110	Schaalia radingae	2
bacdive.isolation_source:skin,-nail,-hair	20	NCBITaxon:131111	Schaalia turicensis	2
bacdive.isolation_source:skin,-nail,-hair	21	NCBITaxon:1314	Streptococcus pyogenes	2
bacdive.isolation_source:skin,-nail,-hair	22	NCBITaxon:145391	Staphylococcus hominis subsp. hominis	2
bacdive.isolation_source:skin,-nail,-hair	23	NCBITaxon:1622	Ligilactobacillus murinus	2
bacdive.isolation_source:skin,-nail,-hair	24	NCBITaxon:1648	Erysipelothrix rhusiopathiae	2
bacdive.isolation_source:skin,-nail,-hair	25	NCBITaxon:1655	Actinomyces naeslundii	2
bacdive.isolation_source:solid-animal-waste	1	NCBITaxon:658457	Ectopseudomonas composti	3
bacdive.isolation_source:solid-animal-waste	2	NCBITaxon:1458	Metabacillus fastidiosus	2
bacdive.isolation_source:solid-animal-waste	3	NCBITaxon:1257027		1
bacdive.isolation_source:solid-animal-waste	4	NCBITaxon:1506	Clostridium sp.	1
bacdive.isolation_source:solid-animal-waste	5	NCBITaxon:1703	Brevibacterium linens	1
bacdive.isolation_source:solid-animal-waste	6	NCBITaxon:272161	Arthrobacter stackebrandtii	1
bacdive.isolation_source:solid-animal-waste	7	NCBITaxon:3381696	Methanothermobacter sp. DSM 3267	1
bacdive.isolation_source:solid-animal-waste	8	NCBITaxon:433296	Aminipila butyrica	1
bacdive.isolation_source:solid-plant-waste	1	NCBITaxon:2021	Thermobifida fusca	2
bacdive.isolation_source:solid-plant-waste	2	NCBITaxon:1121117	Allobrachymonas denitrificans DSM 15123	1
bacdive.isolation_source:solid-plant-waste	3	NCBITaxon:1121290	Clostridium acetireducens DSM 10703	1
bacdive.isolation_source:solid-plant-waste	4	NCBITaxon:1122958	Phenylobacterium composti DSM 19425	1
bacdive.isolation_source:solid-plant-waste	5	NCBITaxon:1931	Streptomyces sp.	1
bacdive.isolation_source:solid-plant-waste	6	NCBITaxon:208304	Thermoanaerobacterium bryantii	1
bacdive.isolation_source:solid-plant-waste	7	NCBITaxon:314722	Pseudoxanthomonas suwonensis	1
bacdive.isolation_source:solid-plant-waste	8	NCBITaxon:3381696	Methanothermobacter sp. DSM 3267	1
bacdive.isolation_source:solid-plant-waste	9	NCBITaxon:35786	Coprothermobacter proteolyticus	1
bacdive.isolation_source:solid-plant-waste	10	NCBITaxon:363260	Sphingobacterium composti	1
bacdive.isolation_source:solid-plant-waste	11	NCBITaxon:623280	Parapedobacter luteus	1
bacdive.isolation_source:solid-plant-waste	12	NCBITaxon:623281	Parapedobacter composti	1
bacdive.isolation_source:solid-plant-waste	13	NCBITaxon:649349	Leadbetterella byssophila DSM 17132	1
bacdive.isolation_source:solid-plant-waste	14	NCBITaxon:658457	Ectopseudomonas composti	1
bacdive.isolation_source:solid-plant-waste	15	NCBITaxon:698758	Amphibacillus xylanus NBRC 15112	1
bacdive.isolation_source:solid-plant-waste	16	NCBITaxon:78350	Pelotomaculum schinkii	1
bacdive.isolation_source:specimen	1	NCBITaxon:562	Escherichia coli	27
bacdive.isolation_source:specimen	2	NCBITaxon:210	Helicobacter pylori	13
bacdive.isolation_source:specimen	3	NCBITaxon:759851	Sporosarcina newyorkensis	5
bacdive.isolation_source:specimen	4	NCBITaxon:144185	Leifsonia aquatica	4
bacdive.isolation_source:specimen	5	NCBITaxon:573	Klebsiella pneumoniae	4
bacdive.isolation_source:specimen	6	NCBITaxon:1280	Staphylococcus aureus	3
bacdive.isolation_source:specimen	7	NCBITaxon:817	Bacteroides fragilis	3
bacdive.isolation_source:specimen	8	NCBITaxon:1179467	Hazenella coriacea	2
bacdive.isolation_source:specimen	9	NCBITaxon:1496	Clostridioides difficile	2
bacdive.isolation_source:specimen	10	NCBITaxon:1513	Clostridium tetani	2
bacdive.isolation_source:specimen	11	NCBITaxon:470	Acinetobacter baumannii	2
bacdive.isolation_source:specimen	12	NCBITaxon:102618	Helicobacter pylori NCTC 11637 = CCUG 17874 = ATCC 43504 = JCM 12093	1
bacdive.isolation_source:specimen	13	NCBITaxon:1123075	Ruminococcus gauvreauii DSM 19829	1
bacdive.isolation_source:specimen	14	NCBITaxon:1123264	Sphingobacterium multivorum DSM 11691	1
bacdive.isolation_source:specimen	15	NCBITaxon:1210075	Nocardia ignorata NBRC 108230	1
bacdive.isolation_source:specimen	16	NCBITaxon:1211807	Stutzerimonas kunmingensis	1
bacdive.isolation_source:specimen	17	NCBITaxon:1226751	Mycolicibacterium monacense DSM 44395	1
bacdive.isolation_source:specimen	18	NCBITaxon:1236522	Escherichia coli JCM 18426	1
bacdive.isolation_source:specimen	19	NCBITaxon:1301100	Faecalimicrobium dakarense	1
bacdive.isolation_source:specimen	20	NCBITaxon:1322345	Escherichia coli ATCC 25922	1
bacdive.isolation_source:specimen	21	NCBITaxon:132249	Nocardia veterana	1
bacdive.isolation_source:specimen	22	NCBITaxon:1337958	Amycolatopsis orientalis DSM 46075	1
bacdive.isolation_source:specimen	23	NCBITaxon:1348637	Nocardiopsis listeri NBRC 13360	1
bacdive.isolation_source:specimen	24	NCBITaxon:1352223	Streptococcus dentiloxodontae	1
bacdive.isolation_source:specimen	25	NCBITaxon:1353	Enterococcus gallinarum	1
bacdive.isolation_source:spoiled	1	NCBITaxon:2338647	Ottowia konkukae	1
bacdive.isolation_source:spoiled	2	NCBITaxon:291615	Thermoanaerobacter mathranii subsp. alimentarius	1
bacdive.isolation_source:spoiled	3	NCBITaxon:292	Burkholderia cepacia	1
bacdive.isolation_source:spot-leaf,stem	1	NCBITaxon:339	Xanthomonas campestris	2
bacdive.isolation_source:spot-leaf,stem	2	NCBITaxon:1958950	Pseudomonas floridensis	1
bacdive.isolation_source:spot-leaf,stem	3	NCBITaxon:317	Pseudomonas syringae	1
bacdive.isolation_source:spot-leaf,stem	4	NCBITaxon:548	Klebsiella aerogenes	1
bacdive.isolation_source:starter-culture	1	NCBITaxon:86958	Propionispira paucivorans	3
bacdive.isolation_source:starter-culture	2	NCBITaxon:33968	Leuconostoc pseudomesenteroides	2
bacdive.isolation_source:starter-culture	3	NCBITaxon:86959	Propionispira raffinosivorans	2
bacdive.isolation_source:starter-culture	4	NCBITaxon:1123511	Propionispira raffinosivorans DSM 20765	1
bacdive.isolation_source:starter-culture	5	NCBITaxon:1255	Pediococcus pentosaceus	1
bacdive.isolation_source:starter-culture	6	NCBITaxon:1348655	Lactococcus cremoris subsp. cremoris NBRC 100676	1
bacdive.isolation_source:starter-culture	7	NCBITaxon:1358	Lactococcus lactis	1
bacdive.isolation_source:starter-culture	8	NCBITaxon:1579	Lactobacillus acidophilus	1
bacdive.isolation_source:starter-culture	9	NCBITaxon:1582	Lacticaseibacillus casei	1
bacdive.isolation_source:starter-culture	10	NCBITaxon:1597	Lacticaseibacillus paracasei	1
bacdive.isolation_source:starter-culture	11	NCBITaxon:1681	Bifidobacterium bifidum	1
bacdive.isolation_source:starter-culture	12	NCBITaxon:47715	Lacticaseibacillus rhamnosus	1
bacdive.isolation_source:starter-culture	13	NCBITaxon:576	Klebsiella sp.	1
bacdive.isolation_source:starter-culture	14	NCBITaxon:586220	Leuconostoc mesenteroides subsp. cremoris ATCC 19254	1
bacdive.isolation_source:starter-culture	15	NCBITaxon:86957	Schleiferibacter lactififex	1
bacdive.isolation_source:sterilized-desinfected	1	NCBITaxon:1896336	Citrobacter sp.	3
bacdive.isolation_source:sterilized-desinfected	2	NCBITaxon:651	Aeromonas media	2
bacdive.isolation_source:sterilized-desinfected	3	NCBITaxon:1091038	Streptococcus thermophilus DSM 20617	1
bacdive.isolation_source:sterilized-desinfected	4	NCBITaxon:113557	Lacticaseibacillus paracasei subsp. tolerans	1
bacdive.isolation_source:sterilized-desinfected	5	NCBITaxon:1219042	Novosphingobium capsulatum NBRC 12533	1
bacdive.isolation_source:sterilized-desinfected	6	NCBITaxon:1220595	Geobacillus kaustophilus NBRC 102445	1
bacdive.isolation_source:sterilized-desinfected	7	NCBITaxon:1255632	Ornithinibacillus bavariensis CIP 109287	1
bacdive.isolation_source:sterilized-desinfected	8	NCBITaxon:1265504	Curvibacter lanceolatus ATCC 14669	1
bacdive.isolation_source:sterilized-desinfected	9	NCBITaxon:1349763	Curvibacter delicatus NBRC 14919	1
bacdive.isolation_source:sterilized-desinfected	10	NCBITaxon:1358026	Leifsonia aquatica ATCC 14665	1
bacdive.isolation_source:sterilized-desinfected	11	NCBITaxon:1405	Bacillus mycoides	1
bacdive.isolation_source:sterilized-desinfected	12	NCBITaxon:1423830	Lacticaseibacillus paracasei subsp. tolerans DSM 20258	1
bacdive.isolation_source:sterilized-desinfected	13	NCBITaxon:1629	Weissella viridescens	1
bacdive.isolation_source:sterilized-desinfected	14	NCBITaxon:2040280	Marmoricola endophyticus	1
bacdive.isolation_source:sterilized-desinfected	15	NCBITaxon:2044847	Streptomyces roietensis	1
bacdive.isolation_source:sterilized-desinfected	16	NCBITaxon:2182385	Brachybacterium endophyticum	1
bacdive.isolation_source:sterilized-desinfected	17	NCBITaxon:2292705	Paenibacillus paeoniae	1
bacdive.isolation_source:sterilized-desinfected	18	NCBITaxon:409	Methylobacterium sp.	1
bacdive.isolation_source:sterilized-desinfected	19	NCBITaxon:42895	Enterobacter sp.	1
bacdive.isolation_source:sterilized-desinfected	20	NCBITaxon:549	Pantoea agglomerans	1
bacdive.isolation_source:sterilized-desinfected	21	NCBITaxon:600645	Aeromonas piscicola	1
bacdive.isolation_source:sterilized-desinfected	22	NCBITaxon:615	Serratia marcescens	1
bacdive.isolation_source:sterilized-desinfected	23	NCBITaxon:61646	Lelliottia amnigena	1
bacdive.isolation_source:sterilized-desinfected	24	NCBITaxon:647	Aeromonas sp.	1
bacdive.isolation_source:sterilized-desinfected	25	NCBITaxon:83428	uncultured Bacillus sp.	1
bacdive.isolation_source:sterilized-plant-part	1	NCBITaxon:1166078	Aureimonas phyllosphaerae	3
bacdive.isolation_source:sterilized-plant-part	2	NCBITaxon:1642469	Mariniluteicoccus endophyticus	2
bacdive.isolation_source:sterilized-plant-part	3	NCBITaxon:58172	Paenibacillus sp.	2
bacdive.isolation_source:sterilized-plant-part	4	NCBITaxon:714166	Streptomyces endophyticus	2
bacdive.isolation_source:sterilized-plant-part	5	NCBITaxon:1119534	Nocardioides perillae	1
bacdive.isolation_source:sterilized-plant-part	6	NCBITaxon:1121035	Azovibrio restrictus DSM 23866	1
bacdive.isolation_source:sterilized-plant-part	7	NCBITaxon:1123078	Runella zeae DSM 19591	1
bacdive.isolation_source:sterilized-plant-part	8	NCBITaxon:1144553	Nonomuraea solani	1
bacdive.isolation_source:sterilized-plant-part	9	NCBITaxon:1144618	Allonocardiopsis opalescens	1
bacdive.isolation_source:sterilized-plant-part	10	NCBITaxon:1166073	Aureimonas jatrophae	1
bacdive.isolation_source:sterilized-plant-part	11	NCBITaxon:1166257	Pleomorphomonas diazotrophica	1
bacdive.isolation_source:sterilized-plant-part	12	NCBITaxon:1166323	Sphingomonas carotinifaciens	1
bacdive.isolation_source:sterilized-plant-part	13	NCBITaxon:1166337	Sphingomonas jatrophae	1
bacdive.isolation_source:sterilized-plant-part	14	NCBITaxon:1173107	Lysinibacillus tabacifolii	1
bacdive.isolation_source:sterilized-plant-part	15	NCBITaxon:1176198	Streptomyces harbinensis	1
bacdive.isolation_source:sterilized-plant-part	16	NCBITaxon:1181879	Amycolatopsis jiangsuensis	1
bacdive.isolation_source:sterilized-plant-part	17	NCBITaxon:1181882	Glycomyces phytohabitans	1
bacdive.isolation_source:sterilized-plant-part	18	NCBITaxon:1181884	Modestobacter roseus	1
bacdive.isolation_source:sterilized-plant-part	19	NCBITaxon:1181886	Saccharopolyspora dendranthemae	1
bacdive.isolation_source:sterilized-plant-part	20	NCBITaxon:1181887	Streptomyces halophytocola	1
bacdive.isolation_source:sterilized-plant-part	21	NCBITaxon:1183413	Agrobacterium salinitolerans	1
bacdive.isolation_source:sterilized-plant-part	22	NCBITaxon:1184706	Micromonospora sonneratiae	1
bacdive.isolation_source:sterilized-plant-part	23	NCBITaxon:1206085	Jatrophihabitans endophyticus	1
bacdive.isolation_source:sterilized-plant-part	24	NCBITaxon:1262583	Tamaricihabitans halophyticus	1
bacdive.isolation_source:sterilized-plant-part	25	NCBITaxon:1300267	Streptomyces zhaozhouensis	1
bacdive.isolation_source:subarctic	1	NCBITaxon:1288027	Arcticibacter svalbardensis	1
bacdive.isolation_source:subarctic	2	NCBITaxon:1434066	Psychroserpens luteus	1
bacdive.isolation_source:subarctic	3	NCBITaxon:515393	Pseudomonas yamanorum	1
bacdive.isolation_source:subgingival-plaque	1	NCBITaxon:1655	Actinomyces naeslundii	6
bacdive.isolation_source:subgingival-plaque	2	NCBITaxon:1656	Actinomyces viscosus	4
bacdive.isolation_source:subgingival-plaque	3	NCBITaxon:796937	Peptoanaerobacter stomatis	4
bacdive.isolation_source:subgingival-plaque	4	NCBITaxon:1035194	Aggregatibacter actinomycetemcomitans Y4	1
bacdive.isolation_source:subgingival-plaque	5	NCBITaxon:1159213	Peptostreptococcus canis	1
bacdive.isolation_source:subgingival-plaque	6	NCBITaxon:1236517	Prevotella fusca JCM 17724	1
bacdive.isolation_source:subgingival-plaque	7	NCBITaxon:1501329	Oribacterium parvum	1
bacdive.isolation_source:subgingival-plaque	8	NCBITaxon:1501332	Oribacterium asaccharolyticum	1
bacdive.isolation_source:subgingival-plaque	9	NCBITaxon:2	Bacteria	1
bacdive.isolation_source:subgingival-plaque	10	NCBITaxon:28112	Tannerella forsythia	1
bacdive.isolation_source:subgingival-plaque	11	NCBITaxon:28113	Prevotella heparinolytica	1
bacdive.isolation_source:subgingival-plaque	12	NCBITaxon:45243	Capnocytophaga haemolytica	1
bacdive.isolation_source:subgingival-plaque	13	NCBITaxon:502	Kingella denitrificans	1
bacdive.isolation_source:subgingival-plaque	14	NCBITaxon:566549	Corynebacterium matruchotii ATCC 33806	1
bacdive.isolation_source:subgingival-plaque	15	NCBITaxon:629741	Kingella oralis ATCC 51147	1
bacdive.isolation_source:subgingival-plaque	16	NCBITaxon:641143	Capnocytophaga granulosa ATCC 51502	1
bacdive.isolation_source:subgingival-plaque	17	NCBITaxon:651822	Fretibacterium fastidiosum	1
bacdive.isolation_source:subgingival-plaque	18	NCBITaxon:671218	Alloprevotella rava	1
bacdive.isolation_source:subgingival-plaque	19	NCBITaxon:688246	Hallella multisaccharivorax DSM 17128	1
bacdive.isolation_source:subgingival-plaque	20	NCBITaxon:888061	Desulfomicrobium orale DSM 12838	1
bacdive.isolation_source:subgingival-plaque	21	NCBITaxon:888743	Prevotella multiformis DSM 16608	1
bacdive.isolation_source:subgingival-plaque	22	NCBITaxon:997349	Olsenella profusa DSM 13989	1
bacdive.isolation_source:suidae-pig,swine	1	NCBITaxon:749	[Pasteurella] aerogenes	41
bacdive.isolation_source:suidae-pig,swine	2	NCBITaxon:195	Campylobacter coli	18
bacdive.isolation_source:suidae-pig,swine	3	NCBITaxon:562	Escherichia coli	12
bacdive.isolation_source:suidae-pig,swine	4	NCBITaxon:1288392	Moraxella porci	8
bacdive.isolation_source:suidae-pig,swine	5	NCBITaxon:1648	Erysipelothrix rhusiopathiae	8
bacdive.isolation_source:suidae-pig,swine	6	NCBITaxon:198	Campylobacter hyointestinalis	8
bacdive.isolation_source:suidae-pig,swine	7	NCBITaxon:1657	Actinobaculum suis	7
bacdive.isolation_source:suidae-pig,swine	8	NCBITaxon:202	Campylobacter mucosalis	7
bacdive.isolation_source:suidae-pig,swine	9	NCBITaxon:715	Actinobacillus pleuropneumoniae	7
bacdive.isolation_source:suidae-pig,swine	10	NCBITaxon:91353	Campylobacter hyointestinalis subsp. lawsonii	7
bacdive.isolation_source:suidae-pig,swine	11	NCBITaxon:1307	Streptococcus suis	6
bacdive.isolation_source:suidae-pig,swine	12	NCBITaxon:747	Pasteurella multocida	6
bacdive.isolation_source:suidae-pig,swine	13	NCBITaxon:1661	Trueperella pyogenes	5
bacdive.isolation_source:suidae-pig,swine	14	NCBITaxon:2	Bacteria	5
bacdive.isolation_source:suidae-pig,swine	15	NCBITaxon:29316	Schaalia hyovaginalis	5
bacdive.isolation_source:suidae-pig,swine	16	NCBITaxon:29389	Streptococcus alactolyticus	5
bacdive.isolation_source:suidae-pig,swine	17	NCBITaxon:52767	Actinomyces denticolens	5
bacdive.isolation_source:suidae-pig,swine	18	NCBITaxon:1284	Staphylococcus hyicus	4
bacdive.isolation_source:suidae-pig,swine	19	NCBITaxon:149015	Streptococcus hyovaginalis	4
bacdive.isolation_source:suidae-pig,swine	20	NCBITaxon:1725	Corynebacterium xerosis	4
bacdive.isolation_source:suidae-pig,swine	21	NCBITaxon:716	Actinobacillus suis	4
bacdive.isolation_source:suidae-pig,swine	22	NCBITaxon:97478	Limosilactobacillus mucosae	4
bacdive.isolation_source:suidae-pig,swine	23	NCBITaxon:1159752	Enterococcus lemanii	3
bacdive.isolation_source:suidae-pig,swine	24	NCBITaxon:1159753	Enterococcus eurekensis	3
bacdive.isolation_source:suidae-pig,swine	25	NCBITaxon:119602	Streptococcus dysgalactiae subsp. equisimilis	3
bacdive.isolation_source:sulfuric	1	NCBITaxon:133534	Dethiosulfovibrio russensis	2
bacdive.isolation_source:sulfuric	2	NCBITaxon:187	Aquaspirillum	2
bacdive.isolation_source:sulfuric	3	NCBITaxon:1873498	Hafnia sp.	2
bacdive.isolation_source:sulfuric	4	NCBITaxon:1931	Streptomyces sp.	2
bacdive.isolation_source:sulfuric	5	NCBITaxon:28185	Spirochaeta sp.	2
bacdive.isolation_source:sulfuric	6	NCBITaxon:61169	Alicyclobacillus sp.	2
bacdive.isolation_source:sulfuric	7	NCBITaxon:876	Desulfovibrio desulfuricans	2
bacdive.isolation_source:sulfuric	8	NCBITaxon:1036679	Methanosarcina spelaei	1
bacdive.isolation_source:sulfuric	9	NCBITaxon:1071	Rhodopila globiformis	1
bacdive.isolation_source:sulfuric	10	NCBITaxon:1076588	Thiolapillus brandeum	1
bacdive.isolation_source:sulfuric	11	NCBITaxon:1097	Chlorobaculum tepidum	1
bacdive.isolation_source:sulfuric	12	NCBITaxon:1121418	Desulforhopalus singaporensis DSM 12130	1
bacdive.isolation_source:sulfuric	13	NCBITaxon:1121460	Megalodesulfovibrio paquesii DSM 16681	1
bacdive.isolation_source:sulfuric	14	NCBITaxon:1121472	Desulfurispora thermophila DSM 16022	1
bacdive.isolation_source:sulfuric	15	NCBITaxon:1121877	Ferrimicrobium acidiphilum DSM 19497	1
bacdive.isolation_source:sulfuric	16	NCBITaxon:1122241	Moorella mulderi DSM 14980	1
bacdive.isolation_source:sulfuric	17	NCBITaxon:1123368	Thermithiobacillus tepidarius DSM 3134	1
bacdive.isolation_source:sulfuric	18	NCBITaxon:1123398	Thiothrix caldifontis DSM 21228	1
bacdive.isolation_source:sulfuric	19	NCBITaxon:119978	Acidithiobacillus albertensis	1
bacdive.isolation_source:sulfuric	20	NCBITaxon:1223544	Gordonia sihwensis NBRC 108236	1
bacdive.isolation_source:sulfuric	21	NCBITaxon:1273541	Pyrodictium delaneyi	1
bacdive.isolation_source:sulfuric	22	NCBITaxon:1293054	Halanaerobium saccharolyticum subsp. saccharolyticum DSM 6643	1
bacdive.isolation_source:sulfuric	23	NCBITaxon:1295373	Acidiplasma cupricumulans JCM 13668 = DSM 16651	1
bacdive.isolation_source:sulfuric	24	NCBITaxon:1323370	Caloranaerobacter ferrireducens	1
bacdive.isolation_source:sulfuric	25	NCBITaxon:1323375	Anoxybacter fermentans	1
bacdive.isolation_source:surface-swab	1	NCBITaxon:324617	Aeromonas tecta	2
bacdive.isolation_source:surface-swab	2	NCBITaxon:2364647	Pantoea piersonii	1
bacdive.isolation_source:surface-swab	3	NCBITaxon:28214	Sphingomonas sp.	1
bacdive.isolation_source:surface-swab	4	NCBITaxon:46353	Agrococcus jenensis	1
bacdive.isolation_source:swab	1	NCBITaxon:573	Klebsiella pneumoniae	82
bacdive.isolation_source:swab	2	NCBITaxon:76832	Myroides odoratimimus	33
bacdive.isolation_source:swab	3	NCBITaxon:256	Myroides odoratus	12
bacdive.isolation_source:swab	4	NCBITaxon:287	Pseudomonas aeruginosa	9
bacdive.isolation_source:swab	5	NCBITaxon:2108	Mycoplasma sp.	6
bacdive.isolation_source:swab	6	NCBITaxon:562	Escherichia coli	5
bacdive.isolation_source:swab	7	NCBITaxon:131112	Arcanobacterium phocae	4
bacdive.isolation_source:swab	8	NCBITaxon:1314	Streptococcus pyogenes	4
bacdive.isolation_source:swab	9	NCBITaxon:109790	Lactobacillus jensenii	3
bacdive.isolation_source:swab	10	NCBITaxon:1270	Micrococcus luteus	3
bacdive.isolation_source:swab	11	NCBITaxon:1780362	Campylobacter geochelonis	3
bacdive.isolation_source:swab	12	NCBITaxon:1965234	Ureaplasma sp.	3
bacdive.isolation_source:swab	13	NCBITaxon:207340	Roseomonas mucosa	3
bacdive.isolation_source:swab	14	NCBITaxon:400946	Wohlfahrtiimonas chitiniclastica	3
bacdive.isolation_source:swab	15	NCBITaxon:469	Acinetobacter	3
bacdive.isolation_source:swab	16	NCBITaxon:1280	Staphylococcus aureus	2
bacdive.isolation_source:swab	17	NCBITaxon:1717	Corynebacterium diphtheriae	2
bacdive.isolation_source:swab	18	NCBITaxon:250	Chryseobacterium gleum	2
bacdive.isolation_source:swab	19	NCBITaxon:28901	Salmonella enterica	2
bacdive.isolation_source:swab	20	NCBITaxon:308354	Staphylococcus simiae	2
bacdive.isolation_source:swab	21	NCBITaxon:546	Citrobacter freundii	2
bacdive.isolation_source:swab	22	NCBITaxon:1031542	Campylobacter volucris	1
bacdive.isolation_source:swab	23	NCBITaxon:1032623	Otariodibacter oris	1
bacdive.isolation_source:swab	24	NCBITaxon:1042321	Ureaplasma miroungigenitalium	1
bacdive.isolation_source:swab	25	NCBITaxon:1122981	Prevotella corporis DSM 18810 = JCM 8529	1
bacdive.isolation_source:terrestrial	1	NCBITaxon:56	Sorangium cellulosum	1533
bacdive.isolation_source:terrestrial	2	NCBITaxon:184914	Corallococcus coralloides	1300
bacdive.isolation_source:terrestrial	3	NCBITaxon:54	Nannocystis exedens	1008
bacdive.isolation_source:terrestrial	4	NCBITaxon:1872627	Archangium sp.	354
bacdive.isolation_source:terrestrial	5	NCBITaxon:33	Myxococcus fulvus	309
bacdive.isolation_source:terrestrial	6	NCBITaxon:71864	Herpetosiphon sp.	213
bacdive.isolation_source:terrestrial	7	NCBITaxon:83456	Myxococcus virescens	166
bacdive.isolation_source:terrestrial	8	NCBITaxon:57		134
bacdive.isolation_source:terrestrial	9	NCBITaxon:83428	uncultured Bacillus sp.	133
bacdive.isolation_source:terrestrial	10	NCBITaxon:1931	Streptomyces sp.	110
bacdive.isolation_source:terrestrial	11	NCBITaxon:83462	Corallococcus exiguus	108
bacdive.isolation_source:terrestrial	12	NCBITaxon:34	Myxococcus xanthus	89
bacdive.isolation_source:terrestrial	13	NCBITaxon:153721	Sporocytophaga myxococcoides	82
bacdive.isolation_source:terrestrial	14	NCBITaxon:83451	Archangium violaceum	81
bacdive.isolation_source:terrestrial	15	NCBITaxon:38	Archangium disciforme	78
bacdive.isolation_source:terrestrial	16	NCBITaxon:2	Bacteria	74
bacdive.isolation_source:terrestrial	17	NCBITaxon:83455	Myxococcus stipitatus	73
bacdive.isolation_source:terrestrial	18	NCBITaxon:83460	Allostigmatella erecta	48
bacdive.isolation_source:terrestrial	19	NCBITaxon:29	Myxococcales	42
bacdive.isolation_source:terrestrial	20	NCBITaxon:306	Pseudomonas sp.	37
bacdive.isolation_source:terrestrial	21	NCBITaxon:394092	Hyalangium gracile	36
bacdive.isolation_source:terrestrial	22	NCBITaxon:1366054	Nannocystis exedens subsp. cinnabaria	35
bacdive.isolation_source:terrestrial	23	NCBITaxon:1876	Micromonospora sp.	31
bacdive.isolation_source:terrestrial	24	NCBITaxon:58172	Paenibacillus sp.	29
bacdive.isolation_source:terrestrial	25	NCBITaxon:83449	Cystobacter ferrugineus	28
bacdive.isolation_source:tidal-flat	1	NCBITaxon:28211	Alphaproteobacteria	3
bacdive.isolation_source:tidal-flat	2	NCBITaxon:1156985	Epibacterium ulvae	2
bacdive.isolation_source:tidal-flat	3	NCBITaxon:2	Bacteria	2
bacdive.isolation_source:tidal-flat	4	NCBITaxon:226506	Algoriphagus ornithinivorans	2
bacdive.isolation_source:tidal-flat	5	NCBITaxon:267135	Erythrobacter donghaensis	2
bacdive.isolation_source:tidal-flat	6	NCBITaxon:28185	Spirochaeta sp.	2
bacdive.isolation_source:tidal-flat	7	NCBITaxon:58314	Rhodovulum strictum	2
bacdive.isolation_source:tidal-flat	8	NCBITaxon:83428	uncultured Bacillus sp.	2
bacdive.isolation_source:tidal-flat	9	NCBITaxon:1005926	Flagellimonas taeanensis	1
bacdive.isolation_source:tidal-flat	10	NCBITaxon:1005928	Roseovarius lutimaris	1
bacdive.isolation_source:tidal-flat	11	NCBITaxon:1028742	Pontixanthobacter gangjinensis	1
bacdive.isolation_source:tidal-flat	12	NCBITaxon:1028750	Photobacterium aestuarii	1
bacdive.isolation_source:tidal-flat	13	NCBITaxon:1049582	Deinococcus enclensis	1
bacdive.isolation_source:tidal-flat	14	NCBITaxon:1049583	Kocuria marina subsp. indica	1
bacdive.isolation_source:tidal-flat	15	NCBITaxon:1085	Rhodospirillum rubrum	1
bacdive.isolation_source:tidal-flat	16	NCBITaxon:1110545	Methanosaeta pelagica	1
bacdive.isolation_source:tidal-flat	17	NCBITaxon:1117316	Pseudoalteromonas marina DSM 17587	1
bacdive.isolation_source:tidal-flat	18	NCBITaxon:1120953	Aestuariibacter salexigens DSM 15300	1
bacdive.isolation_source:tidal-flat	19	NCBITaxon:1120954	Aestuariimicrobium kwangyangense DSM 21549	1
bacdive.isolation_source:tidal-flat	20	NCBITaxon:1120956	Afifella pfennigii DSM 17143	1
bacdive.isolation_source:tidal-flat	21	NCBITaxon:1120965	Algoriphagus mannitolivorans DSM 15301	1
bacdive.isolation_source:tidal-flat	22	NCBITaxon:1121005	Aquimarina brevivitae DSM 17196	1
bacdive.isolation_source:tidal-flat	23	NCBITaxon:1121909	Gaetbulibacter saemankumensis DSM 17032	1
bacdive.isolation_source:tidal-flat	24	NCBITaxon:1121935	Hahella ganghwensis DSM 17046	1
bacdive.isolation_source:tidal-flat	25	NCBITaxon:1122134	Kangiella aquimarina DSM 16071	1
bacdive.isolation_source:timber	1	NCBITaxon:184914	Corallococcus coralloides	100
bacdive.isolation_source:timber	2	NCBITaxon:56	Sorangium cellulosum	59
bacdive.isolation_source:timber	3	NCBITaxon:54	Nannocystis exedens	49
bacdive.isolation_source:timber	4	NCBITaxon:33	Myxococcus fulvus	45
bacdive.isolation_source:timber	5	NCBITaxon:71864	Herpetosiphon sp.	23
bacdive.isolation_source:timber	6	NCBITaxon:83456	Myxococcus virescens	14
bacdive.isolation_source:timber	7	NCBITaxon:1872627	Archangium sp.	13
bacdive.isolation_source:timber	8	NCBITaxon:83462	Corallococcus exiguus	9
bacdive.isolation_source:timber	9	NCBITaxon:2	Bacteria	8
bacdive.isolation_source:timber	10	NCBITaxon:394092	Hyalangium gracile	7
bacdive.isolation_source:timber	11	NCBITaxon:394096	Hyalangium minutum	7
bacdive.isolation_source:timber	12	NCBITaxon:45	Melittangium lichenicola	7
bacdive.isolation_source:timber	13	NCBITaxon:57		6
bacdive.isolation_source:timber	14	NCBITaxon:83451	Archangium violaceum	6
bacdive.isolation_source:timber	15	NCBITaxon:394090	Cystobacter armeniaca	5
bacdive.isolation_source:timber	16	NCBITaxon:83455	Myxococcus stipitatus	5
bacdive.isolation_source:timber	17	NCBITaxon:38	Archangium disciforme	4
bacdive.isolation_source:timber	18	NCBITaxon:39	Archangiaceae	3
bacdive.isolation_source:timber	19	NCBITaxon:83449	Cystobacter ferrugineus	3
bacdive.isolation_source:timber	20	NCBITaxon:889274	Polyangium sorediatum	3
bacdive.isolation_source:timber	21	NCBITaxon:153721	Sporocytophaga myxococcoides	2
bacdive.isolation_source:timber	22	NCBITaxon:1962667	Nannocystis sp.	2
bacdive.isolation_source:timber	23	NCBITaxon:317	Pseudomonas syringae	2
bacdive.isolation_source:timber	24	NCBITaxon:394093	Cystobacter miniatus	2
bacdive.isolation_source:timber	25	NCBITaxon:394094	Cystobacter velatus	2
bacdive.isolation_source:torso	1	NCBITaxon:562	Escherichia coli	1
bacdive.isolation_source:torso	2	NCBITaxon:726	Haemophilus haemolyticus	1
bacdive.isolation_source:torso	3	NCBITaxon:736	Haemophilus paraphrohaemolyticus	1
bacdive.isolation_source:tracheal-aspirate	1	NCBITaxon:469	Acinetobacter	3
bacdive.isolation_source:transportation-ways-roads	1	NCBITaxon:2038117	Actinomadura deserti	1
bacdive.isolation_source:transportation-ways-roads	2	NCBITaxon:2547395	Paenibacillus piri	1
bacdive.isolation_source:treatment	1	NCBITaxon:1896336	Citrobacter sp.	3
bacdive.isolation_source:treatment	2	NCBITaxon:651	Aeromonas media	2
bacdive.isolation_source:treatment	3	NCBITaxon:1091038	Streptococcus thermophilus DSM 20617	1
bacdive.isolation_source:treatment	4	NCBITaxon:113557	Lacticaseibacillus paracasei subsp. tolerans	1
bacdive.isolation_source:treatment	5	NCBITaxon:1219042	Novosphingobium capsulatum NBRC 12533	1
bacdive.isolation_source:treatment	6	NCBITaxon:1220595	Geobacillus kaustophilus NBRC 102445	1
bacdive.isolation_source:treatment	7	NCBITaxon:1255632	Ornithinibacillus bavariensis CIP 109287	1
bacdive.isolation_source:treatment	8	NCBITaxon:1265504	Curvibacter lanceolatus ATCC 14669	1
bacdive.isolation_source:treatment	9	NCBITaxon:1349763	Curvibacter delicatus NBRC 14919	1
bacdive.isolation_source:treatment	10	NCBITaxon:1358026	Leifsonia aquatica ATCC 14665	1
bacdive.isolation_source:treatment	11	NCBITaxon:1405	Bacillus mycoides	1
bacdive.isolation_source:treatment	12	NCBITaxon:1423759	Liquorilactobacillus hordei DSM 19519	1
bacdive.isolation_source:treatment	13	NCBITaxon:1423830	Lacticaseibacillus paracasei subsp. tolerans DSM 20258	1
bacdive.isolation_source:treatment	14	NCBITaxon:1629	Weissella viridescens	1
bacdive.isolation_source:treatment	15	NCBITaxon:2040280	Marmoricola endophyticus	1
bacdive.isolation_source:treatment	16	NCBITaxon:2044847	Streptomyces roietensis	1
bacdive.isolation_source:treatment	17	NCBITaxon:2057246	Acidipropionibacterium virtanenii	1
bacdive.isolation_source:treatment	18	NCBITaxon:2182385	Brachybacterium endophyticum	1
bacdive.isolation_source:treatment	19	NCBITaxon:2231721	Muricoccus radiodurans	1
bacdive.isolation_source:treatment	20	NCBITaxon:2292705	Paenibacillus paeoniae	1
bacdive.isolation_source:treatment	21	NCBITaxon:28172	Vibrio metschnikovii	1
bacdive.isolation_source:treatment	22	NCBITaxon:409	Methylobacterium sp.	1
bacdive.isolation_source:treatment	23	NCBITaxon:42895	Enterobacter sp.	1
bacdive.isolation_source:treatment	24	NCBITaxon:451757	Clostridium perfringens NCTC 8239	1
bacdive.isolation_source:treatment	25	NCBITaxon:468911	Liquorilactobacillus hordei	1
bacdive.isolation_source:tree	1	NCBITaxon:56	Sorangium cellulosum	77
bacdive.isolation_source:tree	2	NCBITaxon:184914	Corallococcus coralloides	72
bacdive.isolation_source:tree	3	NCBITaxon:33	Myxococcus fulvus	42
bacdive.isolation_source:tree	4	NCBITaxon:54	Nannocystis exedens	38
bacdive.isolation_source:tree	5	NCBITaxon:317	Pseudomonas syringae	19
bacdive.isolation_source:tree	6	NCBITaxon:1872627	Archangium sp.	16
bacdive.isolation_source:tree	7	NCBITaxon:71864	Herpetosiphon sp.	14
bacdive.isolation_source:tree	8	NCBITaxon:339	Xanthomonas campestris	12
bacdive.isolation_source:tree	9	NCBITaxon:153721	Sporocytophaga myxococcoides	10
bacdive.isolation_source:tree	10	NCBITaxon:306	Pseudomonas sp.	7
bacdive.isolation_source:tree	11	NCBITaxon:362	Agrobacterium radiobacter	6
bacdive.isolation_source:tree	12	NCBITaxon:45	Melittangium lichenicola	6
bacdive.isolation_source:tree	13	NCBITaxon:83462	Corallococcus exiguus	6
bacdive.isolation_source:tree	14	NCBITaxon:29	Myxococcales	5
bacdive.isolation_source:tree	15	NCBITaxon:34	Myxococcus xanthus	5
bacdive.isolation_source:tree	16	NCBITaxon:57		5
bacdive.isolation_source:tree	17	NCBITaxon:83456	Myxococcus virescens	5
bacdive.isolation_source:tree	18	NCBITaxon:2	Bacteria	4
bacdive.isolation_source:tree	19	NCBITaxon:79967	Erwinia pyrifoliae	4
bacdive.isolation_source:tree	20	NCBITaxon:83455	Myxococcus stipitatus	4
bacdive.isolation_source:tree	21	NCBITaxon:83460	Allostigmatella erecta	4
bacdive.isolation_source:tree	22	NCBITaxon:1172565	Lonsdalea populi	3
bacdive.isolation_source:tree	23	NCBITaxon:1931	Streptomyces sp.	3
bacdive.isolation_source:tree	24	NCBITaxon:1965334	Cystobacter sp.	3
bacdive.isolation_source:tree	25	NCBITaxon:394090	Cystobacter armeniaca	3
bacdive.isolation_source:tuberculosis	1	NCBITaxon:1121389	Desmospora activa DSM 45169	1
bacdive.isolation_source:tuberculosis	2	NCBITaxon:1206725	Nocardia brevicatena NBRC 12119	1
bacdive.isolation_source:tuberculosis	3	NCBITaxon:1274374	Paenibacillus antibioticophila	1
bacdive.isolation_source:tuberculosis	4	NCBITaxon:1776	Mycolicibacterium flavescens	1
bacdive.isolation_source:tuberculosis	5	NCBITaxon:36814	Mycolicibacterium rhodesiae	1
bacdive.isolation_source:tuberculosis	6	NCBITaxon:44454	Mycobacterium avium subsp. avium	1
bacdive.isolation_source:tuberculosis	7	NCBITaxon:47312	Tsukamurella pulmonis	1
bacdive.isolation_source:vaginal-secretion	1	NCBITaxon:123820	[Actinobacillus] rossii	1
bacdive.isolation_source:vaginal-secretion	2	NCBITaxon:1298604	Enterobacter asburiae JCM 6051	1
bacdive.isolation_source:vaginal-secretion	3	NCBITaxon:1423762	Lactobacillus jensenii DSM 20557	1
bacdive.isolation_source:vaginal-secretion	4	NCBITaxon:1630135	Dermabacter vaginalis	1
bacdive.isolation_source:vaginal-secretion	5	NCBITaxon:1747	Cutibacterium acnes	1
bacdive.isolation_source:vaginal-secretion	6	NCBITaxon:38284	Corynebacterium accolens	1
bacdive.isolation_source:vaginal-secretion	7	NCBITaxon:525246	Actinomyces urogenitalis DSM 15434	1
bacdive.isolation_source:vaginal-secretion	8	NCBITaxon:525254	Anaerococcus lactolyticus ATCC 51172	1
bacdive.isolation_source:vaginal-secretion	9	NCBITaxon:525372	Sphingobacterium spiritivorum ATCC 33300	1
bacdive.isolation_source:vaginal-secretion	10	NCBITaxon:585528	Gardnerella vaginalis ATCC 14018 = JCM 11026	1
bacdive.isolation_source:vegetable-incl.-grains	1	NCBITaxon:28038	Latilactobacillus curvatus	4
bacdive.isolation_source:vegetable-incl.-grains	2	NCBITaxon:1580	Levilactobacillus brevis	3
bacdive.isolation_source:vegetable-incl.-grains	3	NCBITaxon:1590	Lactiplantibacillus plantarum	3
bacdive.isolation_source:vegetable-incl.-grains	4	NCBITaxon:214326	Latilactobacillus sakei subsp. sakei	3
bacdive.isolation_source:vegetable-incl.-grains	5	NCBITaxon:1591	Lactobacillus sp.	2
bacdive.isolation_source:vegetable-incl.-grains	6	NCBITaxon:1007676	Companilactobacillus ginsenosidimutans	1
bacdive.isolation_source:vegetable-incl.-grains	7	NCBITaxon:1050107	Lactobacillus delbrueckii subsp. allosunkii	1
bacdive.isolation_source:vegetable-incl.-grains	8	NCBITaxon:1054041	Levilactobacillus yonginensis	1
bacdive.isolation_source:vegetable-incl.-grains	9	NCBITaxon:1121906	Fructobacillus durionis DSM 19113	1
bacdive.isolation_source:vegetable-incl.-grains	10	NCBITaxon:1122147	Schleiferilactobacillus harbinensis DSM 16991	1
bacdive.isolation_source:vegetable-incl.-grains	11	NCBITaxon:1123721	Weissella koreensis KCTC 3621	1
bacdive.isolation_source:vegetable-incl.-grains	12	NCBITaxon:1129792	Weissella oryzae	1
bacdive.isolation_source:vegetable-incl.-grains	13	NCBITaxon:1230341	Salimicrobium jeotgali	1
bacdive.isolation_source:vegetable-incl.-grains	14	NCBITaxon:1242999	Enterococcus olivae	1
bacdive.isolation_source:vegetable-incl.-grains	15	NCBITaxon:1243002	Vibrio olivae	1
bacdive.isolation_source:vegetable-incl.-grains	16	NCBITaxon:1245	Leuconostoc mesenteroides	1
bacdive.isolation_source:vegetable-incl.-grains	17	NCBITaxon:1262554	Garicola koreensis	1
bacdive.isolation_source:vegetable-incl.-grains	18	NCBITaxon:1281486	Lactococcus formosensis	1
bacdive.isolation_source:vegetable-incl.-grains	19	NCBITaxon:1291743	Secundilactobacillus oryzae JCM 18671	1
bacdive.isolation_source:vegetable-incl.-grains	20	NCBITaxon:1296537	Enterococcus xiangfangensis	1
bacdive.isolation_source:vegetable-incl.-grains	21	NCBITaxon:1296538	Lactiplantibacillus mudanjiangensis	1
bacdive.isolation_source:vegetable-incl.-grains	22	NCBITaxon:137591	Weissella cibaria	1
bacdive.isolation_source:vegetable-incl.-grains	23	NCBITaxon:1423	Bacillus subtilis	1
bacdive.isolation_source:vegetable-incl.-grains	24	NCBITaxon:1423731	Liquorilactobacillus capillatus DSM 19910	1
bacdive.isolation_source:vegetable-incl.-grains	25	NCBITaxon:1423808	Lentilactobacillus sunkii DSM 19904	1
bacdive.isolation_source:waste	1	NCBITaxon:303	Pseudomonas putida	9
bacdive.isolation_source:waste	2	NCBITaxon:1830	Rhodococcus ruber	8
bacdive.isolation_source:waste	3	NCBITaxon:306	Pseudomonas sp.	8
bacdive.isolation_source:waste	4	NCBITaxon:449973	Chelativorans multitrophicus	8
bacdive.isolation_source:waste	5	NCBITaxon:83263	Aminobacter aminovorans	8
bacdive.isolation_source:waste	6	NCBITaxon:1869227	bacterium	7
bacdive.isolation_source:waste	7	NCBITaxon:198437	uncultured Gordonia sp.	7
bacdive.isolation_source:waste	8	NCBITaxon:294	Pseudomonas fluorescens	7
bacdive.isolation_source:waste	9	NCBITaxon:885	Desulfovibrio sp.	7
bacdive.isolation_source:waste	10	NCBITaxon:28220	Allobrachymonas denitrificans	6
bacdive.isolation_source:waste	11	NCBITaxon:285	Comamonas testosteroni	6
bacdive.isolation_source:waste	12	NCBITaxon:83428	uncultured Bacillus sp.	6
bacdive.isolation_source:waste	13	NCBITaxon:117506	Comamonas denitrificans	5
bacdive.isolation_source:waste	14	NCBITaxon:1506	Clostridium sp.	5
bacdive.isolation_source:waste	15	NCBITaxon:1871047	Chryseobacterium sp.	5
bacdive.isolation_source:waste	16	NCBITaxon:1876	Micromonospora sp.	5
bacdive.isolation_source:waste	17	NCBITaxon:2209	Methanosarcina mazei	5
bacdive.isolation_source:waste	18	NCBITaxon:44753	Tsukamurella spumae	5
bacdive.isolation_source:waste	19	NCBITaxon:1626	Lacticaseibacillus sharpeae	4
bacdive.isolation_source:waste	20	NCBITaxon:1667	Arthrobacter sp.	4
bacdive.isolation_source:waste	21	NCBITaxon:1872122	Acidovorax sp.	4
bacdive.isolation_source:waste	22	NCBITaxon:190721	Ralstonia insidiosa	4
bacdive.isolation_source:waste	23	NCBITaxon:28214	Sphingomonas sp.	4
bacdive.isolation_source:waste	24	NCBITaxon:51671	Microbacterium sp.	4
bacdive.isolation_source:waste	25	NCBITaxon:529	Brucella anthropi	4
bacdive.isolation_source:waste-gas	1	NCBITaxon:1667	Arthrobacter sp.	3
bacdive.isolation_source:waste-gas	2	NCBITaxon:53408	Pseudomonas citronellolis	2
bacdive.isolation_source:waste-gas	3	NCBITaxon:1123024	Pseudonocardia asaccharolytica DSM 44247 = NBRC 16224	1
bacdive.isolation_source:waste-gas	4	NCBITaxon:1223541	Gordonia hydrophobica NBRC 16057	1
bacdive.isolation_source:waste-gas	5	NCBITaxon:1720	Corynebacterium sp.	1
bacdive.isolation_source:waste-gas	6	NCBITaxon:1871044	Clavibacter sp.	1
bacdive.isolation_source:waste-gas	7	NCBITaxon:1871047	Chryseobacterium sp.	1
bacdive.isolation_source:waste-gas	8	NCBITaxon:1871616	Dietzia sp.	1
bacdive.isolation_source:waste-gas	9	NCBITaxon:1872122	Acidovorax sp.	1
bacdive.isolation_source:waste-gas	10	NCBITaxon:2164	Methanobacterium sp.	1
bacdive.isolation_source:waste-gas	11	NCBITaxon:306	Pseudomonas sp.	1
bacdive.isolation_source:waste-gas	12	NCBITaxon:361	Agrobacterium sp.	1
bacdive.isolation_source:waste-gas	13	NCBITaxon:469547	Aquamicrobium segne	1
bacdive.isolation_source:waste-gas	14	NCBITaxon:469551	Aquamicrobium ahrensii	1
bacdive.isolation_source:waste-gas	15	NCBITaxon:53463	Paracoccus solventivorans	1
bacdive.isolation_source:waste-gas	16	NCBITaxon:65735	Paracoccus alkenifer	1
bacdive.isolation_source:waste-gas	17	NCBITaxon:680375	Desulfonatronum alkalitolerans	1
bacdive.isolation_source:water-treatment-plant	1	NCBITaxon:1830	Rhodococcus ruber	5
bacdive.isolation_source:water-treatment-plant	2	NCBITaxon:44753	Tsukamurella spumae	5
bacdive.isolation_source:water-treatment-plant	3	NCBITaxon:303	Pseudomonas putida	4
bacdive.isolation_source:water-treatment-plant	4	NCBITaxon:285	Comamonas testosteroni	3
bacdive.isolation_source:water-treatment-plant	5	NCBITaxon:529	Brucella anthropi	3
bacdive.isolation_source:water-treatment-plant	6	NCBITaxon:82367	Paracoccus pantotrophus	3
bacdive.isolation_source:water-treatment-plant	7	NCBITaxon:103817	Janibacter terrae	2
bacdive.isolation_source:water-treatment-plant	8	NCBITaxon:13243	Rarobacter faecitabidus	2
bacdive.isolation_source:water-treatment-plant	9	NCBITaxon:1506	Clostridium sp.	2
bacdive.isolation_source:water-treatment-plant	10	NCBITaxon:374858	Zoogloea caeni	2
bacdive.isolation_source:water-treatment-plant	11	NCBITaxon:449973	Chelativorans multitrophicus	2
bacdive.isolation_source:water-treatment-plant	12	NCBITaxon:80866	Delftia acidovorans	2
bacdive.isolation_source:water-treatment-plant	13	NCBITaxon:82	Hyphomicrobium sp.	2
bacdive.isolation_source:water-treatment-plant	14	NCBITaxon:83428	uncultured Bacillus sp.	2
bacdive.isolation_source:water-treatment-plant	15	NCBITaxon:1007097	Gordonia caeni	1
bacdive.isolation_source:water-treatment-plant	16	NCBITaxon:1007098	Deinococcus daejeonensis	1
bacdive.isolation_source:water-treatment-plant	17	NCBITaxon:1032	Thiothrix sp.	1
bacdive.isolation_source:water-treatment-plant	18	NCBITaxon:1046556	Nocardioides daejeonensis	1
bacdive.isolation_source:water-treatment-plant	19	NCBITaxon:1054034	Arcobacter cloacae	1
bacdive.isolation_source:water-treatment-plant	20	NCBITaxon:106649	Acinetobacter guillouiae	1
bacdive.isolation_source:water-treatment-plant	21	NCBITaxon:1078050	Seleniivibrio woodruffii	1
bacdive.isolation_source:water-treatment-plant	22	NCBITaxon:1120925	Acinetobacter bouvetii DSM 14964 = CIP 107468	1
bacdive.isolation_source:water-treatment-plant	23	NCBITaxon:1120926	Acinetobacter gerneri DSM 14967 = CIP 107464 = MTCC 9824	1
bacdive.isolation_source:water-treatment-plant	24	NCBITaxon:1120927	Acinetobacter tandoii DSM 14970 = CIP 107469	1
bacdive.isolation_source:water-treatment-plant	25	NCBITaxon:1120928	Acinetobacter tjernbergiae DSM 14971 = CIP 107465	1
bacdive.isolation_source:wetland-swamp	1	NCBITaxon:184914	Corallococcus coralloides	7
bacdive.isolation_source:wetland-swamp	2	NCBITaxon:54	Nannocystis exedens	4
bacdive.isolation_source:wetland-swamp	3	NCBITaxon:83428	uncultured Bacillus sp.	4
bacdive.isolation_source:wetland-swamp	4	NCBITaxon:150053	Yersinia enterocolitica subsp. palearctica	3
bacdive.isolation_source:wetland-swamp	5	NCBITaxon:2	Bacteria	3
bacdive.isolation_source:wetland-swamp	6	NCBITaxon:382514	Telmatospirillum siberiense	3
bacdive.isolation_source:wetland-swamp	7	NCBITaxon:83453	Melittangium boletus	3
bacdive.isolation_source:wetland-swamp	8	NCBITaxon:1267	Sarcina ventriculi	2
bacdive.isolation_source:wetland-swamp	9	NCBITaxon:56	Sorangium cellulosum	2
bacdive.isolation_source:wetland-swamp	10	NCBITaxon:1066	Rhodocyclus tenuis	1
bacdive.isolation_source:wetland-swamp	11	NCBITaxon:1069	Rhodomicrobium vannielii	1
bacdive.isolation_source:wetland-swamp	12	NCBITaxon:1069475	Arthrobacter paludis	1
bacdive.isolation_source:wetland-swamp	13	NCBITaxon:1082	Magnetospirillum fulvum	1
bacdive.isolation_source:wetland-swamp	14	NCBITaxon:1108595	Chromobacterium vaccinii	1
bacdive.isolation_source:wetland-swamp	15	NCBITaxon:1117702	Novosphingobium fuchskuhlense	1
bacdive.isolation_source:wetland-swamp	16	NCBITaxon:1117703	Novosphingobium aquaticum (ex Glaeser et al. 2013)	1
bacdive.isolation_source:wetland-swamp	17	NCBITaxon:1118379	Mycolicibacter minnesotensis	1
bacdive.isolation_source:wetland-swamp	18	NCBITaxon:1121022	Asticcacaulis benevestitus DSM 16100 = ATCC BAA-896	1
bacdive.isolation_source:wetland-swamp	19	NCBITaxon:1121291	Clostridium acidisoli DSM 12555	1
bacdive.isolation_source:wetland-swamp	20	NCBITaxon:1121343	Clostridium uliginosum DSM 12992	1
bacdive.isolation_source:wetland-swamp	21	NCBITaxon:1122133	Kaistia soli DSM 19436	1
bacdive.isolation_source:wetland-swamp	22	NCBITaxon:1122612	Novosphingobium acidiphilum DSM 19966	1
bacdive.isolation_source:wetland-swamp	23	NCBITaxon:1122928	Paludibacterium yongneupense DSM 18731	1
bacdive.isolation_source:wetland-swamp	24	NCBITaxon:1122946	Pelobacter seleniigenes DSM 18267	1
bacdive.isolation_source:wetland-swamp	25	NCBITaxon:1123043	Telmatocola sphagniphila	1
bacdive.isolation_source:wilt	1	NCBITaxon:2035	Curtobacterium flaccumfaciens	1
bacdive.isolation_source:wilt	2	NCBITaxon:47879	Pseudomonas corrugata	1
bacdive.isolation_source:wilt	3	NCBITaxon:554	Pectobacterium carotovorum	1
bacdive.isolation_source:xerophilic	1	NCBITaxon:1137988	Geodermatophilus tzadiensis	3
bacdive.isolation_source:xerophilic	2	NCBITaxon:1309411	Deinococcus soli (ex Cha et al. 2016)	2
bacdive.isolation_source:xerophilic	3	NCBITaxon:310783	Deinococcus deserti	2
bacdive.isolation_source:xerophilic	4	NCBITaxon:531938	Lentzea atacamensis	2
bacdive.isolation_source:xerophilic	5	NCBITaxon:1121481	Dyadobacter alkalitolerans DSM 23607	1
bacdive.isolation_source:xerophilic	6	NCBITaxon:1128665	Lentzea nigeriaca	1
bacdive.isolation_source:xerophilic	7	NCBITaxon:1128670	Microvirga makkahensis	1
bacdive.isolation_source:xerophilic	8	NCBITaxon:1128671	Microvirga arabica	1
bacdive.isolation_source:xerophilic	9	NCBITaxon:1137989	Geodermatophilus normandii	1
bacdive.isolation_source:xerophilic	10	NCBITaxon:1137990	Geodermatophilus arenarius	1
bacdive.isolation_source:xerophilic	11	NCBITaxon:1137991	Geodermatophilus siccatus	1
bacdive.isolation_source:xerophilic	12	NCBITaxon:1137993	Geodermatophilus africanus	1
bacdive.isolation_source:xerophilic	13	NCBITaxon:1137994	Geodermatophilus saharensis	1
bacdive.isolation_source:xerophilic	14	NCBITaxon:1187852	Methylobacterium tarhaniae	1
bacdive.isolation_source:xerophilic	15	NCBITaxon:1231184	Nitratireductor kimnyeongensis KY 101	1
bacdive.isolation_source:xerophilic	16	NCBITaxon:1236548	Bacillus inaquosorum KCTC 13429	1
bacdive.isolation_source:xerophilic	17	NCBITaxon:1296565	Geodermatophilus amargosae	1
bacdive.isolation_source:xerophilic	18	NCBITaxon:1408191	Corynebacterium deserti	1
bacdive.isolation_source:xerophilic	19	NCBITaxon:145996	Kibdelosporangium aridum subsp. largum	1
bacdive.isolation_source:xerophilic	20	NCBITaxon:1470180	Prauserella isguenensis	1
bacdive.isolation_source:xerophilic	21	NCBITaxon:1476996	Arthrobacter liuii	1
bacdive.isolation_source:xerophilic	22	NCBITaxon:1651218	Delftia deserti	1
bacdive.isolation_source:xerophilic	23	NCBITaxon:1716141	Streptomyces jeddahensis	1
bacdive.isolation_source:xerophilic	24	NCBITaxon:1742686	Paractinoplanes deserti	1
bacdive.isolation_source:xerophilic	25	NCBITaxon:1742687	Arthrobacter deserti	1
bacdive.isolation_source:xerophytic	1	NCBITaxon:56	Sorangium cellulosum	3
bacdive.isolation_source:xerophytic	2	NCBITaxon:1756185	Nocardioides opuntiae	1
bacdive.isolation_source:xerophytic	3	NCBITaxon:184914	Corallococcus coralloides	1
bacdive.isolation_source:xerophytic	4	NCBITaxon:54	Nannocystis exedens	1
bacdive.isolation_source:xerophytic	5	NCBITaxon:69221	Pectobacterium cacticida	1
bacdive.isolation_source:xerophytic	6	NCBITaxon:71864	Herpetosiphon sp.	1
