study_gold_id	path_count	paths
Gs0000001	1	Host-associated > Fungi > Mycelium
Gs0000103	2	Engineered > Solid waste > Bio- and green waste (BGW) > Composting|Engineered > Solid waste > Green waste > Composting
Gs0003616	1	Environmental > Aquatic > Freshwater > Sediment
Gs0003668	1	Engineered > Modeled > Simulated communities (microbial mixture)
Gs0011981	3	Host-associated > Fungi > Mycelium|Host-associated > Plants > Phyllosphere|Host-associated > Plants > Phyllosphere > Phylloplane/Leaf
Gs0014612	1	Environmental > Terrestrial > Soil > Temperate forest > Bulk soil
Gs0015260	1	Host-associated > Microbial > Bacteria
Gs0017323	1	Host-associated > Fungi > Lichen
Gs0017769	2	Environmental > Aquatic > Freshwater > Wetlands > Sediment|Environmental > Aquatic > Marine > Wetlands > Sediment
Gs0019084	1	Environmental > Aquatic > Marine > Oceanic
Gs0019863	2	Host-associated > Algae > Red algae|Host-associated > Algae > Red algae > Blade
Gs0033970	1	Host-associated > Mammals > Digestive system > Stomach > Rumen
Gs0034306	2	Host-associated > Annelida|Host-associated > Annelida > Digestive system
Gs0045009	2	Engineered > WWTP > Activated sludge|Engineered > Wastewater > Nutrient removal > Biological phosphorus removal > Bioreactor
Gs0045062	1	Host-associated > Mammals > Digestive system > Large intestine > Cecum
Gs0045077	1	Environmental > Terrestrial > Soil
Gs0045078	1	Host-associated > Birds > Digestive system > Large intestine > Ceca
Gs0045079	1	Host-associated > Mammals > Digestive system > Stomach > Rumen
Gs0045083	1	Environmental > Aquatic > Marine > Fjord
Gs0045084	2	Host-associated > Fish > Digestive system > Intestine|Host-associated > Fish > Integumentary system > Skin > Epidermal mucus
Gs0045085	2	Environmental > Aquatic > Non-marine Saline and Alkaline > Salt crystallizer ponds > Microbial mats|Environmental > Aquatic > Non-marine Saline and Alkaline > Salt crystallizer ponds > Saline water
Gs0045086	3	Environmental > Aquatic > Aquaculture|Environmental > Aquatic > Freshwater > Lentic|Environmental > Aquatic > Freshwater > Lentic > Limnetic zone
Gs0045133	1	Environmental > Aquatic > Freshwater > Lentic
Gs0045171	1	Environmental > Aquatic > Thermal springs > Warm (34-42C) > Neutral
Gs0045187	1	Environmental > Aquatic > Marine
Gs0045192	1	Environmental > Aquatic > Thermal springs > Hot (42-90C)
Gs0045205	1	Environmental > Terrestrial > Rock-dwelling (subaerial biofilms)
Gs0045212	2	Environmental > Aquatic > Thermal springs > Hot (42-90C)|Environmental > Aquatic > Thermal springs > Hot (42-90C) > Microbial mats
Gs0045231	1	Environmental > Aquatic > Non-marine Saline and Alkaline > Hypersaline
Gs0045248	2	Engineered > Solid waste > Grass > Composting > Bioreactor|Environmental > Terrestrial > Soil > Tropical rainforest
Gs0045251	2	Environmental > Aquatic > Freshwater > Groundwater|Environmental > Aquatic > Freshwater > Groundwater > Coalbed water
Gs0045254	1	Engineered > Wastewater > Nutrient removal > Nitrogen removal > Anammox
Gs0045295	2	Engineered > Bioremediation > Tetrachloroethylene and derivatives > Chloroethene > Bioreactor|Environmental > Terrestrial > Soil > Loam > Contaminated
Gs0045297	2	Environmental > Aquatic > Thermal springs > Hot (42-90C)|Environmental > Aquatic > Thermal springs > Hot (42-90C) > Acidic
Gs0045309	1	Environmental > Aquatic > Marine > Oceanic
Gs0045310	2	Environmental > Terrestrial > Nest > Insects nest > Fungus garden/Fungus gallery|Environmental > Terrestrial > Nest > Insects nest > Nest dump
Gs0045311	1	Environmental > Aquatic > Marine > Oceanic > Sediment
Gs0045327	1	Host-associated > Arthropoda: Insects > Digestive system > Hindgut > Paunch/P3 segment
Gs0045332	1	Host-associated > Arthropoda: Insects > Digestive system > Hindgut > Paunch/P3 segment
Gs0045353	1	Host-associated > Protists > Dinoflagellates
Gs0045377	1	Host-associated > Arthropoda: Crustaceans > Whole body
Gs0045378	1	Environmental > Aquatic > Marine > Oceanic > Photic zone
Gs0045390	1	Environmental > Terrestrial > Soil > Loam > Contaminated
Gs0045395	1	Host-associated > Mammals > Digestive system > Large intestine > Fecal
Gs0045396	1	Host-associated > Protists > Excavata > Parabasalids > Anaerobic
Gs0045398	2	Environmental > Terrestrial > Soil > Agricultural land > Bulk soil|Host-associated > Plants > Roots > Rhizosphere > Soil
Gs0045401	1	Host-associated > Mammals: Human > Digestive system > Large intestine > Fecal
Gs0045405	1	Host-associated > Mammals: Human > Digestive system > Large intestine > Fecal
Gs0045457	1	Host-associated > Mammals > Digestive system > Large intestine > Fecal
Gs0045458	1	Environmental > Aquatic > Freshwater > Groundwater > Cave water
Gs0045460	1	Environmental > Aquatic > Freshwater > Ice > Glacier
Gs0045481	1	Environmental > Aquatic > Marine > Oceanic > Photic zone
Gs0045482	3	Engineered > Wastewater > Nutrient removal > Dissolved organics (aerobic) > Activated sludge|Engineered > Wastewater > Nutrient removal > Dissolved organics (anaerobic)|Engineered > Wastewater > Nutrient removal > Dissolved organics (anaerobic) > Activated sludge
Gs0045483	2	Environmental > Aquatic > Marine > Neritic zone/Coastal water|Environmental > Aquatic > Marine > Neritic zone/Coastal water > Sediment
Gs0045485	1	Environmental > Aquatic > Thermal springs > Hot (42-90C) > Sediment
Gs0045486	1	Environmental > Aquatic > Marine > Archipelago > Sediment
Gs0045514	1	Environmental > Terrestrial > Nest > Insects nest > Fungus garden/Fungus gallery
Gs0045515	1	Environmental > Terrestrial > Nest > Insects nest > Fungus garden/Fungus gallery
Gs0045516	1	Environmental > Terrestrial > Nest > Insects nest > Fungus garden/Fungus gallery
Gs0045518	1	Environmental > Terrestrial > Nest > Insects nest > Fungus garden/Fungus gallery
Gs0045521	1	Environmental > Terrestrial > Nest > Insects nest > Fungus garden/Fungus gallery
Gs0045522	1	Host-associated > Arthropoda: Insects > Whole body
Gs0045526	1	Host-associated > Arthropoda: Insects > Digestive system > Gut
Gs0045532	1	Host-associated > Arthropoda: Insects > Digestive system > Gut
Gs0045552	1	Environmental > Aquatic > Freshwater > Lentic
Gs0045553	1	Engineered > Bioremediation > Tetrachloroethylene and derivatives > Tetrachloroethylene > Bioreactor
Gs0045617	3	Environmental > Aquatic > Marine > Oceanic|Environmental > Aquatic > Marine > Oceanic > Aphotic zone|Environmental > Aquatic > Marine > Oceanic > Sediment
Gs0045625	1	Environmental > Terrestrial > Nest > Insects nest > Nest dump
Gs0045634	3	Environmental > Terrestrial > Soil > Agricultural land|Host-associated > Plants > Roots > Rhizosphere|Host-associated > Plants > Roots > Rhizosphere > Soil
Gs0045710	1	Engineered > Wastewater > Nutrient removal > Biological phosphorus removal > Bioreactor
Gs0045711	1	Engineered > Wastewater > Nutrient removal > Biological phosphorus removal > Bioreactor
Gs0045762	1	Host-associated > Mammals: Human > Digestive system > Large intestine > Fecal
Gs0045765	2	Environmental > Terrestrial > Nest > Insects nest > Fungus garden/Fungus gallery|Host-associated > Arthropoda: Insects > Whole body
Gs0045767	1	Engineered > Biotransformation > Mixed alcohol bioreactor
Gs0045770	1	Environmental > Terrestrial > Soil > Permafrost
Gs0045774	1	Host-associated > Arthropoda: Insects > Whole body
Gs0045843	1	Environmental > Aquatic > Marine > Neritic zone/Coastal water > Sediment
Gs0045857	1	Host-associated > Mammals > Digestive system > Stomach > Rumen
Gs0045858	2	Environmental > Aquatic > Freshwater > Lotic|Environmental > Aquatic > Freshwater > River
Gs0045862	2	Environmental > Aquatic > Freshwater > Sinkhole|Environmental > Aquatic > Freshwater > Sinkhole > Microbial mats
Gs0045864	1	Environmental > Aquatic > Marine > Hydrothermal vents
Gs0045904	1	Host-associated > Mammals > Digestive system > Large intestine > Fecal
Gs0046037	1	Host-associated > Mammals: Human > Digestive system > Large intestine > Fecal
Gs0046043	1	Environmental > Terrestrial > Nest > Insects nest > Fungus garden/Fungus gallery
Gs0046044	1	Host-associated > Arthropoda: Insects > Digestive system > Hindgut
Gs0046108	1	Environmental > Aquatic > Marine > Oceanic
Gs0046152	1	Environmental > Aquatic > Freshwater > Drinking water
Gs0046156	1	Environmental > Aquatic > Freshwater > Storm water > Drainage pipe biofilm
Gs0046158	1	Environmental > Aquatic > Marine > Neritic zone/Coastal water
Gs0046169	2	Environmental > Aquatic > Non-marine Saline and Alkaline|Environmental > Aquatic > Thermal springs > Warm (34-42C) > Sediment
Gs0046171	1	Host-associated > Mammals > Digestive system > Stomach > Rumen
Gs0046183	1	Host-associated > Mammals > Digestive system > Stomach > Rumen
Gs0046201	1	Engineered > Bioreactor > Anaerobic
Gs0046208	1	Environmental > Terrestrial > Oil reservoir
Gs0046212	2	Environmental > Aquatic > Marine > Intertidal zone > Sediment|Environmental > Aquatic > Marine > Oceanic > Sediment
Gs0046224	1	Host-associated > Plants > Roots > Rhizosphere > Soil
Gs0046228	1	Host-associated > Mammals > Digestive system > Stomach > Rumen
Gs0046239	1	Environmental > Aquatic > Freshwater > Groundwater > Acid Mine Drainage
Gs0046245	1	Environmental > Aquatic > Thermal springs > Hot (42-90C)
Gs0046451	1	Engineered > Bioreactor > Anaerobic
Gs0046452	1	Host-associated > Mollusca > Shell
Gs0046453	2	Host-associated > Mammals: Human > Digestive system > Large intestine > Ascending colon|Host-associated > Mammals: Human > Digestive system > Large intestine > Descending colon
Gs0046478	1	Environmental > Terrestrial > Soil > Contaminated
Gs0046702	1	Environmental > Aquatic > Marine > Oceanic
Gs0046710	1	Environmental > Terrestrial > Soil > Grasslands
Gs0046711	2	Environmental > Terrestrial > Soil > Grasslands|Host-associated > Plants > Roots > Rhizosphere
Gs0046726	1	Host-associated > Plants > Roots > Rhizosphere
Gs0046755	1	Engineered > Food production > Fermented vegetables
Gs0046779	2	Environmental > Aquatic > Freshwater|Environmental > Aquatic > Freshwater > Lentic > Sediment
Gs0046783	1	Environmental > Aquatic > Thermal springs > Hot (42-90C) > Microbial mats
Gs0046784	4	Environmental > Aquatic > Marine > Hydrothermal vents|Environmental > Aquatic > Marine > Oceanic > Microbial mats|Host-associated > Annelida > Integument|Host-associated > Mollusca > Shell
Gs0046785	8	Environmental > Aquatic > Freshwater > Lake|Environmental > Aquatic > Marine|Environmental > Aquatic > Marine > Inlet|Environmental > Aquatic > Marine > Intertidal zone|Environmental > Aquatic > Marine > Oceanic|Environmental > Aquatic > Marine > Oceanic > Aphotic zone|Environmental > Aquatic > Marine > Oceanic > Photic zone|Environmental > Aquatic > Non-marine Saline and Alkaline > Saline
Gs0046786	2	Host-associated > Arthropoda: Insects > Digestive system > Hindgut|Host-associated > Arthropoda: Insects > Digestive system > Midgut
Gs0046788	1	Engineered > Modeled > Simulated communities (microbial mixture)
Gs0046796	1	Environmental > Aquatic > Marine > Oceanic
Gs0046801	1	Environmental > Aquatic > Marine > Hydrothermal vents
Gs0046804	1	Engineered > Modeled > Simulated communities (DNA mixture)
Gs0046820	1	Host-associated > Mammals: Human > Digestive system > Oral cavity > Attached/Keratinized gingiva
Gs0046822	1	Host-associated > Mammals: Human > Digestive system > Oral cavity > Saliva
Gs0046823	1	Host-associated > Mammals: Human > Digestive system > Oral cavity > Subgingival plaque
Gs0046824	1	Host-associated > Mammals: Human > Digestive system > Pharynx/Throat > Oropharynx
Gs0046825	1	Host-associated > Mammals: Human > Digestive system > Oral cavity > Tongue dorsum
Gs0046826	1	Host-associated > Mammals: Human > Lymphatic system > Tonsils > Palatine/Faucial
Gs0046851	1	Host-associated > Mammals > Digestive system > Stomach > Rumen
Gs0046884	1	Environmental > Aquatic > Freshwater
Gs0046933	1	Environmental > Terrestrial > Soil
Gs0046945	1	Environmental > Aquatic > Marine > Cold seeps
Gs0046962	1	Environmental > Aquatic > Marine > Hydrothermal vents
Gs0046965	1	Environmental > Aquatic > Freshwater > Microbialites
Gs0047064	1	Environmental > Terrestrial > Soil
Gs0047118	1	Host-associated > Mammals: Human > Respiratory system > Lung
Gs0047139	1	Host-associated > Mammals > Digestive system > Large intestine > Cecum
Gs0047140	1	Host-associated > Mammals > Digestive system > Large intestine > Cecum
Gs0047141	1	Host-associated > Mammals > Digestive system > Large intestine > Cecum
Gs0047142	1	Host-associated > Mammals > Digestive system > Large intestine > Cecum
Gs0047147	1	Environmental > Aquatic > Marine > Hydrothermal vents > Black smokers
Gs0047150	1	Engineered > Lab enrichment > Defined media > Marine media
Gs0047180	2	Engineered > Lab enrichment > Defined media > Aerobic media|Engineered > Solid waste > Zoo waste > Composting
Gs0047181	1	Host-associated > Mammals: Human > Digestive system > Large intestine > Fecal
Gs0047387	5	Environmental > Aquatic > Marine|Environmental > Aquatic > Marine > Intertidal zone|Environmental > Aquatic > Marine > Intertidal zone > Estuary|Environmental > Aquatic > Marine > Intertidal zone > Sediment|Environmental > Aquatic > Sediment
Gs0047440	1	Environmental > Aquatic > Freshwater > Lake
Gs0047444	14	Engineered > Bioremediation > Persistent organic pollutants (POP) > Polycyclic aromatic hydrocarbons|Engineered > Biotransformation > Microbial solubilization of coal|Engineered > Built environment > Tailings pond > Petrochemical|Engineered > Built environment > Tailings pond > Petrochemical > Wastewater|Engineered > Built environment > Tailings pond > Wastewater|Engineered > Lab enrichment > Defined media > Anaerobic media|Engineered > Wastewater > Industrial wastewater > Petrochemical|Environmental > Aquatic > Thermal springs > Tepid (25-34C) > Sediment|Environmental > Terrestrial > Asphalt lakes > Tar|Environmental > Terrestrial > Oil reservoir > Sediment|Environmental > Terrestrial > Soil|Environmental > Terrestrial > Soil > Peat > Bog|Environmental > Terrestrial > Soil > Peat > Fen|Environmental > Terrestrial > Soil > Sand > Oil-contaminated
Gs0047445	1	Environmental > Aquatic > Marine > Intertidal zone > Sediment
Gs0047452	1	Environmental > Terrestrial > Soil > Permafrost
Gs0047472	1	Engineered > Modeled > Simulated communities (sequence read mixture)
Gs0047475	2	Environmental > Aquatic > Marine > Oceanic|Host-associated > Mammals: Human > Digestive system > Large intestine > Fecal
Gs0047491	1	Environmental > Terrestrial > Soil > Agricultural land
Gs0047492	1	Environmental > Terrestrial > Soil > Agricultural land
Gs0047495	1	Environmental > Aquatic > Freshwater > Lake
Gs0047498	1	Host-associated > Arthropoda: Insects > Digestive system > Gut
Gs0047511	1	Engineered > Solid waste > Grass > Composting
Gs0047522	1	Environmental > Terrestrial > Rock-dwelling (subaerial biofilms)
Gs0047523	1	Host-associated > Mammals: Human > Digestive system > Large intestine > Fecal
Gs0047590	3	Host-associated > Algae > Red algae|Host-associated > Algae > Red algae > Ectosymbionts|Host-associated > Plants
Gs0048557	1	Host-associated > Arthropoda: Insects > Digestive system > Hindgut
Gs0049026	1	Environmental > Aquatic > Marine > Intertidal zone > Sediment
Gs0050523	2	Environmental > Aquatic > Marine > Intertidal zone > Oil-contaminated|Environmental > Aquatic > Marine > Oceanic > Oil-contaminated
Gs0050527	2	Environmental > Terrestrial > Soil > Sand|Environmental > Terrestrial > Soil > Silt
Gs0050620	1	Host-associated > Arthropoda: Insects > Digestive system > Gut
Gs0050867	4	Environmental > Aquatic > Marine > Oceanic|Environmental > Aquatic > Non-marine Saline and Alkaline > Hypersaline|Environmental > Aquatic > Non-marine Saline and Alkaline > Saline|Environmental > Aquatic > Non-marine Saline and Alkaline > Salt crystallizer ponds
Gs0050868	1	Environmental > Aquatic > Freshwater > Lentic
Gs0050891	1	Host-associated > Arthropoda: Insects > Whole body
Gs0050893	1	Engineered > Solid waste > Grass > Composting > Bioreactor
Gs0050918	2	Environmental > Aquatic > Freshwater > Wetlands|Environmental > Aquatic > Marine
Gs0050936	1	Host-associated > Mammals > Digestive system > Large intestine > Fecal
Gs0050939	3	Host-associated > Arthropoda: Insects > Digestive system > Gut|Host-associated > Arthropoda: Insects > Digestive system > Hindgut > Fecal|Host-associated > Arthropoda: Insects > Larva > Gut
Gs0050991	1	Environmental > Terrestrial > Soil > Contaminated
Gs0051017	1	Environmental > Aquatic > Freshwater > Groundwater
Gs0051041	1	Host-associated > Mammals > Digestive system > Large intestine > Fecal
Gs0051042	1	Host-associated > Mammals > Digestive system > Large intestine > Fecal
Gs0051051	1	Host-associated > Mammals: Human > Digestive system > Oral cavity > Saliva
Gs0051052	2	Environmental > Terrestrial > Soil|Environmental > Terrestrial > Soil > Agricultural land
Gs0051259	1	Host-associated > Mammals > Digestive system > Stomach > Rumen
Gs0051278	1	Engineered > Wastewater > Industrial wastewater
Gs0051352	1	Environmental > Aquatic > Marine > Intertidal zone > Sediment
Gs0051353	1	Host-associated > Arthropoda: Insects > Whole body
Gs0051396	1	Environmental > Terrestrial > Soil > Loam > Grasslands
Gs0051400	1	Environmental > Aquatic > Freshwater > Lentic > Epilimnion
Gs0053019	1	Environmental > Terrestrial > Soil > Clay > Contaminated
Gs0053025	1	Engineered > Lab enrichment
Gs0053029	1	Host-associated > Porifera
Gs0053050	1	Environmental > Aquatic > Marine > Oceanic
Gs0053051	1	Environmental > Aquatic > Marine > Oceanic
Gs0053052	1	Environmental > Aquatic > Marine > Intertidal zone > Estuary
Gs0053053	1	Engineered > Solid waste > Feedstock > Composting
Gs0053054	7	Environmental > Aquatic > Deep subsurface > Groundwater|Environmental > Aquatic > Deep subsurface > Groundwater > Contaminated|Environmental > Aquatic > Deep subsurface > Groundwater > Drilled well/Borehole|Environmental > Aquatic > Deep subsurface > Groundwater > Well sediment|Environmental > Terrestrial > Deep subsurface > Rock core/Sediment|Environmental > Terrestrial > Geologic > Sediment|Environmental > Terrestrial > Soil
Gs0053055	3	Environmental > Terrestrial > Soil > Agricultural land|Host-associated > Plants > Phyllosphere > Phylloplane/Leaf|Host-associated > Plants > Roots > Rhizosphere
Gs0053056	9	Environmental > Aquatic > Marine|Environmental > Aquatic > Marine > Coastal > Sediment|Environmental > Aquatic > Marine > Intertidal zone|Environmental > Aquatic > Marine > Intertidal zone > Salt pond sediment|Environmental > Aquatic > Marine > Intertidal zone > Sediment|Environmental > Aquatic > Marine > Oceanic > Oil-contaminated sediment|Environmental > Aquatic > Non-marine Saline and Alkaline|Environmental > Aquatic > Non-marine Saline and Alkaline > Saline|Environmental > Aquatic > Non-marine Saline and Alkaline > Saline > Sediment
Gs0053062	1	Environmental > Terrestrial > Deep subsurface
Gs0053063	3	Environmental > Terrestrial > Soil > Boreal forest/Taiga|Environmental > Terrestrial > Soil > Grasslands|Environmental > Terrestrial > Soil > Temperate forest
Gs0053064	2	Environmental > Terrestrial > Soil > Temperate forest > Bulk soil|Host-associated > Plants > Roots > Rhizosphere > Soil
Gs0053068	5	Environmental > Aquatic > Freshwater > Lake|Environmental > Aquatic > Freshwater > Lentic|Environmental > Aquatic > Freshwater > Lentic > Epilimnion|Environmental > Aquatic > Freshwater > Lentic > Hypolimnion|Environmental > Aquatic > Freshwater > Lentic > Sediment
Gs0053069	1	Host-associated > Plants > Roots > Rhizosphere
Gs0053071	1	Environmental > Terrestrial > Soil > Wetlands > Peat
Gs0053073	7	Environmental > Terrestrial > Soil|Environmental > Terrestrial > Soil > Loam > Grasslands|Host-associated > Plants > Roots|Host-associated > Plants > Roots > Endosphere|Host-associated > Plants > Roots > Rhizoplane > Endophytes|Host-associated > Plants > Roots > Rhizosphere|Host-associated > Plants > Roots > Rhizosphere > Soil
Gs0053074	2	Environmental > Aquatic > Marine|Environmental > Aquatic > Marine > Oceanic
Gs0053075	3	Environmental > Aquatic > Freshwater > Ice|Environmental > Terrestrial > Soil > Desert|Environmental > Terrestrial > Soil > Sand > Desert
Gs0053077	2	Environmental > Terrestrial > Soil > Grasslands|Environmental > Terrestrial > Soil > Loam > Grasslands
Gs0053102	1	Host-associated > Arthropoda: Insects > Digestive system > Hindgut
Gs0053113	1	Host-associated > Mammals > Digestive system > Stomach > Rumen
Gs0053258	1	Engineered > Food production > Fermented beverages
Gs0053288	3	Environmental > Aquatic > Freshwater > Groundwater|Environmental > Aquatic > Freshwater > Groundwater > Acid Mine Drainage|Environmental > Aquatic > Freshwater > Groundwater > Mine drainage
Gs0054916	2	Environmental > Aquatic > Thermal springs|Environmental > Aquatic > Thermal springs > Hot (42-90C)
Gs0054941	1	Environmental > Aquatic > Freshwater > Lotic
Gs0054947	1	Environmental > Aquatic > Marine > Intertidal zone > Microbialites
Gs0054948	1	Host-associated > Arthropoda: Insects > Digestive system > Hindgut > Paunch/P3 segment
Gs0054992	1	Engineered > Biotransformation > Microbial enhanced oil recovery
Gs0055699	1	Environmental > Aquatic > Marine
Gs0055706	1	Environmental > Terrestrial > Soil
Gs0055710	1	Host-associated > Mammals: Human > Digestive system > Large intestine > Fecal
Gs0055711	1	Host-associated > Mammals: Human > Digestive system > Large intestine > Fecal
Gs0055712	1	Environmental > Aquatic > Marine > Intertidal zone > Beach/Shore
Gs0055713	1	Host-associated > Annelida > Integument > Cuticle > Epibionts
Gs0055715	1	Environmental > Aquatic > Marine > Oceanic
Gs0055716	6	Environmental > Aquatic > Marine > Intertidal zone|Environmental > Aquatic > Marine > Intertidal zone > Coral reef|Environmental > Aquatic > Marine > Oceanic|Environmental > Aquatic > Non-marine Saline and Alkaline > Hypersaline|Environmental > Aquatic > Non-marine Saline and Alkaline > Saline|Environmental > Aquatic > Non-marine Saline and Alkaline > Saline > Thalassic
Gs0055717	1	Environmental > Terrestrial > Soil > Agricultural land
Gs0055718	1	Environmental > Aquatic > Marine > Fossil > Whale fall
Gs0055719	1	Engineered > Modeled > Simulated communities (sequence read mixture) > Sanger
Gs0055721	1	Environmental > Terrestrial > Soil > Clay > Contaminated
Gs0055724	2	Environmental > Aquatic > Marine > Intertidal zone|Environmental > Aquatic > Marine > Intertidal zone > Coral reef
Gs0055726	1	Environmental > Aquatic > Marine > Intertidal zone > Microbialites
Gs0055728	1	Host-associated > Invertebrates > Cnidaria
Gs0055729	2	Host-associated > Arthropoda: Insects > Digestive system > Gut|Host-associated > Arthropoda: Insects > Whole body
Gs0055731	1	Host-associated > Mammals: Human > Respiratory system > Sputum/Phlegm
Gs0055735	2	Engineered > Bioreactor > EBPR > Anaerobic-Aerobic > Sludge|Engineered > Wastewater > Nutrient removal > Biological phosphorus removal > Bioreactor
Gs0055737	2	Environmental > Air > Indoor Air|Environmental > Air > Outdoor Air
Gs0055738	1	Environmental > Aquatic > Freshwater > Lentic > Sediment
Gs0055739	1	Environmental > Aquatic > Thermal springs > Hot (42-90C)
Gs0055743	1	Host-associated > Mammals: Human > Digestive system > Oral cavity > Periodontal pockets
Gs0055744	1	Environmental > Aquatic > Non-marine Saline and Alkaline > Salt crystallizer ponds > Microbial mats
Gs0055745	1	Host-associated > Mammals: Human > Digestive system > Large intestine > Fecal
Gs0055748	1	Host-associated > Mammals: Human > Digestive system > Large intestine > Fecal
Gs0055749	1	Environmental > Aquatic > Marine > Intertidal zone > Sediment
Gs0055751	1	Environmental > Terrestrial > Soil > Fossil
Gs0055752	1	Environmental > Aquatic > Marine > Neritic zone/Coastal water
Gs0056599	1	Host-associated > Annelida > Integument
Gs0056600	1	Environmental > Terrestrial > Soil > Clay > Contaminated
Gs0056601	2	Environmental > Aquatic > Marine > Neritic zone/Coastal water|Environmental > Aquatic > Marine > Oceanic > Photic zone
Gs0056603	1	Environmental > Aquatic > Marine > Neritic zone/Coastal water
Gs0056604	1	Host-associated > Mammals: Human > Digestive system > Oral cavity
Gs0056608	1	Environmental > Aquatic > Thermal springs > Hot (42-90C)
Gs0056616	1	Environmental > Aquatic > Freshwater > Drinking water > Delivery networks
Gs0056617	3	Environmental > Aquatic > Marine > Oceanic > Abyssal plane|Environmental > Aquatic > Marine > Oceanic > Aphotic zone|Environmental > Aquatic > Marine > Oceanic > Photic zone
Gs0056618	1	Environmental > Aquatic > Freshwater > Groundwater > Mine
Gs0056620	1	Host-associated > Plants > Roots > Endosphere
Gs0056621	1	Engineered > Bioremediation > Hydrocarbon > Benzene > Bioreactor
Gs0056622	1	Engineered > Bioremediation > Tetrachloroethylene and derivatives > Chloroethene > Bioreactor
Gs0056623	1	Engineered > Wastewater > Nutrient removal > Dissolved organics (aerobic) > Activated sludge
Gs0056624	1	Environmental > Aquatic > Marine > Intertidal zone
Gs0056628	1	Engineered > Solid waste > Wood > Composting > Bioreactor
Gs0056629	1	Host-associated > Arthropoda: Insects > Larva > Gut
Gs0056632	1	Host-associated > Mammals > Digestive system > Stomach > Forestomach
Gs0056633	1	Environmental > Terrestrial > Soil > Fossil
Gs0056634	1	Environmental > Terrestrial > Soil > Fossil
Gs0056635	1	Environmental > Aquatic > Thermal springs > Hot (42-90C)
Gs0056639	1	Host-associated > Mammals > Digestive system > Large intestine > Cecum
Gs0056641	1	Host-associated > Mammals: Human > Digestive system > Large intestine > Fecal
Gs0056643	1	Host-associated > Mammals: Human > Digestive system > Large intestine > Fecal
Gs0056644	1	Environmental > Aquatic > Marine > Intertidal zone
Gs0056645	1	Environmental > Aquatic > Marine > Cold seeps
Gs0056646	1	Environmental > Aquatic > Non-marine Saline and Alkaline > Salt crystallizer ponds > Microbial mats
Gs0056647	1	Environmental > Aquatic > Marine > Oceanic
Gs0056648	2	Environmental > Aquatic > Freshwater > Groundwater|Environmental > Aquatic > Freshwater > Groundwater > Contaminated
Gs0056652	4	Engineered > Bioremediation > Terephthalate > Wastewater|Engineered > Bioremediation > Terephthalate > Wastewater > Activated sludge|Engineered > Bioremediation > Terephthalate > Wastewater > Bioreactor|Engineered > Wastewater > Industrial wastewater
Gs0056653	2	Host-associated > Arthropoda: Insects > Digestive system > Gut|Host-associated > Arthropoda: Insects > Digestive system > Hindgut > Paunch/P3 segment
Gs0056655	2	Environmental > Aquatic > Marine > Oceanic|Environmental > Aquatic > Marine > Oceanic > Photic zone
Gs0058577	1	Environmental > Aquatic > Thermal springs > Hot (42-90C) > Alkaline
Gs0058578	1	Environmental > Aquatic > Marine > Oceanic > Photic zone
Gs0058579	1	Environmental > Aquatic > Marine > Oceanic
Gs0058624	1	Environmental > Aquatic > Marine > Oceanic
Gs0058635	1	Engineered > Wastewater > Nutrient removal > Dissolved organics (aerobic) > Activated sludge
Gs0058665	1	Environmental > Aquatic > Marine
Gs0058667	1	Environmental > Aquatic > Non-marine Saline and Alkaline > Saline > Athalassic
Gs0058670	3	Environmental > Aquatic > Non-marine Saline and Alkaline > Saline|Environmental > Aquatic > Non-marine Saline and Alkaline > Saline > Epilimnion|Environmental > Aquatic > Non-marine Saline and Alkaline > Saline > Sediment
Gs0059069	1	Host-associated > Invertebrates > Cnidaria
Gs0059070	2	Environmental > Aquatic > Marine|Environmental > Aquatic > Marine > Oceanic
Gs0059071	1	Environmental > Aquatic > Marine
Gs0059072	1	Engineered > Solid waste
Gs0059073	1	Engineered > WWTP > Wastewater
Gs0059074	1	Environmental > Terrestrial > Soil > Agricultural land
Gs0059646	2	Environmental > Terrestrial > Soil|Environmental > Terrestrial > Soil > Sand > Desert
Gs0059653	1	Host-associated > Mammals: Human > Digestive system > Large intestine > Fecal
Gs0059655	1	Host-associated > Mammals: Human > Digestive system > Large intestine > Fecal
Gs0059657	1	Host-associated > Mammals: Human > Digestive system > Large intestine > Fecal
Gs0059660	1	Environmental > Aquatic > Freshwater > Lentic > Limnetic zone
Gs0059808	1	Environmental > Aquatic > Freshwater > Lentic > Limnetic zone
Gs0059810	1	Host-associated > Mammals > Digestive system > Stomach > Rumen
Gs0059811	1	Host-associated > Mammals > Digestive system > Stomach > Rumen
Gs0059812	1	Environmental > Aquatic > Marine > Oceanic
Gs0059813	2	Environmental > Aquatic > Marine > Intertidal zone > Microbialites|Environmental > Aquatic > Non-marine Saline and Alkaline > Saline
Gs0059817	1	Environmental > Terrestrial > Soil > Sand > Grasslands
Gs0059818	1	Environmental > Terrestrial > Soil > Sand
Gs0059819	1	Environmental > Aquatic > Marine > Oceanic > Photic zone
Gs0060780	1	Environmental > Terrestrial > Soil > Grasslands
Gs0060781	4	Host-associated > Mollusca > Digestive system|Host-associated > Mollusca > Digestive system > Ceca|Host-associated > Mollusca > Respiratory system > Gills|Host-associated > Mollusca > Respiratory system > Gills > Extracellular
Gs0060782	1	Environmental > Aquatic > Non-marine Saline and Alkaline > Saline
Gs0060783	1	Host-associated > Mammals > Digestive system > Large intestine > Cecum
Gs0060784	1	Host-associated > Invertebrates > Cnidaria
Gs0060785	1	Environmental > Aquatic > Marine > Oceanic
Gs0060786	1	Environmental > Aquatic > Freshwater > Microbialites
Gs0060787	1	Environmental > Aquatic > Non-marine Saline and Alkaline > Hypersaline
Gs0060788	1	Environmental > Aquatic > Non-marine Saline and Alkaline > Saline
Gs0060820	3	Environmental > Aquatic > Freshwater > Lake > Sediment|Environmental > Aquatic > Freshwater > Lentic|Environmental > Aquatic > Freshwater > Lentic > Sediment
Gs0060821	2	Host-associated > Annelida > Reproductive system > Egg capsule|Host-associated > Annelida > Reproductive system > Egg capsule > Extracellular
Gs0060822	1	Host-associated > Birds > Digestive system > Esophagus > Crop
Gs0060823	1	Environmental > Aquatic > Marine > Oceanic
Gs0060824	1	Environmental > Aquatic > Freshwater > Ice > Ice accretions
Gs0060825	1	Environmental > Aquatic > Marine > Hydrothermal vents > Sediment
Gs0060827	1	Host-associated > Plants > Roots > Rhizosphere > Soil
Gs0060828	3	Environmental > Aquatic > Marine > Intertidal zone|Environmental > Aquatic > Marine > Intertidal zone > Microbialites|Environmental > Aquatic > Non-marine Saline and Alkaline > Saline > Microbial mats
Gs0060830	4	Environmental > Aquatic > Freshwater > Lake|Environmental > Aquatic > Freshwater > Lake > Algal bloom|Environmental > Aquatic > Freshwater > Lentic|Environmental > Terrestrial > Soil > Loam > Grasslands
Gs0060831	1	Host-associated > Arthropoda: Insects > Digestive system > Gut
Gs0060837	3	Environmental > Aquatic > Thermal springs|Environmental > Aquatic > Thermal springs > Hot (42-90C)|Environmental > Aquatic > Thermal springs > Hot (42-90C) > Sediment
Gs0061989	1	Environmental > Aquatic > Marine > Oceanic
Gs0061991	1	Host-associated > Birds > Digestive system > Small intestine > Duodenum
Gs0061992	1	Environmental > Aquatic > Thermal springs > Hot (42-90C)
Gs0061993	1	Host-associated > Mammals: Human > Digestive system > Large intestine > Fecal
Gs0061994	1	Host-associated > Mammals: Human > Reproductive system > Vagina
Gs0061995	1	Host-associated > Mammals: Human > Digestive system > Large intestine > Fecal
Gs0061997	1	Environmental > Aquatic > Freshwater > Groundwater > Cave water
Gs0061998	1	Host-associated > Mammals > Digestive system > Stomach > Rumen
Gs0061999	1	Host-associated > Mammals > Integumentary system > Skin > Surface
Gs0062048	5	Environmental > Aquatic > Marine|Environmental > Aquatic > Marine > Oceanic|Environmental > Aquatic > Marine > Oceanic > Photic zone|Environmental > Aquatic > Non-marine Saline and Alkaline > Hypersaline|Environmental > Aquatic > Non-marine Saline and Alkaline > Saline
Gs0062049	1	Environmental > Aquatic > Marine > Hydrothermal vents
Gs0062050	1	Engineered > Wastewater > Nutrient removal > Dissolved organics (aerobic) > Activated sludge
Gs0062051	1	Environmental > Aquatic > Marine > Neritic zone/Coastal water
Gs0062052	1	Engineered > Bioreactor > Anaerobic
Gs0062053	1	Host-associated > Mammals: Human > Digestive system > Pharynx/Throat > Oropharynx
Gs0062054	1	Environmental > Terrestrial > Soil > Permafrost
Gs0062055	1	Environmental > Aquatic > Freshwater > Lentic > Sediment
Gs0063124	1	Environmental > Terrestrial > Soil > Permafrost
Gs0063140	1	Environmental > Aquatic > Marine > Oceanic > Photic zone
Gs0063141	2	Environmental > Terrestrial > Nest > Insects nest > Fungus garden/Fungus gallery|Environmental > Terrestrial > Nest > Insects nest > Nest dump
Gs0063142	1	Environmental > Terrestrial > Nest > Insects nest > Nest dump
Gs0063143	3	Environmental > Terrestrial > Nest > Insects nest > Fungus garden/Fungus gallery|Host-associated > Arthropoda: Insects > Larva|Host-associated > Arthropoda: Insects > Whole body
Gs0063146	1	Engineered > Bioremediation > Tetrachloroethylene and derivatives > Chloroethene > Bioreactor
Gs0063147	1	Host-associated > Mammals > Digestive system > Stomach > Rumen
Gs0063180	1	Environmental > Terrestrial > Nest > Insects nest > Fungus garden/Fungus gallery
Gs0063184	2	Environmental > Aquatic > Marine|Environmental > Aquatic > Marine > Oceanic > Oil-contaminated
Gs0063185	1	Environmental > Terrestrial > Soil > Contaminated > Uranium contaminated
Gs0063186	1	Host-associated > Mammals: Human > Respiratory system > Pharynx/Throat > Nasopharynx
Gs0063187	1	Engineered > Wastewater > Nutrient removal > Biological phosphorus removal > Activated sludge
Gs0063188	1	Environmental > Aquatic > Non-marine Saline and Alkaline > Near-boiling (>90C) > Alkaline
Gs0063259	1	Environmental > Aquatic > Freshwater > Lentic > Sediment
Gs0063260	1	Environmental > Aquatic > Freshwater > Lentic
Gs0063261	1	Environmental > Aquatic > Freshwater > Lentic
Gs0063269	1	Environmental > Aquatic > Marine > Oceanic
Gs0063270	1	Environmental > Aquatic > Marine > Oceanic
Gs0063271	1	Host-associated > Mammals: Human > Digestive system > Large intestine > Fecal
Gs0063272	1	Host-associated > Mammals > Nervous system > Brain
Gs0063335	1	Host-associated > Mammals > Digestive system > Large intestine > Cecum
Gs0063337	1	Environmental > Aquatic > Non-marine Saline and Alkaline > Saline
Gs0063342	3	Environmental > Aquatic > Freshwater > Lake|Environmental > Aquatic > Freshwater > Lentic|Environmental > Aquatic > Non-marine Saline and Alkaline > Saline
Gs0063434	1	Environmental > Aquatic > Freshwater
Gs0063438	2	Host-associated > Mollusca > Bivalves|Host-associated > Mollusca > Respiratory system > Gills > Extracellular
Gs0063439	3	Environmental > Aquatic > Non-marine Saline and Alkaline > Alkaline|Environmental > Aquatic > Non-marine Saline and Alkaline > Alkaline > Sediment|Environmental > Aquatic > Non-marine Saline and Alkaline > Lake > Brine
Gs0063440	1	Environmental > Aquatic > Marine > Neritic zone/Coastal water
Gs0063443	1	Environmental > Aquatic > Marine > Wetlands > Sediment
Gs0063444	4	Environmental > Aquatic > Freshwater > Lake|Environmental > Aquatic > Freshwater > Lake > Epilimnion/Euphotic zone|Environmental > Aquatic > Freshwater > Lake > Hypolimnion/Profundal zone|Environmental > Aquatic > Freshwater > Lentic
Gs0063445	3	Environmental > Terrestrial > Soil > Desert|Environmental > Terrestrial > Soil > Sand > Desert|Environmental > Terrestrial > Soil > Soil crust
Gs0063446	2	Environmental > Aquatic > Freshwater > Groundwater > Cave water|Environmental > Terrestrial > Deep subsurface > Cave > Wall biofilm
Gs0063447	3	Environmental > Aquatic > Marine > Intertidal zone > Estuary|Environmental > Aquatic > Marine > Intertidal zone > Sediment|Environmental > Aquatic > Marine > Wetlands > Sediment
Gs0063497	2	Environmental > Aquatic > Marine > Intertidal zone > Sediment|Environmental > Aquatic > Marine > Oceanic
Gs0063498	1	Host-associated > Mammals > Digestive system > Large intestine > Fecal
Gs0063499	2	Environmental > Aquatic > Marine > Intertidal zone > Sediment|Environmental > Aquatic > Marine > Oceanic
Gs0063501	2	Host-associated > Mammals: Human > Digestive system > Large intestine > Fecal|Host-associated > Mammals: Human > Respiratory system > Pharynx/Throat > Nasopharynx
Gs0063503	1	Environmental > Air > Outdoor Air
Gs0063505	1	Environmental > Aquatic > Marine > Hydrothermal vents
Gs0063509	1	Host-associated > Mammals: Human > Digestive system > Large intestine > Fecal
Gs0063510	1	Host-associated > Mammals > Remains > Fossilized remains > Tooth
Gs0063511	1	Environmental > Aquatic > Marine > Cold seeps
Gs0063569	1	Host-associated > Mammals: Human > Digestive system > Oral cavity > Saliva
Gs0063570	2	Environmental > Aquatic > Freshwater > Lake|Environmental > Aquatic > Freshwater > Lotic
Gs0063571	1	Engineered > Wastewater > Nutrient removal > Dissolved organics (aerobic) > Activated sludge
Gs0063625	1	Engineered > Solid waste > Grass > Composting > Bioreactor
Gs0063632	1	Environmental > Aquatic > Freshwater > Groundwater > Contaminated
Gs0063646	15	Host-associated > Mammals: Human > Digestive system > Large intestine > Fecal|Host-associated > Mammals: Human > Digestive system > Oral cavity > Attached/Keratinized gingiva|Host-associated > Mammals: Human > Digestive system > Oral cavity > Buccal mucosa|Host-associated > Mammals: Human > Digestive system > Oral cavity > Hard palate|Host-associated > Mammals: Human > Digestive system > Oral cavity > Saliva|Host-associated > Mammals: Human > Digestive system > Oral cavity > Subgingival plaque|Host-associated > Mammals: Human > Digestive system > Oral cavity > Supragingival plaque|Host-associated > Mammals: Human > Digestive system > Oral cavity > Tongue dorsum|Host-associated > Mammals: Human > Digestive system > Pharynx/Throat > Oropharynx|Host-associated > Mammals: Human > Integumentary system > Skin > Retroauricular crease|Host-associated > Mammals: Human > Lymphatic system > Tonsils > Palatine/Faucial|Host-associated > Mammals: Human > Reproductive system > Vagina > Introitus|Host-associated > Mammals: Human > Reproductive system > Vagina > Midpoint|Host-associated > Mammals: Human > Reproductive system > Vagina > Posterior fornix|Host-associated > Mammals: Human > Respiratory system > Nasal cavity > Anterior nares
Gs0063773	1	Engineered > Solid waste > Grass > Composting > Bioreactor
Gs0064184	1	Environmental > Aquatic > Marine
Gs0064468	1	Environmental > Aquatic > Marine > Oceanic
Gs0064595	1	Engineered > Solid waste > Wood > Composting > Bioreactor
Gs0064616	1	Environmental > Aquatic > Freshwater > Lake
Gs0067852	2	Environmental > Aquatic > Marine > Inlet|Environmental > Aquatic > Marine > Oceanic
Gs0067853	1	Environmental > Terrestrial > Soil > Agricultural land > Bulk soil
Gs0067855	1	Environmental > Aquatic > Freshwater > Groundwater
Gs0067856	1	Host-associated > Arthropoda: Insects > Digestive system > Gut
Gs0067859	2	Environmental > Aquatic > Non-marine Saline and Alkaline > Hypersaline|Environmental > Aquatic > Non-marine Saline and Alkaline > Hypersaline > Sediment
Gs0067860	1	Environmental > Terrestrial > Soil > Tropical forest > Bulk soil
Gs0067861	14	Environmental > Aquatic > Freshwater > Lotic|Environmental > Aquatic > Marine > Intertidal zone > Estuary|Environmental > Aquatic > Marine > Intertidal zone > Estuary: Microbial mat|Environmental > Aquatic > Non-marine Saline and Alkaline|Environmental > Aquatic > Non-marine Saline and Alkaline > Hypersaline|Environmental > Aquatic > Non-marine Saline and Alkaline > Hypersaline > Microbial mats|Environmental > Aquatic > Non-marine Saline and Alkaline > Saline > Microbial mats|Environmental > Aquatic > Thermal springs|Environmental > Aquatic > Thermal springs > Hot (42-90C)|Environmental > Aquatic > Thermal springs > Hot (42-90C) > Acidic|Environmental > Aquatic > Thermal springs > Hot (42-90C) > Alkaline|Environmental > Aquatic > Thermal springs > Hot (42-90C) > Microbial mats|Environmental > Aquatic > Thermal springs > Hot (42-90C) > Sediment|Environmental > Aquatic > Thermal springs > Near-boiling (>90C) > Alkaline
Gs0068071	10	Environmental > Terrestrial > Plant litter|Environmental > Terrestrial > Plant litter > Decayed wood|Environmental > Terrestrial > Soil > Boreal forest/Taiga > Bulk soil|Environmental > Terrestrial > Soil > Orchard > Truffle orchard|Environmental > Terrestrial > Soil > Orchard soil|Environmental > Terrestrial > Soil > Temperate forest|Environmental > Terrestrial > Soil > Temperate forest > Bulk soil|Environmental > Terrestrial > Soil > Temperate forest > Mineral soil|Environmental > Terrestrial > Soil > Temperate forest > O horizon/Organic|Host-associated > Plants > Roots
Gs0069861	2	Environmental > Aquatic > Deep subsurface > Groundwater > Contaminated|Environmental > Aquatic > Freshwater > Groundwater > Contaminated
Gs0069864	1	Engineered > Solid waste > Grass > Composting > Bioreactor
Gs0069917	3	Environmental > Aquatic > Non-marine Saline and Alkaline > Hypersaline|Environmental > Aquatic > Non-marine Saline and Alkaline > Saline|Environmental > Aquatic > Non-marine Saline and Alkaline > Salt crystallizer ponds
Gs0069919	1	Host-associated > Arthropoda: Insects > Whole body
Gs0069996	1	Environmental > Aquatic > Marine > Oceanic
Gs0070025	1	Host-associated > Mammals > Digestive system > Stomach > Rumen
Gs0070034	1	Environmental > Aquatic > Marine > Intertidal zone > Microbialites
Gs0070745	1	Host-associated > Mammals > Digestive system > Large intestine > Fecal
Gs0070938	1	Host-associated > Birds > Digestive system > Large intestine > Ceca
Gs0070939	1	Host-associated > Mollusca > Respiratory system > Gills > Intracellular
Gs0070986	1	Host-associated > Birds > Digestive system > Large intestine > Ceca
Gs0070997	1	Host-associated > Mammals > Digestive system > Stomach > Rumen
Gs0071004	2	Environmental > Terrestrial > Soil > Boreal forest/Taiga|Environmental > Terrestrial > Soil > Temperate forest
Gs0071049	1	Environmental > Terrestrial > Soil > Tropical forest > Bulk soil
Gs0072206	1	Engineered > Modeled > Simulated communities (DNA mixture)
Gs0072209	2	Environmental > Aquatic > Marine > Hydrothermal vents|Environmental > Aquatic > Marine > Hydrothermal vents > Microbial mats
Gs0072276	1	Environmental > Aquatic > Non-marine Saline and Alkaline > Salt crystallizer ponds
Gs0073197	2	Host-associated > Arthropoda: Insects > Digestive system > Hindgut > P1 segment|Host-associated > Arthropoda: Insects > Digestive system > Hindgut > Paunch/P3 segment
Gs0073216	1	Host-associated > Fish > Digestive system
Gs0073241	1	Engineered > Solid waste > Zoo waste > Composting
Gs0074055	1	Host-associated > Porifera > Sponge
Gs0074126	1	Environmental > Aquatic > Freshwater > Lentic
Gs0074263	1	Environmental > Aquatic > Freshwater > Lake > Hypolimnion/Profundal zone
Gs0074270	1	Host-associated > Arthropoda: Insects > Digestive system > Gut
Gs0074272	1	Environmental > Aquatic > Marine > Oceanic > Sediment
Gs0074273	1	Environmental > Aquatic > Marine > Oceanic > Sediment
Gs0074283	2	Engineered > Bioreactor > Anaerobic|Engineered > Wastewater > Nutrient removal > Dissolved organics (anaerobic) > Activated sludge
Gs0074285	1	Environmental > Terrestrial > Soil > Agricultural land
Gs0074289	1	Environmental > Aquatic > Freshwater > Lentic > Littoral zone
Gs0075432	1	Environmental > Terrestrial > Soil > Tropical forest
Gs0075597	1	Environmental > Aquatic > Non-marine Saline and Alkaline > Salt crystallizer ponds
Gs0075598	1	Environmental > Terrestrial > Volcanic > Fumaroles
Gs0075607	1	Environmental > Aquatic > Marine > Intertidal zone > Salt marsh
Gs0075640	2	Environmental > Aquatic > Marine > Intertidal zone|Environmental > Aquatic > Marine > Intertidal zone > Sediment
Gs0083722	1	Environmental > Terrestrial > Soil > Permafrost
Gs0083724	1	Host-associated > Mammals: Human > Digestive system > Large intestine > Fecal
Gs0083744	1	Environmental > Aquatic > Freshwater > Drinking water > Chlorinated
Gs0083745	1	Environmental > Aquatic > Freshwater > Groundwater > Mine drainage
Gs0083786	1	Environmental > Terrestrial > Soil > Wetlands > Permafrost
Gs0083826	1	Environmental > Aquatic > Marine > Oceanic > Abyssal plane
Gs0083827	1	Environmental > Aquatic > Marine > Intertidal zone > Salt marsh
Gs0084151	1	Engineered > Wastewater > Nutrient removal > Dissolved organics (aerobic) > Activated sludge
Gs0084160	4	Environmental > Aquatic > Marine > Epipelagic|Environmental > Aquatic > Marine > Neritic zone/Coastal water|Environmental > Aquatic > Marine > Pelagic zone > Sediment|Environmental > Aquatic > Marine > Subtidal zone > Sediment
Gs0084161	2	Host-associated > Arthropoda: Insects > Digestive system > Gut|Host-associated > Arthropoda: Insects > Digestive system > Hindgut > P4 segment
Gs0084162	1	Environmental > Terrestrial > Soil > Wetlands > Peat
Gs0084172	1	Engineered > Solid waste > Grass > Composting
Gs0084219	2	Environmental > Aquatic > Marine > Oceanic > Abyssal plane|Environmental > Aquatic > Marine > Oceanic > Sediment
Gs0084224	1	Environmental > Aquatic > Freshwater > Drinking water
Gs0084963	3	Environmental > Aquatic > Freshwater > Lotic|Environmental > Aquatic > Marine > Intertidal zone > Estuary|Environmental > Aquatic > Marine > Neritic zone/Coastal water
Gs0085082	1	Environmental > Aquatic > Marine > Cold seeps > Sediment
Gs0085294	1	Environmental > Aquatic > Thermal springs > Hot (42-90C) > Sediment
Gs0085306	1	Environmental > Aquatic > Non-marine Saline and Alkaline > Alkaline > Microbial mats
Gs0085317	2	Engineered > Lab enrichment|Engineered > Lab enrichment > Defined media > Aerobic media
Gs0085322	1	Environmental > Aquatic > Freshwater > Groundwater
Gs0085351	1	Host-associated > Algae > Green algae > Ectosymbionts
Gs0085487	1	Host-associated > Arthropoda: Insects > Digestive system > Gut
Gs0085494	2	Host-associated > Arthropoda: Insects > Digestive system > Gut|Host-associated > Arthropoda: Insects > Larva > Gut
Gs0085730	3	Engineered > Modeled|Engineered > Modeled > Simulated communities (microbial mixture)|Environmental > Aquatic > Non-marine Saline and Alkaline > Hypersaline
Gs0085735	1	Host-associated > Mammals > Digestive system > Stomach > Rumen
Gs0085736	1	Environmental > Terrestrial > Soil > Temperate forest
Gs0085737	2	Environmental > Terrestrial > Plant litter|Environmental > Terrestrial > Soil > Grasslands
Gs0086254	1	Host-associated > Annelida > Intracellular endosymbionts > Trophosome
Gs0087272	1	Environmental > Aquatic > Thermal springs > Hot (42-90C)
Gs0087278	1	Environmental > Aquatic > Marine > Oceanic
Gs0087377	1	Environmental > Aquatic > Freshwater > Lotic
Gs0087381	1	Environmental > Terrestrial > Soil > Permafrost
Gs0087828	1	Host-associated > Plants > Roots > Rhizosphere
Gs0087858	1	Environmental > Aquatic > Marine > Hydrothermal vents
Gs0087863	1	Host-associated > Plants > Roots > Rhizosphere
Gs0090290	3	Environmental > Aquatic > Marine > Hydrothermal vents|Environmental > Aquatic > Marine > Hydrothermal vents > Diffuse flow|Environmental > Terrestrial > Deep subsurface
Gs0090291	1	Host-associated > Tunicates > Ascidians
Gs0090292	1	Environmental > Aquatic > Marine > Oil seeps
Gs0090293	1	Environmental > Aquatic > Freshwater > Lentic
Gs0090294	3	Environmental > Terrestrial > Soil|Host-associated > Plants > Roots > Rhizosphere|Host-associated > Plants > Roots > Rhizosphere > Soil
Gs0090378	1	Environmental > Aquatic > Marine > Hydrothermal vents
Gs0090381	1	Environmental > Aquatic > Marine
Gs0090382	1	Environmental > Aquatic > Marine > Hydrothermal vents
Gs0090383	2	Environmental > Aquatic > Marine > Oceanic > Oil-contaminated sediment|Environmental > Aquatic > Marine > Oceanic > Sediment
Gs0090446	1	Host-associated > Plants > Roots > Rhizosphere
Gs0090613	1	Environmental > Terrestrial > Geologic > Oil-contaminated sediment
Gs0090635	1	Engineered > Bioremediation > Hydrocarbon > Benzene > Bioreactor
Gs0090654	1	Environmental > Aquatic > Freshwater > Lake > Microbial mats
Gs0090655	1	Environmental > Aquatic > Marine > Wetlands
Gs0090686	1	Host-associated > Birds > Digestive system > Large intestine > Fecal
Gs0090732	2	Engineered > Lab enrichment|Engineered > Modeled > Simulated communities (microbial mixture)
Gs0090745	1	Host-associated > Mammals > Digestive system > Stomach > Rumen
Gs0092916	2	Environmental > Aquatic > Marine > Hydrothermal vents|Environmental > Aquatic > Marine > Oceanic
Gs0092917	2	Environmental > Aquatic > Marine > Hydrothermal vents|Environmental > Aquatic > Marine > Oceanic
Gs0094187	1	Environmental > Aquatic > Marine > Hydrothermal vents > Black smokers
Gs0094242	1	Environmental > Aquatic > Marine > Hydrothermal vents
Gs0094284	1	Host-associated > Mammals: Human > Digestive system > Large intestine > Fecal
Gs0094286	1	Environmental > Aquatic > Marine > Oceanic
Gs0094716	1	Host-associated > Mammals: Human > Digestive system > Large intestine > Fecal
Gs0094730	1	Environmental > Aquatic > Thermal springs
Gs0095057	1	Environmental > Aquatic > Freshwater > Lake > Sediment
Gs0095257	1	Host-associated > Mammals: Human > Integumentary system > Skin > Axilla/Armpit
Gs0095260	1	Host-associated > Mammals > Digestive system > Large intestine > Fecal
Gs0095261	1	Environmental > Terrestrial > Soil
Gs0095263	1	Host-associated > Mammals: Human > Digestive system > Large intestine > Fecal
Gs0095272	1	Environmental > Aquatic > Marine > Hydrothermal vents > Black smokers
Gs0095273	1	Environmental > Aquatic > Marine > Hydrothermal vents > Black smokers
Gs0095274	1	Environmental > Aquatic > Marine > Hydrothermal vents > Black smokers
Gs0095275	1	Environmental > Aquatic > Marine > Hydrothermal vents > Black smokers
Gs0095423	1	Environmental > Terrestrial > Soil > Contaminated
Gs0095494	1	Environmental > Aquatic > Marine > Ocean trench > Sediment
Gs0095503	1	Environmental > Aquatic > Marine > Oceanic
Gs0095504	3	Host-associated > Annelida > Digestive system|Host-associated > Annelida > Digestive system > Digestive tube > Extracellular symbionts|Host-associated > Annelida > Whole body
Gs0095506	2	Engineered > Bioreactor > Anaerobic > Digestate|Engineered > Biotransformation > Mixed alcohol bioreactor
Gs0095507	1	Environmental > Aquatic > Thermal springs > Hot (42-90C)
Gs0095508	2	Environmental > Aquatic > Marine > Intertidal zone > Estuary: Microbial mat|Environmental > Aquatic > Marine > Intertidal zone > Sediment
Gs0095509	1	Environmental > Aquatic > Deep subsurface > Groundwater > Contaminated
Gs0095510	2	Environmental > Terrestrial > Plant litter|Environmental > Terrestrial > Soil > Agricultural land
Gs0095512	2	Engineered > Built environment > Spacecraft Assembly Cleanrooms|Engineered > Built environment > Spacecraft Assembly Cleanrooms > Gowning room > Floor
Gs0095549	1	Engineered > Wastewater > Nutrient removal > Dissolved organics (anaerobic) > Activated sludge
Gs0095566	1	Host-associated > Mammals > Digestive system > Large intestine > Fecal
Gs0095583	3	Engineered > WWTP > Wastewater|Engineered > Wastewater|Engineered > Wastewater > Industrial wastewater
Gs0095614	1	Environmental > Aquatic > Marine > Oceanic > Benthic
Gs0096430	1	Environmental > Aquatic > Marine > Oceanic > Sediment
Gs0096601	1	Environmental > Aquatic > Marine > Oceanic > Sediment
Gs0096604	2	Environmental > Aquatic > Marine|Environmental > Aquatic > Marine > Cold seeps > Sediment
Gs0096888	1	Host-associated > Invertebrates > Cnidaria
Gs0096890	1	Environmental > Aquatic > Marine > Hydrothermal vents > Black smokers
Gs0096891	1	Environmental > Aquatic > Marine > Hydrothermal vents > Black smokers
Gs0096892	1	Environmental > Aquatic > Marine > Hydrothermal vents > Black smokers
Gs0096893	1	Environmental > Aquatic > Marine > Hydrothermal vents > Black smokers
Gs0096894	1	Environmental > Aquatic > Marine > Hydrothermal vents > Black smokers
Gs0096913	2	Environmental > Aquatic > Freshwater > Lotic|Environmental > Aquatic > Marine > River plume > Plankton
Gs0097376	1	Environmental > Terrestrial > Soil > Agricultural land
Gs0097384	1	Environmental > Aquatic > Marine > Hydrothermal vents
Gs0098648	1	Environmental > Aquatic > Marine > Cold seeps
Gs0098774	1	Host-associated > Arthropoda: Insects > Digestive system > Hindgut
Gs0099419	1	Engineered > Bioreactor > Anaerobic > Sludge
Gs0099430	1	Engineered > Solid waste > Grass > Composting > Bioreactor
Gs0099539	1	Environmental > Aquatic > Marine > Wetlands
Gs0099540	2	Environmental > Aquatic > Marine > Coastal|Environmental > Aquatic > Marine > Intertidal zone
Gs0099541	3	Environmental > Aquatic > Marine > Coastal|Environmental > Aquatic > Marine > Intertidal zone|Environmental > Aquatic > Marine > Oceanic
Gs0099542	6	Host-associated > Fungi > Fruiting body|Host-associated > Fungi > Mycelium|Host-associated > Fungi > Mycorrhiza|Host-associated > Fungi > Sclerotium|Host-associated > Plants > Roots|Host-associated > Plants > Seeds
Gs0099543	1	Environmental > Aquatic > Marine > Sediment
Gs0099546	1	Host-associated > Porifera > Sponge
Gs0099547	1	Environmental > Terrestrial > Soil
Gs0099548	1	Environmental > Aquatic > Marine > Oceanic
Gs0099721	1	Environmental > Terrestrial > Soil > Grasslands
Gs0099722	2	Environmental > Terrestrial > Soil > Desert|Environmental > Terrestrial > Soil > Grasslands
Gs0099854	1	Engineered > Bioremediation > Tetrachloroethylene and derivatives > Chloroethene > Bioreactor
Gs0099859	1	Environmental > Terrestrial > Geologic > Sediment > Pyrite containing
Gs0099864	4	Engineered > Artificial ecosystem > Soil microcosm|Environmental > Terrestrial > Deep subsurface > Rock core/Sediment|Environmental > Terrestrial > Soil|Environmental > Terrestrial > Soil > Agricultural land
Gs0099924	1	Environmental > Aquatic > Freshwater > Microbialites
Gs0099946	1	Environmental > Terrestrial > Geologic > Sediment
Gs0099953	3	Engineered|Engineered > Solid waste|Engineered > Solid waste > Landfill
Gs0102994	1	Environmental > Aquatic > Marine > Intertidal zone
Gs0102996	1	Environmental > Aquatic > Freshwater > Wetlands
Gs0102997	1	Environmental > Terrestrial > Volcanic > Fumaroles
Gs0103000	1	Environmental > Aquatic > Deep subsurface > Groundwater > Porewater
Gs0103004	1	Host-associated > Plants > Roots > Rhizosphere
Gs0103008	1	Environmental > Terrestrial > Soil > Tropical forest
Gs0103013	1	Environmental > Terrestrial > Soil > Clay > Grasslands
Gs0103015	2	Host-associated > Algae > Red algae|Host-associated > Algae > Red algae > Ectosymbionts
Gs0103021	1	Environmental > Terrestrial > Soil > Permafrost
Gs0103573	3	Environmental > Terrestrial > Soil > Tree plantation|Host-associated > Plants > Roots > Endosphere|Host-associated > Plants > Roots > Rhizosphere > Soil
Gs0103597	2	Engineered > WWTP > Activated sludge|Engineered > WWTP > Aerobic digester > Activated sludge
Gs0105897	1	Engineered > Bioreactor > Continuous culture > Marine sediment inoculum
Gs0110095	1	Environmental > Aquatic > Freshwater > River > Sediment
Gs0110096	1	Environmental > Aquatic > Marine > Oceanic
Gs0110098	1	Environmental > Aquatic > Marine > Oceanic > Benthic
Gs0110099	1	Environmental > Aquatic > Marine > Oceanic > Benthic
Gs0110101	1	Environmental > Aquatic > Freshwater > Drinking water
Gs0110103	2	Environmental > Aquatic > Marine > Intertidal zone > Mangrove sediment|Environmental > Aquatic > Marine > Oceanic > Oil-contaminated sediment
Gs0110105	1	Engineered > Bioreactor > Wastewater
Gs0110106	1	Environmental > Terrestrial > Soil > Agricultural land
Gs0110108	1	Host-associated > Protists > Excavata > Jakobids
Gs0110114	1	Engineered > Bioreactor > SSF (Solid state fermentation) > Aerobic > Biomass
Gs0110115	2	Environmental > Terrestrial > Soil > Grasslands > Bulk soil|Host-associated > Plants > Roots > Rhizosphere > Soil
Gs0110116	1	Environmental > Aquatic > Marine > Intertidal zone > Mangrove sediment
Gs0110119	1	Environmental > Terrestrial > Soil > Grasslands
Gs0110122	1	Engineered > Bioreactor > Continuous culture
Gs0110123	1	Host-associated > Invertebrates > Cnidaria
Gs0110125	1	Host-associated > Mammals: Human > Digestive system > Large intestine > Fecal
Gs0110126	1	Environmental > Terrestrial > Soil > Desert
Gs0110132	7	Environmental > Aquatic > Freshwater > Lake|Environmental > Aquatic > Freshwater > Lake > Sediment|Environmental > Aquatic > Marine|Environmental > Aquatic > Marine > Oceanic > Microbial mats|Environmental > Aquatic > Thermal springs > Hot (42-90C)|Environmental > Aquatic > Thermal springs > Hot (42-90C) > Microbial mats|Environmental > Terrestrial > Soil > Desert
Gs0110137	1	Host-associated > Invertebrates > Cnidaria
Gs0110138	4	Engineered > Industrial production > Chemical products > Reagent blank|Engineered > Lab enrichment > Defined media|Environmental > Terrestrial > Soil > Peat > Bog|Environmental > Terrestrial > Soil > Wetlands > Peat
Gs0110146	1	Host-associated > Arthropoda: Insects > Digestive system > Hindgut > Paunch/P3 segment
Gs0110147	1	Environmental > Aquatic > Freshwater > Lake > Epilimnion/Euphotic zone
Gs0110148	2	Environmental > Terrestrial > Soil > Grasslands > Bulk soil|Host-associated > Plants > Roots > Rhizosphere > Soil
Gs0110149	1	Environmental > Terrestrial > Soil > Sand
Gs0110155	1	Environmental > Aquatic > Freshwater > Lake
Gs0110158	1	Engineered > Modeled > Simulated communities (microbial mixture)
Gs0110159	1	Environmental > Aquatic > Marine > Oceanic
Gs0110160	1	Environmental > Aquatic > Freshwater > Pond > Sediment
Gs0110163	1	Environmental > Terrestrial
Gs0110164	1	Host-associated > Fungi > Mycelium
Gs0110165	1	Host-associated > Mammals: Human > Digestive system > Large intestine > Fecal
Gs0110166	2	Engineered > Bioreactor > Anaerobic|Engineered > Biotransformation
Gs0110167	1	Environmental > Air > Outdoor Air
Gs0110169	1	Environmental > Terrestrial > Soil > Sand
Gs0110170	2	Environmental > Aquatic > Freshwater > Bog lake|Environmental > Aquatic > Freshwater > Lake
Gs0110171	1	Host-associated > Annelida > Intracellular endosymbionts > Trophosome
Gs0110172	1	Environmental > Terrestrial > Deep subsurface > Clay
Gs0110173	1	Host-associated > Arthropoda: Myriapoda > Digestive system > Gut
Gs0110174	2	Environmental > Aquatic > Freshwater > Wetlands > Bog|Environmental > Terrestrial > Soil > Wetlands
Gs0110176	1	Environmental > Aquatic > Marine > Oceanic
Gs0110178	1	Host-associated > Mammals: Human > Digestive system > Oral cavity
Gs0110179	1	Host-associated > Plants > Roots > Rhizosphere
Gs0110180	1	Host-associated > Mollusca
Gs0110181	1	Environmental > Aquatic > Marine > Intertidal zone > Sediment
Gs0110182	1	Environmental > Aquatic
Gs0110183	1	Environmental > Aquatic > Marine > Oceanic
Gs0110184	1	Environmental > Aquatic > Thermal springs > Hot (42-90C)
Gs0110185	2	Environmental > Terrestrial > Soil|Environmental > Terrestrial > Soil > Mine drainage
Gs0110187	1	Host-associated > Fish > Digestive system > Intestine
Gs0110188	1	Environmental > Aquatic > Marine > Intertidal zone > Mangrove sediment
Gs0110189	1	Host-associated > Tunicates > Ascidians
Gs0110190	3	Environmental > Aquatic > Marine|Environmental > Aquatic > Marine > Hypoxic zone|Environmental > Aquatic > Marine > Oceanic
Gs0110196	1	Engineered > Lab culture > Culture media > Bacteria > Contaminated
Gs0110198	3	Host-associated > Microbial > Bacteria|Host-associated > Plants > Phyllosphere|Host-associated > Plants > Phyllosphere > Phylloplane/Leaf
Gs0110201	1	Engineered > Modeled > Simulated communities (microbial mixture)
Gs0111348	2	Engineered > Bioreactor > Anaerobic > Biogas|Engineered > Bioreactor > Continuous culture > Marine sediment inoculum
Gs0111350	1	Host-associated > Mammals > Digestive system > Stomach > Rumen
Gs0111352	1	Environmental > Terrestrial > Deep subsurface
Gs0111355	4	Environmental > Aquatic > Marine > Hydrothermal vents|Environmental > Aquatic > Marine > Hydrothermal vents > Diffuse flow|Environmental > Aquatic > Marine > Hydrothermal vents > Sediment|Environmental > Aquatic > Marine > Oceanic > Aphotic zone
Gs0111356	1	Environmental > Aquatic > Marine > Intertidal zone > Estuary
Gs0111357	1	Environmental > Aquatic > Freshwater > Lake > Sediment
Gs0111358	1	Environmental > Aquatic > Freshwater > Lake
Gs0111359	3	Engineered > Wastewater > Nutrient removal > Dissolved organics (aerobic)|Engineered > Wastewater > Nutrient removal > Dissolved organics (aerobic) > Activated sludge|Environmental > Aquatic > Freshwater > River > Sediment
Gs0111360	1	Engineered > Lab enrichment
Gs0111361	1	Host-associated > Porifera
Gs0111363	1	Host-associated > Mammals: Human > Digestive system > Large intestine > Fecal
Gs0111365	1	Host-associated > Mammals: Human > Digestive system > Oral cavity > Saliva
Gs0111366	1	Environmental > Aquatic > Thermal springs > Hot (42-90C) > Neutral
Gs0111368	1	Environmental > Aquatic > Marine > Intertidal zone > Mangrove sediment
Gs0111369	1	Environmental > Aquatic > Marine > Hydrothermal vents > Black smokers
Gs0111370	1	Host-associated > Invertebrates > Bryozoans > Gymnolaemates
Gs0111374	1	Environmental > Aquatic > Marine > Intertidal zone > Beach/Shore
Gs0111375	1	Environmental > Aquatic > Marine > Intertidal zone > Sediment
Gs0111376	3	Environmental > Aquatic > Marine > Wetlands|Environmental > Terrestrial > Soil > Paddy field/soil|Environmental > Terrestrial > Soil > Wetlands
Gs0111377	1	Host-associated > Mammals > Digestive system > Large intestine > Fecal
Gs0111380	1	Host-associated > Annelida > Intracellular endosymbionts > Trophosome
Gs0111381	1	Environmental > Aquatic > Freshwater > Pond
Gs0111382	8	Engineered > Built environment > Pipeline|Environmental > Aquatic|Environmental > Aquatic > Marine > Cold seeps > Sediment|Environmental > Aquatic > Marine > Deep subsurface > Hydrocarbon|Environmental > Aquatic > Marine > Oceanic > Sediment|Environmental > Terrestrial|Environmental > Terrestrial > Oil reservoir|Environmental > Terrestrial > Soil > Ranch > Agricultural land
Gs0111384	1	Environmental > Aquatic > Deep subsurface > Groundwater
Gs0111385	1	Host-associated > Arthropoda: Insects > Whole body
Gs0111395	1	Environmental > Aquatic > Thermal springs > Near-boiling (>90C) > Alkaline
Gs0111396	1	Environmental > Aquatic > Marine > Cold seeps
Gs0111397	1	Engineered > Food production > Dairy products > Fermented dairy products > Cheese
Gs0111398	1	Engineered > Wastewater > Industrial wastewater
Gs0111399	1	Environmental > Aquatic > Freshwater > Lentic
Gs0111400	1	Engineered > Bioreactor > Anaerobic > Effluent
Gs0111401	1	Environmental > Aquatic > Freshwater > River > Sediment
Gs0111402	1	Environmental > Aquatic > Thermal springs > Hot (42-90C)
Gs0111403	2	Environmental > Aquatic > Freshwater > Lake|Environmental > Aquatic > Freshwater > Lentic
Gs0111405	1	Engineered > Wastewater > Nutrient removal > Dissolved organics (aerobic) > Activated sludge
Gs0111406	1	Environmental > Aquatic > Freshwater > Groundwater > Acid Mine Drainage
Gs0111407	1	Environmental > Aquatic > Freshwater > Creek > Sediment
Gs0111408	1	Engineered > Bioreactor > Microbial fuel cells/MFC > Anode > Biofilm
Gs0111409	1	Engineered > Food production > Meat products
Gs0111410	1	Host-associated > Plants > Roots > Rhizosphere > Soil
Gs0111411	1	Environmental > Aquatic > Non-marine Saline and Alkaline > Saline
Gs0111413	1	Environmental > Aquatic > Marine > Oceanic > Sediment
Gs0111415	1	Host-associated > Microbial > Bacteria
Gs0111417	1	Host-associated > Mammals > Digestive system > Large intestine
Gs0111418	1	Environmental > Aquatic > Freshwater > Lotic
Gs0111419	1	Environmental > Aquatic > Marine > Oceanic > Aphotic zone
Gs0111421	1	Environmental > Aquatic > Thermal springs
Gs0111422	2	Engineered > Wastewater > Nutrient removal > Biological phosphorus removal > Activated sludge|Engineered > Wastewater > Nutrient removal > Biological phosphorus removal > Bioreactor
Gs0111423	1	Environmental > Aquatic > Marine > Oceanic
Gs0111424	2	Host-associated > Plants > Roots|Host-associated > Plants > Roots > Rhizosphere > Soil
Gs0111425	1	Environmental > Aquatic > Marine > Neritic zone/Coastal water > Sediment
Gs0111426	1	Engineered > Food production > Dairy products > Fermented dairy products
Gs0111427	1	Host-associated > Arthropoda: Crustaceans > Respiratory system > Gill/Bronchial chamber
Gs0111430	1	Host-associated > Mammals > Digestive system > Stomach > Rumen
Gs0111431	1	Host-associated > Mammals: Human > Digestive system > Large intestine > Fecal
Gs0111433	1	Environmental > Aquatic > Marine > Oceanic > Photic zone
Gs0111434	3	Host-associated > Mammals > Respiratory system > Lung|Host-associated > Mammals > Respiratory system > Pharynx/Throat > Oropharynx|Host-associated > Mammals > Urinary system > Urine
Gs0111435	1	Engineered > Bioreactor > Continuous culture > Marine sediment inoculum
Gs0111436	1	Environmental > Aquatic > Marine > Oceanic
Gs0111438	1	Environmental > Aquatic > Marine > Intertidal zone > Salt marsh
Gs0111439	1	Environmental > Aquatic > Marine > Hydrothermal vents
Gs0111440	1	Environmental > Aquatic > Marine > Oceanic > Oil-contaminated
Gs0111441	1	Engineered > Bioreactor > Continuous culture > Marine sediment inoculum
Gs0111442	1	Environmental > Aquatic > Freshwater > Groundwater
Gs0111443	1	Host-associated > Porifera
Gs0111445	1	Environmental > Aquatic > Freshwater > Lentic > Sediment
Gs0111446	1	Host-associated > Tunicates > Ascidians
Gs0111447	2	Environmental > Aquatic > Freshwater > Lake|Environmental > Aquatic > Non-marine Saline and Alkaline > Hypersaline
Gs0111448	1	Host-associated > Mammals > Digestive system > Large intestine > Fecal
Gs0111449	1	Environmental > Aquatic > Freshwater > Groundwater > Acid Mine Drainage
Gs0111450	1	Environmental > Aquatic > Marine > Intertidal zone > Estuary
Gs0111451	1	Host-associated > Mammals > Digestive system > Large intestine > Fecal
Gs0111452	1	Environmental > Terrestrial > Soil > Sand
Gs0111454	1	Host-associated > Mammals: Human > Circulatory system > Blood
Gs0111455	1	Engineered > Bioreactor > Continuous culture > Marine sediment inoculum
Gs0111456	2	Engineered > Bioreactor > DHS reactor > Sludge|Engineered > Bioreactor > DHS reactor > Wastewater
Gs0111457	1	Environmental > Aquatic > Marine > Oceanic
Gs0111458	1	Environmental > Aquatic > Freshwater > Wetlands
Gs0111459	1	Host-associated > Porifera
Gs0111460	1	Environmental > Aquatic > Freshwater > Groundwater > Coalbed water
Gs0111461	1	Environmental > Terrestrial > Soil > Loam
Gs0111462	1	Host-associated > Arthropoda: Insects > Whole body
Gs0111463	1	Host-associated > Mammals > Respiratory system > Nasal cavity
Gs0111464	1	Environmental > Aquatic > Marine > Hydrothermal vents > Sediment
Gs0111465	1	Environmental > Aquatic > Marine > Intertidal zone > Estuary
Gs0111466	1	Host-associated > Mammals > Digestive system > Large intestine > Fecal
Gs0111467	1	Host-associated > Mammals: Human > Digestive system > Large intestine > Fecal
Gs0111469	2	Environmental > Aquatic > Marine|Environmental > Aquatic > Marine > Oceanic
Gs0111471	1	Environmental > Aquatic > Marine > Neritic zone/Coastal water
Gs0111472	1	Environmental > Aquatic > Freshwater > Lotic
Gs0111473	1	Environmental > Aquatic > Marine > Oceanic > Photic zone
Gs0111474	1	Host-associated > Mammals: Human > Digestive system > Large intestine > Fecal
Gs0111475	1	Engineered > Food production
Gs0111476	1	Environmental > Aquatic > Marine > Intertidal zone > Estuary
Gs0111477	2	Environmental > Terrestrial > Soil > Clay > Agricultural land|Environmental > Terrestrial > Soil > Clay > Grasslands
Gs0111479	1	Host-associated > Mammals: Human > Digestive system > Large intestine > Fecal
Gs0111480	1	Environmental > Aquatic > Freshwater > Lentic
Gs0111481	1	Host-associated > Mammals > Digestive system > Large intestine > Fecal
Gs0111482	1	Environmental > Terrestrial > Soil > Permafrost
Gs0111483	1	Host-associated > Arthropoda: Insects > Larva > Gut
Gs0111484	1	Environmental > Aquatic > Thermal springs
Gs0111485	25	Engineered > Built environment > Water treatment plant|Engineered > WWTP > Aerobic digester > Activated sludge|Environmental > Aquatic > Artesian spring > Acidic > Sediment|Environmental > Aquatic > Deep subsurface > Groundwater|Environmental > Aquatic > Deep subsurface > Groundwater > Drilled well/Borehole|Environmental > Aquatic > Deep subsurface > Groundwater > Mine water|Environmental > Aquatic > Deep subsurface > Subterranean lake|Environmental > Aquatic > Freshwater|Environmental > Aquatic > Freshwater > Creek|Environmental > Aquatic > Freshwater > Creek > Sediment|Environmental > Aquatic > Freshwater > Drinking water > Unchlorinated|Environmental > Aquatic > Freshwater > Groundwater|Environmental > Aquatic > Freshwater > Ice > Glacier|Environmental > Aquatic > Freshwater > Lake|Environmental > Aquatic > Freshwater > Lake > Sediment|Environmental > Aquatic > Freshwater > Sediment|Environmental > Aquatic > Marine > Hydrothermal vents > Sediment|Environmental > Aquatic > Marine > Mud volcano|Environmental > Aquatic > Thermal springs|Environmental > Aquatic > Thermal springs > Hot (42-90C)|Environmental > Aquatic > Thermal springs > Hot (42-90C) > Acidic|Environmental > Aquatic > Thermal springs > Hot (42-90C) > Microbial mats|Environmental > Aquatic > Thermal springs > Hot (42-90C) > Sediment|Environmental > Aquatic > Thermal springs > Tepid (25-34C)|Environmental > Aquatic > Thermal springs > Warm (34-42C)
Gs0111487	1	Host-associated > Mammals: Human > Respiratory system > Pharynx/Throat > Nasopharynx
Gs0111488	1	Environmental > Air > Outdoor Air
Gs0111490	1	Environmental > Aquatic > Freshwater > Lake
Gs0111491	2	Environmental > Terrestrial > Soil > Agricultural land|Host-associated > Plants > Roots
Gs0111492	1	Host-associated > Porifera
Gs0111493	1	Host-associated > Birds > Digestive system > Large intestine > Ceca
Gs0111495	1	Host-associated > Porifera
Gs0111501	1	Environmental > Aquatic > Freshwater > Groundwater > Contaminated
Gs0111502	1	Environmental > Aquatic > Freshwater > Groundwater
Gs0111503	1	Environmental > Terrestrial > Rock-dwelling (subaerial biofilms)
Gs0111506	1	Environmental > Aquatic > Freshwater > Groundwater > Acid Mine Drainage
Gs0111524	1	Environmental > Aquatic > Freshwater > Groundwater > Acid Mine Drainage
Gs0111531	1	Environmental > Terrestrial > Soil > Agricultural land
Gs0111536	1	Environmental > Aquatic > Freshwater > River > Sediment
Gs0111537	1	Environmental > Aquatic > Marine > Hydrothermal vents > Diffuse flow
Gs0111539	1	Host-associated > Plants > Roots
Gs0111543	1	Host-associated > Mammals > Remains > Fossilized remains > Coprolite
Gs0112104	1	Environmental > Aquatic > Thermal springs > Hot (42-90C)
Gs0112328	1	Environmental > Terrestrial > Soil > Clay > Contaminated
Gs0112329	1	Host-associated > Arthropoda: Insects > Whole body
Gs0112330	2	Environmental > Terrestrial > Oil reservoir > Oil|Environmental > Terrestrial > Oil reservoir > Produced water
Gs0112331	1	Environmental > Aquatic > Freshwater > Groundwater > Contaminated
Gs0112333	1	Host-associated > Porifera
Gs0112334	1	Environmental > Terrestrial > Soil > Sand > Desert
Gs0112336	1	Engineered > Bioremediation > Hydrocarbon
Gs0112339	2	Environmental > Aquatic > Deep subsurface > Subglacial lake|Environmental > Aquatic > Deep subsurface > Subglacial lake > Sediment
Gs0112340	1	Environmental > Terrestrial > Soil > Wetlands > Permafrost
Gs0112342	1	Environmental > Terrestrial > Deep subsurface
Gs0113397	1	Host-associated > Invertebrates > Cnidaria
Gs0113736	1	Environmental > Aquatic > Freshwater > Wetlands > Sediment
Gs0113739	2	Engineered > Bioreactor|Engineered > Bioreactor > Continuous culture > Marine sediment inoculum
Gs0113752	1	Environmental > Aquatic > Non-marine Saline and Alkaline > Hypersaline > Microbial mats
Gs0113757	1	Host-associated > Mollusca
Gs0113782	1	Environmental > Aquatic > Freshwater > Sediment
Gs0113788	1	Environmental > Aquatic > Marine > Oceanic > Oil-contaminated sediment
Gs0113807	2	Environmental > Aquatic > Marine > Hydrothermal vents|Environmental > Aquatic > Marine > Hydrothermal vents > Black smokers
Gs0113833	1	Environmental > Aquatic > Marine > Hydrothermal vents > Black smokers
Gs0113835	1	Environmental > Aquatic > Freshwater > Lotic
Gs0113836	1	Engineered > Bioreactor > Anaerobic > Biogas
Gs0113839	1	Host-associated > Mollusca > Respiratory system > Gills > Intracellular
Gs0113859	2	Environmental > Terrestrial > Soil > Biocrust|Environmental > Terrestrial > Soil > Sand > Desert
Gs0113865	1	Host-associated > Mammals: Human > Digestive system > Large intestine > Fecal
Gs0113867	1	Host-associated > Mammals > Digestive system > Large intestine > Fecal
Gs0113883	1	Environmental > Aquatic > Thermal springs > Hot (42-90C) > Sediment
Gs0113900	1	Environmental > Aquatic > Marine > Hydrothermal vents > Diffuse flow
Gs0113904	1	Environmental > Terrestrial > Soil > Contaminated
Gs0113905	1	Environmental > Aquatic > Thermal springs > Hot (42-90C) > Sediment
Gs0113935	1	Environmental > Aquatic > Marine > Coastal
Gs0113937	1	Environmental > Aquatic > Marine > Coastal
Gs0113941	1	Environmental > Aquatic > Marine > Oceanic
Gs0113945	1	Environmental > Aquatic > Marine > Hydrothermal vents > Black smokers
Gs0113951	1	Environmental > Aquatic > Freshwater > Lentic > Sediment
Gs0113961	1	Engineered > Wastewater > Industrial wastewater
Gs0113963	2	Host-associated > Mammals: Human > Digestive system > Oral cavity|Host-associated > Mammals: Human > Digestive system > Oral cavity > Subgingival plaque
Gs0113966	3	Environmental > Aquatic > Freshwater > Lake|Environmental > Aquatic > Freshwater > Lake > Algal bloom|Environmental > Aquatic > Freshwater > Lentic
Gs0113988	1	Host-associated > Arthropoda: Insects > Digestive system > Gut
Gs0113990	1	Environmental > Aquatic > Thermal springs > Hot (42-90C) > Microbial mats
Gs0113996	1	Environmental > Aquatic > Non-marine Saline and Alkaline > Hypersaline > Sediment
Gs0113999	2	Environmental > Aquatic > Sediment|Host-associated > Mollusca > Shell
Gs0114002	1	Environmental > Aquatic > Freshwater > Groundwater > Contaminated
Gs0114003	1	Host-associated > Mammals: Human > Digestive system > Large intestine > Fecal
Gs0114021	1	Environmental > Aquatic > Marine > Intertidal zone > Sediment
Gs0114039	1	Engineered > Solid waste > Agricultural waste > Composting > Sugarcane filter cake
Gs0114042	1	Engineered > Wastewater > Activated Sludge
Gs0114049	1	Environmental > Terrestrial > Soil
Gs0114263	1	Environmental > Aquatic > Marine > Coastal
Gs0114265	1	Host-associated > Arthropoda: Crustaceans > Whole body
Gs0114277	1	Engineered > Wastewater > Nutrient removal > Nitrogen removal
Gs0114278	1	Engineered > Wastewater > Anaerobic digestor
Gs0114279	1	Host-associated > Mammals: Human > Digestive system > Oral cavity > Subgingival plaque
Gs0114287	1	Environmental > Aquatic > Marine
Gs0114289	1	Environmental > Terrestrial
Gs0114290	1	Environmental > Aquatic > Freshwater > Lake > Sediment
Gs0114291	2	Host-associated > Fungi|Host-associated > Plants > Phyllosphere > Phylloplane/Leaf
Gs0114292	3	Environmental > Aquatic > Marine > Inlet|Environmental > Aquatic > Marine > Oceanic|Environmental > Aquatic > Non-marine Saline and Alkaline > Saline
Gs0114293	2	Environmental > Terrestrial > Soil > Tropical forest|Environmental > Terrestrial > Soil > Tropical forest > Bulk soil
Gs0114294	1	Host-associated > Fish > Digestive system > Intestine
Gs0114295	1	Environmental > Aquatic > Freshwater > Pond > Sediment
Gs0114296	1	Environmental > Aquatic > Freshwater > Wetlands > Sediment
Gs0114297	3	Host-associated > Plants > Phyllosphere > Phylloplane/Leaf|Host-associated > Plants > Phyllosphere > Phylloplane/Leaf > Endophytes|Host-associated > Plants > Roots > Rhizosphere
Gs0114298	2	Environmental > Terrestrial > Soil > Tundra > Organic layer|Environmental > Terrestrial > Soil > Tundra > Permafrost
Gs0114299	1	Environmental > Aquatic > Freshwater > Groundwater > Coalbed water
Gs0114342	1	Environmental > Aquatic > Non-marine Saline and Alkaline > Saline
Gs0114343	1	Environmental > Aquatic > Marine > Coastal
Gs0114362	1	Environmental > Terrestrial > Soil > Agricultural land
Gs0114365	2	Engineered > Lab synthesis|Environmental > Aquatic > Marine > Oceanic > Sediment
Gs0114366	2	Environmental > Aquatic > Non-marine Saline and Alkaline > Hypersaline|Environmental > Aquatic > Non-marine Saline and Alkaline > Hypersaline > Sediment
Gs0114367	1	Environmental > Aquatic > Non-marine Saline and Alkaline > Salt crystallizer ponds
Gs0114369	1	Environmental > Terrestrial > Soil > Permafrost
Gs0114374	1	Host-associated > Plants > Phyllosphere
Gs0114390	1	Engineered > Bioreactor
Gs0114392	1	Engineered > Lab enrichment
Gs0114393	1	Environmental > Terrestrial > Soil
Gs0114398	3	Host-associated > Algae|Host-associated > Algae > Red algae|Host-associated > Algae > Red algae > Ectosymbionts
Gs0114420	2	Environmental > Aquatic > Marine > Oceanic > Aphotic zone|Environmental > Aquatic > Marine > Oceanic > Photic zone
Gs0114424	1	Host-associated > Arthropoda: Insects > Digestive system > Gut
Gs0114429	1	Host-associated > Algae > Green algae
Gs0114431	1	Environmental > Terrestrial > Soil > Grasslands
Gs0114432	2	Environmental > Terrestrial > Soil|Environmental > Terrestrial > Soil > Agricultural land
Gs0114433	2	Environmental > Aquatic > Marine > Coastal|Environmental > Aquatic > Marine > Intertidal zone > Estuary
Gs0114434	3	Environmental > Terrestrial > Soil > Vadose zone|Environmental > Terrestrial > Soil > Vadose zone > Saprolite|Host-associated > Plants > Roots > Rhizosphere > Soil
Gs0114435	2	Environmental > Aquatic > Marine > Harbor > Sediment|Environmental > Aquatic > Marine > Intertidal zone > Sediment
Gs0114436	1	Environmental > Terrestrial > Soil > Agricultural land
Gs0114441	1	Environmental > Aquatic > Marine > Cold seeps > Sediment
Gs0114443	1	Environmental > Aquatic > Freshwater > Lake
Gs0114445	1	Host-associated > Porifera
Gs0114451	3	Engineered > Wastewater|Environmental > Aquatic > Marine > Neritic zone/Coastal water|Environmental > Aquatic > Marine > Oceanic
Gs0114453	1	Host-associated > Algae > Red algae
Gs0114457	1	Engineered > Wastewater > Activated Sludge
Gs0114459	1	Environmental > Aquatic > Freshwater > Groundwater > Contaminated
Gs0114467	1	Engineered > Solid waste > Agricultural waste > Composting > Sugarcane filter cake
Gs0114469	2	Environmental > Aquatic > Marine > Coastal|Environmental > Aquatic > Marine > Oceanic > Photic zone
Gs0114486	4	Engineered > Lab culture > Culture media|Engineered > Lab enrichment|Environmental > Aquatic > Non-marine Saline and Alkaline > Saline > Sediment|Environmental > Aquatic > Thermal springs > Hot (42-90C)
Gs0114497	1	Environmental > Aquatic > Freshwater > Pond > Sediment
Gs0114511	1	Engineered > WWTP > Effluent > Algae cultivation tank
Gs0114512	1	Environmental > Aquatic > Marine > Coastal > Sediment
Gs0114513	1	Environmental > Terrestrial > Soil
Gs0114514	5	Environmental > Aquatic > Marine > Intertidal zone > Salt pond sediment|Environmental > Aquatic > Marine > Wetlands|Environmental > Aquatic > Marine > Wetlands > Sediment|Environmental > Aquatic > Non-marine Saline and Alkaline > Saline|Environmental > Terrestrial > Soil > Wetlands
Gs0114515	1	Environmental > Terrestrial > Soil > Temperate forest
Gs0114516	1	Environmental > Aquatic > Marine > Intertidal zone > Estuary
Gs0114528	1	Host-associated > Porifera
Gs0114530	3	Engineered > Lab enrichment > Defined media|Engineered > Solid waste > Zoo waste > Composting|Environmental > Terrestrial > Soil
Gs0114534	1	Host-associated > Mammals > Digestive system > Large intestine > Cecum
Gs0114545	1	Host-associated > Protists
Gs0114546	1	Engineered > Food production
Gs0114547	1	Engineered > Modeled > Simulated communities (DNA mixture)
Gs0114554	1	Environmental > Terrestrial > Volcanic
Gs0114557	2	Environmental > Aquatic > Non-marine Saline and Alkaline > Hypersaline|Environmental > Aquatic > Non-marine Saline and Alkaline > Saline
Gs0114559	2	Engineered > Bioreactor > Anaerobic > Biogas|Engineered > Bioreactor > Continuous culture > Marine sediment inoculum
Gs0114560	1	Environmental > Terrestrial > Soil > Grasslands
Gs0114573	1	Environmental > Aquatic > Marine > Volcanic
Gs0114576	2	Environmental > Aquatic > Marine > Aquifer > Formation fluid|Environmental > Aquatic > Marine > Oceanic > Abyssal plane
Gs0114582	1	Environmental > Terrestrial > Soil
Gs0114584	1	Environmental > Aquatic > Freshwater > Sinkhole > Microbial mats
Gs0114588	10	Environmental > Aquatic > Freshwater > Lake|Environmental > Aquatic > Freshwater > Lake > Lake biofilm|Environmental > Aquatic > Freshwater > Pond|Environmental > Aquatic > Freshwater > Puddle|Environmental > Aquatic > Freshwater > River|Environmental > Aquatic > Freshwater > Wetlands > Bog|Environmental > Aquatic > Freshwater > Wetlands > Fen|Environmental > Aquatic > Freshwater > Wetlands > Soil|Environmental > Aquatic > Freshwater > Wetlands > Swamp|Environmental > Terrestrial > Soil
Gs0114594	2	Host-associated > Fungi > Mycelium|Host-associated > Plants > Roots
Gs0114596	1	Host-associated > Plants > Phyllosphere > Caulosphere
Gs0114606	1	Engineered > Modeled > Simulated communities (microbial mixture)
Gs0114608	1	Host-associated > Birds > Digestive system > Large intestine > Ceca
Gs0114610	1	Environmental > Terrestrial > Soil > Permafrost
Gs0114617	1	Environmental > Aquatic > Freshwater > Sediment
Gs0114619	1	Environmental > Aquatic > Thermal springs > Hot (42-90C) > Alkaline
Gs0114622	5	Environmental > Aquatic > Thermal springs > Hot (42-90C)|Environmental > Aquatic > Thermal springs > Hot (42-90C) > Acidic|Environmental > Aquatic > Thermal springs > Near-boiling (>90C) > Alkaline|Environmental > Aquatic > Thermal springs > Tepid (25-34C)|Environmental > Aquatic > Thermal springs > Warm (34-42C)
Gs0114633	1	Host-associated > Mollusca > Respiratory system > Gills
Gs0114640	1	Environmental > Aquatic > Marine
Gs0114650	1	Environmental > Aquatic > Marine
Gs0114663	2	Engineered > Artificial ecosystem > Sand microcosm|Environmental > Aquatic > Freshwater > River > Sediment
Gs0114673	1	Environmental > Aquatic > Non-marine Saline and Alkaline > Hypersaline
Gs0114674	1	Environmental > Aquatic > Non-marine Saline and Alkaline > Hypersaline
Gs0114675	6	Engineered > Industrial production > Chemical products > Input fracking water|Environmental > Aquatic > Deep subsurface > Shale gas/oil reservoir > Produced water/Flow back|Environmental > Aquatic > Freshwater > Lake|Environmental > Aquatic > Freshwater > Water tank|Environmental > Terrestrial > Soil > Wetlands|Host-associated > Mammals > Digestive system > Stomach > Rumen fluid
Gs0114676	2	Environmental > Terrestrial > Soil > Garden|Host-associated > Plants > Roots > Nodule
Gs0114680	1	Engineered > Sewage treatment plant > Wastewater > Activated sludge
Gs0114682	1	Environmental > Terrestrial > Soil > Loam > Forest soil
Gs0114689	1	Environmental > Aquatic > Marine > Oceanic
Gs0114691	1	Engineered > Bioreactor > Anaerobic
Gs0114692	1	Host-associated > Mammals > Digestive system > Large intestine > Cecum
Gs0114700	1	Environmental > Aquatic > Thermal springs > Hot (42-90C)
Gs0114725	2	Environmental > Aquatic > Marine > Hydrothermal vents > Sediment|Environmental > Aquatic > Marine > Oceanic > Sediment
Gs0114726	1	Environmental > Aquatic > Marine > Oceanic > Sediment
Gs0114729	1	Environmental > Aquatic > Thermal springs > Hot (42-90C)
Gs0114734	1	Environmental > Aquatic > Freshwater > Groundwater
Gs0114735	1	Environmental > Aquatic > Freshwater > Subglacial lake
Gs0114738	1	Environmental > Aquatic > Freshwater > Lotic
Gs0114764	1	Host-associated > Mammals > Digestive system > Large intestine > Fecal
Gs0114765	1	Engineered > Lab enrichment > Defined media > Anaerobic media
Gs0114768	1	Environmental > Aquatic > Freshwater > Drinking water
Gs0114771	2	Engineered|Host-associated > Arthropoda: Insects > Digestive system > Gut
Gs0114788	1	Host-associated > Mammals: Human > Digestive system > Large intestine > Fecal
Gs0114789	1	Engineered > Food production
Gs0114793	1	Environmental > Terrestrial > Deep subsurface > Aquifer
Gs0114795	2	Environmental > Aquatic > Marine|Environmental > Aquatic > Marine > Oceanic
Gs0114796	1	Environmental > Terrestrial > Soil
Gs0114805	1	Environmental > Terrestrial > Soil > Contaminated
Gs0114815	1	Environmental > Aquatic > Freshwater > Groundwater > Aquifer
Gs0114816	1	Environmental > Aquatic > Marine
Gs0114818	5	Engineered > Bioreactor > Aerobic > Activated sludge|Environmental > Aquatic > Deep subsurface > Groundwater > Drilled well/Borehole|Environmental > Aquatic > Freshwater > Creek|Environmental > Aquatic > Freshwater > Creek > Sediment|Environmental > Aquatic > Freshwater > River
Gs0114820	2	Environmental > Aquatic > Marine|Environmental > Aquatic > Non-marine Saline and Alkaline > Saline
Gs0114821	1	Environmental > Aquatic > Freshwater > Wetlands
Gs0114833	1	Environmental > Terrestrial > Soil
Gs0114852	1	Environmental > Terrestrial > Geologic
Gs0114871	1	Environmental > Aquatic > Marine > Coastal
Gs0114878	1	Environmental > Terrestrial > Deep subsurface
Gs0114880	2	Environmental > Aquatic > Freshwater > Lake|Environmental > Aquatic > Freshwater > Lake > Algal bloom
Gs0114881	2	Environmental > Aquatic > Marine|Environmental > Aquatic > Marine > Oceanic > Sediment
Gs0114887	1	Engineered > Bioreactor > Anaerobic > Digestate
Gs0114891	1	Host-associated > Invertebrates > Ctenophora
Gs0114901	1	Host-associated > Porifera
Gs0114903	1	Environmental > Aquatic > Freshwater > Lake
Gs0114916	2	Environmental > Aquatic > Marine|Environmental > Aquatic > Marine > Coastal
Gs0114926	1	Environmental > Aquatic > Marine > Hydrothermal vents > Diffuse flow
Gs0116042	2	Environmental > Aquatic > Marine > Hydrothermal vents|Environmental > Aquatic > Marine > Hydrothermal vents > Diffuse flow
Gs0116043	1	Environmental > Aquatic > Marine > Hydrothermal vents
Gs0116053	1	Host-associated > Mammals: Human > Respiratory system > Lung
Gs0116055	1	Environmental > Aquatic > Marine > Coastal > Sediment
Gs0116195	1	Environmental > Aquatic > Marine > Hydrothermal vents
Gs0116196	6	Engineered > Industrial production > Chemical products > Reagent blank|Environmental > Aquatic > Freshwater > Lake > Microbial mats|Environmental > Aquatic > Freshwater > Lake > Sediment|Environmental > Aquatic > Thermal springs > Hot (42-90C)|Environmental > Aquatic > Thermal springs > Hot (42-90C) > Microbial mats|Environmental > Aquatic > Thermal springs > Hot (42-90C) > Sediment
Gs0116197	1	Engineered > Bioreactor > Anaerobic > Digestate
Gs0116204	1	Environmental > Terrestrial > Oil reservoir > Produced water
Gs0116207	1	Environmental > Terrestrial > Rock-dwelling (subaerial biofilms)
Gs0116220	1	Engineered > Bioreactor > Anaerobic > Sludge
Gs0116222	1	Environmental > Aquatic > Non-marine Saline and Alkaline > Hypersaline
Gs0116224	1	Environmental > Aquatic > Non-marine Saline and Alkaline > Hypersaline
Gs0116231	1	Environmental > Aquatic > Marine
Gs0116259	2	Engineered > Lab enrichment > Defined media|Environmental > Aquatic > Thermal springs > Sediment
Gs0116262	1	Host-associated > Mammals > Digestive system > Large intestine > Fecal
Gs0116268	1	Environmental > Terrestrial > Soil > Sand > Desert
Gs0116270	1	Environmental > Terrestrial > Soil
Gs0116272	1	Host-associated > Plants > Phyllosphere > Phylloplane/Leaf
Gs0116274	1	Host-associated > Mammals > Digestive system > Large intestine > Fecal
Gs0116283	1	Engineered > Modeled > Simulated communities (sequence read mixture)
Gs0116287	1	Host-associated > Mammals > Digestive system > Stomach > Rumen
Gs0116288	1	Environmental > Aquatic > Freshwater > Sediment
Gs0116289	1	Environmental > Aquatic > Freshwater > Lake
Gs0116308	1	Environmental > Aquatic > Marine
Gs0116324	1	Environmental > Aquatic > Freshwater > Lake
Gs0116325	1	Environmental > Aquatic > Non-marine Saline and Alkaline > Hypersaline
Gs0116328	1	Host-associated > Invertebrates > Cnidaria
Gs0116333	3	Host-associated > Mollusca > Respiratory system|Host-associated > Mollusca > Respiratory system > Gills > Intracellular|Host-associated > Porifera
Gs0116709	4	Environmental > Aquatic > Thermal springs > Hot (42-90C)|Environmental > Aquatic > Thermal springs > Hot (42-90C) > Neutral|Environmental > Aquatic > Thermal springs > Near-boiling (>90C) > Alkaline|Environmental > Aquatic > Thermal springs > Warm (34-42C)
Gs0116711	1	Host-associated > Invertebrates > Cnidaria
Gs0116713	1	Environmental > Terrestrial > Soil > Sand > Desert
Gs0116716	1	Environmental > Terrestrial > Soil > Permafrost
Gs0116717	1	Engineered > Industrial production > Engineered product
Gs0116720	1	Host-associated > Mammals > Digestive system > Stomach > Rumen
Gs0116788	1	Host-associated > Mammals > Digestive system > Large intestine > Fecal
Gs0116794	1	Environmental > Aquatic > Marine > Hydrothermal vents > Diffuse flow
Gs0116796	1	Environmental > Aquatic > Marine > Oceanic
Gs0116800	1	Engineered > Wastewater > Activated Sludge
Gs0116805	1	Environmental > Terrestrial > Soil
Gs0116807	1	Environmental > Aquatic > Non-marine Saline and Alkaline > Hypersaline
Gs0116808	1	Environmental > Aquatic > Marine
Gs0116824	1	Engineered > Lab enrichment > Defined media > Anaerobic media
Gs0116837	1	Environmental > Aquatic > Marine
Gs0116840	3	Environmental > Aquatic > Marine|Environmental > Aquatic > Marine > Oceanic > Oil-contaminated sediment|Environmental > Aquatic > Marine > Oceanic > Sediment
Gs0116841	1	Environmental > Aquatic > Marine > Coastal > Sediment
Gs0116847	1	Host-associated > Mammals: Human > Digestive system > Large intestine > Fecal
Gs0116849	1	Engineered > Wastewater > Industrial wastewater
Gs0116869	1	Engineered > Wastewater > Activated Sludge
Gs0116874	1	Environmental > Aquatic > Freshwater > Pond
Gs0117418	1	Host-associated > Plants > Roots > Rhizosphere
Gs0117429	1	Environmental > Aquatic > Freshwater > River > Sediment
Gs0117432	2	Host-associated > Invertebrates > Cnidaria|Host-associated > Invertebrates > Cnidaria > Coral
Gs0117433	1	Environmental > Terrestrial > Soil > Boreal forest/Taiga
Gs0117456	1	Engineered > Solid waste > Animal waste
Gs0117458	1	Environmental > Aquatic > Freshwater > Lake
Gs0117459	1	Environmental > Terrestrial > Deep subsurface
Gs0117460	1	Environmental > Terrestrial > Deep subsurface
Gs0117465	1	Host-associated > Porifera > Sponge
Gs0117787	2	Environmental > Aquatic > Marine > Volcanic|Host-associated > Porifera
Gs0117790	1	Engineered > Wastewater > Anaerobic digestor
Gs0117794	1	Engineered > Wastewater
Gs0117798	2	Environmental > Aquatic > Marine > Coastal|Environmental > Aquatic > Marine > Neritic zone/Coastal water
Gs0117801	1	Environmental > Terrestrial > Soil
Gs0117802	1	Environmental > Aquatic > Freshwater > Sediment
Gs0117841	3	Host-associated > Microbial|Host-associated > Porifera|Host-associated > Porifera > Sponge
Gs0117866	1	Host-associated > Annelida
Gs0117876	1	Engineered > Built environment > Pipeline > Drinking water pipeline > Biofilm
Gs0117890	1	Environmental > Terrestrial > Oil reservoir
Gs0117902	2	Engineered > Lab enrichment > Defined media > Anaerobic media|Environmental > Aquatic > Sediment
Gs0117903	1	Environmental > Aquatic > Freshwater > Lake > Cyanobacterial bloom
Gs0117904	1	Environmental > Aquatic > Freshwater > Lake > Cyanobacterial bloom
Gs0117905	1	Environmental > Aquatic > Freshwater > Lake
Gs0117907	1	Environmental > Aquatic > Freshwater > Lake
Gs0117908	1	Environmental > Aquatic > Freshwater > Lake
Gs0117909	1	Environmental > Aquatic > Freshwater > Lake
Gs0117910	1	Environmental > Aquatic > Freshwater > Lake > Cyanobacterial bloom
Gs0117912	1	Host-associated > Mammals > Nervous system > Brain
Gs0117913	1	Host-associated > Mammals > Digestive system > Stomach > Rumen
Gs0117923	3	Environmental > Aquatic > Marine|Environmental > Aquatic > Non-marine Saline and Alkaline|Environmental > Aquatic > Non-marine Saline and Alkaline > Hypersaline
Gs0117924	2	Environmental > Aquatic > Non-marine Saline and Alkaline|Environmental > Aquatic > Non-marine Saline and Alkaline > Hypersaline
Gs0117927	1	Environmental > Aquatic > Non-marine Saline and Alkaline > Hypersaline
Gs0117928	1	Environmental > Aquatic > Marine > Oceanic > Photic zone
Gs0117930	1	Host-associated > Arthropoda: Insects > Digestive system > Gut
Gs0117934	1	Engineered > Bioreactor
Gs0117935	1	Host-associated > Mammals: Human > Digestive system > Small intestine > Ileostomy effluent
Gs0117937	1	Host-associated > Plants > Phyllosphere > Carposphere
Gs0117938	1	Environmental > Aquatic > Marine
Gs0117939	3	Engineered > Food production > Dairy products|Engineered > Food production > Dairy products > Fermented dairy products|Engineered > Food production > Dairy products > Fermented dairy products > Cheese
Gs0117940	6	Host-associated > Reptilia > Circulatory system > Heart|Host-associated > Reptilia > Digestive system|Host-associated > Reptilia > Digestive system > Biliary tract > Liver|Host-associated > Reptilia > Nervous system > Brain|Host-associated > Reptilia > Respiratory system > Lung|Host-associated > Reptilia > Urinary system > Kidney
Gs0117941	1	Host-associated > Mammals > Digestive system > Large intestine > Fecal
Gs0117942	1	Host-associated > Fish > Digestive system > Intestine
Gs0117943	1	Host-associated > Mammals: Human > Cell culture > HuSC
Gs0117944	1	Environmental > Aquatic > Marine
Gs0117945	1	Host-associated > Arthropoda: Insects > Whole body > No thorax
Gs0117946	3	Environmental > Aquatic > Marine|Environmental > Aquatic > Marine > Oceanic|Environmental > Aquatic > Marine > Pelagic zone
Gs0117947	1	Host-associated > Mammals > Digestive system > Stomach > Forestomach
Gs0117948	2	Host-associated > Mammals > Digestive system > Large intestine|Host-associated > Mammals > Digestive system > Stomach > Forestomach
Gs0117949	1	Host-associated > Mammals > Digestive system > Large intestine > Fecal
Gs0117950	1	Environmental > Aquatic > Marine > Hypoxic zone
Gs0117951	1	Environmental > Aquatic > Marine > Hypoxic zone
Gs0117952	1	Environmental > Aquatic > Marine > Hydrothermal vents
Gs0117953	1	Environmental > Aquatic > Marine
Gs0117954	1	Environmental > Terrestrial > Soil
Gs0117955	1	Environmental > Terrestrial > Soil > Wetlands
Gs0117956	1	Host-associated > Plants > Roots > Rhizosphere > Soil
Gs0117957	1	Environmental > Aquatic > Thermal springs > Hot (42-90C) > Microbial mats
Gs0117958	1	Environmental > Aquatic > Freshwater > Groundwater
Gs0117959	1	Engineered > Bioreactor > Anaerobic > Sludge
Gs0117960	1	Host-associated > Mammals: Human > Digestive system > Large intestine > Fecal
Gs0117961	1	Environmental > Aquatic > Marine > Hydrothermal vents
Gs0117962	1	Environmental > Aquatic > Marine > Oceanic
Gs0117963	1	Environmental > Aquatic > Marine > Oceanic
Gs0117964	1	Environmental > Aquatic > Freshwater > Lake
Gs0117965	2	Environmental > Aquatic > Marine|Environmental > Aquatic > Marine > Oceanic
Gs0117966	1	Host-associated > Arthropoda: Insects > Larva > Gut
Gs0117967	1	Environmental > Aquatic > Marine > Oceanic
Gs0117968	1	Environmental > Aquatic > Marine > Oceanic
Gs0117969	1	Engineered > Wastewater > Activated Sludge
Gs0117970	1	Host-associated > Porifera
Gs0117971	1	Environmental > Aquatic > Freshwater > Lake
Gs0117972	1	Environmental > Aquatic > Freshwater > Pond
Gs0117973	1	Environmental > Aquatic > Freshwater > Lake > Microbial mats
Gs0117974	1	Engineered > Lab enrichment > Defined media > Marine media
Gs0117975	1	Environmental > Aquatic > Non-marine Saline and Alkaline > Saline > Microbial mats
Gs0117976	1	Host-associated > Mammals > Digestive system > Stomach > Rumen
Gs0117977	1	Environmental > Aquatic > Marine > Oceanic
Gs0117978	1	Environmental > Aquatic > Marine > Oceanic
Gs0117979	1	Engineered > Lab enrichment > Defined media > Anaerobic media
Gs0117980	1	Environmental > Terrestrial > Soil > Paddy field/soil
Gs0117981	1	Environmental > Aquatic > Freshwater > Groundwater > Acid Mine Drainage
Gs0117982	1	Environmental > Aquatic > Marine > Pelagic zone
Gs0117983	2	Environmental > Aquatic > Marine|Environmental > Aquatic > Marine > Oceanic
Gs0117984	3	Environmental > Aquatic > Freshwater > River|Environmental > Aquatic > Marine|Environmental > Aquatic > Marine > Oceanic
Gs0117985	1	Environmental > Aquatic > Marine > Oceanic
Gs0117986	1	Environmental > Aquatic > Marine > Oceanic
Gs0117987	1	Environmental > Aquatic > Marine > Coastal
Gs0117988	1	Environmental > Aquatic > Thermal springs > Hot (42-90C)
Gs0117989	1	Environmental > Aquatic > Marine > Hydrothermal vents > Sediment
Gs0117990	1	Environmental > Aquatic > Marine
Gs0117991	1	Environmental > Aquatic > Marine > Pelagic zone
Gs0117992	1	Environmental > Terrestrial > Soil > Temperate forest > O horizon/Organic
Gs0117993	1	Engineered > Bioreactor > Anaerobic
Gs0117994	1	Environmental > Aquatic > Marine
Gs0117995	1	Environmental > Aquatic > Marine
Gs0118000	1	Host-associated > Mammals: Human > Digestive system > Large intestine > Fecal
Gs0118001	1	Host-associated > Mammals: Human > Digestive system > Large intestine > Fecal
Gs0118002	1	Host-associated > Plants > Roots > Rhizosphere > Soil
Gs0118003	1	Environmental > Aquatic > Freshwater > Lake
Gs0118005	1	Engineered > Food production > Fermented vegetables
Gs0118007	1	Environmental > Aquatic > Thermal springs
Gs0118008	1	Environmental > Aquatic > Marine > Coastal
Gs0118010	1	Environmental > Terrestrial > Soil > Paddy field/soil
Gs0118011	1	Environmental > Aquatic > Freshwater > Lake
Gs0118016	1	Host-associated > Microbial > Bacteria
Gs0118034	1	Environmental > Aquatic > Thermal springs > Hot (42-90C)
Gs0118053	1	Engineered > Wastewater > Activated Sludge
Gs0118068	2	Environmental > Terrestrial > Soil > Floodplain|Environmental > Terrestrial > Soil > Riparian zone
Gs0118069	2	Environmental > Aquatic > Freshwater > Ice > Glacier meltwater|Environmental > Aquatic > Freshwater > Ice > Liftoff microbial mat
Gs0118070	1	Environmental > Aquatic > Freshwater > Lake > Sediment
Gs0118071	1	Environmental > Aquatic > Marine > Cold seeps
Gs0118072	2	Engineered > Built environment|Engineered > Built environment > Drinking water treatment plant > Drinking water
Gs0118073	1	Environmental > Aquatic > Aquaculture
Gs0118086	1	Environmental > Aquatic > Non-marine Saline and Alkaline > Hypersaline
Gs0118092	1	Environmental > Terrestrial > Soil > Sand > Desert
Gs0118094	1	Environmental > Aquatic > Marine > Coastal
Gs0118095	1	Environmental > Aquatic > Freshwater > Groundwater > Contaminated
Gs0118096	1	Environmental > Aquatic > Freshwater > Lake
Gs0118102	1	Environmental > Terrestrial > Soil
Gs0118104	1	Host-associated > Arthropoda: Crustaceans > Respiratory system > Gill/Bronchial chamber
Gs0118122	1	Environmental > Aquatic > Marine > Coastal
Gs0118131	2	Host-associated > Plants > Phyllosphere > Phylloplane/Leaf|Host-associated > Plants > Roots
Gs0118183	1	Engineered > Wastewater
Gs0118184	1	Engineered > Modeled > Simulated communities (sequence read mixture)
Gs0118187	1	Engineered > Wastewater > Sewage
Gs0118188	1	Environmental > Aquatic > Freshwater
Gs0118189	1	Environmental > Aquatic > Freshwater
Gs0118191	1	Environmental > Aquatic > Marine > Coastal > Sediment
Gs0118208	1	Environmental > Aquatic > Thermal springs > Hot (42-90C) > Alkaline
Gs0118233	1	Environmental > Aquatic > Marine > Benthic > Wood fall
Gs0118249	1	Environmental > Aquatic > Freshwater > Lake
Gs0118376	1	Environmental > Aquatic > Thermal springs > Warm (34-42C)
Gs0118381	1	Environmental > Aquatic > Marine
Gs0118387	1	Host-associated > Fungi > Lichen
Gs0118388	1	Host-associated > Porifera
Gs0118389	1	Engineered > Paper > Currency notes
Gs0118397	3	Engineered > Lab culture > Culture media > Fungi|Engineered > Modeled > Simulated communities (microbial mixture)|Host-associated > Mammals > Digestive system > Large intestine > Fecal
Gs0118423	9	Engineered > Bioremediation > Hydrocarbon|Engineered > Built environment > Oil refinery|Engineered > Built environment > Tailings pond|Engineered > Built environment > Tailings pond > Wastewater|Engineered > Wastewater > Industrial wastewater > Mine water > Produced water|Environmental > Terrestrial > Asphalt lakes > Tar|Environmental > Terrestrial > Deep subsurface > Coalbed methane well > Coal core|Environmental > Terrestrial > Oil reservoir > Produced water|Environmental > Terrestrial > Oil reservoir > Sediment
Gs0118429	1	Environmental > Aquatic > Marine > Hydrothermal vents > Sediment
Gs0118430	1	Environmental > Aquatic > Freshwater > Lake
Gs0118431	6	Environmental > Aquatic > Deep subsurface > Groundwater > Cave microbial mat|Environmental > Aquatic > Deep subsurface > Shale gas/oil reservoir > Produced water/Flow back|Environmental > Aquatic > Non-marine Saline and Alkaline > Salt marsh|Environmental > Terrestrial > Deep subsurface > Fracking water|Environmental > Terrestrial > Deep subsurface > Rock core/Sediment|Host-associated > Mammals > Digestive system > Large intestine > Fecal
Gs0118432	1	Environmental > Aquatic > Marine > Oceanic
Gs0118433	1	Environmental > Aquatic > Freshwater > Wetlands > Sediment
Gs0118434	5	Environmental > Aquatic > Deep subsurface > Groundwater > Cave microbial mat|Environmental > Aquatic > Marine > Ocean trench > Sediment|Environmental > Aquatic > Marine > Oceanic > Sediment|Environmental > Aquatic > Marine > Volcanic|Environmental > Terrestrial > Deep subsurface > Cave > Wall biofilm
Gs0118444	12	Engineered > Built environment > Canal|Engineered > Built environment > City|Engineered > Built environment > City > Park|Engineered > Built environment > City > Subway|Engineered > Built environment > City > Subway > Bench surface|Engineered > Built environment > City > Subway > Concrete surface|Engineered > Built environment > City > Subway > Metal surface|Engineered > Built environment > City > Subway > Plastic surface|Engineered > Built environment > City > Subway > Stone surface|Engineered > Built environment > City > Subway > Wooden surface|Engineered > Lab synthesis|Host-associated > Fish > Digestive system > Intestine
Gs0118445	1	Host-associated > Mammals > Digestive system > Large intestine > Fecal
Gs0118446	1	Environmental > Terrestrial > Soil > Sand
Gs0118447	1	Host-associated > Invertebrates > Cnidaria > Coral
Gs0118448	2	Environmental > Terrestrial > Soil|Environmental > Terrestrial > Soil > Farm
Gs0118449	2	Environmental > Aquatic > Freshwater > Lake|Environmental > Aquatic > Freshwater > Sediment
Gs0118450	1	Host-associated > Mammals: Human > Digestive system > Large intestine > Fecal
Gs0118451	1	Host-associated > Mammals: Human > Digestive system > Oral cavity
Gs0118452	4	Engineered > Built environment > House|Host-associated > Mammals > Integumentary system > Skin > Paw pad|Host-associated > Mammals > Integumentary system > Skin > Rhinarium|Host-associated > Mammals: Human > Integumentary system > Skin > Skin surface
Gs0118454	1	Host-associated > Mammals > Multiple systems > Multiple organs > Pooled tissues
Gs0118455	1	Environmental > Aquatic > Marine > Hypoxic zone
Gs0118456	1	Host-associated > Mammals: Human > Remains > Skeletonized remains > Dental calculus
Gs0118457	1	Engineered > Built environment > Water treatment plant
Gs0118458	1	Environmental > Aquatic > Marine > Coastal > Sediment
Gs0118459	1	Host-associated > Arthropoda: Insects > Whole body
Gs0118460	3	Host-associated > Fungi > Fruiting body|Host-associated > Fungi > Mycelium|Host-associated > Plants > Roots
Gs0118462	1	Environmental > Terrestrial > Soil
Gs0118495	1	Environmental > Aquatic > Marine > Oceanic > Sediment
Gs0118500	1	Environmental > Aquatic > Marine > Sediment
Gs0118514	2	Engineered > Lab culture > Culture media > Fungi|Host-associated > Fungi > Mycelium
Gs0118519	1	Host-associated > Algae > Green algae
Gs0118520	1	Host-associated > Microbial > Bacteria
Gs0118537	1	Environmental > Terrestrial > Geologic
Gs0118539	1	Environmental > Aquatic > Marine > Intertidal zone > Sediment
Gs0118554	1	Environmental > Terrestrial > Soil
Gs0118556	1	Engineered > Bioreactor > Continuous culture > Marine sediment inoculum
Gs0118564	1	Environmental > Aquatic > Thermal springs > Hot (42-90C) > Acidic
Gs0118565	1	Engineered > Built environment
Gs0118567	1	Engineered > Bioreactor > Photobioreactor (PBR) > Biofilm
Gs0118568	1	Engineered > Bioreactor
Gs0118569	1	Engineered > Bioreactor > Anaerobic
Gs0118570	1	Engineered > Food production > Fermented beverages
Gs0118571	1	Engineered > Modeled > Simulated communities (microbial mixture)
Gs0118573	1	Engineered > Modeled > Simulated communities (microbial mixture)
Gs0118574	1	Engineered > Wastewater > Activated Sludge
Gs0118575	8	Engineered > Wastewater > Activated Sludge|Engineered > Wastewater > Anaerobic digestor|Environmental > Aquatic|Environmental > Aquatic > Aquaculture|Environmental > Aquatic > Freshwater|Environmental > Aquatic > Freshwater > Sediment|Environmental > Aquatic > Marine > Oceanic > Sediment|Environmental > Aquatic > Sediment
Gs0118576	1	Engineered > Wastewater > Activated Sludge
Gs0118577	1	Engineered > Wastewater > Activated Sludge
Gs0118578	4	Engineered > Wastewater > Activated Sludge|Environmental > Terrestrial > Soil|Environmental > Terrestrial > Soil > Agricultural land|Host-associated > Mammals: Human > Digestive system > Large intestine > Fecal
Gs0118579	1	Engineered > Wastewater > Activated Sludge
Gs0118580	1	Engineered > Wastewater > Activated Sludge
Gs0118581	1	Engineered > Wastewater > Anaerobic digestor
Gs0118582	1	Engineered > Sewage treatment plant > Wastewater
Gs0118583	1	Engineered > Wastewater > Industrial wastewater
Gs0118584	1	Engineered > Wastewater > Nutrient removal > Biological phosphorus removal > Activated sludge
Gs0118585	1	Engineered > Wastewater > Nutrient removal > Biological phosphorus removal > Bioreactor
Gs0118586	1	Environmental > Aquatic > Aquaculture > Shrimp pond
Gs0118587	1	Environmental > Aquatic > Freshwater > Drinking water > Delivery networks
Gs0118588	1	Environmental > Aquatic > Freshwater > Drinking water
Gs0118589	1	Environmental > Aquatic > Freshwater > Drinking water
Gs0118590	1	Environmental > Aquatic > Freshwater > Drinking water
Gs0118591	2	Environmental > Aquatic > Freshwater|Environmental > Aquatic > Freshwater > Harbor
Gs0118592	1	Environmental > Aquatic > Freshwater > Ice > Glacier
Gs0118593	1	Environmental > Aquatic > Non-marine Saline and Alkaline > Saline > Sediment
Gs0118594	1	Environmental > Aquatic > Freshwater > Lake > Sediment
Gs0118595	1	Environmental > Aquatic > Freshwater > Pond > Sediment
Gs0118596	1	Environmental > Aquatic > Freshwater > River
Gs0118597	1	Environmental > Aquatic > Freshwater
Gs0118598	2	Environmental > Aquatic > Freshwater > Wetlands|Host-associated > Birds > Digestive system > Large intestine > Fecal
Gs0118599	1	Environmental > Aquatic > Marine > Coastal > Sediment
Gs0118600	1	Environmental > Aquatic > Marine > Coastal
Gs0118601	1	Environmental > Aquatic > Marine > Intertidal zone > Microbialites
Gs0118602	1	Environmental > Aquatic > Marine > Oceanic > Photic zone
Gs0118603	3	Environmental > Aquatic > Marine > Oceanic|Environmental > Aquatic > Marine > Oceanic > Sediment|Host-associated > Mammals: Human > Digestive system > Oral cavity
Gs0118604	1	Environmental > Aquatic > Marine > Oceanic
Gs0118605	1	Environmental > Aquatic > Marine > Oceanic
Gs0118606	1	Environmental > Aquatic > Marine > Oceanic
Gs0118607	1	Environmental > Aquatic > Marine > Oceanic
Gs0118608	1	Environmental > Aquatic > Marine > Oceanic
Gs0118609	1	Environmental > Aquatic > Marine > Pelagic zone
Gs0118610	1	Environmental > Aquatic > Thermal springs > Hot (42-90C)
Gs0118611	1	Environmental > Aquatic
Gs0118612	1	Environmental > Terrestrial > Deep subsurface > Aquifer
Gs0118613	1	Environmental > Aquatic > Non-marine Saline and Alkaline > Alkaline > Mine pit pond
Gs0118614	1	Environmental > Terrestrial > Oil reservoir
Gs0118615	1	Environmental > Terrestrial > Soil > Fossil
Gs0118616	1	Environmental > Terrestrial > Soil > Paddy field/soil
Gs0118617	1	Environmental > Terrestrial > Soil > Agricultural land
Gs0118618	2	Environmental > Terrestrial > Soil|Environmental > Terrestrial > Soil > Temperate forest > Bulk soil
Gs0118619	1	Environmental > Terrestrial > Soil > Tropical forest > Bulk soil
Gs0118621	1	Environmental > Terrestrial > Soil > Permafrost
Gs0118622	1	Environmental > Terrestrial > Soil
Gs0118623	1	Environmental > Terrestrial > Soil
Gs0118624	1	Host-associated > Plants > Roots > Rhizosphere > Soil
Gs0118625	1	Environmental > Terrestrial > Soil > Wetlands
Gs0118626	1	Host-associated > Arthropoda: Insects > Digestive system > Gut
Gs0118627	1	Host-associated > Arthropoda: Crustaceans > Digestive system > Gut
Gs0118628	1	Host-associated > Arthropoda: Insects > Digestive system > Gut
Gs0118629	1	Host-associated > Arthropoda: Insects > Reproductive system > Ovaries
Gs0118630	2	Host-associated > Arthropoda: Crustaceans > Digestive system > Gut|Host-associated > Arthropoda: Crustaceans > Whole body
Gs0118631	1	Host-associated > Arthropoda: Insects > Circulatory system > Hemolymph
Gs0118632	1	Host-associated > Birds > Digestive system > Large intestine > Fecal
Gs0118633	1	Host-associated > Invertebrates > Cnidaria
Gs0118634	1	Host-associated > Invertebrates > Echinodermata
Gs0118635	1	Host-associated > Fish > Integumentary system > Skin > Epidermal mucus
Gs0118636	1	Host-associated > Mammals: Human > Circulatory system > Blood > Plasma
Gs0118637	1	Host-associated > Mammals: Human > Circulatory system > Blood > Serum
Gs0118638	1	Host-associated > Mammals: Human > Digestive system > Large intestine > Fecal
Gs0118639	2	Host-associated > Mammals: Human > Digestive system > Large intestine > Fecal|Host-associated > Mammals: Human > Remains > Skeletonized remains > Tooth
Gs0118640	1	Host-associated > Mammals: Human > Digestive system > Large intestine > Fecal
Gs0118641	1	Host-associated > Mammals: Human > Digestive system > Large intestine > Fecal
Gs0118642	1	Host-associated > Mammals: Human > Digestive system > Oral cavity > Saliva
Gs0118643	1	Host-associated > Mammals: Human > Digestive system > Large intestine > Fecal
Gs0118644	1	Host-associated > Mammals: Human > Respiratory system > Sputum/Phlegm
Gs0118645	1	Host-associated > Mammals: Human > Remains > Mummified remains > Lungs
Gs0118646	1	Host-associated > Mammals: Human > Integumentary system > Skin
Gs0118647	1	Host-associated > Arthropoda: Insects > Whole body
Gs0118648	1	Host-associated > Invertebrates > Nematoda
Gs0118649	1	Host-associated > Mammals > Digestive system > Large intestine > Fecal
Gs0118650	1	Host-associated > Mammals > Digestive system > Large intestine > Fecal
Gs0118651	1	Host-associated > Mammals > Digestive system > Large intestine > Fecal
Gs0118652	1	Host-associated > Mammals > Digestive system > Large intestine > Fecal
Gs0118653	1	Host-associated > Mammals > Digestive system > Large intestine > Fecal
Gs0118654	1	Host-associated > Mammals > Digestive system > Stomach > Rumen
Gs0118655	1	Host-associated > Mammals > Digestive system > Stomach > Rumen
Gs0118656	1	Host-associated > Mammals > Digestive system > Large intestine > Fecal
Gs0118657	1	Host-associated > Microbial > Bacteria
Gs0118658	1	Host-associated > Plants > Roots > Rhizosphere > Soil
Gs0118659	1	Host-associated > Porifera
Gs0118660	1	Engineered > Wastewater > Anaerobic digestor
Gs0118663	1	Environmental > Aquatic > Marine > Hydrothermal vents > Sediment
Gs0118674	1	Engineered > Wastewater > Anaerobic digestor
Gs0118677	1	Host-associated > Plants > Peat moss
Gs0118678	2	Environmental > Aquatic > Thermal springs > Hot (42-90C) > Sediment|Environmental > Terrestrial > Deep subsurface > Cave > Wall biofilm
Gs0118679	1	Engineered > Bioreactor > Anaerobic
Gs0118692	1	Environmental > Aquatic > Marine > Hydrothermal vents > Microbial mats
Gs0118704	2	Environmental > Aquatic > Thermal springs > Hot (42-90C) > Neutral|Environmental > Aquatic > Thermal springs > Hot (42-90C) > Sediment
Gs0118718	1	Host-associated > Mammals > Digestive system > Stomach > Rumen
Gs0118722	1	Environmental > Aquatic > Freshwater > River > Sediment
Gs0118723	2	Environmental > Aquatic > Freshwater > Lake > Sediment|Environmental > Aquatic > Freshwater > River > Sediment
Gs0118754	2	Environmental > Terrestrial > Soil > Agricultural land|Host-associated > Plants > Roots > Rhizosphere > Soil
Gs0118783	1	Environmental > Aquatic > Marine > Intertidal zone > Mangrove sediment
Gs0118791	1	Engineered > Wastewater > Industrial wastewater > Petrochemical
Gs0118793	3	Engineered > Bioreactor > Thiocyanate-remediating > Anaerobic-Aerobic|Engineered > Bioreactor > Wastewater > Cyanide/thiocyanate|Engineered > Bioremediation > Thiocyanate
Gs0118797	2	Environmental > Aquatic > Marine > Cold seeps > Sediment|Environmental > Aquatic > Sediment
Gs0118864	1	Environmental > Aquatic > Marine > Cold seeps > Sediment
Gs0118865	1	Engineered > Modeled > Simulated communities (microbial mixture) > Plant nodule
Gs0118875	1	Environmental > Terrestrial > Deep subsurface > Aquifer
Gs0120337	1	Host-associated > Mammals: Human > Digestive system > Oral cavity > Saliva
Gs0120342	1	Environmental > Aquatic > Marine > Epipelagic
Gs0120349	1	Environmental > Terrestrial > Soil > Grasslands
Gs0120350	5	Environmental > Terrestrial > Soil > Agricultural land|Environmental > Terrestrial > Soil > Grasslands|Environmental > Terrestrial > Soil > Oak savanna|Environmental > Terrestrial > Soil > Temperate forest|Environmental > Terrestrial > Soil > Temperate forest > Bulk soil
Gs0120351	1	Environmental > Aquatic > Marine > Continental margin > Sediment
Gs0120355	1	Environmental > Aquatic > Thermal springs > Hot (42-90C) > Sediment
Gs0120356	1	Engineered > Bioreactor > Anaerobic
Gs0120360	3	Engineered > Built environment > Hospital > ICU > Floor|Engineered > Built environment > House|Engineered > Built environment > Spacecraft Assembly Cleanrooms > Gowning room > Floor
Gs0120362	1	Environmental > Aquatic > Marine > Fossil > Whale fall
Gs0120383	1	Environmental > Aquatic > Marine > Pelagic zone
Gs0120393	1	Host-associated > Mammals > Digestive system > Stomach > Rumen
Gs0120397	1	Environmental > Aquatic
Gs0120398	1	Host-associated > Mammals > Digestive system > Large intestine > Fecal
Gs0120399	2	Host-associated > Plants > Phyllosphere > Caulosphere|Host-associated > Plants > Roots
Gs0120400	2	Environmental > Aquatic|Environmental > Aquatic > Sediment
Gs0120411	1	Environmental > Aquatic > Thermal springs > Hot (42-90C) > Alkaline
Gs0120415	1	Engineered > Wastewater > Activated Sludge
Gs0120421	1	Environmental > Aquatic > Thermal springs > Hot (42-90C) > Alkaline
Gs0120437	2	Engineered > WWTP > Activated sludge|Engineered > Wastewater > Activated Sludge
Gs0120440	2	Host-associated > Porifera|Host-associated > Porifera > Sponge
Gs0120443	1	Host-associated > Microbial > Bacteria
Gs0120447	2	Host-associated > Arthropoda: Insects > Digestive system > Gut|Host-associated > Arthropoda: Insects > Digestive system > Hindgut
Gs0120452	2	Environmental > Aquatic > Freshwater > Lake > Sediment|Environmental > Aquatic > Marine > Intertidal zone > Salt marsh
Gs0120455	1	Environmental > Aquatic > Thermal springs > Sediment
Gs0120457	2	Environmental > Aquatic > Marine|Environmental > Aquatic > Marine > Oceanic > Photic zone
Gs0120458	1	Host-associated > Plants > Roots > Rhizosphere
Gs0120461	2	Host-associated > Invertebrates > Cnidaria|Host-associated > Invertebrates > Cnidaria > Coral > Surface
Gs0121252	1	Engineered > Wastewater > Industrial wastewater > Mine water
Gs0121266	1	Engineered > Wastewater > Industrial wastewater > Petrochemical
Gs0121267	1	Host-associated > Microbial > Bacteria
Gs0121288	1	Environmental > Aquatic > Marine > Coastal
Gs0121289	1	Host-associated > Mammals: Human > Integumentary system > Skin > Skin surface
Gs0121290	1	Environmental > Aquatic > Freshwater > Groundwater
Gs0121291	1	Host-associated > Fungi > Lichen
Gs0121292	1	Environmental > Aquatic > Freshwater > Drinking water
Gs0121293	1	Environmental > Aquatic > Thermal springs > Hot (42-90C) > Alkaline
Gs0121294	1	Engineered > Bioremediation > Hydrocarbon
Gs0121295	1	Host-associated > Mammals: Human > Digestive system > Biliary tract > Bile ducts: Bile
Gs0121296	1	Host-associated > Mammals: Human > Digestive system > Pharynx/Throat > Oropharynx
Gs0121297	1	Host-associated > Mammals: Human > Digestive system > Large intestine > Fecal
Gs0121298	1	Environmental > Aquatic > Freshwater > Lake > Sediment
Gs0121299	1	Host-associated > Mammals: Human > Digestive system > Large intestine > Fecal
Gs0121300	1	Environmental > Aquatic > Marine > Oceanic > Sediment
Gs0121301	1	Host-associated > Mammals: Human > Digestive system > Large intestine > Fecal
Gs0121302	1	Host-associated > Porifera > Sponge
Gs0121303	1	Engineered > Wastewater > Industrial wastewater
Gs0121304	1	Environmental > Aquatic > Freshwater > Lake
Gs0121305	1	Host-associated > Mammals > Digestive system > Large intestine > Fecal
Gs0121306	1	Host-associated > Mammals: Human > Digestive system > Large intestine > Fecal
Gs0121307	1	Host-associated > Tunicates > Ascidians
Gs0121308	1	Environmental > Aquatic > Marine > Coastal > Sediment
Gs0121309	1	Host-associated > Mammals: Human > Digestive system > Large intestine > Fecal
Gs0121310	1	Host-associated > Mammals: Human > Integumentary system > Skin > Skin surface
Gs0121311	1	Engineered > Food production > Dairy products > Fermented dairy products > Cheese
Gs0121312	1	Host-associated > Porifera > Sponge
Gs0121313	1	Host-associated > Mammals: Human > Integumentary system > Skin > Skin surface
Gs0121314	1	Host-associated > Mammals > Digestive system > Large intestine > Fecal
Gs0121315	1	Engineered > Bioreactor
Gs0121316	1	Host-associated > Mammals: Human > Respiratory system > Trachea > Mucus
Gs0121317	1	Host-associated > Arthropoda: Insects > Digestive system > Gut
Gs0121318	1	Engineered > Lab enrichment > Defined media
Gs0121319	1	Host-associated > Mammals: Human > Digestive system > Large intestine > Fecal
Gs0121320	1	Environmental > Aquatic > Marine > Oceanic
Gs0121321	1	Host-associated > Arthropoda: Insects > Whole body > No head
Gs0121322	1	Host-associated > Mammals: Human > Digestive system > Oral cavity > Subgingival plaque
Gs0121323	1	Host-associated > Mammals > Digestive system > Large intestine > Fecal
Gs0121324	1	Environmental > Aquatic > Freshwater > Lake
Gs0121325	1	Host-associated > Mammals: Human > Digestive system > Large intestine > Fecal
Gs0121326	1	Environmental > Air > Indoor Air
Gs0121327	1	Host-associated > Mammals > Digestive system > Large intestine > Fecal
Gs0121328	1	Host-associated > Mammals: Human > Integumentary system > Skin > Skin surface
Gs0121329	1	Host-associated > Birds > Digestive system > Large intestine > Fecal
Gs0121330	1	Environmental > Aquatic > Marine > Oceanic > Sediment
Gs0121331	1	Environmental > Aquatic > Marine > Oceanic
Gs0121332	1	Host-associated > Mammals > Digestive system > Stomach > Rumen
Gs0121333	1	Environmental > Aquatic > Marine > Harbor
Gs0121334	1	Host-associated > Plants > Phyllosphere > Phylloplane/Leaf
Gs0121335	3	Environmental > Terrestrial > Soil|Environmental > Terrestrial > Soil > Orchard soil|Host-associated > Plants > Roots > Rhizosphere > Soil
Gs0121336	1	Engineered > Wastewater > Activated Sludge
Gs0121337	2	Environmental > Terrestrial > Soil|Environmental > Terrestrial > Soil > Contaminated > Uranium contaminated
Gs0121338	1	Environmental > Aquatic > Marine > Oceanic
Gs0121339	5	Engineered > Industrial production > Chemical products > Reagent blank|Engineered > Industrial production > Engineered product|Host-associated > Mammals: Human > Digestive system > Oral cavity > Dental calculus|Host-associated > Mammals: Human > Integumentary system > Skin > Skin surface|Host-associated > Mammals: Human > Remains > Fossilized remains > Dental calculus
Gs0121340	1	Engineered > Wastewater > Industrial wastewater > Hospital wastewater
Gs0121341	1	Host-associated > Mammals: Human > Respiratory system > Sputum/Phlegm
Gs0121342	1	Host-associated > Mammals > Respiratory system > Nasal cavity
Gs0121343	2	Host-associated > Mammals: Human > Digestive system > Large intestine > Colon mucosa|Host-associated > Mammals: Human > Digestive system > Large intestine > Fecal
Gs0121344	2	Engineered > Modeled > Simulated communities (DNA mixture)|Host-associated > Mammals: Human > Digestive system > Large intestine > Fecal
Gs0121345	1	Host-associated > Mammals > Digestive system > Large intestine > Fecal
Gs0121346	1	Host-associated > Plants > Phyllosphere > Phylloplane/Leaf
Gs0121347	2	Host-associated > Mammals: Human > Digestive system > Stomach > Gastric mucosa|Host-associated > Mammals: Human > Malignant tumor > Carcinoma > Gastric carcinoma
Gs0121348	1	Engineered > Food production > Seafood product > Frozen seafood > Frozen shrimp
Gs0121349	2	Engineered > Lab enrichment > Defined media|Environmental > Terrestrial > Geologic > Sediment
Gs0121350	5	Engineered > Modeled > Simulated communities (microbial mixture)|Host-associated > Arthropoda: Chelicerates > Whole body|Host-associated > Arthropoda: Insects > Whole body|Host-associated > Birds > Circulatory system > Blood|Host-associated > Mammals > Circulatory system > Blood
Gs0121351	3	Environmental > Terrestrial > Soil|Host-associated > Mammals: Human > Digestive system > Large intestine > Fecal|Host-associated > Mammals: Human > Digestive system > Oral cavity > Saliva
Gs0121360	1	Engineered > Modeled > Simulated communities (microbial mixture)
Gs0121361	1	Engineered > Bioreactor > Semi-continuous > Anaerobic > Digestate
Gs0121362	1	Environmental > Terrestrial > Soil
Gs0121363	2	Host-associated > Fungi > Mycelium|Host-associated > Plants > Roots
Gs0121365	1	Environmental > Aquatic
Gs0121366	1	Host-associated > Microbial > Bacteria
Gs0121383	1	Environmental > Terrestrial > Soil > Wetlands
Gs0121386	1	Host-associated > Arthropoda: Insects > Digestive system > Gut
Gs0121394	1	Host-associated > Mammals > Digestive system > Large intestine > Cecum
Gs0121396	1	Host-associated > Arthropoda: Insects > Circulatory system > Hemolymph
Gs0121398	1	Host-associated > Arthropoda: Insects > Circulatory system > Hemolymph
Gs0121424	2	Engineered > Lab enrichment|Environmental > Terrestrial > Soil
Gs0121426	1	Environmental > Aquatic > Deep subsurface > Groundwater
Gs0121427	1	Environmental > Aquatic > Freshwater > River
Gs0121428	1	Environmental > Aquatic > Freshwater > River
Gs0121435	1	Environmental > Terrestrial > Oil reservoir
Gs0121442	2	Environmental > Terrestrial > Geologic|Environmental > Terrestrial > Rock-dwelling (subaerial biofilms)
Gs0121456	1	Environmental > Terrestrial > Soil > Contaminated
Gs0121480	4	Environmental > Aquatic > Freshwater > Ice > Cryoconite|Environmental > Terrestrial|Environmental > Terrestrial > Soil|Environmental > Terrestrial > Soil > Glacier
Gs0121483	4	Environmental > Aquatic > Marine > Bathypelagic|Environmental > Aquatic > Marine > Epipelagic|Environmental > Aquatic > Marine > Mesopelagic|Environmental > Aquatic > Marine > Pelagic zone
Gs0121487	1	Engineered > Bioreactor > Continuous culture > Marine sediment inoculum
Gs0121490	1	Environmental > Aquatic > Freshwater > Pond
Gs0121491	1	Environmental > Aquatic > Freshwater > Lake
Gs0121499	2	Environmental > Aquatic > Freshwater > Groundwater > Acid Mine Drainage|Environmental > Terrestrial > Soil > Mine drainage
Gs0121503	1	Environmental > Terrestrial > Soil > Temperate forest > Bulk soil
Gs0121504	2	Host-associated > Plants > Phyllosphere|Host-associated > Plants > Phyllosphere > Phylloplane/Leaf
Gs0121509	1	Environmental > Aquatic > Freshwater > Lake > Sediment
Gs0121514	1	Host-associated > Algae > Brown Algae
Gs0121517	2	Environmental > Aquatic > Freshwater > Ice|Environmental > Aquatic > Freshwater > Lake
Gs0121530	1	Environmental > Aquatic > Freshwater > Groundwater > Coalbed water
Gs0121556	1	Host-associated > Mammals: Human > Respiratory system > Sputum/Phlegm
Gs0121563	1	Engineered > Industrial production > Engineered product
Gs0121566	2	Environmental > Aquatic > Marine > Sediment|Environmental > Aquatic > Sediment
Gs0121567	1	Environmental > Aquatic > Thermal springs > Hot (42-90C) > Neutral
Gs0121571	2	Environmental > Aquatic > Thermal springs > Hot (42-90C) > Sediment|Environmental > Terrestrial > Soil > Clay > Grasslands
Gs0121582	1	Environmental > Aquatic > Freshwater > Lake
Gs0121583	1	Engineered > Wastewater > Industrial wastewater
Gs0121588	1	Environmental > Aquatic > Marine > Hydrothermal vents > Sediment
Gs0121592	1	Environmental > Terrestrial > Geologic
Gs0121593	2	Host-associated > Fungi > Mycelium|Host-associated > Plants > Roots
Gs0121595	1	Environmental > Aquatic > Marine
Gs0121605	4	Engineered > Bioreactor > Anaerobic|Engineered > Bioreactor > Anaerobic > Sludge|Engineered > Bioremediation > Hydrocarbon > Methane|Engineered > Built environment > Tailings pond
Gs0121606	1	Engineered > Bioreactor > Anaerobic
Gs0121619	1	Host-associated > Fungi > Mycelium
Gs0121620	6	Environmental > Terrestrial > Nest > Insects nest > Nest dump|Environmental > Terrestrial > Soil|Environmental > Terrestrial > Soil > Grasslands|Host-associated > Arthropoda: Insects > Digestive system|Host-associated > Birds > Digestive system > Large intestine > Fecal|Host-associated > Fungi > Mycelium
Gs0121629	1	Environmental > Aquatic > Marine > Hydrothermal vents > Microbial mats
Gs0121636	4	Engineered > Lab culture > Culture media > Bacteria > Contaminated|Environmental > Aquatic > Freshwater > Agricultural field|Environmental > Aquatic > Marine > Coastal|Environmental > Aquatic > Thermal springs > Hot (42-90C)
Gs0121650	1	Host-associated > Mammals > Digestive system > Stomach > Rumen
Gs0121657	1	Environmental > Aquatic > Freshwater > Ice > Glacier
Gs0121658	1	Environmental > Aquatic > Freshwater > Wetlands > Sediment
Gs0121666	2	Environmental > Aquatic > Marine > Coastal|Environmental > Aquatic > Marine > Pelagic zone
Gs0121695	1	Environmental > Aquatic > Marine > Coastal > Sediment
Gs0121696	2	Environmental > Aquatic > Freshwater > Lotic|Environmental > Aquatic > Freshwater > River
Gs0121704	2	Environmental > Aquatic > Marine > Coastal|Environmental > Aquatic > Marine > Coastal > Sediment
Gs0121717	4	Environmental > Aquatic > Marine > Epipelagic|Environmental > Aquatic > Marine > Mesopelagic|Environmental > Aquatic > Marine > Oceanic|Environmental > Aquatic > Marine > Oceanic > Aphotic zone
Gs0121722	1	Environmental > Aquatic > Freshwater > Lotic
Gs0121726	1	Host-associated > Fish > Integumentary system > Skin
Gs0121729	1	Environmental > Aquatic > Non-marine Saline and Alkaline > Hypersaline > Microbial mats
Gs0126206	1	Environmental > Aquatic > Non-marine Saline and Alkaline > Hypersaline > Microbial mats
Gs0126207	1	Environmental > Aquatic > Non-marine Saline and Alkaline > Hypersaline > Microbial mats
Gs0126214	1	Environmental > Aquatic > Freshwater > River
Gs0126224	1	Environmental > Aquatic > Non-marine Saline and Alkaline > Hypersaline > Microbial mats
Gs0126238	1	Host-associated > Mammals > Digestive system > Large intestine > Fecal
Gs0126255	1	Host-associated > Porifera > Sponge
Gs0126266	2	Host-associated > Mammals > Digestive system > Oral cavity|Host-associated > Mammals > Integumentary system > Skin > Surface
Gs0126268	1	Environmental > Aquatic > Thermal springs > Hot (42-90C) > Acidic
Gs0126275	4	Host-associated > Fungi > Appressorium|Host-associated > Fungi > Germ tube|Host-associated > Fungi > Spore|Host-associated > Plants > Phyllosphere > Phylloplane/Leaf
Gs0126276	4	Engineered > Artificial ecosystem > Aquaculture > Algae raceway pond|Environmental > Aquatic > Non-marine Saline and Alkaline > Saline|Host-associated > Algae > Diatoms|Host-associated > Algae > Diatoms > Phycosphere
Gs0126277	1	Environmental > Terrestrial > Soil > Soil crust
Gs0126278	2	Environmental > Terrestrial > Soil > Temperate forest > Bulk soil|Host-associated > Fungi > Fruiting body
Gs0126284	1	Host-associated > Plants > Phyllosphere
Gs0126301	3	Environmental > Aquatic > Freshwater > Lake|Environmental > Aquatic > Freshwater > Lake > Epilimnion/Euphotic zone|Environmental > Aquatic > Freshwater > Lake > Hypolimnion/Profundal zone
Gs0126303	2	Host-associated > Porifera|Host-associated > Porifera > Sponge
Gs0126305	1	Host-associated > Arthropoda: Crustaceans > Digestive system > Gut
Gs0126315	1	Environmental > Aquatic > Marine > Coastal
Gs0127369	1	Environmental > Aquatic > Freshwater > Lake > Microbial mats
Gs0127370	1	Engineered > Built environment > Solar panel
Gs0127371	1	Environmental > Aquatic > Marine > Oceanic > Photic zone
Gs0127375	1	Engineered > Bioreactor
Gs0127379	1	Engineered > Modeled > Simulated communities (microbial mixture)
Gs0127392	2	Engineered > Solid waste > Mixed feedstock > Composting > Commercial compost|Environmental > Terrestrial > Soil
Gs0127393	1	Environmental > Terrestrial > Soil > Agricultural land
Gs0127394	2	Environmental > Aquatic > Marine > Hydrothermal vents > Microbial mats|Environmental > Aquatic > Marine > Hydrothermal vents > Sediment
Gs0127404	1	Host-associated > Mammals: Human > Digestive system > Large intestine > Fecal
Gs0127405	1	Environmental > Aquatic > Freshwater > Lake > Sediment
Gs0127406	1	Engineered > Food production > Meat products
Gs0127407	1	Environmental > Terrestrial > Geologic > Sediment
Gs0127408	3	Environmental > Terrestrial > Soil > Temperate forest > Bulk soil|Environmental > Terrestrial > Soil > Temperate forest > Mineral soil|Environmental > Terrestrial > Soil > Temperate forest > O horizon/Organic
Gs0127409	1	Environmental > Aquatic > Freshwater > Pond
Gs0127410	1	Environmental > Aquatic > Freshwater > Lake > Sediment
Gs0127411	1	Host-associated > Plants > Roots > Rhizosphere > Soil
Gs0127412	1	Environmental > Aquatic > Freshwater > River > Sediment
Gs0127413	1	Environmental > Aquatic > Aquaculture
Gs0127414	1	Engineered > Modeled > Simulated communities (microbial mixture)
Gs0127415	1	Engineered > Lab enrichment > Defined media
Gs0127416	1	Engineered > Wastewater > Anaerobic digestor
Gs0127417	2	Engineered > Wastewater > Activated Sludge|Engineered > Wastewater > Industrial wastewater
Gs0127418	1	Host-associated > Mammals > Digestive system > Large intestine > Fecal
Gs0127419	2	Environmental > Aquatic > Marine|Environmental > Aquatic > Marine > Oceanic
Gs0127420	1	Engineered > Wastewater > Sewage
Gs0127421	1	Environmental > Terrestrial > Soil
Gs0127422	1	Environmental > Aquatic > Marine > Oceanic
Gs0127423	1	Environmental > Terrestrial > Deep subsurface
Gs0127424	2	Environmental > Air > Indoor Air > Poultry farm|Environmental > Air > Indoor Air > Poultry farm > Poultry litter bioaerosol
Gs0127425	3	Host-associated > Mammals: Human > Digestive system > Large intestine > Fecal|Host-associated > Mammals: Human > Digestive system > Oral cavity > Dental plaque|Host-associated > Mammals: Human > Digestive system > Oral cavity > Saliva
Gs0127426	1	Environmental > Aquatic > Marine > Hydrothermal vents > Diffuse flow
Gs0127427	1	Environmental > Aquatic > Freshwater
Gs0127428	1	Engineered > Food production > Dairy products
Gs0127429	1	Host-associated > Mammals: Human > Digestive system > Large intestine > Fecal
Gs0127430	1	Engineered > Wastewater > Nutrient removal > Nitrogen removal
Gs0127468	1	Environmental > Terrestrial > Geologic > Mine
Gs0127482	1	Environmental > Terrestrial > Rock-dwelling (endoliths)
Gs0127483	1	Environmental > Aquatic > Freshwater > Pond
Gs0127495	2	Environmental > Aquatic > Marine > Hydrothermal vents|Environmental > Aquatic > Thermal springs
Gs0127517	1	Host-associated > Mammals: Human > Digestive system > Large intestine > Fecal
Gs0127521	1	Host-associated > Arthropoda: Insects > Digestive system > Gut
Gs0127524	1	Engineered > Wastewater > Industrial wastewater > Mine water > Sediment
Gs0127537	4	Host-associated > Plants > Phyllosphere|Host-associated > Plants > Roots|Host-associated > Plants > Roots > Rhizosphere|Host-associated > Plants > Roots > Rhizosphere > Soil
Gs0127538	1	Engineered > Built environment > Solar panel
Gs0127544	1	Environmental > Aquatic > Marine > Oceanic > Photic zone
Gs0127555	2	Engineered > Bioremediation > Hydrocarbon|Engineered > Built environment > Oil refinery > Petroleum sludge
Gs0127561	1	Engineered > Wastewater > Activated Sludge
Gs0127565	1	Environmental > Aquatic > Marine > Strait
Gs0127566	20	Engineered > Artificial ecosystem > Sand microcosm|Engineered > Industrial production > Chemical products > Reagent blank|Engineered > WWTP > Wastewater|Environmental > Aquatic > Deep subsurface > Shale gas/oil reservoir > Produced water/Flow back|Environmental > Aquatic > Freshwater > Lake|Environmental > Aquatic > Freshwater > Lake > Sediment|Environmental > Aquatic > Marine|Environmental > Aquatic > Marine > Gulf|Environmental > Aquatic > Marine > Inlet|Environmental > Aquatic > Marine > Mud volcano > Sediment|Environmental > Aquatic > Marine > Strait|Environmental > Terrestrial > Asphalt lakes > Tar|Environmental > Terrestrial > Deep subsurface > Oil well|Host-associated > Mammals > Digestive system > Large intestine|Host-associated > Mammals > Digestive system > Large intestine > Cecum|Host-associated > Mammals > Digestive system > Large intestine > Proximal colon|Host-associated > Mammals > Digestive system > Large intestine > Rectum|Host-associated > Mammals > Digestive system > Small intestine|Host-associated > Mammals > Digestive system > Stomach|Host-associated > Mammals > Digestive system > Stomach > Rumen fluid
Gs0127567	3	Engineered > Solid waste > Landfill|Environmental > Aquatic > Deep subsurface > Groundwater|Environmental > Aquatic > Freshwater > Groundwater > Contaminated
Gs0127568	1	Environmental > Aquatic > Deep subsurface > Groundwater
Gs0127575	1	Environmental > Aquatic > Marine > Hydrothermal vents > Microbial mats
Gs0127580	1	Environmental > Aquatic > Freshwater > Lake
Gs0127588	1	Environmental > Terrestrial > Deep subsurface > Aquifer
Gs0127627	4	Environmental > Aquatic > Thermal springs > Hot (42-90C) > Alkaline|Environmental > Aquatic > Thermal springs > Hot (42-90C) > Neutral|Environmental > Aquatic > Thermal springs > Hot (42-90C) > Sediment|Environmental > Aquatic > Thermal springs > Near-boiling (>90C) > Alkaline
Gs0128520	1	Host-associated > Mammals > Digestive system > Oral cavity
Gs0128714	3	Environmental > Aquatic > Non-marine Saline and Alkaline|Environmental > Aquatic > Thermal springs > Hot (42-90C)|Environmental > Aquatic > Thermal springs > Near-boiling (>90C)
Gs0128715	1	Host-associated > Plants > Phyllosphere > Caulosphere
Gs0128728	3	Environmental > Aquatic > Marine > Hydrothermal vents > Diffuse flow|Environmental > Aquatic > Marine > Hydrothermal vents > Tubeworm bush|Environmental > Aquatic > Marine > Oceanic
Gs0128736	2	Engineered > Lab enrichment|Environmental > Terrestrial > Geologic
Gs0128737	1	Engineered > Solid waste > Animal waste > Manure
Gs0128738	1	Host-associated > Mammals > Digestive system > Large intestine > Cecum
Gs0128767	1	Engineered > Lab enrichment > Defined media > Anaerobic media
Gs0128768	1	Engineered > Bioreactor > Aerobic
Gs0128769	2	Environmental > Aquatic > Freshwater > Lake|Environmental > Aquatic > Freshwater > Lake > Sediment
Gs0128771	1	Engineered > Wastewater > Industrial wastewater > Mine water > Sediment
Gs0128773	1	Environmental > Aquatic > Marine > Oceanic
Gs0128777	1	Host-associated > Mammals: Human > Digestive system > Large intestine > Fecal
Gs0128780	1	Environmental > Aquatic > Non-marine Saline and Alkaline > Hypersaline > Sediment
Gs0128781	1	Host-associated > Algae > Haptophytes
Gs0128783	2	Host-associated > Annelida|Host-associated > Annelida > Whole body
Gs0128785	1	Host-associated > Mammals: Human > Digestive system > Large intestine > Fecal
Gs0128791	1	Host-associated > Fungi > Mycelium
Gs0128792	4	Engineered > Lab culture > Culture media > Bacteria|Engineered > Modeled > Simulated communities (microbial mixture)|Environmental > Terrestrial > Soil > Desert|Host-associated > Plants > Phyllosphere
Gs0128795	1	Host-associated > Fungi > Fruiting body
Gs0128798	1	Host-associated > Plants > Roots
Gs0128805	2	Environmental > Aquatic > Freshwater > Drinking water|Environmental > Aquatic > Freshwater > River > Plankton
Gs0128811	4	Engineered > Bioreactor > Aerobic > Activated sludge|Engineered > Bioreactor > Anaerobic > Sludge|Engineered > WWTP > Activated sludge|Engineered > WWTP > Wastewater
Gs0128816	1	Environmental > Aquatic > Thermal springs > Hot (42-90C) > Neutral
Gs0128817	1	Environmental > Aquatic > Marine > Intertidal zone > Salt marsh
Gs0128819	1	Engineered > Bioreactor > Continuous culture > Marine sediment inoculum
Gs0128820	1	Environmental > Aquatic > Thermal springs > Hot (42-90C) > Neutral
Gs0128833	1	Host-associated > Porifera > Sponge
Gs0128836	1	Host-associated > Mammals > Digestive system > Large intestine > Fecal
Gs0128840	1	Environmental > Aquatic > Thermal springs > Hot (42-90C) > Sediment
Gs0128842	1	Engineered > Built environment
Gs0128848	6	Engineered > Industrial production > Chemical products > Reagent blank|Environmental > Terrestrial > Soil > Agricultural land|Environmental > Terrestrial > Soil > Agricultural land > Bulk soil|Host-associated > Plants > Phyllosphere > Phylloplane/Leaf|Host-associated > Plants > Roots|Host-associated > Plants > Roots > Rhizosphere
Gs0128849	1	Environmental > Terrestrial > Soil > Wetlands > Permafrost
Gs0128850	2	Environmental > Terrestrial > Soil > Tropical forest|Environmental > Terrestrial > Soil > Tropical forest > Bulk soil
Gs0128851	2	Host-associated > Plants > Phyllosphere|Host-associated > Plants > Phyllosphere > Phylloplane/Leaf
Gs0128869	1	Environmental > Aquatic > Marine
Gs0128874	1	Host-associated > Microbial > Bacteria
Gs0128895	2	Environmental > Aquatic > Freshwater > Lake|Environmental > Aquatic > Freshwater > Subglacial lake
Gs0128912	1	Engineered > Bioremediation > Hydrocarbon > Benzene > Bioreactor
Gs0128919	1	Environmental > Terrestrial > Soil > Permafrost
Gs0128925	1	Environmental > Aquatic > Marine > Intertidal zone > Salt marsh
Gs0128926	1	Environmental > Aquatic > Freshwater > Lake > Cyanobacterial bloom
Gs0128927	1	Environmental > Aquatic > Freshwater > Lake > Cyanobacterial bloom
Gs0128938	1	Engineered > Bioreactor > Anaerobic
Gs0128946	2	Environmental > Aquatic > Marine > Hydrothermal vents > Diffuse flow|Environmental > Aquatic > Marine > Hydrothermal vents > Microbial mats
Gs0128947	16	Environmental > Aquatic > Freshwater|Environmental > Aquatic > Freshwater > Ice|Environmental > Aquatic > Marine|Environmental > Aquatic > Marine > Coastal|Environmental > Aquatic > Marine > Coastal > Sediment|Environmental > Aquatic > Marine > Intertidal zone > Beach/Shore|Environmental > Aquatic > Marine > Intertidal zone > Estuary|Environmental > Aquatic > Marine > Intertidal zone > Salt marsh|Environmental > Aquatic > Marine > Oceanic|Environmental > Aquatic > Non-marine Saline and Alkaline > Hypersaline|Host-associated > Algae|Host-associated > Algae > Red algae|Host-associated > Amoebozoa > Pessonella|Host-associated > Mollusca > Shell|Host-associated > Protists > Dinoflagellates|Host-associated > Tunicates
Gs0128948	8	Environmental > Terrestrial > Plant litter|Environmental > Terrestrial > Soil > Boreal forest/Taiga > Bulk soil|Environmental > Terrestrial > Soil > Temperate forest|Environmental > Terrestrial > Soil > Temperate forest > Bulk soil|Environmental > Terrestrial > Soil > Temperate forest > O horizon/Organic|Host-associated > Plants > Roots|Host-associated > Plants > Roots > Rhizosphere|Host-associated > Plants > Roots > Rhizosphere > Soil
Gs0128951	1	Engineered > Solid waste > Household waste > Composting
Gs0128955	2	Environmental > Aquatic > Freshwater|Environmental > Aquatic > Freshwater > Lake
Gs0128956	3	Engineered > WWTP > Activated sludge|Engineered > WWTP > Wastewater|Engineered > Wastewater > Activated Sludge
Gs0128957	13	Engineered > Bioreactor > Aerobic|Engineered > Bioreactor > Aerobic > Activated sludge|Engineered > WWTP > Aerobic digester > Activated sludge|Engineered > WWTP > Wastewater|Environmental > Aquatic > Freshwater|Environmental > Aquatic > Freshwater > Drinking water > Unchlorinated|Environmental > Aquatic > Marine|Environmental > Aquatic > Marine > Coastal|Environmental > Aquatic > Marine > Intertidal zone > Mangrove swamp|Environmental > Aquatic > Marine > Mud volcano|Environmental > Aquatic > Thermal springs > Hot (42-90C)|Environmental > Aquatic > Thermal springs > Hot (42-90C) > Sediment|Environmental > Aquatic > Thermal springs > Warm (34-42C) > Acidic
Gs0128958	2	Host-associated > Plants > Roots > Rhizosphere|Host-associated > Plants > Roots > Rhizosphere > Soil
Gs0128960	3	Environmental > Aquatic > Thermal springs > Hot (42-90C)|Environmental > Aquatic > Thermal springs > Hot (42-90C) > Neutral|Environmental > Aquatic > Thermal springs > Hot (42-90C) > Sediment
Gs0128962	1	Engineered > Wastewater > Industrial wastewater > Mine water
Gs0128963	1	Host-associated > Mammals: Human > Digestive system > Large intestine > Fecal
Gs0128964	1	Engineered > Wastewater > Industrial wastewater > Petrochemical
Gs0128965	1	Environmental > Aquatic > Marine > Hydrothermal vents > Sediment
Gs0128966	1	Environmental > Aquatic > Non-marine Saline and Alkaline > Hypersaline
Gs0128967	1	Environmental > Aquatic > Non-marine Saline and Alkaline > Hypersaline
Gs0128968	1	Environmental > Aquatic > Non-marine Saline and Alkaline > Hypersaline
Gs0128970	1	Environmental > Aquatic > Non-marine Saline and Alkaline > Salt crystallizer ponds
Gs0128972	3	Environmental > Aquatic > Non-marine Saline and Alkaline > Alkaline|Environmental > Aquatic > Non-marine Saline and Alkaline > Hypersaline|Environmental > Aquatic > Non-marine Saline and Alkaline > Salt crystallizer ponds
Gs0128973	1	Environmental > Aquatic > Non-marine Saline and Alkaline > Hypersaline
Gs0128974	2	Environmental > Aquatic > Freshwater > Sediment|Environmental > Aquatic > Sediment
Gs0128975	2	Host-associated > Microbial|Host-associated > Microbial > Bacteria
Gs0128978	1	Engineered > Bioreactor > Anaerobic
Gs0128981	1	Environmental > Aquatic > Marine > Oceanic > Sediment
Gs0128982	1	Host-associated > Mammals > Digestive system > Large intestine > Fecal
Gs0128985	1	Environmental > Aquatic > Non-marine Saline and Alkaline > Hypersaline
Gs0128987	1	Environmental > Aquatic > Freshwater > Lake
Gs0128993	1	Engineered > Lab enrichment > Defined media > Anaerobic media
Gs0128996	1	Host-associated > Invertebrates > Cnidaria
Gs0128997	2	Environmental > Terrestrial > Soil > Wetlands|Environmental > Terrestrial > Soil > Wetlands > Peat
Gs0129031	1	Environmental > Aquatic > Freshwater > Groundwater > Acid Mine Drainage
Gs0129032	1	Environmental > Aquatic > Freshwater > Groundwater > Contaminated
Gs0129033	1	Environmental > Terrestrial > Soil > Clay > Grasslands
Gs0129034	1	Environmental > Terrestrial > Soil > Biocrust
Gs0129035	1	Environmental > Terrestrial > Soil > Pasture > Agricultural land
Gs0129036	1	Environmental > Aquatic > Marine > Intertidal zone > Sediment
Gs0129037	1	Environmental > Aquatic > Freshwater > Lake > Sediment
Gs0129038	1	Environmental > Aquatic > Freshwater > Lake
Gs0129039	1	Environmental > Aquatic > Freshwater > Pond
Gs0129040	2	Environmental > Aquatic > Freshwater > Groundwater|Environmental > Aquatic > Freshwater > Groundwater > Contaminated
Gs0129041	1	Environmental > Aquatic > Freshwater > Lake > Sediment
Gs0129042	1	Environmental > Terrestrial > Soil
Gs0129044	1	Environmental > Aquatic > Marine > Intertidal zone > Estuary
Gs0129045	2	Environmental > Aquatic > Marine > Oceanic|Environmental > Aquatic > Marine > Oceanic > Sediment
Gs0129046	2	Environmental > Aquatic > Marine > Coastal|Host-associated > Plants > Phyllosphere > Surface
Gs0129047	1	Environmental > Aquatic > Marine > Oceanic > Photic zone
Gs0129048	1	Environmental > Aquatic > Marine > Oceanic
Gs0129049	1	Environmental > Aquatic > Marine > Oceanic > Sediment
Gs0129050	1	Environmental > Terrestrial > Soil > Peat
Gs0129051	1	Host-associated > Mammals > Digestive system > Stomach > Rumen
Gs0129052	1	Environmental > Aquatic > Marine > Intertidal zone > Estuary
Gs0129053	4	Host-associated > Arthropoda: Crustaceans > Whole body|Host-associated > Arthropoda: Insects > Whole body|Host-associated > Arthropoda: Myriapoda > Whole body|Host-associated > Fish > Digestive system > Biliary tract > Liver
Gs0129054	1	Host-associated > Mammals: Human > Digestive system > Large intestine > Fecal
Gs0129055	2	Environmental > Aquatic > Freshwater > Lake|Environmental > Aquatic > Marine
Gs0129056	2	Environmental > Terrestrial > Soil > Agricultural land > Bulk soil|Host-associated > Plants > Roots > Rhizosphere > Soil
Gs0129057	1	Host-associated > Plants
Gs0129058	1	Environmental > Aquatic > Freshwater
Gs0129059	1	Environmental > Terrestrial > Geologic > Sediment
Gs0129060	3	Environmental > Aquatic > Marine > Hydrothermal vents|Environmental > Terrestrial > Soil|Environmental > Terrestrial > Soil > Temperate forest > Bulk soil
Gs0129061	1	Environmental > Terrestrial > Soil
Gs0129069	1	Host-associated > Porifera > Sponge
Gs0129070	1	Engineered > Bioreactor > Anaerobic
Gs0129073	2	Environmental > Aquatic > Non-marine Saline and Alkaline|Environmental > Aquatic > Non-marine Saline and Alkaline > Hypersaline
Gs0129076	1	Environmental > Aquatic > Thermal springs > Hot (42-90C) > Alkaline
Gs0129078	1	Environmental > Terrestrial > Oil reservoir
Gs0129079	2	Engineered > Modeled > Simulated communities (sequence read mixture)|Environmental > Aquatic > Marine > Intertidal zone > Coral reef
Gs0129082	1	Environmental > Terrestrial > Oil reservoir
Gs0129087	2	Environmental > Terrestrial > Soil > Riparian zone|Environmental > Terrestrial > Soil > Riparian zone > Trees stand
Gs0129088	7	Environmental > Aquatic > Freshwater > Lake > Sediment|Environmental > Aquatic > Freshwater > River|Environmental > Aquatic > Freshwater > River > Microbial mats|Environmental > Aquatic > Freshwater > River > Sediment|Environmental > Aquatic > Marine > Hydrothermal vents > Microbial mats|Environmental > Aquatic > Marine > Hydrothermal vents > Sediment|Environmental > Aquatic > Marine > Oceanic > Sediment
Gs0129089	2	Environmental > Aquatic > Marine > Intertidal zone > Salt marsh|Environmental > Terrestrial > Soil > Grasslands
Gs0129093	1	Engineered > Lab enrichment > Defined media > Anaerobic media
Gs0129096	1	Host-associated > Mammals > Digestive system > Large intestine > Fecal
Gs0129099	1	Host-associated > Invertebrates > Cnidaria
Gs0129104	1	Environmental > Aquatic > Freshwater > Lake
Gs0129105	2	Environmental > Aquatic > Marine > Hydrothermal vents|Environmental > Aquatic > Marine > Hydrothermal vents > Diffuse flow
Gs0129106	1	Environmental > Terrestrial > Geologic > Mine
Gs0129113	3	Environmental > Aquatic > Marine > Hydrothermal vents|Environmental > Aquatic > Marine > Hydrothermal vents > Microbial mats|Environmental > Aquatic > Marine > Hydrothermal vents > Sediment
Gs0129119	1	Engineered > Modeled > Simulated communities (microbial mixture)
Gs0129121	1	Environmental > Aquatic > Marine
Gs0129122	1	Environmental > Aquatic > Marine
Gs0129129	1	Environmental > Aquatic > Marine > Intertidal zone > Estuary
Gs0129132	2	Environmental > Aquatic > Marine > Intertidal zone > Sediment|Environmental > Aquatic > Marine > Oceanic > Sediment
Gs0129134	1	Engineered > Wastewater > Activated Sludge
Gs0129137	1	Engineered > Lab culture > Culture media > Algae > Contaminated
Gs0129141	2	Environmental > Aquatic > Freshwater > Lake|Environmental > Aquatic > Freshwater > Lake > Anoxic zone
Gs0129142	4	Host-associated > Algae > Green algae|Host-associated > Fungi > Mycelium|Host-associated > Microbial > Bacteria|Host-associated > Plants > Rhizoid
Gs0129143	1	Environmental > Terrestrial > Soil > Palsa > Mineral soil core
Gs0129147	1	Environmental > Aquatic > Freshwater > Lake
Gs0129163	1	Host-associated > Mammals > Digestive system > Large intestine > Fecal
Gs0129169	1	Environmental > Aquatic > Non-marine Saline and Alkaline > Hypersaline
Gs0129190	1	Environmental > Aquatic > Freshwater > River
Gs0129280	1	Environmental > Aquatic > Freshwater > Lake
Gs0129294	1	Environmental > Aquatic > Marine > Intertidal zone > Estuary
Gs0129295	2	Environmental > Aquatic > Marine > Oceanic > Sediment|Environmental > Aquatic > Marine > Sediment
Gs0129296	1	Environmental > Terrestrial > Rock-dwelling (subaerial biofilms)
Gs0129298	1	Environmental > Aquatic > Thermal springs > Sediment
Gs0129306	1	Environmental > Aquatic > Freshwater > River
Gs0129310	1	Host-associated > Protists
Gs0129311	2	Engineered > Artificial ecosystem > Soil microcosm > Contaminated soil > Hydrocarbon|Engineered > Lab enrichment > Defined media > Anaerobic media
Gs0129314	1	Host-associated > Mammals: Human > Digestive system > Oral cavity > Saliva
Gs0129319	1	Engineered > Wastewater > Activated Sludge
Gs0129329	1	Engineered > Lab enrichment > Defined media > Anaerobic media
Gs0129339	1	Environmental > Terrestrial > Soil > Wetlands > Permafrost
Gs0130019	1	Host-associated > Algae > Diatoms
Gs0130305	2	Environmental > Aquatic > Thermal springs > Hot (42-90C) > Acidic|Environmental > Aquatic > Thermal springs > Hot (42-90C) > Alkaline
Gs0130307	1	Host-associated > Mammals > Digestive system > Large intestine > Fecal
Gs0130311	1	Environmental > Aquatic > Marine > Oceanic > Benthic
Gs0130320	1	Environmental > Aquatic > Marine
Gs0130322	1	Host-associated > Algae > Green algae
Gs0130336	3	Environmental > Aquatic > Non-marine Saline and Alkaline > Alkaline|Environmental > Aquatic > Non-marine Saline and Alkaline > Hypersaline|Environmental > Aquatic > Non-marine Saline and Alkaline > Salt crystallizer ponds
Gs0130338	4	Engineered > Bioreactor > Anaerobic|Engineered > Bioreactor > Anaerobic > Leachate|Engineered > Solid waste > Food waste|Engineered > Solid waste > Household waste
Gs0130342	1	Environmental > Aquatic > Non-marine Saline and Alkaline > Salt crystallizer ponds
Gs0130351	2	Environmental > Aquatic > Freshwater > Lake|Environmental > Aquatic > Freshwater > River
Gs0130353	2	Environmental > Aquatic > Freshwater > Lake|Environmental > Aquatic > Freshwater > Lake > Sediment
Gs0130354	2	Environmental > Terrestrial > Soil > Temperate forest > Mineral soil|Environmental > Terrestrial > Soil > Temperate forest > O horizon/Organic
Gs0130357	1	Engineered > Bioreactor > Aerobic
Gs0130362	1	Host-associated > Porifera > Sponge
Gs0130375	1	Host-associated > Invertebrates > Cnidaria
Gs0130378	1	Environmental > Aquatic > Freshwater > Lake
Gs0130418	1	Environmental > Terrestrial > Soil > Agricultural land
Gs0130419	4	Engineered > WWTP > Wastewater|Engineered > Wastewater > Activated Sludge|Engineered > Wastewater > Sewage|Environmental > Aquatic > Freshwater > River
Gs0130432	1	Engineered > Bioreactor > Anaerobic > Sludge
Gs0130439	1	Environmental > Aquatic > Freshwater > Lake
Gs0130461	1	Environmental > Aquatic > Marine > Oceanic > Sediment
Gs0131181	2	Environmental > Aquatic > Thermal springs > Hot (42-90C) > Acidic|Environmental > Aquatic > Thermal springs > Hot (42-90C) > Sediment
Gs0131199	1	Environmental > Terrestrial > Deep subsurface > Rock
Gs0131201	2	Environmental > Terrestrial > Soil > Peat > Bog|Environmental > Terrestrial > Soil > Peat > Fen
Gs0131203	1	Environmental > Aquatic > Freshwater > Lake
Gs0131204	1	Environmental > Aquatic > Freshwater > Lotic
Gs0131206	2	Environmental > Terrestrial > Plant litter|Host-associated > Plants > Phyllosphere > Stem > Wood decay
Gs0131207	2	Environmental > Aquatic > Marine|Environmental > Aquatic > Marine > Coastal
Gs0131208	1	Environmental > Aquatic > Marine > Coastal
Gs0131209	1	Environmental > Terrestrial > Soil > Surface mine > Reclaimed
Gs0131210	4	Environmental > Terrestrial > Rock-dwelling (subaerial biofilms)|Environmental > Terrestrial > Soil > Grasslands > Bulk soil|Host-associated > Plants > Roots|Host-associated > Plants > Roots > Rhizosphere
Gs0131211	1	Environmental > Aquatic > Freshwater > Lake
Gs0131212	1	Environmental > Aquatic > Freshwater > Creek
Gs0131215	1	Environmental > Air > Outdoor Air
Gs0131229	1	Environmental > Aquatic > Non-marine Saline and Alkaline > Hypersaline > Microbial mats
Gs0131241	1	Environmental > Terrestrial > Soil > Contaminated > Uranium contaminated
Gs0131242	1	Engineered > Bioreactor > Anaerobic
Gs0131252	1	Host-associated > Porifera > Sponge
Gs0131278	1	Environmental > Terrestrial > Soil > Temperate forest > Bulk soil
Gs0131279	1	Environmental > Terrestrial > Soil
Gs0131285	1	Environmental > Terrestrial > Oil reservoir
Gs0131286	1	Environmental > Terrestrial > Oil reservoir
Gs0131304	1	Engineered > Lab culture > Culture media > Bacteria > Contaminated
Gs0131314	1	Environmental > Aquatic > Marine > Sediment
Gs0131315	1	Engineered > Bioreactor > Microbial fuel cells/MFC > Cathode
Gs0131320	2	Environmental > Aquatic > Marine > Coastal|Environmental > Aquatic > Marine > Coastal > Sediment
Gs0131328	2	Environmental > Terrestrial > Deep subsurface > Rock core/Sediment|Environmental > Terrestrial > Soil > Biocrust
Gs0131329	1	Environmental > Aquatic > Freshwater > Wetlands > Sediment
Gs0131380	2	Environmental > Aquatic > Non-marine Saline and Alkaline > Hypersaline|Environmental > Aquatic > Non-marine Saline and Alkaline > Salt crystallizer ponds
Gs0131923	1	Host-associated > Mammals: Human > Digestive system > Large intestine > Fecal
Gs0131924	2	Environmental > Aquatic > Freshwater > Lake > Sediment|Environmental > Aquatic > Freshwater > Sediment
Gs0131928	1	Engineered > Bioreactor > Anaerobic > Biogas
Gs0131934	1	Environmental > Aquatic > Marine > Coastal
Gs0131938	1	Environmental > Aquatic > Freshwater > Lake > Biofilm
Gs0131957	1	Host-associated > Plants > Roots > Rhizosphere
Gs0131965	1	Environmental > Aquatic > Freshwater > Lake
Gs0131968	4	Environmental > Aquatic > Marine|Environmental > Aquatic > Marine > Coastal > Sediment|Environmental > Aquatic > Marine > Intertidal zone > Estuary|Environmental > Aquatic > Marine > Sediment
Gs0131971	1	Environmental > Aquatic > Freshwater > River
Gs0131972	1	Environmental > Aquatic > Freshwater > Pond
Gs0131977	1	Environmental > Terrestrial > Rock-dwelling (subaerial biofilms)
Gs0131983	6	Engineered > Bioreactor > Anaerobic|Environmental > Aquatic > Freshwater > Lake > Sediment|Environmental > Terrestrial > Soil > Peat|Environmental > Terrestrial > Soil > Peat > Mire|Environmental > Terrestrial > Soil > Peat > Permafrost|Environmental > Terrestrial > Soil > Wetlands > Peat
Gs0131989	1	Environmental > Aquatic > Freshwater > Wetlands > Sediment
Gs0131990	1	Environmental > Terrestrial > Oil reservoir
Gs0131991	1	Environmental > Terrestrial > Oil reservoir
Gs0131992	1	Environmental > Aquatic > Freshwater > Lake > Sediment
Gs0131993	3	Environmental > Terrestrial > Soil > Agricultural land|Host-associated > Mammals > Digestive system|Host-associated > Mollusca > Tissue
Gs0132838	1	Engineered > Bioreactor > Anaerobic
Gs0132854	1	Environmental > Aquatic > Marine > Coastal
Gs0132855	1	Engineered > Modeled > Simulated communities (microbial mixture)
Gs0132857	1	Engineered > Artificial ecosystem > Soil microcosm > Surface biofilm
Gs0132871	1	Host-associated > Mammals: Human > Digestive system > Large intestine > Fecal
Gs0132872	2	Host-associated > Mammals > Digestive system > Large intestine > Fecal|Host-associated > Mammals: Human > Digestive system > Large intestine
Gs0132873	3	Host-associated > Mammals: Human > Digestive system > Large intestine > Fecal|Host-associated > Mammals: Human > Digestive system > Oral cavity > Tongue dorsum|Host-associated > Mammals: Human > Reproductive system > Vagina > Posterior fornix
Gs0132874	1	Host-associated > Mammals: Human > Digestive system > Large intestine > Fecal
Gs0132875	1	Host-associated > Mammals: Human > Digestive system > Large intestine > Fecal
Gs0132876	1	Host-associated > Mammals: Human > Digestive system > Large intestine > Fecal
Gs0132877	11	Engineered > Solid waste > Latrine chamber > Composting|Engineered > WWTP > Wastewater|Engineered > Wastewater > Sewage|Environmental > Aquatic > Freshwater|Environmental > Aquatic > Freshwater > Drinking water|Environmental > Aquatic > Freshwater > Pond|Environmental > Terrestrial > Soil|Host-associated > Birds > Digestive system > Large intestine > Fecal|Host-associated > Mammals > Digestive system > Large intestine > Fecal|Host-associated > Mammals: Human > Digestive system > Large intestine > Fecal|Host-associated > Reptilia > Digestive system > Large intestine > Fecal
Gs0132878	1	Host-associated > Mammals: Human > Digestive system > Large intestine > Fecal
Gs0132879	2	Environmental > Aquatic > Marine|Environmental > Aquatic > Marine > Oceanic
Gs0132880	1	Host-associated > Mammals: Human > Digestive system > Large intestine > Fecal
Gs0132881	1	Host-associated > Mammals: Human > Digestive system > Large intestine > Fecal
Gs0132886	1	Environmental > Terrestrial > Deep subsurface > Aquifer
Gs0132893	1	Environmental > Terrestrial > Soil > Agricultural land
Gs0132898	1	Environmental > Terrestrial > Oil reservoir
Gs0132899	1	Environmental > Terrestrial > Oil reservoir
Gs0132900	2	Environmental > Terrestrial > Plant litter|Environmental > Terrestrial > Soil > Temperate forest > Bulk soil
Gs0132902	1	Engineered > Bioreactor > Anaerobic
Gs0132908	1	Engineered > Bioreactor > Continuous culture > Marine sediment inoculum
Gs0132911	1	Environmental > Terrestrial > Oil reservoir
Gs0132912	1	Environmental > Terrestrial > Oil reservoir
Gs0132913	1	Host-associated > Plants > Roots
Gs0132914	1	Environmental > Terrestrial > Geologic > Sediment
Gs0132915	1	Host-associated > Mammals: Human > Respiratory system > Sputum/Phlegm
Gs0132916	1	Environmental > Aquatic > Marine > Hypoxic zone
Gs0132917	1	Engineered > Bioreactor > Anaerobic > Digestate
Gs0132918	1	Engineered > Bioreactor > Anaerobic > Digestate
Gs0132919	1	Engineered > Solid waste > Animal waste > Manure
Gs0132920	1	Engineered > Solid waste > Animal waste > Manure
Gs0132921	1	Environmental > Terrestrial > Soil > Soil crust
Gs0132922	1	Engineered > Solid waste > Landfill
Gs0132923	3	Host-associated > Mammals: Human > Remains > Skeletonized remains > Bone|Host-associated > Mammals: Human > Remains > Skeletonized remains > Hair|Host-associated > Mammals: Human > Remains > Skeletonized remains > Tooth
Gs0132924	3	Host-associated > Mammals: Human > Circulatory system > Blood > Serum|Host-associated > Mammals: Human > Respiratory system > Lung|Host-associated > Mammals: Human > Respiratory system > Lung > Alveoli
Gs0132925	1	Environmental > Aquatic > Freshwater > Ice > Cryoconite
Gs0132926	1	Environmental > Terrestrial > Soil > Grasslands
Gs0132927	1	Host-associated > Mammals > Digestive system > Large intestine > Fecal
Gs0132928	1	Engineered > Wastewater > Industrial wastewater > Mine water
Gs0132929	1	Environmental > Aquatic > Marine > Hydrothermal vents > Sediment
Gs0132930	1	Environmental > Aquatic > Freshwater
Gs0132931	1	Host-associated > Arthropoda: Insects > Whole body
Gs0132932	1	Host-associated > Mammals: Human > Digestive system > Large intestine > Fecal
Gs0132933	1	Environmental > Aquatic > Non-marine Saline and Alkaline > Hypersaline
Gs0132934	1	Host-associated > Mammals: Human > Digestive system > Large intestine > Fecal
Gs0132935	1	Host-associated > Plants > Roots
Gs0132936	1	Host-associated > Protists > Breviatea
Gs0132937	1	Host-associated > Mammals: Human > Lymphatic system > Lymph nodes > Cervical/Neck nodes
Gs0132938	1	Environmental > Terrestrial > Soil > Agricultural land
Gs0132939	1	Environmental > Aquatic > Marine > Intertidal zone > Salt marsh
Gs0132940	1	Environmental > Terrestrial > Soil > Tropical forest > Bulk soil
Gs0132941	1	Engineered > Paper > Currency notes
Gs0132942	1	Engineered > Wastewater
Gs0132943	1	Host-associated > Plants > Phyllosphere > Carposphere
Gs0132944	1	Host-associated > Mammals > Digestive system > Stomach > Rumen
Gs0132945	1	Environmental > Aquatic > Marine
Gs0132946	2	Environmental > Aquatic > Marine|Host-associated > Porifera > Sponge
Gs0132947	1	Engineered > Wastewater > Nutrient removal > Nitrogen removal
Gs0132948	1	Environmental > Aquatic > Marine
Gs0132949	1	Environmental > Aquatic > Freshwater > Lake
Gs0132950	1	Host-associated > Mammals: Human > Digestive system > Large intestine > Fecal
Gs0132951	2	Host-associated > Mammals > Digestive system > Large intestine > Fecal|Host-associated > Mammals: Human > Digestive system > Large intestine > Fecal
Gs0132952	1	Engineered > Solid waste > Agricultural waste > Composting
Gs0132953	1	Environmental > Terrestrial > Soil > Paddy field/soil
Gs0132954	1	Environmental > Aquatic > Marine > Oceanic > Sediment
Gs0132955	1	Environmental > Terrestrial > Soil > Clay > Agricultural land
Gs0132956	1	Host-associated > Mammals: Human > Digestive system > Large intestine > Fecal
Gs0132957	1	Environmental > Aquatic > Marine > Cold seeps > Sediment
Gs0132958	1	Host-associated > Arthropoda: Insects > Larva
Gs0132959	1	Host-associated > Mammals > Digestive system > Stomach > Rumen
Gs0132960	1	Environmental > Aquatic > Freshwater > Lake
Gs0132961	1	Environmental > Aquatic > Freshwater > Drinking water
Gs0132962	1	Environmental > Aquatic > Marine > Intertidal zone > Estuary
Gs0132963	1	Environmental > Aquatic > Freshwater > River
Gs0132964	2	Environmental > Aquatic > Freshwater|Host-associated > Mammals: Human > Visual system > Eye: Ciliary body > Intraocular fluid/Aqueous humor
Gs0132965	1	Host-associated > Mammals: Human > Digestive system > Large intestine > Fecal
Gs0132966	1	Environmental > Aquatic > Marine
Gs0132967	1	Environmental > Terrestrial > Soil
Gs0132968	1	Host-associated > Mammals: Human > Digestive system > Large intestine > Fecal
Gs0132969	1	Host-associated > Mammals: Human > Digestive system > Oral cavity > Dental plaque
Gs0132970	1	Host-associated > Mammals: Human > Respiratory system > Sputum/Phlegm
Gs0132971	1	Engineered > Wastewater > Activated Sludge
Gs0132972	1	Environmental > Aquatic > Marine
Gs0132973	2	Environmental > Terrestrial > Soil > Temperate forest > Bulk soil|Environmental > Terrestrial > Soil > Tropical forest > Bulk soil
Gs0132974	1	Host-associated > Mammals: Human > Circulatory system > Blood > Plasma
Gs0132975	1	Environmental > Terrestrial > Soil > Grasslands
Gs0132976	1	Environmental > Aquatic > Marine
Gs0132977	1	Host-associated > Mammals: Human > Digestive system > Large intestine > Fecal
Gs0132978	1	Engineered > Industrial production > Engineered product > Biocathode
Gs0132979	1	Environmental > Aquatic > Freshwater > Lake > Sediment
Gs0132980	1	Environmental > Terrestrial > Soil > Agricultural land
Gs0132981	1	Host-associated > Mammals: Human > Digestive system > Large intestine > Fecal
Gs0132982	3	Engineered > Wastewater > Activated Sludge|Environmental > Terrestrial > Deep subsurface > Oil well|Environmental > Terrestrial > Deep subsurface > Water well
Gs0132983	1	Host-associated > Mammals: Human > Skeletal system > Periprosthetic joint > Sonicate fluid
Gs0132984	1	Engineered > Food production > Fermented beverages
Gs0132985	1	Host-associated > Mammals > Digestive system > Large intestine > Fecal
Gs0132986	1	Engineered > Wastewater > Activated Sludge
Gs0132987	2	Host-associated > Birds > Digestive system > Esophagus > Crop|Host-associated > Birds > Digestive system > Large intestine > Ceca
Gs0132988	1	Engineered > Wastewater > Activated Sludge
Gs0132989	1	Environmental > Terrestrial > Soil > Agricultural land
Gs0132990	1	Environmental > Terrestrial > Soil > Agricultural land
Gs0132991	1	Engineered > Industrial production > Engineered product > Bioanode
Gs0132992	1	Environmental > Aquatic > Marine
Gs0132993	1	Environmental > Terrestrial > Soil > Peat > Bog
Gs0132994	1	Environmental > Aquatic > Freshwater > Pond
Gs0132995	1	Environmental > Aquatic > Freshwater > Pond
Gs0132996	1	Engineered > Bioreactor > Anaerobic
Gs0132997	1	Host-associated > Plants > Phyllosphere > Anthosphere
Gs0132998	1	Environmental > Terrestrial > Soil > Agricultural land
Gs0132999	1	Engineered > Food production > Dairy products
Gs0133000	1	Environmental > Aquatic > Marine > Oceanic > Oil-contaminated
Gs0133001	1	Environmental > Aquatic > Freshwater > Lake
Gs0133002	1	Environmental > Terrestrial > Soil > Contaminated
Gs0133003	1	Host-associated > Mammals: Human > Circulatory system > Blood > Plasma
Gs0133004	1	Environmental > Aquatic > Freshwater > Lake > Sediment
Gs0133005	1	Environmental > Aquatic > Marine > Oceanic
Gs0133006	1	Environmental > Aquatic > Thermal springs > Sediment
Gs0133007	1	Host-associated > Invertebrates > Echinodermata > Sea Star
Gs0133008	1	Engineered > Wastewater > Activated Sludge
Gs0133009	1	Environmental > Terrestrial > Soil
Gs0133010	1	Environmental > Terrestrial > Soil
Gs0133011	1	Environmental > Terrestrial > Soil
Gs0133012	1	Environmental > Terrestrial > Soil
Gs0133013	1	Environmental > Terrestrial > Soil
Gs0133014	1	Engineered > Food production > Fermented beverages
Gs0133015	1	Engineered > Wastewater > Activated Sludge
Gs0133016	1	Engineered > Food production > Meat products
Gs0133017	2	Environmental > Aquatic > Marine > Oceanic|Environmental > Aquatic > Marine > Oceanic > Photic zone
Gs0133018	1	Environmental > Aquatic > Freshwater > Lake
Gs0133019	2	Environmental > Aquatic > Marine|Environmental > Aquatic > Marine > Intertidal zone > Estuary
Gs0133020	1	Host-associated > Mammals > Digestive system > Large intestine > Fecal
Gs0133021	1	Host-associated > Microbial > Bacteria
Gs0133022	1	Environmental > Aquatic > Freshwater > River
Gs0133023	1	Environmental > Aquatic > Marine > Hydrothermal vents
Gs0133047	1	Host-associated > Mammals: Human > Digestive system > Large intestine > Fecal
Gs0133048	1	Host-associated > Mammals > Digestive system > Large intestine > Fecal
Gs0133049	1	Host-associated > Mammals: Human > Digestive system > Large intestine > Fecal
Gs0133052	1	Host-associated > Plants > Phyllosphere > Caulosphere
Gs0133054	2	Environmental > Aquatic > Freshwater > Drinking water|Environmental > Aquatic > Freshwater > Drinking water > Delivery networks
Gs0133056	1	Environmental > Terrestrial > Soil > Agricultural land
Gs0133059	1	Engineered > Food production > Dairy products
Gs0133061	1	Engineered > Food production > Dairy products
Gs0133071	1	Environmental > Aquatic > Freshwater > Lake
Gs0133073	1	Host-associated > Mammals: Human > Digestive system > Large intestine > Fecal
Gs0133085	1	Host-associated > Mammals: Human > Digestive system > Oral cavity > Saliva
Gs0133087	1	Host-associated > Mammals: Human > Digestive system > Oral cavity > Saliva
Gs0133094	1	Host-associated > Arthropoda: Insects > Digestive system > Midgut > Caeca: Bacteriome
Gs0133095	1	Host-associated > Mammals: Human > Digestive system > Large intestine > Fecal
Gs0133096	1	Engineered > Wastewater > Activated Sludge
Gs0133097	1	Host-associated > Mammals > Digestive system > Large intestine > Fecal
Gs0133098	1	Host-associated > Mammals: Human > Digestive system > Large intestine > Fecal
Gs0133099	1	Host-associated > Mammals > Digestive system > Large intestine > Fecal
Gs0133100	1	Host-associated > Mammals: Human > Digestive system > Large intestine > Fecal
Gs0133101	1	Environmental > Aquatic > Marine > Wetlands
Gs0133102	1	Host-associated > Protists > Dinoflagellates
Gs0133103	1	Engineered > Bioreactor > Aerobic > Activated sludge
Gs0133104	1	Environmental > Aquatic > Marine > Coastal
Gs0133105	1	Engineered > Modeled > Simulated communities (microbial mixture)
Gs0133106	1	Environmental > Aquatic > Marine > Coastal
Gs0133107	1	Environmental > Terrestrial > Soil
Gs0133108	1	Engineered > Wastewater > Activated Sludge
Gs0133109	1	Environmental > Aquatic > Marine > Pelagic zone
Gs0133110	1	Engineered > Industrial production > Engineered product > Bioanode
Gs0133111	1	Environmental > Aquatic > Marine > Coastal > Sediment
Gs0133112	1	Host-associated > Mammals: Human > Digestive system > Large intestine > Fecal
Gs0133113	1	Host-associated > Mammals: Human > Respiratory system > Pharynx/Throat > Nasopharynx
Gs0133114	2	Engineered > Solid waste > Animal waste|Environmental > Terrestrial > Soil
Gs0133115	2	Engineered > Industrial production > Engineered product > Bioanode > Biofilm|Environmental > Terrestrial > Soil
Gs0133116	1	Host-associated > Mammals: Human > Digestive system > Large intestine > Fecal
Gs0133117	1	Host-associated > Mammals: Human > Digestive system > Large intestine > Fecal
Gs0133118	1	Environmental > Aquatic > Marine
Gs0133119	1	Host-associated > Mammals: Human > Respiratory system > Pharynx/Throat > Nasopharynx
Gs0133120	2	Environmental > Terrestrial > Soil > Agricultural land|Host-associated > Plants > Roots
Gs0133121	1	Host-associated > Mammals: Human > Digestive system > Large intestine > Fecal
Gs0133122	1	Host-associated > Invertebrates > Ctenophora
Gs0133123	1	Environmental > Aquatic > Marine
Gs0133124	1	Engineered > Bioreactor > Wastewater > Activated sludge
Gs0133125	2	Engineered > Modeled > Simulated communities (microbial mixture)|Environmental > Aquatic > Thermal springs
Gs0133126	1	Environmental > Terrestrial > Soil
Gs0133127	1	Host-associated > Mammals > Digestive system > Large intestine > Fecal
Gs0133128	1	Environmental > Aquatic > Marine > Oceanic > Sediment
Gs0133129	1	Environmental > Terrestrial > Soil > Grasslands
Gs0133130	1	Host-associated > Mammals: Human > Digestive system > Large intestine > Fecal
Gs0133131	1	Environmental > Terrestrial > Soil > Paddy field/soil
Gs0133132	1	Environmental > Terrestrial > Soil > Permafrost
Gs0133133	1	Host-associated > Mammals: Human > Digestive system > Large intestine > Fecal
Gs0133134	3	Engineered > Industrial production > Engineered product > Bioanode > Biofilm|Engineered > Industrial production > Engineered product > Biocathode > Biofilm|Engineered > Wastewater > Activated Sludge
Gs0133135	2	Engineered > Wastewater > Nutrient removal|Engineered > Wastewater > Nutrient removal > Biological phosphorus removal > Activated sludge
Gs0133136	2	Engineered > Solid waste > Animal waste|Environmental > Aquatic > Freshwater > Lake > Sediment
Gs0133137	1	Environmental > Aquatic > Marine
Gs0133138	1	Engineered > Bioreactor > Anaerobic
Gs0133139	1	Host-associated > Mammals: Human > Digestive system > Large intestine > Fecal
Gs0133265	2	Environmental > Aquatic > Marine > Oil seeps|Environmental > Aquatic > Marine > Sediment
Gs0133274	1	Engineered > Modeled > Simulated communities (microbial mixture)
Gs0133275	1	Host-associated > Mammals > Digestive system > Large intestine > Fecal
Gs0133276	2	Engineered > Wastewater > Industrial wastewater > Meat/Poultry processing plant > Poultry processing wastewater|Host-associated > Birds > Digestive system > Large intestine > Ceca
Gs0133277	3	Host-associated > Mammals: Human > Digestive system > Large intestine > Fecal|Host-associated > Mammals: Human > Digestive system > Oral cavity|Host-associated > Mammals: Human > Integumentary system > Skin > Skin surface
Gs0133278	1	Environmental > Aquatic > Freshwater > Sediment
Gs0133279	1	Environmental > Aquatic > Marine
Gs0133280	1	Engineered > Bioreactor > Anaerobic
Gs0133281	1	Host-associated > Mammals > Digestive system > Large intestine > Fecal
Gs0133282	2	Host-associated > Mammals > Digestive system > Large intestine > Fecal|Host-associated > Mammals: Human > Digestive system > Large intestine > Fecal
Gs0133283	1	Host-associated > Mammals > Digestive system > Large intestine > Fecal
Gs0133284	1	Environmental > Aquatic > Marine > Sediment
Gs0133285	1	Engineered > Wastewater > Industrial wastewater
Gs0133286	1	Engineered > Bioreactor > Anaerobic
Gs0133287	2	Environmental > Terrestrial > Soil > Grasslands|Environmental > Terrestrial > Soil > Permafrost
Gs0133288	3	Engineered > Wastewater > Industrial wastewater|Environmental > Terrestrial > Soil|Host-associated > Mammals > Digestive system > Large intestine > Fecal
Gs0133289	2	Environmental > Aquatic > Freshwater > Wetlands > Sediment|Environmental > Terrestrial > Soil > Wetlands
Gs0133290	1	Engineered > Food production > Fermented beverages
Gs0133291	1	Host-associated > Algae > Green algae
Gs0133292	1	Host-associated > Plants > Roots > Rhizosphere > Soil
Gs0133293	1	Host-associated > Arthropoda: Insects > Digestive system > Hindgut
Gs0133294	1	Environmental > Aquatic > Marine > Oceanic
Gs0133295	1	Environmental > Aquatic > Marine > Intertidal zone > Coral reef
Gs0133296	1	Engineered > Modeled > Simulated communities (microbial mixture)
Gs0133297	1	Engineered > Food production > Dairy products
Gs0133298	1	Engineered > Food production > Fermented beverages
Gs0133299	1	Environmental > Aquatic > Thermal springs
Gs0133300	1	Environmental > Aquatic > Marine > Oceanic
Gs0133301	1	Environmental > Aquatic > Freshwater
Gs0133302	1	Engineered > Built environment > Spacecraft Assembly Cleanrooms
Gs0133303	1	Engineered > Bioreactor > Anaerobic
Gs0133304	1	Environmental > Aquatic > Marine
Gs0133305	1	Host-associated > Mammals: Human > Digestive system > Large intestine > Fecal
Gs0133306	2	Environmental > Aquatic > Freshwater|Host-associated > Plants
Gs0133307	1	Environmental > Terrestrial > Soil > Peat > Bog
Gs0133308	1	Engineered > Wastewater > Nutrient removal > Biological phosphorus removal > Activated sludge
Gs0133309	1	Host-associated > Mammals > Digestive system > Large intestine > Fecal
Gs0133310	1	Engineered > Bioreactor > Anaerobic
Gs0133311	2	Environmental > Aquatic > Aquaculture|Host-associated > Mollusca > Larvae
Gs0133312	1	Host-associated > Mammals > Digestive system > Large intestine > Fecal
Gs0133313	1	Environmental > Aquatic > Freshwater > Groundwater
Gs0133314	1	Host-associated > Arthropoda: Chelicerates > Whole body
Gs0133315	1	Environmental > Aquatic > Thermal springs
Gs0133316	1	Environmental > Terrestrial > Soil
Gs0133318	1	Environmental > Terrestrial > Soil > Agricultural land
Gs0133319	1	Environmental > Aquatic > Marine
Gs0133320	1	Environmental > Aquatic > Marine
Gs0133321	1	Host-associated > Arthropoda: Insects > Whole body
Gs0133322	6	Engineered > WWTP > Wastewater|Engineered > Wastewater|Environmental > Aquatic > Freshwater > River|Host-associated > Birds > Digestive system > Large intestine > Fecal|Host-associated > Mammals > Digestive system > Large intestine > Fecal|Host-associated > Mammals: Human > Digestive system > Large intestine > Fecal
Gs0133323	1	Engineered > Industrial production > Engineered product
Gs0133324	1	Environmental > Aquatic > Marine
Gs0133325	1	Environmental > Aquatic > Non-marine Saline and Alkaline > Hypersaline
Gs0133326	4	Environmental > Aquatic > Freshwater|Environmental > Aquatic > Freshwater > Sediment|Environmental > Aquatic > Marine|Environmental > Aquatic > Marine > Sediment
Gs0133327	1	Environmental > Terrestrial > Deep subsurface > Fracking water
Gs0133328	1	Host-associated > Invertebrates > Cnidaria
Gs0133329	1	Host-associated > Arthropoda: Insects > Larva > Gut
Gs0133330	3	Host-associated > Mammals > Digestive system > Small intestine > Ileum|Host-associated > Mammals > Digestive system > Small intestine > Jejunum|Host-associated > Mammals > Digestive system > Stomach > Rumen
Gs0133331	1	Host-associated > Mammals: Human > Digestive system > Large intestine > Fecal
Gs0133332	1	Host-associated > Mammals > Digestive system > Large intestine > Fecal
Gs0133333	1	Host-associated > Plants > Roots > Rhizosphere > Soil
Gs0133334	1	Environmental > Aquatic > Marine > Sediment
Gs0133335	2	Engineered > Industrial production > Engineered product > Bioanode|Engineered > Wastewater > Activated Sludge
Gs0133336	1	Environmental > Aquatic > Freshwater > Lake
Gs0133337	1	Environmental > Aquatic > Freshwater > Lake
Gs0133338	1	Host-associated > Mammals > Digestive system > Stomach > Rumen
Gs0133339	1	Engineered > Wastewater > Activated Sludge
Gs0133340	12	Engineered > Industrial production > Chemical products > Reagent blank|Host-associated > Mammals: Human > Abdominal/Peritoneal cavity > Ascites > Malignant ascites|Host-associated > Mammals: Human > Cell Line|Host-associated > Mammals: Human > Circulatory system > Blood|Host-associated > Mammals: Human > Malignant tumor > Carcinoma > Basal cell carcinoma|Host-associated > Mammals: Human > Malignant tumor > Carcinoma > Breast cancer|Host-associated > Mammals: Human > Malignant tumor > Carcinoma > Colon cancer|Host-associated > Mammals: Human > Malignant tumor > Carcinoma > Squamous cell carcinoma|Host-associated > Mammals: Human > Malignant tumor > Carcinoma > Testicular cancer|Host-associated > Mammals: Human > Malignant tumor > Carcinoma > Urothelial carcinoma/Transitional cell carcinoma (TCC)|Host-associated > Mammals: Human > Malignant tumor > Lymphoma > Mycosis fungoides/Cutaneous T-cell lymphoma|Host-associated > Mammals: Human > Malignant tumor > Melanoma
Gs0133341	1	Host-associated > Plants > Roots
Gs0133342	1	Engineered > Bioreactor > Anaerobic
Gs0133343	1	Host-associated > Mammals > Digestive system > Large intestine > Fecal
Gs0133344	1	Host-associated > Birds > Digestive system > Large intestine > Ceca
Gs0133345	1	Host-associated > Mammals: Human > Digestive system > Large intestine > Fecal
Gs0133346	2	Host-associated > Mammals: Human > Digestive system > Large intestine > Fecal|Host-associated > Mammals: Human > Integumentary system > Mammary gland > Milk
Gs0133347	1	Engineered > Wastewater > Industrial wastewater > Mine water
Gs0133348	1	Environmental > Aquatic > Marine
Gs0133349	1	Environmental > Aquatic > Freshwater > Wetlands > Sediment
Gs0133350	2	Environmental > Aquatic > Marine|Host-associated > Mollusca > Digestive system
Gs0133351	1	Host-associated > Porifera > Sponge
Gs0133352	1	Environmental > Aquatic > Marine > Coastal
Gs0133353	1	Environmental > Aquatic > Marine > Oceanic > Sediment
Gs0133354	1	Environmental > Aquatic > Marine > Harbor
Gs0133355	1	Environmental > Aquatic > Freshwater > Ice > Cryoconite
Gs0133356	1	Environmental > Aquatic > Marine > Hydrothermal vents > Sediment
Gs0133357	1	Environmental > Aquatic > Marine
Gs0133358	1	Environmental > Air > Indoor Air > Dust
Gs0133359	1	Host-associated > Mammals > Digestive system > Large intestine > Fecal
Gs0133360	1	Environmental > Aquatic > Marine
Gs0133361	1	Environmental > Aquatic > Freshwater > Groundwater
Gs0133362	1	Engineered > Industrial production > Engineered product
Gs0133363	1	Engineered > Industrial production > Biochar
Gs0133364	1	Environmental > Terrestrial > Soil
Gs0133365	1	Environmental > Aquatic > Marine
Gs0133366	1	Environmental > Aquatic > Marine
Gs0133367	1	Environmental > Aquatic > Freshwater > Lake
Gs0133368	2	Host-associated > Arthropoda: Insects > Digestive system > Gut|Host-associated > Arthropoda: Insects > Digestive system > Midgut
Gs0133369	1	Environmental > Terrestrial > Soil
Gs0133370	4	Environmental > Aquatic > Freshwater|Environmental > Aquatic > Freshwater > Sediment|Environmental > Aquatic > Non-marine Saline and Alkaline > Saline|Environmental > Aquatic > Non-marine Saline and Alkaline > Saline > Sediment
Gs0133371	1	Environmental > Terrestrial > Soil > Meadow
Gs0133372	1	Host-associated > Birds > Digestive system > Large intestine > Fecal
Gs0133373	2	Environmental > Aquatic > Marine|Environmental > Aquatic > Marine > Sea ice
Gs0133374	1	Engineered > Wastewater > Activated Sludge
Gs0133375	1	Environmental > Terrestrial > Nest > Insects nest > Beehive: Pollen
Gs0133376	1	Environmental > Aquatic > Freshwater > Lake
Gs0133387	1	Environmental > Aquatic > Marine > Sediment
Gs0133389	2	Environmental > Aquatic > Freshwater > Groundwater|Environmental > Aquatic > Freshwater > Groundwater > Aquifer
Gs0133404	3	Environmental > Aquatic > Marine > Deep subsurface > Rock|Environmental > Aquatic > Marine > Oceanic > Rock|Environmental > Aquatic > Marine > Oceanic > Sediment
Gs0133406	1	Engineered > Bioreactor > Anaerobic
Gs0133407	3	Engineered > Modeled > Simulated communities (microbial mixture)|Engineered > WWTP > Influent > Raw wastewater > Municipal and sewage|Environmental > Terrestrial > Soil > Soil crust > Biological
Gs0133408	1	Host-associated > Mammals > Digestive system > Stomach > Rumen
Gs0133409	1	Environmental > Terrestrial > Soil > Temperate forest > Bulk soil
Gs0133410	1	Engineered > Artificial ecosystem > Mesocosm > Soil
Gs0133411	1	Environmental > Terrestrial > Soil > Agricultural land
Gs0133417	1	Engineered > Bioreactor > Anaerobic > Biofilm
Gs0133428	1	Environmental > Aquatic > Freshwater > Lake > Epilimnion/Euphotic zone
Gs0133434	1	Host-associated > Mammals: Human > Digestive system > Large intestine > Fecal
Gs0133435	1	Host-associated > Mammals: Human > Digestive system > Large intestine > Fecal
Gs0133437	3	Environmental > Aquatic > Marine > Intertidal zone > Microbialites|Environmental > Aquatic > Marine > Intertidal zone > Sediment|Environmental > Terrestrial > Soil > Wetlands
Gs0133438	3	Environmental > Aquatic > Non-marine Saline and Alkaline > Hypersaline > Microbial mats|Environmental > Aquatic > Non-marine Saline and Alkaline > Saline > Microbial mats|Environmental > Terrestrial > Rock-dwelling (subaerial biofilms)
Gs0133439	1	Environmental > Terrestrial > Oil reservoir
Gs0133441	1	Environmental > Aquatic > Marine > Coastal
Gs0133442	1	Environmental > Aquatic > Freshwater > Groundwater > Aquifer
Gs0133443	1	Engineered > Modeled
Gs0133445	1	Environmental > Aquatic > Marine > Hydrothermal vents
Gs0133450	1	Environmental > Terrestrial > Soil > Sand > Forest soil
Gs0133454	1	Environmental > Terrestrial > Oil reservoir
Gs0133460	1	Environmental > Aquatic > Freshwater > River
Gs0133461	2	Engineered > Industrial production > Chemical products > Reagent blank|Environmental > Aquatic > Marine > Cold seeps > Sediment
Gs0133482	1	Host-associated > Mammals: Human > Digestive system > Large intestine > Fecal
Gs0133492	2	Environmental > Aquatic > Marine > Coastal > Sediment|Environmental > Aquatic > Marine > Sediment
Gs0133493	2	Environmental > Aquatic > Marine > Abyssopelagic|Environmental > Aquatic > Marine > Ocean trench
Gs0133502	1	Engineered > Built environment > Tailings pond
Gs0133503	1	Engineered > Wastewater > Activated Sludge
Gs0133504	1	Environmental > Aquatic > Thermal springs > Hot (42-90C) > Acidic
Gs0133509	1	Engineered > Wastewater > Industrial wastewater > Petrochemical
Gs0133511	10	Engineered > Industrial production > Chemical products > Lab-grade water|Environmental > Air > Indoor Air|Environmental > Aquatic > Freshwater > Ice|Environmental > Aquatic > Freshwater > Ice > Glacier|Environmental > Aquatic > Freshwater > Lake > Sediment|Environmental > Aquatic > Marine|Environmental > Aquatic > Marine > Bathypelagic|Environmental > Aquatic > Marine > Coastal|Environmental > Aquatic > Marine > Coastal > Brine|Environmental > Aquatic > Marine > Mesopelagic
Gs0133512	3	Environmental > Terrestrial > Soil > Agricultural land|Host-associated > Plants > Phyllosphere|Host-associated > Plants > Phyllosphere > Phylloplane/Leaf
Gs0133535	2	Environmental > Aquatic > Non-marine Saline and Alkaline > Saline > Athalassic|Environmental > Terrestrial > Cave > Wall > Biofilm
Gs0133538	1	Environmental > Aquatic > Marine > Hydrothermal vents > Microbial mats
Gs0133540	2	Environmental > Terrestrial > Soil > Agricultural land|Host-associated > Plants > Roots > Rhizosphere
Gs0133548	1	Environmental > Aquatic > Freshwater > Wetlands > Sediment
Gs0133566	1	Engineered > Wastewater > Industrial wastewater > Mine water > Sediment
Gs0133568	1	Environmental > Terrestrial > Soil > Temperate forest > Bulk soil
Gs0133657	2	Environmental > Aquatic > Freshwater > Lake|Environmental > Aquatic > Freshwater > Lake > Hypolimnion/Profundal zone
Gs0134225	1	Host-associated > Mammals > Reproductive system > Vagina
Gs0134229	1	Engineered > Bioreactor > Aerobic
Gs0134234	1	Host-associated > Fish > Digestive system > Intestine
Gs0134237	2	Engineered > Bioremediation > Persistent organic pollutants (POP)|Engineered > Lab enrichment > Defined media > Anaerobic media
Gs0134238	1	Host-associated > Mammals > Digestive system > Stomach > Rumen
Gs0134249	1	Environmental > Terrestrial > Soil > Permafrost
Gs0134250	2	Environmental > Aquatic > Marine > Coastal|Environmental > Aquatic > Marine > Coastal > Sediment
Gs0134254	1	Engineered > Wastewater > Anaerobic digestor
Gs0134256	1	Environmental > Terrestrial > Soil > Desert
Gs0134259	1	Environmental > Aquatic > Freshwater > Groundwater > Acid Mine Drainage
Gs0134273	1	Engineered > Bioreactor > Anaerobic
Gs0134277	2	Host-associated > Plants > Roots > Rhizosphere|Host-associated > Plants > Roots > Rhizosphere > Soil
Gs0134283	2	Environmental > Aquatic > Marine > Coastal|Host-associated > Cephalochordata > Digestive system > Intestine > Fecal
Gs0134287	1	Host-associated > Arthropoda: Insects > Digestive system > Gut
Gs0134309	1	Environmental > Terrestrial > Soil > Organic layer
Gs0134330	1	Environmental > Aquatic > Marine > Oceanic > Sediment
Gs0134331	1	Environmental > Terrestrial > Plant litter
Gs0134339	1	Environmental > Aquatic > Freshwater > Drinking water > Delivery networks
Gs0134341	1	Environmental > Aquatic > Non-marine Saline and Alkaline > Hypersaline
Gs0134344	1	Environmental > Aquatic > Freshwater > River
Gs0134347	1	Host-associated > Invertebrates > Cnidaria
Gs0134355	1	Engineered > Wastewater > Sewage
Gs0134356	1	Environmental > Aquatic > Freshwater > Lake > Sediment
Gs0134360	2	Environmental > Aquatic > Sediment|Environmental > Aquatic > Thermal springs > Sediment
Gs0134501	1	Environmental > Aquatic > Non-marine Saline and Alkaline > Hypersaline
Gs0134576	1	Environmental > Aquatic > Marine > Oceanic > Photic zone
Gs0134577	1	Engineered > Wastewater > Industrial wastewater
Gs0134589	1	Environmental > Terrestrial > Rock-dwelling (endoliths)
Gs0134590	1	Environmental > Aquatic > Marine > Wetlands > Sediment
Gs0134591	3	Engineered > Industrial production > Chemical products > Sheath fluid|Environmental > Aquatic > Thermal springs > Hot (42-90C)|Environmental > Aquatic > Thermal springs > Hot (42-90C) > Sediment
Gs0134592	1	Environmental > Terrestrial > Soil > Contaminated > Pesticide
Gs0134596	1	Host-associated > Plants > Tissue
Gs0134604	1	Engineered > Food production > Fermented beverages
Gs0134615	1	Environmental > Aquatic > Marine > Coastal
Gs0134622	1	Host-associated > Porifera > Sponge
Gs0134623	1	Host-associated > Porifera > Sponge
Gs0134626	1	Environmental > Aquatic > Marine > Oceanic
Gs0134627	3	Environmental > Terrestrial > Soil > Palsa > Peat permafrost|Environmental > Terrestrial > Soil > Wetlands > Peat|Environmental > Terrestrial > Soil > Wetlands > Permafrost
Gs0134630	1	Environmental > Aquatic > Non-marine Saline and Alkaline > Hypersaline > Sediment
Gs0134631	1	Host-associated > Porifera > Sponge
Gs0134635	2	Environmental > Aquatic > Non-marine Saline and Alkaline > Hypersaline > Microbial mats|Environmental > Aquatic > Non-marine Saline and Alkaline > Hypersaline > Sediment
Gs0135003	1	Host-associated > Porifera > Sponge
Gs0135004	1	Engineered > Bioremediation
Gs0135010	1	Engineered > Lab culture > Culture media > Archaea
Gs0135015	1	Environmental > Aquatic > Freshwater > Ice > Glacier
Gs0135021	1	Environmental > Aquatic > Freshwater > Groundwater > Acid Mine Drainage
Gs0135022	1	Environmental > Aquatic > Freshwater > Ice > Glacier
Gs0135024	1	Environmental > Aquatic > Freshwater > Ice > Glacier
Gs0135057	1	Engineered > Food production > Dairy products
Gs0135058	1	Environmental > Terrestrial > Soil
Gs0135059	1	Host-associated > Mammals > Digestive system > Large intestine > Fecal
Gs0135060	2	Engineered > Food production|Host-associated > Mammals: Human > Digestive system > Oral cavity > Saliva
Gs0135061	1	Environmental > Terrestrial > Soil > Contaminated
Gs0135062	1	Host-associated > Mammals > Digestive system > Large intestine > Fecal
Gs0135063	1	Environmental > Aquatic > Freshwater > River
Gs0135064	1	Host-associated > Mammals: Human > Digestive system > Large intestine > Fecal
Gs0135065	1	Engineered > Modeled > Simulated communities (microbial mixture)
Gs0135066	2	Environmental > Terrestrial > Soil > Agricultural land|Host-associated > Plants > Roots > Rhizosphere > Soil
Gs0135067	4	Environmental > Aquatic > Freshwater > River|Environmental > Aquatic > Marine > Coastal|Environmental > Aquatic > Marine > Intertidal zone|Environmental > Aquatic > Marine > Intertidal zone > Estuary
Gs0135068	1	Engineered > Industrial production > Engineered product
Gs0135069	1	Host-associated > Birds > Digestive system > Large intestine > Fecal
Gs0135070	1	Host-associated > Mammals > Digestive system > Stomach > Rumen
Gs0135071	1	Host-associated > Mammals: Human > Digestive system > Large intestine > Fecal
Gs0135072	1	Host-associated > Mammals: Human > Digestive system > Large intestine > Fecal
Gs0135073	2	Host-associated > Birds > Digestive system > Large intestine > Cloaca|Host-associated > Birds > Digestive system > Large intestine > Fecal
Gs0135074	2	Environmental > Aquatic > Freshwater > River|Host-associated > Mollusca
Gs0135075	1	Host-associated > Plants > Roots
Gs0135076	5	Engineered > Industrial production > Chemical products > Reagent blank|Host-associated > Mammals: Human > Remains > Mummified remains > Large intestine content|Host-associated > Mammals: Human > Remains > Mummified remains > Muscle tissue|Host-associated > Mammals: Human > Remains > Mummified remains > Small intestine content|Host-associated > Mammals: Human > Remains > Mummified remains > Stomach content
Gs0135077	2	Host-associated > Mammals: Human > Digestive system > Oral cavity > Gingiva|Host-associated > Mammals: Human > Digestive system > Oral cavity > Oral mucosa
Gs0135078	1	Host-associated > Mammals: Human > Digestive system > Large intestine > Fecal
Gs0135079	1	Environmental > Aquatic > Freshwater > Lake
Gs0135080	2	Environmental > Terrestrial > Soil|Host-associated > Plants > Roots > Rhizosphere > Soil
Gs0135081	1	Host-associated > Mammals > Digestive system > Stomach > Rumen
Gs0135082	1	Environmental > Aquatic > Marine > Hydrothermal vents > Sediment
Gs0135083	2	Environmental > Terrestrial > Soil > Agricultural land > Bulk soil|Host-associated > Plants > Roots
Gs0135084	1	Environmental > Aquatic > Freshwater > Lake
Gs0135085	1	Host-associated > Plants > Roots > Nodule
Gs0135086	5	Engineered > Lab enrichment > Defined media|Engineered > Solid waste > Agricultural waste > Composting|Host-associated > Arthropoda: Chelicerates > Whole body|Host-associated > Arthropoda: Insects > Whole body|Host-associated > Fungi > Mycelium
Gs0135087	1	Host-associated > Mammals: Human > Digestive system > Large intestine > Fecal
Gs0135088	1	Environmental > Terrestrial > Soil > Agricultural land
Gs0135089	1	Host-associated > Mammals > Digestive system > Large intestine > Fecal
Gs0135090	1	Environmental > Terrestrial > Soil > Fossil
Gs0135091	1	Host-associated > Microbial > Bacteria
Gs0135092	1	Host-associated > Mammals > Digestive system > Large intestine > Fecal
Gs0135093	1	Engineered > Built environment > Hospital
Gs0135094	1	Host-associated > Mammals: Human > Digestive system > Large intestine > Fecal
Gs0135095	1	Host-associated > Mammals: Human > Respiratory system > Bronchi
Gs0135096	1	Host-associated > Mammals > Digestive system > Stomach > Rumen
Gs0135097	1	Host-associated > Mammals: Human > Digestive system > Large intestine > Fecal
Gs0135099	1	Host-associated > Mammals: Human > Digestive system > Large intestine > Fecal
Gs0135101	1	Host-associated > Mammals: Human > Respiratory system > Lung > Alveoli
Gs0135102	1	Host-associated > Plants > Roots > Rhizosphere > Soil
Gs0135103	1	Host-associated > Mammals: Human > Digestive system > Large intestine > Fecal
Gs0135104	1	Host-associated > Mammals: Human > Digestive system > Large intestine > Fecal
Gs0135105	1	Environmental > Aquatic > Freshwater > Lake > Sediment
Gs0135106	1	Host-associated > Mammals: Human > Circulatory system > Blood > Plasma
Gs0135107	2	Engineered > Built environment > City > Subway|Engineered > Built environment > City > Subway > Plastic surface
Gs0135108	2	Host-associated > Mammals > Digestive system > Large intestine > Fecal|Host-associated > Mammals: Human > Digestive system > Large intestine > Fecal
Gs0135109	1	Host-associated > Mammals: Human > Digestive system > Large intestine > Fecal
Gs0135110	11	Host-associated > Mammals: Human > Benign tumor > Polyps > Nasal|Host-associated > Mammals: Human > Circulatory system > Heart > Tricuspid valve|Host-associated > Mammals: Human > Digestive system > Lower gastrointestinal tract > Intestinal mucosa|Host-associated > Mammals: Human > Digestive system > Oral cavity > Buccal mucosa|Host-associated > Mammals: Human > Integumentary system > Skin > Skin tissue|Host-associated > Mammals: Human > Lymphatic system > Lymph nodes|Host-associated > Mammals: Human > Muscular system > Skeletal muscle|Host-associated > Mammals: Human > Reproductive system > External genitalia/Vulva|Host-associated > Mammals: Human > Respiratory system > Lung|Host-associated > Mammals: Human > Skeletal system > Bone > Scull: Ethmoid|Host-associated > Mammals: Human > Skeletal system > Bone > Vertebra
Gs0135111	1	Host-associated > Mammals: Human > Digestive system > Large intestine > Fecal
Gs0135115	1	Engineered > Bioreactor > Aerobic > Activated sludge
Gs0135130	1	Environmental > Aquatic > Freshwater > Ice > Glacier
Gs0135140	1	Host-associated > Plants > Phyllosphere > Cob
Gs0135141	1	Engineered > Lab enrichment > Defined media
Gs0135148	1	Environmental > Aquatic > Deep subsurface > Groundwater
Gs0135149	1	Environmental > Terrestrial > Soil > Floodplain
Gs0135150	1	Environmental > Terrestrial > Soil > Coastal area > Acid sulfate soil
Gs0135151	1	Host-associated > Plants > Roots > Rhizosphere > Soil
Gs0135152	1	Environmental > Aquatic > Marine > Intertidal zone > Salt marsh sediment
Gs0135153	1	Environmental > Terrestrial > Soil > Temperate forest > Bulk soil
Gs0135154	2	Environmental > Terrestrial > Soil > Riparian zone > Trees stand|Host-associated > Plants > Roots
Gs0135157	1	Environmental > Terrestrial > Rock-dwelling (endoliths)
Gs0135158	1	Engineered > Lab enrichment > Defined media > Anaerobic media
Gs0135161	2	Host-associated > Plants > Phyllosphere > Phylloplane/Leaf|Host-associated > Plants > Phyllosphere > Stem > Wood/Secondary xylem
Gs0135173	1	Environmental > Aquatic > Non-marine Saline and Alkaline > Hypersaline
Gs0135174	1	Engineered > Bioreactor > Anaerobic > Sludge
Gs0135209	1	Environmental > Aquatic > Marine > Sediment
Gs0135211	1	Host-associated > Arthropoda: Insects > Digestive system > Hindgut
Gs0135215	1	Environmental > Aquatic > Non-marine Saline and Alkaline > Salt crystallizer ponds
Gs0135220	1	Environmental > Terrestrial > Soil > Sand > Grasslands
Gs0135228	1	Host-associated > Plants > Roots > Rhizosphere > Soil
Gs0135231	1	Environmental > Aquatic > Thermal springs > Hot (42-90C) > Sediment
Gs0135232	1	Environmental > Aquatic > Marine > Cold seeps > Sediment
Gs0135235	1	Environmental > Aquatic > Freshwater > Lake
Gs0135240	2	Engineered > Lab enrichment > Defined media|Environmental > Aquatic > Freshwater > Sinkhole
Gs0135243	2	Environmental > Aquatic > Marine > Coastal|Environmental > Aquatic > Marine > Oceanic
Gs0135250	1	Host-associated > Mammals: Human > Digestive system > Large intestine > Fecal
Gs0135641	2	Environmental > Aquatic > Thermal springs > Hot (42-90C)|Environmental > Aquatic > Thermal springs > Hot (42-90C) > Microbial mats
Gs0135652	1	Environmental > Aquatic > Marine
Gs0135670	1	Environmental > Aquatic > Marine > Ocean trench
Gs0135673	1	Host-associated > Arthropoda: Insects > Digestive system > Gut
Gs0135697	1	Environmental > Terrestrial > Rock-dwelling (endoliths)
Gs0135702	1	Environmental > Aquatic > Marine > Hydrothermal vents > Diffuse flow
Gs0135704	1	Host-associated > Plants > Roots > Nodule
Gs0135713	3	Engineered > Industrial production > Chemical products > Reagent blank|Engineered > Industrial production > Chemical products > Sheath fluid|Environmental > Aquatic > Freshwater > Lake
Gs0135732	1	Environmental > Terrestrial > Soil > Soil crust
Gs0135746	2	Environmental > Aquatic > Marine > Oceanic > Benthic|Environmental > Aquatic > Marine > Oceanic > Crustal Fluids
Gs0135749	1	Environmental > Terrestrial > Soil > Agricultural land
Gs0135752	2	Engineered > Artificial ecosystem > Plant growth chamber > Soil|Engineered > Artificial ecosystem > Soil microcosm
Gs0135753	1	Environmental > Aquatic > Marine > Oceanic
Gs0135754	1	Engineered > Bioreactor > SSF (Solid state fermentation) > Aerobic > Biomass
Gs0135755	3	Environmental > Aquatic > Marine > Oceanic|Environmental > Aquatic > Marine > Oceanic > Crustal Fluids|Environmental > Aquatic > Marine > Oceanic > Sediment
Gs0135756	2	Environmental > Terrestrial > Soil > Agricultural land|Environmental > Terrestrial > Soil > Agricultural land > Bulk soil
Gs0135757	1	Host-associated > Microbial > Bacteria
Gs0135778	3	Environmental > Terrestrial > Soil > Loam > Forest soil|Environmental > Terrestrial > Soil > Riparian soil|Host-associated > Plants > Roots > Rhizosphere > Soil
Gs0135779	1	Environmental > Aquatic > Thermal springs > Hot (42-90C) > Sediment
Gs0135780	1	Host-associated > Invertebrates > Cnidaria
Gs0135781	1	Environmental > Aquatic > Marine > Cold seeps > Sediment
Gs0135782	1	Environmental > Aquatic > Thermal springs > Hot (42-90C) > Sediment
Gs0135785	1	Environmental > Terrestrial > Soil
Gs0135806	2	Environmental > Aquatic > Marine > Oceanic|Environmental > Aquatic > Marine > Oceanic > Crustal Fluids
Gs0135813	1	Environmental > Aquatic > Marine > Oceanic
Gs0135846	1	Environmental > Terrestrial > Soil > Permafrost
Gs0135853	1	Environmental > Aquatic > Marine > Coastal > Sediment
Gs0135855	1	Environmental > Aquatic > Marine > Fjord
Gs0135859	1	Environmental > Aquatic > Marine > Sediment
Gs0135864	1	Host-associated > Mammals: Human > Integumentary system > Skin
Gs0135871	2	Environmental > Aquatic > Marine > Oceanic|Environmental > Aquatic > Marine > Oceanic > Crustal Fluids
Gs0135877	4	Host-associated > Plants > Phyllosphere|Host-associated > Plants > Phyllosphere > Caulosphere|Host-associated > Plants > Phyllosphere > Phylloplane/Leaf|Host-associated > Plants > Roots
Gs0135889	6	Engineered > Lab enrichment > Defined media|Environmental > Aquatic > Freshwater > Pond|Environmental > Aquatic > Freshwater > River > Microbial mats|Environmental > Aquatic > Freshwater > Wetlands|Environmental > Aquatic > Marine > Coastal > Sediment|Environmental > Terrestrial > Soil > Riparian soil
Gs0135899	2	Engineered > Wastewater > Industrial wastewater|Environmental > Aquatic > Non-marine Saline and Alkaline > Hypersaline
Gs0135939	3	Environmental > Terrestrial > Soil > Agricultural land|Environmental > Terrestrial > Soil > Agricultural land > Bulk soil|Environmental > Terrestrial > Soil > Wetlands
Gs0135940	1	Host-associated > Plants > Roots > Rhizosphere
Gs0135941	1	Environmental > Terrestrial > Soil > Wetlands
Gs0135942	4	Environmental > Aquatic > Freshwater > Wetlands > Fen|Environmental > Aquatic > Freshwater > Wetlands > Sediment|Environmental > Aquatic > Freshwater > Wetlands > Soil|Environmental > Terrestrial > Soil > Wetlands
Gs0135943	1	Environmental > Aquatic > Non-marine Saline and Alkaline > Saline > Sediment
Gs0135961	1	Environmental > Aquatic > Freshwater > Lake
Gs0135962	1	Environmental > Aquatic > Marine > Oil seeps
Gs0135968	1	Engineered > Modeled > Simulated communities (microbial mixture)
Gs0136002	2	Environmental > Aquatic > Freshwater > Groundwater > Aquifer|Environmental > Terrestrial > Deep subsurface > Aquifer
Gs0136003	1	Environmental > Terrestrial > Soil > Sand > Desert
Gs0136011	1	Environmental > Aquatic > Marine > Coastal
Gs0136019	1	Environmental > Aquatic > Thermal springs > Hot (42-90C) > Microbial mats
Gs0136026	3	Environmental > Aquatic > Freshwater > Lake|Environmental > Aquatic > Freshwater > Lake > Sediment|Environmental > Aquatic > Sediment
Gs0136034	1	Engineered > Wastewater > Sewage
Gs0136043	1	Environmental > Terrestrial > Soil > Grasslands
Gs0136044	4	Environmental > Aquatic > Marine > Coastal|Environmental > Aquatic > Marine > Coastal > Sediment|Host-associated > Algae > Brown Algae|Host-associated > Porifera > Sponge
Gs0136047	1	Host-associated > Plants > Roots
Gs0136050	1	Engineered > Artificial ecosystem > Soil microcosm
Gs0136051	1	Environmental > Terrestrial > Soil > Wetlands > Peat
Gs0136052	2	Environmental > Aquatic > Thermal springs|Environmental > Aquatic > Thermal springs > Near-boiling (>90C) > Sediment
Gs0136056	1	Host-associated > Porifera > Sponge
Gs0136060	2	Engineered > Built environment > House > Doormat|Environmental > Aquatic > Freshwater
Gs0136061	3	Environmental > Aquatic > Aquaculture > Shrimp pond|Environmental > Aquatic > Freshwater > Pond > Sediment|Host-associated > Arthropoda: Crustaceans > Digestive system > Gut
Gs0136062	3	Engineered > Industrial production > Chemical products > Lab-grade water|Engineered > Lab synthesis|Host-associated > Mammals: Human > Circulatory system > Blood > Serum
Gs0136063	1	Environmental > Terrestrial > Soil > Temperate forest > Bulk soil
Gs0136064	1	Host-associated > Mammals > Digestive system > Large intestine > Fecal
Gs0136065	1	Engineered > Wastewater > Activated Sludge
Gs0136066	1	Host-associated > Mammals: Human > Digestive system > Large intestine > Fecal
Gs0136067	1	Host-associated > Plants > Roots > Rhizosphere
Gs0136068	1	Engineered > Wastewater > Anaerobic digestor
Gs0136069	1	Environmental > Aquatic > Freshwater > River
Gs0136070	1	Host-associated > Mammals: Human > Digestive system > Large intestine > Fecal
Gs0136071	1	Host-associated > Mammals > Digestive system > Large intestine > Fecal
Gs0136072	9	Engineered > Industrial production > Chemical products > Distilled water|Engineered > Modeled|Engineered > Wastewater > Sewage|Environmental > Aquatic|Environmental > Terrestrial > Soil|Environmental > Terrestrial > Soil > Sand|Host-associated > Birds > Digestive system > Large intestine > Fecal|Host-associated > Mammals > Digestive system > Large intestine > Fecal|Host-associated > Mammals: Human > Digestive system > Large intestine > Fecal
Gs0136073	1	Host-associated > Mammals: Human > Digestive system > Large intestine > Fecal
Gs0136074	1	Environmental > Aquatic > Freshwater > River
Gs0136075	1	Host-associated > Mammals: Human > Digestive system > Large intestine > Fecal
Gs0136076	1	Environmental > Aquatic > Marine > Oceanic
Gs0136077	1	Engineered > Wastewater > Activated Sludge
Gs0136078	5	Host-associated > Birds > Digestive system > Large intestine > Ceca|Host-associated > Birds > Digestive system > Large intestine > Colon|Host-associated > Birds > Digestive system > Small intestine > Duodenum|Host-associated > Birds > Digestive system > Small intestine > Ileum|Host-associated > Birds > Digestive system > Small intestine > Jejunum
Gs0136079	2	Environmental > Aquatic > Marine|Host-associated > Invertebrates > Cnidaria
Gs0136080	1	Environmental > Aquatic > Freshwater > Sediment
Gs0136081	1	Environmental > Terrestrial > Soil
Gs0136082	1	Environmental > Aquatic > Freshwater > Lake > Sediment
Gs0136083	6	Host-associated > Mammals: Human > Digestive system > Large intestine > Fecal|Host-associated > Mammals: Human > Digestive system > Oral cavity > Buccal mucosa|Host-associated > Mammals: Human > Digestive system > Oral cavity > Supragingival plaque|Host-associated > Mammals: Human > Digestive system > Oral cavity > Tongue dorsum|Host-associated > Mammals: Human > Reproductive system > Vagina > Posterior fornix|Host-associated > Mammals: Human > Respiratory system > Nasal cavity > Anterior nares
Gs0136084	1	Engineered > Wastewater > Anaerobic digestor
Gs0136085	1	Environmental > Terrestrial > Soil
Gs0136086	1	Host-associated > Arthropoda: Chelicerates > Whole body
Gs0136090	1	Environmental > Terrestrial > Soil > Agricultural land
Gs0136091	1	Engineered > Modeled > Simulated communities (microbial mixture)
Gs0136105	2	Environmental > Terrestrial > Soil > Contaminated|Environmental > Terrestrial > Soil > Oil-contaminated
Gs0136119	1	Engineered > Bioreactor > Anaerobic
Gs0136120	3	Environmental > Terrestrial > Soil > Desert|Environmental > Terrestrial > Soil > Soil crust > Biological|Environmental > Terrestrial > Soil > Sub-biocrust
Gs0136121	2	Environmental > Aquatic > Freshwater > Lake|Environmental > Aquatic > Freshwater > Lake > Epilimnion/Euphotic zone
Gs0136122	2	Environmental > Aquatic > Marine > Wetlands > Sediment|Environmental > Terrestrial > Soil > Wetlands
Gs0136127	1	Environmental > Aquatic > Marine > Sediment
Gs0136135	1	Environmental > Terrestrial > Oil reservoir
Gs0136136	1	Environmental > Aquatic > Marine > Intertidal zone > Coral reef
Gs0136137	1	Environmental > Aquatic > Freshwater > Lake
Gs0136139	1	Host-associated > Plants > Mixed parts
Gs0136148	1	Environmental > Aquatic > Freshwater > Creek > Sediment
Gs0139416	2	Engineered > WWTP > Wastewater|Environmental > Aquatic > Marine > Coastal
Gs0139522	1	Engineered > Built environment > Building
Gs0140985	3	Environmental > Aquatic > Marine > Oceanic > Abyssal plane|Environmental > Aquatic > Marine > Oceanic > Crustal Fluids|Environmental > Aquatic > Marine > Oceanic > Oceanic crust
Gs0140997	1	Environmental > Aquatic > Freshwater > River > Periphyton
Gs0141000	1	Engineered > Modeled > Simulated communities (sequence read mixture)
Gs0141001	3	Environmental > Aquatic > Deep subsurface > Groundwater > Coalbed methane well water|Environmental > Terrestrial > Deep subsurface > Coalbed methane well > Coal core|Environmental > Terrestrial > Deep subsurface > Coalbed methane well > Coal slurry
Gs0141017	3	Engineered > WWTP > Wastewater|Engineered > Wastewater > Activated Sludge|Environmental > Aquatic > Freshwater > River
Gs0141020	2	Environmental > Aquatic > Floodplain > Sediment|Environmental > Terrestrial > Soil > Floodplain > Sediment
Gs0141280	4	Engineered > Built environment|Engineered > Food production > Fermented vegetables|Engineered > Industrial production > Engineered product|Host-associated > Plants > Phyllosphere > Phylloplane/Leaf
Gs0141783	3	Environmental > Aquatic > Thermal springs > Hot (42-90C) > Neutral|Environmental > Aquatic > Thermal springs > Hot (42-90C) > Sediment|Environmental > Terrestrial > Mud volcano
Gs0141787	1	Environmental > Aquatic > Marine > Marine lake
Gs0141809	5	Host-associated > Mammals: Human > Digestive system > Large intestine > Fecal|Host-associated > Mammals: Human > Digestive system > Oral cavity|Host-associated > Mammals: Human > Integumentary system > Skin|Host-associated > Mammals: Human > Reproductive system > Vagina|Host-associated > Mammals: Human > Respiratory system > Nasal cavity
Gs0141810	1	Host-associated > Mammals: Human > Digestive system > Large intestine > Fecal
Gs0141811	1	Host-associated > Mammals: Human > Digestive system > Large intestine > Fecal
Gs0141812	1	Host-associated > Mammals: Human > Digestive system > Large intestine > Fecal
Gs0141813	1	Host-associated > Mammals: Human > Digestive system > Large intestine > Fecal
Gs0141814	1	Host-associated > Mammals: Human > Digestive system > Large intestine > Fecal
Gs0141815	1	Host-associated > Mammals: Human > Digestive system > Large intestine > Fecal
Gs0141816	1	Host-associated > Mammals: Human > Digestive system > Large intestine > Fecal
Gs0141817	1	Host-associated > Mammals: Human > Digestive system > Large intestine > Fecal
Gs0141818	1	Host-associated > Mammals: Human > Digestive system > Large intestine > Fecal
Gs0141819	1	Host-associated > Mammals: Human > Digestive system > Large intestine > Fecal
Gs0141820	1	Host-associated > Mammals: Human > Digestive system > Large intestine > Fecal
Gs0141821	1	Host-associated > Plants > Phyllosphere > Carposphere
Gs0141827	3	Engineered > Modeled > Simulated communities (microbial mixture)|Environmental > Terrestrial > Soil > Agricultural land|Environmental > Terrestrial > Soil > Riparian soil
Gs0141831	4	Environmental > Aquatic > Marine > Bathypelagic|Environmental > Aquatic > Marine > Epipelagic|Environmental > Aquatic > Marine > Mesopelagic|Environmental > Aquatic > Marine > Seaweed
Gs0141841	17	Engineered > Built environment > Cement wall|Environmental > Aquatic > Freshwater > Creek|Environmental > Aquatic > Freshwater > Lake|Environmental > Aquatic > Freshwater > Lake > Biofilm|Environmental > Aquatic > Freshwater > Lake > Microbial mats|Environmental > Aquatic > Freshwater > Pond > Sediment|Environmental > Aquatic > Freshwater > Puddle > Microbial mats|Environmental > Terrestrial > Deep subsurface > Cave > Wall surface|Environmental > Terrestrial > Rock-dwelling (subaerial biofilms)|Environmental > Terrestrial > Soil|Environmental > Terrestrial > Soil > Clay|Environmental > Terrestrial > Soil > Desert|Environmental > Terrestrial > Soil > Grasslands|Environmental > Terrestrial > Soil > Sand > Desert|Environmental > Terrestrial > Soil > Soil crust > Biological|Environmental > Terrestrial > Soil > Soil crust > Physical|Environmental > Terrestrial > Soil > Tailings
Gs0141847	1	Environmental > Aquatic > Freshwater > Sediment
Gs0141867	3	Environmental > Aquatic > Freshwater|Environmental > Aquatic > Freshwater > Lake|Environmental > Aquatic > Freshwater > Lentic
Gs0141875	1	Environmental > Aquatic > Marine > Pelagic zone
Gs0141876	3	Environmental > Terrestrial > Soil > Temperate forest > Bulk soil|Environmental > Terrestrial > Soil > Tropical forest > Bulk soil|Host-associated > Plants > Roots
Gs0141877	1	Environmental > Terrestrial > Soil > Temperate forest > Bulk soil
Gs0141878	1	Environmental > Terrestrial > Soil > Temperate forest > Bulk soil
Gs0141882	1	Engineered > Wastewater > Industrial wastewater > Mine water > Sediment
Gs0141883	1	Environmental > Aquatic > Non-marine Saline and Alkaline > Salt crystallizer ponds
Gs0141887	1	Environmental > Aquatic > Marine > Coastal
Gs0141904	2	Host-associated > Mammals: Human > Reproductive system > Fallopian tubes|Host-associated > Mammals: Human > Reproductive system > Uterus > Cervix
Gs0141905	1	Host-associated > Mammals > Digestive system > Large intestine > Fecal
Gs0141906	1	Host-associated > Mammals: Human > Digestive system > Large intestine > Fecal
Gs0141907	1	Environmental > Terrestrial > Soil > Agricultural land
Gs0141908	1	Environmental > Aquatic > Marine > Wetlands > Sediment
Gs0141909	1	Environmental > Aquatic > Marine > Wetlands > Sediment
Gs0141910	1	Environmental > Aquatic > Marine
Gs0141911	1	Host-associated > Invertebrates > Cnidaria > Coral
Gs0141912	1	Host-associated > Mammals: Human > Digestive system > Large intestine > Fecal
Gs0141913	2	Environmental > Aquatic > Marine > Intertidal zone > Coral reef|Host-associated > Invertebrates > Cnidaria > Coral
Gs0141914	1	Host-associated > Mammals > Digestive system > Large intestine > Fecal
Gs0141915	4	Environmental > Aquatic > Freshwater > Lake|Environmental > Aquatic > Freshwater > River|Environmental > Aquatic > Marine|Host-associated > Arthropoda: Crustaceans > Whole body
Gs0141916	1	Host-associated > Mammals: Human > Digestive system > Large intestine > Fecal
Gs0141917	1	Host-associated > Mammals: Human > Digestive system > Large intestine > Fecal
Gs0141918	1	Host-associated > Mammals > Digestive system > Large intestine > Fecal
Gs0141919	1	Environmental > Aquatic > Freshwater > Wetlands > Sediment
Gs0141920	1	Environmental > Terrestrial > Soil
Gs0141921	1	Environmental > Terrestrial > Soil
Gs0141922	1	Environmental > Aquatic > Freshwater > Lake
Gs0141923	1	Environmental > Aquatic > Freshwater > River
Gs0141924	1	Environmental > Aquatic > Freshwater > Lake
Gs0141925	1	Host-associated > Mammals: Human > Digestive system > Large intestine > Fecal
Gs0141926	1	Host-associated > Mammals > Digestive system > Large intestine > Fecal
Gs0141927	1	Environmental > Aquatic > Freshwater > Pond
Gs0141928	1	Engineered > Food production > Fermented beverages
Gs0141929	1	Environmental > Terrestrial > Soil > Peat
Gs0141930	1	Environmental > Aquatic > Freshwater > Wetlands
Gs0141931	6	Engineered > Bioreactor > Anaerobic|Engineered > Wastewater > Industrial wastewater > Mine water|Environmental > Aquatic > Non-marine Saline and Alkaline > Saline|Environmental > Aquatic > Sediment|Environmental > Terrestrial > Asphalt lakes|Environmental > Terrestrial > Oil reservoir
Gs0141932	2	Environmental > Aquatic > Freshwater > Lake|Environmental > Aquatic > Freshwater > Lake > Sediment
Gs0141933	1	Host-associated > Mammals > Digestive system > Large intestine > Fecal
Gs0141934	2	Environmental > Aquatic > Non-marine Saline and Alkaline > Saline|Environmental > Aquatic > Non-marine Saline and Alkaline > Saline > Sediment
Gs0141935	1	Host-associated > Mammals: Human > Digestive system > Large intestine > Fecal
Gs0141936	2	Engineered > WWTP > Wastewater|Environmental > Aquatic > Freshwater > Creek
Gs0141937	1	Host-associated > Invertebrates > Echinodermata > Sea Star
Gs0141938	1	Host-associated > Invertebrates > Echinodermata > Sea Star
Gs0141939	2	Host-associated > Birds > Digestive system > Large intestine > Fecal|Host-associated > Mammals > Digestive system > Large intestine > Fecal
Gs0141940	5	Engineered > Modeled > Simulated communities (microbial mixture)|Host-associated > Algae > Diatoms|Host-associated > Algae > Green algae|Host-associated > Algae > Haptophytes|Host-associated > Mollusca > Digestive system
Gs0141941	1	Host-associated > Mammals: Human > Digestive system > Large intestine > Fecal
Gs0141942	2	Environmental > Terrestrial > Soil > Bulk soil|Host-associated > Plants > Roots > Rhizosphere > Soil
Gs0141943	1	Environmental > Aquatic > Freshwater > Lake > Sediment
Gs0141944	2	Environmental > Aquatic > Marine > Ocean trench|Environmental > Aquatic > Marine > Oceanic
Gs0141945	1	Environmental > Aquatic > Marine > Coastal
Gs0141946	3	Host-associated > Mammals: Human > Digestive system > Large intestine > Fecal|Host-associated > Mammals: Human > Digestive system > Oral cavity > Saliva|Host-associated > Mammals: Human > Reproductive system > Vagina
Gs0141963	1	Environmental > Terrestrial > Soil > Agricultural land
Gs0141964	2	Environmental > Aquatic > Marine > Wetlands|Environmental > Aquatic > Marine > Wetlands > Sediment
Gs0141965	1	Environmental > Aquatic > Marine > Oceanic
Gs0141982	1	Host-associated > Arthropoda: Crustaceans > Digestive system > Gut
Gs0141988	1	Engineered > Modeled > Simulated communities (microbial mixture)
Gs0141990	1	Environmental > Aquatic > Marine > Oceanic > Photic zone
Gs0141992	2	Environmental > Aquatic > Freshwater > Ice > Glacier|Environmental > Aquatic > Marine > Volcanic
Gs0141999	2	Environmental > Aquatic > Marine > Oceanic > Aphotic zone|Environmental > Aquatic > Marine > Oceanic > Photic zone
Gs0142001	1	Environmental > Aquatic > Freshwater > Lake > Sediment
Gs0142002	1	Environmental > Aquatic > Freshwater > Lake
Gs0142003	2	Environmental > Terrestrial > Soil > Agricultural land > Bulk soil|Host-associated > Plants > Roots > Rhizosphere > Soil
Gs0142021	1	Environmental > Aquatic > Marine > Coastal
Gs0142022	1	Engineered > Bioreactor > Anaerobic
Gs0142027	1	Environmental > Terrestrial > Rock-dwelling (endoliths)
Gs0142033	1	Environmental > Aquatic > Non-marine Saline and Alkaline > Hypersaline > Sediment
Gs0142037	1	Engineered > Bioreactor > Aerobic
Gs0142043	1	Environmental > Aquatic > Thermal springs > Hot (42-90C) > Acidic
Gs0142044	1	Environmental > Aquatic > Freshwater > Pond > Sediment
Gs0142048	2	Environmental > Aquatic > Marine|Environmental > Aquatic > Marine > Coastal
Gs0142052	1	Environmental > Aquatic > Marine > Intertidal zone > Mangrove sediment
Gs0142066	3	Environmental > Aquatic > Freshwater > Creek|Environmental > Aquatic > Freshwater > Groundwater|Environmental > Terrestrial > Deep subsurface > Aquifer
Gs0142086	1	Environmental > Terrestrial > Soil > Contaminated
Gs0142092	1	Environmental > Terrestrial > Soil > Agricultural land
Gs0142093	1	Environmental > Aquatic > Marine > Coastal > Sediment
Gs0142100	1	Environmental > Aquatic > Marine > Coastal
Gs0142139	1	Host-associated > Mollusca > Respiratory system > Gills
Gs0142140	1	Environmental > Aquatic > Marine
Gs0142142	1	Environmental > Terrestrial > Soil > Agricultural land
Gs0142143	2	Engineered > Lab culture > Culture media > Algae > Contaminated|Host-associated > Algae > Green algae
Gs0142144	1	Environmental > Terrestrial > Soil > Agricultural land
Gs0142145	2	Environmental > Terrestrial > Soil > Soil crust|Environmental > Terrestrial > Soil > Soil crust > Biological
Gs0142151	3	Environmental > Aquatic > Marine > Oceanic|Environmental > Aquatic > Marine > Oceanic > Sediment|Host-associated > Invertebrates > Cnidaria > Coral
Gs0142157	1	Environmental > Terrestrial > Cave
Gs0142187	1	Environmental > Aquatic > Non-marine Saline and Alkaline > Saline
Gs0142188	2	Environmental > Aquatic > Marine > Hypoxic zone|Environmental > Aquatic > Marine > Oceanic
Gs0142202	1	Environmental > Aquatic > Freshwater > Lake
Gs0142245	2	Engineered > Artificial ecosystem > Plant growth chamber > Soil|Host-associated > Plants > Roots > Rhizosphere
Gs0142246	1	Host-associated > Mammals > Digestive system > Stomach > Rumen
Gs0142247	1	Engineered > Food production > Fermented beverages
Gs0142248	1	Host-associated > Mammals: Human > Digestive system > Oral cavity > Saliva
Gs0142249	1	Host-associated > Porifera > Sponge
Gs0142250	1	Host-associated > Fish > Digestive system > Intestine
Gs0142251	1	Environmental > Aquatic > Marine > Oceanic > Abyssal plane
Gs0142252	1	Host-associated > Mammals > Integumentary system > Hoof > Surface
Gs0142253	2	Environmental > Terrestrial > Soil > Temperate forest > Bulk soil|Environmental > Terrestrial > Soil > Tropical forest > Bulk soil
Gs0142254	1	Host-associated > Mammals > Digestive system > Large intestine > Fecal
Gs0142255	1	Host-associated > Mammals > Respiratory system > Nasal cavity
Gs0142256	1	Environmental > Air > Outdoor Air
Gs0142257	1	Host-associated > Mammals > Digestive system > Large intestine
Gs0142258	2	Environmental > Terrestrial > Soil|Host-associated > Plants > Roots > Rhizosphere
Gs0142259	1	Host-associated > Mammals > Digestive system > Large intestine > Fecal
Gs0142260	1	Host-associated > Mammals > Digestive system > Large intestine > Fecal
Gs0142261	1	Environmental > Aquatic > Freshwater > Pond > Sediment
Gs0142262	8	Host-associated > Mammals > Digestive system > Large intestine > Rectum|Host-associated > Mammals > Digestive system > Oral cavity|Host-associated > Mammals > Reproductive system > Uterus|Host-associated > Mammals > Reproductive system > Uterus > Cervix|Host-associated > Mammals > Reproductive system > Vagina|Host-associated > Mammals > Respiratory system > Lung|Host-associated > Mammals > Respiratory system > Nasal cavity|Host-associated > Mammals > Respiratory system > Pharynx/Throat > Oropharynx
Gs0142263	1	Environmental > Terrestrial > Soil > Agricultural land
Gs0142264	1	Host-associated > Mammals > Digestive system > Large intestine > Cecum
Gs0142265	2	Host-associated > Mammals > Digestive system > Stomach > Rumen|Host-associated > Mammals > Digestive system > Stomach > Rumen: Ventral sac
Gs0142266	1	Environmental > Terrestrial > Soil
Gs0142267	2	Environmental > Aquatic > Marine > Oceanic|Host-associated > Invertebrates > Cnidaria > Coral
Gs0142268	2	Environmental > Aquatic > Marine > Intertidal zone > Coral reef|Host-associated > Porifera > Sponge
Gs0142269	1	Environmental > Terrestrial > Soil > Grasslands
Gs0142270	1	Environmental > Air > Indoor Air > Dust
Gs0142271	1	Host-associated > Mammals > Digestive system > Large intestine > Fecal
Gs0142272	1	Host-associated > Arthropoda: Insects > Larva > Whole body
Gs0142273	1	Host-associated > Birds > Digestive system > Large intestine > Ceca
Gs0142278	1	Host-associated > Mammals: Human > Digestive system > Large intestine > Fecal
Gs0142279	1	Environmental > Aquatic > Marine > Intertidal zone > Salt marsh
Gs0142281	4	Host-associated > Mammals: Human > Circulatory system > Blood > Serum|Host-associated > Mammals: Human > Circulatory system > Blood > Whole blood|Host-associated > Mammals: Human > Digestive system > Large intestine > Fecal|Host-associated > Mammals: Human > Respiratory system > Pharynx/Throat > Nasopharynx
Gs0142287	1	Engineered > Modeled > Simulated communities (microbial mixture)
Gs0142288	1	Engineered > Bioremediation > Hydrocarbon > Benzene > Bioreactor
Gs0142289	1	Host-associated > Mammals: Human > Digestive system > Large intestine > Fecal
Gs0142290	1	Host-associated > Plants > Seeds
Gs0142291	1	Host-associated > Fungi > Lichen
Gs0142292	1	Environmental > Terrestrial > Soil
Gs0142293	1	Engineered > Food production > Meat products > Raw meat > Beef chop
Gs0142294	1	Host-associated > Arthropoda: Insects > Whole body > No head
Gs0142295	3	Host-associated > Mammals: Human > Digestive system > Biliary tract > Gallbladder: Bile|Host-associated > Mammals: Human > Digestive system > Large intestine > Fecal|Host-associated > Mammals: Human > Digestive system > Oral cavity > Saliva
Gs0142296	1	Environmental > Aquatic > Marine > Intertidal zone > Coral reef
Gs0142297	1	Environmental > Aquatic > Marine
Gs0142298	1	Environmental > Aquatic > Marine
Gs0142299	1	Environmental > Aquatic > Marine
Gs0142300	1	Host-associated > Birds > Digestive system > Large intestine > Ceca
Gs0142301	1	Environmental > Terrestrial > Soil > Agricultural land
Gs0142302	1	Engineered > Wastewater > Activated Sludge
Gs0142303	1	Environmental > Aquatic > Freshwater > Groundwater
Gs0142304	1	Host-associated > Mammals: Human > Digestive system > Oral cavity > Saliva
Gs0142305	1	Host-associated > Mammals > Digestive system > Large intestine > Fecal
Gs0142306	1	Environmental > Aquatic > Freshwater > Tap water
Gs0142307	1	Host-associated > Mammals > Digestive system > Large intestine > Fecal
Gs0142308	1	Environmental > Aquatic > Aquaculture
Gs0142309	1	Host-associated > Mammals > Respiratory system > Lung > Alveoli
Gs0142310	1	Environmental > Terrestrial > Soil
Gs0142311	1	Engineered > Wastewater > Nutrient removal > Biological phosphorus removal
Gs0142312	1	Engineered > Wastewater > Industrial wastewater > Agricultural wastewater
Gs0142313	1	Environmental > Aquatic > Thermal springs > Hot (42-90C)
Gs0142314	1	Environmental > Aquatic > Thermal springs > Hot (42-90C)
Gs0142315	1	Engineered > Food production > Fermented beverages
Gs0142316	1	Environmental > Terrestrial > Soil > Greenhouse > Agricultural land
Gs0142317	1	Engineered > Modeled > Simulated communities (microbial mixture)
Gs0142318	3	Host-associated > Plants > Roots|Host-associated > Plants > Roots > Rhizoplane|Host-associated > Plants > Roots > Rhizosphere
Gs0142319	1	Engineered > Modeled > Simulated communities (microbial mixture)
Gs0142320	1	Host-associated > Arthropoda: Insects > Whole body
Gs0142321	1	Host-associated > Mammals > Digestive system > Large intestine > Fecal
Gs0142322	1	Environmental > Aquatic > Thermal springs
Gs0142323	1	Host-associated > Plants > Roots > Rhizosphere > Soil
Gs0142324	1	Environmental > Terrestrial > Soil
Gs0142325	1	Environmental > Air > Indoor Air
Gs0142326	1	Environmental > Aquatic > Freshwater > Lake
Gs0142337	1	Environmental > Aquatic > Marine
Gs0142340	1	Host-associated > Mammals > Digestive system > Stomach > Rumen
Gs0142362	1	Environmental > Aquatic > Thermal springs > Hot (42-90C) > Sediment
Gs0142363	1	Environmental > Aquatic > Marine > Intertidal zone > Salt marsh
Gs0142364	2	Environmental > Aquatic > Marine > Intertidal zone > Estuary: Microbial mat|Environmental > Aquatic > Marine > Oceanic > Sediment
Gs0142365	1	Environmental > Air > Outdoor Air
Gs0142367	1	Host-associated > Mammals > Digestive system > Stomach > Rumen fluid
Gs0142368	2	Environmental > Terrestrial > Soil > Agricultural land|Environmental > Terrestrial > Soil > Agricultural land > Bulk soil
Gs0142379	1	Host-associated > Mammals > Digestive system > Large intestine > Fecal
Gs0142389	1	Host-associated > Plants > Tissue
Gs0142396	1	Host-associated > Arthropoda: Crustaceans > Circulatory system > Hemolymph
Gs0142414	1	Environmental > Aquatic > Freshwater > River > Sediment
Gs0142417	1	Host-associated > Mammals: Human > Digestive system > Large intestine > Fecal
Gs0142418	1	Environmental > Aquatic > Marine > Coastal > Sediment
Gs0142420	1	Engineered > Wastewater > Industrial wastewater > Petrochemical
Gs0142421	1	Environmental > Aquatic > Freshwater > Subterranean lake
Gs0142423	1	Environmental > Aquatic > Freshwater > Lake > Sediment
Gs0142425	1	Host-associated > Algae > Green algae
Gs0142433	1	Environmental > Terrestrial > Soil > Paddy field/soil
Gs0142463	1	Host-associated > Algae > Red algae
Gs0142464	1	Environmental > Aquatic > Marine > Sediment
Gs0142476	1	Host-associated > Porifera > Sponge
Gs0142481	1	Environmental > Aquatic > Marine > Coastal
Gs0142483	1	Environmental > Aquatic > Freshwater > Groundwater
Gs0142498	3	Engineered > Bioreactor > Anaerobic|Engineered > Bioreactor > Wastewater > Sludge|Engineered > WWTP > Wastewater
Gs0142500	2	Engineered > Lab enrichment > Defined media > Anaerobic media|Environmental > Aquatic > Freshwater > Pond > Sediment
Gs0142502	1	Engineered > Lab enrichment > Defined media > Anaerobic media
Gs0142503	1	Engineered > Lab enrichment > Defined media > Anaerobic media
Gs0142541	1	Environmental > Aquatic > Non-marine Saline and Alkaline > Hypersaline
Gs0142546	1	Environmental > Aquatic > Non-marine Saline and Alkaline > Hypersaline
Gs0142547	1	Environmental > Terrestrial > Soil > Wetlands
Gs0142572	1	Environmental > Aquatic > Marine > Sea ice > Cryoconite
Gs0142573	1	Environmental > Aquatic > Freshwater > Ice > Cryoconite
Gs0142577	1	Host-associated > Annelida
Gs0142591	2	Environmental > Aquatic > Floodplain > Sediment|Environmental > Terrestrial > Floodplain > Sediment
Gs0142592	1	Environmental > Terrestrial > Rock-dwelling (subaerial biofilms)
Gs0142604	1	Environmental > Aquatic > Marine > Sediment
Gs0143772	1	Host-associated > Mollusca > Digestive system
Gs0144328	3	Environmental > Terrestrial > Soil > Boreal forest/Taiga > Bulk soil|Environmental > Terrestrial > Soil > Grasslands|Environmental > Terrestrial > Soil > Temperate forest > Bulk soil
Gs0144335	1	Environmental > Aquatic > Non-marine Saline and Alkaline > Saline > Microbial mats
Gs0144337	5	Environmental > Aquatic > Marine > Coastal|Environmental > Aquatic > Marine > Oceanic|Environmental > Terrestrial > Soil|Host-associated > Protists > Amoebozoa|Host-associated > Protists > Nanoflagellates > Heterotrophic (HNF)
Gs0144338	2	Engineered > Modeled > Simulated communities (microbial mixture)|Host-associated > Fungi > Mycelium
Gs0144341	1	Engineered > Wastewater > Industrial wastewater > Petrochemical
Gs0144356	2	Environmental > Terrestrial > Soil|Environmental > Terrestrial > Soil > Greenhouse
Gs0144357	1	Environmental > Terrestrial > Soil > Grasslands
Gs0144363	2	Host-associated > Plants > Rhizome|Host-associated > Plants > Roots
Gs0144367	2	Environmental > Terrestrial > Soil|Environmental > Terrestrial > Soil > Agricultural land
Gs0144368	1	Host-associated > Algae
Gs0144390	1	Environmental > Aquatic > Non-marine Saline and Alkaline > Saline
Gs0144420	1	Environmental > Terrestrial > Soil > Glacier
Gs0144423	1	Environmental > Aquatic > Freshwater > Lake
Gs0144436	1	Host-associated > Mammals > Digestive system > Stomach > Rumen
Gs0144445	2	Environmental > Aquatic > Marine > Intertidal zone > Salt marsh|Environmental > Aquatic > Marine > Intertidal zone > Tidal flats
Gs0144453	1	Environmental > Aquatic > Thermal springs > Sediment
Gs0144470	1	Environmental > Terrestrial > Deep subsurface > Oil well
Gs0144475	1	Host-associated > Algae > Microalgae
Gs0144477	1	Host-associated > Mollusca > Shell
Gs0144484	1	Environmental > Terrestrial > Soil > Grasslands
Gs0144499	1	Environmental > Terrestrial > Rock-dwelling (endoliths)
Gs0144500	1	Environmental > Aquatic > Freshwater > Groundwater
Gs0144501	1	Environmental > Terrestrial > Rock-dwelling (endoliths)
Gs0144502	1	Environmental > Aquatic > Freshwater > Groundwater
Gs0144503	1	Environmental > Terrestrial > Soil > Peat
Gs0144504	1	Environmental > Terrestrial > Soil > Peat
Gs0144508	1	Engineered > Bioreactor > Anaerobic
Gs0144549	1	Environmental > Aquatic > Marine > Intertidal zone > Mangrove soil
Gs0144550	2	Host-associated > Mollusca > Respiratory system|Host-associated > Mollusca > Respiratory system > Gills
Gs0144551	1	Host-associated > Mammals > Digestive system > Large intestine > Fecal
Gs0144552	1	Environmental > Terrestrial > Soil > Agricultural land
Gs0144553	3	Environmental > Terrestrial > Soil > Peat > Bog|Environmental > Terrestrial > Soil > Peat > Fen|Environmental > Terrestrial > Soil > Peat > Palsa
Gs0144554	2	Environmental > Terrestrial > Deep subsurface > Oil well|Environmental > Terrestrial > Deep subsurface > Shale gas reservoir > Flow back/Produced fluids
Gs0144555	1	Environmental > Air > Outdoor Air
Gs0144556	1	Environmental > Terrestrial > Soil
Gs0144558	1	Environmental > Aquatic > Marine
Gs0144559	1	Environmental > Aquatic > Marine
Gs0144560	1	Environmental > Aquatic > Thermal springs
Gs0144561	1	Environmental > Terrestrial > Geologic > Mine
Gs0144562	1	Host-associated > Plants > Roots > Rhizosphere
Gs0144563	2	Environmental > Aquatic > Freshwater > Pond|Environmental > Aquatic > Marine
Gs0144564	1	Host-associated > Reptilia > Respiratory system > Trachea
Gs0144565	1	Environmental > Aquatic > Freshwater > Drinking water
Gs0144566	1	Environmental > Aquatic > Marine
Gs0144567	1	Environmental > Terrestrial > Soil
Gs0144568	1	Environmental > Terrestrial > Soil
Gs0144569	1	Environmental > Aquatic > Freshwater > Lake > Sediment
Gs0144570	8	Environmental > Terrestrial > Soil|Environmental > Terrestrial > Soil > Agricultural land|Environmental > Terrestrial > Soil > Desert|Environmental > Terrestrial > Soil > Farm|Environmental > Terrestrial > Soil > Forest|Environmental > Terrestrial > Soil > Grasslands > Pasture|Environmental > Terrestrial > Soil > Temperate forest > Bulk soil|Environmental > Terrestrial > Soil > Wetlands
Gs0144571	3	Engineered > Industrial production > Chemical products > Reagent blank|Engineered > Lab enrichment > Defined media|Environmental > Aquatic > Marine > Cold seeps > Sediment
Gs0144583	1	Host-associated > Invertebrates > Cnidaria
Gs0144584	1	Environmental > Terrestrial > Soil > Permafrost
Gs0144596	1	Environmental > Terrestrial > Soil > Permafrost
Gs0144597	1	Environmental > Terrestrial > Soil > Paddy field/soil
Gs0144598	1	Environmental > Aquatic > Marine
Gs0144599	1	Environmental > Aquatic > Marine
Gs0144600	2	Host-associated > Mammals: Human > Remains > Skeletonized remains > Dental calculus|Host-associated > Mammals: Human > Remains > Skeletonized remains > Dentin
Gs0144601	1	Host-associated > Birds > Digestive system > Large intestine > Fecal
Gs0144602	1	Environmental > Aquatic > Freshwater > Groundwater
Gs0144603	3	Engineered > Modeled > Simulated communities (microbial mixture)|Environmental > Aquatic > Freshwater > Creek|Host-associated > Mammals: Human > Digestive system > Oral cavity > Saliva
Gs0144604	1	Host-associated > Porifera > Sponge
Gs0144605	1	Environmental > Terrestrial > Rock-dwelling (endoliths)
Gs0144606	1	Host-associated > Plants > Roots > Rhizosphere
Gs0144608	1	Environmental > Aquatic > Freshwater > Lake
Gs0144609	1	Environmental > Aquatic > Freshwater > Lake
Gs0144610	1	Engineered > Wastewater > Activated Sludge
Gs0144611	1	Engineered > Wastewater > Activated Sludge
Gs0144612	1	Engineered > Wastewater > Activated Sludge
Gs0144613	1	Environmental > Terrestrial > Soil
Gs0144614	1	Host-associated > Fungi > Lichen
Gs0144615	1	Environmental > Terrestrial > Soil > Sand > Forest soil
Gs0144616	1	Host-associated > Algae > Brown Algae
Gs0144617	2	Environmental > Aquatic > Freshwater|Environmental > Aquatic > Freshwater > River
Gs0144618	2	Environmental > Aquatic > Freshwater > Lake > Sediment|Host-associated > Algae > Green algae
Gs0144619	1	Host-associated > Mammals > Respiratory system > Pharynx/Throat > Nasopharynx
Gs0144620	1	Engineered > Solid waste > Wood > Composting > Bioreactor
Gs0144621	1	Environmental > Aquatic > Freshwater > Lake
Gs0144622	1	Host-associated > Invertebrates > Cnidaria > Coral
Gs0144623	1	Host-associated > Mammals: Human > Digestive system > Large intestine > Fecal
Gs0144624	1	Engineered > Bioreactor > Continuous culture > Marine sediment inoculum
Gs0144625	1	Engineered > Wastewater > Activated Sludge
Gs0144626	1	Engineered > Wastewater > Activated Sludge
Gs0144627	1	Engineered > Wastewater > Activated Sludge
Gs0144628	1	Engineered > Wastewater > Activated Sludge
Gs0144629	1	Host-associated > Mammals > Digestive system > Stomach > Rumen
Gs0144630	1	Host-associated > Fish > Multiple systems > Multiple organs > Whole body
Gs0144631	1	Engineered > Bioreactor > Anaerobic
Gs0144632	1	Environmental > Aquatic > Marine
Gs0144633	1	Engineered > Bioreactor > Anaerobic > Effluent
Gs0144634	1	Environmental > Aquatic > Freshwater > Groundwater > Acid Mine Drainage
Gs0144635	1	Engineered > WWTP > Wastewater
Gs0144636	1	Environmental > Aquatic > Freshwater > River > Sediment
Gs0144637	2	Environmental > Terrestrial > Soil|Host-associated > Plants > Phyllosphere > Phylloplane/Leaf
Gs0144638	2	Environmental > Aquatic > Freshwater > Lake|Environmental > Aquatic > Freshwater > Lake > Sediment
Gs0144639	1	Environmental > Aquatic > Marine > Sediment
Gs0144640	1	Engineered > Bioreactor > Anaerobic > Digestate
Gs0144641	1	Host-associated > Fungi > Fruiting body
Gs0144642	1	Environmental > Aquatic > Marine > Intertidal zone > Salt marsh
Gs0144643	1	Host-associated > Arthropoda: Insects > Whole body
Gs0144644	1	Engineered > Built environment > House
Gs0144645	2	Host-associated > Plants > Phyllosphere > Phylloplane/Leaf|Host-associated > Plants > Roots
Gs0144646	1	Engineered > Bioreactor > Anaerobic > Effluent
Gs0144647	1	Environmental > Aquatic > Marine > Hypoxic zone
Gs0144648	2	Environmental > Aquatic > Freshwater > Ice > Glacier|Environmental > Aquatic > Sediment
Gs0144649	1	Environmental > Terrestrial > Soil
Gs0144650	1	Environmental > Terrestrial > Rock-dwelling (endoliths)
Gs0144651	1	Environmental > Aquatic > Marine > Coastal > Sediment
Gs0144652	1	Host-associated > Bryozoa > Reproductive system > Ovicells
Gs0144653	1	Environmental > Aquatic > Marine
Gs0144654	1	Host-associated > Arthropoda: Insects > Digestive system > Gut
Gs0144655	1	Environmental > Aquatic > Marine
Gs0144656	1	Environmental > Terrestrial > Soil
Gs0144657	2	Environmental > Aquatic > Marine > Oceanic > Crustal Fluids|Environmental > Aquatic > Marine > Pelagic zone
Gs0144658	1	Environmental > Terrestrial > Soil > Grasslands
Gs0144659	1	Environmental > Aquatic > Freshwater > Lake
Gs0144660	1	Environmental > Aquatic > Freshwater > Groundwater
Gs0144661	1	Engineered > Biotransformation > Microbial solubilization of coal
Gs0144662	1	Environmental > Aquatic > Freshwater > Microbialites
Gs0144663	1	Environmental > Aquatic > Marine
Gs0144664	1	Engineered > WWTP > Wastewater
Gs0144665	2	Environmental > Aquatic > Freshwater > Lake|Environmental > Aquatic > Freshwater > Reservoir
Gs0144666	1	Environmental > Aquatic > Thermal springs > Sediment
Gs0144668	1	Engineered > Built environment > Water treatment plant
Gs0144669	1	Engineered > Industrial production > Engineered product
Gs0144670	1	Host-associated > Porifera > Sponge
Gs0144671	1	Engineered > Wastewater > Activated Sludge
Gs0144672	2	Environmental > Aquatic > Aquaculture|Host-associated > Arthropoda: Crustaceans > Digestive system > Gut
Gs0144673	1	Environmental > Aquatic > Marine
Gs0144674	1	Environmental > Terrestrial > Soil
Gs0144675	1	Environmental > Aquatic > Freshwater > Lake > Sediment
Gs0144676	1	Host-associated > Mollusca > Respiratory system > Gills
Gs0144679	1	Environmental > Aquatic > Marine
Gs0144683	1	Environmental > Terrestrial > Soil > Soil crust
Gs0144684	1	Environmental > Terrestrial > Soil > Agricultural land
Gs0144685	1	Environmental > Aquatic > Freshwater > Lake
Gs0144696	1	Engineered > Bioreactor > Anaerobic
Gs0144701	6	Environmental > Aquatic > Freshwater > Ice|Environmental > Aquatic > Freshwater > Ice > Cryoconite|Environmental > Aquatic > Freshwater > Ice > Glacier|Environmental > Aquatic > Freshwater > Lake > Microbial mats|Environmental > Aquatic > Freshwater > Pond|Environmental > Aquatic > Freshwater > Pond > Sediment
Gs0144704	2	Environmental > Aquatic > Marine > Hydrothermal vents|Environmental > Aquatic > Marine > Hydrothermal vents > Diffuse flow
Gs0144707	1	Host-associated > Porifera > Sponge
Gs0144712	1	Environmental > Aquatic > Freshwater > Groundwater
Gs0144729	1	Environmental > Aquatic > Marine > Oceanic > Sediment
Gs0144730	1	Host-associated > Invertebrates > Cnidaria > Coral > Tissue
Gs0144731	2	Environmental > Aquatic > Marine|Environmental > Aquatic > Marine > Oceanic
Gs0144732	1	Host-associated > Mollusca > Respiratory system > Gills
Gs0144733	2	Environmental > Terrestrial > Soil > Sand > Forest soil|Host-associated > Plants > Roots
Gs0144734	2	Host-associated > Fungi|Host-associated > Plants
Gs0144735	1	Host-associated > Plants > Phyllosphere > Phylloplane/Leaf
Gs0144736	1	Host-associated > Mollusca > Respiratory system > Gills
Gs0144737	1	Environmental > Aquatic > Marine
Gs0144738	1	Host-associated > Arthropoda: Chelicerates > Whole body
Gs0144739	1	Host-associated > Invertebrates > Cnidaria > Coral > Tissue
Gs0144740	1	Environmental > Aquatic > Marine > Pelagic zone
Gs0144741	1	Host-associated > Arthropoda: Insects > Whole body
Gs0144742	1	Host-associated > Algae > Yellow-green algae
Gs0144743	1	Host-associated > Arthropoda: Chelicerates > Whole body
Gs0144744	1	Host-associated > Arthropoda: Insects > Whole body
Gs0144745	1	Environmental > Aquatic > Non-marine Saline and Alkaline
Gs0144746	3	Engineered > Bioreactor|Engineered > Bioreactor > Sulphur Autotrophic Denitrification|Engineered > Bioreactor > Sulphur Autotrophic Denitrification > Interstitial water
Gs0144747	1	Host-associated > Mammals: Human > Digestive system > Large intestine
Gs0144748	1	Host-associated > Mammals: Human > Digestive system > Large intestine
Gs0144749	1	Engineered > Wastewater > Activated Sludge
Gs0144750	1	Environmental > Aquatic > Marine > Oceanic > Sediment
Gs0144751	2	Environmental > Aquatic > Freshwater > Lake|Environmental > Aquatic > Marine
Gs0144752	1	Host-associated > Arthropoda: Insects > Whole body
Gs0144753	1	Host-associated > Arthropoda: Insects > Whole body
Gs0144754	1	Environmental > Aquatic > Marine
Gs0144755	1	Environmental > Aquatic > Freshwater > Lake
Gs0144756	1	Host-associated > Fish > Integumentary system > Skin
Gs0144757	1	Host-associated > Mollusca > Digestive system > Glands
Gs0144758	1	Host-associated > Mammals > Digestive system > Large intestine > Fecal
Gs0144759	1	Host-associated > Mammals > Digestive system > Large intestine > Cecum
Gs0144760	1	Host-associated > Mammals > Digestive system > Stomach > Rumen
Gs0144761	1	Environmental > Terrestrial > Soil > Loam > Forest soil
Gs0144762	1	Environmental > Aquatic > Marine
Gs0144763	1	Host-associated > Mammals: Human > Digestive system > Large intestine
Gs0144764	1	Host-associated > Plants > Roots > Rhizosphere
Gs0144765	1	Host-associated > Mammals: Human > Respiratory system > Lung > Alveoli
Gs0144766	1	Environmental > Aquatic > Freshwater > Lake
Gs0144767	1	Environmental > Aquatic > Marine
Gs0144768	1	Environmental > Aquatic > Marine > Intertidal zone > Estuary
Gs0144769	1	Environmental > Aquatic > Marine
Gs0144770	1	Engineered > Wastewater > Anaerobic digestor
Gs0144771	5	Host-associated > Mammals > Circulatory system > Heart|Host-associated > Mammals > Digestive system|Host-associated > Mammals > Digestive system > Lower gastrointestinal tract|Host-associated > Mammals > Digestive system > Stomach|Host-associated > Mammals > Skeletal system > Bone > Bone marrow
Gs0144772	1	Host-associated > Mammals > Digestive system > Large intestine > Cecum
Gs0144773	1	Host-associated > Mammals: Human > Respiratory system > Lung > Alveoli
Gs0144774	1	Host-associated > Mammals: Human > Respiratory system > Lung > Pulmonary fluid
Gs0144775	1	Environmental > Aquatic > Marine > Oceanic > Oil-contaminated sediment
Gs0144776	1	Environmental > Aquatic > Marine > Pelagic zone
Gs0144777	1	Environmental > Aquatic > Marine
Gs0144778	1	Host-associated > Plants > Phyllosphere > Phylloplane/Leaf
Gs0144779	2	Environmental > Aquatic > Marine > Oceanic > Sediment|Environmental > Terrestrial > Geologic > Sediment
Gs0144780	1	Environmental > Aquatic > Freshwater > River > River biofilm
Gs0144781	1	Host-associated > Mammals > Digestive system > Stomach > Rumen
Gs0144782	1	Host-associated > Mammals > Digestive system > Large intestine > Cecum
Gs0144783	1	Environmental > Aquatic > Aquaculture
Gs0144784	1	Host-associated > Arthropoda: Chelicerates > Whole body
Gs0144785	1	Host-associated > Invertebrates > Cnidaria > Coral
Gs0144786	1	Host-associated > Plants > Phyllosphere > Phylloplane/Leaf
Gs0144787	3	Host-associated > Mammals > Circulatory system > Heart|Host-associated > Mammals > Digestive system|Host-associated > Mammals > Skeletal system > Bone > Bone marrow
Gs0144788	1	Engineered > Wastewater > Activated Sludge
Gs0144789	1	Engineered > Built environment > Canal
Gs0144790	1	Environmental > Aquatic > Marine
Gs0144791	1	Environmental > Aquatic > Marine
Gs0144792	1	Environmental > Aquatic > Marine > Sediment
Gs0144793	2	Host-associated > Mammals > Digestive system > Large intestine > Cecum|Host-associated > Mammals > Digestive system > Large intestine > Fecal
Gs0144794	1	Environmental > Aquatic > Marine > Coastal > Sediment
Gs0144795	1	Engineered > Wastewater > Anaerobic digestor
Gs0144796	1	Environmental > Aquatic > Marine
Gs0144797	2	Engineered > Industrial production > Engineered product|Host-associated > Mammals: Human > Respiratory system > Lung
Gs0144798	1	Host-associated > Mammals: Human > Digestive system > Large intestine > Fecal
Gs0144799	1	Environmental > Aquatic > Marine
Gs0144800	1	Host-associated > Mammals > Digestive system > Large intestine
Gs0144801	1	Environmental > Aquatic > Thermal springs
Gs0144802	1	Environmental > Aquatic > Marine
Gs0144803	1	Environmental > Aquatic > Freshwater > Groundwater
Gs0144804	1	Environmental > Aquatic > Marine
Gs0144805	1	Host-associated > Mammals: Human > Digestive system > Oral cavity > Subgingival plaque
Gs0144806	1	Environmental > Aquatic > Marine
Gs0144807	1	Host-associated > Mammals: Human > Digestive system > Large intestine > Fecal
Gs0144808	1	Environmental > Aquatic > Marine
Gs0144809	1	Engineered > Wastewater > Anaerobic digestor
Gs0144810	1	Host-associated > Arthropoda: Insects > Digestive system > Gut
Gs0144811	1	Host-associated > Arthropoda: Insects > Larva > Whole body
Gs0144812	1	Environmental > Terrestrial > Plant litter
Gs0144813	1	Environmental > Aquatic > Marine
Gs0144814	1	Host-associated > Plants > Wood
Gs0144815	1	Environmental > Aquatic > Marine
Gs0144816	1	Environmental > Aquatic > Marine > Sediment
Gs0144817	1	Host-associated > Mammals: Human > Circulatory system > Blood > PBMC
Gs0144818	1	Host-associated > Mammals > Digestive system > Stomach > Rumen
Gs0144819	1	Engineered > Solid waste > Bagasse > Composting
Gs0144820	1	Environmental > Aquatic > Thermal springs
Gs0144821	1	Environmental > Aquatic > Marine > Deep subsurface > Rock
Gs0144822	1	Host-associated > Arthropoda: Insects > Whole body
Gs0144823	1	Environmental > Aquatic > Marine
Gs0144824	1	Host-associated > Mammals: Human > Digestive system > Large intestine > Fecal
Gs0144825	1	Engineered > Industrial production > Engineered product
Gs0144826	1	Host-associated > Mammals: Human > Respiratory system > Sputum/Phlegm
Gs0144827	1	Environmental > Aquatic > Marine
Gs0144828	1	Environmental > Aquatic > Marine > Intertidal zone > Mangrove swamp
Gs0144829	6	Engineered > Built environment > House|Environmental > Aquatic > Freshwater > Tap water|Environmental > Aquatic > Marine > Intertidal zone > Salt marsh|Environmental > Aquatic > Sediment|Host-associated > Mammals: Human > Integumentary system > Skin > Skin surface|Host-associated > Plants > Phyllosphere > Phylloplane/Leaf surface
Gs0144847	1	Environmental > Terrestrial > Mud volcano
Gs0144851	1	Environmental > Aquatic > Freshwater
Gs0144870	1	Host-associated > Mammals > Integumentary system > Skin
Gs0144895	1	Host-associated > Plants > Roots > Rhizosphere > Soil
Gs0144903	1	Host-associated > Annelida > Digestive system
Gs0144911	1	Host-associated > Mammals > Digestive system > Large intestine > Cecum
Gs0144912	2	Environmental > Terrestrial > Soil > Agricultural land|Environmental > Terrestrial > Soil > Temperate forest > Bulk soil
Gs0144913	2	Host-associated > Plants > Roots|Host-associated > Plants > Wood
Gs0144915	1	Host-associated > Mammals: Human > Respiratory system > Sputum/Phlegm
Gs0144916	1	Host-associated > Mammals: Human > Digestive system > Large intestine
Gs0144917	1	Host-associated > Mammals: Human > Digestive system > Large intestine > Fecal
Gs0144918	1	Host-associated > Mammals: Human > Digestive system > Large intestine > Fecal
Gs0144919	1	Host-associated > Fungi > Lichen
Gs0144920	1	Host-associated > Mammals > Digestive system > Large intestine > Cecum
Gs0144921	1	Engineered > Food production > Dairy products
Gs0144922	1	Environmental > Aquatic > Marine > Intertidal zone > Microbialites
Gs0144923	1	Engineered > Modeled > Simulated communities (microbial mixture)
Gs0144924	1	Environmental > Aquatic > Marine > Coastal
Gs0144925	1	Host-associated > Mollusca > Shell
Gs0144926	1	Host-associated > Mammals: Human > Respiratory system > Pharynx/Throat > Nasopharynx
Gs0144927	1	Engineered > Bioreactor > Anaerobic
Gs0144928	1	Engineered > Bioreactor > Anaerobic
Gs0144929	1	Environmental > Aquatic > Non-marine Saline and Alkaline > Alkaline > Microbial mats
Gs0144930	2	Environmental > Aquatic > Freshwater|Host-associated > Mammals: Human > Circulatory system > Blood > Serum
Gs0144931	1	Host-associated > Mammals: Human > Digestive system > Large intestine > Fecal
Gs0144932	1	Host-associated > Mammals > Integumentary system > Skin > Digital dermatitis
Gs0144933	1	Host-associated > Arthropoda: Insects > Whole body > No thorax
Gs0144934	1	Host-associated > Plants > Phyllosphere > Phylloplane/Leaf
Gs0144935	1	Environmental > Terrestrial > Soil > Paddy field/soil
Gs0144936	3	Environmental > Aquatic > Marine|Environmental > Aquatic > Marine > Hydrothermal vents|Environmental > Aquatic > Marine > Hydrothermal vents > Diffuse flow
Gs0144937	2	Host-associated > Fish > Digestive system > Biliary tract > Liver|Host-associated > Fish > Urinary system > Kidneys
Gs0144938	1	Host-associated > Arthropoda: Insects > Whole body
Gs0144939	1	Environmental > Aquatic > Non-marine Saline and Alkaline > Hypersaline
Gs0144940	1	Host-associated > Mammals: Human > Respiratory system > Trachea > Mucus
Gs0144942	1	Environmental > Aquatic > Marine > Coastal
Gs0144943	1	Host-associated > Mammals: Human > Digestive system > Large intestine > Fecal
Gs0144944	2	Environmental > Terrestrial > Soil > Agricultural land|Host-associated > Plants > Roots > Rhizosphere
Gs0144945	2	Host-associated > Mammals > Digestive system > Large intestine > Fecal|Host-associated > Mammals > Digestive system > Small intestine > Ileum
Gs0144946	1	Host-associated > Mammals: Human > Respiratory system > Pharynx/Throat > Nasopharynx
Gs0144947	1	Environmental > Aquatic > Marine > Intertidal zone > Sediment
Gs0144948	3	Engineered > Industrial production > Chemical products|Environmental > Aquatic > Marine > Coastal|Environmental > Aquatic > Marine > Oceanic
Gs0144949	1	Host-associated > Mammals > Digestive system > Large intestine
Gs0144950	1	Environmental > Aquatic > Non-marine Saline and Alkaline > Alkaline
Gs0144951	1	Host-associated > Arthropoda: Chelicerates > Whole body
Gs0144952	2	Environmental > Aquatic > Marine > Coastal > Sediment|Environmental > Aquatic > Marine > Sediment
Gs0144953	1	Environmental > Aquatic > Marine
Gs0144954	1	Host-associated > Mammals: Human > Cell Line > HeLa
Gs0144955	1	Environmental > Terrestrial > Soil > Paddy field/soil
Gs0144956	1	Environmental > Aquatic > Marine > Sediment
Gs0144957	1	Environmental > Aquatic > Freshwater > River
Gs0144960	2	Engineered > Industrial production > Chemical products > Reagent blank|Host-associated > Mammals: Human > Respiratory system > Lung > Alveoli
Gs0144961	1	Host-associated > Mammals: Human > Digestive system > Large intestine > Fecal
Gs0144962	2	Host-associated > Birds > Circulatory system > Blood|Host-associated > Birds > Digestive system > Biliary tract > Liver
Gs0144963	1	Environmental > Aquatic > Marine > Sediment
Gs0144964	3	Environmental > Aquatic > Marine|Environmental > Aquatic > Marine > Coastal|Environmental > Aquatic > Marine > Oceanic
Gs0144965	1	Host-associated > Arthropoda: Insects > Whole body
Gs0144966	1	Environmental > Aquatic > Marine > Oceanic
Gs0144967	2	Engineered > Bioreactor > Anaerobic > Biogas|Host-associated > Mammals > Digestive system > Large intestine > Fecal
Gs0144968	2	Environmental > Aquatic > Marine|Host-associated > Algae > Red algae
Gs0144969	1	Host-associated > Plants
Gs0144970	1	Engineered > Wastewater > Sewage
Gs0144971	1	Host-associated > Mammals > Digestive system > Large intestine > Fecal
Gs0144972	1	Host-associated > Mammals: Human > Multisystem conditions > Necrotizing soft tissue infections (NSTI) > Necrotizing lesion
Gs0144973	1	Host-associated > Mammals > Digestive system > Large intestine > Fecal
Gs0144974	2	Environmental > Aquatic > Marine > Coastal|Environmental > Aquatic > Marine > Gulf
Gs0144975	1	Host-associated > Mollusca > Respiratory system > Gills
Gs0144976	2	Engineered > Industrial production > Chemical products > Buffer|Host-associated > Arthropoda: Chelicerates > Whole body
Gs0144978	1	Host-associated > Porifera > Sponge
Gs0144979	2	Engineered > Wastewater > Anaerobic digestor|Environmental > Aquatic > Freshwater > Sediment
Gs0144980	1	Environmental > Aquatic > Marine > Sediment
Gs0144981	1	Host-associated > Plants > Wood
Gs0144982	2	Host-associated > Plants > Rhizome|Host-associated > Plants > Roots > Rhizosphere
Gs0144983	1	Environmental > Aquatic > Marine > Harbor
Gs0144984	1	Environmental > Terrestrial > Plant litter
Gs0144985	1	Environmental > Aquatic > Marine > Oceanic
Gs0144986	1	Host-associated > Plants > Roots > Rhizosphere > Soil
Gs0144987	1	Host-associated > Plants > Roots
Gs0144988	1	Host-associated > Mammals > Digestive system > Large intestine > Fecal
Gs0144989	1	Host-associated > Mammals: Human > Digestive system > Oral cavity > Saliva
Gs0144990	1	Host-associated > Mammals: Human > Digestive system > Oral cavity > Saliva
Gs0144991	1	Environmental > Terrestrial > Soil > Paddy field/soil
Gs0144992	1	Host-associated > Mammals: Human > Digestive system > Large intestine > Fecal
Gs0144993	1	Environmental > Aquatic > Marine
Gs0144994	1	Engineered > Food production > Dairy products
Gs0144995	1	Environmental > Aquatic > Marine > Oceanic
Gs0144996	2	Environmental > Aquatic > Marine > Coastal|Host-associated > Microbial > Bacteria
Gs0144997	1	Environmental > Aquatic > Marine
Gs0144998	1	Host-associated > Mammals: Human > Integumentary system > Skin > Nose follicle
Gs0144999	1	Engineered > Wastewater > Anaerobic digestor
Gs0145000	1	Host-associated > Mammals: Human > Digestive system > Large intestine > Fecal
Gs0145001	1	Environmental > Air > Outdoor Air
Gs0145031	1	Host-associated > Plants > Mixed parts
Gs0145036	1	Environmental > Aquatic > Freshwater > Groundwater
Gs0145045	2	Environmental > Aquatic > Marine > Hydrothermal vents|Environmental > Aquatic > Marine > Oceanic > Aphotic zone
Gs0145046	1	Host-associated > Mammals: Human > Digestive system > Large intestine
Gs0145047	2	Host-associated > Fish > Reproductive system > Ovaries|Host-associated > Fish > Reproductive system > Testes
Gs0145048	1	Environmental > Aquatic > Marine
Gs0145049	1	Host-associated > Mammals > Digestive system > Large intestine > Cecum
Gs0145050	1	Host-associated > Mammals > Visual system > Eye > Cornea
Gs0145051	1	Host-associated > Invertebrates > Cnidaria > Coral
Gs0145052	1	Host-associated > Mammals > Connective tissue > Tendons > Tissue-engineered
Gs0145053	1	Environmental > Terrestrial > Soil > Clay
Gs0145054	1	Environmental > Aquatic > Marine
Gs0145055	1	Host-associated > Protozoa
Gs0145056	1	Host-associated > Arthropoda: Crustaceans > Whole body
Gs0145057	1	Host-associated > Arthropoda: Insects > Whole body
Gs0145058	1	Environmental > Aquatic > Marine
Gs0145059	1	Host-associated > Mammals: Human > Digestive system > Large intestine
Gs0145060	1	Host-associated > Mammals > Digestive system > Large intestine > Fecal
Gs0145061	1	Host-associated > Mammals > Digestive system
Gs0145062	1	Engineered > Bioreactor > Continuous culture
Gs0145063	2	Host-associated > Plants > Seeds|Host-associated > Plants > Seeds > Seed radicle
Gs0145064	1	Host-associated > Arthropoda: Insects > Digestive system > Midgut
Gs0145065	1	Host-associated > Plants > Phyllosphere > Phylloplane/Leaf
Gs0145066	1	Engineered > Wastewater
Gs0145067	2	Environmental > Aquatic > Marine > Intertidal zone > Estuary|Environmental > Aquatic > Marine > Neritic zone/Coastal water
Gs0145068	1	Engineered > Wastewater > Anaerobic digestor
Gs0145069	1	Engineered > Food production > Dairy products
Gs0145070	2	Environmental > Terrestrial > Soil > Loam > Forest soil|Environmental > Terrestrial > Soil > Tropical rainforest
Gs0145071	1	Engineered > Wastewater > Sewage
Gs0145072	1	Engineered > Built environment > House
Gs0145073	1	Host-associated > Invertebrates > Cnidaria > Coral
Gs0145074	1	Environmental > Terrestrial > Soil > Loam > Forest soil
Gs0145075	1	Environmental > Terrestrial > Soil > Alpine
Gs0145076	1	Host-associated > Invertebrates > Cnidaria > Coral
Gs0145077	1	Environmental > Aquatic > Freshwater
Gs0145078	1	Environmental > Aquatic > Freshwater > Groundwater > Acid Mine Drainage
Gs0145079	1	Host-associated > Mollusca
Gs0145080	1	Engineered > Bioreactor > Anaerobic
Gs0145081	1	Host-associated > Arthropoda: Insects > Digestive system > Gut
Gs0145082	1	Host-associated > Porifera > Sponge
Gs0145083	1	Host-associated > Porifera > Sponge
Gs0145084	1	Host-associated > Mammals: Human > Digestive system > Large intestine > Fecal
Gs0145085	1	Host-associated > Plants > Roots
Gs0145086	1	Host-associated > Mammals: Human > Digestive system > Oral cavity > Subgingival plaque
Gs0145087	1	Environmental > Aquatic > Marine > Sediment
Gs0145088	1	Host-associated > Arthropoda: Insects > Whole body
Gs0145089	1	Environmental > Terrestrial > Soil > Loam > Agricultural soil
Gs0145090	2	Host-associated > Mammals: Human > Digestive system > Oral cavity > Saliva|Host-associated > Mammals: Human > Digestive system > Oral cavity > Tooth: Dentin
Gs0145091	1	Host-associated > Plants > Roots
Gs0145092	1	Environmental > Aquatic > Marine
Gs0145093	1	Engineered > Solid waste > Composting
Gs0145094	1	Environmental > Aquatic > Marine
Gs0145095	1	Host-associated > Mammals > Digestive system > Large intestine > Cecum
Gs0145096	1	Host-associated > Mammals: Human > Reproductive system > Vagina
Gs0145097	1	Environmental > Terrestrial
Gs0145098	1	Host-associated > Arthropoda: Insects > Digestive system > Gut
Gs0145099	1	Engineered > Wastewater > Sewage
Gs0145100	1	Host-associated > Protists > Dinoflagellates
Gs0145101	1	Engineered > Wastewater > Nutrient removal > Dissolved organics (anaerobic)
Gs0145102	1	Engineered > Lab synthesis
Gs0145103	1	Environmental > Terrestrial > Soil > Loam > Agricultural soil
Gs0145104	1	Host-associated > Mammals > Digestive system > Large intestine > Fecal
Gs0145105	1	Host-associated > Arthropoda: Insects > Thorax > Prothorax > Propleura
Gs0145106	1	Host-associated > Porifera > Sponge
Gs0145107	1	Engineered > Wastewater > Anaerobic digestor
Gs0145108	1	Host-associated > Invertebrates > Cnidaria > Coral
Gs0145109	1	Environmental > Aquatic > Freshwater
Gs0145110	1	Host-associated > Plants
Gs0145111	1	Host-associated > Mammals > Digestive system > Biliary tract > Liver
Gs0145112	1	Host-associated > Invertebrates > Platyhelminthes
Gs0145113	1	Host-associated > Mammals: Human > Digestive system > Large intestine
Gs0145114	1	Host-associated > Mammals: Human > Respiratory system > Lung
Gs0145115	1	Host-associated > Mammals > Digestive system > Large intestine > Fecal
Gs0145116	1	Host-associated > Plants > Phyllosphere > Phylloplane/Leaf
Gs0145129	1	Environmental > Aquatic > Freshwater > Groundwater > Contaminated
Gs0145134	1	Host-associated > Porifera > Sponge
Gs0145135	1	Environmental > Terrestrial > Soil > Wetlands > Permafrost
Gs0145136	1	Environmental > Aquatic > Marine > Marginal Sea
Gs0145137	2	Host-associated > Mammals: Human > Digestive system > Large intestine > Fecal|Host-associated > Mammals: Human > Digestive system > Oral cavity > Saliva
Gs0145138	1	Environmental > Aquatic > Freshwater > Lake
Gs0145145	1	Host-associated > Porifera > Sponge
Gs0145164	1	Host-associated > Mammals > Digestive system > Large intestine
Gs0145165	1	Host-associated > Mammals > Digestive system > Large intestine > Fecal
Gs0145170	1	Environmental > Terrestrial > Soil > Wetlands > Peat
Gs0145177	1	Environmental > Aquatic > Marine > Coastal
Gs0145178	1	Host-associated > Mammals: Human > Digestive system > Large intestine > Fecal
Gs0145179	1	Host-associated > Mammals: Human > Urinary system > Urine
Gs0145180	1	Environmental > Terrestrial > Soil > Wetlands
Gs0145181	1	Environmental > Terrestrial > Nest > Insects nest > Beehive: Honey
Gs0145182	1	Engineered > Built environment > House > Doormat
Gs0145183	1	Host-associated > Fish > Integumentary system > Skin > Lesion
Gs0145184	1	Environmental > Aquatic > Freshwater > River
Gs0145185	1	Environmental > Terrestrial > Nest > Alligator nest
Gs0145186	1	Host-associated > Mollusca > Circulatory system > Hemolymph
Gs0145187	2	Host-associated > Mammals > Auditory/Hearing system > Outer ear > Ear discharge|Host-associated > Mammals > Urinary system > Urine
Gs0145188	1	Host-associated > Mammals: Human > Digestive system > Large intestine > Fecal
Gs0145189	1	Engineered > Wastewater > Industrial wastewater > Hospital wastewater
Gs0145190	1	Host-associated > Mammals > Digestive system > Stomach > Rumen
Gs0145191	1	Environmental > Terrestrial > Soil > Alpine
Gs0145192	1	Host-associated > Mammals: Human > Digestive system > Large intestine > Fecal
Gs0145193	1	Host-associated > Invertebrates > Cnidaria > Coral
Gs0145194	1	Environmental > Aquatic > Freshwater > Lake > Sediment
Gs0145195	1	Environmental > Terrestrial > Soil > Permafrost
Gs0145196	1	Environmental > Terrestrial > Soil
Gs0145197	1	Host-associated > Mammals > Digestive system > Stomach > Rumen fluid
Gs0145200	1	Environmental > Aquatic > Thermal springs
Gs0145201	1	Host-associated > Mammals > Digestive system > Stomach > Rumen
Gs0145202	1	Host-associated > Mammals > Digestive system > Large intestine > Fecal
Gs0145203	1	Environmental > Aquatic > Marine > Oceanic > Sediment
Gs0145204	1	Host-associated > Arthropoda: Insects > Abdomen
Gs0145205	1	Host-associated > Mammals: Human > Digestive system > Large intestine > Fecal
Gs0145206	1	Environmental > Aquatic > Marine > Oceanic
Gs0145207	1	Host-associated > Mammals: Human > Digestive system > Large intestine > Fecal
Gs0145208	1	Host-associated > Reptilia > Digestive system > Biliary tract > Liver
Gs0145210	1	Host-associated > Arthropoda: Insects > Digestive system > Gut
Gs0145213	16	Host-associated > Mammals: Human > Benign tumor > Skin tag > Tissue|Host-associated > Mammals: Human > Benign tumor > Wart > Surface|Host-associated > Mammals: Human > Benign tumor > Wart > Tissue|Host-associated > Mammals: Human > Circulatory system > Blood|Host-associated > Mammals: Human > Integumentary system > Skin|Host-associated > Mammals: Human > Integumentary system > Skin > Genital region|Host-associated > Mammals: Human > Integumentary system > Skin > Lesion|Host-associated > Mammals: Human > Integumentary system > Skin > Psoriasis lesion|Host-associated > Mammals: Human > Integumentary system > Skin > Skin surface|Host-associated > Mammals: Human > Integumentary system > Skin > Skin tissue|Host-associated > Mammals: Human > Reproductive system|Host-associated > Mammals: Human > Reproductive system > External organs > Penis|Host-associated > Mammals: Human > Reproductive system > Vagina|Host-associated > Mammals: Human > Respiratory system > Lung|Host-associated > Mammals: Human > Skeletal system > Bone > Vertebra|Host-associated > Mammals: Human > Visual system > Canthus
Gs0145214	1	Engineered > Modeled > Simulated communities (microbial mixture)
Gs0145215	1	Host-associated > Mammals: Human > Digestive system > Large intestine > Fecal
Gs0145217	2	Host-associated > Mammals > Digestive system > Large intestine > Fecal|Host-associated > Mammals > Digestive system > Stomach > Rumen
Gs0145218	1	Host-associated > Fungi > Lichen
Gs0145219	1	Host-associated > Arthropoda: Insects > Whole body
Gs0145220	1	Host-associated > Mammals: Human > Digestive system > Large intestine > Fecal
Gs0145221	1	Host-associated > Mammals: Human > Digestive system > Large intestine > Fecal
Gs0145222	1	Host-associated > Mammals: Human > Digestive system > Large intestine > Fecal
Gs0145223	1	Host-associated > Mammals: Human > Digestive system > Large intestine > Fecal
Gs0145224	1	Host-associated > Plants > Seeds
Gs0145225	1	Host-associated > Mammals: Human > Digestive system > Large intestine > Fecal
Gs0145226	1	Host-associated > Birds > Digestive system > Small intestine
Gs0145227	1	Engineered > WWTP > Wastewater
Gs0145228	1	Host-associated > Mammals: Human > Respiratory system > Sputum/Phlegm
Gs0145229	3	Host-associated > Mammals > Digestive system > Large intestine > Cecum|Host-associated > Mammals > Digestive system > Small intestine > Ileum|Host-associated > Mammals > Digestive system > Small intestine > Jejunum
Gs0145230	1	Host-associated > Mammals: Human > Digestive system > Large intestine > Fecal
Gs0145231	1	Environmental > Aquatic > Marine > Sediment
Gs0145232	1	Host-associated > Mammals: Human > Digestive system > Large intestine > Fecal
Gs0145233	1	Host-associated > Mammals > Digestive system > Large intestine > Cecum
Gs0145234	1	Host-associated > Mammals: Human > Digestive system > Large intestine > Fecal
Gs0145235	1	Host-associated > Mammals > Digestive system > Large intestine > Fecal
Gs0145236	1	Host-associated > Mammals: Human > Circulatory system > Blood > Plasma
Gs0145237	4	Environmental > Aquatic > Marine > Abyssopelagic|Environmental > Aquatic > Marine > Bathypelagic|Environmental > Aquatic > Marine > Epipelagic|Environmental > Aquatic > Marine > Mesopelagic
Gs0145238	1	Engineered > Built environment > Water treatment plant
Gs0145239	1	Host-associated > Mammals > Digestive system > Large intestine > Fecal
Gs0145240	2	Host-associated > Mammals > Digestive system > Large intestine > Cecum|Host-associated > Mammals > Digestive system > Large intestine > Fecal
Gs0145241	1	Environmental > Aquatic > Freshwater > Groundwater > Contaminated
Gs0145242	1	Host-associated > Porifera > Sponge
Gs0145243	1	Host-associated > Mammals: Human > Digestive system > Large intestine > Fecal
Gs0145244	2	Host-associated > Arthropoda: Insects > Abdomen > Metasoma > Gaster|Host-associated > Arthropoda: Insects > Pupa > Cocoon > Meconium
Gs0145245	1	Engineered > Artificial ecosystem > Mud microcosm
Gs0145246	1	Host-associated > Mammals > Digestive system > Lower gastrointestinal tract > Ileum-cecum
Gs0145247	1	Engineered > Built environment > Hospital
Gs0145248	2	Host-associated > Arthropoda: Insects > Larva|Host-associated > Arthropoda: Insects > Whole body > No head
Gs0145249	1	Environmental > Terrestrial > Nest > Insects nest > Beehive: Honey
Gs0145250	1	Environmental > Terrestrial > Nest > Insects nest > Beehive: Honey
Gs0145251	2	Environmental > Aquatic > Freshwater > Lake > Epilimnion/Euphotic zone|Environmental > Aquatic > Freshwater > Lake > Hypolimnion/Profundal zone
Gs0145252	1	Environmental > Aquatic > Marine > Sediment
Gs0145253	3	Environmental > Aquatic > Marine > Epipelagic|Environmental > Aquatic > Marine > Mesopelagic|Environmental > Aquatic > Marine > Pelagic zone
Gs0145254	1	Host-associated > Mammals: Human > Digestive system > Large intestine > Fecal
Gs0145255	1	Environmental > Aquatic > Freshwater > Ice > Glacial lake
Gs0145256	2	Environmental > Aquatic > Marine > Epipelagic|Environmental > Aquatic > Marine > Neritic zone/Coastal water
Gs0145258	1	Host-associated > Mammals > Digestive system > Large intestine > Fecal
Gs0145259	1	Host-associated > Mammals: Human > Digestive system > Large intestine > Fecal
Gs0145260	1	Environmental > Aquatic > Marine
Gs0145261	1	Host-associated > Arthropoda: Chelicerates > Whole body
Gs0145262	1	Engineered > Bioreactor > Anaerobic
Gs0145263	1	Host-associated > Mammals: Human > Integumentary system > Skin
Gs0145264	1	Host-associated > Mammals: Human > Digestive system > Large intestine > Fecal
Gs0145265	2	Engineered > Food production > Dairy products > Processed milk|Host-associated > Mammals > Integumentary system > Mammary gland > Milk
Gs0145266	1	Host-associated > Arthropoda: Insects > Larva > Gut > Gastric caeca
Gs0145267	1	Host-associated > Plants > Phyllosphere > Anthosphere
Gs0145268	1	Host-associated > Plants > Phyllosphere > Anthosphere
Gs0145269	1	Engineered > Wastewater > Industrial wastewater > Hospital wastewater
Gs0145270	1	Environmental > Aquatic > Freshwater > Groundwater > Mine drainage
Gs0145271	1	Environmental > Terrestrial > Nest > Insects nest > Beehive: Honey
Gs0145272	1	Environmental > Terrestrial > Nest > Insects nest > Beehive: Royal jelly
Gs0145273	1	Environmental > Aquatic > Marine > Intertidal zone > Estuary
Gs0145274	3	Environmental > Terrestrial > Soil > Gravesite > Sediment|Host-associated > Mammals: Human > Remains > Skeletonized remains > Bone|Host-associated > Mammals: Human > Remains > Skeletonized remains > Kidney stones
Gs0145275	1	Host-associated > Plants > Phyllosphere > Phylloplane/Leaf
Gs0145276	1	Host-associated > Mammals: Human > Digestive system > Large intestine > Fecal
Gs0145277	1	Environmental > Aquatic > Marine > Oceanic
Gs0145284	1	Environmental > Terrestrial > Soil
Gs0145289	2	Environmental > Aquatic > Freshwater > Groundwater|Environmental > Aquatic > Freshwater > Groundwater > Contaminated
Gs0145290	1	Environmental > Terrestrial > Deep subsurface > Rock
Gs0145332	3	Engineered > Lab enrichment > Defined media|Host-associated > Fungi > Mycelium|Host-associated > Microbial > Bacteria
Gs0145338	1	Environmental > Aquatic > Freshwater > Groundwater > Mine
Gs0145339	1	Engineered > Built environment > Canal > Irrigation canal > Sediment
Gs0145340	3	Environmental > Aquatic > Marine|Environmental > Aquatic > Marine > Intertidal zone > Estuary|Environmental > Aquatic > Marine > Oceanic
Gs0145344	1	Environmental > Aquatic > Freshwater > River > Sediment
Gs0145491	1	Host-associated > Mammals > Integumentary system > Skin > Udder dermatitis
Gs0145645	3	Engineered > Wastewater > Industrial wastewater > Mine water > Acid mine drainage|Environmental > Aquatic > Freshwater > Groundwater > Acid Mine Drainage|Environmental > Terrestrial > Soil > Garden
Gs0145646	1	Host-associated > Plants
Gs0145674	2	Environmental > Terrestrial > Soil > Grasslands|Host-associated > Plants > Roots > Rhizosphere > Soil
Gs0145675	1	Engineered > Wastewater > Industrial wastewater > Mine water > Sediment
Gs0145677	2	Engineered > Lab enrichment > Defined media > Aerobic media|Environmental > Aquatic > Freshwater > Reservoir > Sediment
Gs0145714	1	Engineered > Bioreactor > High-salinity/high-pH
Gs0145723	2	Environmental > Terrestrial > Soil > Oil-contaminated|Environmental > Terrestrial > Soil > Temperate forest > Bulk soil
Gs0145731	1	Environmental > Terrestrial > Volcanic > Fumaroles
Gs0145786	1	Environmental > Aquatic > Thermal springs > Hot (42-90C) > Neutral
Gs0145821	1	Engineered > Modeled > Simulated communities (DNA mixture)
Gs0145832	1	Engineered > Industrial production > Engineered product > Biocathode
Gs0145844	1	Environmental > Terrestrial > Soil > Paddy field/soil > Contaminated
Gs0145856	1	Environmental > Aquatic > Aquaculture > Shrimp pond
Gs0145857	1	Environmental > Terrestrial > Deep subsurface > Rock
Gs0145875	1	Environmental > Terrestrial > Deep subsurface > Aquifer
Gs0145884	1	Environmental > Aquatic > Freshwater > Groundwater
Gs0145887	1	Environmental > Aquatic > Freshwater > Lake
Gs0145889	1	Environmental > Aquatic > Marine > Gulf
Gs0148012	1	Environmental > Aquatic > Marine > Intertidal zone > Estuary
Gs0149324	1	Environmental > Terrestrial > Soil
Gs0149326	1	Host-associated > Fungi > Mycelium
Gs0149357	1	Environmental > Terrestrial > Soil > Grasslands
Gs0149358	1	Environmental > Aquatic > Aquaculture
Gs0149359	1	Environmental > Aquatic > Marine > Hadalpelagic
Gs0149360	1	Environmental > Aquatic > Marine > Marine lake
Gs0149364	1	Environmental > Terrestrial > Soil > Agricultural land
Gs0149369	4	Environmental > Aquatic > Freshwater > River|Environmental > Aquatic > Thermal springs > Hot (42-90C) > Sediment|Environmental > Terrestrial > Soil|Host-associated > Plants > Roots > Rhizosphere > Soil
Gs0149370	1	Engineered > Modeled > Simulated communities (microbial mixture)
Gs0149372	1	Host-associated > Mollusca > Respiratory system > Gills > Intracellular
Gs0149373	1	Host-associated > Mollusca > Respiratory system > Gills > Intracellular
Gs0149376	1	Host-associated > Mammals > Digestive system > Stomach > Rumen
Gs0149383	1	Environmental > Aquatic > Marine > Cold seeps > Sediment
Gs0149384	1	Host-associated > Invertebrates > Cnidaria > Coral
Gs0149386	7	Engineered > Wastewater > Industrial wastewater > Agricultural wastewater|Environmental > Terrestrial > Soil > Agricultural land|Host-associated > Mammals > Digestive system > Large intestine > Fecal|Host-associated > Mammals > Digestive system > Stomach > Rumen|Host-associated > Plants > Phyllosphere > Phylloplane/Leaf surface|Host-associated > Plants > Roots|Host-associated > Plants > Roots > Rhizoplane
Gs0149395	3	Environmental > Aquatic > Deep subsurface > Groundwater > Cave stream sediment|Environmental > Terrestrial > Deep subsurface > Cave|Environmental > Terrestrial > Deep subsurface > Cave > Wall biofilm
Gs0149396	7	Environmental > Aquatic > Freshwater > Lake|Environmental > Aquatic > Freshwater > Lake > Epilimnion/Euphotic zone|Environmental > Aquatic > Freshwater > Lake > Hypolimnion/Profundal zone|Environmental > Aquatic > Freshwater > River|Environmental > Aquatic > Freshwater > River > Sediment|Environmental > Aquatic > Marine > Wetlands|Environmental > Aquatic > Marine > Wetlands > Sediment
Gs0149406	2	Environmental > Aquatic > Marine > Coastal > Sediment|Environmental > Aquatic > Marine > Sediment
Gs0149415	1	Host-associated > Plants > Roots > Rhizosphere > Soil
Gs0149416	2	Engineered > Bioreactor > MBR (Membrane bioreactor) > Sludge|Engineered > Wastewater > Industrial wastewater > Mine water > Produced water
Gs0149417	1	Environmental > Terrestrial > Soil
Gs0149418	2	Environmental > Aquatic > Marine > Coastal|Environmental > Aquatic > Marine > Coastal > Sediment
Gs0149421	1	Environmental > Terrestrial > Soil
Gs0149931	1	Host-associated > Plants > Roots
Gs0149937	1	Environmental > Terrestrial > Soil
Gs0149951	1	Environmental > Aquatic > Thermal springs > Hot (42-90C)
Gs0149985	1	Environmental > Terrestrial > Soil > Temperate forest > Bulk soil
Gs0149986	1	Environmental > Terrestrial > Soil > Watershed
Gs0150004	1	Host-associated > Mammals: Human > Urinary system > Urine
Gs0150006	2	Environmental > Terrestrial > Soil > Agricultural land|Environmental > Terrestrial > Soil > Tropical forest > Bulk soil
Gs0150009	1	Host-associated > Mammals: Human > Digestive system > Large intestine > Fecal
Gs0150010	1	Host-associated > Arthropoda: Insects > Whole body
Gs0150011	1	Host-associated > Mammals: Human > Digestive system > Large intestine > Fecal
Gs0150013	1	Environmental > Aquatic > Marine > Oceanic > Plankton
Gs0150014	2	Environmental > Aquatic > Freshwater > Lake|Environmental > Aquatic > Freshwater > Reservoir
Gs0150015	2	Engineered > Lab enrichment > Defined media|Host-associated > Fish
Gs0150016	1	Environmental > Aquatic > Marine > Sea ice
Gs0150020	2	Engineered > Bioreactor > Anaerobic|Engineered > WWTP > Aerobic digester > Activated sludge
Gs0150021	2	Environmental > Aquatic > Freshwater > River > Sediment|Environmental > Aquatic > Marine > Sediment
Gs0150022	5	Environmental > Terrestrial > Soil > Grasslands > Pasture|Environmental > Terrestrial > Soil > Pasture > Agricultural land|Environmental > Terrestrial > Soil > Tropical forest|Environmental > Terrestrial > Soil > Tropical forest > Bulk soil|Host-associated > Plants > Phyllosphere
Gs0150034	1	Host-associated > Arthropoda: Insects > Digestive system > Hindgut
Gs0150042	1	Environmental > Aquatic > Freshwater > River
Gs0150043	2	Engineered > Bioreactor > Anaerobic|Engineered > WWTP > Mixed liquor
Gs0150046	1	Environmental > Terrestrial > Soil > Permafrost
Gs0150053	1	Environmental > Aquatic > Marine > Oceanic
Gs0150187	1	Environmental > Terrestrial > Soil > Ranch > Agricultural land
Gs0150189	2	Host-associated > Algae > Brown Algae|Host-associated > Algae > Red algae > Ectosymbionts
Gs0150208	1	Environmental > Terrestrial > Soil
Gs0150209	1	Environmental > Aquatic > Freshwater > Reservoir
Gs0150210	1	Engineered > Wastewater > Industrial wastewater
Gs0150211	2	Environmental > Terrestrial > Soil > Temperate forest > Bulk soil|Environmental > Terrestrial > Soil > Tropical forest > Bulk soil
Gs0150212	1	Environmental > Terrestrial > Soil
Gs0150213	1	Environmental > Aquatic > Freshwater > Lake
Gs0150214	1	Environmental > Terrestrial > Soil
Gs0150215	1	Host-associated > Fish > Digestive system > Intestine
Gs0150216	1	Environmental > Aquatic > Marine > Oceanic
Gs0150217	1	Environmental > Aquatic > Marine > Hydrothermal vents
Gs0150218	12	Host-associated > Amphibia > Digestive system|Host-associated > Amphibia > Digestive system > Biliary tract > Liver|Host-associated > Amphibia > Respiratory system > Lung|Host-associated > Cephalochordata|Host-associated > Fish > Digestive system > Biliary tract > Liver|Host-associated > Fish > Digestive system > Intestine|Host-associated > Fish > Multiple systems > Multiple organs|Host-associated > Fish > Respiratory system > Gills|Host-associated > Fish > Respiratory system > Lung|Host-associated > Reptilia > Digestive system|Host-associated > Reptilia > Digestive system > Biliary tract > Liver|Host-associated > Reptilia > Respiratory system > Lung
Gs0150219	1	Host-associated > Mammals: Human > Digestive system > Oral cavity > Saliva
Gs0150220	4	Host-associated > Mammals > Digestive system > Large intestine|Host-associated > Mammals > Digestive system > Large intestine > Cecum|Host-associated > Mammals > Digestive system > Large intestine > Fecal|Host-associated > Mammals > Digestive system > Small intestine > Ileum
Gs0150221	1	Environmental > Aquatic > Marine > Oceanic
Gs0150222	1	Host-associated > Microbial > Bacteria
Gs0150223	1	Environmental > Air > Outdoor Air
Gs0150224	1	Engineered > Industrial production > Engineered product
Gs0150225	1	Host-associated > Mammals: Human > Digestive system > Large intestine > Fecal
Gs0150226	1	Environmental > Aquatic > Marine
Gs0150227	1	Host-associated > Mammals: Human > Digestive system > Large intestine > Fecal
Gs0150228	1	Environmental > Aquatic > Marine > Coastal
Gs0150229	3	Host-associated > Mammals > Digestive system > Large intestine > Rectum|Host-associated > Mammals > Digestive system > Oral cavity|Host-associated > Mammals > Integumentary system
Gs0150230	1	Engineered > Wastewater > Anaerobic digestor
Gs0150231	1	Environmental > Aquatic > Marine > Oceanic > Crustal Fluids
Gs0150232	1	Environmental > Terrestrial > Soil
Gs0150233	1	Host-associated > Mammals > Digestive system > Large intestine > Fecal
Gs0150234	1	Host-associated > Mammals: Human > Circulatory system > Blood > Serum
Gs0150235	1	Engineered > WWTP > Wastewater
Gs0150236	1	Environmental > Terrestrial > Soil
Gs0150237	1	Environmental > Aquatic > Marine > Sediment
Gs0150238	1	Host-associated > Arthropoda: Insects > Whole body
Gs0150239	1	Engineered > WWTP > Wastewater
Gs0150240	1	Engineered > WWTP > Wastewater
Gs0150241	1	Environmental > Terrestrial > Soil
Gs0150242	1	Environmental > Terrestrial > Soil > Grasslands
Gs0150243	1	Environmental > Aquatic > Marine > Intertidal zone > Mangrove swamp
Gs0150244	1	Environmental > Aquatic > Aquaculture
Gs0150245	1	Environmental > Aquatic > Marine > Hydrothermal vents > Sediment
Gs0150246	1	Environmental > Aquatic > Marine > Oceanic > Sediment
Gs0150247	1	Environmental > Terrestrial > Soil > Grasslands
Gs0150248	1	Environmental > Aquatic > Marine > Intertidal zone > Mangrove swamp
Gs0150249	1	Environmental > Aquatic > Marine > Hydrothermal vents
Gs0150250	1	Environmental > Aquatic > Freshwater > Reservoir
Gs0150251	1	Environmental > Aquatic > Freshwater > Reservoir
Gs0150252	1	Environmental > Terrestrial > Soil > Temperate forest > Bulk soil
Gs0150253	1	Host-associated > Mammals: Human > Digestive system > Large intestine > Fecal
Gs0150254	1	Host-associated > Mammals > Digestive system > Large intestine > Fecal
Gs0150256	2	Environmental > Aquatic > Freshwater > Lake|Host-associated > Plants > Phyllosphere > Surface
Gs0150257	1	Environmental > Aquatic > Freshwater > River
Gs0150258	1	Environmental > Terrestrial > Cave
Gs0150261	1	Host-associated > Fish > Digestive system > Intestine > Fecal
Gs0150262	1	Environmental > Terrestrial > Soil > Contaminated > Uranium contaminated
Gs0150263	1	Environmental > Aquatic > Marine > Intertidal zone > Mangrove swamp
Gs0150264	1	Environmental > Aquatic > Marine > Sediment
Gs0150265	1	Environmental > Terrestrial > Soil
Gs0150266	1	Host-associated > Mammals: Human > Digestive system > Large intestine > Fecal
Gs0150267	1	Engineered > Bioreactor > Anaerobic
Gs0150268	1	Environmental > Aquatic > Marine > Intertidal zone > Estuary
Gs0150269	1	Environmental > Terrestrial > Soil
Gs0150270	1	Engineered > Wastewater > Industrial wastewater
Gs0150271	1	Host-associated > Arthropoda: Insects > Digestive system > Gut
Gs0150272	3	Engineered > WWTP > Wastewater|Environmental > Aquatic > Freshwater > Lake|Environmental > Aquatic > Freshwater > River
Gs0150273	3	Environmental > Terrestrial > Soil|Host-associated > Plants > Roots > Endosphere|Host-associated > Plants > Roots > Rhizosphere
Gs0150274	1	Environmental > Air > Indoor Air
Gs0150275	16	Host-associated > Mammals: Human > Abdominal/Peritoneal cavity > Ascites > Malignant ascites|Host-associated > Mammals: Human > Circulatory system > Blood|Host-associated > Mammals: Human > Digestive system > Large intestine > Colon mucosa|Host-associated > Mammals: Human > Malignant tumor > Carcinoma > Basal cell carcinoma|Host-associated > Mammals: Human > Malignant tumor > Carcinoma > Breast cancer: Ductal|Host-associated > Mammals: Human > Malignant tumor > Carcinoma > Breast cancer: Lobular|Host-associated > Mammals: Human > Malignant tumor > Carcinoma > Colon cancer|Host-associated > Mammals: Human > Malignant tumor > Carcinoma > Oral cavity cancer|Host-associated > Mammals: Human > Malignant tumor > Carcinoma > Ovarian cancer|Host-associated > Mammals: Human > Malignant tumor > Germ cell tumor > Testicular non-seminoma|Host-associated > Mammals: Human > Malignant tumor > Germ cell tumor > Testicular seminoma|Host-associated > Mammals: Human > Malignant tumor > Lymphoma > Diffuse large B-cell lymphoma|Host-associated > Mammals: Human > Malignant tumor > Lymphoma > Lymphoblastic lymphoma|Host-associated > Mammals: Human > Malignant tumor > Lymphoma > Mycosis fungoides/Cutaneous T-cell lymphoma|Host-associated > Mammals: Human > Malignant tumor > Melanoma|Host-associated > Mammals: Human > Malignant tumor > Myeloma > Multiple myeloma
Gs0150276	1	Host-associated > Mammals: Human > Integumentary system > Skin > Cutaneous leishmaniasis
Gs0150277	1	Environmental > Aquatic > Non-marine Saline and Alkaline > Salt crystallizer ponds
Gs0150278	4	Engineered > Bioreactor > Anaerobic|Engineered > Solid waste > Animal waste > Manure|Engineered > Wastewater > Industrial wastewater|Host-associated > Mammals > Digestive system > Stomach > Rumen fluid
Gs0150279	1	Environmental > Aquatic > Non-marine Saline and Alkaline
Gs0150280	1	Host-associated > Arthropoda: Crustaceans > Whole body
Gs0150282	1	Environmental > Aquatic > Marine > Sediment
Gs0150283	1	Environmental > Aquatic > Marine > Hydrothermal vents
Gs0150284	1	Environmental > Aquatic > Marine
Gs0150285	1	Host-associated > Mammals > Digestive system > Large intestine > Cecum
Gs0150286	1	Host-associated > Microbial > Bacteria
Gs0150287	1	Environmental > Aquatic > Freshwater > River
Gs0150288	1	Host-associated > Mammals > Digestive system > Large intestine > Cecum
Gs0150289	1	Environmental > Terrestrial > Soil > Contaminated
Gs0150290	1	Environmental > Aquatic > Marine > Coastal > Sediment
Gs0150291	1	Environmental > Aquatic > Freshwater
Gs0150292	2	Environmental > Aquatic > Freshwater|Host-associated > Arthropoda: Insects > Larva
Gs0150293	1	Host-associated > Algae > Microalgae
Gs0150294	1	Engineered > Food production > Sourdough
Gs0150295	2	Environmental > Aquatic > Marine|Host-associated > Porifera > Sponge
Gs0150296	1	Engineered > WWTP > Wastewater
Gs0150297	1	Environmental > Aquatic > Marine > Gulf
Gs0150298	1	Host-associated > Plants > Roots > Rhizosphere
Gs0150299	1	Environmental > Terrestrial > Soil
Gs0150300	1	Engineered > Food production > Bread production
Gs0150301	1	Environmental > Terrestrial > Soil > Grasslands
Gs0150302	1	Host-associated > Plants > Roots > Rhizosphere > Soil
Gs0150303	2	Environmental > Air > Indoor Air|Environmental > Air > Outdoor Air
Gs0150304	2	Environmental > Aquatic > Freshwater > Pond|Environmental > Aquatic > Freshwater > Pond > Sediment
Gs0150305	1	Engineered > Wastewater > Sewage
Gs0150306	1	Engineered > Bioreactor > Anaerobic
Gs0150307	1	Environmental > Aquatic > Freshwater > Groundwater > Contaminated
Gs0150308	1	Host-associated > Plants > Roots > Rhizosphere > Soil
Gs0150309	1	Host-associated > Plants > Roots > Rhizosphere > Soil
Gs0150310	3	Environmental > Aquatic > Marine > Coastal|Environmental > Aquatic > Marine > Coastal > Sediment|Host-associated > Mollusca > Digestive system > Glands
Gs0150311	1	Environmental > Terrestrial > Soil
Gs0150312	1	Host-associated > Mammals: Human > Integumentary system > Skin > Skin surface
Gs0150313	1	Environmental > Aquatic > Freshwater > Drinking water > Delivery networks
Gs0150314	1	Environmental > Terrestrial > Soil
Gs0150315	1	Environmental > Terrestrial > Soil > Soil crust
Gs0150316	1	Host-associated > Mammals > Digestive system > Large intestine > Fecal
Gs0150317	1	Environmental > Aquatic > Marine > Oceanic
Gs0150318	1	Environmental > Aquatic > Freshwater > Lake > Sediment
Gs0150320	1	Environmental > Aquatic > Marine > Harbor
Gs0150321	1	Engineered > Bioreactor > Anaerobic
Gs0150322	1	Host-associated > Porifera > Sponge
Gs0150323	1	Environmental > Terrestrial > Soil > Agricultural land
Gs0150324	1	Host-associated > Arthropoda: Insects > Digestive system > Gut
Gs0150325	1	Environmental > Aquatic > Marine
Gs0150326	1	Host-associated > Arthropoda: Crustaceans > Digestive system > Gut
Gs0150327	1	Engineered > WWTP > Wastewater
Gs0150328	1	Environmental > Aquatic > Marine > Pelagic zone
Gs0150329	1	Environmental > Aquatic > Freshwater > Lake > Sediment
Gs0150330	1	Host-associated > Arthropoda: Insects > Digestive system > Gut
Gs0150331	1	Engineered > Bioreactor > Anaerobic > Digestate
Gs0150332	1	Environmental > Terrestrial > Soil
Gs0150333	1	Host-associated > Mammals: Human > Urinary system > Urine
Gs0150334	1	Environmental > Aquatic > Marine
Gs0150335	5	Host-associated > Mammals: Human > Cell Line > CaSki|Host-associated > Mammals: Human > Malignant tumor > Carcinoma > Actinic keratosis|Host-associated > Mammals: Human > Malignant tumor > Carcinoma > Bowens disease/Squamous cell carcinoma in situ|Host-associated > Mammals: Human > Malignant tumor > Carcinoma > Keratoacanthoma|Host-associated > Mammals: Human > Malignant tumor > Carcinoma > Squamous cell carcinoma
Gs0150336	1	Host-associated > Porifera > Sponge
Gs0150337	1	Engineered > Bioreactor > Anaerobic
Gs0150338	1	Environmental > Aquatic > Thermal springs
Gs0150339	1	Environmental > Aquatic > Freshwater > Drinking water
Gs0150340	1	Environmental > Terrestrial > Soil > Soil crust
Gs0150341	1	Engineered > WWTP > Wastewater
Gs0150342	1	Environmental > Terrestrial > Soil > Paddy field/soil
Gs0150343	1	Environmental > Aquatic > Freshwater
Gs0150344	1	Environmental > Terrestrial > Soil
Gs0150345	4	Environmental > Terrestrial > Rock-dwelling (endoliths)|Environmental > Terrestrial > Soil|Environmental > Terrestrial > Soil > Grasslands|Environmental > Terrestrial > Soil > Meadow
Gs0150346	1	Host-associated > Microbial > Bacteria
Gs0150347	2	Environmental > Terrestrial > Plant litter|Host-associated > Arthropoda: Insects > Larva
Gs0150349	1	Host-associated > Porifera > Sponge
Gs0150350	1	Environmental > Aquatic > Marine > Intertidal zone > Estuary
Gs0150351	1	Environmental > Terrestrial > Soil
Gs0150352	1	Environmental > Terrestrial > Soil
Gs0150353	1	Engineered > Food production > Meat products
Gs0150354	1	Host-associated > Mammals: Human > Reproductive system > Vagina
Gs0150355	2	Environmental > Air > Indoor Air|Environmental > Air > Outdoor Air
Gs0150356	2	Environmental > Aquatic > Freshwater|Host-associated > Mammals: Human > Nervous system > Subarachnoid space > Cerebrospinal fluid
Gs0150357	1	Engineered > Food production > Dairy products
Gs0150358	1	Host-associated > Plants > Roots > Rhizosphere > Soil
Gs0150359	1	Engineered > Food production > Dairy products
Gs0150360	1	Engineered > WWTP > Wastewater
Gs0150361	1	Engineered > WWTP > Wastewater
Gs0150362	1	Host-associated > Mammals > Digestive system
Gs0150363	1	Engineered > Wastewater > Industrial wastewater
Gs0150364	1	Host-associated > Mammals: Human > Digestive system > Large intestine > Fecal
Gs0150365	1	Environmental > Terrestrial > Soil > Desert
Gs0150366	1	Engineered > Wastewater > Sewage
Gs0150367	1	Environmental > Terrestrial > Rock-dwelling (endoliths)
Gs0150368	1	Environmental > Terrestrial > Soil
Gs0150369	1	Environmental > Terrestrial > Soil > Grasslands
Gs0150370	1	Host-associated > Plants > Phyllosphere
Gs0150371	1	Environmental > Terrestrial > Soil > Sand > Desert
Gs0150372	2	Environmental > Terrestrial > Soil|Host-associated > Plants > Roots > Rhizosphere > Soil
Gs0150373	1	Environmental > Terrestrial > Soil > Desert
Gs0150374	1	Environmental > Aquatic > Freshwater > Ice > Glacier
Gs0150375	1	Host-associated > Algae > Green algae
Gs0150376	2	Environmental > Aquatic > Freshwater > River|Environmental > Aquatic > Freshwater > River > Sediment
Gs0150377	1	Environmental > Aquatic > Marine > Hydrothermal vents > Sediment
Gs0150378	1	Environmental > Terrestrial > Soil
Gs0150379	3	Host-associated > Mammals > Digestive system|Host-associated > Mammals > Digestive system > Large intestine > Fecal|Host-associated > Mammals > Digestive system > Oral cavity > Saliva
Gs0150380	1	Host-associated > Mammals: Human > Digestive system > Large intestine > Fecal
Gs0150381	1	Engineered > Food production > Fermented vegetables
Gs0150382	2	Host-associated > Mammals > Digestive system > Large intestine > Cecum|Host-associated > Mammals > Digestive system > Large intestine > Fecal
Gs0150383	1	Environmental > Aquatic > Freshwater > River
Gs0150384	1	Environmental > Aquatic > Freshwater > Drinking water
Gs0150385	1	Engineered > Wastewater > Sewage
Gs0150386	2	Host-associated > Plants > Rhizome > Bulb|Host-associated > Plants > Rhizome > Stem tuber
Gs0150387	1	Host-associated > Fish > Visual system > Eye
Gs0150388	1	Host-associated > Plants > Roots > Rhizosphere > Soil
Gs0150389	2	Host-associated > Arthropoda: Crustaceans > Integumentary system > Cuticle > Setae|Host-associated > Arthropoda: Crustaceans > Respiratory system > Gill/Bronchial chamber > Gills
Gs0150390	1	Environmental > Terrestrial > Soil > Grasslands
Gs0150391	1	Engineered > Wastewater > Sewage
Gs0150392	1	Engineered > Food production > Fermented beverages
Gs0150393	1	Environmental > Terrestrial > Rock-dwelling (endoliths)
Gs0150394	2	Environmental > Terrestrial > Soil > Agricultural land > Bulk soil|Host-associated > Plants > Roots > Rhizosphere > Soil
Gs0150395	1	Host-associated > Mammals: Human > Digestive system > Large intestine > Fecal
Gs0150396	1	Environmental > Terrestrial > Soil > Grasslands
Gs0150397	1	Environmental > Aquatic > Freshwater > Lake > Sediment
Gs0150398	1	Engineered > Wastewater > Sewage
Gs0150399	2	Environmental > Aquatic > Marine > Oceanic|Environmental > Aquatic > Marine > Oceanic > Sediment
Gs0150400	1	Engineered > Food production > Fermented vegetables
Gs0150401	1	Environmental > Terrestrial > Soil
Gs0150402	1	Engineered > Bioreactor > Anaerobic
Gs0150403	1	Environmental > Terrestrial > Soil > Mangrove soil
Gs0150404	1	Host-associated > Arthropoda: Insects > Digestive system > Gut
Gs0150405	1	Environmental > Terrestrial > Soil > Paddy field/soil
Gs0150406	1	Environmental > Terrestrial > Cave
Gs0150407	1	Environmental > Terrestrial > Soil
Gs0150408	1	Environmental > Aquatic > Marine > Intertidal zone > Mangrove swamp
Gs0150410	1	Environmental > Aquatic > Marine > Pelagic zone
Gs0150411	2	Environmental > Aquatic > Marine|Host-associated > Invertebrates > Cnidaria > Coral
Gs0150412	1	Environmental > Terrestrial > Soil > Paddy field/soil
Gs0150413	2	Environmental > Terrestrial > Soil|Host-associated > Mammals > Digestive system > Large intestine > Fecal
Gs0150414	1	Engineered > Wastewater > Activated Sludge
Gs0150415	1	Environmental > Terrestrial > Rock-dwelling (endoliths)
Gs0150416	1	Environmental > Aquatic > Marine > Hydrothermal vents > Diffuse flow
Gs0150417	3	Host-associated > Arthropoda: Insects > Digestive system > Gut|Host-associated > Arthropoda: Insects > Larva > Gut|Host-associated > Arthropoda: Insects > Prepupa > Gut
Gs0150418	1	Engineered > Wastewater > Activated Sludge
Gs0150419	1	Environmental > Terrestrial > Soil
Gs0150420	1	Environmental > Aquatic > Marine > Coastal
Gs0150421	2	Engineered > WWTP > Wastewater|Host-associated > Plants > Roots > Rhizosphere
Gs0150422	1	Host-associated > Mammals: Human > Digestive system > Large intestine > Fecal
Gs0150423	1	Host-associated > Plants > Roots > Rhizosphere > Soil
Gs0150424	3	Environmental > Aquatic > Freshwater > Lake|Environmental > Aquatic > Freshwater > Reservoir|Environmental > Aquatic > Freshwater > River
Gs0150425	1	Host-associated > Arthropoda: Insects > Digestive system > Gut
Gs0150426	1	Host-associated > Plants > Roots
Gs0150427	1	Engineered > Food production > Fermented beverages
Gs0150428	1	Engineered > Wastewater > Activated Sludge
Gs0150430	1	Environmental > Aquatic > Freshwater > Lake
Gs0150431	1	Engineered > Wastewater > Sewage
Gs0150432	1	Engineered > Wastewater > Industrial wastewater
Gs0150433	5	Environmental > Terrestrial > Soil > Boreal forest/Taiga > Bulk soil|Environmental > Terrestrial > Soil > Grasslands|Environmental > Terrestrial > Soil > Temperate forest > Bulk soil|Environmental > Terrestrial > Soil > Tropical forest > Bulk soil|Environmental > Terrestrial > Soil > Tundra
Gs0150434	2	Environmental > Aquatic > Freshwater > Creek|Environmental > Aquatic > Freshwater > River
Gs0150435	4	Host-associated > Arthropoda: Chelicerates > Whole body|Host-associated > Arthropoda: Crustaceans > Whole body|Host-associated > Arthropoda: Insects > Whole body|Host-associated > Arthropoda: Myriapoda > Whole body
Gs0150436	1	Environmental > Aquatic > Freshwater > Lake
Gs0150437	1	Host-associated > Birds > Digestive system > Large intestine > Ceca
Gs0150438	1	Engineered > Food production > Fermented beverages
Gs0150439	1	Environmental > Aquatic > Freshwater > River
Gs0150441	1	Engineered > Bioreactor > Aerobic
Gs0150442	1	Environmental > Terrestrial > Soil > Biocrust
Gs0150443	1	Environmental > Aquatic > Freshwater > Lake
Gs0150444	1	Environmental > Terrestrial > Soil
Gs0150445	1	Environmental > Aquatic > Marine > Hydrothermal vents
Gs0150446	1	Environmental > Aquatic > Freshwater > Groundwater > Contaminated
Gs0150447	1	Environmental > Terrestrial > Soil > Temperate forest > Bulk soil
Gs0150448	1	Environmental > Aquatic > Freshwater > Drinking water
Gs0150449	1	Environmental > Aquatic > Freshwater > Drinking water
Gs0150450	1	Environmental > Air > Indoor Air
Gs0150451	1	Environmental > Aquatic > Marine > Coastal
Gs0150452	1	Host-associated > Plants > Roots > Rhizosphere
Gs0150453	1	Environmental > Terrestrial > Soil
Gs0150454	4	Environmental > Terrestrial > Soil > Agricultural land > Bulk soil|Host-associated > Plants > Phyllosphere > Phylloplane/Leaf|Host-associated > Plants > Roots|Host-associated > Plants > Roots > Rhizosphere
Gs0150456	1	Engineered > Bioreactor > Anaerobic
Gs0150457	1	Engineered > Bioreactor > Anaerobic
Gs0150458	1	Environmental > Aquatic > Freshwater > Groundwater
Gs0150459	3	Engineered > Solid waste > Composting|Host-associated > Arthropoda: Insects > Whole body|Host-associated > Fungi > Mycelium
Gs0150460	2	Environmental > Aquatic > Marine|Environmental > Aquatic > Marine > Sediment
Gs0150461	1	Environmental > Aquatic > Freshwater > Lake > Sediment
Gs0150462	1	Engineered > Wastewater > Activated Sludge
Gs0150463	1	Host-associated > Mammals: Human > Multisystem conditions > Diabetic foot ulcer (DFU) > Lesion site
Gs0150464	2	Engineered > Industrial production > Biochar|Environmental > Terrestrial > Soil
Gs0150465	1	Host-associated > Mammals: Human > Respiratory system > Trachea > Mucus
Gs0150466	1	Environmental > Aquatic > Freshwater > River > Sediment
Gs0150467	2	Environmental > Aquatic > Marine > Harbor|Host-associated > Algae > Green algae
Gs0150468	2	Engineered > Modeled > Simulated communities (microbial mixture)|Environmental > Aquatic > Marine > Intertidal zone > Salt marsh
Gs0150469	2	Environmental > Terrestrial > Soil|Environmental > Terrestrial > Soil > Biocrust
Gs0150470	1	Host-associated > Porifera > Sponge
Gs0150471	1	Environmental > Terrestrial > Soil > Temperate forest > Bulk soil
Gs0150472	1	Environmental > Aquatic > Marine > Sediment
Gs0150473	1	Environmental > Aquatic > Freshwater > Lake
Gs0150474	1	Environmental > Terrestrial > Soil
Gs0150475	2	Engineered > Lab enrichment > Defined media|Environmental > Terrestrial > Soil > Oil-contaminated
Gs0150476	1	Environmental > Aquatic > Freshwater > River > Sediment
Gs0150477	1	Environmental > Terrestrial > Soil
Gs0150478	1	Engineered > Bioreactor > Anaerobic
Gs0150479	1	Host-associated > Arthropoda: Insects > Digestive system > Gut
Gs0150480	1	Environmental > Aquatic > Freshwater > River
Gs0150481	1	Environmental > Aquatic > Marine > Coastal > Sediment
Gs0150482	1	Environmental > Terrestrial > Soil > Soil crust
Gs0150483	2	Engineered > Industrial production > Chemical products > Reagent blank|Environmental > Terrestrial > Soil
Gs0150484	2	Environmental > Terrestrial > Soil|Host-associated > Invertebrates > Nematoda
Gs0150485	1	Environmental > Terrestrial > Soil > Paddy field/soil
Gs0150486	1	Host-associated > Arthropoda: Insects > Digestive system > Gut
Gs0150487	1	Environmental > Terrestrial > Soil
Gs0150488	3	Engineered > Industrial production > Engineered product|Engineered > Lab enrichment > Defined media|Environmental > Aquatic > Freshwater > Ice > Glacier
Gs0150489	1	Environmental > Aquatic > Marine > Coastal
Gs0150490	1	Host-associated > Mammals: Human > Integumentary system > Skin > Skin surface
Gs0150491	1	Environmental > Aquatic > Non-marine Saline and Alkaline > Alkaline
Gs0150492	1	Host-associated > Mammals: Human > Reproductive system > Vagina
Gs0150493	1	Host-associated > Mammals: Human > Reproductive system > Uterus > Cervix
Gs0150494	1	Environmental > Terrestrial > Soil
Gs0150495	1	Environmental > Aquatic > Marine > Coastal
Gs0150496	1	Environmental > Terrestrial > Soil > Contaminated
Gs0150497	1	Engineered > Food production > Fermented vegetables
Gs0150498	1	Environmental > Aquatic > Freshwater > River > Sediment
Gs0150499	1	Environmental > Aquatic > Marine > Hydrothermal vents
Gs0150500	1	Host-associated > Mammals: Human > Digestive system > Oral cavity > Saliva
Gs0150501	1	Engineered > Wastewater > Industrial wastewater
Gs0150502	1	Environmental > Aquatic > Freshwater > Reservoir
Gs0150503	1	Environmental > Aquatic > Marine > Coastal
Gs0150504	3	Engineered > Industrial production > Chemical products > Lab-grade water|Environmental > Terrestrial > Soil|Host-associated > Mammals: Human > Digestive system > Large intestine > Fecal
Gs0150505	2	Engineered > Wastewater > Industrial wastewater|Engineered > Wastewater > Industrial wastewater > Hospital wastewater
Gs0150506	1	Environmental > Aquatic > Non-marine Saline and Alkaline > Saline > Sediment
Gs0150507	1	Host-associated > Plants > Seeds
Gs0150508	1	Environmental > Aquatic > Marine > Fjord
Gs0150509	1	Environmental > Aquatic > Freshwater
Gs0150510	2	Environmental > Aquatic > Freshwater > Wetlands|Environmental > Terrestrial > Soil
Gs0150511	3	Environmental > Terrestrial > Soil|Environmental > Terrestrial > Soil > Agricultural land > Bulk soil|Host-associated > Plants > Roots > Rhizosphere > Soil
Gs0150512	1	Environmental > Aquatic > Marine > Harbor
Gs0150513	1	Host-associated > Plants > Roots
Gs0150514	2	Environmental > Terrestrial > Soil > Loam > Agricultural land|Host-associated > Plants > Roots > Rhizosphere
Gs0150515	2	Environmental > Aquatic > Marine > Coastal|Environmental > Aquatic > Marine > Coastal > Sediment
Gs0150516	1	Environmental > Aquatic > Marine
Gs0150517	1	Environmental > Terrestrial > Soil > Agricultural land > Bulk soil
Gs0150518	1	Environmental > Terrestrial > Soil > Wetlands
Gs0150519	1	Environmental > Terrestrial > Soil > Soil crust
Gs0150520	1	Environmental > Aquatic > Freshwater > Lake
Gs0150521	1	Environmental > Aquatic > Freshwater > Lake
Gs0150522	3	Engineered > Food production > Meat products|Engineered > Plant products > Food production|Engineered > Spices > Food production
Gs0150523	1	Engineered > WWTP > Wastewater
Gs0150524	1	Environmental > Terrestrial > Soil
Gs0150525	1	Environmental > Air > Indoor Air
Gs0150526	1	Environmental > Aquatic > Freshwater > River > Sediment
Gs0150527	1	Environmental > Terrestrial > Soil > Agricultural land
Gs0150528	1	Environmental > Terrestrial > Soil > Agricultural land
Gs0150529	1	Environmental > Terrestrial > Soil > Agricultural land
Gs0150530	1	Environmental > Terrestrial > Soil > Agricultural land
Gs0150531	1	Environmental > Terrestrial > Soil > Agricultural land
Gs0150532	1	Environmental > Aquatic > Freshwater > Drinking water
Gs0150533	1	Host-associated > Arthropoda: Insects > Whole body
Gs0150534	1	Environmental > Aquatic > Marine > Coastal
Gs0150535	1	Host-associated > Porifera > Sponge
Gs0150536	1	Host-associated > Porifera > Sponge
Gs0150537	1	Host-associated > Plants > Roots > Rhizosphere > Soil
Gs0150538	1	Environmental > Aquatic > Freshwater > Groundwater
Gs0150539	1	Environmental > Terrestrial > Deep subsurface > Aquifer
Gs0150540	2	Environmental > Aquatic > Freshwater > Lake|Environmental > Aquatic > Freshwater > River
Gs0150541	1	Environmental > Terrestrial > Soil > Paddy field/soil
Gs0150542	1	Host-associated > Mammals: Human > Digestive system > Large intestine > Fecal
Gs0150544	1	Host-associated > Mammals: Human > Digestive system > Large intestine > Fecal
Gs0150545	1	Engineered > Food production > Silage fermentation
Gs0150546	1	Environmental > Terrestrial > Soil
Gs0150547	2	Engineered > WWTP > Wastewater|Environmental > Aquatic > Freshwater > Wetlands > Swamp
Gs0150548	1	Host-associated > Arthropoda: Insects > Digestive system > Gut
Gs0150549	1	Environmental > Aquatic > Marine > Harbor
Gs0150550	1	Environmental > Aquatic > Marine > Sediment
Gs0150551	1	Environmental > Aquatic > Freshwater > River > Sediment
Gs0150552	1	Environmental > Aquatic > Freshwater > River > Sediment
Gs0150553	1	Environmental > Terrestrial > Soil > Agricultural land
Gs0150554	1	Environmental > Terrestrial > Soil > Agricultural land
Gs0150555	1	Environmental > Terrestrial > Soil > Agricultural land
Gs0150556	1	Environmental > Terrestrial > Soil > Agricultural land
Gs0150557	1	Environmental > Terrestrial > Soil > Agricultural land
Gs0150558	1	Environmental > Terrestrial > Soil > Agricultural land
Gs0150559	1	Environmental > Terrestrial > Soil
Gs0150560	1	Environmental > Terrestrial > Soil > Agricultural land
Gs0150561	1	Engineered > Wastewater > Activated Sludge
Gs0150562	1	Environmental > Aquatic > Freshwater > Lake
Gs0150563	1	Environmental > Terrestrial > Soil
Gs0150564	1	Engineered > Wastewater > Industrial wastewater
Gs0150565	1	Environmental > Terrestrial > Soil
Gs0150566	2	Host-associated > Plants > Phyllosphere|Host-associated > Plants > Phyllosphere > Phylloplane/Leaf
Gs0150567	1	Host-associated > Porifera > Sponge
Gs0150568	1	Environmental > Aquatic > Freshwater > River
Gs0150569	1	Host-associated > Arthropoda: Chelicerates > Whole body
Gs0150571	1	Engineered > WWTP > Wastewater
Gs0150572	1	Environmental > Aquatic > Marine > Hydrothermal vents
Gs0150573	2	Host-associated > Birds > Circulatory system > Blood > Serum|Host-associated > Birds > Digestive system > Large intestine > Cloaca
Gs0150574	1	Environmental > Terrestrial > Soil
Gs0150575	1	Environmental > Aquatic > Freshwater > Lake
Gs0150576	1	Environmental > Terrestrial > Soil > Soil crust
Gs0150577	1	Environmental > Aquatic > Freshwater > Lake > Sediment
Gs0150578	1	Host-associated > Mammals: Human > Circulatory system > Blood > Whole blood
Gs0150579	1	Host-associated > Mammals > Digestive system > Stomach > Rumen
Gs0150580	1	Environmental > Aquatic > Freshwater > Lake
Gs0150581	1	Environmental > Terrestrial > Soil > Biocrust
Gs0150582	1	Environmental > Aquatic > Freshwater > River
Gs0150583	1	Environmental > Terrestrial > Soil > Agricultural land
Gs0150584	1	Environmental > Terrestrial > Soil > Agricultural land
Gs0150585	1	Engineered > Industrial production > Engineered product > Bioanode
Gs0150586	1	Host-associated > Arthropoda: Insects > Digestive system > Gut
Gs0150587	1	Engineered > Solid waste > Landfill
Gs0150588	1	Host-associated > Plants > Rhizome > Stem tuber > Soil
Gs0150589	1	Host-associated > Arthropoda: Insects > Digestive system > Midgut
Gs0150590	1	Environmental > Terrestrial > Soil
Gs0150591	1	Environmental > Aquatic > Marine > Intertidal zone > Salt marsh
Gs0150592	1	Environmental > Terrestrial > Soil
Gs0150593	1	Environmental > Aquatic > Marine > Hydrothermal vents
Gs0150594	5	Host-associated > Arthropoda: Insects > Abdomen|Host-associated > Arthropoda: Insects > Head|Host-associated > Arthropoda: Insects > Legs and wings|Host-associated > Arthropoda: Insects > Thorax|Host-associated > Arthropoda: Insects > Whole body
Gs0150595	2	Environmental > Terrestrial > Soil > Bulk soil|Host-associated > Plants > Roots > Rhizosphere
Gs0150596	1	Environmental > Aquatic > Freshwater > Groundwater
Gs0150597	1	Engineered > Modeled > Simulated communities (DNA mixture)
Gs0150599	1	Engineered > Bioreactor > Anaerobic
Gs0150600	1	Host-associated > Mammals: Human > Digestive system > Large intestine > Rectum
Gs0150601	1	Environmental > Terrestrial > Soil
Gs0150602	1	Host-associated > Mammals > Digestive system > Large intestine > Fecal
Gs0150603	1	Environmental > Aquatic > Freshwater
Gs0150604	1	Engineered > Wastewater > Sewage
Gs0150605	1	Engineered > Wastewater > Industrial wastewater > Hospital wastewater
Gs0150606	1	Environmental > Terrestrial > Soil > Grasslands
Gs0150607	1	Host-associated > Mammals > Nervous system > Brain
Gs0150608	2	Environmental > Aquatic > Marine|Environmental > Aquatic > Marine > Coastal
Gs0150609	1	Engineered > Wastewater > Sewage
Gs0150610	1	Environmental > Terrestrial > Soil > Agricultural land
Gs0150611	1	Host-associated > Porifera > Sponge
Gs0150612	1	Environmental > Terrestrial > Soil > Agricultural land
Gs0150613	1	Engineered > Food production > Dairy products
Gs0150614	1	Host-associated > Microbial > Bacteria
Gs0150615	1	Engineered > Food production > Dairy products
Gs0150616	1	Host-associated > Microbial > Bacteria
Gs0150617	1	Environmental > Aquatic > Freshwater > Lake
Gs0150618	1	Host-associated > Mammals: Human > Integumentary system > Skin > Scalp
Gs0150619	1	Host-associated > Mammals > Integumentary system > Mammary gland > Milk
Gs0150620	1	Host-associated > Invertebrates > Tissue
Gs0150621	1	Host-associated > Algae > Red algae > Ectosymbionts
Gs0150622	3	Environmental > Terrestrial > Soil|Environmental > Terrestrial > Soil > Meadow|Environmental > Terrestrial > Soil > Temperate forest > Bulk soil
Gs0150623	1	Environmental > Aquatic > Freshwater > Lake > Sediment
Gs0150625	1	Host-associated > Plants > Roots > Rhizosphere > Soil
Gs0150626	1	Environmental > Aquatic > Marine > Coastal
Gs0150627	1	Environmental > Terrestrial > Soil > Contaminated
Gs0150628	2	Environmental > Aquatic > Marine > Oceanic > Sediment|Environmental > Aquatic > Marine > Sediment
Gs0150629	1	Environmental > Aquatic > Marine > Coastal
Gs0150630	5	Environmental > Aquatic > Freshwater|Host-associated > Mammals: Human > Cell Line > HeLa|Host-associated > Mammals: Human > Circulatory system > Blood > Serum|Host-associated > Mammals: Human > Digestive system > Large intestine > Fecal|Host-associated > Mammals: Human > Respiratory system > Pharynx/Throat > Nasopharynx
Gs0150631	3	Engineered > Solid waste > Animal waste > Manure|Environmental > Aquatic > Freshwater > Groundwater|Environmental > Terrestrial > Soil > Loam > Agricultural soil
Gs0150632	1	Host-associated > Arthropoda: Insects > Whole body
Gs0150633	1	Environmental > Terrestrial > Soil
Gs0150634	1	Environmental > Terrestrial > Soil > Grasslands
Gs0150635	1	Environmental > Terrestrial > Soil
Gs0150636	1	Environmental > Terrestrial > Soil > Permafrost
Gs0150637	1	Engineered > WWTP > Wastewater
Gs0150638	1	Environmental > Aquatic > Marine > Sediment
Gs0150639	1	Engineered > Wastewater > Industrial wastewater
Gs0150640	1	Engineered > Wastewater > Activated Sludge
Gs0150641	1	Environmental > Aquatic > Marine > Wetlands > Sediment
Gs0150642	1	Host-associated > Fish > Digestive system > Pharynx
Gs0150643	1	Engineered > WWTP > Wastewater
Gs0150644	1	Environmental > Aquatic > Marine > Intertidal zone > Estuary
Gs0150645	2	Host-associated > Plants > Roots|Host-associated > Plants > Roots > Rhizosphere
Gs0150646	1	Engineered > Wastewater > Industrial wastewater
Gs0150647	1	Environmental > Terrestrial > Soil
Gs0150648	2	Environmental > Aquatic > Marine > Coastal|Host-associated > Porifera > Sponge
Gs0150649	1	Engineered > Bioreactor > Anaerobic
Gs0150650	1	Environmental > Terrestrial > Soil > Paddy field/soil
Gs0150651	1	Environmental > Aquatic > Marine > Wetlands > Sediment
Gs0150652	1	Host-associated > Arthropoda: Insects > Digestive system > Gut > Lower digestive tract
Gs0150653	1	Environmental > Aquatic > Freshwater > Lake
Gs0150654	1	Engineered > WWTP > Wastewater
Gs0150655	5	Environmental > Aquatic > Freshwater|Host-associated > Mammals: Human > Circulatory system > Blood > Plasma|Host-associated > Mammals: Human > Digestive system > Large intestine > Fecal|Host-associated > Mammals: Human > Nervous system > Subarachnoid space > Cerebrospinal fluid|Host-associated > Mammals: Human > Respiratory system > Pharynx/Throat > Nasopharynx
Gs0150657	1	Environmental > Aquatic > Marine > Oceanic > Sediment
Gs0150658	4	Host-associated > Arthropoda: Insects > Digestive system > Foregut|Host-associated > Arthropoda: Insects > Digestive system > Hindgut > Anterior|Host-associated > Arthropoda: Insects > Digestive system > Hindgut > Rectum|Host-associated > Arthropoda: Insects > Digestive system > Midgut
Gs0150659	1	Environmental > Aquatic > Marine > Oceanic
Gs0150660	1	Engineered > Food production > Bread production
Gs0150661	1	Host-associated > Mammals: Human > Digestive system > Large intestine > Fecal
Gs0150662	1	Host-associated > Plants > Roots > Rhizosphere > Soil
Gs0150663	1	Environmental > Aquatic > Marine > Coastal > Sediment
Gs0150664	1	Environmental > Aquatic > Marine
Gs0150665	1	Host-associated > Mammals > Digestive system > Large intestine > Cecum
Gs0150666	1	Environmental > Terrestrial > Soil > Agricultural land
Gs0150667	1	Environmental > Aquatic > Freshwater > River > Sediment
Gs0150668	1	Environmental > Terrestrial > Soil
Gs0150669	1	Environmental > Terrestrial > Soil > Grasslands
Gs0150670	1	Environmental > Terrestrial > Soil > Grasslands
Gs0150671	1	Environmental > Aquatic > Marine > Gulf
Gs0150672	1	Engineered > Wastewater > Industrial wastewater > Hospital wastewater
Gs0150673	1	Engineered > Wastewater > Industrial wastewater > Hospital wastewater
Gs0150674	2	Engineered > WWTP > Wastewater|Environmental > Aquatic > Freshwater > Lake > Sediment
Gs0150675	1	Environmental > Aquatic > Marine > Oceanic
Gs0150676	1	Engineered > Wastewater > Sewage
Gs0150677	1	Host-associated > Algae > Diatoms
Gs0150678	1	Environmental > Aquatic > Marine
Gs0150679	1	Engineered > Bioreactor > Anaerobic
Gs0150680	1	Host-associated > Mammals: Human > Digestive system > Large intestine > Fecal
Gs0150681	1	Environmental > Aquatic > Marine > Coastal
Gs0150682	1	Environmental > Terrestrial > Soil > Agricultural land
Gs0150683	1	Environmental > Aquatic > Marine > Wetlands > Sediment
Gs0150684	2	Environmental > Aquatic > Freshwater > River|Environmental > Aquatic > Marine > Intertidal zone > Estuary
Gs0150685	1	Host-associated > Mammals > Digestive system > Large intestine > Fecal
Gs0150686	3	Environmental > Aquatic > Freshwater > Groundwater|Environmental > Aquatic > Non-marine Saline and Alkaline > Saline|Environmental > Aquatic > Non-marine Saline and Alkaline > Saline > Sediment
Gs0150687	3	Environmental > Terrestrial > Plant litter|Environmental > Terrestrial > Soil > Agricultural land|Host-associated > Plants > Roots > Rhizosphere > Soil
Gs0150688	1	Environmental > Terrestrial > Soil > Temperate forest > Bulk soil
Gs0150689	1	Environmental > Terrestrial > Soil > Desert
Gs0150690	3	Host-associated > Arthropoda: Insects > Digestive system > Hindgut > P1 segment|Host-associated > Arthropoda: Insects > Digestive system > Hindgut > P4 segment|Host-associated > Arthropoda: Insects > Digestive system > Hindgut > Paunch/P3 segment
Gs0150691	1	Environmental > Aquatic > Freshwater > Lake
Gs0150692	1	Environmental > Terrestrial > Soil > Wetlands
Gs0150693	1	Environmental > Aquatic > Freshwater > Lake
Gs0150694	1	Environmental > Aquatic > Freshwater > River
Gs0150695	1	Engineered > Food production > Fermented beverages
Gs0150696	1	Host-associated > Mammals > Digestive system > Large intestine > Fecal
Gs0150697	1	Environmental > Aquatic > Freshwater > Reservoir
Gs0150698	1	Environmental > Air > Outdoor Air
Gs0150699	1	Environmental > Terrestrial > Soil
Gs0150700	1	Environmental > Aquatic > Freshwater > Lake
Gs0150701	1	Environmental > Aquatic > Non-marine Saline and Alkaline > Alkaline
Gs0150702	1	Environmental > Aquatic > Freshwater > Sediment
Gs0150703	1	Engineered > WWTP > Wastewater
Gs0150704	1	Environmental > Terrestrial > Soil > Contaminated
Gs0150705	1	Host-associated > Mammals: Human > Respiratory system > Lung > Alveoli
Gs0150706	1	Engineered > Modeled > Simulated communities (microbial mixture)
Gs0150707	1	Environmental > Aquatic > Freshwater > Lake
Gs0150708	1	Environmental > Aquatic > Freshwater > River
Gs0150709	1	Engineered > Food production > Fermented vegetables
Gs0150710	1	Engineered > Food production > Meat products
Gs0150711	1	Environmental > Aquatic > Freshwater > River
Gs0150712	1	Environmental > Aquatic > Freshwater > River
Gs0150713	1	Environmental > Aquatic > Non-marine Saline and Alkaline > Salt crystallizer ponds
Gs0150714	1	Environmental > Terrestrial > Soil > Agricultural land
Gs0150715	1	Environmental > Terrestrial > Soil
Gs0150716	1	Environmental > Terrestrial > Soil > Agricultural land
Gs0150717	1	Engineered > Wastewater > Industrial wastewater
Gs0150718	1	Host-associated > Arthropoda: Insects > Whole body
Gs0150719	1	Environmental > Aquatic > Freshwater > Groundwater
Gs0150720	1	Engineered > Food production > Fermented beverages
Gs0150721	1	Engineered > Wastewater > Sewage
Gs0150722	1	Host-associated > Reptilia > Digestive system > Large intestine > Fecal
Gs0150723	3	Environmental > Aquatic > Marine > Bathypelagic|Environmental > Aquatic > Marine > Epipelagic|Environmental > Aquatic > Marine > Mesopelagic
Gs0150724	1	Engineered > Wastewater > Industrial wastewater
Gs0150725	1	Host-associated > Plants > Phyllosphere > Anthosphere
Gs0150726	1	Host-associated > Plants > Phyllosphere > Anthosphere
Gs0150727	4	Host-associated > Arthropoda: Insects > Digestive system > Foregut > Crop|Host-associated > Arthropoda: Insects > Digestive system > Hindgut > Ileum|Host-associated > Arthropoda: Insects > Digestive system > Hindgut > Rectum|Host-associated > Arthropoda: Insects > Digestive system > Midgut
Gs0150728	4	Host-associated > Arthropoda: Insects > Digestive system > Foregut > Crop|Host-associated > Arthropoda: Insects > Digestive system > Hindgut > Ileum|Host-associated > Arthropoda: Insects > Digestive system > Hindgut > Rectum|Host-associated > Arthropoda: Insects > Digestive system > Midgut
Gs0150729	1	Environmental > Aquatic > Marine > Oceanic
Gs0150730	1	Engineered > Food production > Fermented vegetables
Gs0150731	2	Environmental > Terrestrial > Soil > Clay > Agricultural land|Host-associated > Plants > Roots > Rhizosphere > Soil
Gs0150732	1	Environmental > Aquatic > Marine > Hydrothermal vents
Gs0150733	1	Host-associated > Mammals: Human > Digestive system > Large intestine > Fecal
Gs0150734	1	Environmental > Terrestrial > Soil > Biocrust
Gs0150735	1	Engineered > Wastewater > Industrial wastewater > Hospital wastewater
Gs0150736	1	Environmental > Aquatic > Marine > Intertidal zone > Estuary
Gs0150737	2	Engineered > Sewage treatment plant > Wastewater > Activated sludge|Engineered > WWTP > Wastewater
Gs0150738	1	Host-associated > Fish > Nervous system > Cerebrospinal fluid
Gs0150739	1	Host-associated > Porifera > Sponge
Gs0150741	1	Engineered > Food production > Fermented vegetables
Gs0150742	1	Host-associated > Fish > Digestive system > Intestine
Gs0150749	3	Environmental > Terrestrial > Soil > Agricultural land|Host-associated > Plants > Roots|Host-associated > Plants > Roots > Rhizosphere > Soil
Gs0150750	1	Environmental > Terrestrial > Soil > Temperate forest > Bulk soil
Gs0150751	1	Environmental > Terrestrial > Soil
Gs0150753	1	Engineered > Lab enrichment > Defined media
Gs0150755	2	Environmental > Aquatic > Marine > Oceanic|Host-associated > Microbial > Bacteria
Gs0150762	1	Environmental > Terrestrial > Soil
Gs0150779	2	Engineered > Lab enrichment > Defined media|Host-associated > Plants > Roots > Rhizosphere
Gs0150783	1	Environmental > Aquatic > Freshwater > Lake
Gs0151580	2	Engineered > Industrial production > Chemical products|Environmental > Aquatic > Marine > Coastal
Gs0151586	1	Environmental > Terrestrial > Soil > Temperate forest > Bulk soil
Gs0151587	1	Environmental > Terrestrial > Soil > Wetlands
Gs0151593	1	Environmental > Terrestrial > Soil > Wetlands
Gs0151601	1	Host-associated > Algae > Microalgae
Gs0151851	1	Environmental > Terrestrial > Floodplain > Sediment
Gs0151852	3	Engineered > Industrial production > Chemical products|Environmental > Aquatic > Deep subsurface > Groundwater|Environmental > Aquatic > Freshwater > Groundwater
Gs0151853	2	Engineered > Lab enrichment > Defined media|Environmental > Terrestrial > Soil
Gs0151874	1	Environmental > Aquatic > Thermal springs > Hot (42-90C) > Microbial mats
Gs0151875	2	Environmental > Aquatic > Freshwater > River > Sediment|Environmental > Aquatic > Marine > Intertidal zone > Estuary
Gs0151886	2	Environmental > Aquatic > Marine > Coastal|Host-associated > Microbial > Bacteria
Gs0151896	1	Environmental > Terrestrial > Soil > Grasslands
Gs0151897	1	Environmental > Aquatic > Freshwater > Lake > Hypolimnion/Profundal zone
Gs0151903	1	Engineered > Bioreactor > Anaerobic > Settled granule
Gs0151908	2	Environmental > Aquatic > Marine > Hydrothermal vents > Black smokers|Environmental > Aquatic > Marine > Hydrothermal vents > Microbial mats
Gs0151910	1	Environmental > Aquatic > Freshwater > Lake > Microbial mats
Gs0151916	1	Engineered > WWTP > Wastewater
Gs0151918	1	Environmental > Aquatic > Freshwater > Lake
Gs0151921	3	Environmental > Aquatic > Freshwater > Lake|Environmental > Aquatic > Freshwater > Lake > Epilimnion/Euphotic zone|Environmental > Aquatic > Freshwater > Pond
Gs0151925	1	Engineered > WWTP > Activated sludge
Gs0151929	1	Environmental > Aquatic > Marine > Epipelagic
Gs0151931	1	Environmental > Aquatic > Marine > Mesopelagic
Gs0151935	1	Host-associated > Porifera > Sponge
Gs0151936	1	Engineered > WWTP > Activated sludge
Gs0152375	1	Environmental > Terrestrial > Soil > Wetlands > Permafrost
Gs0153645	1	Environmental > Aquatic > Marine > Oceanic
Gs0153646	1	Host-associated > Plants > Roots > Rhizosphere
Gs0153647	2	Environmental > Aquatic > Deep subsurface > Groundwater > Cave lake|Environmental > Aquatic > Deep subsurface > Groundwater > Cave microbial mat
Gs0153648	1	Host-associated > Birds > Digestive system > Large intestine > Ceca
Gs0153649	1	Host-associated > Microbial > Bacteria
Gs0153650	1	Host-associated > Mammals > Digestive system > Large intestine > Fecal
Gs0153651	2	Environmental > Aquatic > Marine > Epipelagic|Environmental > Aquatic > Marine > Pelagic zone > Epipelagic/Euphotic zone
Gs0153652	1	Host-associated > Mammals: Human > Circulatory system > Blood
Gs0153653	1	Engineered > Wastewater > Sludge
Gs0153654	1	Engineered > Food production > Fermentation cellar > Pit mud
Gs0153655	1	Host-associated > Mammals: Human > Respiratory system > Pharynx/Throat > Nasopharynx
Gs0153656	1	Host-associated > Mammals: Human > Respiratory system > Pharynx/Throat > Nasopharynx
Gs0153657	1	Host-associated > Annelida > Intracellular endosymbionts > Trophosome
Gs0153658	1	Engineered > Modeled > Simulated communities (microbial mixture)
Gs0153659	1	Host-associated > Mammals: Human > Digestive system > Large intestine > Fecal
Gs0153660	1	Host-associated > Mammals: Human > Digestive system > Large intestine > Fecal
Gs0153661	1	Host-associated > Mammals: Human > Digestive system > Large intestine > Fecal
Gs0153662	1	Environmental > Aquatic > Freshwater > Lake > Sediment
Gs0153663	1	Environmental > Aquatic > Aquaculture > Shrimp pond
Gs0153664	1	Engineered > Built environment > Drinking water treatment plant > Drinking water filter
Gs0153665	1	Engineered > Modeled > Simulated communities (microbial mixture)
Gs0153666	1	Host-associated > Mammals: Human > Digestive system > Large intestine > Fecal
Gs0153667	1	Host-associated > Mammals: Human > Digestive system > Large intestine > Fecal
Gs0153692	1	Engineered > Lab enrichment > Defined media > Aerobic media
Gs0153693	1	Host-associated > Annelida > Tissue
Gs0153694	1	Host-associated > Mammals > Digestive system > Large intestine > Fecal
Gs0153695	1	Host-associated > Mammals: Human > Digestive system > Large intestine > Fecal
Gs0153696	2	Host-associated > Mammals > Digestive system > Large intestine|Host-associated > Mammals > Digestive system > Large intestine > Fecal
Gs0153697	1	Host-associated > Mammals: Human > Integumentary system > Skin > Skin surface
Gs0153698	1	Host-associated > Mammals: Human > Integumentary system > Skin > Skin surface
Gs0153699	1	Environmental > Terrestrial > Desert
Gs0153700	3	Engineered > Industrial production > Chemical products > Buffer|Host-associated > Mammals: Human > Circulatory system > Blood > Serum|Host-associated > Mammals: Human > Respiratory system > Lung > Alveoli
Gs0153701	1	Engineered > Modeled > Simulated communities (microbial mixture)
Gs0153702	1	Host-associated > Mammals: Human > Digestive system > Large intestine > Fecal
Gs0153703	1	Environmental > Aquatic > Thermal springs
Gs0153704	1	Engineered > Lab enrichment > Defined media > Anaerobic media
Gs0153705	1	Host-associated > Mammals: Human > Reproductive system > Uterus > Cervix
Gs0153706	1	Environmental > Aquatic > Freshwater > Lake > Sediment
Gs0153707	1	Host-associated > Mammals: Human > Digestive system > Large intestine > Fecal
Gs0153708	1	Host-associated > Microbial > Bacteria
Gs0153709	1	Environmental > Aquatic > Freshwater > Groundwater > Aquifer
Gs0153710	1	Host-associated > Mammals > Respiratory system > Lung
Gs0153711	1	Host-associated > Protozoa > Oxymonads
Gs0153712	1	Host-associated > Mammals > Digestive system > Large intestine > Fecal
Gs0153713	1	Engineered > Modeled > Simulated communities (microbial mixture)
Gs0153714	1	Host-associated > Mammals: Human > Digestive system > Large intestine > Fecal
Gs0153715	1	Host-associated > Mammals: Human > Digestive system > Oral cavity
Gs0153716	1	Environmental > Aquatic > Thermal springs > Hot (42-90C) > Alkaline
Gs0153717	1	Environmental > Aquatic > Marine > Gulf
Gs0153718	1	Host-associated > Mammals: Human > Digestive system > Large intestine > Fecal
Gs0153719	1	Host-associated > Mammals: Human > Digestive system > Large intestine > Fecal
Gs0153720	1	Host-associated > Mammals: Human > Circulatory system > Blood > Plasma
Gs0153721	2	Host-associated > Mammals: Human > Circulatory system > Blood|Host-associated > Mammals: Human > Digestive system > Large intestine > Fecal
Gs0153722	1	Host-associated > Mammals: Human > Digestive system > Oral cavity > Tongue dorsum
Gs0153723	1	Host-associated > Mammals: Human > Integumentary system > Skin > Skin surface
Gs0153724	1	Host-associated > Plants > Phyllosphere > Phylloplane/Leaf
Gs0153725	1	Engineered > Bioreactor > Anaerobic
Gs0153726	1	Host-associated > Mammals: Human > Digestive system > Large intestine > Fecal
Gs0153728	1	Engineered > Modeled > Simulated communities (microbial mixture)
Gs0153730	1	Environmental > Aquatic > Non-marine Saline and Alkaline > Saline
Gs0153731	1	Host-associated > Mammals: Human > Digestive system > Large intestine > Fecal
Gs0153732	1	Environmental > Aquatic > Thermal springs > Hot (42-90C) > Acidic
Gs0153733	2	Engineered > Modeled > Simulated communities (DNA mixture)|Host-associated > Mammals: Human > Respiratory system > Sputum/Phlegm
Gs0153734	1	Engineered > Bioreactor > Anaerobic > Sludge
Gs0153735	1	Host-associated > Mammals: Human > Digestive system > Large intestine > Fecal
Gs0153736	1	Host-associated > Mammals: Human > Digestive system > Oral cavity
Gs0153737	1	Engineered > Bioreactor > MBR (Membrane bioreactor) > Mixed liquor
Gs0153738	1	Host-associated > Mammals: Human > Digestive system > Oral cavity > Dental plaque
Gs0153739	1	Environmental > Aquatic > Marine > Gulf
Gs0153740	5	Engineered > Food production > Baby formula|Engineered > Industrial production > Engineered product|Engineered > Lab enrichment > Defined media|Host-associated > Mammals > Digestive system > Large intestine > Fecal|Host-associated > Mammals: Human > Digestive system > Large intestine > Fecal
Gs0153741	1	Engineered > Bioreactor > Aerobic
Gs0153742	1	Environmental > Aquatic > Freshwater > River > Sediment
Gs0153743	4	Host-associated > Mammals: Human > Digestive system > Large intestine > Fecal|Host-associated > Mammals: Human > Digestive system > Oral cavity > Tongue dorsum|Host-associated > Mammals: Human > Integumentary system > Skin > Skin surface|Host-associated > Mammals: Human > Reproductive system > Vagina > Introitus
Gs0153744	1	Environmental > Aquatic > Freshwater > River > Sediment
Gs0153745	1	Environmental > Aquatic > Freshwater > River > Sediment
Gs0153746	1	Engineered > Solid waste > Animal waste > Manure
Gs0153747	1	Environmental > Aquatic > Freshwater > River > Sediment
Gs0153748	1	Environmental > Aquatic > Thermal springs > Hot (42-90C)
Gs0153749	1	Environmental > Aquatic > Freshwater > River > Sediment
Gs0153750	1	Host-associated > Mammals: Human > Digestive system > Large intestine > Fecal
Gs0153751	1	Environmental > Aquatic > Freshwater > River > Sediment
Gs0153752	1	Engineered > Food production > Dairy products > Fermented dairy products > Cheese
Gs0153753	1	Host-associated > Mammals: Human > Digestive system > Large intestine > Fecal
Gs0153754	1	Engineered > Bioreactor > Anaerobic
Gs0153755	1	Engineered > Solid waste > Animal waste > Manure
Gs0153756	2	Engineered > Industrial production > Engineered product|Environmental > Aquatic > Marine > Coastal
Gs0153757	1	Environmental > Aquatic > Thermal springs > Near-boiling (>90C)
Gs0153758	1	Host-associated > Microbial > Bacteria
Gs0153759	1	Engineered > Bioreactor > Aerobic > Activated sludge
Gs0153760	1	Host-associated > Mammals: Human > Digestive system > Large intestine > Fecal
Gs0153761	1	Environmental > Aquatic > Freshwater > Lake > Sediment
Gs0153762	1	Environmental > Aquatic > Marine > Coastal
Gs0153763	1	Host-associated > Mammals: Human > Digestive system > Large intestine > Fecal
Gs0153764	1	Engineered > Built environment > Building
Gs0153765	1	Environmental > Aquatic > Freshwater > River > Sediment
Gs0153766	1	Host-associated > Mammals: Human > Digestive system > Large intestine > Fecal
Gs0153767	1	Engineered > Sewage treatment plant > Wastewater > Activated sludge
Gs0153768	1	Engineered > WWTP > Activated sludge
Gs0153769	1	Engineered > Food production > Dairy products > Fermented dairy products > Cheese
Gs0153770	1	Host-associated > Mammals: Human > Digestive system > Large intestine > Fecal
Gs0153771	1	Host-associated > Mammals > Digestive system > Large intestine > Fecal
Gs0153772	1	Host-associated > Mammals: Human > Digestive system > Large intestine > Fecal
Gs0153773	1	Host-associated > Mammals: Human > Digestive system > Large intestine > Fecal
Gs0153774	1	Host-associated > Mammals > Digestive system > Large intestine > Fecal
Gs0153775	1	Host-associated > Mammals > Digestive system > Large intestine > Fecal
Gs0153776	1	Host-associated > Mammals: Human > Digestive system > Large intestine > Fecal
Gs0153777	1	Host-associated > Mammals: Human > Digestive system > Large intestine > Fecal
Gs0153778	1	Host-associated > Mammals > Digestive system > Large intestine > Fecal
Gs0153779	1	Engineered > Solid waste > Animal waste > Composting
Gs0153780	1	Host-associated > Mammals: Human > Digestive system > Large intestine > Fecal
Gs0153781	1	Engineered > Bioreactor > Anaerobic > Sludge
Gs0153782	1	Engineered > WWTP > Activated sludge
Gs0153783	1	Engineered > Bioreactor > Wastewater > Sludge
Gs0153784	1	Engineered > Bioreactor > Wastewater > Sludge
Gs0153785	1	Engineered > Bioreactor > Anaerobic > Sludge
Gs0153786	1	Host-associated > Mammals > Digestive system > Large intestine > Fecal
Gs0153787	1	Host-associated > Mammals > Digestive system > Large intestine > Fecal
Gs0153788	1	Environmental > Aquatic > Freshwater > River > Sediment
Gs0153789	1	Host-associated > Arthropoda: Insects > Digestive system > Midgut
Gs0153790	1	Environmental > Aquatic > Thermal springs > Hot (42-90C) > Sediment
Gs0153791	1	Environmental > Terrestrial > Soil > Garden
Gs0153792	1	Engineered > Modeled > Simulated communities (microbial mixture)
Gs0153793	1	Engineered > Bioreactor > Anaerobic > Sludge
Gs0153794	1	Engineered > Food production > Fermented vegetables
Gs0153795	1	Host-associated > Mammals: Human > Digestive system > Large intestine > Fecal
Gs0153796	1	Engineered > Built environment > Drinking water treatment plant > Drinking water filter
Gs0153797	1	Host-associated > Mammals: Human > Digestive system > Large intestine > Fecal
Gs0153798	1	Host-associated > Arthropoda: Insects > Whole body
Gs0153799	1	Host-associated > Mammals > Digestive system > Large intestine > Fecal
Gs0153800	1	Environmental > Aquatic > Freshwater > River > Sediment
Gs0153801	1	Host-associated > Plants > Roots
Gs0153802	1	Engineered > Industrial production > Engineered product > Biocathode
Gs0153803	3	Environmental > Aquatic > Marine > Oceanic|Environmental > Aquatic > Marine > Sea ice|Environmental > Aquatic > Marine > Sea ice > Melt pond
Gs0153804	1	Host-associated > Mammals: Human > Digestive system > Large intestine > Fecal
Gs0153805	1	Host-associated > Mammals: Human > Digestive system > Oral cavity
Gs0153806	1	Engineered > Modeled > Simulated communities (DNA mixture)
Gs0153807	1	Host-associated > Mammals: Human > Digestive system > Large intestine > Fecal
Gs0153808	1	Host-associated > Arthropoda: Insects > Fat body
Gs0153812	1	Engineered > Built environment > Tailings pond
Gs0153813	1	Engineered > Built environment > Hospital > Hospital bedroom > Room surface
Gs0153814	1	Engineered > WWTP > Wastewater
Gs0153815	1	Engineered > Food production > Fermented beverages
Gs0153816	1	Engineered > Food production > Bread production
Gs0153817	1	Host-associated > Fungi > Lichen
Gs0153818	1	Environmental > Terrestrial > Soil
Gs0153819	1	Host-associated > Mammals: Human > Digestive system > Large intestine > Fecal
Gs0153820	2	Host-associated > Mammals: Human > Digestive system > Large intestine > Fecal|Host-associated > Mammals: Human > Digestive system > Oral cavity > Saliva
Gs0153821	1	Environmental > Aquatic > Freshwater > River > Sediment
Gs0153822	2	Engineered > Modeled > Simulated communities (microbial mixture)|Host-associated > Mammals: Human > Digestive system > Large intestine > Fecal
Gs0153823	1	Engineered > Bioreactor > Anaerobic
Gs0153824	1	Engineered > Built environment > International Space Station
Gs0153825	1	Host-associated > Mammals: Human > Respiratory system > Lung
Gs0153826	1	Host-associated > Mammals: Human > Digestive system > Large intestine > Fecal
Gs0153827	1	Engineered > Food production
Gs0153828	1	Engineered > Industrial production > Engineered product
Gs0153829	1	Engineered > Modeled > Simulated communities (DNA mixture)
Gs0153830	1	Host-associated > Mammals: Human > Digestive system > Large intestine > Fecal
Gs0153831	1	Host-associated > Microbial > Bacteria
Gs0153832	1	Host-associated > Birds > Digestive system > Large intestine > Fecal
Gs0153833	1	Host-associated > Mammals: Human > Digestive system > Large intestine > Fecal
Gs0153834	1	Host-associated > Arthropoda: Chelicerates > Whole body
Gs0153835	1	Host-associated > Mammals: Human > Urinary system > Urine
Gs0153836	2	Host-associated > Mammals: Human > Respiratory system > Lung > Alveoli|Host-associated > Mammals: Human > Respiratory system > Sputum/Phlegm
Gs0153837	1	Engineered > Sewage treatment plant > Sludge
Gs0153838	1	Host-associated > Mammals: Human > Respiratory system > Trachea > Mucus
Gs0153839	1	Host-associated > Arthropoda: Insects > Whole body
Gs0153840	1	Host-associated > Mammals > Digestive system > Large intestine > Fecal
Gs0153841	1	Environmental > Aquatic > Marine > Fjord
Gs0153842	1	Environmental > Aquatic > Freshwater > River > Sediment
Gs0153843	1	Engineered > Bioreactor > Anaerobic
Gs0153844	1	Host-associated > Mammals: Human > Urinary system > Urine
Gs0153845	1	Environmental > Aquatic > Marine > Hydrothermal vents > Sediment
Gs0153846	1	Environmental > Terrestrial > Soil
Gs0153847	1	Host-associated > Mammals: Human > Digestive system > Large intestine > Fecal
Gs0153848	1	Engineered > Bioreactor > Anaerobic > Sludge
Gs0153849	1	Host-associated > Mammals > Digestive system > Stomach > Rumen
Gs0153850	1	Engineered > Built environment > Drinking water treatment plant > Drinking water filter
Gs0153851	1	Host-associated > Mammals: Human > Circulatory system > Blood
Gs0153852	1	Environmental > Aquatic > Freshwater > River
Gs0153853	1	Engineered > Wastewater > Municipal landfill > Leachate
Gs0153854	1	Engineered > Modeled > Simulated communities (microbial mixture)
Gs0153855	1	Environmental > Aquatic > Freshwater > Groundwater
Gs0153856	1	Host-associated > Mammals: Human > Digestive system > Large intestine > Fecal
Gs0153857	3	Host-associated > Mammals > Digestive system > Large intestine|Host-associated > Mammals > Digestive system > Large intestine > Cecum|Host-associated > Mammals > Digestive system > Large intestine > Fecal
Gs0153858	1	Host-associated > Mammals: Human > Digestive system > Large intestine > Fecal
Gs0153859	1	Engineered > Wastewater > Activated Sludge
Gs0153860	1	Engineered > Food production > Dairy products
Gs0153861	1	Host-associated > Mammals > Digestive system > Large intestine > Fecal
Gs0153862	1	Environmental > Aquatic > Freshwater > Lake > Cyanobacterial bloom
Gs0153863	2	Engineered > WWTP > Activated sludge|Engineered > WWTP > Wastewater
Gs0153864	1	Host-associated > Arthropoda: Myriapoda > Digestive system > Gut
Gs0153865	1	Host-associated > Microbial > Bacteria
Gs0153866	1	Environmental > Aquatic > Freshwater > River
Gs0153867	1	Host-associated > Mammals > Digestive system > Large intestine > Fecal
Gs0153868	1	Host-associated > Mammals: Human > Digestive system > Large intestine > Fecal
Gs0153869	1	Host-associated > Mammals: Human > Respiratory system > Sputum/Phlegm
Gs0153870	1	Host-associated > Plants > Phyllosphere > Phylloplane/Leaf
Gs0153871	1	Engineered > Bioreactor > Aerobic
Gs0153872	1	Engineered > Built environment > Hospital
Gs0153873	2	Environmental > Aquatic > Freshwater > Lake > Epilimnion/Euphotic zone|Environmental > Aquatic > Freshwater > Lake > Hypolimnion/Profundal zone
Gs0153874	2	Engineered > Industrial production > Chemical products > Buffer|Environmental > Air > Indoor Air > Dust
Gs0153875	1	Host-associated > Mammals: Human > Digestive system > Large intestine > Rectum
Gs0153876	1	Host-associated > Mammals: Human > Digestive system > Oral cavity > Saliva
Gs0153877	1	Engineered > Modeled > Simulated communities (microbial mixture)
Gs0153878	1	Host-associated > Mammals: Human > Digestive system > Large intestine > Rectal mucosa
Gs0153880	2	Engineered > Modeled > Simulated communities (microbial mixture)|Host-associated > Plants > Phyllosphere > Phylloplane/Leaf
Gs0153881	1	Host-associated > Mammals > Digestive system > Large intestine > Fecal
Gs0153882	1	Environmental > Aquatic > Freshwater > River > Sediment
Gs0153883	1	Environmental > Aquatic > Non-marine Saline and Alkaline > Hypersaline > Sediment
Gs0153884	1	Host-associated > Mammals > Digestive system > Large intestine > Fecal
Gs0153885	1	Engineered > Bioreactor > Anaerobic > Sludge
Gs0153886	1	Engineered > Bioreactor > Anaerobic
Gs0153887	1	Host-associated > Porifera > Sponge
Gs0153888	1	Host-associated > Mammals: Human > Digestive system > Large intestine > Fecal
Gs0153889	1	Environmental > Aquatic > Freshwater > Groundwater > Aquifer
Gs0153890	1	Host-associated > Mammals: Human > Digestive system > Oral cavity > Saliva
Gs0153891	1	Host-associated > Mammals: Human > Respiratory system > Pharynx/Throat > Nasopharynx
Gs0153892	1	Host-associated > Mammals: Human > Digestive system > Large intestine > Fecal
Gs0153893	1	Environmental > Aquatic > Freshwater > Groundwater > Aquifer
Gs0153894	1	Host-associated > Mammals: Human > Cell Line
Gs0153895	1	Host-associated > Mammals: Human > Respiratory system > Pharynx/Throat > Nasopharynx
Gs0153896	1	Host-associated > Arthropoda: Insects > Circulatory system > Hemolymph
Gs0153897	1	Environmental > Aquatic > Marine > Intertidal zone > Sediment
Gs0153898	1	Engineered > Food production > Dairy products > Fermented dairy products > Cheese
Gs0153899	1	Environmental > Aquatic > Aquaculture
Gs0153900	2	Engineered > Built environment > Dairy processing facility|Engineered > Modeled > Simulated communities (microbial mixture)
Gs0153901	4	Engineered|Engineered > WWTP > Activated sludge|Engineered > WWTP > Wastewater|Engineered > Wastewater > Sewage
Gs0153902	4	Host-associated > Mammals > Digestive system > Biliary tract > Liver|Host-associated > Mammals > Digestive system > Large intestine > Fecal|Host-associated > Mammals > Digestive system > Small intestine > Ileum|Host-associated > Mammals: Human > Digestive system > Large intestine > Fecal
Gs0153905	2	Engineered > WWTP > Activated sludge|Engineered > WWTP > Wastewater
Gs0153906	4	Environmental > Aquatic > Marine > Ocean trench|Environmental > Aquatic > Marine > Oceanic|Environmental > Aquatic > Marine > Oceanic > Sediment|Environmental > Aquatic > Marine > Sea ice
Gs0153907	1	Host-associated > Algae > Green algae
Gs0153908	1	Environmental > Terrestrial > Soil > Shrubland
Gs0153909	1	Engineered > Modeled > Simulated communities (microbial mixture)
Gs0153910	1	Engineered > Wastewater > Sewage
Gs0153911	1	Environmental > Aquatic > Freshwater > River > Sediment
Gs0153912	1	Environmental > Aquatic > Marine > Coastal
Gs0153913	1	Host-associated > Mammals: Human > Digestive system > Large intestine > Fecal
Gs0153914	2	Engineered > WWTP > Wastewater|Environmental > Aquatic > Freshwater > River
Gs0153915	1	Host-associated > Mammals: Human > Digestive system > Large intestine > Fecal
Gs0153916	1	Host-associated > Plants > Tissue
Gs0153917	1	Host-associated > Mammals: Human > Remains > Skeletonized remains > Dental calculus
Gs0153918	3	Host-associated > Mammals: Human > Integumentary system > Skin > Axilla/Armpit|Host-associated > Mammals: Human > Integumentary system > Skin > Scalp|Host-associated > Mammals: Human > Integumentary system > Skin > Skin surface
Gs0153919	1	Host-associated > Mammals: Human > Digestive system > Large intestine > Fecal
Gs0153922	2	Environmental > Aquatic > Thermal springs > Hot (42-90C)|Environmental > Aquatic > Thermal springs > Warm (34-42C)
Gs0153931	2	Environmental > Aquatic > Marine > Coastal|Environmental > Aquatic > Marine > Coastal > Sediment
Gs0153939	2	Environmental > Terrestrial > Soil|Environmental > Terrestrial > Soil > Contaminated
Gs0153940	1	Environmental > Terrestrial > Rock-dwelling (endoliths)
Gs0153943	3	Environmental > Aquatic > Freshwater > Lake > Sediment|Environmental > Aquatic > Freshwater > Sediment|Environmental > Aquatic > Marine > Sediment
Gs0153944	1	Environmental > Terrestrial > Soil > Grasslands
Gs0153945	1	Host-associated > Plants > Phyllosphere > Phylloplane/Leaf > Endophytes
Gs0153946	1	Environmental > Terrestrial > Soil > Temperate forest > Bulk soil
Gs0153947	2	Engineered > Industrial production > Chemical products|Environmental > Terrestrial > Deep subsurface
Gs0153953	1	Environmental > Aquatic > Freshwater > Reservoir
Gs0153955	1	Environmental > Terrestrial > Soil > Temperate forest > Bulk soil
Gs0153958	1	Host-associated > Mammals: Human > Digestive system > Large intestine > Fecal
Gs0153959	1	Host-associated > Mammals: Human > Digestive system > Large intestine > Fecal
Gs0153960	1	Host-associated > Mammals: Human > Digestive system > Large intestine > Fecal
Gs0153961	1	Host-associated > Mammals > Digestive system > Large intestine > Cecum
Gs0153962	1	Environmental > Aquatic > Freshwater > Pond
Gs0153963	1	Host-associated > Plants > Mixed parts
Gs0153964	1	Engineered > WWTP > Wastewater
Gs0153965	1	Host-associated > Microbial > Bacteria
Gs0153966	1	Engineered > WWTP > Activated sludge
Gs0153967	1	Host-associated > Mammals > Digestive system > Stomach
Gs0153968	1	Engineered > Wastewater > Activated Sludge
Gs0153970	2	Host-associated > Mammals: Human > Circulatory system > Blood > Plasma|Host-associated > Mammals: Human > Respiratory system > Pharynx/Throat > Nasopharynx
Gs0153971	1	Environmental > Aquatic > Marine > Coastal > Sediment
Gs0153975	1	Host-associated > Arthropoda: Insects > Digestive system > Hindgut > P4 segment
Gs0153976	1	Engineered > Wastewater > Activated Sludge
Gs0153977	1	Host-associated > Birds > Digestive system > Large intestine > Ceca
Gs0153978	1	Engineered > Food production
Gs0153980	1	Host-associated > Arthropoda: Insects > Whole body
Gs0153987	2	Environmental > Aquatic > Marine|Environmental > Aquatic > Marine > Oceanic
Gs0153988	1	Environmental > Aquatic > Freshwater
Gs0153989	1	Environmental > Aquatic > Freshwater > River
Gs0153995	1	Environmental > Terrestrial > Geologic > Mine
Gs0153999	1	Environmental > Terrestrial > Soil
Gs0154006	1	Environmental > Terrestrial > Soil > Wetlands
Gs0154011	2	Host-associated > Plants > Phyllosphere > Caulosphere|Host-associated > Plants > Roots
Gs0154023	1	Environmental > Aquatic > Freshwater > Creek > Sediment
Gs0154043	1	Host-associated > Plants > Peat moss
Gs0154044	4	Environmental > Terrestrial > Soil > Agricultural land > Bulk soil|Environmental > Terrestrial > Soil > Botanical garden > Bulk soil|Host-associated > Plants > Roots > Endosphere|Host-associated > Plants > Roots > Rhizosphere > Soil
Gs0154048	1	Environmental > Terrestrial > Soil > Boreal forest/Taiga > Bulk soil
Gs0154051	1	Host-associated > Mammals: Human > Digestive system > Large intestine > Fecal
Gs0154076	1	Engineered > Artificial ecosystem > Soil microcosm
Gs0154080	1	Environmental > Aquatic > Marine > Hydrothermal vents > Sediment
Gs0154089	1	Environmental > Aquatic > Thermal springs > Hot (42-90C) > Sediment
Gs0154092	1	Engineered > Bioreactor > Denitrification > Woodchip Bioreactor (WBR) > Woodchip biofilm
Gs0154093	3	Environmental > Terrestrial > Soil|Host-associated > Plants > Roots|Host-associated > Plants > Roots > Rhizoplane
Gs0154099	2	Host-associated > Fungi > Spore|Host-associated > Plants > Roots
Gs0154119	1	Environmental > Aquatic > Freshwater > Pond
Gs0154120	1	Environmental > Aquatic > Marine > Hydrothermal vents
Gs0154126	1	Environmental > Terrestrial > Deep subsurface > Aquifer > Rock core/Sediment
Gs0154129	1	Environmental > Aquatic > Freshwater > Groundwater > Aquifer
Gs0154137	2	Environmental > Terrestrial > Rock-dwelling (endoliths)|Environmental > Terrestrial > Rock-dwelling (endoliths) > Halite
Gs0154144	1	Environmental > Aquatic > Freshwater > Kettle hole
Gs0154146	1	Host-associated > Mammals > Integumentary system > Mammary gland > Milk
Gs0154147	1	Environmental > Aquatic > Marine > Oceanic
Gs0154153	1	Environmental > Terrestrial > Soil > Grasslands > Bulk soil
Gs0154154	4	Host-associated > Mammals > Digestive system > Large intestine > Fecal|Host-associated > Mammals > Digestive system > Small intestine > Duodenum|Host-associated > Mammals > Digestive system > Stomach > Abomasum|Host-associated > Mammals > Digestive system > Stomach > Rumen
Gs0154155	1	Engineered > WWTP > Activated sludge
Gs0154157	3	Environmental > Aquatic > Marine > Harbor|Environmental > Aquatic > Marine > Inlet|Environmental > Aquatic > Marine > Sediment
Gs0154158	1	Environmental > Terrestrial > Soil > Agricultural land > Bulk soil
Gs0154159	1	Host-associated > Plants > Phyllosphere > Phylloplane/Leaf surface
Gs0154161	1	Host-associated > Plants > Peat moss
Gs0154162	2	Environmental > Aquatic > Marine|Environmental > Aquatic > Marine > Coastal
Gs0154163	1	Environmental > Terrestrial > Soil > Agricultural land > Bulk soil
Gs0154178	1	Host-associated > Invertebrates > Cnidaria > Coral > Tissue
Gs0154189	1	Environmental > Terrestrial > Soil > Tropical forest > Bulk soil
Gs0154190	1	Environmental > Terrestrial > Soil > Temperate forest > Bulk soil
Gs0154192	1	Host-associated > Mammals: Human > Digestive system > Oral cavity > Saliva
Gs0154195	1	Host-associated > Porifera > Sponge
Gs0154199	1	Host-associated > Fish > Digestive system
Gs0154202	1	Engineered > Lab culture > Culture media
Gs0154205	4	Engineered > Bioreactor > Denitrification > Woodchip Bioreactor (WBR)|Environmental > Aquatic > Freshwater > Wetlands > Sediment|Environmental > Aquatic > Marine > Intertidal zone > Salt marsh sediment|Environmental > Terrestrial > Soil > Temperate forest > Bulk soil
Gs0154206	1	Engineered > Solid waste > Landfill
Gs0154207	1	Engineered > Built environment > Drinking water treatment plant > Drinking water filter
Gs0154208	2	Environmental > Terrestrial > Soil > Temperate forest > Bulk soil|Environmental > Terrestrial > Soil > Temperate forest > O horizon/Organic
Gs0154209	1	Environmental > Terrestrial > Soil
Gs0154210	1	Host-associated > Mammals > Digestive system > Stomach > Rumen
Gs0154211	1	Environmental > Terrestrial > Soil
Gs0154212	1	Host-associated > Mammals > Digestive system > Large intestine > Fecal
Gs0154213	1	Environmental > Terrestrial > Soil > Desert
Gs0154214	1	Environmental > Aquatic > Marine > Intertidal zone > Estuary
Gs0154215	1	Environmental > Terrestrial > Soil > Agricultural land > Bulk soil
Gs0154216	2	Environmental > Aquatic > Marine > Coastal|Environmental > Aquatic > Marine > Coastal > Sediment
Gs0154217	1	Engineered > Bioreactor > Anaerobic > Digestate
Gs0154218	3	Engineered > Sewage treatment plant > Sludge|Engineered > Solid waste > Animal waste > Manure|Engineered > Solid waste > Vegetable
Gs0154219	1	Environmental > Aquatic > Marine > Coastal
Gs0154220	1	Host-associated > Microbial > Bacteria
Gs0154221	1	Environmental > Aquatic > Marine
Gs0154222	1	Environmental > Aquatic > Marine
Gs0154223	1	Environmental > Terrestrial > Soil
Gs0154224	1	Environmental > Terrestrial > Soil > Alpine
Gs0154225	1	Host-associated > Microbial > Bacteria
Gs0154226	1	Environmental > Terrestrial > Soil > Temperate forest > Bulk soil
Gs0154228	2	Engineered > Industrial production > Chemical products|Host-associated > Plants > Phyllosphere > Carposphere
Gs0154229	1	Engineered > WWTP > Activated sludge
Gs0154230	4	Environmental > Terrestrial > Soil|Host-associated > Plants > Phyllosphere > Caulosphere|Host-associated > Plants > Phyllosphere > Phylloplane/Leaf|Host-associated > Plants > Roots
Gs0154231	1	Engineered > Food production > Fermented food
Gs0154232	3	Environmental > Terrestrial > Soil > Agricultural land > Bulk soil|Host-associated > Plants > Roots|Host-associated > Plants > Roots > Rhizosphere
Gs0154233	1	Environmental > Terrestrial > Soil
Gs0154234	1	Environmental > Aquatic > Marine > Inlet
Gs0154235	1	Host-associated > Mammals: Human > Integumentary system > Mammary gland > Milk
Gs0154236	5	Engineered > Food production > Egg products|Engineered > Food production > Fish products|Engineered > Food production > Meat products|Engineered > Food production > Plant products|Engineered > Food production > Spices
Gs0154237	1	Environmental > Aquatic > Freshwater > River
Gs0154239	1	Host-associated > Mammals > Digestive system > Stomach > Rumen fluid
Gs0154240	1	Host-associated > Mammals > Respiratory system > Pharynx/Throat > Nasopharynx
Gs0154241	2	Environmental > Aquatic > Freshwater > Groundwater|Environmental > Aquatic > Freshwater > Pond
Gs0154242	2	Environmental > Aquatic > Freshwater > Lake|Environmental > Aquatic > Marine > Intertidal zone > Estuary
Gs0154243	1	Host-associated > Mammals: Human > Digestive system > Large intestine > Fecal
Gs0154244	53	Engineered > Bioreactor > Aerobic > Activated sludge|Engineered > Bioreactor > Anaerobic > Sludge|Engineered > Industrial production > Chemical products > Lab-grade water|Engineered > Lab culture > Culture media > Bacteria|Engineered > Modeled > Simulated communities (microbial mixture)|Environmental > Aquatic > Freshwater > Glacier > Meltwater|Environmental > Aquatic > Freshwater > Groundwater > Coalbed water|Environmental > Aquatic > Freshwater > Lake > Microbial mats|Environmental > Aquatic > Freshwater > Lake > Sediment|Environmental > Aquatic > Freshwater > River > Sediment|Environmental > Aquatic > Marine > Intertidal zone > Salt marsh|Environmental > Aquatic > Marine > Oceanic|Environmental > Aquatic > Marine > Oceanic > Sediment|Environmental > Aquatic > Marine > Strait|Environmental > Aquatic > Marine > Strait > Sediment|Environmental > Aquatic > Non-marine Saline and Alkaline > Saline > Microbial mats|Environmental > Terrestrial > Deep subsurface > Oil well|Environmental > Terrestrial > Deep subsurface > Rock|Environmental > Terrestrial > Nest > Insects nest > Beehive: Brood combs|Environmental > Terrestrial > Nest > Insects nest > Beehive: Cerumen|Environmental > Terrestrial > Nest > Insects nest > Beehive: Honey|Environmental > Terrestrial > Nest > Insects nest > Fungus garden/Fungus gallery|Environmental > Terrestrial > Nest > Insects nest > Nest dump|Environmental > Terrestrial > Soil|Environmental > Terrestrial > Soil > Agricultural land|Environmental > Terrestrial > Soil > Boreal forest/Taiga > Bulk soil|Environmental > Terrestrial > Soil > Glacier|Environmental > Terrestrial > Soil > Grasslands|Environmental > Terrestrial > Soil > Sand > Desert|Environmental > Terrestrial > Soil > Shrubland|Environmental > Terrestrial > Soil > Temperate forest > Bulk soil|Environmental > Terrestrial > Soil > Tropical forest > Bulk soil|Environmental > Terrestrial > Soil > Tundra > Bulk soil|Environmental > Terrestrial > Volcanic|Host-associated > Algae > Brown Algae|Host-associated > Algae > Green algae|Host-associated > Algae > Mixed algae turf|Host-associated > Algae > Red algae|Host-associated > Amphibia > Digestive system > Intestine > Fecal|Host-associated > Birds > Digestive system > Large intestine > Fecal|Host-associated > Fish > Digestive system > Intestine|Host-associated > Fungi > Lichen|Host-associated > Invertebrates > Cnidaria > Coral > Tissue|Host-associated > Mammals > Digestive system > Large intestine > Fecal|Host-associated > Mammals > Integumentary system > Skin|Host-associated > Microbial > Bacteria|Host-associated > Mollusca > Bivalves|Host-associated > Mollusca > Digestive system > Gut|Host-associated > Mollusca > Respiratory system > Gills|Host-associated > Mollusca > Tissue|Host-associated > Plants > Pitcher > Phytotelma|Host-associated > Porifera > Sponge > Tissue|Host-associated > Reptilia > Digestive system > Large intestine > Fecal
Gs0154255	2	Engineered > Industrial production > Chemical products > Distilled water|Environmental > Aquatic > Marine > Strait
Gs0154256	1	Engineered > WWTP > Activated sludge
Gs0154257	1	Host-associated > Plants > Roots > Rhizosphere
Gs0154258	2	Host-associated > Plants > Phyllosphere > Phylloplane/Leaf|Host-associated > Plants > Roots > Taproot
Gs0154259	2	Environmental > Aquatic > Freshwater > River|Environmental > Aquatic > Freshwater > River > Sediment
Gs0154260	1	Host-associated > Mammals > Digestive system > Large intestine > Fecal
Gs0154261	2	Environmental > Terrestrial > Soil > Agricultural land|Host-associated > Plants > Mixed parts
Gs0154262	1	Environmental > Aquatic > Freshwater > Ice > Glacier
Gs0154263	1	Host-associated > Plants > Roots > Rhizosphere
Gs0154264	1	Engineered > Food production > Fermented vegetables
Gs0154265	5	Environmental > Terrestrial > Rock-dwelling (endoliths)|Environmental > Terrestrial > Soil > Sand|Host-associated > Plants > Phyllosphere > Caulosphere|Host-associated > Plants > Phyllosphere > Phylloplane/Leaf|Host-associated > Plants > Roots
Gs0154266	6	Engineered > Industrial production > Chemical products > PCR blank control|Engineered > Industrial production > Engineered product|Host-associated > Mammals > Digestive system > Large intestine > Fecal|Host-associated > Mammals > Digestive system > Large intestine > Meconium|Host-associated > Mammals > Digestive system > Oral cavity|Host-associated > Mammals > Reproductive system > Vagina
Gs0154267	11	Host-associated > Mammals > Digestive system > Large intestine|Host-associated > Mammals > Digestive system > Large intestine > Cecum|Host-associated > Mammals > Digestive system > Large intestine > Rectum|Host-associated > Mammals > Digestive system > Small intestine > Duodenum|Host-associated > Mammals > Digestive system > Small intestine > Ileum|Host-associated > Mammals > Digestive system > Small intestine > Jejunum|Host-associated > Mammals > Digestive system > Stomach > Abomasum|Host-associated > Mammals > Digestive system > Stomach > Omasum|Host-associated > Mammals > Digestive system > Stomach > Reticulum|Host-associated > Mammals > Digestive system > Stomach > Rumen|Host-associated > Mammals > Digestive system > Stomach > Rumen mucosa
Gs0154268	1	Environmental > Terrestrial > Soil > Peat > Fen
Gs0154269	3	Environmental > Terrestrial > Soil > Agricultural land|Host-associated > Plants > Roots|Host-associated > Plants > Roots > Rhizosphere
Gs0154270	4	Environmental > Terrestrial > Soil > Sand|Environmental > Terrestrial > Soil > Temperate forest > Bulk soil|Host-associated > Plants > Roots|Host-associated > Plants > Tissue
Gs0154271	1	Environmental > Aquatic > Marine
Gs0154272	1	Host-associated > Plants > Roots
Gs0154273	1	Host-associated > Mammals > Digestive system > Stomach > Rumen
Gs0154274	1	Environmental > Aquatic > Marine > Intertidal zone > Estuary
Gs0154275	1	Environmental > Terrestrial > Geologic > Sediment > Sediment core
Gs0154276	1	Environmental > Terrestrial > Soil
Gs0154277	2	Environmental > Aquatic > Freshwater > Lake|Environmental > Aquatic > Marine
Gs0154278	1	Environmental > Aquatic > Marine > Sediment
Gs0154279	3	Environmental > Aquatic > Freshwater > Drinking water|Environmental > Aquatic > Freshwater > Drinking water > Chloraminated|Environmental > Aquatic > Freshwater > Drinking water > Chlorinated
Gs0154280	1	Host-associated > Plants > Roots > Endosphere
Gs0154281	1	Environmental > Terrestrial > Soil > Agricultural land > Bulk soil
Gs0154282	17	Engineered > Food production > Baby formula|Engineered > Food production > Beans|Engineered > Food production > Beverages|Engineered > Food production > Bread production|Engineered > Food production > Dairy products|Engineered > Food production > Egg products|Engineered > Food production > Fermented beverages|Engineered > Food production > Fermented food|Engineered > Food production > Food sample|Engineered > Food production > Grains/Grain products|Engineered > Food production > Meat products|Engineered > Food production > Nuts|Engineered > Food production > Pastry|Engineered > Food production > Plant products|Engineered > Food production > Seafood|Engineered > Food production > Spices|Engineered > Food production > Sweets
Gs0154283	1	Environmental > Aquatic > Freshwater > Reservoir
Gs0154284	1	Environmental > Aquatic > Marine
Gs0154285	1	Host-associated > Mammals > Digestive system > Large intestine > Fecal
Gs0154286	1	Engineered > Built environment > Hospital
Gs0154288	1	Environmental > Aquatic > Freshwater > Lake
Gs0154289	6	Environmental > Air > Indoor Air > Dust|Environmental > Aquatic > Marine > Oceanic|Environmental > Aquatic > Marine > Oceanic > Sediment|Environmental > Terrestrial > Soil|Host-associated > Plants > Roots|Host-associated > Plants > Roots > Rhizosphere
Gs0154290	1	Host-associated > Plants > Peat moss
Gs0154291	1	Environmental > Terrestrial > Soil > Agricultural land
Gs0154292	1	Host-associated > Plants > Roots > Rhizosphere
Gs0154293	1	Environmental > Terrestrial > Floodplain > Aquatic biofilm
Gs0154294	1	Environmental > Aquatic > Marine > Coastal
Gs0154295	1	Environmental > Terrestrial > Soil
Gs0154296	1	Environmental > Aquatic > Non-marine Saline and Alkaline > Lake
Gs0154299	1	Engineered > Bioreactor > Anaerobic > Sludge
Gs0154305	1	Environmental > Terrestrial > Soil > Potting soil
Gs0154317	1	Environmental > Aquatic > Freshwater > Lake > Sediment
Gs0154324	1	Environmental > Terrestrial > Rock-dwelling (endoliths)
Gs0154325	1	Environmental > Aquatic > Freshwater > Lake
Gs0154326	3	Engineered > Artificial ecosystem > Soil microcosm|Engineered > Industrial production > Chemical products > Sheath fluid|Environmental > Terrestrial > Soil
Gs0154329	1	Environmental > Terrestrial > Soil > Leptosol > Eutric
Gs0154348	1	Engineered > Artificial ecosystem > Sediment microcosm > Wetland sediment
Gs0154350	2	Host-associated > Plants > Phyllosphere > Phylloplane/Leaf > Endosphere|Host-associated > Plants > Roots > Rhizosphere > Soil
Gs0154351	3	Environmental > Aquatic > Freshwater > River|Environmental > Terrestrial > Plant litter > Litterfall > Leaves|Host-associated > Plants > Phyllosphere > Phylloplane/Leaf
Gs0154364	1	Environmental > Aquatic > Freshwater > Lake
Gs0154371	1	Host-associated > Microbial > Bacteria
Gs0154374	1	Environmental > Aquatic > Thermal springs > Tepid (25-34C)
Gs0154377	2	Environmental > Aquatic > Marine|Environmental > Aquatic > Marine > Intertidal zone > Estuary
Gs0154383	1	Host-associated > Algae > Brown Algae
Gs0154400	1	Environmental > Aquatic > Freshwater > Lake > Sediment
Gs0154411	2	Environmental > Aquatic > Marine|Environmental > Aquatic > Marine > Oceanic
Gs0154417	4	Environmental > Aquatic > Freshwater > Creek|Environmental > Aquatic > Freshwater > Lake|Environmental > Aquatic > Marine > Intertidal zone > Estuary|Environmental > Aquatic > Marine > Oceanic
Gs0154479	2	Environmental > Terrestrial > Soil > Agricultural land > Bulk soil|Environmental > Terrestrial > Soil > Grasslands
Gs0154480	4	Environmental > Aquatic > Thermal springs > Runoff channel|Environmental > Aquatic > Thermal springs > Runoff channel > Adjacent soil|Environmental > Terrestrial > Rock-dwelling (endoliths)|Host-associated > Algae > Red algae
Gs0154481	1	Environmental > Aquatic > Marine > Hydrothermal vents
Gs0154482	1	Environmental > Terrestrial > Soil > Agricultural land > Bulk soil
Gs0154501	1	Environmental > Terrestrial > Soil > Peat > Lignite
Gs0154511	1	Environmental > Aquatic > Thermal springs > Acid lake
Gs0154512	1	Environmental > Aquatic > Thermal springs > Hot (42-90C)
Gs0154513	2	Environmental > Terrestrial > Soil|Environmental > Terrestrial > Soil > Temperate forest
Gs0154521	1	Environmental > Terrestrial > Soil > Agricultural land > Bulk soil
Gs0154561	1	Environmental > Aquatic > Marine > Coastal
Gs0154572	1	Environmental > Aquatic > Non-marine Saline and Alkaline > Alkaline
Gs0154573	2	Environmental > Aquatic > Marine > Mud volcano|Environmental > Aquatic > Marine > Mud volcano > Sediment
Gs0154574	1	Environmental > Terrestrial > Deep subsurface > Fracking water
Gs0154575	1	Environmental > Aquatic > Marine > Sediment
Gs0154576	1	Environmental > Aquatic > Non-marine Saline and Alkaline > Alkaline
Gs0154577	1	Environmental > Aquatic > Marine > Sediment
Gs0154578	1	Environmental > Aquatic > Marine > Sediment
Gs0154579	1	Environmental > Aquatic > Non-marine Saline and Alkaline > Alkaline
Gs0154580	1	Environmental > Terrestrial > Deep subsurface
Gs0154581	1	Environmental > Aquatic > Freshwater > Subglacial lake
Gs0154582	1	Environmental > Terrestrial > Deep subsurface > Fracking water
Gs0154583	1	Environmental > Terrestrial > Deep subsurface > Fracking water
Gs0154584	3	Environmental > Aquatic > Marine > Deep subsurface > Rock|Environmental > Aquatic > Marine > Oceanic > Crustal Fluids|Environmental > Aquatic > Marine > Oceanic > Oceanic crust
Gs0154593	1	Environmental > Aquatic > Freshwater > Pond
Gs0154595	1	Engineered > Bioreactor > Denitrification
Gs0154610	1	Host-associated > Microbial > Bacteria
Gs0154611	1	Host-associated > Plants
Gs0154613	2	Host-associated > Microbial > Bacteria|Host-associated > Plants > Phyllosphere
Gs0154616	1	Host-associated > Plants > Roots > Rhizosphere > Soil
Gs0154617	1	Engineered > Artificial ecosystem > Soil microcosm
Gs0154618	1	Host-associated > Plants > Roots > Rhizosphere > Soil
Gs0154619	1	Environmental > Terrestrial > Soil > Agricultural land > Bulk soil
Gs0154620	1	Host-associated > Plants > Roots > Rhizosphere > Soil
Gs0154621	1	Environmental > Terrestrial > Soil > Agricultural land > Bulk soil
Gs0154622	1	Environmental > Aquatic > Freshwater > Lake
Gs0154623	1	Environmental > Terrestrial > Soil > Agricultural land > Bulk soil
Gs0154624	1	Environmental > Terrestrial > Soil > Agricultural land > Bulk soil
Gs0154625	1	Environmental > Terrestrial > Soil
Gs0154626	1	Environmental > Terrestrial > Soil > Paddy field/soil
Gs0154627	1	Environmental > Terrestrial > Soil > Tundra > Bulk soil
Gs0154628	1	Environmental > Terrestrial > Soil
Gs0154629	1	Environmental > Terrestrial > Soil > Forest > Bulk soil
Gs0154630	1	Environmental > Terrestrial > Soil > Agricultural land > Bulk soil
Gs0154631	1	Environmental > Terrestrial > Soil > Agricultural land > Bulk soil
Gs0154632	1	Engineered > Solid waste > Brown waste > Rice straw
Gs0154633	1	Environmental > Terrestrial > Soil
Gs0154634	2	Environmental > Terrestrial > Soil|Host-associated > Plants > Roots > Rhizosphere > Soil
Gs0154635	3	Environmental > Terrestrial > Soil > Agricultural land > Bulk soil|Environmental > Terrestrial > Soil > Paddy field/soil|Environmental > Terrestrial > Soil > Temperate forest > Bulk soil
Gs0154636	1	Engineered > Food production > Fermented vegetables
Gs0154637	1	Environmental > Aquatic > Aquaculture > Shrimp pond
Gs0154638	1	Environmental > Terrestrial > Soil > Grasslands
Gs0154639	1	Environmental > Terrestrial > Soil > Proglacial area > Forefield soil
Gs0154640	1	Environmental > Terrestrial > Soil
Gs0154641	1	Environmental > Terrestrial > Soil > Agricultural land > Bulk soil
Gs0154642	1	Environmental > Terrestrial > Soil
Gs0154643	1	Environmental > Terrestrial > Soil > Agricultural land > Bulk soil
Gs0154644	1	Environmental > Terrestrial > Soil > Tundra
Gs0154645	1	Environmental > Terrestrial > Soil > Agricultural land > Bulk soil
Gs0154646	1	Environmental > Terrestrial > Soil > Boreal forest/Taiga > Bulk soil
Gs0154647	1	Environmental > Terrestrial > Soil
Gs0154648	1	Environmental > Terrestrial > Soil > Grasslands > Bulk soil
Gs0154649	1	Environmental > Terrestrial > Soil > Agricultural land > Bulk soil
Gs0154650	1	Engineered > Artificial ecosystem > Soil microcosm
Gs0154651	1	Host-associated > Plants > Roots > Rhizosphere > Soil
Gs0154652	1	Environmental > Terrestrial > Soil > Agricultural land > Bulk soil
Gs0154653	1	Environmental > Terrestrial > Soil > Agricultural land > Bulk soil
Gs0154654	2	Environmental > Terrestrial > Soil > Agricultural land > Bulk soil|Host-associated > Plants > Roots > Rhizosphere > Soil
Gs0154655	3	Engineered > Artificial ecosystem > Nutrient-poor > Pine litter on sand|Engineered > Artificial ecosystem > Nutrient-rich > R2A agar|Environmental > Terrestrial > Soil
Gs0154656	2	Environmental > Terrestrial > Soil > Chaparral|Environmental > Terrestrial > Soil > Grasslands > Bulk soil
Gs0154658	5	Engineered > WWTP > Wastewater|Environmental > Aquatic > Freshwater > Creek|Environmental > Aquatic > Freshwater > Pond|Environmental > Aquatic > Freshwater > River|Environmental > Terrestrial > Soil > Agricultural land > Bulk soil
Gs0154659	1	Environmental > Aquatic > Freshwater > Floodplain lake
Gs0154660	1	Engineered > Artificial ecosystem > Soil microcosm
Gs0154661	1	Environmental > Terrestrial > Soil
Gs0154662	1	Environmental > Terrestrial > Soil
Gs0154663	1	Host-associated > Plants > Roots > Rhizosphere > Soil
Gs0154664	2	Environmental > Terrestrial > Soil > Grasslands > Bulk soil|Host-associated > Plants > Roots > Rhizosphere > Soil
Gs0154665	1	Environmental > Terrestrial > Soil > Grasslands > Bulk soil
Gs0156550	1	Host-associated > Mammals > Digestive system > Large intestine > Fecal
Gs0156552	1	Environmental > Terrestrial > Soil > Greenhouse
Gs0156553	1	Environmental > Aquatic > Marine > Sediment
Gs0156557	1	Host-associated > Mammals > Digestive system > Large intestine > Fecal
Gs0156565	1	Environmental > Terrestrial > Soil
Gs0156567	3	Environmental > Terrestrial > Soil|Environmental > Terrestrial > Soil > Agricultural land > Bulk soil|Environmental > Terrestrial > Soil > Bulk soil
Gs0156568	2	Environmental > Terrestrial > Soil > Temperate forest > Bulk soil|Host-associated > Plants > Roots
Gs0156569	1	Environmental > Aquatic > Freshwater > Wetlands > Soil
Gs0156586	3	Environmental > Aquatic|Host-associated > Mammals: Human > Respiratory system > Pharynx/Throat|Host-associated > Mammals: Human > Respiratory system > Pharynx/Throat > Nasopharynx
Gs0156593	2	Engineered > Bioreactor > Anaerobic > Digestate|Engineered > Bioreactor > Anaerobic > Inoculum
Gs0156599	1	Environmental > Aquatic > Freshwater > Pond
Gs0156600	2	Environmental > Terrestrial > Soil > Tropical forest > Bulk soil|Environmental > Terrestrial > Soil > Wetlands
Gs0156631	1	Environmental > Aquatic > Marine > Intertidal zone > Estuary
Gs0156633	2	Engineered > WWTP > Aerobic digester > Activated sludge|Engineered > WWTP > Anaerobic digester > Sludge
Gs0156634	1	Environmental > Terrestrial > Soil > Biocrust
Gs0156635	1	Host-associated > Arthropoda: Insects > Larva > Gut
Gs0156701	1	Environmental > Terrestrial > Soil > Peat
Gs0156702	1	Host-associated > Plants > Roots > Rhizosphere > Soil
Gs0156708	1	Environmental > Aquatic > Marine > Intertidal zone > Salt marsh
Gs0156730	2	Environmental > Terrestrial > Soil > Temperate forest|Environmental > Terrestrial > Soil > Temperate forest > Bulk soil
Gs0156735	1	Engineered > Artificial ecosystem > Mesocosm
Gs0156736	5	Environmental > Terrestrial > Soil > Agricultural land > Bulk soil|Environmental > Terrestrial > Soil > Grasslands|Environmental > Terrestrial > Soil > Grasslands > Bulk soil|Environmental > Terrestrial > Soil > Pasture|Environmental > Terrestrial > Soil > Temperate forest > Bulk soil
Gs0156745	1	Environmental > Terrestrial > Soil > Grasslands
Gs0156760	1	Environmental > Aquatic > Non-marine Saline and Alkaline > Hypersaline > Sediment
Gs0156765	3	Environmental > Terrestrial > Soil|Host-associated > Mammals: Human > Digestive system > Large intestine > Fecal|Host-associated > Mammals: Human > Remains > Fossilized remains > Paleofeces
Gs0156767	1	Environmental > Terrestrial > Soil > Pasture
Gs0156783	1	Host-associated > Plants > Roots
Gs0156784	1	Environmental > Terrestrial > Soil > Garden
Gs0156785	2	Environmental > Terrestrial > Soil > Agricultural land > Bulk soil|Host-associated > Plants > Roots > Rhizoplane
Gs0156786	1	Environmental > Terrestrial > Soil > Contaminated
Gs0156787	1	Environmental > Terrestrial > Soil > Garden
Gs0156788	5	Environmental > Aquatic > Freshwater|Environmental > Aquatic > Non-marine Saline and Alkaline > Saline lake|Environmental > Terrestrial > Soil > Lakeshore|Host-associated > Birds > Digestive system > Large intestine > Fecal|Host-associated > Mammals > Digestive system > Large intestine > Fecal
Gs0156789	4	Engineered > Industrial production > Chemical products > Lab-grade water|Environmental > Terrestrial > Soil > Desert|Environmental > Terrestrial > Soil > Grasslands|Environmental > Terrestrial > Soil > Temperate forest > Bulk soil
Gs0156790	2	Environmental > Terrestrial > Soil > Agricultural land > Bulk soil|Host-associated > Plants > Roots > Rhizoplane
Gs0156791	9	Environmental > Aquatic > Deep subsurface > Groundwater|Environmental > Aquatic > Freshwater|Environmental > Aquatic > Freshwater > Lake|Environmental > Aquatic > Freshwater > Lake > Sediment|Environmental > Aquatic > Freshwater > River|Environmental > Aquatic > Marine > Coastal|Environmental > Aquatic > Marine > Coastal > Sediment|Environmental > Aquatic > Marine > Intertidal zone > Estuary|Environmental > Terrestrial > Soil > Tundra > Bulk soil
Gs0156792	1	Environmental > Aquatic > Freshwater > Lake
Gs0156793	17	Engineered > Built environment > Building|Engineered > Food production > Dairy products|Engineered > Food production > Fermented vegetables|Engineered > Lab culture > Culture media > Bacteria|Engineered > Modeled > Simulated communities (microbial mixture)|Environmental > Aquatic > Freshwater > River|Environmental > Aquatic > Freshwater > Sterile water|Environmental > Aquatic > Marine|Environmental > Terrestrial > Soil|Host-associated > Mammals > Digestive system > Large intestine > Fecal|Host-associated > Mammals > Digestive system > Small intestine|Host-associated > Mammals: Human > Digestive system > Large intestine > Fecal|Host-associated > Mammals: Human > Digestive system > Oral cavity > Saliva|Host-associated > Mammals: Human > Integumentary system > Skin|Host-associated > Mammals: Human > Respiratory system > Pharynx/Throat|Host-associated > Mammals: Human > Urinary system > Urine|Host-associated > Plants > Roots > Rhizosphere > Soil
Gs0156794	1	Environmental > Terrestrial > Soil > Contaminated
Gs0156795	1	Environmental > Terrestrial > Soil > Agricultural land > Bulk soil
Gs0156796	1	Engineered > Artificial ecosystem > Plant growth chamber
Gs0156797	1	Environmental > Terrestrial > Soil > Temperate forest > Bulk soil
Gs0156798	1	Environmental > Terrestrial > Soil > Shrubland
Gs0156799	1	Environmental > Terrestrial > Soil > Garden
Gs0156800	1	Environmental > Terrestrial > Soil > Temperate forest > Bulk soil
Gs0156801	1	Environmental > Terrestrial > Soil
Gs0156802	1	Environmental > Terrestrial > Soil > Agricultural land > Bulk soil
Gs0156803	2	Environmental > Terrestrial > Soil|Environmental > Terrestrial > Soil > Contaminated
Gs0156804	2	Environmental > Terrestrial > Soil > Agricultural land > Bulk soil|Environmental > Terrestrial > Soil > Tropical forest > Bulk soil
Gs0156805	4	Engineered > Industrial production > Chemical products > Lab-grade water|Environmental > Aquatic > Freshwater|Environmental > Terrestrial > Soil > Paddy field/soil|Host-associated > Plants > Roots > Rhizosphere
Gs0156806	8	Engineered > Industrial production > Chemical products > Lab-grade water|Engineered > Solid waste > Composting|Environmental > Air > Outdoor Air|Environmental > Aquatic > Deep subsurface > Groundwater > Contaminated|Environmental > Aquatic > Freshwater > Creek|Environmental > Terrestrial > Soil|Host-associated > Arthropoda: Chelicerates > Whole body|Host-associated > Arthropoda: Insects > Whole body
Gs0156807	1	Environmental > Terrestrial > Soil > Tundra
Gs0156808	1	Environmental > Terrestrial > Soil > Temperate forest > Bulk soil
Gs0156809	1	Environmental > Terrestrial > Soil > Paddy field/soil
Gs0156810	1	Environmental > Terrestrial > Soil > Garden
Gs0156813	2	Environmental > Terrestrial > Soil > Agricultural land > Bulk soil|Host-associated > Plants > Roots > Rhizosphere
Gs0156814	1	Environmental > Terrestrial > Soil > Agricultural land > Bulk soil
Gs0156815	1	Environmental > Terrestrial > Soil > Meadow > Bulk soil
Gs0156816	1	Environmental > Terrestrial > Soil > Agricultural land > Bulk soil
Gs0156817	1	Environmental > Terrestrial > Soil
Gs0156818	6	Environmental > Terrestrial > Soil > Agricultural land > Bulk soil|Host-associated > Arthropoda: Insects > Digestive system > Midgut|Host-associated > Arthropoda: Insects > Ootheca/Egg mass > Eggs|Host-associated > Arthropoda: Insects > Whole body|Host-associated > Plants > Phyllosphere > Phylloplane/Leaf|Host-associated > Plants > Phyllosphere > Stem
Gs0156819	1	Host-associated > Plants > Roots > Rhizosphere > Soil
Gs0156820	1	Environmental > Terrestrial > Soil > Agricultural land > Bulk soil
Gs0156821	1	Environmental > Terrestrial > Soil > Agricultural land > Bulk soil
Gs0156822	1	Environmental > Terrestrial > Soil > Agricultural land > Bulk soil
Gs0156823	2	Environmental > Terrestrial > Soil > Grasslands > Bulk soil|Environmental > Terrestrial > Soil > Tropical forest > Bulk soil
Gs0156824	1	Environmental > Terrestrial > Soil > Tundra > Bulk soil
Gs0156825	2	Engineered > Artificial ecosystem > Water microcosm|Environmental > Aquatic > Freshwater > Lake
Gs0156826	1	Environmental > Terrestrial > Soil > Wetlands
Gs0156827	2	Environmental > Terrestrial > Soil > Agricultural land > Bulk soil|Environmental > Terrestrial > Soil > Contaminated
Gs0156829	2	Engineered > Industrial production > Chemical products|Environmental > Terrestrial > Soil > Agricultural land > Bulk soil
Gs0156830	2	Engineered > Industrial production > Chemical products|Environmental > Terrestrial > Soil > Agricultural land > Bulk soil
Gs0156831	1	Environmental > Terrestrial > Soil > Agricultural land > Bulk soil
Gs0156832	1	Environmental > Terrestrial > Soil > Temperate forest > Bulk soil
Gs0156833	1	Environmental > Terrestrial > Soil > Temperate forest > Humus
Gs0156834	1	Environmental > Aquatic > Marine > Intertidal zone > Salt marsh sediment
Gs0156835	1	Environmental > Terrestrial > Soil > Tropical forest > Bulk soil
Gs0156836	1	Environmental > Terrestrial > Soil
Gs0156837	2	Environmental > Terrestrial > Soil > Garden|Host-associated > Plants > Roots > Rhizosphere
Gs0156838	1	Environmental > Terrestrial > Soil
Gs0156839	1	Environmental > Terrestrial > Soil > Tropical forest > Bulk soil
Gs0156840	3	Environmental > Aquatic > Non-marine Saline and Alkaline > Saline lake|Environmental > Aquatic > Non-marine Saline and Alkaline > Saline lake > Sediment|Environmental > Terrestrial > Soil > Lakeshore
Gs0156841	1	Engineered > Industrial production > Engineered product
Gs0156842	1	Environmental > Terrestrial > Soil
Gs0156843	1	Environmental > Terrestrial > Soil > Boreal forest/Taiga > Bulk soil
Gs0156844	2	Engineered > Sewage treatment plant > Sludge|Environmental > Terrestrial > Soil > Agricultural land > Bulk soil
Gs0156845	1	Environmental > Terrestrial > Soil > Desert
Gs0156846	1	Environmental > Terrestrial > Soil > Agricultural land > Bulk soil
Gs0156847	2	Environmental > Terrestrial > Soil|Environmental > Terrestrial > Soil > Forest
Gs0156848	1	Environmental > Terrestrial > Soil > Agricultural land > Bulk soil
Gs0156849	2	Engineered > Industrial production > Chemical products|Environmental > Terrestrial > Soil > Agricultural land > Bulk soil
Gs0156850	2	Environmental > Terrestrial > Soil|Host-associated > Arthropoda: Insects > Digestive system > Gut
Gs0156851	1	Environmental > Terrestrial > Soil > Agricultural land > Bulk soil
Gs0156852	2	Environmental > Terrestrial > Soil > Chaparral|Environmental > Terrestrial > Soil > Desert
Gs0156853	1	Environmental > Terrestrial > Soil > Garden
Gs0156854	1	Environmental > Aquatic > Freshwater > Storm water > Urban floodwater
Gs0156855	1	Environmental > Terrestrial > Soil > Tundra
Gs0156856	8	Environmental > Terrestrial > Soil > Grasslands|Environmental > Terrestrial > Soil > Tropical forest > Bulk soil|Host-associated > Mammals > Digestive system > Large intestine > Fecal|Host-associated > Mammals > Digestive system > Oral cavity > Saliva|Host-associated > Mammals > Integumentary system > Sebaceous glands > Sebum|Host-associated > Mammals: Human > Digestive system > Large intestine > Fecal|Host-associated > Mammals: Human > Digestive system > Oral cavity > Saliva|Host-associated > Mammals: Human > Integumentary system > Sebaceous glands > Sebum
Gs0156857	3	Engineered > Industrial production > Chemical products > Distilled water|Environmental > Terrestrial > Soil > Agricultural land > Bulk soil|Host-associated > Plants > Roots > Rhizosphere > Soil
Gs0156858	1	Environmental > Terrestrial > Soil > Temperate forest > Bulk soil
Gs0156859	3	Engineered > Industrial production > Chemical products > Distilled water|Environmental > Aquatic > Freshwater|Environmental > Terrestrial > Soil > Grasslands
Gs0156860	1	Environmental > Terrestrial > Soil > Grasslands
Gs0156865	6	Engineered > Built environment > Animal cage > Reptile cage|Environmental > Aquatic > Freshwater|Environmental > Terrestrial > Soil|Host-associated > Reptilia > Digestive system > Large intestine > Fecal|Host-associated > Reptilia > Digestive system > Oral cavity > Saliva|Host-associated > Reptilia > Integumentary system > Skin
Gs0156866	1	Environmental > Terrestrial > Soil > Boreal forest/Taiga > Bulk soil
Gs0156867	1	Host-associated > Plants > Roots > Rhizosphere > Soil
Gs0156868	1	Host-associated > Mammals: Human > Digestive system > Large intestine > Fecal
Gs0156869	1	Engineered > WWTP > Wastewater
Gs0156870	3	Environmental > Terrestrial > Soil > Chaparral|Environmental > Terrestrial > Soil > Grasslands|Environmental > Terrestrial > Soil > Tropical forest > Bulk soil
Gs0156871	1	Environmental > Terrestrial > Soil > Agricultural land > Bulk soil
Gs0156872	1	Environmental > Terrestrial > Soil > Temperate forest > Bulk soil
Gs0156873	2	Environmental > Terrestrial > Soil > City park|Environmental > Terrestrial > Soil > Garden > Green roof
Gs0156874	1	Environmental > Terrestrial > Plant litter
Gs0156875	2	Environmental > Terrestrial > Soil > Grasslands|Host-associated > Plants > Roots > Rhizosphere
Gs0156879	1	Environmental > Terrestrial > Plant litter
Gs0157272	3	Engineered > Industrial production > Chemical products > Reagent blank|Environmental > Aquatic > Freshwater > Pond|Environmental > Aquatic > Freshwater > Pond > Sediment
Gs0157273	1	Environmental > Aquatic > Marine > Intertidal zone > Salt marsh
Gs0157274	2	Environmental > Terrestrial > Soil > Glacial till|Host-associated > Plants > Peat moss
Gs0157281	1	Engineered > Modeled > Simulated communities (contig mixture)
Gs0157293	1	Environmental > Aquatic > Non-marine Saline and Alkaline > Hypersaline > Sediment
Gs0157299	1	Environmental > Aquatic > Thermal springs > Hot (42-90C) > Sediment
Gs0157300	1	Host-associated > Invertebrates > Nematoda
Gs0159098	1	Environmental > Terrestrial > Soil > Desert
Gs0159099	1	Environmental > Terrestrial > Soil > Agricultural land
Gs0159100	1	Environmental > Terrestrial > Soil > Temperate forest > A horizon/Topsoil
Gs0159101	4	Engineered > Solid waste > Animal waste > Manure|Environmental > Aquatic > Freshwater > River|Environmental > Terrestrial > Soil > Agricultural land|Host-associated > Plants > Phyllosphere
Gs0159102	2	Environmental > Aquatic > Aquaculture > Shrimp pond|Host-associated > Arthropoda: Crustaceans > Larva > Gut
Gs0159103	1	Environmental > Terrestrial > Soil > Wetlands
Gs0159104	1	Environmental > Terrestrial > Soil > Temperate forest
Gs0159105	1	Environmental > Terrestrial > Soil > Tundra > Permafrost
Gs0159106	2	Environmental > Terrestrial > Soil > Shrubland|Host-associated > Mammals > Digestive system > Large intestine > Fecal
Gs0159107	1	Environmental > Terrestrial > Soil > Grasslands
Gs0159108	1	Environmental > Terrestrial > Soil > Agricultural land
Gs0159109	11	Engineered > Modeled > Simulated communities (DNA mixture)|Environmental > Aquatic > Freshwater > Creek|Environmental > Aquatic > Freshwater > Lake > Epilimnion/Euphotic zone|Environmental > Aquatic > Marine > Coastal|Environmental > Aquatic > Marine > Intertidal zone > Estuary|Environmental > Terrestrial > Soil > Desert|Environmental > Terrestrial > Soil > Grasslands|Environmental > Terrestrial > Soil > Temperate forest|Host-associated > Mammals: Human > Digestive system > Large intestine > Fecal|Host-associated > Mammals: Human > Digestive system > Oral cavity > Saliva|Host-associated > Mammals: Human > Integumentary system > Skin > Skin surface
Gs0159110	1	Environmental > Terrestrial > Soil > Grasslands
Gs0159111	1	Environmental > Terrestrial > Soil
Gs0159112	1	Environmental > Terrestrial > Soil
Gs0159113	1	Environmental > Terrestrial > Soil > Agricultural land
Gs0159114	2	Environmental > Terrestrial > Soil > Agricultural land|Environmental > Terrestrial > Soil > Grasslands
Gs0159115	1	Environmental > Terrestrial > Soil > Agricultural land
Gs0159116	2	Environmental > Terrestrial > Soil > Agricultural land|Environmental > Terrestrial > Soil > Temperate forest > B horizon/Subsoil
Gs0159117	1	Environmental > Terrestrial > Soil > Paddy field/soil
Gs0159118	1	Environmental > Terrestrial > Soil > Agricultural land
Gs0159119	3	Environmental > Terrestrial > Soil > Agricultural land > Bulk soil|Host-associated > Plants > Roots|Host-associated > Plants > Roots > Rhizosphere > Soil
Gs0159120	2	Environmental > Terrestrial > Soil > Shrubland > Bulk soil|Host-associated > Plants > Roots > Rhizosphere > Soil
Gs0159121	3	Environmental > Terrestrial > Soil > Agricultural land|Host-associated > Mammals > Digestive system > Large intestine > Fecal|Host-associated > Plants > Roots > Taproot
Gs0159122	1	Environmental > Terrestrial > Soil > Grasslands
Gs0159123	2	Environmental > Terrestrial > Soil|Host-associated > Mammals > Digestive system > Large intestine > Fecal
Gs0159124	1	Environmental > Terrestrial > Soil
Gs0159129	13	Environmental > Aquatic > Deep subsurface > Groundwater|Environmental > Aquatic > Freshwater > Lake|Environmental > Aquatic > Freshwater > Lake > Sediment|Environmental > Aquatic > Non-marine Saline and Alkaline > Saline|Environmental > Aquatic > Non-marine Saline and Alkaline > Saline > Sediment|Environmental > Aquatic > Thermal springs > Acid lake > Sediment|Environmental > Aquatic > Thermal springs > Hot (42-90C)|Environmental > Aquatic > Thermal springs > Hot (42-90C) > Sediment|Environmental > Aquatic > Thermal springs > Tepid (25-34C)|Environmental > Aquatic > Thermal springs > Tepid (25-34C) > Sediment|Environmental > Aquatic > Thermal springs > Warm (34-42C)|Environmental > Aquatic > Thermal springs > Warm (34-42C) > Sediment|Environmental > Terrestrial > Soil
Gs0159130	1	Host-associated > Mammals: Human > Digestive system > Large intestine > Fecal
Gs0159131	1	Host-associated > Mammals: Human > Digestive system > Large intestine > Fecal
Gs0159132	1	Host-associated > Mammals: Human > Digestive system > Large intestine > Fecal
Gs0159133	1	Host-associated > Mammals > Digestive system > Large intestine > Fecal
Gs0159134	1	Host-associated > Mammals: Human > Digestive system > Large intestine > Fecal
Gs0159135	1	Host-associated > Mammals > Digestive system > Large intestine > Fecal
Gs0159136	1	Host-associated > Arthropoda: Chelicerates > Cell Line > ISE6
Gs0159137	1	Host-associated > Mammals: Human > Digestive system > Oral cavity > Saliva
Gs0159138	1	Host-associated > Mammals > Digestive system > Large intestine > Fecal
Gs0159139	2	Host-associated > Mammals: Human > Circulatory system > Blood > Plasma|Host-associated > Mammals: Human > Respiratory system > Lung
Gs0159140	1	Host-associated > Mammals: Human > Digestive system > Large intestine > Fecal
Gs0159141	1	Host-associated > Birds > Digestive system > Large intestine > Fecal
Gs0159142	1	Host-associated > Mammals > Digestive system > Large intestine > Fecal
Gs0159143	1	Host-associated > Plants > Phyllosphere > Caulosphere > Bark
Gs0159144	1	Host-associated > Mammals > Circulatory system > Blood
Gs0159145	1	Environmental > Aquatic > Marine > Oceanic
Gs0159146	1	Environmental > Aquatic > Freshwater > Lake
Gs0159147	8	Engineered > Industrial production > Chemical products > Buffer|Engineered > Industrial production > Chemical products > Lab-grade water|Engineered > Modeled > Simulated communities (microbial mixture)|Engineered > WWTP > Wastewater|Environmental > Aquatic > Freshwater > River|Environmental > Aquatic > Freshwater > River > Sediment|Environmental > Aquatic > Marine > Intertidal zone > Beach/Shore|Host-associated > Mollusca > Digestive system
Gs0159148	1	Environmental > Aquatic > Marine > Coastal
Gs0159149	1	Host-associated > Mammals > Multiple systems > Soft tissue > Pooled tissues
Gs0159150	1	Environmental > Aquatic > Freshwater > River
Gs0159152	2	Engineered > Food production > Dairy products > Fermented dairy products|Engineered > Food production > Dairy products > Fermented dairy products > Cheese
Gs0159153	1	Host-associated > Mammals > Respiratory system > Lung
Gs0159154	1	Environmental > Aquatic > Marine > Intertidal zone > Estuary
Gs0159155	1	Environmental > Aquatic > Marine > Coastal
Gs0159156	1	Environmental > Aquatic > Marine > Ocean trench
Gs0159157	1	Engineered > WWTP > Wastewater
Gs0159158	3	Engineered > Industrial production > Chemical products > Lab-grade water|Host-associated > Mammals: Human > Circulatory system > Blood > Serum|Host-associated > Mammals: Human > Digestive system > Large intestine > Fecal
Gs0159159	1	Host-associated > Mammals > Multiple systems > Multiple organs > Pooled tissues
Gs0159161	1	Host-associated > Mammals: Human > Lymphatic system > Lymph nodes
Gs0159162	1	Host-associated > Mammals > Digestive system > Large intestine > Fecal
Gs0159163	1	Host-associated > Mammals > Digestive system > Large intestine > Fecal
Gs0159164	1	Environmental > Aquatic > Marine
Gs0159165	1	Host-associated > Arthropoda: Insects > Whole body
Gs0159166	1	Host-associated > Mammals > Digestive system > Large intestine > Fecal
Gs0159167	1	Host-associated > Mammals: Human > Circulatory system > Blood > Plasma
Gs0159168	3	Host-associated > Mammals: Human > Circulatory system > Blood > Plasma|Host-associated > Mammals: Human > Digestive system > Large intestine > Fecal|Host-associated > Mammals: Human > Respiratory system > Pharynx/Throat > Nasopharynx
Gs0159180	1	Environmental > Terrestrial > Soil > Wetlands
Gs0159181	2	Environmental > Aquatic > Freshwater > Lake|Environmental > Aquatic > Freshwater > River
Gs0159182	1	Host-associated > Plants > Roots > Rhizosphere > Soil
Gs0159198	3	Engineered > WWTP > Wastewater|Environmental > Aquatic > Freshwater|Environmental > Aquatic > Marine > Coastal
Gs0159211	1	Environmental > Terrestrial > Soil > Greenhouse
Gs0159212	1	Host-associated > Microbial > Bacteria
Gs0159252	1	Engineered > Artificial ecosystem > Seawater microcosm
Gs0159253	4	Environmental > Aquatic > Freshwater > River|Environmental > Aquatic > Freshwater > River > Sediment|Environmental > Aquatic > Marine > Intertidal zone > Estuary|Environmental > Aquatic > Marine > Intertidal zone > Estuary: Sediment
Gs0159254	1	Environmental > Terrestrial > Soil > Tree plantation
Gs0159255	2	Engineered > Artificial ecosystem > Mesocosm > Soil|Host-associated > Annelida > Digestive system
Gs0159256	1	Environmental > Aquatic > Freshwater > Lake
Gs0159257	1	Environmental > Aquatic > Marine > Coastal
Gs0159258	3	Engineered > Industrial production > Chemical products|Engineered > Modeled > Simulated communities (DNA mixture)|Environmental > Aquatic > Freshwater > Lake
Gs0159259	1	Environmental > Aquatic > Marine > Intertidal zone > Estuary
Gs0159260	1	Environmental > Aquatic > Marine > Coastal
Gs0159261	3	Engineered > Artificial ecosystem > Mesocosm > Seawater|Environmental > Aquatic > Marine > Coastal|Environmental > Aquatic > Marine > Oceanic
Gs0159262	1	Environmental > Aquatic > Freshwater > Lake
Gs0159263	1	Environmental > Terrestrial > Soil > Tundra
Gs0159264	1	Environmental > Terrestrial > Soil > Grasslands
Gs0159265	1	Environmental > Aquatic > Marine > Coastal
Gs0159266	1	Environmental > Aquatic > Freshwater > Lake
Gs0159267	1	Environmental > Aquatic > Deep subsurface > Groundwater > Spring
Gs0159268	1	Environmental > Aquatic > Marine > Coastal
Gs0159269	1	Environmental > Aquatic > Marine > Oceanic
Gs0159270	1	Environmental > Aquatic > Marine > Oceanic
Gs0159271	1	Environmental > Aquatic > Marine > Coastal
Gs0159272	1	Environmental > Aquatic > Marine > Oceanic
Gs0159273	1	Environmental > Aquatic > Marine > Oceanic
Gs0159274	3	Engineered > Industrial production > Engineered product|Engineered > Modeled > Simulated communities (DNA mixture)|Environmental > Aquatic > Freshwater > Lake
Gs0159275	1	Environmental > Aquatic > Marine > Oceanic
Gs0159276	2	Environmental > Aquatic > Freshwater > Pond > Sediment|Environmental > Aquatic > Freshwater > Wetlands > Sediment
Gs0159277	4	Environmental > Aquatic > Freshwater > Lake|Environmental > Aquatic > Freshwater > Lake > Sediment|Environmental > Aquatic > Freshwater > Pond|Environmental > Aquatic > Freshwater > Reservoir
Gs0159278	5	Environmental > Aquatic > Freshwater > Ice > Snow|Environmental > Aquatic > Marine > Marginal Sea|Environmental > Aquatic > Marine > Oceanic|Environmental > Aquatic > Marine > Sea ice|Environmental > Aquatic > Marine > Sea ice > Melt pond
Gs0159279	1	Environmental > Aquatic > Freshwater > River
Gs0159280	5	Engineered > Artificial ecosystem > Mesocosm > Lake water|Engineered > Wastewater > Sewage|Environmental > Aquatic > Freshwater > Lake|Host-associated > Mammals > Digestive system > Large intestine > Fecal|Host-associated > Mammals: Human > Digestive system > Large intestine > Fecal
Gs0159281	3	Engineered > Artificial ecosystem > Plant growth chamber > Soil|Environmental > Air > Indoor Air|Host-associated > Plants > Phyllosphere > Phylloplane/Leaf
Gs0159282	1	Environmental > Aquatic > Marine > Oceanic
Gs0159283	1	Environmental > Terrestrial > Soil > Grasslands
Gs0159284	1	Environmental > Terrestrial > Soil > Agricultural land
Gs0159285	1	Environmental > Aquatic > Marine
Gs0159286	1	Environmental > Aquatic > Marine > Intertidal zone > Estuary
Gs0159287	1	Environmental > Aquatic > Freshwater > Pond > Sediment
Gs0159288	2	Environmental > Aquatic > Aquaculture|Host-associated > Arthropoda: Crustaceans > Digestive system > Gut
Gs0159289	1	Environmental > Aquatic > Marine
Gs0159290	3	Engineered > WWTP > Effluent|Engineered > Wastewater > Industrial wastewater > Aquaculture farm|Environmental > Aquatic > Freshwater > River
Gs0159291	6	Environmental > Aquatic > Marine|Environmental > Aquatic > Marine > Intertidal zone > Estuary: Sediment|Environmental > Aquatic > Marine > Intertidal zone > Mangrove sediment|Environmental > Aquatic > Marine > Intertidal zone > Seagrass bed sediment|Environmental > Aquatic > Marine > Intertidal zone > Sediment|Environmental > Aquatic > Marine > Intertidal zone > Tidal flats
Gs0159292	2	Engineered > Industrial production > Chemical products|Host-associated > Mammals: Human > Skeletal system > Bone
Gs0159293	1	Environmental > Aquatic > Freshwater > Creek
Gs0159294	1	Engineered > Artificial ecosystem > Mesocosm > Lake water > Sieved
Gs0159295	1	Environmental > Aquatic > Marine > Coastal
Gs0159296	1	Environmental > Aquatic > Freshwater > Lake
Gs0159297	1	Environmental > Aquatic > Marine > Pelagic zone > Epipelagic/Euphotic zone
Gs0159298	1	Environmental > Aquatic > Freshwater > Reservoir
Gs0159299	1	Environmental > Aquatic > Marine > Coastal
Gs0159300	2	Environmental > Aquatic > Marine|Host-associated > Fish > Digestive system > Intestine
Gs0159301	1	Environmental > Terrestrial > Soil
Gs0159302	1	Environmental > Aquatic > Freshwater
Gs0159303	1	Environmental > Aquatic > Marine
Gs0159304	1	Environmental > Aquatic > Freshwater
Gs0159305	1	Environmental > Aquatic > Marine > Coastal lagoon
Gs0159306	3	Environmental > Aquatic > Marine > Neritic zone/Coastal water|Environmental > Aquatic > Marine > Neritic zone/Coastal water > Reef zone|Environmental > Aquatic > Marine > Pelagic zone
Gs0159307	1	Environmental > Aquatic > Freshwater
Gs0159308	4	Environmental > Terrestrial > Soil > Desert|Environmental > Terrestrial > Soil > Grasslands|Environmental > Terrestrial > Soil > Tropical forest|Environmental > Terrestrial > Soil > Wetlands
Gs0159309	1	Environmental > Aquatic > Marine
Gs0159310	1	Environmental > Aquatic > Freshwater > Wetlands > Sediment
Gs0159311	2	Environmental > Terrestrial > Soil > Greenhouse|Host-associated > Plants > Roots > Rhizosphere > Soil
Gs0159312	2	Environmental > Aquatic > Marine > Fjord|Environmental > Aquatic > Marine > Fjord > Sediment
Gs0159313	1	Environmental > Aquatic > Marine > Intertidal zone > Beach/Shore
Gs0159314	3	Engineered > Industrial production > Chemical products > Reagent blank|Environmental > Terrestrial > Soil|Environmental > Terrestrial > Soil > Wetlands
Gs0159315	1	Environmental > Aquatic > Freshwater > River
Gs0159317	1	Environmental > Aquatic > Freshwater > River > Sediment
Gs0159318	1	Environmental > Terrestrial > Soil > Desert
Gs0159319	1	Environmental > Aquatic > Freshwater > Lake > Hypolimnion/Profundal zone
Gs0159320	1	Environmental > Terrestrial > Soil > Grasslands
Gs0159321	1	Environmental > Aquatic > Marine > Oceanic
Gs0159322	6	Engineered > WWTP > Wastewater|Environmental > Aquatic > Freshwater > River|Environmental > Aquatic > Freshwater > River > Sediment|Environmental > Terrestrial > Soil > Forest|Environmental > Terrestrial > Soil > Meadow > Bulk soil|Environmental > Terrestrial > Soil > Pasture
Gs0159323	1	Environmental > Aquatic > Marine > Intertidal zone > Beach/Shore
Gs0159324	1	Environmental > Aquatic > Freshwater > Lake
Gs0159325	1	Environmental > Aquatic > Marine > Intertidal zone > Estuary: Sediment
Gs0159326	1	Environmental > Aquatic > Marine > Neritic zone/Coastal water > Subtidal zone sediment
Gs0159327	1	Environmental > Aquatic > Marine > Coastal lagoon
Gs0159328	1	Environmental > Aquatic > Marine > Intertidal zone > Estuary
Gs0159344	1	Environmental > Aquatic > Freshwater > Lake > Sediment
Gs0160663	1	Environmental > Terrestrial > Soil > Temperate forest
Gs0160665	1	Environmental > Aquatic > Thermal springs > Sediment
Gs0160697	1	Environmental > Aquatic > Thermal springs > Sediment
Gs0160699	2	Environmental > Terrestrial > Soil > Agricultural land|Host-associated > Plants > Roots > Rhizosphere > Soil
Gs0160700	1	Environmental > Aquatic > Freshwater > River > Sediment
Gs0160719	2	Environmental > Terrestrial > Soil > Agricultural land|Host-associated > Fungi > Mycelium
Gs0160720	1	Environmental > Aquatic > Marine > Strait
Gs0160745	1	Environmental > Terrestrial > Soil > Mangrove soil
Gs0160746	2	Environmental > Aquatic > Freshwater > Creek|Environmental > Aquatic > Freshwater > Creek > Sediment
Gs0160747	1	Environmental > Aquatic > Marine > Cold seeps
Gs0160748	1	Environmental > Terrestrial > Soil > Paddy field/soil
Gs0160749	1	Environmental > Terrestrial > Soil > Grasslands
Gs0160750	4	Engineered > WWTP > Wastewater|Environmental > Aquatic > Freshwater > Lake|Environmental > Aquatic > Freshwater > River|Environmental > Aquatic > Freshwater > River > Sediment
Gs0160751	1	Environmental > Terrestrial > Soil > Soil crust > Biological
Gs0160752	1	Host-associated > Plants > Roots > Rhizosphere > Soil
Gs0160753	1	Environmental > Terrestrial > Soil > Tundra
Gs0160754	2	Environmental > Terrestrial > Soil|Environmental > Terrestrial > Soil > Agricultural land
Gs0160755	1	Environmental > Terrestrial > Soil
Gs0160756	2	Environmental > Aquatic > Marine|Host-associated > Porifera > Sponge
Gs0160757	1	Environmental > Aquatic > Freshwater > Lake
Gs0160758	1	Environmental > Terrestrial > Soil > Agricultural land
Gs0160759	2	Environmental > Aquatic > Marine > Coastal lagoon|Environmental > Aquatic > Marine > Intertidal zone > Estuary
Gs0160760	1	Environmental > Aquatic > Freshwater > River
Gs0160761	1	Environmental > Aquatic > Freshwater > Creek > Sediment
Gs0160762	1	Environmental > Aquatic > Marine > Intertidal zone > Estuary: Sediment
Gs0160763	1	Environmental > Aquatic > Freshwater > River
Gs0160764	1	Environmental > Aquatic > Marine > Coastal > Sediment
Gs0160765	1	Environmental > Aquatic > Freshwater > Lake
Gs0160766	1	Environmental > Terrestrial > Soil > Peat > Fen
Gs0160767	1	Environmental > Terrestrial > Soil > Tundra
Gs0160768	3	Engineered > Industrial production > Chemical products > PCR blank control|Engineered > Industrial production > Chemical products > Reagent blank|Environmental > Terrestrial > Soil > Grasslands > Pasture
Gs0160769	1	Environmental > Terrestrial > Soil > Grasslands
Gs0160770	1	Environmental > Aquatic > Freshwater > River
Gs0160771	1	Environmental > Terrestrial > Soil
Gs0160772	1	Environmental > Aquatic > Marine > Neritic zone/Coastal water > Subtidal zone sediment
Gs0160773	1	Environmental > Aquatic > Marine > Oceanic
Gs0160774	1	Environmental > Aquatic > Marine > Coastal
Gs0160775	2	Environmental > Terrestrial > Soil > Agricultural land|Environmental > Terrestrial > Soil > Paddy field/soil
Gs0160776	2	Environmental > Terrestrial > Soil > Agricultural land > Bulk soil|Host-associated > Plants > Roots > Rhizosphere > Soil
Gs0160777	1	Environmental > Aquatic > Marine > Intertidal zone > Beach/Shore
Gs0160778	1	Environmental > Terrestrial > Soil > Grasslands
Gs0160779	2	Environmental > Aquatic > Freshwater|Environmental > Aquatic > Marine > Coastal
Gs0160780	2	Environmental > Aquatic > Marine > Oceanic > Oceanic crust|Environmental > Aquatic > Marine > Oceanic > Sediment
Gs0160781	2	Environmental > Terrestrial > Soil > Agricultural land|Environmental > Terrestrial > Soil > Paddy field/soil
Gs0160782	1	Environmental > Aquatic > Marine
Gs0160783	1	Environmental > Aquatic > Marine > Coastal > Sediment
Gs0160784	1	Host-associated > Plants > Roots > Rhizosphere > Soil
Gs0160785	15	Environmental > Aquatic > Freshwater > Lake > Sediment|Environmental > Aquatic > Freshwater > Pond > Sediment|Environmental > Aquatic > Freshwater > Reservoir|Environmental > Aquatic > Freshwater > River > Sediment|Environmental > Aquatic > Marine > Coastal > Sediment|Environmental > Aquatic > Marine > Intertidal zone > Mangrove sediment|Environmental > Aquatic > Marine > Intertidal zone > Tidal flats|Environmental > Aquatic > Marine > Wetlands|Environmental > Terrestrial > Soil > Agricultural land|Environmental > Terrestrial > Soil > Desert|Environmental > Terrestrial > Soil > Grasslands|Environmental > Terrestrial > Soil > Paddy field/soil|Environmental > Terrestrial > Soil > Temperate forest|Host-associated > Birds > Digestive system > Large intestine > Fecal|Host-associated > Mammals > Digestive system > Large intestine > Fecal
Gs0160787	1	Environmental > Terrestrial > Soil > Tundra
Gs0160788	1	Environmental > Terrestrial > Soil
Gs0160789	2	Environmental > Aquatic > Marine > Benthic zone > Sediment|Host-associated > Invertebrates > Cnidaria > Coral
Gs0160790	1	Environmental > Aquatic > Non-marine Saline and Alkaline > Saline
Gs0160791	1	Environmental > Aquatic > Marine > Cold seeps > Sediment
Gs0160792	2	Engineered > WWTP > Wastewater|Environmental > Aquatic > Freshwater > Lake
Gs0160793	1	Environmental > Aquatic > Freshwater > Creek > Sediment
Gs0160794	1	Environmental > Aquatic > Marine > Coastal
Gs0160795	1	Environmental > Aquatic > Marine > Oceanic
Gs0160796	1	Environmental > Aquatic > Marine > Coastal > Sediment
Gs0160797	1	Environmental > Terrestrial > Soil > Agricultural land
Gs0160798	1	Environmental > Terrestrial > Soil > Peat > Fen
Gs0160799	1	Host-associated > Microbial > Bacteria
Gs0160802	1	Environmental > Terrestrial > Soil > Grasslands
Gs0161320	3	Environmental > Aquatic > Marine > Coastal|Environmental > Aquatic > Marine > Pelagic zone > Bathypelagic/Bathyal zone|Environmental > Aquatic > Marine > Pelagic zone > Epipelagic/Euphotic zone
Gs0161339	1	Environmental > Aquatic > Freshwater > Reservoir > Sediment
Gs0161344	8	Environmental > Terrestrial > Soil > Boreal forest/Taiga|Environmental > Terrestrial > Soil > Desert|Environmental > Terrestrial > Soil > Grasslands|Environmental > Terrestrial > Soil > Shrubland|Environmental > Terrestrial > Soil > Temperate forest|Environmental > Terrestrial > Soil > Tropical forest|Environmental > Terrestrial > Soil > Tundra|Environmental > Terrestrial > Soil > Wetlands
Gs0161381	2	Environmental > Aquatic > Marine > Coastal|Environmental > Aquatic > Marine > Intertidal zone > Estuary
Gs0161382	1	Environmental > Terrestrial > Soil > Temperate forest
Gs0161418	1	Environmental > Terrestrial > Soil > Agricultural land
Gs0161419	3	Environmental > Aquatic > Thermal springs|Environmental > Aquatic > Thermal springs > Microbial mats|Environmental > Aquatic > Thermal springs > Sediment
Gs0161423	1	Host-associated > Mammals: Human > Digestive system > Oral cavity > Saliva
Gs0161431	2	Environmental > Aquatic > Non-marine Saline and Alkaline > Saline lake|Environmental > Terrestrial > Soil > Salt flat/Salt pan
Gs0161438	1	Engineered > Lab culture > Culture media > Contaminated
Gs0161449	2	Environmental > Terrestrial > Soil > Temperate forest > Mineral soil|Environmental > Terrestrial > Soil > Temperate forest > O horizon/Organic
Gs0161450	1	Environmental > Aquatic > Marine > Intertidal zone > Salt marsh sediment
Gs0161451	1	Environmental > Aquatic > Freshwater > Lake
Gs0161452	4	Environmental > Terrestrial > Soil|Host-associated > Mammals > Digestive system > Large intestine > Fecal|Host-associated > Mammals > Remains > Fossilized remains > Bone|Host-associated > Mammals > Remains > Fossilized remains > Coprolite
Gs0161453	1	Environmental > Aquatic > Freshwater > Lake > Cyanobacterial aggregates
Gs0161454	1	Environmental > Aquatic > Freshwater > Lake > Cyanobacterial aggregates
Gs0161455	1	Environmental > Terrestrial > Soil > Peat
Gs0161456	1	Environmental > Aquatic > Freshwater > Lake > Sediment
Gs0161457	1	Environmental > Terrestrial > Soil > Soil crust > Biological
Gs0161458	1	Environmental > Aquatic > Freshwater > Lake
Gs0161459	5	Environmental > Terrestrial > Soil|Environmental > Terrestrial > Soil > Agricultural land|Environmental > Terrestrial > Soil > City park|Environmental > Terrestrial > Soil > Laurel/Subtropical forest > A horizon/Topsoil|Environmental > Terrestrial > Soil > Paddy field/soil
Gs0161460	5	Environmental > Terrestrial > Soil|Environmental > Terrestrial > Soil > Agricultural land|Environmental > Terrestrial > Soil > City park|Environmental > Terrestrial > Soil > Laurel/Subtropical forest > A horizon/Topsoil|Environmental > Terrestrial > Soil > Paddy field/soil
Gs0161461	1	Environmental > Terrestrial > Soil
Gs0161462	1	Environmental > Aquatic > Marine > Pelagic zone > Epipelagic/Euphotic zone
Gs0161463	2	Environmental > Aquatic > Marine > Pelagic zone > Epipelagic/Euphotic zone|Environmental > Aquatic > Marine > Pelagic zone > Mesopelagic/Twilight zone
Gs0161464	1	Environmental > Aquatic > Marine > Coastal
Gs0161465	1	Environmental > Terrestrial > Soil > Grasslands
Gs0161466	1	Environmental > Aquatic > Marine > Pelagic zone > Epipelagic/Euphotic zone
Gs0161467	1	Environmental > Aquatic > Marine > Pelagic zone > Epipelagic/Euphotic zone
Gs0161468	3	Environmental > Aquatic > Marine > Pelagic zone > Bathypelagic/Bathyal zone|Environmental > Aquatic > Marine > Pelagic zone > Epipelagic/Euphotic zone|Environmental > Aquatic > Marine > Pelagic zone > Mesopelagic/Twilight zone
Gs0161469	1	Environmental > Terrestrial > Soil > Soil crust > Biological
Gs0161470	1	Environmental > Terrestrial > Soil > Soil crust > Biological
Gs0161471	1	Environmental > Terrestrial > Soil > Soil crust > Biological
Gs0161472	1	Environmental > Terrestrial > Soil > Floodplain > Fluvial sediment
Gs0161473	3	Environmental > Terrestrial > Soil|Environmental > Terrestrial > Soil > Agricultural land|Environmental > Terrestrial > Soil > Shrubland
Gs0161474	1	Environmental > Terrestrial > Soil > Agricultural land
Gs0161477	4	Environmental > Aquatic > Freshwater > Wetlands|Host-associated > Plants > Phyllosphere > Phylloplane/Leaf|Host-associated > Plants > Roots|Host-associated > Plants > Roots > Rhizosphere
Gs0161478	1	Environmental > Terrestrial > Soil
Gs0161479	1	Environmental > Aquatic > Marine > Intertidal zone > Estuary: Sediment
Gs0161480	2	Environmental > Terrestrial > Soil|Host-associated > Annelida > Digestive system > Digestive tube
Gs0161481	1	Engineered > Artificial ecosystem > Soil microcosm
Gs0161482	1	Environmental > Aquatic > Marine > Pelagic zone > Epipelagic/Euphotic zone
Gs0161483	1	Environmental > Aquatic > Marine > Pelagic zone
Gs0161484	1	Environmental > Aquatic > Freshwater > Lake
Gs0161485	1	Environmental > Aquatic > Freshwater > River
Gs0161486	1	Environmental > Aquatic > Freshwater > River
Gs0161487	1	Environmental > Aquatic > Freshwater > Pond
Gs0161488	3	Environmental > Terrestrial > Soil > Greenhouse|Environmental > Terrestrial > Soil > Paddy field/soil|Host-associated > Plants > Roots > Rhizosphere > Soil
Gs0161489	1	Environmental > Aquatic > Freshwater
Gs0161490	2	Host-associated > Birds > Digestive system > Large intestine > Fecal|Host-associated > Plants > Roots > Taproot
Gs0161491	2	Environmental > Aquatic > Marine > Coastal|Environmental > Aquatic > Marine > Intertidal zone > Estuary
Gs0161492	5	Environmental > Aquatic > Marine > Pelagic zone > Abyssopelagic/Abyssal zone|Environmental > Aquatic > Marine > Pelagic zone > Bathypelagic/Bathyal zone|Environmental > Aquatic > Marine > Pelagic zone > Epipelagic/Euphotic zone|Environmental > Aquatic > Marine > Pelagic zone > Hadopelagic zone/Ocean trenches|Environmental > Aquatic > Marine > Pelagic zone > Mesopelagic/Twilight zone
Gs0161493	1	Environmental > Terrestrial > Soil > Grasslands
Gs0161494	5	Engineered > Artificial ecosystem > Aquaculture > Crustaceans pond|Engineered > Artificial ecosystem > Aquaculture > Crustaceans pond > Sediment|Environmental > Aquatic > Freshwater > River|Host-associated > Arthropoda: Crustaceans > Digestive system > Gut > Intestine|Host-associated > Birds > Digestive system > Large intestine > Fecal
Gs0161495	2	Environmental > Aquatic > Marine > Coastal|Environmental > Aquatic > Marine > Intertidal zone > Estuary
Gs0161496	2	Environmental > Aquatic > Marine > Fjord|Environmental > Aquatic > Marine > Fjord > Sediment
Gs0161497	1	Environmental > Terrestrial > Soil > Grasslands
Gs0161498	2	Environmental > Terrestrial > Soil|Host-associated > Mammals: Human > Remains > Skeletonized remains > Dental calculus
Gs0161499	1	Environmental > Aquatic > Marine > Neritic zone/Coastal water > Subtidal zone sediment
Gs0161500	1	Environmental > Terrestrial > Soil
Gs0161501	1	Environmental > Terrestrial > Soil
Gs0161502	2	Engineered > Wastewater > Urban wastewater > Slums/Informal settlements|Environmental > Terrestrial > Soil
Gs0161503	1	Host-associated > Mammals: Human > Digestive system > Large intestine > Fecal
Gs0161505	1	Environmental > Aquatic > Marine > Coastal
Gs0161506	2	Environmental > Terrestrial > Soil|Environmental > Terrestrial > Soil > Paddy field/soil
Gs0161507	1	Environmental > Aquatic > Marine > Intertidal zone > Estuary: Sediment
Gs0161508	1	Environmental > Terrestrial > Soil > Paddy field/soil
Gs0161509	2	Engineered > Solid waste > Animal waste > Manure|Environmental > Terrestrial > Soil > Agricultural land
Gs0161510	1	Environmental > Terrestrial > Soil > Tree plantation
Gs0161511	1	Environmental > Terrestrial > Soil
Gs0161512	1	Environmental > Aquatic > Freshwater > River
Gs0161513	1	Environmental > Terrestrial > Soil > Glacier > Glacier forefield
Gs0161514	1	Environmental > Aquatic > Marine > Pelagic zone > Abyssopelagic/Abyssal zone
Gs0161515	2	Environmental > Terrestrial > Soil > Desert|Environmental > Terrestrial > Soil > Desert > Gibber plain
Gs0161516	1	Host-associated > Plants > Roots > Rhizosphere > Soil
Gs0161517	1	Environmental > Aquatic > Freshwater > Creek
Gs0161518	1	Environmental > Aquatic > Freshwater > Creek
Gs0161519	1	Environmental > Aquatic > Marine > Pelagic zone
Gs0161520	1	Environmental > Terrestrial > Soil > Tundra > Permafrost
Gs0161521	2	Environmental > Terrestrial > Soil > Agricultural land|Host-associated > Plants > Roots > Rhizosphere
Gs0161522	3	Environmental > Aquatic > Freshwater > River|Environmental > Aquatic > Marine > Coastal|Environmental > Aquatic > Marine > Intertidal zone > Estuary
Gs0161523	1	Environmental > Aquatic > Freshwater > Lake
Gs0161524	1	Engineered > Wastewater > Reclaimed/Recycled wastewater
Gs0161525	1	Environmental > Terrestrial > Deep subsurface > Aquifer > Rock core/Sediment
Gs0161526	1	Environmental > Aquatic > Freshwater > Creek > Sediment
Gs0161527	1	Engineered > Bioreactor > Anaerobic
Gs0161528	1	Environmental > Terrestrial > Soil > Wetlands
Gs0161529	1	Environmental > Aquatic > Marine > Pelagic zone > Sediment
Gs0161530	1	Environmental > Aquatic > Freshwater > Reservoir > Sediment
Gs0161531	2	Environmental > Aquatic > Marine > Pelagic zone|Environmental > Aquatic > Marine > Pelagic zone > Epipelagic/Euphotic zone
Gs0161532	1	Environmental > Aquatic > Marine > Intertidal zone > Mangrove sediment
Gs0161533	1	Environmental > Terrestrial > Soil
Gs0161534	1	Environmental > Terrestrial > Soil > Alpine
Gs0161535	4	Engineered > WWTP > Effluent|Environmental > Aquatic > Freshwater > River|Environmental > Aquatic > Freshwater > River > River biofilm|Environmental > Aquatic > Freshwater > River > Sediment
Gs0161536	1	Environmental > Aquatic > Marine > Intertidal zone > Estuary: Sediment
Gs0161537	3	Engineered > Solid waste > Animal waste > Manure slurry > Liquid manure|Environmental > Aquatic > Freshwater > Simulated rainfall > Runoff|Environmental > Terrestrial > Soil > Agricultural land
Gs0161729	1	Environmental > Terrestrial > Soil > Agricultural land
Gs0161731	2	Engineered > Bioreactor > Anaerobic > Biomass|Engineered > Bioreactor > Anaerobic > Inoculum
Gs0161737	1	Host-associated > Plants > Roots > Rhizosphere
Gs0161756	2	Environmental > Terrestrial > Soil > Temperate forest > Mineral soil|Environmental > Terrestrial > Soil > Temperate forest > O horizon/Organic
Gs0161778	1	Environmental > Terrestrial > Soil > Temperate forest
Gs0161779	1	Host-associated > Mammals: Human > Digestive system > Large intestine > Fecal
Gs0161780	1	Engineered > Food production > Dairy products > Fermented dairy products > Cheese
Gs0161781	1	Host-associated > Mammals: Human > Digestive system > Large intestine > Fecal
Gs0161782	1	Host-associated > Mammals: Human > Digestive system > Large intestine > Fecal
Gs0161783	1	Host-associated > Mammals: Human > Digestive system > Large intestine > Fecal
Gs0161784	1	Environmental > Terrestrial > Soil > Fossil
Gs0161785	1	Environmental > Aquatic > Thermal springs > Sediment
Gs0161786	1	Host-associated > Mammals: Human > Digestive system > Large intestine > Fecal
Gs0161787	1	Host-associated > Fungi > Lichen
Gs0161788	1	Engineered > Bioreactor > Photobioreactor (PBR)
Gs0161789	5	Host-associated > Birds > Digestive system > Large intestine > Ceca|Host-associated > Birds > Digestive system > Large intestine > Colon|Host-associated > Birds > Digestive system > Small intestine > Duodenum|Host-associated > Birds > Digestive system > Small intestine > Ileum|Host-associated > Birds > Digestive system > Small intestine > Jejunum
Gs0161790	1	Environmental > Aquatic > Marine > Oceanic
Gs0161791	1	Environmental > Aquatic > Marine > Oceanic > Photic zone
Gs0161792	1	Engineered > WWTP > Anaerobic digester > Sludge
Gs0161793	1	Environmental > Aquatic > Marine > Oceanic > Photic zone
Gs0161797	1	Environmental > Aquatic > Marine > Intertidal zone > Mangrove swamp
Gs0161798	1	Environmental > Aquatic > Marine > Hydrothermal vents > Hydrothermal plume
Gs0161831	1	Environmental > Terrestrial > Soil > Grasslands
Gs0162603	2	Environmental > Terrestrial > Soil > Greenhouse|Host-associated > Plants > Roots
Gs0162630	1	Host-associated > Plants > Phyllosphere > Phylloplane/Leaf
Gs0162639	1	Environmental > Aquatic > Marine
Gs0162662	1	Environmental > Aquatic > Freshwater > River
Gs0162686	1	Host-associated > Porifera > Sponge > Tissue
Gs0162690	1	Environmental > Aquatic > Marine > Intertidal zone > Salt marsh
Gs0162704	1	Environmental > Terrestrial > Soil > Landfill > Cover soil
Gs0162710	1	Environmental > Aquatic > Marine > Intertidal zone > Estuary
Gs0164164	1	Engineered > Bioreactor > Anaerobic > Sludge
Gs0164199	1	Environmental > Aquatic > Freshwater > River > Sediment
Gs0164267	1	Engineered > Bioreactor > Anaerobic > Biogas
Gs0164300	1	Environmental > Aquatic > Marine > Intertidal zone > Salt marsh
Gs0164302	2	Host-associated > Fungi > Mycelium|Host-associated > Plants > Roots
Gs0164310	1	Environmental > Terrestrial > Soil
Gs0164311	2	Environmental > Terrestrial > Soil > Grasslands > Bulk soil|Host-associated > Plants > Roots > Rhizosphere
Gs0164313	1	Environmental > Terrestrial > Soil > Tree plantation
Gs0164314	1	Environmental > Terrestrial > Soil > Grasslands
Gs0164315	1	Engineered > Wastewater > Industrial wastewater > Mine water
Gs0164316	2	Environmental > Terrestrial > Soil > Agricultural land > Bulk soil|Host-associated > Plants > Roots > Rhizosphere > Soil
Gs0164317	1	Environmental > Aquatic > Freshwater > Lake
Gs0164318	3	Environmental > Aquatic > Marine > Intertidal zone > Salt marsh sediment|Host-associated > Plants > Roots > Endosphere|Host-associated > Plants > Roots > Rhizosphere > Soil
Gs0164319	1	Environmental > Aquatic > Freshwater > Water tank
Gs0164320	3	Engineered > Wastewater > Industrial wastewater > Dairy farm|Environmental > Terrestrial > Soil|Host-associated > Mammals > Digestive system > Large intestine > Fecal
Gs0164321	2	Environmental > Terrestrial > Soil|Host-associated > Plants > Roots > Rhizosphere > Soil
Gs0164322	1	Engineered > Artificial ecosystem > Mesocosm > Soil
Gs0164323	1	Host-associated > Plants > Roots > Rhizosphere > Soil
Gs0164324	1	Environmental > Terrestrial > Soil > Temperate forest
Gs0164325	1	Environmental > Aquatic > Marine
Gs0164326	2	Environmental > Terrestrial > Soil > Tree plantation|Host-associated > Arthropoda: Insects > Digestive system > Gut
Gs0164327	1	Environmental > Terrestrial > Soil > Grasslands
Gs0164328	1	Environmental > Aquatic > Freshwater > Creek
Gs0164329	1	Environmental > Terrestrial > Soil > Wetlands
Gs0164330	1	Environmental > Terrestrial > Soil
Gs0164331	2	Engineered > Industrial production > Chemical products|Environmental > Terrestrial > Soil > Desert
Gs0164332	1	Environmental > Terrestrial > Soil > Desert
Gs0164333	1	Environmental > Terrestrial > Soil > Agricultural land
Gs0164334	1	Environmental > Aquatic > Freshwater > River
Gs0164335	2	Environmental > Aquatic > Marine|Environmental > Aquatic > Marine > Intertidal zone > Coral reef
Gs0164336	1	Environmental > Terrestrial > Soil
Gs0164337	1	Environmental > Aquatic > Freshwater > Reservoir
Gs0164338	5	Environmental > Aquatic > Freshwater|Environmental > Aquatic > Freshwater > Creek|Environmental > Aquatic > Freshwater > Lake|Environmental > Aquatic > Freshwater > Reservoir|Environmental > Aquatic > Freshwater > River
Gs0164339	1	Environmental > Aquatic > Marine > Oceanic
Gs0164340	2	Environmental > Terrestrial > Soil > Agricultural land|Host-associated > Plants > Phyllosphere
Gs0164341	1	Environmental > Terrestrial > Soil > Temperate forest > O horizon/Organic
Gs0164342	1	Environmental > Aquatic > Freshwater > Lake > Epilimnion/Euphotic zone
Gs0164343	1	Environmental > Aquatic > Marine > Oceanic
Gs0164344	3	Environmental > Aquatic > Freshwater > Wetlands|Environmental > Aquatic > Marine > Coastal|Environmental > Aquatic > Marine > Intertidal zone > Salt marsh
Gs0164345	1	Host-associated > Plants > Roots > Rhizosphere > Soil
Gs0164346	1	Environmental > Aquatic > Marine
Gs0164347	1	Environmental > Terrestrial > Soil
Gs0164348	1	Environmental > Aquatic > Freshwater > Lake > Cyanobacterial bloom
Gs0164349	1	Environmental > Aquatic > Marine > Littoral zone > Neritic zone/Coastal water
Gs0164350	1	Engineered > Artificial ecosystem > Mesocosm > Lake water
Gs0164351	1	Environmental > Terrestrial > Soil
Gs0164352	1	Environmental > Aquatic > Marine > Intertidal zone > Tidal flats
Gs0164353	1	Environmental > Terrestrial > Soil
Gs0164357	1	Environmental > Terrestrial > Soil > Agricultural land
Gs0166351	1	Environmental > Terrestrial > Soil
Gs0166377	1	Host-associated > Algae > Haptophytes
Gs0166415	1	Host-associated > Algae > Green algae
Gs0166454	12	Environmental > Aquatic > Freshwater > Creek|Environmental > Aquatic > Freshwater > Creek > Biofilm|Environmental > Aquatic > Freshwater > Creek > Sediment|Environmental > Aquatic > Freshwater > Lake|Environmental > Aquatic > Freshwater > River|Environmental > Aquatic > Freshwater > River > River biofilm|Environmental > Terrestrial > Soil|Environmental > Terrestrial > Soil > Boreal forest/Taiga|Environmental > Terrestrial > Soil > Grasslands|Environmental > Terrestrial > Soil > Shrubland|Environmental > Terrestrial > Soil > Temperate forest|Environmental > Terrestrial > Soil > Wetlands
Gs0166663	2	Environmental > Terrestrial > Soil|Environmental > Terrestrial > Soil > Grasslands
Gs0166689	1	Environmental > Aquatic > Freshwater > Storm water
Gs0167201	1	Environmental > Aquatic > Thermal springs > Hot (42-90C) > Neutral
Gs0167218	8	Engineered > Industrial production > Chemical products > Buffer|Environmental > Terrestrial > Soil > Agricultural land|Environmental > Terrestrial > Soil > Botanical garden|Environmental > Terrestrial > Soil > Coastal area|Environmental > Terrestrial > Soil > Forest|Environmental > Terrestrial > Soil > Riparian zone|Environmental > Terrestrial > Soil > Riverside|Environmental > Terrestrial > Soil > Shrubland
