canonical_path	slot	samples	studies	distinct_terms	top_term	top_label	top_share	studies_agreeing
Engineered > Artificial ecosystem > Aquaculture > Algae raceway pond	broad	4	1	1	ENVO:00000873	freshwater biome	1.00	1
Engineered > Artificial ecosystem > Aquaculture > Algae raceway pond	local	4	1	1	ENVO:03600047	raceway pond	1.00	1
Engineered > Artificial ecosystem > Aquaculture > Algae raceway pond	medium	4	1	1	ENVO:01000063	planktonic material	1.00	1
Engineered > Artificial ecosystem > Aquaculture > Crustaceans pond > Sediment	broad	1	1	1	ENVO:03600074	aquaculture farm	1.00	1
Engineered > Artificial ecosystem > Aquaculture > Crustaceans pond > Sediment	local	1	1	1	ENVO:00000033	pond	1.00	1
Engineered > Artificial ecosystem > Aquaculture > Crustaceans pond > Sediment	medium	1	1	1	ENVO:00002007	sediment	1.00	1
Engineered > Artificial ecosystem > Mesocosm > Lake water	broad	78	2	2	ENVO:01000252	freshwater lake biome	0.99	1
Engineered > Artificial ecosystem > Mesocosm > Lake water	local	78	2	2	ENVO:00000021	freshwater lake	0.99	1
Engineered > Artificial ecosystem > Mesocosm > Lake water	medium	78	2	2	ENVO:04000007	lake water	0.99	1
Engineered > Artificial ecosystem > Mesocosm > Lake water > Sieved	broad	7	1	1	ENVO:01000219	anthropogenic terrestrial biome	1.00	1
Engineered > Artificial ecosystem > Mesocosm > Lake water > Sieved	local	7	1	1	ENVO:01000620	mesocosm	1.00	1
Engineered > Artificial ecosystem > Mesocosm > Lake water > Sieved	medium	7	1	1	ENVO:00002011	fresh water	1.00	1
Engineered > Artificial ecosystem > Mesocosm > Soil	broad	21	1	1	ENVO:00000446	terrestrial biome	1.00	1
Engineered > Artificial ecosystem > Mesocosm > Soil	local	21	1	1	ENVO:00000083	hill	1.00	1
Engineered > Artificial ecosystem > Mesocosm > Soil	medium	21	1	1	ENVO:00001998	soil	1.00	1
Engineered > Artificial ecosystem > Plant growth chamber > Soil	broad	20	1	1	ENVO:00000446	terrestrial biome	1.00	1
Engineered > Artificial ecosystem > Plant growth chamber > Soil	local	20	1	1	ENVO:01000621	microcosm	1.00	1
Engineered > Artificial ecosystem > Plant growth chamber > Soil	medium	20	1	1	ENVO:00001998	soil	1.00	1
Engineered > Artificial ecosystem > Sand microcosm	broad	24	2	2	ENVO:01000253	freshwater river biome	0.71	1
Engineered > Artificial ecosystem > Sand microcosm	local	24	2	2	ENVO:01000621	microcosm	0.71	1
Engineered > Artificial ecosystem > Sand microcosm	medium	24	2	2	ENVO:01000017	sand	0.71	1
Engineered > Artificial ecosystem > Soil microcosm	broad	24	3	1	ENVO:00000446	terrestrial biome	1.00	3
Engineered > Artificial ecosystem > Soil microcosm	local	24	3	3	ENVO:00005801	rhizosphere	0.71	1
Engineered > Artificial ecosystem > Soil microcosm	medium	24	3	1	ENVO:00001998	soil	1.00	3
Engineered > Artificial ecosystem > Soil microcosm > Contaminated soil > Hydrocarbon	broad	1	1	1	ENVO:01000219	anthropogenic terrestrial biome	1.00	1
Engineered > Artificial ecosystem > Soil microcosm > Contaminated soil > Hydrocarbon	local	1	1	1	ENVO:00002124	anaerobic bioreactor	1.00	1
Engineered > Artificial ecosystem > Soil microcosm > Contaminated soil > Hydrocarbon	medium	1	1	1	ENVO:00002116	contaminated soil	1.00	1
Engineered > Artificial ecosystem > Soil microcosm > Surface biofilm	broad	24	1	1	ENVO:00000446	terrestrial biome	1.00	1
Engineered > Artificial ecosystem > Soil microcosm > Surface biofilm	local	24	1	1	ENVO:01001785	land	1.00	1
Engineered > Artificial ecosystem > Soil microcosm > Surface biofilm	medium	24	1	1	ENVO:01000156	biofilm material	1.00	1
Engineered > Artificial ecosystem > Water microcosm	broad	14	1	1	ENVO:01000252	freshwater lake biome	1.00	1
Engineered > Artificial ecosystem > Water microcosm	local	14	1	1	ENVO:00000021	freshwater lake	1.00	1
Engineered > Artificial ecosystem > Water microcosm	medium	14	1	1	ENVO:04000007	lake water	1.00	1
Engineered > Bioreactor > Aerobic > Activated sludge	broad	17	1	1	ENVO:01000249	urban biome	1.00	1
Engineered > Bioreactor > Aerobic > Activated sludge	local	17	1	1	ENVO:00002123	bioreactor	1.00	1
Engineered > Bioreactor > Aerobic > Activated sludge	medium	17	1	1	ENVO:00002059	biosolids	1.00	1
Engineered > Bioreactor > Anaerobic	broad	21	1	1	ENVO:01000253	freshwater river biome	1.00	1
Engineered > Bioreactor > Anaerobic	local	21	1	1	ENVO:00000022	river	1.00	1
Engineered > Bioreactor > Anaerobic	medium	21	1	1	ENVO:00002007	sediment	1.00	1
Engineered > Bioreactor > Anaerobic > Sludge	broad	9	1	1	ENVO:01000249	urban biome	1.00	1
Engineered > Bioreactor > Anaerobic > Sludge	local	9	1	1	ENVO:00002124	anaerobic bioreactor	1.00	1
Engineered > Bioreactor > Anaerobic > Sludge	medium	9	1	1	ENVO:00002129	anaerobic sludge	1.00	1
Engineered > Bioreactor > Denitrification > Woodchip Bioreactor (WBR) > Woodchip biofilm	broad	1	1	1	ENVO:01000313	anthropogenic environment	1.00	1
Engineered > Bioreactor > Denitrification > Woodchip Bioreactor (WBR) > Woodchip biofilm	local	1	1	1	ENVO:00002123	bioreactor	1.00	1
Engineered > Bioreactor > Denitrification > Woodchip Bioreactor (WBR) > Woodchip biofilm	medium	1	1	1	ENVO:00002034	biofilm	1.00	1
Engineered > Bioreactor > EBPR > Anaerobic-Aerobic > Sludge	broad	1	1	1	ENVO:01000249	urban biome	1.00	1
Engineered > Bioreactor > EBPR > Anaerobic-Aerobic > Sludge	local	1	1	1	ENVO:00002059	biosolids	1.00	1
Engineered > Bioreactor > EBPR > Anaerobic-Aerobic > Sludge	medium	1	1	1	ENVO:00002123	bioreactor	1.00	1
Engineered > Bioreactor > Microbial fuel cells/MFC > Anode > Biofilm	broad	1	1	1	ENVO:01000313	anthropogenic environment	1.00	1
Engineered > Bioreactor > Microbial fuel cells/MFC > Anode > Biofilm	local	1	1	1	ENVO:00002123	bioreactor	1.00	1
Engineered > Bioreactor > Microbial fuel cells/MFC > Anode > Biofilm	medium	1	1	1	ENVO:00002034	biofilm	1.00	1
Engineered > Bioreactor > SBR-EBPR > Anaerobic-Aerobic > Activated sludge	broad	59	1	1	ENVO:01000313	anthropogenic environment	1.00	1
Engineered > Bioreactor > SBR-EBPR > Anaerobic-Aerobic > Activated sludge	local	59	1	1	ENVO:00002123	bioreactor	1.00	1
Engineered > Bioreactor > SBR-EBPR > Anaerobic-Aerobic > Activated sludge	medium	59	1	1	ENVO:00002046	activated sludge	1.00	1
Engineered > Bioremediation > Persistent organic pollutants (POP) > Polycyclic aromatic hydrocarbons	broad	1	1	1	ENVO:00000446	terrestrial biome	1.00	1
Engineered > Bioremediation > Persistent organic pollutants (POP) > Polycyclic aromatic hydrocarbons	local	1	1	1	ENVO:00002185	oil reservoir	1.00	1
Engineered > Bioremediation > Persistent organic pollutants (POP) > Polycyclic aromatic hydrocarbons	medium	1	1	1	ENVO:01000017	sand	1.00	1
Engineered > Bioremediation > Terephthalate > Wastewater > Activated sludge	broad	1	1	1	ENVO:01000313	anthropogenic environment	1.00	1
Engineered > Bioremediation > Terephthalate > Wastewater > Activated sludge	local	1	1	1	ENVO:00002123	bioreactor	1.00	1
Engineered > Bioremediation > Terephthalate > Wastewater > Activated sludge	medium	1	1	1	ENVO:00002057	raw primary sludge	1.00	1
Engineered > Built environment > Canal > Irrigation canal > Sediment	broad	1	1	1	ENVO:01000219	anthropogenic terrestrial biome	1.00	1
Engineered > Built environment > Canal > Irrigation canal > Sediment	local	1	1	1	ENVO:00000036	irrigation canal	1.00	1
Engineered > Built environment > Canal > Irrigation canal > Sediment	medium	1	1	1	ENVO:00002007	sediment	1.00	1
Engineered > Built environment > Hospital > Hospital bedroom > Room surface	broad	1660	1	1	ENVO:01000219	anthropogenic terrestrial biome	1.00	1
Engineered > Built environment > Hospital > Hospital bedroom > Room surface	local	1660	1	1	ENVO:01000426	room	1.00	1
Engineered > Built environment > Hospital > Hospital bedroom > Room surface	medium	1660	1	1	ENVO:01000486	building floor	1.00	1
Engineered > Built environment > Hospital > ICU > Floor	broad	1	1	1	ENVO:01000313	anthropogenic environment	1.00	1
Engineered > Built environment > Hospital > ICU > Floor	local	1	1	1	ENVO:03600008	intensive care unit	1.00	1
Engineered > Built environment > Hospital > ICU > Floor	medium	1	1	1	ENVO:01000486	building floor	1.00	1
Engineered > Built environment > Oil refinery	broad	2	1	1	ENVO:00002030	aquatic biome	1.00	1
Engineered > Built environment > Oil refinery	local	2	1	1	ENVO:00002183	oil tank	1.00	1
Engineered > Built environment > Oil refinery	medium	2	1	1	ENVO:00002985	oil	1.00	1
Engineered > Built environment > Pipeline > Drinking water pipeline > Biofilm	broad	1	1	1	ENVO:01000219	anthropogenic terrestrial biome	1.00	1
Engineered > Built environment > Pipeline > Drinking water pipeline > Biofilm	local	1	1	1	ENVO:00003064	drinking water	1.00	1
Engineered > Built environment > Pipeline > Drinking water pipeline > Biofilm	medium	1	1	1	ENVO:00002034	biofilm	1.00	1
Engineered > Built environment > Spacecraft Assembly Cleanrooms > Gowning room > Floor	broad	1	1	1	ENVO:01000313	anthropogenic environment	1.00	1
Engineered > Built environment > Spacecraft Assembly Cleanrooms > Gowning room > Floor	local	1	1	1	ENVO:03600000	cleanroom	1.00	1
Engineered > Built environment > Spacecraft Assembly Cleanrooms > Gowning room > Floor	medium	1	1	1	ENVO:01000486	building floor	1.00	1
Engineered > Built environment > Tailings pond	broad	1	1	1	ENVO:00000446	terrestrial biome	1.00	1
Engineered > Built environment > Tailings pond	local	1	1	1	ENVO:00002185	oil reservoir	1.00	1
Engineered > Built environment > Tailings pond	medium	1	1	1	ENVO:01000017	sand	1.00	1
Engineered > Built environment > Tailings pond > Petrochemical > Wastewater	broad	1	1	1	ENVO:01000219	anthropogenic terrestrial biome	1.00	1
Engineered > Built environment > Tailings pond > Petrochemical > Wastewater	local	1	1	1	ENVO:03600021	tailings pond	1.00	1
Engineered > Built environment > Tailings pond > Petrochemical > Wastewater	medium	1	1	1	ENVO:00002001	waste water	1.00	1
Engineered > Food production > Dairy products > Fermented dairy products > Cheese	broad	1	1	1	ENVO:03501318	hygienic food production area	1.00	1
Engineered > Food production > Dairy products > Fermented dairy products > Cheese	local	1	1	1	ENVO:00002002	obsolete food product	1.00	1
Engineered > Food production > Dairy products > Fermented dairy products > Cheese	medium	1	1	1	FOODON:00001013	cheese food product	1.00	1
Engineered > Food production > Fermented beverages	broad	5	4	2	ENVO:00003074	manufactured product	0.60	3
Engineered > Food production > Fermented beverages	local	5	4	2	ENVO:03600090	alcohol fermentation pit	0.60	3
Engineered > Food production > Fermented beverages	medium	5	4	1	ENVO:03600040	fermentation starter	1.00	4
Engineered > Food production > Fermented vegetables	broad	1	1	1	FOODON:00002403	food material	1.00	1
Engineered > Food production > Fermented vegetables	local	1	1	1	FOODON:00001079	pickled food product	1.00	1
Engineered > Food production > Fermented vegetables	medium	1	1	1	FOODON:00002333	vegetable pickle food product	1.00	1
Engineered > Food production > Meat products	broad	2	1	1	FOODON:00001264	legume food product	1.00	1
Engineered > Food production > Meat products	local	2	1	1	FOODON:03309903	sausage (fermented)	1.00	1
Engineered > Food production > Meat products	medium	2	1	1	FOODON:00001223	sausage (dried, fermented)	1.00	1
Engineered > Food production > Meat products > Raw meat > Beef chop	broad	2	1	2	ENVO:03501318	hygienic food production area	0.50	1
Engineered > Food production > Meat products > Raw meat > Beef chop	local	2	1	2	ENVO:01000925	abattoir	0.50	1
Engineered > Food production > Meat products > Raw meat > Beef chop	medium	2	1	2	ENVO:03501297	meat processing plant	0.50	1
Engineered > Industrial production > Chemical products > Input fracking water	broad	2	1	1	ENVO:01000219	anthropogenic terrestrial biome	1.00	1
Engineered > Industrial production > Chemical products > Input fracking water	local	2	1	1	ENVO:02500027	anthropogenic environmental process	1.00	1
Engineered > Industrial production > Chemical products > Input fracking water	medium	2	1	1	ENVO:01001869	fracking liquid	1.00	1
Engineered > Industrial production > Chemical products > Lab-grade water	broad	178	1	1	ENVO:01000249	urban biome	1.00	1
Engineered > Industrial production > Chemical products > Lab-grade water	local	178	1	1	ENVO:00000469	research facility	1.00	1
Engineered > Industrial production > Chemical products > Lab-grade water	medium	178	1	1	ENVO:00005791	sterile water	1.00	1
Engineered > Industrial production > Chemical products > Reagent blank	broad	1	1	1	ENVO:01001406	laboratory facility	1.00	1
Engineered > Industrial production > Chemical products > Reagent blank	local	1	1	1	CHEBI:33893	reagent	1.00	1
Engineered > Industrial production > Chemical products > Reagent blank	medium	1	1	1	ENVO:2000000	chemical product	1.00	1
Engineered > Industrial production > Chemical products > Sheath fluid	broad	6	1	1	ENVO:01000252	freshwater lake biome	1.00	1
Engineered > Industrial production > Chemical products > Sheath fluid	local	6	1	1	ENVO:00000021	freshwater lake	1.00	1
Engineered > Industrial production > Chemical products > Sheath fluid	medium	6	1	1	ENVO:00002011	fresh water	1.00	1
Engineered > Industrial production > Engineered product	broad	2	2	2	ENVO:00003074	manufactured product	0.50	1
Engineered > Industrial production > Engineered product	local	2	2	2	NCIT:C171256	Non-Medical Object or Device	0.50	1
Engineered > Industrial production > Engineered product	medium	2	2	2	ENVO:03501263	hand tool	0.50	1
Engineered > Industrial production > Engineered product > Bioanode > Biofilm	broad	1	1	1	ENVO:01000313	anthropogenic environment	1.00	1
Engineered > Industrial production > Engineered product > Bioanode > Biofilm	local	1	1	1	ENVO:00002983	fuel oil	1.00	1
Engineered > Industrial production > Engineered product > Bioanode > Biofilm	medium	1	1	1	ENVO:00002034	biofilm	1.00	1
Engineered > Industrial production > Engineered product > Biocathode > Biofilm	broad	1	1	1	ENVO:01000313	anthropogenic environment	1.00	1
Engineered > Industrial production > Engineered product > Biocathode > Biofilm	local	1	1	1	ENVO:00002123	bioreactor	1.00	1
Engineered > Industrial production > Engineered product > Biocathode > Biofilm	medium	1	1	1	ENVO:00002034	biofilm	1.00	1
Engineered > Lab culture > Culture media	broad	1	1	1	ENVO:00002030	aquatic biome	1.00	1
Engineered > Lab culture > Culture media	local	1	1	1	ENVO:01001020	hypersaline lake	1.00	1
Engineered > Lab culture > Culture media	medium	1	1	1	ENVO:01000157	microbial mat material	1.00	1
Engineered > Lab culture > Culture media > Algae > Contaminated	broad	1	1	1	ENVO:01000313	anthropogenic environment	1.00	1
Engineered > Lab culture > Culture media > Algae > Contaminated	local	1	1	1	ENVO:06105121	entanglement of organisms in marine debris	1.00	1
Engineered > Lab culture > Culture media > Algae > Contaminated	medium	1	1	1	ENVO:03510026	acrylic paint medium	1.00	1
Engineered > Lab culture > Culture media > Bacteria	broad	4	1	1	ENVO:01000249	urban biome	1.00	1
Engineered > Lab culture > Culture media > Bacteria	local	4	1	1	ENVO:00000469	research facility	1.00	1
Engineered > Lab culture > Culture media > Bacteria	medium	4	1	1	ENVO:02000008	cell culture	1.00	1
Engineered > Lab culture > Culture media > Bacteria > Contaminated	broad	3	1	1	ENVO:01000174	forest biome	1.00	1
Engineered > Lab culture > Culture media > Bacteria > Contaminated	local	3	1	1	ENVO:00000111	forested area	1.00	1
Engineered > Lab culture > Culture media > Bacteria > Contaminated	medium	3	1	1	ENVO:00002261	forest soil	1.00	1
Engineered > Lab enrichment > Defined media	broad	2	2	2	ENVO:01000127	marine cold seep biome	0.50	1
Engineered > Lab enrichment > Defined media	local	2	2	2	ENVO:01000263	cold seep	0.50	1
Engineered > Lab enrichment > Defined media	medium	2	2	2	ENVO:03000033	marine sediment	0.50	1
Engineered > Modeled > Simulated communities (microbial mixture)	broad	10	2	2	ENVO:01000249	urban biome	0.90	1
Engineered > Modeled > Simulated communities (microbial mixture)	local	10	2	2	ENVO:00000469	research facility	0.90	1
Engineered > Modeled > Simulated communities (microbial mixture)	medium	10	2	2	ENVO:02000008	cell culture	0.90	1
Engineered > Solid waste > Agricultural waste > Composting > Sugarcane filter cake	broad	1	1	1	ENVO:01000219	anthropogenic terrestrial biome	1.00	1
Engineered > Solid waste > Agricultural waste > Composting > Sugarcane filter cake	local	1	1	1	ENVO:01000550	composting toilet	1.00	1
Engineered > Solid waste > Agricultural waste > Composting > Sugarcane filter cake	medium	1	1	1	ENVO:00002170	compost	1.00	1
Engineered > Solid waste > Animal waste > Manure slurry > Liquid manure	broad	1	1	1	ENVO:01000219	anthropogenic terrestrial biome	1.00	1
Engineered > Solid waste > Animal waste > Manure slurry > Liquid manure	local	1	1	1	ENVO:01001872	manure pit	1.00	1
Engineered > Solid waste > Animal waste > Manure slurry > Liquid manure	medium	1	1	1	ENVO:03501300	manure	1.00	1
Engineered > Solid waste > Mixed feedstock > Composting > Commercial compost	broad	31	1	2	ENVO:00000446	terrestrial biome	0.97	1
Engineered > Solid waste > Mixed feedstock > Composting > Commercial compost	local	31	1	2	ENVO:01000313	anthropogenic environment	0.97	1
Engineered > Solid waste > Mixed feedstock > Composting > Commercial compost	medium	31	1	1	ENVO:00002170	compost	1.00	1
Engineered > WWTP > Influent > Raw wastewater > Municipal and sewage	broad	1	1	1	ENVO:01000219	anthropogenic terrestrial biome	1.00	1
Engineered > WWTP > Influent > Raw wastewater > Municipal and sewage	local	1	1	1	ENVO:00002272	waste treatment plant	1.00	1
Engineered > WWTP > Influent > Raw wastewater > Municipal and sewage	medium	1	1	1	ENVO:00002018	sewage	1.00	1
Engineered > Wastewater > Activated Sludge	broad	1	1	1	ENVO:00002030	aquatic biome	1.00	1
Engineered > Wastewater > Activated Sludge	local	1	1	1	ENVO:00002043	wastewater treatment plant	1.00	1
Engineered > Wastewater > Activated Sludge	medium	1	1	1	ENVO:00002046	activated sludge	1.00	1
Engineered > Wastewater > Industrial wastewater	broad	2	1	1	ENVO:00000873	freshwater biome	1.00	1
Engineered > Wastewater > Industrial wastewater	local	2	1	1	ENVO:01000965	constructed swimming pool	1.00	1
Engineered > Wastewater > Industrial wastewater	medium	2	1	1	ENVO:00002011	fresh water	1.00	1
Engineered > Wastewater > Industrial wastewater > Acid mine drainage	broad	4	1	1	ENVO:00002030	aquatic biome	1.00	1
Engineered > Wastewater > Industrial wastewater > Acid mine drainage	local	4	1	1	ENVO:00001997	acid mine drainage	1.00	1
Engineered > Wastewater > Industrial wastewater > Acid mine drainage	medium	4	1	1	ENVO:01000358	acidic water	1.00	1
Engineered > Wastewater > Industrial wastewater > Acid mine drainage > Sediment	broad	1	1	1	ENVO:01001050	saline sediment environment	1.00	1
Engineered > Wastewater > Industrial wastewater > Acid mine drainage > Sediment	local	1	1	1	ENVO:00001997	acid mine drainage	1.00	1
Engineered > Wastewater > Industrial wastewater > Acid mine drainage > Sediment	medium	1	1	1	ENVO:00002007	sediment	1.00	1
Engineered > Wastewater > Industrial wastewater > Meat/Poultry processing plant > Poultry processing wastewater	broad	1	1	1	ENVO:01000219	anthropogenic terrestrial biome	1.00	1
Engineered > Wastewater > Industrial wastewater > Meat/Poultry processing plant > Poultry processing wastewater	local	1	1	1	ENVO:01000925	abattoir	1.00	1
Engineered > Wastewater > Industrial wastewater > Meat/Poultry processing plant > Poultry processing wastewater	medium	1	1	1	ENVO:00002001	waste water	1.00	1
Engineered > Wastewater > Industrial wastewater > Mine water > Sediment	broad	1	1	1	ENVO:01000219	anthropogenic terrestrial biome	1.00	1
Engineered > Wastewater > Industrial wastewater > Mine water > Sediment	local	1	1	1	ENVO:00001997	acid mine drainage	1.00	1
Engineered > Wastewater > Industrial wastewater > Mine water > Sediment	medium	1	1	1	ENVO:00002007	sediment	1.00	1
Environmental > Air > Indoor Air > Dust	broad	116	1	1	ENVO:01000219	anthropogenic terrestrial biome	1.00	1
Environmental > Air > Indoor Air > Dust	local	116	1	1	ENVO:00000565	sports facility	1.00	1
Environmental > Air > Indoor Air > Dust	medium	116	1	1	ENVO:00002008	dust	1.00	1
Environmental > Air > Indoor Air > Poultry farm > Poultry litter bioaerosol	broad	15	1	1	ENVO:00000077	agricultural feature	1.00	1
Environmental > Air > Indoor Air > Poultry farm > Poultry litter bioaerosol	local	15	1	1	ENVO:00002192	poultry litter	1.00	1
Environmental > Air > Indoor Air > Poultry farm > Poultry litter bioaerosol	medium	15	1	1	ENVO:00002005	air	1.00	1
Environmental > Air > Outdoor Air	broad	1	1	1	ENVO:01000267	atmosphere	1.00	1
Environmental > Air > Outdoor Air	local	1	1	1	ENVO:03501101	outdoor environment	1.00	1
Environmental > Air > Outdoor Air	medium	1	1	1	ENVO:00002005	air	1.00	1
Environmental > Aquatic > Aquaculture	broad	14	3	3	ENVO:00000873	freshwater biome	0.86	1
Environmental > Aquatic > Aquaculture	local	14	3	2	ENVO:00000294	fish farm	0.93	2
Environmental > Aquatic > Aquaculture	medium	14	3	2	ENVO:00002011	fresh water	0.86	1
Environmental > Aquatic > Aquaculture > Shrimp pond	broad	49	3	1	ENVO:00002030	aquatic biome	1.00	3
Environmental > Aquatic > Aquaculture > Shrimp pond	local	49	3	1	ENVO:01000905	shrimp pond	1.00	3
Environmental > Aquatic > Aquaculture > Shrimp pond	medium	49	3	1	ENVO:00002228	pond water	1.00	3
Environmental > Aquatic > Artesian spring > Acidic > Sediment	broad	28	1	1	ENVO:00002030	aquatic biome	1.00	1
Environmental > Aquatic > Artesian spring > Acidic > Sediment	local	28	1	1	ENVO:00000051	hot spring	1.00	1
Environmental > Aquatic > Artesian spring > Acidic > Sediment	medium	28	1	1	ENVO:00002007	sediment	1.00	1
Environmental > Aquatic > Deep subsurface > Groundwater	broad	1157	7	3	ENVO:00000873	freshwater biome	0.99	7
Environmental > Aquatic > Deep subsurface > Groundwater	local	1157	7	8	ENVO:00012408	aquifer	0.59	4
Environmental > Aquatic > Deep subsurface > Groundwater	medium	1157	7	3	ENVO:01001004	groundwater	0.99	6
Environmental > Aquatic > Deep subsurface > Groundwater > Cave microbial mat	broad	2	2	1	ENVO:00000446	terrestrial biome	1.00	2
Environmental > Aquatic > Deep subsurface > Groundwater > Cave microbial mat	local	2	2	1	ENVO:00000067	cave	1.00	2
Environmental > Aquatic > Deep subsurface > Groundwater > Cave microbial mat	medium	2	2	2	ENVO:01000157	microbial mat material	0.50	1
Environmental > Aquatic > Deep subsurface > Groundwater > Cave stream sediment	broad	3	1	1	ENVO:00000446	terrestrial biome	1.00	1
Environmental > Aquatic > Deep subsurface > Groundwater > Cave stream sediment	local	3	1	1	ENVO:00000067	cave	1.00	1
Environmental > Aquatic > Deep subsurface > Groundwater > Cave stream sediment	medium	3	1	1	ENVO:00002007	sediment	1.00	1
Environmental > Aquatic > Deep subsurface > Groundwater > Coalbed methane well water	broad	17	1	1	ENVO:00002030	aquatic biome	1.00	1
Environmental > Aquatic > Deep subsurface > Groundwater > Coalbed methane well water	local	17	1	1	ENVO:00002169	coal mine	1.00	1
Environmental > Aquatic > Deep subsurface > Groundwater > Coalbed methane well water	medium	17	1	1	ENVO:00005792	underground water	1.00	1
Environmental > Aquatic > Deep subsurface > Groundwater > Contaminated	broad	22	2	1	ENVO:00000873	freshwater biome	1.00	2
Environmental > Aquatic > Deep subsurface > Groundwater > Contaminated	local	22	2	3	ENVO:00002204	anthropogenic contamination feature	0.73	1
Environmental > Aquatic > Deep subsurface > Groundwater > Contaminated	medium	22	2	1	ENVO:00002186	contaminated water	1.00	2
Environmental > Aquatic > Deep subsurface > Groundwater > Drilled well/Borehole	broad	27	2	2	ENVO:00000873	freshwater biome	0.96	1
Environmental > Aquatic > Deep subsurface > Groundwater > Drilled well/Borehole	local	27	2	3	ENVO:00002226	borehole	0.67	1
Environmental > Aquatic > Deep subsurface > Groundwater > Drilled well/Borehole	medium	27	2	3	ENVO:01001004	groundwater	0.93	1
Environmental > Aquatic > Deep subsurface > Groundwater > Mine water	broad	206	1	1	ENVO:00000873	freshwater biome	1.00	1
Environmental > Aquatic > Deep subsurface > Groundwater > Mine water	local	206	1	1	ENVO:00000076	mine	1.00	1
Environmental > Aquatic > Deep subsurface > Groundwater > Mine water	medium	206	1	1	ENVO:01001004	groundwater	1.00	1
Environmental > Aquatic > Deep subsurface > Groundwater > Porewater	broad	10	2	2	ENVO:00000446	terrestrial biome	0.60	1
Environmental > Aquatic > Deep subsurface > Groundwater > Porewater	local	10	2	2	ENVO:00002226	borehole	0.60	1
Environmental > Aquatic > Deep subsurface > Groundwater > Porewater	medium	10	2	2	ENVO:00002262	clay soil	0.60	1
Environmental > Aquatic > Deep subsurface > Groundwater > Well sediment	broad	1	1	1	ENVO:00012408	aquifer	1.00	1
Environmental > Aquatic > Deep subsurface > Groundwater > Well sediment	local	1	1	1	ENVO:00000026	well	1.00	1
Environmental > Aquatic > Deep subsurface > Groundwater > Well sediment	medium	1	1	1	ENVO:00002007	sediment	1.00	1
Environmental > Aquatic > Deep subsurface > Shale gas/oil reservoir > Produced water/Flow back	broad	86	3	1	ENVO:00000446	terrestrial biome	1.00	3
Environmental > Aquatic > Deep subsurface > Shale gas/oil reservoir > Produced water/Flow back	local	86	3	1	ENVO:01000941	planetary subsurface zone	1.00	3
Environmental > Aquatic > Deep subsurface > Shale gas/oil reservoir > Produced water/Flow back	medium	86	3	3	ENVO:00002194	oil field production water	0.57	2
Environmental > Aquatic > Deep subsurface > Subglacial lake	broad	3	1	1	ENVO:01000252	freshwater lake biome	1.00	1
Environmental > Aquatic > Deep subsurface > Subglacial lake	local	3	1	1	ENVO:03000120	subglacial lake	1.00	1
Environmental > Aquatic > Deep subsurface > Subglacial lake	medium	3	1	1	ENVO:04000007	lake water	1.00	1
Environmental > Aquatic > Deep subsurface > Subglacial lake > Sediment	broad	3	1	1	ENVO:01000252	freshwater lake biome	1.00	1
Environmental > Aquatic > Deep subsurface > Subglacial lake > Sediment	local	3	1	1	ENVO:03000120	subglacial lake	1.00	1
Environmental > Aquatic > Deep subsurface > Subglacial lake > Sediment	medium	3	1	1	ENVO:00000546	lake sediment	1.00	1
Environmental > Aquatic > Deep subsurface > Subterranean lake	broad	96	1	1	ENVO:01000252	freshwater lake biome	1.00	1
Environmental > Aquatic > Deep subsurface > Subterranean lake	local	96	1	1	ENVO:00000058	underground lake	1.00	1
Environmental > Aquatic > Deep subsurface > Subterranean lake	medium	96	1	1	ENVO:04000007	lake water	1.00	1
Environmental > Aquatic > Floodplain > Sediment	broad	64	2	2	ENVO:00002030	aquatic biome	0.62	1
Environmental > Aquatic > Floodplain > Sediment	local	64	2	1	ENVO:00000255	flood plain	1.00	2
Environmental > Aquatic > Floodplain > Sediment	medium	64	2	1	ENVO:00002007	sediment	1.00	2
Environmental > Aquatic > Freshwater	broad	400	29	8	ENVO:01000252	freshwater lake biome	0.28	4
Environmental > Aquatic > Freshwater	local	400	29	21	ENVO:00000021	freshwater lake	0.27	3
Environmental > Aquatic > Freshwater	medium	400	29	11	ENVO:00002011	fresh water	0.41	17
Environmental > Aquatic > Freshwater > Agricultural field	broad	1	1	1	ENVO:00000873	freshwater biome	1.00	1
Environmental > Aquatic > Freshwater > Agricultural field	local	1	1	1	ENVO:00000114	agricultural field	1.00	1
Environmental > Aquatic > Freshwater > Agricultural field	medium	1	1	1	ENVO:00002011	fresh water	1.00	1
Environmental > Aquatic > Freshwater > Aquifer > Sediment	broad	1	1	1	ENVO:00002030	aquatic biome	1.00	1
Environmental > Aquatic > Freshwater > Aquifer > Sediment	local	1	1	1	ENVO:00012408	aquifer	1.00	1
Environmental > Aquatic > Freshwater > Aquifer > Sediment	medium	1	1	1	ENVO:00002007	sediment	1.00	1
Environmental > Aquatic > Freshwater > Bog lake	broad	1	1	1	ENVO:01000252	freshwater lake biome	1.00	1
Environmental > Aquatic > Freshwater > Bog lake	local	1	1	1	ENVO:00000021	freshwater lake	1.00	1
Environmental > Aquatic > Freshwater > Bog lake	medium	1	1	1	ENVO:00000546	lake sediment	1.00	1
Environmental > Aquatic > Freshwater > Canal > Sediment	broad	1	1	1	ENVO:00000873	freshwater biome	1.00	1
Environmental > Aquatic > Freshwater > Canal > Sediment	local	1	1	1	ENVO:00000014	canal	1.00	1
Environmental > Aquatic > Freshwater > Canal > Sediment	medium	1	1	1	ENVO:00002007	sediment	1.00	1
Environmental > Aquatic > Freshwater > Creek	broad	498	9	2	ENVO:00000873	freshwater biome	0.88	7
Environmental > Aquatic > Freshwater > Creek	local	498	9	4	ENVO:00000234	bayou	0.86	5
Environmental > Aquatic > Freshwater > Creek	medium	498	9	2	ENVO:00002011	fresh water	0.88	7
Environmental > Aquatic > Freshwater > Creek > Biofilm	broad	1	1	1	ENVO:00000873	freshwater biome	1.00	1
Environmental > Aquatic > Freshwater > Creek > Biofilm	local	1	1	1	ENVO:00000023	stream	1.00	1
Environmental > Aquatic > Freshwater > Creek > Biofilm	medium	1	1	1	ENVO:00002034	biofilm	1.00	1
Environmental > Aquatic > Freshwater > Creek > Sediment	broad	26	4	2	ENVO:00002030	aquatic biome	0.62	2
Environmental > Aquatic > Freshwater > Creek > Sediment	local	26	4	3	ENVO:00000234	bayou	0.62	4
Environmental > Aquatic > Freshwater > Creek > Sediment	medium	26	4	2	ENVO:00002007	sediment	0.92	3
Environmental > Aquatic > Freshwater > Drinking water	broad	80	9	2	ENVO:00000873	freshwater biome	0.90	7
Environmental > Aquatic > Freshwater > Drinking water	local	80	9	5	ENVO:03600004	drinking water treatment plant	0.49	5
Environmental > Aquatic > Freshwater > Drinking water	medium	80	9	3	ENVO:00003064	drinking water	0.60	6
Environmental > Aquatic > Freshwater > Drinking water > Chlorinated	broad	3	2	2	ENVO:00000873	freshwater biome	0.67	1
Environmental > Aquatic > Freshwater > Drinking water > Chlorinated	local	3	2	2	ENVO:00000026	well	0.67	1
Environmental > Aquatic > Freshwater > Drinking water > Chlorinated	medium	3	2	2	ENVO:00003064	drinking water	0.67	2
Environmental > Aquatic > Freshwater > Drinking water > Delivery networks	broad	11	2	1	ENVO:00000873	freshwater biome	1.00	2
Environmental > Aquatic > Freshwater > Drinking water > Delivery networks	local	11	2	2	ENVO:03600118	water treatment plant	0.91	1
Environmental > Aquatic > Freshwater > Drinking water > Delivery networks	medium	11	2	1	ENVO:00003064	drinking water	1.00	2
Environmental > Aquatic > Freshwater > Glacier > Meltwater	broad	6	1	1	ENVO:01000180	tundra biome	1.00	1
Environmental > Aquatic > Freshwater > Glacier > Meltwater	local	6	1	1	ENVO:00000133	glacier	1.00	1
Environmental > Aquatic > Freshwater > Glacier > Meltwater	medium	6	1	1	ENVO:00002006	liquid water	1.00	1
Environmental > Aquatic > Freshwater > Groundwater	broad	155	22	2	ENVO:00000873	freshwater biome	0.60	15
Environmental > Aquatic > Freshwater > Groundwater	local	155	22	12	ENVO:01000941	planetary subsurface zone	0.45	5
Environmental > Aquatic > Freshwater > Groundwater	medium	155	22	5	ENVO:01001004	groundwater	0.73	17
Environmental > Aquatic > Freshwater > Groundwater > Acid Mine Drainage	broad	60	14	1	ENVO:00002030	aquatic biome	1.00	14
Environmental > Aquatic > Freshwater > Groundwater > Acid Mine Drainage	local	60	14	1	ENVO:00001997	acid mine drainage	1.00	14
Environmental > Aquatic > Freshwater > Groundwater > Acid Mine Drainage	medium	60	14	3	ENVO:01000358	acidic water	0.57	12
Environmental > Aquatic > Freshwater > Groundwater > Aquifer	broad	5	4	2	ENVO:00000873	freshwater biome	0.60	2
Environmental > Aquatic > Freshwater > Groundwater > Aquifer	local	5	4	1	ENVO:00012408	aquifer	1.00	4
Environmental > Aquatic > Freshwater > Groundwater > Aquifer	medium	5	4	1	ENVO:01001004	groundwater	1.00	4
Environmental > Aquatic > Freshwater > Groundwater > Cave water	broad	11	2	1	ENVO:00000873	freshwater biome	1.00	2
Environmental > Aquatic > Freshwater > Groundwater > Cave water	local	11	2	2	ENVO:00012408	aquifer	0.64	1
Environmental > Aquatic > Freshwater > Groundwater > Cave water	medium	11	2	2	ENVO:01000156	biofilm material	0.64	1
Environmental > Aquatic > Freshwater > Groundwater > Coalbed water	broad	15	4	2	ENVO:00002030	aquatic biome	0.60	3
Environmental > Aquatic > Freshwater > Groundwater > Coalbed water	local	15	4	2	ENVO:00002169	coal mine	0.60	3
Environmental > Aquatic > Freshwater > Groundwater > Coalbed water	medium	15	4	2	ENVO:00005792	underground water	0.60	3
Environmental > Aquatic > Freshwater > Groundwater > Contaminated	broad	28	9	2	ENVO:00000873	freshwater biome	0.64	6
Environmental > Aquatic > Freshwater > Groundwater > Contaminated	local	28	9	6	ENVO:03600111	radioactive legacy site	0.43	1
Environmental > Aquatic > Freshwater > Groundwater > Contaminated	medium	28	9	3	ENVO:01001004	groundwater	0.57	4
Environmental > Aquatic > Freshwater > Groundwater > Mine	broad	3	2	2	ENVO:00000873	freshwater biome	0.67	1
Environmental > Aquatic > Freshwater > Groundwater > Mine	local	3	2	2	ENVO:00001996	mine drainage	0.67	1
Environmental > Aquatic > Freshwater > Groundwater > Mine	medium	3	2	2	ENVO:01001004	groundwater	0.67	1
Environmental > Aquatic > Freshwater > Groundwater > Mine drainage	broad	9	3	1	ENVO:00002030	aquatic biome	1.00	3
Environmental > Aquatic > Freshwater > Groundwater > Mine drainage	local	9	3	2	ENVO:00001997	acid mine drainage	0.78	2
Environmental > Aquatic > Freshwater > Groundwater > Mine drainage	medium	9	3	2	ENVO:01000358	acidic water	0.78	2
Environmental > Aquatic > Freshwater > Harbor	broad	3	1	1	ENVO:00002030	aquatic biome	1.00	1
Environmental > Aquatic > Freshwater > Harbor	local	3	1	1	ENVO:00000463	harbor	1.00	1
Environmental > Aquatic > Freshwater > Harbor	medium	3	1	1	ENVO:00002011	fresh water	1.00	1
Environmental > Aquatic > Freshwater > Ice	broad	8	3	4	ENVO:00002030	aquatic biome	0.38	1
Environmental > Aquatic > Freshwater > Ice	local	8	3	5	ENVO:00000019	saline lake	0.38	1
Environmental > Aquatic > Freshwater > Ice	medium	8	3	1	ENVO:01001125	ice	1.00	3
Environmental > Aquatic > Freshwater > Ice > Cryoconite	broad	49	4	2	ENVO:00002030	aquatic biome	0.98	3
Environmental > Aquatic > Freshwater > Ice > Cryoconite	local	49	4	2	ENVO:03000039	cryoconite hole	0.71	2
Environmental > Aquatic > Freshwater > Ice > Cryoconite	medium	49	4	2	ENVO:03000038	cryoconite deposit	0.98	3
Environmental > Aquatic > Freshwater > Ice > Glacial lake	broad	306	1	1	ENVO:01000252	freshwater lake biome	1.00	1
Environmental > Aquatic > Freshwater > Ice > Glacial lake	local	306	1	1	ENVO:00000198	ice-covered lake	1.00	1
Environmental > Aquatic > Freshwater > Ice > Glacial lake	medium	306	1	1	ENVO:01000157	microbial mat material	1.00	1
Environmental > Aquatic > Freshwater > Ice > Glacier	broad	81	11	4	ENVO:00002030	aquatic biome	0.83	4
Environmental > Aquatic > Freshwater > Ice > Glacier	local	81	11	5	ENVO:01001532	glacier ice field	0.90	8
Environmental > Aquatic > Freshwater > Ice > Glacier	medium	81	11	3	ENVO:01001125	ice	0.83	5
Environmental > Aquatic > Freshwater > Ice > Glacier meltwater	broad	6	1	1	ENVO:01000252	freshwater lake biome	1.00	1
Environmental > Aquatic > Freshwater > Ice > Glacier meltwater	local	6	1	1	ENVO:00000488	glacial lake	1.00	1
Environmental > Aquatic > Freshwater > Ice > Glacier meltwater	medium	6	1	1	ENVO:01000722	meltwater	1.00	1
Environmental > Aquatic > Freshwater > Ice > Ice accretions	broad	1	1	1	ENVO:01000339	polar biome	1.00	1
Environmental > Aquatic > Freshwater > Ice > Ice accretions	local	1	1	1	ENVO:00000488	glacial lake	1.00	1
Environmental > Aquatic > Freshwater > Ice > Ice accretions	medium	1	1	1	ENVO:01001125	ice	1.00	1
Environmental > Aquatic > Freshwater > Ice > Liftoff microbial mat	broad	6	1	1	ENVO:01000252	freshwater lake biome	1.00	1
Environmental > Aquatic > Freshwater > Ice > Liftoff microbial mat	local	6	1	1	ENVO:00000488	glacial lake	1.00	1
Environmental > Aquatic > Freshwater > Ice > Liftoff microbial mat	medium	6	1	1	ENVO:01000157	microbial mat material	1.00	1
Environmental > Aquatic > Freshwater > Lake	broad	7045	155	4	ENVO:01000252	freshwater lake biome	0.99	151
Environmental > Aquatic > Freshwater > Lake	local	7045	155	17	ENVO:00000021	freshwater lake	0.97	144
Environmental > Aquatic > Freshwater > Lake	medium	7045	155	12	ENVO:04000007	lake water	0.97	143
Environmental > Aquatic > Freshwater > Lake > Algal bloom	broad	8	3	1	ENVO:01000252	freshwater lake biome	1.00	3
Environmental > Aquatic > Freshwater > Lake > Algal bloom	local	8	3	2	ENVO:2000005	freshwater algal bloom	0.88	3
Environmental > Aquatic > Freshwater > Lake > Algal bloom	medium	8	3	1	ENVO:04000007	lake water	1.00	3
Environmental > Aquatic > Freshwater > Lake > Anoxic zone	broad	27	1	1	ENVO:01000252	freshwater lake biome	1.00	1
Environmental > Aquatic > Freshwater > Lake > Anoxic zone	local	27	1	1	ENVO:00000021	freshwater lake	1.00	1
Environmental > Aquatic > Freshwater > Lake > Anoxic zone	medium	27	1	1	ENVO:01000173	anoxic water	1.00	1
Environmental > Aquatic > Freshwater > Lake > Cyanobacterial bloom	broad	115	7	1	ENVO:01000252	freshwater lake biome	1.00	7
Environmental > Aquatic > Freshwater > Lake > Cyanobacterial bloom	local	115	7	2	ENVO:03600071	cyanobacterial bloom	0.71	5
Environmental > Aquatic > Freshwater > Lake > Cyanobacterial bloom	medium	115	7	1	ENVO:04000007	lake water	1.00	7
Environmental > Aquatic > Freshwater > Lake > Epilimnion/Euphotic zone	broad	663	10	1	ENVO:01000252	freshwater lake biome	1.00	10
Environmental > Aquatic > Freshwater > Lake > Epilimnion/Euphotic zone	local	663	10	2	ENVO:00002131	epilimnion	0.97	9
Environmental > Aquatic > Freshwater > Lake > Epilimnion/Euphotic zone	medium	663	10	1	ENVO:04000007	lake water	1.00	10
Environmental > Aquatic > Freshwater > Lake > Hypolimnion/Profundal zone	broad	305	10	1	ENVO:01000252	freshwater lake biome	1.00	10
Environmental > Aquatic > Freshwater > Lake > Hypolimnion/Profundal zone	local	305	10	2	ENVO:00002130	hypolimnion	0.99	9
Environmental > Aquatic > Freshwater > Lake > Hypolimnion/Profundal zone	medium	305	10	1	ENVO:04000007	lake water	1.00	10
Environmental > Aquatic > Freshwater > Lake > Lake biofilm	broad	5	1	1	ENVO:01000252	freshwater lake biome	1.00	1
Environmental > Aquatic > Freshwater > Lake > Lake biofilm	local	5	1	1	ENVO:00000021	freshwater lake	1.00	1
Environmental > Aquatic > Freshwater > Lake > Lake biofilm	medium	5	1	1	ENVO:00003074	manufactured product	1.00	1
Environmental > Aquatic > Freshwater > Lake > Microbial mats	broad	29	7	3	ENVO:01000252	freshwater lake biome	0.93	5
Environmental > Aquatic > Freshwater > Lake > Microbial mats	local	29	7	5	ENVO:00000021	freshwater lake	0.48	3
Environmental > Aquatic > Freshwater > Lake > Microbial mats	medium	29	7	3	ENVO:01000157	microbial mat material	0.93	5
Environmental > Aquatic > Freshwater > Lake > Sediment	broad	1127	50	5	ENVO:01000252	freshwater lake biome	0.96	46
Environmental > Aquatic > Freshwater > Lake > Sediment	local	1127	50	12	ENVO:00000021	freshwater lake	0.74	35
Environmental > Aquatic > Freshwater > Lake > Sediment	medium	1127	50	4	ENVO:00000546	lake sediment	0.97	46
Environmental > Aquatic > Freshwater > Lentic	broad	55	16	3	ENVO:01000252	freshwater lake biome	0.82	13
Environmental > Aquatic > Freshwater > Lentic	local	55	16	6	ENVO:00000021	freshwater lake	0.76	11
Environmental > Aquatic > Freshwater > Lentic	medium	55	16	6	ENVO:04000007	lake water	0.78	10
Environmental > Aquatic > Freshwater > Lentic > Epilimnion	broad	8	2	1	ENVO:01000252	freshwater lake biome	1.00	2
Environmental > Aquatic > Freshwater > Lentic > Epilimnion	local	8	2	2	ENVO:00002131	epilimnion	0.75	1
Environmental > Aquatic > Freshwater > Lentic > Epilimnion	medium	8	2	2	ENVO:01000063	planktonic material	0.75	1
Environmental > Aquatic > Freshwater > Lentic > Hypolimnion	broad	1	1	1	ENVO:01000252	freshwater lake biome	1.00	1
Environmental > Aquatic > Freshwater > Lentic > Hypolimnion	local	1	1	1	ENVO:00000021	freshwater lake	1.00	1
Environmental > Aquatic > Freshwater > Lentic > Hypolimnion	medium	1	1	1	ENVO:00000546	lake sediment	1.00	1
Environmental > Aquatic > Freshwater > Lentic > Limnetic zone	broad	2	2	2	ENVO:01000339	polar biome	0.50	1
Environmental > Aquatic > Freshwater > Lentic > Limnetic zone	local	2	2	2	ENVO:00000305	peninsula	0.50	1
Environmental > Aquatic > Freshwater > Lentic > Limnetic zone	medium	2	2	2	ENVO:00002011	fresh water	0.50	1
Environmental > Aquatic > Freshwater > Lentic > Littoral zone	broad	2	1	1	ENVO:01000252	freshwater lake biome	1.00	1
Environmental > Aquatic > Freshwater > Lentic > Littoral zone	local	2	1	1	ENVO:01000409	freshwater littoral zone	1.00	1
Environmental > Aquatic > Freshwater > Lentic > Littoral zone	medium	2	1	1	ENVO:04000007	lake water	1.00	1
Environmental > Aquatic > Freshwater > Lentic > Sediment	broad	18	8	4	ENVO:01000252	freshwater lake biome	0.78	4
Environmental > Aquatic > Freshwater > Lentic > Sediment	local	18	8	4	ENVO:00000021	freshwater lake	0.78	4
Environmental > Aquatic > Freshwater > Lentic > Sediment	medium	18	8	3	ENVO:00000546	lake sediment	0.83	5
Environmental > Aquatic > Freshwater > Lotic	broad	56	14	5	ENVO:00000873	freshwater biome	0.61	9
Environmental > Aquatic > Freshwater > Lotic	local	56	14	14	ENVO:00000023	stream	0.32	3
Environmental > Aquatic > Freshwater > Lotic	medium	56	14	8	ENVO:01000157	microbial mat material	0.27	2
Environmental > Aquatic > Freshwater > Microbialites	broad	9	3	1	ENVO:01000252	freshwater lake biome	1.00	3
Environmental > Aquatic > Freshwater > Microbialites	local	9	3	4	ENVO:01001062	crater lake	0.56	1
Environmental > Aquatic > Freshwater > Microbialites	medium	9	3	4	ENVO:00001995	rock	0.56	1
Environmental > Aquatic > Freshwater > Pond	broad	238	20	2	ENVO:00000873	freshwater biome	0.74	18
Environmental > Aquatic > Freshwater > Pond	local	238	20	5	ENVO:00000033	pond	0.51	17
Environmental > Aquatic > Freshwater > Pond	medium	238	20	4	ENVO:00002228	pond water	0.67	15
Environmental > Aquatic > Freshwater > Pond > Sediment	broad	180	10	3	ENVO:00000873	freshwater biome	0.91	7
Environmental > Aquatic > Freshwater > Pond > Sediment	local	180	10	3	ENVO:00000033	pond	0.99	8
Environmental > Aquatic > Freshwater > Pond > Sediment	medium	180	10	3	ENVO:00002007	sediment	0.93	8
Environmental > Aquatic > Freshwater > Puddle > Microbial mats	broad	1	1	1	ENVO:00002030	aquatic biome	1.00	1
Environmental > Aquatic > Freshwater > Puddle > Microbial mats	local	1	1	1	ENVO:01000871	puddle of water	1.00	1
Environmental > Aquatic > Freshwater > Puddle > Microbial mats	medium	1	1	1	ENVO:01000157	microbial mat material	1.00	1
Environmental > Aquatic > Freshwater > Reservoir	broad	254	12	2	ENVO:00000873	freshwater biome	0.99	12
Environmental > Aquatic > Freshwater > Reservoir	local	254	12	2	ENVO:00000025	reservoir	0.99	12
Environmental > Aquatic > Freshwater > Reservoir	medium	254	12	3	ENVO:00002011	fresh water	0.84	11
Environmental > Aquatic > Freshwater > Reservoir > Sediment	broad	1	1	1	ENVO:01000253	freshwater river biome	1.00	1
Environmental > Aquatic > Freshwater > Reservoir > Sediment	local	1	1	1	ENVO:00000025	reservoir	1.00	1
Environmental > Aquatic > Freshwater > Reservoir > Sediment	medium	1	1	1	ENVO:00000546	lake sediment	1.00	1
Environmental > Aquatic > Freshwater > River	broad	2760	78	3	ENVO:01000253	freshwater river biome	1.00	77
Environmental > Aquatic > Freshwater > River	local	2760	78	5	ENVO:00000022	river	0.94	75
Environmental > Aquatic > Freshwater > River	medium	2760	78	5	ENVO:01000599	river water	0.80	70
Environmental > Aquatic > Freshwater > River > Microbial mats	broad	16	1	1	ENVO:01000253	freshwater river biome	1.00	1
Environmental > Aquatic > Freshwater > River > Microbial mats	local	16	1	1	ENVO:00000022	river	1.00	1
Environmental > Aquatic > Freshwater > River > Microbial mats	medium	16	1	1	ENVO:01000157	microbial mat material	1.00	1
Environmental > Aquatic > Freshwater > River > Plankton	broad	112	1	1	ENVO:01000253	freshwater river biome	1.00	1
Environmental > Aquatic > Freshwater > River > Plankton	local	112	1	1	ENVO:00000022	river	1.00	1
Environmental > Aquatic > Freshwater > River > Plankton	medium	112	1	1	ENVO:01000063	planktonic material	1.00	1
Environmental > Aquatic > Freshwater > River > River biofilm	broad	13	2	1	ENVO:01000253	freshwater river biome	1.00	2
Environmental > Aquatic > Freshwater > River > River biofilm	local	13	2	2	ENVO:00000022	river	0.92	2
Environmental > Aquatic > Freshwater > River > River biofilm	medium	13	2	3	ENVO:01000156	biofilm material	0.69	1
Environmental > Aquatic > Freshwater > River > Sediment	broad	880	46	5	ENVO:01000253	freshwater river biome	0.97	44
Environmental > Aquatic > Freshwater > River > Sediment	local	880	46	5	ENVO:00000022	river	0.92	43
Environmental > Aquatic > Freshwater > River > Sediment	medium	880	46	3	ENVO:00002007	sediment	0.98	45
Environmental > Aquatic > Freshwater > Sediment	broad	84	15	4	ENVO:01000253	freshwater river biome	0.56	4
Environmental > Aquatic > Freshwater > Sediment	local	84	15	7	ENVO:00000022	river	0.55	4
Environmental > Aquatic > Freshwater > Sediment	medium	84	15	2	ENVO:00002007	sediment	0.65	9
Environmental > Aquatic > Freshwater > Sinkhole	broad	29	2	1	ENVO:01000252	freshwater lake biome	1.00	2
Environmental > Aquatic > Freshwater > Sinkhole	local	29	2	1	ENVO:00000195	sinkhole	1.00	2
Environmental > Aquatic > Freshwater > Sinkhole	medium	29	2	2	ENVO:01000157	microbial mat material	0.59	1
Environmental > Aquatic > Freshwater > Sinkhole > Microbial mats	broad	2	2	1	ENVO:00000873	freshwater biome	1.00	2
Environmental > Aquatic > Freshwater > Sinkhole > Microbial mats	local	2	2	1	ENVO:00000195	sinkhole	1.00	2
Environmental > Aquatic > Freshwater > Sinkhole > Microbial mats	medium	2	2	1	ENVO:01000157	microbial mat material	1.00	2
Environmental > Aquatic > Freshwater > Storm water > Drainage pipe biofilm	broad	4	1	1	ENVO:00002030	aquatic biome	1.00	1
Environmental > Aquatic > Freshwater > Storm water > Drainage pipe biofilm	local	4	1	1	ENVO:00000121	artificial channel	1.00	1
Environmental > Aquatic > Freshwater > Storm water > Drainage pipe biofilm	medium	4	1	1	ENVO:01000156	biofilm material	1.00	1
Environmental > Aquatic > Freshwater > Subglacial lake	broad	7	3	1	ENVO:01000252	freshwater lake biome	1.00	3
Environmental > Aquatic > Freshwater > Subglacial lake	local	7	3	1	ENVO:03000120	subglacial lake	1.00	3
Environmental > Aquatic > Freshwater > Subglacial lake	medium	7	3	2	ENVO:04000007	lake water	0.86	2
Environmental > Aquatic > Freshwater > Subterranean lake	broad	2	1	1	ENVO:01000252	freshwater lake biome	1.00	1
Environmental > Aquatic > Freshwater > Subterranean lake	local	2	1	1	ENVO:00000058	underground lake	1.00	1
Environmental > Aquatic > Freshwater > Subterranean lake	medium	2	1	1	ENVO:04000007	lake water	1.00	1
Environmental > Aquatic > Freshwater > Water tank	broad	54	2	2	ENVO:01000252	freshwater lake biome	0.98	1
Environmental > Aquatic > Freshwater > Water tank	local	54	2	2	ENVO:00000021	freshwater lake	0.98	1
Environmental > Aquatic > Freshwater > Water tank	medium	54	2	2	ENVO:04000007	lake water	0.98	1
Environmental > Aquatic > Freshwater > Wetlands	broad	22	5	2	ENVO:00002030	aquatic biome	0.77	3
Environmental > Aquatic > Freshwater > Wetlands	local	22	5	2	ENVO:00000043	wetland area	0.95	4
Environmental > Aquatic > Freshwater > Wetlands	medium	22	5	3	ENVO:00002007	sediment	0.55	1
Environmental > Aquatic > Freshwater > Wetlands > Bog	broad	14	2	3	ENVO:00002030	aquatic biome	0.86	1
Environmental > Aquatic > Freshwater > Wetlands > Bog	local	14	2	3	ENVO:00000043	wetland area	0.86	1
Environmental > Aquatic > Freshwater > Wetlands > Bog	medium	14	2	3	ENVO:00002261	forest soil	0.86	1
Environmental > Aquatic > Freshwater > Wetlands > Fen	broad	1	1	1	ENVO:00000873	freshwater biome	1.00	1
Environmental > Aquatic > Freshwater > Wetlands > Fen	local	1	1	1	ENVO:00000232	fen	1.00	1
Environmental > Aquatic > Freshwater > Wetlands > Fen	medium	1	1	1	ENVO:00002011	fresh water	1.00	1
Environmental > Aquatic > Freshwater > Wetlands > Sediment	broad	165	11	4	ENVO:00002030	aquatic biome	0.66	8
Environmental > Aquatic > Freshwater > Wetlands > Sediment	local	165	11	5	ENVO:00000043	wetland area	0.59	6
Environmental > Aquatic > Freshwater > Wetlands > Sediment	medium	165	11	1	ENVO:00002007	sediment	1.00	11
Environmental > Aquatic > Freshwater > Wetlands > Soil	broad	112	1	1	ENVO:01000020	estuarine biome	1.00	1
Environmental > Aquatic > Freshwater > Wetlands > Soil	local	112	1	1	ENVO:00000043	wetland area	1.00	1
Environmental > Aquatic > Freshwater > Wetlands > Soil	medium	112	1	1	ENVO:00001998	soil	1.00	1
Environmental > Aquatic > Freshwater > Wetlands > Swamp	broad	1	1	1	ENVO:01000252	freshwater lake biome	1.00	1
Environmental > Aquatic > Freshwater > Wetlands > Swamp	local	1	1	1	ENVO:00000021	freshwater lake	1.00	1
Environmental > Aquatic > Freshwater > Wetlands > Swamp	medium	1	1	1	ENVO:04000007	lake water	1.00	1
Environmental > Aquatic > Marine	broad	3749	141	11	ENVO:00000447	marine biome	0.96	128
Environmental > Aquatic > Marine	local	3749	141	31	ENVO:00001999	marine water body	0.79	113
Environmental > Aquatic > Marine	medium	3749	141	22	ENVO:00002149	sea water	0.87	109
Environmental > Aquatic > Marine > Aquifer > Formation fluid	broad	1	1	1	ENVO:00000447	marine biome	1.00	1
Environmental > Aquatic > Marine > Aquifer > Formation fluid	local	1	1	1	ENVO:00012408	aquifer	1.00	1
Environmental > Aquatic > Marine > Aquifer > Formation fluid	medium	1	1	1	ENVO:01000950	water ice formation process	1.00	1
Environmental > Aquatic > Marine > Bathypelagic	broad	30	5	1	ENVO:01000037	oceanic bathypelagic zone biome	1.00	5
Environmental > Aquatic > Marine > Bathypelagic	local	30	5	2	ENVO:00000211	marine bathypelagic zone	0.97	4
Environmental > Aquatic > Marine > Bathypelagic	medium	30	5	1	ENVO:00002149	sea water	1.00	5
Environmental > Aquatic > Marine > Benthic > Wood fall	broad	6	1	1	ENVO:01000024	marine benthic biome	1.00	1
Environmental > Aquatic > Marine > Benthic > Wood fall	local	6	1	1	ENVO:01000105	marine benthic feature	1.00	1
Environmental > Aquatic > Marine > Benthic > Wood fall	medium	6	1	1	ENVO:00002040	wood	1.00	1
Environmental > Aquatic > Marine > Benthic zone > Sediment	broad	1	1	1	ENVO:00000447	marine biome	1.00	1
Environmental > Aquatic > Marine > Benthic zone > Sediment	local	1	1	1	ENVO:01000024	marine benthic biome	1.00	1
Environmental > Aquatic > Marine > Benthic zone > Sediment	medium	1	1	1	ENVO:00002113	deep marine sediment	1.00	1
Environmental > Aquatic > Marine > Coastal	broad	2011	64	6	ENVO:00000447	marine biome	0.96	59
Environmental > Aquatic > Marine > Coastal	local	2011	64	18	ENVO:02000049	coastal water body	0.74	47
Environmental > Aquatic > Marine > Coastal	medium	2011	64	11	ENVO:00002150	coastal sea water	0.87	45
Environmental > Aquatic > Marine > Coastal > Brine	broad	12	1	1	ENVO:00000447	marine biome	1.00	1
Environmental > Aquatic > Marine > Coastal > Brine	local	12	1	1	ENVO:02000049	coastal water body	1.00	1
Environmental > Aquatic > Marine > Coastal > Brine	medium	12	1	1	ENVO:00003044	brine	1.00	1
Environmental > Aquatic > Marine > Coastal > Sediment	broad	377	33	4	ENVO:01000024	marine benthic biome	0.86	23
Environmental > Aquatic > Marine > Coastal > Sediment	local	377	33	7	ENVO:01000105	marine benthic feature	0.82	22
Environmental > Aquatic > Marine > Coastal > Sediment	medium	377	33	6	ENVO:03000033	marine sediment	0.94	28
Environmental > Aquatic > Marine > Cold seeps	broad	15	4	1	ENVO:01000127	marine cold seep biome	1.00	4
Environmental > Aquatic > Marine > Cold seeps	local	15	4	2	ENVO:01000620	mesocosm	0.80	1
Environmental > Aquatic > Marine > Cold seeps	medium	15	4	3	ENVO:00002007	sediment	0.80	1
Environmental > Aquatic > Marine > Cold seeps > Sediment	broad	312	13	2	ENVO:01000127	marine cold seep biome	0.96	12
Environmental > Aquatic > Marine > Cold seeps > Sediment	local	312	13	2	ENVO:01000263	cold seep	0.96	12
Environmental > Aquatic > Marine > Cold seeps > Sediment	medium	312	13	1	ENVO:03000033	marine sediment	1.00	13
Environmental > Aquatic > Marine > Continental margin > Sediment	broad	7	1	1	ENVO:00000447	marine biome	1.00	1
Environmental > Aquatic > Marine > Continental margin > Sediment	local	7	1	1	ENVO:01000298	continental margin	1.00	1
Environmental > Aquatic > Marine > Continental margin > Sediment	medium	7	1	1	ENVO:03000033	marine sediment	1.00	1
Environmental > Aquatic > Marine > Deep subsurface > Hydrocarbon	broad	9	1	1	ENVO:00000447	marine biome	1.00	1
Environmental > Aquatic > Marine > Deep subsurface > Hydrocarbon	local	9	1	1	ENVO:01000003	oil well	1.00	1
Environmental > Aquatic > Marine > Deep subsurface > Hydrocarbon	medium	9	1	1	CHEBI:24632	hydrocarbon	1.00	1
Environmental > Aquatic > Marine > Deep subsurface > Rock	broad	15	3	1	ENVO:00000447	marine biome	1.00	3
Environmental > Aquatic > Marine > Deep subsurface > Rock	local	15	3	2	ENVO:01001045	oceanic subsurface zone	0.93	3
Environmental > Aquatic > Marine > Deep subsurface > Rock	medium	15	3	1	ENVO:00001995	rock	1.00	3
Environmental > Aquatic > Marine > Deep subsurface > Sediment	broad	1	1	1	ENVO:00000447	marine biome	1.00	1
Environmental > Aquatic > Marine > Deep subsurface > Sediment	local	1	1	1	ENVO:00001999	marine water body	1.00	1
Environmental > Aquatic > Marine > Deep subsurface > Sediment	medium	1	1	1	ENVO:00002149	sea water	1.00	1
Environmental > Aquatic > Marine > Epipelagic	broad	1030	10	2	ENVO:01000035	oceanic epipelagic zone biome	0.99	9
Environmental > Aquatic > Marine > Epipelagic	local	1030	10	2	ENVO:01000044	marine pelagic feature	0.99	8
Environmental > Aquatic > Marine > Epipelagic	medium	1030	10	1	ENVO:00002149	sea water	1.00	10
Environmental > Aquatic > Marine > Fjord	broad	90	2	1	ENVO:00000447	marine biome	1.00	2
Environmental > Aquatic > Marine > Fjord	local	90	2	1	ENVO:00000039	fjord	1.00	2
Environmental > Aquatic > Marine > Fjord	medium	90	2	1	ENVO:00002149	sea water	1.00	2
Environmental > Aquatic > Marine > Fjord > Sediment	broad	1	1	1	ENVO:00000447	marine biome	1.00	1
Environmental > Aquatic > Marine > Fjord > Sediment	local	1	1	1	ENVO:00000039	fjord	1.00	1
Environmental > Aquatic > Marine > Fjord > Sediment	medium	1	1	1	ENVO:00002113	deep marine sediment	1.00	1
Environmental > Aquatic > Marine > Fossil > Whale fall	broad	4	2	1	ENVO:00000447	marine biome	1.00	2
Environmental > Aquatic > Marine > Fossil > Whale fall	local	4	2	3	ENVO:01000105	marine benthic feature	0.50	1
Environmental > Aquatic > Marine > Fossil > Whale fall	medium	4	2	2	ENVO:00002164	fossil	0.75	1
Environmental > Aquatic > Marine > Gulf	broad	34	4	1	ENVO:00000447	marine biome	1.00	4
Environmental > Aquatic > Marine > Gulf	local	34	4	3	ENVO:00001999	marine water body	0.44	2
Environmental > Aquatic > Marine > Gulf	medium	34	4	1	ENVO:00002149	sea water	1.00	4
Environmental > Aquatic > Marine > Hadalpelagic	broad	3	1	1	ENVO:01000048	ocean biome	1.00	1
Environmental > Aquatic > Marine > Hadalpelagic	local	3	1	1	ENVO:00000275	ocean trench	1.00	1
Environmental > Aquatic > Marine > Hadalpelagic	medium	3	1	1	ENVO:00002149	sea water	1.00	1
Environmental > Aquatic > Marine > Harbor	broad	449	7	2	ENVO:00000447	marine biome	0.59	6
Environmental > Aquatic > Marine > Harbor	local	449	7	3	ENVO:00000463	harbor	0.59	5
Environmental > Aquatic > Marine > Harbor	medium	449	7	2	ENVO:00002149	sea water	0.59	6
Environmental > Aquatic > Marine > Hydrothermal vents	broad	140	31	2	ENVO:01000030	marine hydrothermal vent biome	0.99	31
Environmental > Aquatic > Marine > Hydrothermal vents	local	140	31	5	ENVO:01000122	marine hydrothermal vent	0.79	20
Environmental > Aquatic > Marine > Hydrothermal vents	medium	140	31	3	ENVO:01000134	hydrothermal fluid	0.90	30
Environmental > Aquatic > Marine > Hydrothermal vents > Black smokers	broad	21	14	1	ENVO:01000051	marine black smoker biome	1.00	14
Environmental > Aquatic > Marine > Hydrothermal vents > Black smokers	local	21	14	1	ENVO:00000218	black smoker	1.00	14
Environmental > Aquatic > Marine > Hydrothermal vents > Black smokers	medium	21	14	1	ENVO:00002149	sea water	1.00	14
Environmental > Aquatic > Marine > Hydrothermal vents > Diffuse flow	broad	252	14	1	ENVO:01000030	marine hydrothermal vent biome	1.00	14
Environmental > Aquatic > Marine > Hydrothermal vents > Diffuse flow	local	252	14	3	ENVO:01000122	marine hydrothermal vent	0.97	13
Environmental > Aquatic > Marine > Hydrothermal vents > Diffuse flow	medium	252	14	1	ENVO:01000134	hydrothermal fluid	1.00	14
Environmental > Aquatic > Marine > Hydrothermal vents > Microbial mats	broad	74	9	1	ENVO:01000030	marine hydrothermal vent biome	1.00	9
Environmental > Aquatic > Marine > Hydrothermal vents > Microbial mats	local	74	9	3	ENVO:01000122	marine hydrothermal vent	0.62	8
Environmental > Aquatic > Marine > Hydrothermal vents > Microbial mats	medium	74	9	3	ENVO:01000157	microbial mat material	0.97	7
Environmental > Aquatic > Marine > Hydrothermal vents > Sediment	broad	114	16	2	ENVO:01000030	marine hydrothermal vent biome	0.96	15
Environmental > Aquatic > Marine > Hydrothermal vents > Sediment	local	114	16	5	ENVO:01000122	marine hydrothermal vent	0.57	14
Environmental > Aquatic > Marine > Hydrothermal vents > Sediment	medium	114	16	4	ENVO:00002113	deep marine sediment	0.47	7
Environmental > Aquatic > Marine > Hydrothermal vents > Tubeworm bush	broad	15	1	1	ENVO:01000030	marine hydrothermal vent biome	1.00	1
Environmental > Aquatic > Marine > Hydrothermal vents > Tubeworm bush	local	15	1	1	ENVO:01000122	marine hydrothermal vent	1.00	1
Environmental > Aquatic > Marine > Hydrothermal vents > Tubeworm bush	medium	15	1	2	ENVO:00002149	sea water	0.93	1
Environmental > Aquatic > Marine > Hypoxic zone	broad	128	6	1	ENVO:00000447	marine biome	1.00	6
Environmental > Aquatic > Marine > Hypoxic zone	local	128	6	2	ENVO:01000065	marine oxygen minimum zone	0.80	6
Environmental > Aquatic > Marine > Hypoxic zone	medium	128	6	1	ENVO:00002149	sea water	1.00	6
Environmental > Aquatic > Marine > Inlet	broad	1125	4	1	ENVO:00000447	marine biome	1.00	4
Environmental > Aquatic > Marine > Inlet	local	1125	4	1	ENVO:00000137	coastal inlet	1.00	4
Environmental > Aquatic > Marine > Inlet	medium	1125	4	1	ENVO:00002149	sea water	1.00	4
Environmental > Aquatic > Marine > Intertidal zone	broad	273	13	2	ENVO:00000447	marine biome	1.00	13
Environmental > Aquatic > Marine > Intertidal zone	local	273	13	9	ENVO:00000137	coastal inlet	0.56	2
Environmental > Aquatic > Marine > Intertidal zone	medium	273	13	6	ENVO:00002149	sea water	0.85	8
Environmental > Aquatic > Marine > Intertidal zone > Beach/Shore	broad	591	5	2	ENVO:00000447	marine biome	1.00	4
Environmental > Aquatic > Marine > Intertidal zone > Beach/Shore	local	591	5	3	ENVO:02000049	coastal water body	0.99	1
Environmental > Aquatic > Marine > Intertidal zone > Beach/Shore	medium	591	5	4	ENVO:00002150	coastal sea water	0.99	2
Environmental > Aquatic > Marine > Intertidal zone > Coral reef	broad	229	9	1	ENVO:01000049	marine coral reef biome	1.00	9
Environmental > Aquatic > Marine > Intertidal zone > Coral reef	local	229	9	1	ENVO:00000150	coral reef	1.00	9
Environmental > Aquatic > Marine > Intertidal zone > Coral reef	medium	229	9	3	ENVO:00002149	sea water	0.93	8
Environmental > Aquatic > Marine > Intertidal zone > Estuary	broad	823	41	2	ENVO:01000020	estuarine biome	0.91	33
Environmental > Aquatic > Marine > Intertidal zone > Estuary	local	823	41	7	ENVO:00000045	estuary	0.98	35
Environmental > Aquatic > Marine > Intertidal zone > Estuary	medium	823	41	4	ENVO:01000301	estuarine water	0.84	31
Environmental > Aquatic > Marine > Intertidal zone > Estuary: Microbial mat	broad	13	3	3	ENVO:01000020	estuarine biome	0.54	1
Environmental > Aquatic > Marine > Intertidal zone > Estuary: Microbial mat	local	13	3	3	ENVO:00000045	estuary	0.54	1
Environmental > Aquatic > Marine > Intertidal zone > Estuary: Microbial mat	medium	13	3	3	ENVO:00002007	sediment	0.54	1
Environmental > Aquatic > Marine > Intertidal zone > Estuary: Sediment	broad	85	7	1	ENVO:01000020	estuarine biome	1.00	7
Environmental > Aquatic > Marine > Intertidal zone > Estuary: Sediment	local	85	7	2	ENVO:00000045	estuary	0.99	6
Environmental > Aquatic > Marine > Intertidal zone > Estuary: Sediment	medium	85	7	1	ENVO:00002007	sediment	1.00	7
Environmental > Aquatic > Marine > Intertidal zone > Mangrove area	broad	1	1	1	ENVO:01000181	mangrove biome	1.00	1
Environmental > Aquatic > Marine > Intertidal zone > Mangrove area	local	1	1	1	ENVO:00000057	mangrove swamp	1.00	1
Environmental > Aquatic > Marine > Intertidal zone > Mangrove area	medium	1	1	1	ENVO:00000057	mangrove swamp	1.00	1
Environmental > Aquatic > Marine > Intertidal zone > Mangrove sediment	broad	30	6	1	ENVO:01000181	mangrove biome	1.00	6
Environmental > Aquatic > Marine > Intertidal zone > Mangrove sediment	local	30	6	3	ENVO:00000045	estuary	0.50	2
Environmental > Aquatic > Marine > Intertidal zone > Mangrove sediment	medium	30	6	2	ENVO:00002007	sediment	0.97	5
Environmental > Aquatic > Marine > Intertidal zone > Mangrove soil	broad	6	1	1	ENVO:01000181	mangrove biome	1.00	1
Environmental > Aquatic > Marine > Intertidal zone > Mangrove soil	local	6	1	1	ENVO:00000032	bay	1.00	1
Environmental > Aquatic > Marine > Intertidal zone > Mangrove soil	medium	6	1	1	ENVO:00001998	soil	1.00	1
Environmental > Aquatic > Marine > Intertidal zone > Mangrove swamp	broad	176	2	1	ENVO:01000181	mangrove biome	1.00	2
Environmental > Aquatic > Marine > Intertidal zone > Mangrove swamp	local	176	2	3	ENVO:00000057	mangrove swamp	0.98	1
Environmental > Aquatic > Marine > Intertidal zone > Mangrove swamp	medium	176	2	3	ENVO:00002149	sea water	0.98	1
Environmental > Aquatic > Marine > Intertidal zone > Microbialites	broad	45	7	3	ENVO:00000447	marine biome	0.73	4
Environmental > Aquatic > Marine > Intertidal zone > Microbialites	local	45	7	6	ENVO:03600034	cay	0.53	1
Environmental > Aquatic > Marine > Intertidal zone > Microbialites	medium	45	7	5	ENVO:00002053	limestone	0.53	1
Environmental > Aquatic > Marine > Intertidal zone > Oil-contaminated	broad	1	1	1	ENVO:00000447	marine biome	1.00	1
Environmental > Aquatic > Marine > Intertidal zone > Oil-contaminated	local	1	1	1	ENVO:00002061	oil spill	1.00	1
Environmental > Aquatic > Marine > Intertidal zone > Oil-contaminated	medium	1	1	1	ENVO:00002149	sea water	1.00	1
Environmental > Aquatic > Marine > Intertidal zone > Salt marsh	broad	157	11	2	ENVO:01000022	marine salt marsh biome	0.92	10
Environmental > Aquatic > Marine > Intertidal zone > Salt marsh	local	157	11	5	ENVO:00000054	saline marsh	0.81	8
Environmental > Aquatic > Marine > Intertidal zone > Salt marsh	medium	157	11	6	ENVO:00002007	sediment	0.55	5
Environmental > Aquatic > Marine > Intertidal zone > Salt marsh sediment	broad	55	1	1	ENVO:01000022	marine salt marsh biome	1.00	1
Environmental > Aquatic > Marine > Intertidal zone > Salt marsh sediment	local	55	1	1	ENVO:00000316	intertidal zone	1.00	1
Environmental > Aquatic > Marine > Intertidal zone > Salt marsh sediment	medium	55	1	1	ENVO:00002007	sediment	1.00	1
Environmental > Aquatic > Marine > Intertidal zone > Salt pond sediment	broad	22	2	2	ENVO:00000446	terrestrial biome	0.91	1
Environmental > Aquatic > Marine > Intertidal zone > Salt pond sediment	local	22	2	2	ENVO:00000043	wetland area	0.91	1
Environmental > Aquatic > Marine > Intertidal zone > Salt pond sediment	medium	22	2	2	ENVO:00001998	soil	0.91	1
Environmental > Aquatic > Marine > Intertidal zone > Sediment	broad	78	19	6	ENVO:00000447	marine biome	0.46	9
Environmental > Aquatic > Marine > Intertidal zone > Sediment	local	78	19	9	ENVO:00000316	intertidal zone	0.35	8
Environmental > Aquatic > Marine > Intertidal zone > Sediment	medium	78	19	5	ENVO:03000033	marine sediment	0.56	10
Environmental > Aquatic > Marine > Intertidal zone > Tidal flats	broad	19	3	3	ENVO:00000447	marine biome	0.89	1
Environmental > Aquatic > Marine > Intertidal zone > Tidal flats	local	19	3	3	ENVO:00000038	lagoon	0.89	1
Environmental > Aquatic > Marine > Intertidal zone > Tidal flats	medium	19	3	3	ENVO:01000157	microbial mat material	0.89	1
Environmental > Aquatic > Marine > Littoral zone > Neritic zone/Coastal water	broad	1	1	1	ENVO:00000447	marine biome	1.00	1
Environmental > Aquatic > Marine > Littoral zone > Neritic zone/Coastal water	local	1	1	1	ENVO:00000206	marine neritic zone	1.00	1
Environmental > Aquatic > Marine > Littoral zone > Neritic zone/Coastal water	medium	1	1	1	ENVO:00002149	sea water	1.00	1
Environmental > Aquatic > Marine > Marginal Sea	broad	8	1	1	ENVO:01000854	tropical marine coral reef biome	1.00	1
Environmental > Aquatic > Marine > Marginal Sea	local	8	1	1	ENVO:00000150	coral reef	1.00	1
Environmental > Aquatic > Marine > Marginal Sea	medium	8	1	1	ENVO:00002149	sea water	1.00	1
Environmental > Aquatic > Marine > Marine lake	broad	27	1	1	ENVO:00000447	marine biome	1.00	1
Environmental > Aquatic > Marine > Marine lake	local	27	1	2	ENVO:00000038	lagoon	0.56	1
Environmental > Aquatic > Marine > Marine lake	medium	27	1	1	ENVO:00002019	brackish water	1.00	1
Environmental > Aquatic > Marine > Mesopelagic	broad	104	8	1	ENVO:01000036	oceanic mesopelagic zone biome	1.00	8
Environmental > Aquatic > Marine > Mesopelagic	local	104	8	2	ENVO:00000213	marine mesopelagic zone	0.99	7
Environmental > Aquatic > Marine > Mesopelagic	medium	104	8	1	ENVO:00002149	sea water	1.00	8
Environmental > Aquatic > Marine > Mud volcano	broad	2	2	2	ENVO:00000447	marine biome	0.50	1
Environmental > Aquatic > Marine > Mud volcano	local	2	2	1	ENVO:00000402	mud volcano	1.00	2
Environmental > Aquatic > Marine > Mud volcano	medium	2	2	1	ENVO:03000033	marine sediment	1.00	2
Environmental > Aquatic > Marine > Mud volcano > Sediment	broad	10	2	2	ENVO:01000030	marine hydrothermal vent biome	0.90	2
Environmental > Aquatic > Marine > Mud volcano > Sediment	local	10	2	1	ENVO:00000402	mud volcano	1.00	2
Environmental > Aquatic > Marine > Mud volcano > Sediment	medium	10	2	2	ENVO:03000033	marine sediment	0.90	2
Environmental > Aquatic > Marine > Neritic zone/Coastal water	broad	52	12	3	ENVO:00000447	marine biome	0.71	8
Environmental > Aquatic > Marine > Neritic zone/Coastal water	local	52	12	6	ENVO:00000206	marine neritic zone	0.44	8
Environmental > Aquatic > Marine > Neritic zone/Coastal water	medium	52	12	5	ENVO:00002149	sea water	0.60	7
Environmental > Aquatic > Marine > Neritic zone/Coastal water > Sediment	broad	19	2	2	ENVO:00000447	marine biome	0.95	1
Environmental > Aquatic > Marine > Neritic zone/Coastal water > Sediment	local	19	2	1	ENVO:00000206	marine neritic zone	1.00	2
Environmental > Aquatic > Marine > Neritic zone/Coastal water > Sediment	medium	19	2	1	ENVO:03000033	marine sediment	1.00	2
Environmental > Aquatic > Marine > Ocean trench	broad	33	3	1	ENVO:00000447	marine biome	1.00	3
Environmental > Aquatic > Marine > Ocean trench	local	33	3	1	ENVO:00000275	ocean trench	1.00	3
Environmental > Aquatic > Marine > Ocean trench	medium	33	3	1	ENVO:00002149	sea water	1.00	3
Environmental > Aquatic > Marine > Ocean trench > Sediment	broad	5	2	1	ENVO:00000447	marine biome	1.00	2
Environmental > Aquatic > Marine > Ocean trench > Sediment	local	5	2	1	ENVO:00000275	ocean trench	1.00	2
Environmental > Aquatic > Marine > Ocean trench > Sediment	medium	5	2	1	ENVO:00002113	deep marine sediment	1.00	2
Environmental > Aquatic > Marine > Oceanic	broad	2609	112	13	ENVO:00000447	marine biome	0.90	99
Environmental > Aquatic > Marine > Oceanic	local	2609	112	22	ENVO:00001999	marine water body	0.67	83
Environmental > Aquatic > Marine > Oceanic	medium	2609	112	11	ENVO:00002149	sea water	0.91	93
Environmental > Aquatic > Marine > Oceanic > Abyssal plane	broad	77	6	1	ENVO:01000038	oceanic abyssopelagic zone biome	1.00	6
Environmental > Aquatic > Marine > Oceanic > Abyssal plane	local	77	6	2	ENVO:01000105	marine benthic feature	0.82	1
Environmental > Aquatic > Marine > Oceanic > Abyssal plane	medium	77	6	2	ENVO:00002149	sea water	0.99	5
Environmental > Aquatic > Marine > Oceanic > Aphotic zone	broad	64	9	3	ENVO:00000447	marine biome	0.95	7
Environmental > Aquatic > Marine > Oceanic > Aphotic zone	local	64	9	4	ENVO:00000210	marine aphotic zone	0.92	5
Environmental > Aquatic > Marine > Oceanic > Aphotic zone	medium	64	9	2	ENVO:00002149	sea water	0.97	8
Environmental > Aquatic > Marine > Oceanic > Benthic	broad	7	4	3	ENVO:01000048	ocean biome	0.43	2
Environmental > Aquatic > Marine > Oceanic > Benthic	local	7	4	3	ENVO:01000105	marine benthic feature	0.43	2
Environmental > Aquatic > Marine > Oceanic > Benthic	medium	7	4	4	ENVO:01000157	microbial mat material	0.43	1
Environmental > Aquatic > Marine > Oceanic > Crustal Fluids	broad	36	7	1	ENVO:00000447	marine biome	1.00	7
Environmental > Aquatic > Marine > Oceanic > Crustal Fluids	local	36	7	4	ENVO:00001999	marine water body	0.89	4
Environmental > Aquatic > Marine > Oceanic > Crustal Fluids	medium	36	7	1	ENVO:03600082	crustal fluid	1.00	7
Environmental > Aquatic > Marine > Oceanic > Microbial mats	broad	3	2	2	ENVO:00000447	marine biome	0.67	1
Environmental > Aquatic > Marine > Oceanic > Microbial mats	local	3	2	1	ENVO:00000207	oceanic zone	1.00	2
Environmental > Aquatic > Marine > Oceanic > Microbial mats	medium	3	2	1	ENVO:01000157	microbial mat material	1.00	2
Environmental > Aquatic > Marine > Oceanic > Oceanic crust	broad	1	1	1	ENVO:00000447	marine biome	1.00	1
Environmental > Aquatic > Marine > Oceanic > Oceanic crust	local	1	1	1	ENVO:00000207	oceanic zone	1.00	1
Environmental > Aquatic > Marine > Oceanic > Oceanic crust	medium	1	1	1	ENVO:01000749	oceanic crust	1.00	1
Environmental > Aquatic > Marine > Oceanic > Oil-contaminated	broad	13	4	2	ENVO:00000447	marine biome	0.92	3
Environmental > Aquatic > Marine > Oceanic > Oil-contaminated	local	13	4	3	ENVO:00002061	oil spill	0.46	1
Environmental > Aquatic > Marine > Oceanic > Oil-contaminated	medium	13	4	3	ENVO:00002149	sea water	0.69	2
Environmental > Aquatic > Marine > Oceanic > Oil-contaminated sediment	broad	11	3	2	ENVO:01000024	marine benthic biome	0.91	2
Environmental > Aquatic > Marine > Oceanic > Oil-contaminated sediment	local	11	3	2	ENVO:01000105	marine benthic feature	0.91	2
Environmental > Aquatic > Marine > Oceanic > Oil-contaminated sediment	medium	11	3	2	ENVO:03000033	marine sediment	0.91	2
Environmental > Aquatic > Marine > Oceanic > Photic zone	broad	211	23	2	ENVO:00000447	marine biome	0.99	22
Environmental > Aquatic > Marine > Oceanic > Photic zone	local	211	23	2	ENVO:00000209	marine photic zone	0.52	17
Environmental > Aquatic > Marine > Oceanic > Photic zone	medium	211	23	3	ENVO:00002149	sea water	0.63	20
Environmental > Aquatic > Marine > Oceanic > Rock	broad	3	1	1	ENVO:00000447	marine biome	1.00	1
Environmental > Aquatic > Marine > Oceanic > Rock	local	3	1	1	ENVO:00000207	oceanic zone	1.00	1
Environmental > Aquatic > Marine > Oceanic > Rock	medium	3	1	1	ENVO:00001995	rock	1.00	1
Environmental > Aquatic > Marine > Oceanic > Sediment	broad	294	41	7	ENVO:01000024	marine benthic biome	0.82	29
Environmental > Aquatic > Marine > Oceanic > Sediment	local	294	41	14	ENVO:01000105	marine benthic feature	0.66	31
Environmental > Aquatic > Marine > Oceanic > Sediment	medium	294	41	6	ENVO:03000033	marine sediment	0.60	30
Environmental > Aquatic > Marine > Oil seeps	broad	8	3	2	ENVO:00000447	marine biome	0.88	2
Environmental > Aquatic > Marine > Oil seeps	local	8	3	2	ENVO:00002063	oil seep	0.88	2
Environmental > Aquatic > Marine > Oil seeps	medium	8	3	2	ENVO:00002149	sea water	0.88	2
Environmental > Aquatic > Marine > Pelagic zone	broad	296	15	3	ENVO:00000447	marine biome	0.75	13
Environmental > Aquatic > Marine > Pelagic zone	local	296	15	6	ENVO:00000208	marine pelagic zone	0.58	9
Environmental > Aquatic > Marine > Pelagic zone	medium	296	15	5	ENVO:00002149	sea water	0.88	13
Environmental > Aquatic > Marine > Pelagic zone > Abyssopelagic/Abyssal zone	broad	1	1	1	ENVO:00000447	marine biome	1.00	1
Environmental > Aquatic > Marine > Pelagic zone > Abyssopelagic/Abyssal zone	local	1	1	1	ENVO:00000209	marine photic zone	1.00	1
Environmental > Aquatic > Marine > Pelagic zone > Abyssopelagic/Abyssal zone	medium	1	1	1	ENVO:00002149	sea water	1.00	1
Environmental > Aquatic > Marine > Pelagic zone > Sediment	broad	1	1	1	ENVO:00000447	marine biome	1.00	1
Environmental > Aquatic > Marine > Pelagic zone > Sediment	local	1	1	1	ENVO:01000023	marine pelagic biome	1.00	1
Environmental > Aquatic > Marine > Pelagic zone > Sediment	medium	1	1	1	ENVO:00002149	sea water	1.00	1
Environmental > Aquatic > Marine > River plume > Plankton	broad	22	1	1	ENVO:00000447	marine biome	1.00	1
Environmental > Aquatic > Marine > River plume > Plankton	local	22	1	1	ENVO:01000085	plume front	1.00	1
Environmental > Aquatic > Marine > River plume > Plankton	medium	22	1	1	ENVO:01000063	planktonic material	1.00	1
Environmental > Aquatic > Marine > Sea ice	broad	6	1	1	ENVO:00000447	marine biome	1.00	1
Environmental > Aquatic > Marine > Sea ice	local	6	1	1	ENVO:00000098	island	1.00	1
Environmental > Aquatic > Marine > Sea ice	medium	6	1	1	ENVO:00002200	sea ice	1.00	1
Environmental > Aquatic > Marine > Sea ice > Cryoconite	broad	3	1	1	ENVO:00000447	marine biome	1.00	1
Environmental > Aquatic > Marine > Sea ice > Cryoconite	local	3	1	1	ENVO:01001581	sea surface layer	1.00	1
Environmental > Aquatic > Marine > Sea ice > Cryoconite	medium	3	1	1	ENVO:03000038	cryoconite deposit	1.00	1
Environmental > Aquatic > Marine > Sea ice > Melt pond	broad	1	1	1	ENVO:00000447	marine biome	1.00	1
Environmental > Aquatic > Marine > Sea ice > Melt pond	local	1	1	1	ENVO:03000040	melt pond	1.00	1
Environmental > Aquatic > Marine > Sea ice > Melt pond	medium	1	1	1	ENVO:03000051	ice-encased melt pond	1.00	1
Environmental > Aquatic > Marine > Seaweed	broad	90	1	1	ENVO:00000447	marine biome	1.00	1
Environmental > Aquatic > Marine > Seaweed	local	90	1	1	ENVO:00001999	marine water body	1.00	1
Environmental > Aquatic > Marine > Seaweed	medium	90	1	1	ENVO:01001189	algal material	1.00	1
Environmental > Aquatic > Marine > Sediment	broad	286	40	3	ENVO:01000024	marine benthic biome	0.92	38
Environmental > Aquatic > Marine > Sediment	local	286	40	3	ENVO:01000105	marine benthic feature	0.92	37
Environmental > Aquatic > Marine > Sediment	medium	286	40	2	ENVO:03000033	marine sediment	0.93	39
Environmental > Aquatic > Marine > Strait	broad	73	3	2	ENVO:00000447	marine biome	0.88	2
Environmental > Aquatic > Marine > Strait	local	73	3	2	ENVO:01000651	ocean strait	0.88	2
Environmental > Aquatic > Marine > Strait	medium	73	3	2	ENVO:00002149	sea water	0.88	2
Environmental > Aquatic > Marine > Strait > Sediment	broad	3	1	1	ENVO:00000447	marine biome	1.00	1
Environmental > Aquatic > Marine > Strait > Sediment	local	3	1	1	ENVO:02000049	coastal water body	1.00	1
Environmental > Aquatic > Marine > Strait > Sediment	medium	3	1	1	ENVO:00002007	sediment	1.00	1
Environmental > Aquatic > Marine > Subtidal zone > Sediment	broad	3	1	1	ENVO:01000050	marine subtidal rocky reef biome	1.00	1
Environmental > Aquatic > Marine > Subtidal zone > Sediment	local	3	1	1	ENVO:01000150	marine subtidal rocky reef	1.00	1
Environmental > Aquatic > Marine > Subtidal zone > Sediment	medium	3	1	1	ENVO:03000033	marine sediment	1.00	1
Environmental > Aquatic > Marine > Volcanic	broad	25	4	2	ENVO:00000447	marine biome	0.52	2
Environmental > Aquatic > Marine > Volcanic	local	25	4	3	ENVO:00000247	volcano	0.48	2
Environmental > Aquatic > Marine > Volcanic	medium	25	4	4	ENVO:00002007	sediment	0.48	1
Environmental > Aquatic > Marine > Wetlands	broad	5	3	2	ENVO:00000447	marine biome	0.80	2
Environmental > Aquatic > Marine > Wetlands	local	5	3	1	ENVO:00000043	wetland area	1.00	3
Environmental > Aquatic > Marine > Wetlands	medium	5	3	3	ENVO:00001998	soil	0.40	1
Environmental > Aquatic > Marine > Wetlands > Sediment	broad	221	7	5	ENVO:00000447	marine biome	0.82	3
Environmental > Aquatic > Marine > Wetlands > Sediment	local	221	7	6	ENVO:00000230	coastal wetland ecosystem	0.37	1
Environmental > Aquatic > Marine > Wetlands > Sediment	medium	221	7	3	ENVO:00002007	sediment	0.94	6
Environmental > Aquatic > Non-marine Saline and Alkaline	broad	66	6	2	ENVO:00002030	aquatic biome	0.98	5
Environmental > Aquatic > Non-marine Saline and Alkaline	local	66	6	7	ENVO:00000019	saline lake	0.79	1
Environmental > Aquatic > Non-marine Saline and Alkaline	medium	66	6	6	ENVO:04000007	lake water	0.82	2
Environmental > Aquatic > Non-marine Saline and Alkaline > Alkaline	broad	11	6	1	ENVO:00002030	aquatic biome	1.00	6
Environmental > Aquatic > Non-marine Saline and Alkaline > Alkaline	local	11	6	4	ENVO:00000027	spring	0.73	3
Environmental > Aquatic > Non-marine Saline and Alkaline > Alkaline	medium	11	6	5	ENVO:01000357	alkaline water	0.45	2
Environmental > Aquatic > Non-marine Saline and Alkaline > Alkaline > Microbial mats	broad	6	1	1	ENVO:00002030	aquatic biome	1.00	1
Environmental > Aquatic > Non-marine Saline and Alkaline > Alkaline > Microbial mats	local	6	1	1	ENVO:00000038	lagoon	1.00	1
Environmental > Aquatic > Non-marine Saline and Alkaline > Alkaline > Microbial mats	medium	6	1	1	ENVO:01000157	microbial mat material	1.00	1
Environmental > Aquatic > Non-marine Saline and Alkaline > Alkaline > Mine pit pond	broad	8	1	1	ENVO:00002030	aquatic biome	1.00	1
Environmental > Aquatic > Non-marine Saline and Alkaline > Alkaline > Mine pit pond	local	8	1	1	ENVO:00000076	mine	1.00	1
Environmental > Aquatic > Non-marine Saline and Alkaline > Alkaline > Mine pit pond	medium	8	1	1	ENVO:01000357	alkaline water	1.00	1
Environmental > Aquatic > Non-marine Saline and Alkaline > Alkaline > Sediment	broad	10	1	1	ENVO:00002030	aquatic biome	1.00	1
Environmental > Aquatic > Non-marine Saline and Alkaline > Alkaline > Sediment	local	10	1	3	ENVO:00000020	lake	0.50	1
Environmental > Aquatic > Non-marine Saline and Alkaline > Alkaline > Sediment	medium	10	1	2	ENVO:00000546	lake sediment	0.70	1
Environmental > Aquatic > Non-marine Saline and Alkaline > Hypersaline	broad	143	33	1	ENVO:00002030	aquatic biome	1.00	33
Environmental > Aquatic > Non-marine Saline and Alkaline > Hypersaline	local	143	33	9	ENVO:01001020	hypersaline lake	0.48	15
Environmental > Aquatic > Non-marine Saline and Alkaline > Hypersaline	medium	143	33	7	ENVO:00002012	hypersaline water	0.48	16
Environmental > Aquatic > Non-marine Saline and Alkaline > Hypersaline > Microbial mats	broad	171	8	1	ENVO:00002030	aquatic biome	1.00	8
Environmental > Aquatic > Non-marine Saline and Alkaline > Hypersaline > Microbial mats	local	171	8	6	ENVO:01001020	hypersaline lake	0.92	3
Environmental > Aquatic > Non-marine Saline and Alkaline > Hypersaline > Microbial mats	medium	171	8	2	ENVO:01000157	microbial mat material	0.99	7
Environmental > Aquatic > Non-marine Saline and Alkaline > Hypersaline > Sediment	broad	21	8	2	ENVO:00002030	aquatic biome	0.95	7
Environmental > Aquatic > Non-marine Saline and Alkaline > Hypersaline > Sediment	local	21	8	3	ENVO:01001020	hypersaline lake	0.86	5
Environmental > Aquatic > Non-marine Saline and Alkaline > Hypersaline > Sediment	medium	21	8	2	ENVO:00000546	lake sediment	0.86	5
Environmental > Aquatic > Non-marine Saline and Alkaline > Lake	broad	89	1	1	ENVO:00002030	aquatic biome	1.00	1
Environmental > Aquatic > Non-marine Saline and Alkaline > Lake	local	89	1	1	ENVO:00000019	saline lake	1.00	1
Environmental > Aquatic > Non-marine Saline and Alkaline > Lake	medium	89	1	1	ENVO:00002010	saline water	1.00	1
Environmental > Aquatic > Non-marine Saline and Alkaline > Lake > Brine	broad	3	1	1	ENVO:00002030	aquatic biome	1.00	1
Environmental > Aquatic > Non-marine Saline and Alkaline > Lake > Brine	local	3	1	1	ENVO:00000020	lake	1.00	1
Environmental > Aquatic > Non-marine Saline and Alkaline > Lake > Brine	medium	3	1	1	ENVO:00003044	brine	1.00	1
Environmental > Aquatic > Non-marine Saline and Alkaline > Near-boiling (>90C) > Alkaline	broad	1	1	1	ENVO:00002030	aquatic biome	1.00	1
Environmental > Aquatic > Non-marine Saline and Alkaline > Near-boiling (>90C) > Alkaline	local	1	1	1	ENVO:00000051	hot spring	1.00	1
Environmental > Aquatic > Non-marine Saline and Alkaline > Near-boiling (>90C) > Alkaline	medium	1	1	1	ENVO:03600065	spring water	1.00	1
Environmental > Aquatic > Non-marine Saline and Alkaline > Saline	broad	893	25	1	ENVO:00002030	aquatic biome	1.00	25
Environmental > Aquatic > Non-marine Saline and Alkaline > Saline	local	893	25	10	ENVO:00000019	saline lake	0.82	6
Environmental > Aquatic > Non-marine Saline and Alkaline > Saline	medium	893	25	7	ENVO:00002010	saline water	0.84	18
Environmental > Aquatic > Non-marine Saline and Alkaline > Saline > Athalassic	broad	3	1	1	ENVO:00002030	aquatic biome	1.00	1
Environmental > Aquatic > Non-marine Saline and Alkaline > Saline > Athalassic	local	3	1	1	ENVO:01001020	hypersaline lake	1.00	1
Environmental > Aquatic > Non-marine Saline and Alkaline > Saline > Athalassic	medium	3	1	1	ENVO:00002012	hypersaline water	1.00	1
Environmental > Aquatic > Non-marine Saline and Alkaline > Saline > Epilimnion	broad	2	1	1	ENVO:00002030	aquatic biome	1.00	1
Environmental > Aquatic > Non-marine Saline and Alkaline > Saline > Epilimnion	local	2	1	1	ENVO:00000038	lagoon	1.00	1
Environmental > Aquatic > Non-marine Saline and Alkaline > Saline > Epilimnion	medium	2	1	1	ENVO:00002010	saline water	1.00	1
Environmental > Aquatic > Non-marine Saline and Alkaline > Saline > Microbial mats	broad	11	6	4	ENVO:00000447	marine biome	0.45	1
Environmental > Aquatic > Non-marine Saline and Alkaline > Saline > Microbial mats	local	11	6	6	ENVO:03600034	cay	0.45	1
Environmental > Aquatic > Non-marine Saline and Alkaline > Saline > Microbial mats	medium	11	6	2	ENVO:01000157	microbial mat material	0.91	5
Environmental > Aquatic > Non-marine Saline and Alkaline > Saline > Sediment	broad	33	7	1	ENVO:00002030	aquatic biome	1.00	7
Environmental > Aquatic > Non-marine Saline and Alkaline > Saline > Sediment	local	33	7	5	ENVO:00000033	pond	0.48	1
Environmental > Aquatic > Non-marine Saline and Alkaline > Saline > Sediment	medium	33	7	2	ENVO:00002007	sediment	0.70	4
Environmental > Aquatic > Non-marine Saline and Alkaline > Saline > Thalassic	broad	1	1	1	ENVO:00002030	aquatic biome	1.00	1
Environmental > Aquatic > Non-marine Saline and Alkaline > Saline > Thalassic	local	1	1	1	ENVO:00000038	lagoon	1.00	1
Environmental > Aquatic > Non-marine Saline and Alkaline > Saline > Thalassic	medium	1	1	1	ENVO:00002010	saline water	1.00	1
Environmental > Aquatic > Non-marine Saline and Alkaline > Saline lake	broad	10	1	1	ENVO:00002030	aquatic biome	1.00	1
Environmental > Aquatic > Non-marine Saline and Alkaline > Saline lake	local	10	1	1	ENVO:00000019	saline lake	1.00	1
Environmental > Aquatic > Non-marine Saline and Alkaline > Saline lake	medium	10	1	1	ENVO:04000007	lake water	1.00	1
Environmental > Aquatic > Non-marine Saline and Alkaline > Salt crystallizer ponds	broad	63	14	1	ENVO:00002030	aquatic biome	1.00	14
Environmental > Aquatic > Non-marine Saline and Alkaline > Salt crystallizer ponds	local	63	14	1	ENVO:00000055	saline evaporation pond	1.00	14
Environmental > Aquatic > Non-marine Saline and Alkaline > Salt crystallizer ponds	medium	63	14	3	ENVO:00003044	brine	0.67	3
Environmental > Aquatic > Non-marine Saline and Alkaline > Salt crystallizer ponds > Microbial mats	broad	12	2	1	ENVO:00002030	aquatic biome	1.00	2
Environmental > Aquatic > Non-marine Saline and Alkaline > Salt crystallizer ponds > Microbial mats	local	12	2	1	ENVO:00000055	saline evaporation pond	1.00	2
Environmental > Aquatic > Non-marine Saline and Alkaline > Salt crystallizer ponds > Microbial mats	medium	12	2	1	ENVO:01000157	microbial mat material	1.00	2
Environmental > Aquatic > Non-marine Saline and Alkaline > Salt marsh	broad	1	1	1	ENVO:00000446	terrestrial biome	1.00	1
Environmental > Aquatic > Non-marine Saline and Alkaline > Salt marsh	local	1	1	1	ENVO:00000240	saline wetland	1.00	1
Environmental > Aquatic > Non-marine Saline and Alkaline > Salt marsh	medium	1	1	1	ENVO:00001998	soil	1.00	1
Environmental > Aquatic > Thermal springs	broad	117	20	2	ENVO:00002030	aquatic biome	0.99	19
Environmental > Aquatic > Thermal springs	local	117	20	3	ENVO:00000051	hot spring	0.98	18
Environmental > Aquatic > Thermal springs	medium	117	20	4	ENVO:03600065	spring water	0.86	16
Environmental > Aquatic > Thermal springs > Acid lake > Sediment	broad	1	1	1	ENVO:00000052	volcanic crater lake	1.00	1
Environmental > Aquatic > Thermal springs > Acid lake > Sediment	local	1	1	1	ENVO:00000051	hot spring	1.00	1
Environmental > Aquatic > Thermal springs > Acid lake > Sediment	medium	1	1	1	ENVO:00002007	sediment	1.00	1
Environmental > Aquatic > Thermal springs > Hot (42-90C)	broad	387	32	1	ENVO:00002030	aquatic biome	1.00	32
Environmental > Aquatic > Thermal springs > Hot (42-90C)	local	387	32	4	ENVO:00000051	hot spring	0.99	30
Environmental > Aquatic > Thermal springs > Hot (42-90C)	medium	387	32	5	ENVO:03600065	spring water	0.84	28
Environmental > Aquatic > Thermal springs > Hot (42-90C) > Acidic	broad	324	8	2	ENVO:00002030	aquatic biome	1.00	8
Environmental > Aquatic > Thermal springs > Hot (42-90C) > Acidic	local	324	8	5	ENVO:00000051	hot spring	0.98	7
Environmental > Aquatic > Thermal springs > Hot (42-90C) > Acidic	medium	324	8	6	ENVO:04000007	lake water	0.91	2
Environmental > Aquatic > Thermal springs > Hot (42-90C) > Alkaline	broad	15	10	1	ENVO:00002030	aquatic biome	1.00	10
Environmental > Aquatic > Thermal springs > Hot (42-90C) > Alkaline	local	15	10	2	ENVO:00000051	hot spring	0.93	9
Environmental > Aquatic > Thermal springs > Hot (42-90C) > Alkaline	medium	15	10	4	ENVO:03600065	spring water	0.60	4
Environmental > Aquatic > Thermal springs > Hot (42-90C) > Microbial mats	broad	927	10	1	ENVO:00002030	aquatic biome	1.00	10
Environmental > Aquatic > Thermal springs > Hot (42-90C) > Microbial mats	local	927	10	2	ENVO:00000051	hot spring	1.00	10
Environmental > Aquatic > Thermal springs > Hot (42-90C) > Microbial mats	medium	927	10	1	ENVO:01000157	microbial mat material	1.00	10
Environmental > Aquatic > Thermal springs > Hot (42-90C) > Neutral	broad	23	11	1	ENVO:00002030	aquatic biome	1.00	11
Environmental > Aquatic > Thermal springs > Hot (42-90C) > Neutral	local	23	11	2	ENVO:00000051	hot spring	0.96	11
Environmental > Aquatic > Thermal springs > Hot (42-90C) > Neutral	medium	23	11	2	ENVO:03600065	spring water	0.61	8
Environmental > Aquatic > Thermal springs > Hot (42-90C) > Sediment	broad	2054	24	1	ENVO:00002030	aquatic biome	1.00	24
Environmental > Aquatic > Thermal springs > Hot (42-90C) > Sediment	local	2054	24	2	ENVO:00000051	hot spring	1.00	24
Environmental > Aquatic > Thermal springs > Hot (42-90C) > Sediment	medium	2054	24	2	ENVO:00002007	sediment	1.00	24
Environmental > Aquatic > Thermal springs > Microbial mats	broad	11	1	1	ENVO:00002030	aquatic biome	1.00	1
Environmental > Aquatic > Thermal springs > Microbial mats	local	11	1	1	ENVO:00000051	hot spring	1.00	1
Environmental > Aquatic > Thermal springs > Microbial mats	medium	11	1	1	ENVO:01000157	microbial mat material	1.00	1
Environmental > Aquatic > Thermal springs > Near-boiling (>90C)	broad	9	2	1	ENVO:00002030	aquatic biome	1.00	2
Environmental > Aquatic > Thermal springs > Near-boiling (>90C)	local	9	2	1	ENVO:00000051	hot spring	1.00	2
Environmental > Aquatic > Thermal springs > Near-boiling (>90C)	medium	9	2	2	ENVO:03600065	spring water	0.89	1
Environmental > Aquatic > Thermal springs > Near-boiling (>90C) > Alkaline	broad	5	4	1	ENVO:00002030	aquatic biome	1.00	4
Environmental > Aquatic > Thermal springs > Near-boiling (>90C) > Alkaline	local	5	4	2	ENVO:00000051	hot spring	0.80	3
Environmental > Aquatic > Thermal springs > Near-boiling (>90C) > Alkaline	medium	5	4	2	ENVO:01000157	microbial mat material	0.60	2
Environmental > Aquatic > Thermal springs > Sediment	broad	24	12	1	ENVO:00002030	aquatic biome	1.00	12
Environmental > Aquatic > Thermal springs > Sediment	local	24	12	2	ENVO:00000051	hot spring	0.92	11
Environmental > Aquatic > Thermal springs > Sediment	medium	24	12	1	ENVO:00002007	sediment	1.00	12
Environmental > Aquatic > Thermal springs > Tepid (25-34C)	broad	101	2	2	ENVO:00002030	aquatic biome	0.52	2
Environmental > Aquatic > Thermal springs > Tepid (25-34C)	local	101	2	2	ENVO:00000051	hot spring	0.52	2
Environmental > Aquatic > Thermal springs > Tepid (25-34C)	medium	101	2	2	ENVO:03600065	spring water	0.52	2
Environmental > Aquatic > Thermal springs > Tepid (25-34C) > Sediment	broad	3	2	1	ENVO:00002030	aquatic biome	1.00	2
Environmental > Aquatic > Thermal springs > Tepid (25-34C) > Sediment	local	3	2	2	ENVO:00000051	hot spring	0.67	1
Environmental > Aquatic > Thermal springs > Tepid (25-34C) > Sediment	medium	3	2	1	ENVO:00002007	sediment	1.00	2
Environmental > Aquatic > Thermal springs > Warm (34-42C)	broad	7	4	1	ENVO:00002030	aquatic biome	1.00	4
Environmental > Aquatic > Thermal springs > Warm (34-42C)	local	7	4	1	ENVO:00000051	hot spring	1.00	4
Environmental > Aquatic > Thermal springs > Warm (34-42C)	medium	7	4	1	ENVO:03600065	spring water	1.00	4
Environmental > Aquatic > Thermal springs > Warm (34-42C) > Acidic	broad	2	1	1	ENVO:00002030	aquatic biome	1.00	1
Environmental > Aquatic > Thermal springs > Warm (34-42C) > Acidic	local	2	1	1	ENVO:00000051	hot spring	1.00	1
Environmental > Aquatic > Thermal springs > Warm (34-42C) > Acidic	medium	2	1	1	ENVO:03600065	spring water	1.00	1
Environmental > Aquatic > Thermal springs > Warm (34-42C) > Sediment	broad	6	2	1	ENVO:00002030	aquatic biome	1.00	2
Environmental > Aquatic > Thermal springs > Warm (34-42C) > Sediment	local	6	2	2	ENVO:00000126	sulfur spring	0.67	1
Environmental > Aquatic > Thermal springs > Warm (34-42C) > Sediment	medium	6	2	1	ENVO:00002007	sediment	1.00	2
Environmental > Terrestrial > Asphalt lakes	broad	2	1	1	ENVO:00002030	aquatic biome	1.00	1
Environmental > Terrestrial > Asphalt lakes	local	2	1	1	ENVO:00000165	asphalt lake	1.00	1
Environmental > Terrestrial > Asphalt lakes	medium	2	1	1	ENVO:00002186	contaminated water	1.00	1
Environmental > Terrestrial > Asphalt lakes > Tar	broad	5	2	1	ENVO:00000446	terrestrial biome	1.00	2
Environmental > Terrestrial > Asphalt lakes > Tar	local	5	2	1	ENVO:00000165	asphalt lake	1.00	2
Environmental > Terrestrial > Asphalt lakes > Tar	medium	5	2	1	ENVO:01000460	asphalt	1.00	2
Environmental > Terrestrial > Cave	broad	3	1	1	ENVO:00000446	terrestrial biome	1.00	1
Environmental > Terrestrial > Cave	local	3	1	1	ENVO:00002144	cave wall	1.00	1
Environmental > Terrestrial > Cave	medium	3	1	1	ENVO:00001995	rock	1.00	1
Environmental > Terrestrial > Cave > Wall > Biofilm	broad	2	1	1	ENVO:00000446	terrestrial biome	1.00	1
Environmental > Terrestrial > Cave > Wall > Biofilm	local	2	1	2	ENVO:00000067	cave	0.50	1
Environmental > Terrestrial > Cave > Wall > Biofilm	medium	2	1	1	ENVO:01000156	biofilm material	1.00	1
Environmental > Terrestrial > Deep subsurface	broad	39	7	1	ENVO:00000446	terrestrial biome	1.00	7
Environmental > Terrestrial > Deep subsurface	local	39	7	4	ENVO:01000941	planetary subsurface zone	0.87	4
Environmental > Terrestrial > Deep subsurface	medium	39	7	6	ENVO:00001995	rock	0.74	1
Environmental > Terrestrial > Deep subsurface > Aquifer	broad	16	7	2	ENVO:00000446	terrestrial biome	0.88	6
Environmental > Terrestrial > Deep subsurface > Aquifer	local	16	7	2	ENVO:00012408	aquifer	0.69	7
Environmental > Terrestrial > Deep subsurface > Aquifer	medium	16	7	4	ENVO:01001004	groundwater	0.44	3
Environmental > Terrestrial > Deep subsurface > Aquifer > Rock core/Sediment	broad	1	1	1	ENVO:00000428	biome	1.00	1
Environmental > Terrestrial > Deep subsurface > Aquifer > Rock core/Sediment	local	1	1	1	ENVO:00012408	aquifer	1.00	1
Environmental > Terrestrial > Deep subsurface > Aquifer > Rock core/Sediment	medium	1	1	1	ENVO:00001995	rock	1.00	1
Environmental > Terrestrial > Deep subsurface > Cave	broad	1	1	1	ENVO:00000446	terrestrial biome	1.00	1
Environmental > Terrestrial > Deep subsurface > Cave	local	1	1	1	ENVO:00000067	cave	1.00	1
Environmental > Terrestrial > Deep subsurface > Cave	medium	1	1	1	ENVO:01000255	mineral deposit	1.00	1
Environmental > Terrestrial > Deep subsurface > Cave > Speleothems	broad	1	1	1	ENVO:00000446	terrestrial biome	1.00	1
Environmental > Terrestrial > Deep subsurface > Cave > Speleothems	local	1	1	1	ENVO:00000330	stalagmite	1.00	1
Environmental > Terrestrial > Deep subsurface > Cave > Speleothems	medium	1	1	1	ENVO:00001995	rock	1.00	1
Environmental > Terrestrial > Deep subsurface > Cave > Wall biofilm	broad	8	4	2	ENVO:00000446	terrestrial biome	0.88	3
Environmental > Terrestrial > Deep subsurface > Cave > Wall biofilm	local	8	4	4	ENVO:00000067	cave	0.50	3
Environmental > Terrestrial > Deep subsurface > Cave > Wall biofilm	medium	8	4	4	ENVO:01000156	biofilm material	0.50	3
Environmental > Terrestrial > Deep subsurface > Cave > Wall surface	broad	6	1	1	ENVO:00000446	terrestrial biome	1.00	1
Environmental > Terrestrial > Deep subsurface > Cave > Wall surface	local	6	1	1	ENVO:00002144	cave wall	1.00	1
Environmental > Terrestrial > Deep subsurface > Cave > Wall surface	medium	6	1	2	ENVO:00001995	rock	0.50	1
Environmental > Terrestrial > Deep subsurface > Clay	broad	6	1	1	ENVO:00000446	terrestrial biome	1.00	1
Environmental > Terrestrial > Deep subsurface > Clay	local	6	1	1	ENVO:01000941	planetary subsurface zone	1.00	1
Environmental > Terrestrial > Deep subsurface > Clay	medium	6	1	1	ENVO:00002262	clay soil	1.00	1
Environmental > Terrestrial > Deep subsurface > Coal mine > Sediment	broad	8	1	1	ENVO:00002030	aquatic biome	1.00	1
Environmental > Terrestrial > Deep subsurface > Coal mine > Sediment	local	8	1	1	ENVO:00002169	coal mine	1.00	1
Environmental > Terrestrial > Deep subsurface > Coal mine > Sediment	medium	8	1	1	ENVO:00002007	sediment	1.00	1
Environmental > Terrestrial > Deep subsurface > Coalbed methane well > Coal core	broad	216	1	1	ENVO:00000446	terrestrial biome	1.00	1
Environmental > Terrestrial > Deep subsurface > Coalbed methane well > Coal core	local	216	1	1	ENVO:00002169	coal mine	1.00	1
Environmental > Terrestrial > Deep subsurface > Coalbed methane well > Coal core	medium	216	1	1	ENVO:02000091	coal	1.00	1
Environmental > Terrestrial > Deep subsurface > Coalbed methane well > Coal slurry	broad	143	1	1	ENVO:00000446	terrestrial biome	1.00	1
Environmental > Terrestrial > Deep subsurface > Coalbed methane well > Coal slurry	local	143	1	1	ENVO:00000076	mine	1.00	1
Environmental > Terrestrial > Deep subsurface > Coalbed methane well > Coal slurry	medium	143	1	1	ENVO:02000091	coal	1.00	1
Environmental > Terrestrial > Deep subsurface > Fracking water	broad	26	5	1	ENVO:00000446	terrestrial biome	1.00	5
Environmental > Terrestrial > Deep subsurface > Fracking water	local	26	5	3	ENVO:01001870	gas well	0.38	1
Environmental > Terrestrial > Deep subsurface > Fracking water	medium	26	5	2	ENVO:01001869	fracking liquid	0.88	4
Environmental > Terrestrial > Deep subsurface > Oil well	broad	80	5	2	ENVO:00000446	terrestrial biome	0.82	4
Environmental > Terrestrial > Deep subsurface > Oil well	local	80	5	4	ENVO:01000003	oil well	0.74	2
Environmental > Terrestrial > Deep subsurface > Oil well	medium	80	5	5	ENVO:00002985	oil	0.69	1
Environmental > Terrestrial > Deep subsurface > Rock	broad	18	4	2	ENVO:01000248	dense settlement biome	0.56	1
Environmental > Terrestrial > Deep subsurface > Rock	local	18	4	2	ENVO:00000076	mine	0.56	1
Environmental > Terrestrial > Deep subsurface > Rock	medium	18	4	1	ENVO:00001995	rock	1.00	4
Environmental > Terrestrial > Deep subsurface > Rock core/Sediment	broad	102	4	1	ENVO:00000446	terrestrial biome	1.00	4
Environmental > Terrestrial > Deep subsurface > Rock core/Sediment	local	102	4	5	ENVO:01001785	land	0.40	2
Environmental > Terrestrial > Deep subsurface > Rock core/Sediment	medium	102	4	3	ENVO:00001998	soil	0.53	2
Environmental > Terrestrial > Deep subsurface > Shale gas reservoir	broad	29	1	1	ENVO:00000446	terrestrial biome	1.00	1
Environmental > Terrestrial > Deep subsurface > Shale gas reservoir	local	29	1	1	ENVO:01000941	planetary subsurface zone	1.00	1
Environmental > Terrestrial > Deep subsurface > Shale gas reservoir	medium	29	1	1	ENVO:2000045	hydrocarbon-based environmental material	1.00	1
Environmental > Terrestrial > Deep subsurface > Shale gas reservoir > Flow back/Produced fluids	broad	1	1	1	ENVO:01000306	freshwater environment	1.00	1
Environmental > Terrestrial > Deep subsurface > Shale gas reservoir > Flow back/Produced fluids	local	1	1	1	ENVO:00000026	well	1.00	1
Environmental > Terrestrial > Deep subsurface > Shale gas reservoir > Flow back/Produced fluids	medium	1	1	1	ENVO:01001316	estuarine open water upper water column	1.00	1
Environmental > Terrestrial > Deep subsurface > Water well	broad	2	1	1	ENVO:00002030	aquatic biome	1.00	1
Environmental > Terrestrial > Deep subsurface > Water well	local	2	1	1	ENVO:01000002	water well	1.00	1
Environmental > Terrestrial > Deep subsurface > Water well	medium	2	1	1	ENVO:01000156	biofilm material	1.00	1
Environmental > Terrestrial > Floodplain > Sediment	broad	48	1	1	ENVO:00000446	terrestrial biome	1.00	1
Environmental > Terrestrial > Floodplain > Sediment	local	48	1	1	ENVO:00000255	flood plain	1.00	1
Environmental > Terrestrial > Floodplain > Sediment	medium	48	1	1	ENVO:00002007	sediment	1.00	1
Environmental > Terrestrial > Geologic	broad	8	4	3	ENVO:01000179	desert biome	0.50	2
Environmental > Terrestrial > Geologic	local	8	4	4	ENVO:01001785	land	0.38	1
Environmental > Terrestrial > Geologic	medium	8	4	4	ENVO:00001995	rock	0.38	2
Environmental > Terrestrial > Geologic > Mine	broad	5	3	1	ENVO:00000446	terrestrial biome	1.00	3
Environmental > Terrestrial > Geologic > Mine	local	5	3	2	ENVO:00000076	mine	0.80	2
Environmental > Terrestrial > Geologic > Mine	medium	5	3	3	ENVO:00000003	mine tailing	0.60	1
Environmental > Terrestrial > Geologic > Sediment	broad	189	6	2	ENVO:00000446	terrestrial biome	0.66	5
Environmental > Terrestrial > Geologic > Sediment	local	189	6	5	ENVO:00000564	archeological site	0.52	1
Environmental > Terrestrial > Geologic > Sediment	medium	189	6	1	ENVO:00002007	sediment	1.00	6
Environmental > Terrestrial > Geologic > Sediment > Pyrite containing	broad	2	1	1	ENVO:00000446	terrestrial biome	1.00	1
Environmental > Terrestrial > Geologic > Sediment > Pyrite containing	local	2	1	1	ENVO:01001785	land	1.00	1
Environmental > Terrestrial > Geologic > Sediment > Pyrite containing	medium	2	1	1	ENVO:00001998	soil	1.00	1
Environmental > Terrestrial > Geologic > Sediment > Sediment core	broad	1	1	1	ENVO:01000228	tropical moist broadleaf forest biome	1.00	1
Environmental > Terrestrial > Geologic > Sediment > Sediment core	local	1	1	1	ENVO:00000233	swamp ecosystem	1.00	1
Environmental > Terrestrial > Geologic > Sediment > Sediment core	medium	1	1	1	ENVO:00002007	sediment	1.00	1
Environmental > Terrestrial > Mud volcano	broad	2	2	1	ENVO:00000446	terrestrial biome	1.00	2
Environmental > Terrestrial > Mud volcano	local	2	2	1	ENVO:00000402	mud volcano	1.00	2
Environmental > Terrestrial > Mud volcano	medium	2	2	2	ENVO:01000001	mud	0.50	1
Environmental > Terrestrial > Nest > Insects nest > Beehive: Brood combs	broad	3	1	1	ENVO:01000200	tropical broadleaf forest biome	1.00	1
Environmental > Terrestrial > Nest > Insects nest > Beehive: Brood combs	local	3	1	1	ENVO:01001002	animal-associated environment	1.00	1
Environmental > Terrestrial > Nest > Insects nest > Beehive: Brood combs	medium	3	1	1	ENVO:01000155	organic material	1.00	1
Environmental > Terrestrial > Nest > Insects nest > Beehive: Cerumen	broad	3	1	1	ENVO:01000200	tropical broadleaf forest biome	1.00	1
Environmental > Terrestrial > Nest > Insects nest > Beehive: Cerumen	local	3	1	1	ENVO:01001002	animal-associated environment	1.00	1
Environmental > Terrestrial > Nest > Insects nest > Beehive: Cerumen	medium	3	1	1	ENVO:01000155	organic material	1.00	1
Environmental > Terrestrial > Nest > Insects nest > Beehive: Honey	broad	3	1	1	ENVO:01000200	tropical broadleaf forest biome	1.00	1
Environmental > Terrestrial > Nest > Insects nest > Beehive: Honey	local	3	1	1	ENVO:01001002	animal-associated environment	1.00	1
Environmental > Terrestrial > Nest > Insects nest > Beehive: Honey	medium	3	1	1	ENVO:01000155	organic material	1.00	1
Environmental > Terrestrial > Nest > Insects nest > Fungus garden/Fungus gallery	broad	17	2	1	ENVO:01000200	tropical broadleaf forest biome	1.00	2
Environmental > Terrestrial > Nest > Insects nest > Fungus garden/Fungus gallery	local	17	2	1	ENVO:01001002	animal-associated environment	1.00	2
Environmental > Terrestrial > Nest > Insects nest > Fungus garden/Fungus gallery	medium	17	2	1	ENVO:01000155	organic material	1.00	2
Environmental > Terrestrial > Nest > Insects nest > Nest dump	broad	7	1	1	ENVO:01000200	tropical broadleaf forest biome	1.00	1
Environmental > Terrestrial > Nest > Insects nest > Nest dump	local	7	1	1	ENVO:01001002	animal-associated environment	1.00	1
Environmental > Terrestrial > Nest > Insects nest > Nest dump	medium	7	1	1	ENVO:01000155	organic material	1.00	1
Environmental > Terrestrial > Oil reservoir	broad	43	15	1	ENVO:00000446	terrestrial biome	1.00	15
Environmental > Terrestrial > Oil reservoir	local	43	15	1	ENVO:00002185	oil reservoir	1.00	15
Environmental > Terrestrial > Oil reservoir	medium	43	15	5	ENVO:01000017	sand	0.40	1
Environmental > Terrestrial > Oil reservoir > Oil	broad	2	1	1	ENVO:00000446	terrestrial biome	1.00	1
Environmental > Terrestrial > Oil reservoir > Oil	local	2	1	1	ENVO:00002185	oil reservoir	1.00	1
Environmental > Terrestrial > Oil reservoir > Oil	medium	2	1	1	ENVO:00002985	oil	1.00	1
Environmental > Terrestrial > Oil reservoir > Produced water	broad	4	2	1	ENVO:00000446	terrestrial biome	1.00	2
Environmental > Terrestrial > Oil reservoir > Produced water	local	4	2	1	ENVO:00002185	oil reservoir	1.00	2
Environmental > Terrestrial > Oil reservoir > Produced water	medium	4	2	1	ENVO:00002194	oil field production water	1.00	2
Environmental > Terrestrial > Oil reservoir > Sediment	broad	2	1	1	ENVO:00000446	terrestrial biome	1.00	1
Environmental > Terrestrial > Oil reservoir > Sediment	local	2	1	1	ENVO:00002185	oil reservoir	1.00	1
Environmental > Terrestrial > Oil reservoir > Sediment	medium	2	1	1	ENVO:00002007	sediment	1.00	1
Environmental > Terrestrial > Plant litter	broad	645	8	3	ENVO:01000177	grassland biome	0.78	2
Environmental > Terrestrial > Plant litter	local	645	8	4	ENVO:01000338	litter layer	0.88	6
Environmental > Terrestrial > Plant litter	medium	645	8	1	ENVO:01000628	plant litter	1.00	8
Environmental > Terrestrial > Plant litter > Litterfall > Leaves	broad	65	1	1	ENVO:01000202	temperate broadleaf forest biome	1.00	1
Environmental > Terrestrial > Plant litter > Litterfall > Leaves	local	65	1	1	ENVO:00000022	river	1.00	1
Environmental > Terrestrial > Plant litter > Litterfall > Leaves	medium	65	1	1	ENVO:01000628	plant litter	1.00	1
Environmental > Terrestrial > Regolith	broad	3	1	1	ENVO:00000446	terrestrial biome	1.00	1
Environmental > Terrestrial > Regolith	local	3	1	1	ENVO:00000081	mountain	1.00	1
Environmental > Terrestrial > Regolith	medium	3	1	1	ENVO:01000747	regolith	1.00	1
Environmental > Terrestrial > Rock-dwelling (endoliths)	broad	128	9	2	ENVO:00000446	terrestrial biome	0.55	7
Environmental > Terrestrial > Rock-dwelling (endoliths)	local	128	9	2	ENVO:01000303	endolithic environment	0.99	8
Environmental > Terrestrial > Rock-dwelling (endoliths)	medium	128	9	4	ENVO:00001995	rock	0.73	7
Environmental > Terrestrial > Rock-dwelling (subaerial biofilms)	broad	35	7	2	ENVO:00000446	terrestrial biome	0.60	5
Environmental > Terrestrial > Rock-dwelling (subaerial biofilms)	local	35	7	12	ENVO:00000481	pinnacle	0.20	2
Environmental > Terrestrial > Rock-dwelling (subaerial biofilms)	medium	35	7	4	ENVO:00001995	rock	0.51	4
Environmental > Terrestrial > Soil	broad	2848	114	23	ENVO:00000446	terrestrial biome	0.84	97
Environmental > Terrestrial > Soil	local	2848	114	81	ENVO:01001785	land	0.18	47
Environmental > Terrestrial > Soil	medium	2848	114	23	ENVO:00001998	soil	0.81	83
Environmental > Terrestrial > Soil > Agricultural land	broad	2186	89	6	ENVO:00000446	terrestrial biome	0.85	83
Environmental > Terrestrial > Soil > Agricultural land	local	2186	89	19	ENVO:00000114	agricultural field	0.78	70
Environmental > Terrestrial > Soil > Agricultural land	medium	2186	89	11	ENVO:00002259	agricultural soil	0.80	67
Environmental > Terrestrial > Soil > Agricultural land > Bulk soil	broad	376	15	3	ENVO:00000446	terrestrial biome	0.71	12
Environmental > Terrestrial > Soil > Agricultural land > Bulk soil	local	376	15	5	ENVO:00000114	agricultural field	0.91	11
Environmental > Terrestrial > Soil > Agricultural land > Bulk soil	medium	376	15	4	ENVO:00005802	bulk soil	0.58	9
Environmental > Terrestrial > Soil > Alpine	broad	17	2	2	ENVO:01001505	alpine tundra biome	0.88	1
Environmental > Terrestrial > Soil > Alpine	local	17	2	1	ENVO:01000340	alpine	1.00	2
Environmental > Terrestrial > Soil > Alpine	medium	17	2	1	ENVO:00005741	alpine soil	1.00	2
Environmental > Terrestrial > Soil > Biocrust	broad	55	6	2	ENVO:00000446	terrestrial biome	0.84	5
Environmental > Terrestrial > Soil > Biocrust	local	55	6	5	ENVO:03600106	dryland	0.44	1
Environmental > Terrestrial > Soil > Biocrust	medium	55	6	2	ENVO:01000910	soil biocrust	0.98	5
Environmental > Terrestrial > Soil > Boreal forest/Taiga	broad	77	4	3	ENVO:01000174	forest biome	0.65	3
Environmental > Terrestrial > Soil > Boreal forest/Taiga	local	77	4	7	ENVO:01001785	land	0.43	3
Environmental > Terrestrial > Soil > Boreal forest/Taiga	medium	77	4	4	ENVO:00002261	forest soil	0.51	2
Environmental > Terrestrial > Soil > Boreal forest/Taiga > Bulk soil	broad	325	6	4	ENVO:01000250	subpolar coniferous forest biome	0.75	2
Environmental > Terrestrial > Soil > Boreal forest/Taiga > Bulk soil	local	325	6	8	ENVO:01001275	solid layer	0.65	1
Environmental > Terrestrial > Soil > Boreal forest/Taiga > Bulk soil	medium	325	6	4	ENVO:00002261	forest soil	0.83	3
Environmental > Terrestrial > Soil > Botanical garden > Bulk soil	broad	6	1	1	ENVO:00000446	terrestrial biome	1.00	1
Environmental > Terrestrial > Soil > Botanical garden > Bulk soil	local	6	1	1	ENVO:00000011	garden	1.00	1
Environmental > Terrestrial > Soil > Botanical garden > Bulk soil	medium	6	1	1	ENVO:00005802	bulk soil	1.00	1
Environmental > Terrestrial > Soil > Bulk soil	broad	15	2	1	ENVO:00000446	terrestrial biome	1.00	2
Environmental > Terrestrial > Soil > Bulk soil	local	15	2	1	ENVO:01001785	land	1.00	2
Environmental > Terrestrial > Soil > Bulk soil	medium	15	2	1	ENVO:00005802	bulk soil	1.00	2
Environmental > Terrestrial > Soil > Clay	broad	13	2	1	ENVO:00000446	terrestrial biome	1.00	2
Environmental > Terrestrial > Soil > Clay	local	13	2	2	ENVO:00000469	research facility	0.92	1
Environmental > Terrestrial > Soil > Clay	medium	13	2	1	ENVO:00002262	clay soil	1.00	2
Environmental > Terrestrial > Soil > Clay > Agricultural land	broad	46	3	1	ENVO:00000446	terrestrial biome	1.00	3
Environmental > Terrestrial > Soil > Clay > Agricultural land	local	46	3	2	ENVO:00000078	farm	0.78	1
Environmental > Terrestrial > Soil > Clay > Agricultural land	medium	46	3	2	ENVO:01001397	ultisol	0.78	1
Environmental > Terrestrial > Soil > Clay > Contaminated	broad	7	3	2	ENVO:00000446	terrestrial biome	0.86	2
Environmental > Terrestrial > Soil > Clay > Contaminated	local	7	3	2	ENVO:00000114	agricultural field	0.71	1
Environmental > Terrestrial > Soil > Clay > Contaminated	medium	7	3	2	ENVO:00001998	soil	0.71	1
Environmental > Terrestrial > Soil > Clay > Grasslands	broad	43	4	1	ENVO:01000177	grassland biome	1.00	4
Environmental > Terrestrial > Soil > Clay > Grasslands	local	43	4	2	ENVO:01001785	land	0.98	3
Environmental > Terrestrial > Soil > Clay > Grasslands	medium	43	4	3	ENVO:00005802	bulk soil	0.72	1
Environmental > Terrestrial > Soil > Coastal area > Acid sulfate soil	broad	9	1	1	ENVO:00000446	terrestrial biome	1.00	1
Environmental > Terrestrial > Soil > Coastal area > Acid sulfate soil	local	9	1	1	ENVO:01001785	land	1.00	1
Environmental > Terrestrial > Soil > Coastal area > Acid sulfate soil	medium	9	1	2	ENVO:00001998	soil	0.67	1
Environmental > Terrestrial > Soil > Contaminated	broad	31	8	1	ENVO:00000446	terrestrial biome	1.00	8
Environmental > Terrestrial > Soil > Contaminated	local	31	8	4	ENVO:01001405	laboratory environment	0.35	1
Environmental > Terrestrial > Soil > Contaminated	medium	31	8	2	ENVO:00002116	contaminated soil	0.97	7
Environmental > Terrestrial > Soil > Contaminated > Pesticide	broad	2	1	1	ENVO:00000446	terrestrial biome	1.00	1
Environmental > Terrestrial > Soil > Contaminated > Pesticide	local	2	1	1	ENVO:01000773	village	1.00	1
Environmental > Terrestrial > Soil > Contaminated > Pesticide	medium	2	1	1	ENVO:00002116	contaminated soil	1.00	1
Environmental > Terrestrial > Soil > Contaminated > Uranium contaminated	broad	15	2	1	ENVO:00000446	terrestrial biome	1.00	2
Environmental > Terrestrial > Soil > Contaminated > Uranium contaminated	local	15	2	2	ENVO:00000291	drainage basin	0.87	1
Environmental > Terrestrial > Soil > Contaminated > Uranium contaminated	medium	15	2	1	ENVO:00002116	contaminated soil	1.00	2
Environmental > Terrestrial > Soil > Desert	broad	374	15	4	ENVO:01000179	desert biome	0.86	12
Environmental > Terrestrial > Soil > Desert	local	374	15	4	ENVO:01001357	desert	0.93	13
Environmental > Terrestrial > Soil > Desert	medium	374	15	7	ENVO:00001998	soil	0.81	12
Environmental > Terrestrial > Soil > Farm	broad	29	2	1	ENVO:00000446	terrestrial biome	1.00	2
Environmental > Terrestrial > Soil > Farm	local	29	2	5	ENVO:00000078	farm	0.66	1
Environmental > Terrestrial > Soil > Farm	medium	29	2	2	ENVO:00005749	farm soil	0.66	1
Environmental > Terrestrial > Soil > Floodplain	broad	192	2	2	ENVO:00000446	terrestrial biome	0.75	1
Environmental > Terrestrial > Soil > Floodplain	local	192	2	2	ENVO:00000255	flood plain	0.75	1
Environmental > Terrestrial > Soil > Floodplain	medium	192	2	2	ENVO:00001998	soil	0.75	1
Environmental > Terrestrial > Soil > Floodplain > Fluvial sediment	broad	1	1	1	ENVO:00000446	terrestrial biome	1.00	1
Environmental > Terrestrial > Soil > Floodplain > Fluvial sediment	local	1	1	1	ENVO:00000255	flood plain	1.00	1
Environmental > Terrestrial > Soil > Floodplain > Fluvial sediment	medium	1	1	1	ENVO:00002007	sediment	1.00	1
Environmental > Terrestrial > Soil > Floodplain > Sediment	broad	36	1	1	ENVO:00000446	terrestrial biome	1.00	1
Environmental > Terrestrial > Soil > Floodplain > Sediment	local	36	1	1	ENVO:00000255	flood plain	1.00	1
Environmental > Terrestrial > Soil > Floodplain > Sediment	medium	36	1	1	ENVO:00002007	sediment	1.00	1
Environmental > Terrestrial > Soil > Forest	broad	567	1	1	ENVO:00000446	terrestrial biome	1.00	1
Environmental > Terrestrial > Soil > Forest	local	567	1	3	ENVO:01000843	area of evergreen forest	0.56	1
Environmental > Terrestrial > Soil > Forest	medium	567	1	1	ENVO:00001998	soil	1.00	1
Environmental > Terrestrial > Soil > Forest > Bulk soil	broad	1	1	1	ENVO:01000198	mixed forest biome	1.00	1
Environmental > Terrestrial > Soil > Forest > Bulk soil	local	1	1	1	ENVO:00002261	forest soil	1.00	1
Environmental > Terrestrial > Soil > Forest > Bulk soil	medium	1	1	1	ENVO:02000046	calcareous ooze	1.00	1
Environmental > Terrestrial > Soil > Fossil	broad	114	5	1	ENVO:00000446	terrestrial biome	1.00	5
Environmental > Terrestrial > Soil > Fossil	local	114	5	3	ENVO:00000564	archeological site	0.98	3
Environmental > Terrestrial > Soil > Fossil	medium	114	5	1	ENVO:00002164	fossil	1.00	5
Environmental > Terrestrial > Soil > Garden	broad	3	2	1	ENVO:00000446	terrestrial biome	1.00	2
Environmental > Terrestrial > Soil > Garden	local	3	2	1	ENVO:00000011	garden	1.00	2
Environmental > Terrestrial > Soil > Garden	medium	3	2	1	ENVO:00002263	garden soil	1.00	2
Environmental > Terrestrial > Soil > Garden > Green roof	broad	1	1	1	ENVO:01000249	urban biome	1.00	1
Environmental > Terrestrial > Soil > Garden > Green roof	local	1	1	1	ENVO:01000472	building roof	1.00	1
Environmental > Terrestrial > Soil > Garden > Green roof	medium	1	1	1	ENVO:00001998	soil	1.00	1
Environmental > Terrestrial > Soil > Glacier	broad	94	3	2	ENVO:00000446	terrestrial biome	0.91	2
Environmental > Terrestrial > Soil > Glacier	local	94	3	2	ENVO:00000131	glacial feature	0.90	2
Environmental > Terrestrial > Soil > Glacier	medium	94	3	2	ENVO:00001998	soil	0.98	3
Environmental > Terrestrial > Soil > Glacier > Cryoconite	broad	1	1	1	ENVO:00002030	aquatic biome	1.00	1
Environmental > Terrestrial > Soil > Glacier > Cryoconite	local	1	1	1	ENVO:03000039	cryoconite hole	1.00	1
Environmental > Terrestrial > Soil > Glacier > Cryoconite	medium	1	1	1	ENVO:03000038	cryoconite deposit	1.00	1
Environmental > Terrestrial > Soil > Glacier > Glacier forefield	broad	31	1	1	ENVO:00000446	terrestrial biome	1.00	1
Environmental > Terrestrial > Soil > Glacier > Glacier forefield	local	31	1	1	ENVO:00000131	glacial feature	1.00	1
Environmental > Terrestrial > Soil > Glacier > Glacier forefield	medium	31	1	1	ENVO:00001998	soil	1.00	1
Environmental > Terrestrial > Soil > Grasslands	broad	1319	43	12	ENVO:01000177	grassland biome	0.69	28
Environmental > Terrestrial > Soil > Grasslands	local	1319	43	19	ENVO:00000106	grassland area	0.33	9
Environmental > Terrestrial > Soil > Grasslands	medium	1319	43	12	ENVO:00005750	grassland soil	0.68	26
Environmental > Terrestrial > Soil > Grasslands > Bulk soil	broad	71	4	2	ENVO:01000177	grassland biome	0.97	3
Environmental > Terrestrial > Soil > Grasslands > Bulk soil	local	71	4	3	ENVO:00000106	grassland area	0.93	2
Environmental > Terrestrial > Soil > Grasslands > Bulk soil	medium	71	4	2	ENVO:00005802	bulk soil	0.97	3
Environmental > Terrestrial > Soil > Grasslands > Pasture	broad	68	2	2	ENVO:01000177	grassland biome	0.51	1
Environmental > Terrestrial > Soil > Grasslands > Pasture	local	68	2	2	ENVO:00000266	pasture	0.51	1
Environmental > Terrestrial > Soil > Grasslands > Pasture	medium	68	2	2	ENVO:00005773	pasture soil	0.51	1
Environmental > Terrestrial > Soil > Greenhouse	broad	9	2	1	ENVO:00000446	terrestrial biome	1.00	2
Environmental > Terrestrial > Soil > Greenhouse	local	9	2	2	ENVO:01000620	mesocosm	0.89	1
Environmental > Terrestrial > Soil > Greenhouse	medium	9	2	2	ENVO:00005780	greenhouse soil	0.89	1
Environmental > Terrestrial > Soil > Greenhouse > Agricultural land	broad	17	1	1	ENVO:00000446	terrestrial biome	1.00	1
Environmental > Terrestrial > Soil > Greenhouse > Agricultural land	local	17	1	1	ENVO:00000078	farm	1.00	1
Environmental > Terrestrial > Soil > Greenhouse > Agricultural land	medium	17	1	1	ENVO:00005780	greenhouse soil	1.00	1
Environmental > Terrestrial > Soil > Loam	broad	8	1	1	ENVO:00000446	terrestrial biome	1.00	1
Environmental > Terrestrial > Soil > Loam	local	8	1	1	ENVO:01001785	land	1.00	1
Environmental > Terrestrial > Soil > Loam	medium	8	1	1	ENVO:00001998	soil	1.00	1
Environmental > Terrestrial > Soil > Loam > Agricultural land	broad	135	1	1	ENVO:00000446	terrestrial biome	1.00	1
Environmental > Terrestrial > Soil > Loam > Agricultural land	local	135	1	1	ENVO:00000114	agricultural field	1.00	1
Environmental > Terrestrial > Soil > Loam > Agricultural land	medium	135	1	1	ENVO:00005802	bulk soil	1.00	1
Environmental > Terrestrial > Soil > Loam > Agricultural soil	broad	32	3	1	ENVO:00000446	terrestrial biome	1.00	3
Environmental > Terrestrial > Soil > Loam > Agricultural soil	local	32	3	2	ENVO:00000114	agricultural field	0.94	3
Environmental > Terrestrial > Soil > Loam > Agricultural soil	medium	32	3	3	ENVO:00002258	loam	0.50	1
Environmental > Terrestrial > Soil > Loam > Forest soil	broad	26	5	1	ENVO:01000174	forest biome	1.00	5
Environmental > Terrestrial > Soil > Loam > Forest soil	local	26	5	4	ENVO:04000010	soil surface layer	0.69	2
Environmental > Terrestrial > Soil > Loam > Forest soil	medium	26	5	2	ENVO:00002261	forest soil	0.96	4
Environmental > Terrestrial > Soil > Loam > Grasslands	broad	18	4	2	ENVO:00000446	terrestrial biome	0.89	2
Environmental > Terrestrial > Soil > Loam > Grasslands	local	18	4	3	ENVO:00000260	prairie	0.78	1
Environmental > Terrestrial > Soil > Loam > Grasslands	medium	18	4	3	ENVO:00001998	soil	0.78	1
Environmental > Terrestrial > Soil > Mangrove soil	broad	42	1	1	ENVO:01000181	mangrove biome	1.00	1
Environmental > Terrestrial > Soil > Mangrove soil	local	42	1	1	ENVO:00000057	mangrove swamp	1.00	1
Environmental > Terrestrial > Soil > Mangrove soil	medium	42	1	1	ENVO:00001998	soil	1.00	1
Environmental > Terrestrial > Soil > Meadow	broad	25	3	2	ENVO:01000177	grassland biome	0.60	2
Environmental > Terrestrial > Soil > Meadow	local	25	3	2	ENVO:00000106	grassland area	0.60	2
Environmental > Terrestrial > Soil > Meadow	medium	25	3	1	ENVO:00005761	meadow soil	1.00	3
Environmental > Terrestrial > Soil > Mine drainage	broad	7	2	1	ENVO:00000446	terrestrial biome	1.00	2
Environmental > Terrestrial > Soil > Mine drainage	local	7	2	2	ENVO:00001997	acid mine drainage	0.57	1
Environmental > Terrestrial > Soil > Mine drainage	medium	7	2	2	ENVO:00002007	sediment	0.57	1
Environmental > Terrestrial > Soil > Oak savanna	broad	2	1	1	ENVO:01000178	savanna biome	1.00	1
Environmental > Terrestrial > Soil > Oak savanna	local	2	1	1	ENVO:00000261	savanna	1.00	1
Environmental > Terrestrial > Soil > Oak savanna	medium	2	1	1	ENVO:00005746	savanna soil	1.00	1
Environmental > Terrestrial > Soil > Oil-contaminated	broad	1	1	1	ENVO:00000446	terrestrial biome	1.00	1
Environmental > Terrestrial > Soil > Oil-contaminated	local	1	1	1	ENVO:01001785	land	1.00	1
Environmental > Terrestrial > Soil > Oil-contaminated	medium	1	1	1	ENVO:00002875	oil contaminated soil	1.00	1
Environmental > Terrestrial > Soil > Orchard > Truffle orchard	broad	47	1	1	ENVO:00000446	terrestrial biome	1.00	1
Environmental > Terrestrial > Soil > Orchard > Truffle orchard	local	47	1	1	ENVO:00000115	orchard	1.00	1
Environmental > Terrestrial > Soil > Orchard > Truffle orchard	medium	47	1	1	ENVO:00005772	orchard soil	1.00	1
Environmental > Terrestrial > Soil > Orchard soil	broad	3	2	1	ENVO:00000446	terrestrial biome	1.00	2
Environmental > Terrestrial > Soil > Orchard soil	local	3	2	2	ENVO:00005801	rhizosphere	0.67	1
Environmental > Terrestrial > Soil > Orchard soil	medium	3	2	2	ENVO:00001998	soil	0.67	1
Environmental > Terrestrial > Soil > Organic layer	broad	1	1	1	ENVO:00000446	terrestrial biome	1.00	1
Environmental > Terrestrial > Soil > Organic layer	local	1	1	1	ENVO:00000562	park	1.00	1
Environmental > Terrestrial > Soil > Organic layer	medium	1	1	1	ENVO:02000059	surface soil	1.00	1
Environmental > Terrestrial > Soil > Paddy field/soil	broad	749	30	1	ENVO:00000446	terrestrial biome	1.00	30
Environmental > Terrestrial > Soil > Paddy field/soil	local	749	30	1	ENVO:00000297	paddy field	1.00	30
Environmental > Terrestrial > Soil > Paddy field/soil	medium	749	30	2	ENVO:00005740	paddy field soil	1.00	29
Environmental > Terrestrial > Soil > Paddy field/soil > Contaminated	broad	2	1	1	ENVO:00000446	terrestrial biome	1.00	1
Environmental > Terrestrial > Soil > Paddy field/soil > Contaminated	local	2	1	1	ENVO:00000297	paddy field	1.00	1
Environmental > Terrestrial > Soil > Paddy field/soil > Contaminated	medium	2	1	1	ENVO:00002116	contaminated soil	1.00	1
Environmental > Terrestrial > Soil > Palsa > Mineral soil core	broad	23	1	1	ENVO:00000446	terrestrial biome	1.00	1
Environmental > Terrestrial > Soil > Palsa > Mineral soil core	local	23	1	1	ENVO:00000489	palsa	1.00	1
Environmental > Terrestrial > Soil > Palsa > Mineral soil core	medium	23	1	1	ENVO:00000134	permafrost	1.00	1
Environmental > Terrestrial > Soil > Palsa > Peat permafrost	broad	48	1	1	ENVO:00000446	terrestrial biome	1.00	1
Environmental > Terrestrial > Soil > Palsa > Peat permafrost	local	48	1	1	ENVO:00000489	palsa	1.00	1
Environmental > Terrestrial > Soil > Palsa > Peat permafrost	medium	48	1	1	ENVO:00000134	permafrost	1.00	1
Environmental > Terrestrial > Soil > Pasture	broad	2	1	1	ENVO:01000247	rangeland biome	1.00	1
Environmental > Terrestrial > Soil > Pasture	local	2	1	1	ENVO:00000305	peninsula	1.00	1
Environmental > Terrestrial > Soil > Pasture	medium	2	1	1	ENVO:00005773	pasture soil	1.00	1
Environmental > Terrestrial > Soil > Pasture > Agricultural land	broad	13	2	2	ENVO:01000177	grassland biome	0.85	1
Environmental > Terrestrial > Soil > Pasture > Agricultural land	local	13	2	1	ENVO:00000266	pasture	1.00	2
Environmental > Terrestrial > Soil > Pasture > Agricultural land	medium	13	2	1	ENVO:00005773	pasture soil	1.00	2
Environmental > Terrestrial > Soil > Peat	broad	110	4	2	ENVO:00000446	terrestrial biome	0.96	4
Environmental > Terrestrial > Soil > Peat	local	110	4	2	ENVO:00000044	peatland	0.96	4
Environmental > Terrestrial > Soil > Peat	medium	110	4	1	ENVO:00005774	peat soil	1.00	4
Environmental > Terrestrial > Soil > Peat > Bog	broad	94	6	2	ENVO:01000174	forest biome	0.83	1
Environmental > Terrestrial > Soil > Peat > Bog	local	94	6	2	ENVO:00000044	peatland	0.99	5
Environmental > Terrestrial > Soil > Peat > Bog	medium	94	6	1	ENVO:00005774	peat soil	1.00	6
Environmental > Terrestrial > Soil > Peat > Fen	broad	5	3	1	ENVO:00000446	terrestrial biome	1.00	3
Environmental > Terrestrial > Soil > Peat > Fen	local	5	3	1	ENVO:00000232	fen	1.00	3
Environmental > Terrestrial > Soil > Peat > Fen	medium	5	3	2	ENVO:00005774	peat soil	0.80	2
Environmental > Terrestrial > Soil > Peat > Mire	broad	213	1	2	ENVO:01000339	polar biome	0.73	1
Environmental > Terrestrial > Soil > Peat > Mire	local	213	1	1	ENVO:00000044	peatland	1.00	1
Environmental > Terrestrial > Soil > Peat > Mire	medium	213	1	1	ENVO:00005774	peat soil	1.00	1
Environmental > Terrestrial > Soil > Peat > Palsa	broad	2	1	1	ENVO:00000446	terrestrial biome	1.00	1
Environmental > Terrestrial > Soil > Peat > Palsa	local	2	1	1	ENVO:00000489	palsa	1.00	1
Environmental > Terrestrial > Soil > Peat > Palsa	medium	2	1	1	ENVO:00005774	peat soil	1.00	1
Environmental > Terrestrial > Soil > Permafrost	broad	198	20	4	ENVO:00000446	terrestrial biome	0.83	9
Environmental > Terrestrial > Soil > Permafrost	local	198	20	13	ENVO:01000238	polar	0.48	9
Environmental > Terrestrial > Soil > Permafrost	medium	198	20	2	ENVO:00000134	permafrost	0.99	20
Environmental > Terrestrial > Soil > Proglacial area > Forefield soil	broad	41	1	1	ENVO:00000446	terrestrial biome	1.00	1
Environmental > Terrestrial > Soil > Proglacial area > Forefield soil	local	41	1	1	ENVO:00000131	glacial feature	1.00	1
Environmental > Terrestrial > Soil > Proglacial area > Forefield soil	medium	41	1	1	ENVO:00001998	soil	1.00	1
Environmental > Terrestrial > Soil > Ranch > Agricultural land	broad	73	2	1	ENVO:00000446	terrestrial biome	1.00	2
Environmental > Terrestrial > Soil > Ranch > Agricultural land	local	73	2	1	ENVO:01001207	ranch	1.00	2
Environmental > Terrestrial > Soil > Ranch > Agricultural land	medium	73	2	1	ENVO:00002259	agricultural soil	1.00	2
Environmental > Terrestrial > Soil > Riparian soil	broad	16	2	1	ENVO:00000446	terrestrial biome	1.00	2
Environmental > Terrestrial > Soil > Riparian soil	local	16	2	1	ENVO:00000141	bank	1.00	2
Environmental > Terrestrial > Soil > Riparian soil	medium	16	2	1	ENVO:02000059	surface soil	1.00	2
Environmental > Terrestrial > Soil > Riparian zone	broad	128	2	3	ENVO:00000446	terrestrial biome	0.59	2
Environmental > Terrestrial > Soil > Riparian zone	local	128	2	2	ENVO:00000143	river bank	0.59	2
Environmental > Terrestrial > Soil > Riparian zone	medium	128	2	3	ENVO:00001998	soil	0.52	1
Environmental > Terrestrial > Soil > Riparian zone > Trees stand	broad	14	2	1	ENVO:00000446	terrestrial biome	1.00	2
Environmental > Terrestrial > Soil > Riparian zone > Trees stand	local	14	2	1	ENVO:00000143	river bank	1.00	2
Environmental > Terrestrial > Soil > Riparian zone > Trees stand	medium	14	2	2	ENVO:00001998	soil	0.86	1
Environmental > Terrestrial > Soil > Salt flat/Salt pan	broad	2	1	1	ENVO:00002030	aquatic biome	1.00	1
Environmental > Terrestrial > Soil > Salt flat/Salt pan	local	2	1	1	ENVO:00000019	saline lake	1.00	1
Environmental > Terrestrial > Soil > Salt flat/Salt pan	medium	2	1	1	ENVO:04000007	lake water	1.00	1
Environmental > Terrestrial > Soil > Sand	broad	59	7	4	ENVO:00000446	terrestrial biome	0.95	4
Environmental > Terrestrial > Soil > Sand	local	59	7	7	ENVO:00000091	beach	0.88	1
Environmental > Terrestrial > Soil > Sand	medium	59	7	4	ENVO:00002138	beach sand	0.88	1
Environmental > Terrestrial > Soil > Sand > Desert	broad	154	11	5	ENVO:01000179	desert biome	0.51	8
Environmental > Terrestrial > Soil > Sand > Desert	local	154	11	7	ENVO:01001357	desert	0.55	7
Environmental > Terrestrial > Soil > Sand > Desert	medium	154	11	7	ENVO:00001998	soil	0.36	7
Environmental > Terrestrial > Soil > Sand > Forest soil	broad	9	3	2	ENVO:01000174	forest biome	0.78	2
Environmental > Terrestrial > Soil > Sand > Forest soil	local	9	3	4	ENVO:01001785	land	0.67	1
Environmental > Terrestrial > Soil > Sand > Forest soil	medium	9	3	2	ENVO:00002261	forest soil	0.78	2
Environmental > Terrestrial > Soil > Sand > Grasslands	broad	33	2	1	ENVO:01000177	grassland biome	1.00	2
Environmental > Terrestrial > Soil > Sand > Grasslands	local	33	2	1	ENVO:01001785	land	1.00	2
Environmental > Terrestrial > Soil > Sand > Grasslands	medium	33	2	2	ENVO:02000059	surface soil	0.97	1
Environmental > Terrestrial > Soil > Sand > Oil-contaminated	broad	2	1	1	ENVO:00000446	terrestrial biome	1.00	1
Environmental > Terrestrial > Soil > Sand > Oil-contaminated	local	2	1	1	ENVO:01000302	outcrop	1.00	1
Environmental > Terrestrial > Soil > Sand > Oil-contaminated	medium	2	1	1	ENVO:01000017	sand	1.00	1
Environmental > Terrestrial > Soil > Shrubland	broad	52	4	7	ENVO:01000176	shrubland biome	0.77	1
Environmental > Terrestrial > Soil > Shrubland	local	52	4	8	ENVO:01001785	land	0.40	1
Environmental > Terrestrial > Soil > Shrubland	medium	52	4	4	ENVO:01000017	sand	0.77	1
Environmental > Terrestrial > Soil > Silt	broad	1	1	1	ENVO:00000446	terrestrial biome	1.00	1
Environmental > Terrestrial > Soil > Silt	local	1	1	1	ENVO:01001785	land	1.00	1
Environmental > Terrestrial > Soil > Silt	medium	1	1	1	ENVO:01000016	silt	1.00	1
Environmental > Terrestrial > Soil > Soil crust	broad	158	8	2	ENVO:00000446	terrestrial biome	0.96	6
Environmental > Terrestrial > Soil > Soil crust	local	158	8	4	ENVO:00000078	farm	0.68	4
Environmental > Terrestrial > Soil > Soil crust	medium	158	8	2	ENVO:01000910	soil biocrust	0.88	6
Environmental > Terrestrial > Soil > Soil crust > Biological	broad	57	4	2	ENVO:01000179	desert biome	0.93	3
Environmental > Terrestrial > Soil > Soil crust > Biological	local	57	4	3	ENVO:01001357	desert	0.93	3
Environmental > Terrestrial > Soil > Soil crust > Biological	medium	57	4	2	ENVO:01000910	soil biocrust	0.95	4
Environmental > Terrestrial > Soil > Soil crust > Physical	broad	1	1	1	ENVO:01000179	desert biome	1.00	1
Environmental > Terrestrial > Soil > Soil crust > Physical	local	1	1	1	ENVO:01001357	desert	1.00	1
Environmental > Terrestrial > Soil > Soil crust > Physical	medium	1	1	1	ENVO:02000059	surface soil	1.00	1
Environmental > Terrestrial > Soil > Sub-biocrust	broad	18	1	1	ENVO:01000179	desert biome	1.00	1
Environmental > Terrestrial > Soil > Sub-biocrust	local	18	1	1	ENVO:01001357	desert	1.00	1
Environmental > Terrestrial > Soil > Sub-biocrust	medium	18	1	1	ENVO:01000910	soil biocrust	1.00	1
Environmental > Terrestrial > Soil > Surface mine > Reclaimed	broad	12	1	1	ENVO:00000446	terrestrial biome	1.00	1
Environmental > Terrestrial > Soil > Surface mine > Reclaimed	local	12	1	1	ENVO:01001785	land	1.00	1
Environmental > Terrestrial > Soil > Surface mine > Reclaimed	medium	12	1	1	ENVO:00001998	soil	1.00	1
Environmental > Terrestrial > Soil > Tailings	broad	1	1	1	ENVO:00000446	terrestrial biome	1.00	1
Environmental > Terrestrial > Soil > Tailings	local	1	1	1	ENVO:01001785	land	1.00	1
Environmental > Terrestrial > Soil > Tailings	medium	1	1	1	ENVO:00002262	clay soil	1.00	1
Environmental > Terrestrial > Soil > Temperate forest	broad	236	9	6	ENVO:01000174	forest biome	0.72	5
Environmental > Terrestrial > Soil > Temperate forest	local	236	9	14	ENVO:01001785	land	0.47	4
Environmental > Terrestrial > Soil > Temperate forest	medium	236	9	8	ENVO:00002261	forest soil	0.68	5
Environmental > Terrestrial > Soil > Temperate forest > Bulk soil	broad	1708	39	9	ENVO:01000174	forest biome	0.86	30
Environmental > Terrestrial > Soil > Temperate forest > Bulk soil	local	1708	39	23	ENVO:00000111	forested area	0.37	8
Environmental > Terrestrial > Soil > Temperate forest > Bulk soil	medium	1708	39	8	ENVO:00002261	forest soil	0.91	36
Environmental > Terrestrial > Soil > Temperate forest > Mineral soil	broad	273	2	2	ENVO:01000174	forest biome	0.78	1
Environmental > Terrestrial > Soil > Temperate forest > Mineral soil	local	273	2	3	ENVO:01001275	solid layer	0.77	1
Environmental > Terrestrial > Soil > Temperate forest > Mineral soil	medium	273	2	2	ENVO:00002261	forest soil	0.61	2
Environmental > Terrestrial > Soil > Temperate forest > O horizon/Organic	broad	266	4	2	ENVO:01000174	forest biome	0.82	3
Environmental > Terrestrial > Soil > Temperate forest > O horizon/Organic	local	266	4	3	ENVO:01000159	organic feature	0.79	1
Environmental > Terrestrial > Soil > Temperate forest > O horizon/Organic	medium	266	4	2	ENVO:00002261	forest soil	0.60	4
Environmental > Terrestrial > Soil > Tree plantation	broad	10	1	1	ENVO:00000446	terrestrial biome	1.00	1
Environmental > Terrestrial > Soil > Tree plantation	local	10	1	1	ENVO:00000291	drainage basin	1.00	1
Environmental > Terrestrial > Soil > Tree plantation	medium	10	1	1	ENVO:00005802	bulk soil	1.00	1
Environmental > Terrestrial > Soil > Tropical forest	broad	118	6	2	ENVO:01000174	forest biome	0.94	5
Environmental > Terrestrial > Soil > Tropical forest	local	118	6	4	ENVO:01001803	tropical forest	0.89	4
Environmental > Terrestrial > Soil > Tropical forest	medium	118	6	3	ENVO:00002261	forest soil	0.86	4
Environmental > Terrestrial > Soil > Tropical forest > Bulk soil	broad	387	18	3	ENVO:01000174	forest biome	0.95	16
Environmental > Terrestrial > Soil > Tropical forest > Bulk soil	local	387	18	8	ENVO:01001803	tropical forest	0.62	6
Environmental > Terrestrial > Soil > Tropical forest > Bulk soil	medium	387	18	4	ENVO:00002261	forest soil	0.73	15
Environmental > Terrestrial > Soil > Tropical rainforest	broad	10	1	1	ENVO:01000174	forest biome	1.00	1
Environmental > Terrestrial > Soil > Tropical rainforest	local	10	1	1	ENVO:01001803	tropical forest	1.00	1
Environmental > Terrestrial > Soil > Tropical rainforest	medium	10	1	1	ENVO:00002261	forest soil	1.00	1
Environmental > Terrestrial > Soil > Tundra	broad	10	2	2	ENVO:00000446	terrestrial biome	0.90	1
Environmental > Terrestrial > Soil > Tundra	local	10	2	4	ENVO:01000887	area of sedge- and forb-dominated herbaceous vegetation	0.50	1
Environmental > Terrestrial > Soil > Tundra	medium	10	2	1	ENVO:00001998	soil	1.00	2
Environmental > Terrestrial > Soil > Tundra > Bulk soil	broad	1	1	1	ENVO:01000180	tundra biome	1.00	1
Environmental > Terrestrial > Soil > Tundra > Bulk soil	local	1	1	1	ENVO:00000133	glacier	1.00	1
Environmental > Terrestrial > Soil > Tundra > Bulk soil	medium	1	1	1	ENVO:00002006	liquid water	1.00	1
Environmental > Terrestrial > Soil > Tundra > Organic layer	broad	19	1	1	ENVO:00000446	terrestrial biome	1.00	1
Environmental > Terrestrial > Soil > Tundra > Organic layer	local	19	1	1	ENVO:00000043	wetland area	1.00	1
Environmental > Terrestrial > Soil > Tundra > Organic layer	medium	19	1	2	ENVO:00002141	leachate	0.68	1
Environmental > Terrestrial > Soil > Tundra > Permafrost	broad	5	1	1	ENVO:00000446	terrestrial biome	1.00	1
Environmental > Terrestrial > Soil > Tundra > Permafrost	local	5	1	1	ENVO:00000043	wetland area	1.00	1
Environmental > Terrestrial > Soil > Tundra > Permafrost	medium	5	1	2	ENVO:00000134	permafrost	0.80	1
Environmental > Terrestrial > Soil > Vadose zone	broad	54	1	1	ENVO:00000446	terrestrial biome	1.00	1
Environmental > Terrestrial > Soil > Vadose zone	local	54	1	1	ENVO:00000328	vadose zone	1.00	1
Environmental > Terrestrial > Soil > Vadose zone	medium	54	1	1	ENVO:00001998	soil	1.00	1
Environmental > Terrestrial > Soil > Vadose zone > Saprolite	broad	10	1	1	ENVO:00000446	terrestrial biome	1.00	1
Environmental > Terrestrial > Soil > Vadose zone > Saprolite	local	10	1	1	ENVO:00000328	vadose zone	1.00	1
Environmental > Terrestrial > Soil > Vadose zone > Saprolite	medium	10	1	1	ENVO:00001998	soil	1.00	1
Environmental > Terrestrial > Soil > Watershed	broad	246	1	1	ENVO:00000446	terrestrial biome	1.00	1
Environmental > Terrestrial > Soil > Watershed	local	246	1	1	ENVO:00000292	watershed	1.00	1
Environmental > Terrestrial > Soil > Watershed	medium	246	1	1	ENVO:00001998	soil	1.00	1
Environmental > Terrestrial > Soil > Wetlands	broad	316	20	3	ENVO:00000446	terrestrial biome	0.95	18
Environmental > Terrestrial > Soil > Wetlands	local	316	20	11	ENVO:00000043	wetland area	0.46	12
Environmental > Terrestrial > Soil > Wetlands	medium	316	20	5	ENVO:00001998	soil	0.73	14
Environmental > Terrestrial > Soil > Wetlands > Peat	broad	1099	9	5	ENVO:00000446	terrestrial biome	0.78	5
Environmental > Terrestrial > Soil > Wetlands > Peat	local	1099	9	5	ENVO:00000044	peatland	0.88	6
Environmental > Terrestrial > Soil > Wetlands > Peat	medium	1099	9	3	ENVO:00005774	peat soil	0.95	7
Environmental > Terrestrial > Soil > Wetlands > Permafrost	broad	341	7	3	ENVO:01000339	polar biome	0.55	1
Environmental > Terrestrial > Soil > Wetlands > Permafrost	local	341	7	9	ENVO:04000009	active permafrost layer	0.63	1
Environmental > Terrestrial > Soil > Wetlands > Permafrost	medium	341	7	3	ENVO:00005774	peat soil	0.55	2
Environmental > Terrestrial > Volcanic	broad	22	2	2	ENVO:01000174	forest biome	0.95	1
Environmental > Terrestrial > Volcanic	local	22	2	2	ENVO:00000094	volcanic feature	0.95	1
Environmental > Terrestrial > Volcanic	medium	22	2	2	ENVO:01001841	volcanic soil	0.95	1
Environmental > Terrestrial > Volcanic > Fumaroles	broad	4	3	1	ENVO:00000446	terrestrial biome	1.00	3
Environmental > Terrestrial > Volcanic > Fumaroles	local	4	3	2	ENVO:00000247	volcano	0.50	2
Environmental > Terrestrial > Volcanic > Fumaroles	medium	4	3	2	ENVO:00002007	sediment	0.75	2
Host-associated > Algae > Brown Algae	broad	42	1	2	ENVO:01000024	marine benthic biome	0.98	1
Host-associated > Algae > Brown Algae	local	42	1	2	ENVO:01000058	kelp forest	0.60	1
Host-associated > Algae > Brown Algae	medium	42	1	1	ENVO:01000155	organic material	1.00	1
Host-associated > Algae > Diatoms	broad	1	1	1	ENVO:01000313	anthropogenic environment	1.00	1
Host-associated > Algae > Diatoms	local	1	1	1	ENVO:02000007	tissue culture	1.00	1
Host-associated > Algae > Diatoms	medium	1	1	1	OBI:0000079	culture medium	1.00	1
Host-associated > Algae > Green algae	broad	3	1	1	ENVO:01000029	marine reef biome	1.00	1
Host-associated > Algae > Green algae	local	3	1	1	ENVO:00000426	ocean floor	1.00	1
Host-associated > Algae > Green algae	medium	3	1	1	ENVO:01000155	organic material	1.00	1
Host-associated > Algae > Haptophytes	broad	1	1	1	ENVO:2000004	algal bloom	1.00	1
Host-associated > Algae > Haptophytes	local	1	1	1	ENVO:00002019	brackish water	1.00	1
Host-associated > Algae > Haptophytes	medium	1	1	1	OBI:0000079	culture medium	1.00	1
Host-associated > Algae > Mixed algae turf	broad	1	1	1	ENVO:01000029	marine reef biome	1.00	1
Host-associated > Algae > Mixed algae turf	local	1	1	1	ENVO:00000426	ocean floor	1.00	1
Host-associated > Algae > Mixed algae turf	medium	1	1	1	ENVO:01000155	organic material	1.00	1
Host-associated > Algae > Red algae	broad	2	1	1	ENVO:01000029	marine reef biome	1.00	1
Host-associated > Algae > Red algae	local	2	1	1	ENVO:00000426	ocean floor	1.00	1
Host-associated > Algae > Red algae	medium	2	1	1	ENVO:01000155	organic material	1.00	1
Host-associated > Amphibia > Digestive system > Biliary tract > Liver	broad	1	1	1	ENVO:01001000	environmental system determined by an organism	1.00	1
Host-associated > Amphibia > Digestive system > Biliary tract > Liver	local	1	1	1	UBERON:0002423	hepatobiliary system	1.00	1
Host-associated > Amphibia > Digestive system > Biliary tract > Liver	medium	1	1	1	UBERON:0002107	liver	1.00	1
Host-associated > Amphibia > Digestive system > Intestine > Fecal	broad	4	1	1	ENVO:01000249	urban biome	1.00	1
Host-associated > Amphibia > Digestive system > Intestine > Fecal	local	4	1	1	ENVO:01001002	animal-associated environment	1.00	1
Host-associated > Amphibia > Digestive system > Intestine > Fecal	medium	4	1	1	ENVO:00002003	fecal material	1.00	1
Host-associated > Annelida > Digestive system > Digestive tube > Extracellular symbionts	broad	1	1	1	ENVO:00000447	marine biome	1.00	1
Host-associated > Annelida > Digestive system > Digestive tube > Extracellular symbionts	local	1	1	1	UBERON:0001555	digestive tract	1.00	1
Host-associated > Annelida > Digestive system > Digestive tube > Extracellular symbionts	medium	1	1	1	UBERON:0000463	organism substance	1.00	1
Host-associated > Annelida > Integument > Cuticle > Epibionts	broad	1	1	1	ENVO:01000030	marine hydrothermal vent biome	1.00	1
Host-associated > Annelida > Integument > Cuticle > Epibionts	local	1	1	1	ENVO:00000215	hydrothermal vent	1.00	1
Host-associated > Annelida > Integument > Cuticle > Epibionts	medium	1	1	1	UBERON:0001001	chitin-based cuticle	1.00	1
Host-associated > Annelida > Reproductive system > Egg capsule > Extracellular	broad	1	1	1	ENVO:01000219	anthropogenic terrestrial biome	1.00	1
Host-associated > Annelida > Reproductive system > Egg capsule > Extracellular	local	1	1	1	ENVO:01000550	composting toilet	1.00	1
Host-associated > Annelida > Reproductive system > Egg capsule > Extracellular	medium	1	1	1	UBERON:0007379	shelled egg	1.00	1
Host-associated > Arthropoda: Chelicerates > Whole body	broad	2	2	1	ENVO:01001002	animal-associated environment	1.00	2
Host-associated > Arthropoda: Chelicerates > Whole body	local	2	2	2	UBERON:0000479	tissue	0.50	1
Host-associated > Arthropoda: Chelicerates > Whole body	medium	2	2	2	UBERON:0000468	multicellular organism	0.50	1
Host-associated > Arthropoda: Crustaceans > Digestive system > Gut > Intestine	broad	1	1	1	ENVO:00000294	fish farm	1.00	1
Host-associated > Arthropoda: Crustaceans > Digestive system > Gut > Intestine	local	1	1	1	UBERON:0000160	intestine	1.00	1
Host-associated > Arthropoda: Crustaceans > Digestive system > Gut > Intestine	medium	1	1	1	ENVO:09000026	concentration of liquid water in soil	1.00	1
Host-associated > Arthropoda: Crustaceans > Integumentary system > Cuticle > Setae	broad	1	1	1	ENVO:01000030	marine hydrothermal vent biome	1.00	1
Host-associated > Arthropoda: Crustaceans > Integumentary system > Cuticle > Setae	local	1	1	1	ENVO:01001000	environmental system determined by an organism	1.00	1
Host-associated > Arthropoda: Crustaceans > Integumentary system > Cuticle > Setae	medium	1	1	1	AISM:0000530	setose cuticle	1.00	1
Host-associated > Arthropoda: Crustaceans > Whole body	broad	1	1	1	ENVO:01000252	freshwater lake biome	1.00	1
Host-associated > Arthropoda: Crustaceans > Whole body	local	1	1	1	ENVO:00000021	freshwater lake	1.00	1
Host-associated > Arthropoda: Crustaceans > Whole body	medium	1	1	1	ENVO:04000007	lake water	1.00	1
Host-associated > Arthropoda: Insects > Abdomen	broad	1	1	1	ENVO:01001055	environment associated with an animal part or small animal	1.00	1
Host-associated > Arthropoda: Insects > Abdomen	local	1	1	1	UBERON:0000916	abdomen	1.00	1
Host-associated > Arthropoda: Insects > Abdomen	medium	1	1	1	UBERON:0000479	tissue	1.00	1
Host-associated > Arthropoda: Insects > Abdomen > Metasoma > Gaster	broad	1	1	1	ENVO:01001000	environmental system determined by an organism	1.00	1
Host-associated > Arthropoda: Insects > Abdomen > Metasoma > Gaster	local	1	1	1	UBERON:0001555	digestive tract	1.00	1
Host-associated > Arthropoda: Insects > Abdomen > Metasoma > Gaster	medium	1	1	1	UBERON:0000916	abdomen	1.00	1
Host-associated > Arthropoda: Insects > Digestive system > Foregut > Crop	broad	1	1	1	ENVO:01001000	environmental system determined by an organism	1.00	1
Host-associated > Arthropoda: Insects > Digestive system > Foregut > Crop	local	1	1	1	ENVO:01001002	animal-associated environment	1.00	1
Host-associated > Arthropoda: Insects > Digestive system > Foregut > Crop	medium	1	1	1	UBERON:0001555	digestive tract	1.00	1
Host-associated > Arthropoda: Insects > Digestive system > Gut	broad	2	2	1	ENVO:01001055	environment associated with an animal part or small animal	1.00	2
Host-associated > Arthropoda: Insects > Digestive system > Gut	local	2	2	2	ENVO:01001033	digestive tract environment	0.50	1
Host-associated > Arthropoda: Insects > Digestive system > Gut	medium	2	2	1	UBERON:0001555	digestive tract	1.00	2
Host-associated > Arthropoda: Insects > Digestive system > Hindgut > P1 segment	broad	1	1	1	ENVO:01001055	environment associated with an animal part or small animal	1.00	1
Host-associated > Arthropoda: Insects > Digestive system > Hindgut > P1 segment	local	1	1	1	UBERON:0001046	hindgut	1.00	1
Host-associated > Arthropoda: Insects > Digestive system > Hindgut > P1 segment	medium	1	1	1	UBERON:0001555	digestive tract	1.00	1
Host-associated > Arthropoda: Insects > Larva > Gut > Gastric caeca	broad	1	1	1	ENVO:01001000	environmental system determined by an organism	1.00	1
Host-associated > Arthropoda: Insects > Larva > Gut > Gastric caeca	local	1	1	1	UBERON:0000485	simple columnar epithelium	1.00	1
Host-associated > Arthropoda: Insects > Larva > Gut > Gastric caeca	medium	1	1	1	UBERON:0001555	digestive tract	1.00	1
Host-associated > Arthropoda: Insects > Pupa > Cocoon > Meconium	broad	1	1	1	ENVO:01001000	environmental system determined by an organism	1.00	1
Host-associated > Arthropoda: Insects > Pupa > Cocoon > Meconium	local	1	1	1	ENVO:01001636	insect conservation process	1.00	1
Host-associated > Arthropoda: Insects > Pupa > Cocoon > Meconium	medium	1	1	1	UBERON:0007109	meconium	1.00	1
Host-associated > Arthropoda: Insects > Thorax > Prothorax > Propleura	broad	1	1	1	ENVO:01001000	environmental system determined by an organism	1.00	1
Host-associated > Arthropoda: Insects > Thorax > Prothorax > Propleura	local	1	1	1	UBERON:0000915	thoracic segment of trunk	1.00	1
Host-associated > Arthropoda: Insects > Thorax > Prothorax > Propleura	medium	1	1	1	UBERON:0000463	organism substance	1.00	1
Host-associated > Arthropoda: Insects > Whole body > No thorax	broad	1	1	1	ENVO:01001055	environment associated with an animal part or small animal	1.00	1
Host-associated > Arthropoda: Insects > Whole body > No thorax	local	1	1	1	UBERON:0000916	abdomen	1.00	1
Host-associated > Arthropoda: Insects > Whole body > No thorax	medium	1	1	1	UBERON:0000479	tissue	1.00	1
Host-associated > Birds > Circulatory system > Blood > Serum	broad	1	1	1	ENVO:01000339	polar biome	1.00	1
Host-associated > Birds > Circulatory system > Blood > Serum	local	1	1	1	ENVO:01001000	environmental system determined by an organism	1.00	1
Host-associated > Birds > Circulatory system > Blood > Serum	medium	1	1	1	UBERON:0001977	blood serum	1.00	1
Host-associated > Birds > Digestive system > Biliary tract > Liver	broad	1	1	1	ENVO:01001000	environmental system determined by an organism	1.00	1
Host-associated > Birds > Digestive system > Biliary tract > Liver	local	1	1	1	UBERON:0002423	hepatobiliary system	1.00	1
Host-associated > Birds > Digestive system > Biliary tract > Liver	medium	1	1	1	UBERON:0002107	liver	1.00	1
Host-associated > Birds > Digestive system > Large intestine > Cloaca	broad	1	1	1	ENVO:01001000	environmental system determined by an organism	1.00	1
Host-associated > Birds > Digestive system > Large intestine > Cloaca	local	1	1	1	UBERON:0000163	embryonic cloaca	1.00	1
Host-associated > Birds > Digestive system > Large intestine > Cloaca	medium	1	1	1	ENVO:02000040	mucus material	1.00	1
Host-associated > Birds > Digestive system > Large intestine > Fecal	broad	24	3	3	ENVO:01000249	urban biome	0.71	2
Host-associated > Birds > Digestive system > Large intestine > Fecal	local	24	3	2	ENVO:01001002	animal-associated environment	0.88	2
Host-associated > Birds > Digestive system > Large intestine > Fecal	medium	24	3	3	ENVO:00002003	fecal material	0.71	2
Host-associated > Fish > Digestive system > Biliary tract > Liver	broad	1	1	1	ENVO:01001000	environmental system determined by an organism	1.00	1
Host-associated > Fish > Digestive system > Biliary tract > Liver	local	1	1	1	UBERON:0002107	liver	1.00	1
Host-associated > Fish > Digestive system > Biliary tract > Liver	medium	1	1	1	UBERON:0000479	tissue	1.00	1
Host-associated > Fish > Digestive system > Intestine	broad	61	2	1	ENVO:00000447	marine biome	1.00	2
Host-associated > Fish > Digestive system > Intestine	local	61	2	1	ENVO:01001002	animal-associated environment	1.00	2
Host-associated > Fish > Digestive system > Intestine	medium	61	2	1	ENVO:00002003	fecal material	1.00	2
Host-associated > Fish > Digestive system > Intestine > Fecal	broad	1	1	1	ENVO:00000294	fish farm	1.00	1
Host-associated > Fish > Digestive system > Intestine > Fecal	local	1	1	1	UBERON:0000160	intestine	1.00	1
Host-associated > Fish > Digestive system > Intestine > Fecal	medium	1	1	1	UBERON:0001988	feces	1.00	1
Host-associated > Fish > Integumentary system > Skin > Lesion	broad	1	1	1	ENVO:00000447	marine biome	1.00	1
Host-associated > Fish > Integumentary system > Skin > Lesion	local	1	1	1	UBERON:0002097	skin of body	1.00	1
Host-associated > Fish > Integumentary system > Skin > Lesion	medium	1	1	1	ENVO:02000040	mucus material	1.00	1
Host-associated > Fungi > Lichen	broad	12	1	1	ENVO:01000250	subpolar coniferous forest biome	1.00	1
Host-associated > Fungi > Lichen	local	12	1	2	ENVO:00000087	cliff	0.75	1
Host-associated > Fungi > Lichen	medium	12	1	2	ENVO:00001998	soil	0.75	1
Host-associated > Fungi > Mycelium	broad	7	1	1	ENVO:00000446	terrestrial biome	1.00	1
Host-associated > Fungi > Mycelium	local	7	1	2	ENVO:01001785	land	0.71	1
Host-associated > Fungi > Mycelium	medium	7	1	1	ENVO:00001998	soil	1.00	1
Host-associated > Invertebrates > Cnidaria > Coral > Surface	broad	1	1	1	ENVO:01000049	marine coral reef biome	1.00	1
Host-associated > Invertebrates > Cnidaria > Coral > Surface	local	1	1	1	ENVO:00000150	coral reef	1.00	1
Host-associated > Invertebrates > Cnidaria > Coral > Surface	medium	1	1	1	ENVO:01000008	microbial mat	1.00	1
Host-associated > Invertebrates > Cnidaria > Coral > Tissue	broad	21	1	1	ENVO:01000029	marine reef biome	1.00	1
Host-associated > Invertebrates > Cnidaria > Coral > Tissue	local	21	1	1	ENVO:00000150	coral reef	1.00	1
Host-associated > Invertebrates > Cnidaria > Coral > Tissue	medium	21	1	3	ENVO:01000155	organic material	0.76	1
Host-associated > Invertebrates > Echinodermata > Sea Star	broad	1	1	1	ENVO:01001002	animal-associated environment	1.00	1
Host-associated > Invertebrates > Echinodermata > Sea Star	local	1	1	1	ENVO:01001176	environment associated with an aquatic invertebrate	1.00	1
Host-associated > Invertebrates > Echinodermata > Sea Star	medium	1	1	1	UBERON:0000479	tissue	1.00	1
Host-associated > Mammals > Auditory/Hearing system > Outer ear > Ear discharge	broad	1	1	1	ENVO:01001000	environmental system determined by an organism	1.00	1
Host-associated > Mammals > Auditory/Hearing system > Outer ear > Ear discharge	local	1	1	1	UBERON:0001691	external ear	1.00	1
Host-associated > Mammals > Auditory/Hearing system > Outer ear > Ear discharge	medium	1	1	1	ENVO:01000897	electrostatic discharge process	1.00	1
Host-associated > Mammals > Connective tissue > Tendons > Tissue-engineered	broad	1	1	1	ENVO:01000313	anthropogenic environment	1.00	1
Host-associated > Mammals > Connective tissue > Tendons > Tissue-engineered	local	1	1	1	ENVO:01001405	laboratory environment	1.00	1
Host-associated > Mammals > Connective tissue > Tendons > Tissue-engineered	medium	1	1	1	UBERON:0000043	tendon	1.00	1
Host-associated > Mammals > Digestive system > Biliary tract > Liver	broad	1	1	1	ENVO:01001000	environmental system determined by an organism	1.00	1
Host-associated > Mammals > Digestive system > Biliary tract > Liver	local	1	1	1	UBERON:0002423	hepatobiliary system	1.00	1
Host-associated > Mammals > Digestive system > Biliary tract > Liver	medium	1	1	1	UBERON:0002107	liver	1.00	1
Host-associated > Mammals > Digestive system > Large intestine > Fecal	broad	379	10	6	ENVO:01000249	urban biome	0.41	6
Host-associated > Mammals > Digestive system > Large intestine > Fecal	local	379	10	3	ENVO:01001002	animal-associated environment	0.74	6
Host-associated > Mammals > Digestive system > Large intestine > Fecal	medium	379	10	3	ENVO:00002003	fecal material	0.99	9
Host-associated > Mammals > Digestive system > Lower gastrointestinal tract > Ileum-cecum	broad	1	1	1	ENVO:01001000	environmental system determined by an organism	1.00	1
Host-associated > Mammals > Digestive system > Lower gastrointestinal tract > Ileum-cecum	local	1	1	1	UBERON:0001555	digestive tract	1.00	1
Host-associated > Mammals > Digestive system > Lower gastrointestinal tract > Ileum-cecum	medium	1	1	1	BTO:0000166	cecum	1.00	1
Host-associated > Mammals > Digestive system > Small intestine > Ileum	broad	1	1	1	UBERON:0001007	digestive system	1.00	1
Host-associated > Mammals > Digestive system > Small intestine > Ileum	local	1	1	1	UBERON:0002116	ileum	1.00	1
Host-associated > Mammals > Digestive system > Small intestine > Ileum	medium	1	1	1	ENVO:02000040	mucus material	1.00	1
Host-associated > Mammals > Digestive system > Small intestine > Jejunum	broad	1	1	1	ENVO:01001000	environmental system determined by an organism	1.00	1
Host-associated > Mammals > Digestive system > Small intestine > Jejunum	local	1	1	1	UBERON:0002115	jejunum	1.00	1
Host-associated > Mammals > Digestive system > Small intestine > Jejunum	medium	1	1	1	ENVO:02000040	mucus material	1.00	1
Host-associated > Mammals > Digestive system > Stomach > Abomasum	broad	1	1	1	UBERON:0001007	digestive system	1.00	1
Host-associated > Mammals > Digestive system > Stomach > Abomasum	local	1	1	1	UBERON:0001555	digestive tract	1.00	1
Host-associated > Mammals > Digestive system > Stomach > Abomasum	medium	1	1	1	UBERON:0007358	abomasum	1.00	1
Host-associated > Mammals > Digestive system > Stomach > Omasum	broad	1	1	1	UBERON:0001007	digestive system	1.00	1
Host-associated > Mammals > Digestive system > Stomach > Omasum	local	1	1	1	UBERON:0001555	digestive tract	1.00	1
Host-associated > Mammals > Digestive system > Stomach > Omasum	medium	1	1	1	BTO:0000348	omasum	1.00	1
Host-associated > Mammals > Digestive system > Stomach > Rumen	broad	2	2	2	UBERON:0001555	digestive tract	0.50	1
Host-associated > Mammals > Digestive system > Stomach > Rumen	local	2	2	2	UBERON:0004907	lower digestive tract	0.50	1
Host-associated > Mammals > Digestive system > Stomach > Rumen	medium	2	2	2	ENVO:02000042	interstitial fluid material	0.50	1
Host-associated > Mammals > Integumentary system > Hoof > Surface	broad	1	1	1	ENVO:01001000	environmental system determined by an organism	1.00	1
Host-associated > Mammals > Integumentary system > Hoof > Surface	local	1	1	1	UBERON:0000021	cutaneous appendage	1.00	1
Host-associated > Mammals > Integumentary system > Hoof > Surface	medium	1	1	1	ENVO:2100003	skin environment	1.00	1
Host-associated > Mammals > Integumentary system > Mammary gland > Milk	broad	1	1	1	ENVO:01001000	environmental system determined by an organism	1.00	1
Host-associated > Mammals > Integumentary system > Mammary gland > Milk	local	1	1	1	UBERON:0001911	mammary gland	1.00	1
Host-associated > Mammals > Integumentary system > Mammary gland > Milk	medium	1	1	1	ENVO:02000031	breast milk material	1.00	1
Host-associated > Mammals > Integumentary system > Sebaceous glands > Sebum	broad	1	1	1	ENVO:01001000	environmental system determined by an organism	1.00	1
Host-associated > Mammals > Integumentary system > Sebaceous glands > Sebum	local	1	1	1	UBERON:0000456	secretion of exocrine gland	1.00	1
Host-associated > Mammals > Integumentary system > Sebaceous glands > Sebum	medium	1	1	1	UBERON:0001866	sebum	1.00	1
Host-associated > Mammals > Integumentary system > Skin	broad	3	1	1	ENVO:01000249	urban biome	1.00	1
Host-associated > Mammals > Integumentary system > Skin	local	3	1	1	ENVO:01001002	animal-associated environment	1.00	1
Host-associated > Mammals > Integumentary system > Skin	medium	3	1	1	ENVO:02000037	sebum material	1.00	1
Host-associated > Mammals > Integumentary system > Skin > Digital dermatitis	broad	1	1	1	ENVO:01001000	environmental system determined by an organism	1.00	1
Host-associated > Mammals > Integumentary system > Skin > Digital dermatitis	local	1	1	1	UBERON:0002097	skin of body	1.00	1
Host-associated > Mammals > Integumentary system > Skin > Digital dermatitis	medium	1	1	1	ENVO:2100003	skin environment	1.00	1
Host-associated > Mammals > Integumentary system > Skin > Surface	broad	1	1	1	ENVO:01000313	anthropogenic environment	1.00	1
Host-associated > Mammals > Integumentary system > Skin > Surface	local	1	1	1	UBERON:0002097	skin of body	1.00	1
Host-associated > Mammals > Integumentary system > Skin > Surface	medium	1	1	1	UBERON:0002097	skin of body	1.00	1
Host-associated > Mammals > Integumentary system > Skin > Udder dermatitis	broad	1	1	1	ENVO:01001000	environmental system determined by an organism	1.00	1
Host-associated > Mammals > Integumentary system > Skin > Udder dermatitis	local	1	1	1	UBERON:0002097	skin of body	1.00	1
Host-associated > Mammals > Integumentary system > Skin > Udder dermatitis	medium	1	1	1	ENVO:2100003	skin environment	1.00	1
Host-associated > Mammals > Multiple systems > Soft tissue > Pooled tissues	broad	1	1	1	ENVO:01001000	environmental system determined by an organism	1.00	1
Host-associated > Mammals > Multiple systems > Soft tissue > Pooled tissues	local	1	1	1	UBERON:0010000	multicellular anatomical structure	1.00	1
Host-associated > Mammals > Multiple systems > Soft tissue > Pooled tissues	medium	1	1	1	UBERON:0000479	tissue	1.00	1
Host-associated > Mammals > Remains > Fossilized remains > Bone	broad	1	1	1	ENVO:01000219	anthropogenic terrestrial biome	1.00	1
Host-associated > Mammals > Remains > Fossilized remains > Bone	local	1	1	1	ENVO:00000365	Ramsar site	1.00	1
Host-associated > Mammals > Remains > Fossilized remains > Bone	medium	1	1	1	UBERON:0001474	bone element	1.00	1
Host-associated > Mammals > Remains > Fossilized remains > Coprolite	broad	1	1	1	ENVO:01001002	animal-associated environment	1.00	1
Host-associated > Mammals > Remains > Fossilized remains > Coprolite	local	1	1	1	ENVO:00002164	fossil	1.00	1
Host-associated > Mammals > Remains > Fossilized remains > Coprolite	medium	1	1	1	ENVO:00002164	fossil	1.00	1
Host-associated > Mammals > Reproductive system > Uterus > Cervix	broad	1	1	1	ENVO:01001000	environmental system determined by an organism	1.00	1
Host-associated > Mammals > Reproductive system > Uterus > Cervix	local	1	1	1	UBERON:0000002	uterine cervix	1.00	1
Host-associated > Mammals > Reproductive system > Uterus > Cervix	medium	1	1	1	UBERON:0000912	mucus	1.00	1
Host-associated > Mammals > Respiratory system > Pharynx/Throat > Oropharynx	broad	1	1	1	ENVO:01001000	environmental system determined by an organism	1.00	1
Host-associated > Mammals > Respiratory system > Pharynx/Throat > Oropharynx	local	1	1	1	UBERON:0001729	oropharynx	1.00	1
Host-associated > Mammals > Respiratory system > Pharynx/Throat > Oropharynx	medium	1	1	1	UBERON:0001836	saliva	1.00	1
Host-associated > Mammals > Visual system > Eye > Cornea	broad	1	1	1	ENVO:01001002	animal-associated environment	1.00	1
Host-associated > Mammals > Visual system > Eye > Cornea	local	1	1	1	UBERON:0000964	cornea	1.00	1
Host-associated > Mammals > Visual system > Eye > Cornea	medium	1	1	1	UBERON:0000479	tissue	1.00	1
Host-associated > Mammals: Human > Abdominal/Peritoneal cavity > Ascites > Malignant ascites	broad	1	1	1	ENVO:01001000	environmental system determined by an organism	1.00	1
Host-associated > Mammals: Human > Abdominal/Peritoneal cavity > Ascites > Malignant ascites	local	1	1	1	UBERON:0001179	peritoneal cavity	1.00	1
Host-associated > Mammals: Human > Abdominal/Peritoneal cavity > Ascites > Malignant ascites	medium	1	1	1	BTO:0000091	ascites	1.00	1
Host-associated > Mammals: Human > Benign tumor > Polyps > Nasal	broad	1	1	1	ENVO:01001000	environmental system determined by an organism	1.00	1
Host-associated > Mammals: Human > Benign tumor > Polyps > Nasal	local	1	1	1	UBERON:0001707	nasal cavity	1.00	1
Host-associated > Mammals: Human > Benign tumor > Polyps > Nasal	medium	1	1	1	UBERON:0000479	tissue	1.00	1
Host-associated > Mammals: Human > Circulatory system > Blood > Whole blood	broad	1	1	1	ENVO:01001000	environmental system determined by an organism	1.00	1
Host-associated > Mammals: Human > Circulatory system > Blood > Whole blood	local	1	1	1	UBERON:0001009	circulatory system	1.00	1
Host-associated > Mammals: Human > Circulatory system > Blood > Whole blood	medium	1	1	1	UBERON:0000178	blood	1.00	1
Host-associated > Mammals: Human > Circulatory system > Heart > Tricuspid valve	broad	1	1	1	ENVO:01001000	environmental system determined by an organism	1.00	1
Host-associated > Mammals: Human > Circulatory system > Heart > Tricuspid valve	local	1	1	1	UBERON:0002134	tricuspid valve	1.00	1
Host-associated > Mammals: Human > Circulatory system > Heart > Tricuspid valve	medium	1	1	1	UBERON:0000946	cardiac valve	1.00	1
Host-associated > Mammals: Human > Digestive system > Large intestine > Fecal	broad	13255	15	3	ENVO:01000249	urban biome	1.00	5
Host-associated > Mammals: Human > Digestive system > Large intestine > Fecal	local	13255	15	3	ENVO:01001002	animal-associated environment	1.00	5
Host-associated > Mammals: Human > Digestive system > Large intestine > Fecal	medium	13255	15	2	ENVO:00002003	fecal material	1.00	15
Host-associated > Mammals: Human > Digestive system > Large intestine > Rectal mucosa	broad	1	1	1	ENVO:01001002	animal-associated environment	1.00	1
Host-associated > Mammals: Human > Digestive system > Large intestine > Rectal mucosa	local	1	1	1	UBERON:0003346	mucosa of rectum	1.00	1
Host-associated > Mammals: Human > Digestive system > Large intestine > Rectal mucosa	medium	1	1	1	UBERON:0000912	mucus	1.00	1
Host-associated > Mammals: Human > Digestive system > Large intestine > Rectum	broad	1	1	1	ENVO:01001002	animal-associated environment	1.00	1
Host-associated > Mammals: Human > Digestive system > Large intestine > Rectum	local	1	1	1	UBERON:0001052	rectum	1.00	1
Host-associated > Mammals: Human > Digestive system > Large intestine > Rectum	medium	1	1	1	UBERON:0000059	large intestine	1.00	1
Host-associated > Mammals: Human > Digestive system > Lower gastrointestinal tract > Intestinal mucosa	broad	1	1	1	ENVO:01001000	environmental system determined by an organism	1.00	1
Host-associated > Mammals: Human > Digestive system > Lower gastrointestinal tract > Intestinal mucosa	local	1	1	1	UBERON:0001242	intestinal mucosa	1.00	1
Host-associated > Mammals: Human > Digestive system > Lower gastrointestinal tract > Intestinal mucosa	medium	1	1	1	UBERON:0000912	mucus	1.00	1
Host-associated > Mammals: Human > Digestive system > Oral cavity	broad	1	1	1	ENVO:01001002	animal-associated environment	1.00	1
Host-associated > Mammals: Human > Digestive system > Oral cavity	local	1	1	1	UBERON:0000167	oral cavity	1.00	1
Host-associated > Mammals: Human > Digestive system > Oral cavity	medium	1	1	1	UBERON:0001555	digestive tract	1.00	1
Host-associated > Mammals: Human > Digestive system > Oral cavity > Attached/Keratinized gingiva	broad	1	1	1	UBERON:0001007	digestive system	1.00	1
Host-associated > Mammals: Human > Digestive system > Oral cavity > Attached/Keratinized gingiva	local	1	1	1	UBERON:0001828	gingiva	1.00	1
Host-associated > Mammals: Human > Digestive system > Oral cavity > Attached/Keratinized gingiva	medium	1	1	1	UBERON:0001836	saliva	1.00	1
Host-associated > Mammals: Human > Digestive system > Oral cavity > Periodontal pockets	broad	1	1	1	ENVO:01001002	animal-associated environment	1.00	1
Host-associated > Mammals: Human > Digestive system > Oral cavity > Periodontal pockets	local	1	1	1	UBERON:0000167	oral cavity	1.00	1
Host-associated > Mammals: Human > Digestive system > Oral cavity > Periodontal pockets	medium	1	1	1	UBERON:0001758	periodontium	1.00	1
Host-associated > Mammals: Human > Digestive system > Oral cavity > Tooth: Dentin	broad	1	1	1	ENVO:01001000	environmental system determined by an organism	1.00	1
Host-associated > Mammals: Human > Digestive system > Oral cavity > Tooth: Dentin	local	1	1	1	UBERON:0000167	oral cavity	1.00	1
Host-associated > Mammals: Human > Digestive system > Oral cavity > Tooth: Dentin	medium	1	1	1	BTO:0003453	dentin	1.00	1
Host-associated > Mammals: Human > Integumentary system > Mammary gland > Milk	broad	8	1	1	ENVO:01001000	environmental system determined by an organism	1.00	1
Host-associated > Mammals: Human > Integumentary system > Mammary gland > Milk	local	8	1	1	UBERON:0001911	mammary gland	1.00	1
Host-associated > Mammals: Human > Integumentary system > Mammary gland > Milk	medium	8	1	1	UBERON:0001913	milk (mammary secretion)	1.00	1
Host-associated > Mammals: Human > Integumentary system > Sebaceous glands > Sebum	broad	6	1	1	ENVO:01001000	environmental system determined by an organism	1.00	1
Host-associated > Mammals: Human > Integumentary system > Sebaceous glands > Sebum	local	6	1	1	UBERON:0000456	secretion of exocrine gland	1.00	1
Host-associated > Mammals: Human > Integumentary system > Sebaceous glands > Sebum	medium	6	1	1	UBERON:0001866	sebum	1.00	1
Host-associated > Mammals: Human > Integumentary system > Skin > Cutaneous leishmaniasis	broad	1	1	1	ENVO:01001000	environmental system determined by an organism	1.00	1
Host-associated > Mammals: Human > Integumentary system > Skin > Cutaneous leishmaniasis	local	1	1	1	UBERON:0002097	skin of body	1.00	1
Host-associated > Mammals: Human > Integumentary system > Skin > Cutaneous leishmaniasis	medium	1	1	1	ENVO:2100003	skin environment	1.00	1
Host-associated > Mammals: Human > Integumentary system > Skin > Lesion	broad	1	1	1	ENVO:01000219	anthropogenic terrestrial biome	1.00	1
Host-associated > Mammals: Human > Integumentary system > Skin > Lesion	local	1	1	1	UBERON:0002097	skin of body	1.00	1
Host-associated > Mammals: Human > Integumentary system > Skin > Lesion	medium	1	1	1	ENVO:2100003	skin environment	1.00	1
Host-associated > Mammals: Human > Lymphatic system > Lymph nodes > Cervical/Neck nodes	broad	1	1	1	ENVO:01001000	environmental system determined by an organism	1.00	1
Host-associated > Mammals: Human > Lymphatic system > Lymph nodes > Cervical/Neck nodes	local	1	1	1	UBERON:0000029	lymph node	1.00	1
Host-associated > Mammals: Human > Lymphatic system > Lymph nodes > Cervical/Neck nodes	medium	1	1	1	UBERON:0006314	bodily fluid	1.00	1
Host-associated > Mammals: Human > Malignant tumor > Carcinoma > Oral cavity cancer	broad	1	1	1	ENVO:01001000	environmental system determined by an organism	1.00	1
Host-associated > Mammals: Human > Malignant tumor > Carcinoma > Oral cavity cancer	local	1	1	1	UBERON:0000165	mouth	1.00	1
Host-associated > Mammals: Human > Malignant tumor > Carcinoma > Oral cavity cancer	medium	1	1	1	GSSO:005263	neoplasm	1.00	1
Host-associated > Mammals: Human > Malignant tumor > Carcinoma > Testicular cancer	broad	1	1	1	ENVO:01001000	environmental system determined by an organism	1.00	1
Host-associated > Mammals: Human > Malignant tumor > Carcinoma > Testicular cancer	local	1	1	1	UBERON:0000473	testis	1.00	1
Host-associated > Mammals: Human > Malignant tumor > Carcinoma > Testicular cancer	medium	1	1	1	ENVO:02000007	tissue culture	1.00	1
Host-associated > Mammals: Human > Malignant tumor > Lymphoma > Lymphoblastic lymphoma	broad	1	1	1	ENVO:01001000	environmental system determined by an organism	1.00	1
Host-associated > Mammals: Human > Malignant tumor > Lymphoma > Lymphoblastic lymphoma	local	1	1	1	UBERON:0000029	lymph node	1.00	1
Host-associated > Mammals: Human > Malignant tumor > Lymphoma > Lymphoblastic lymphoma	medium	1	1	1	ENVO:02000008	cell culture	1.00	1
Host-associated > Mammals: Human > Malignant tumor > Lymphoma > Mycosis fungoides/Cutaneous T-cell lymphoma	broad	1	1	1	ENVO:01000219	anthropogenic terrestrial biome	1.00	1
Host-associated > Mammals: Human > Malignant tumor > Lymphoma > Mycosis fungoides/Cutaneous T-cell lymphoma	local	1	1	1	ENVO:01001000	environmental system determined by an organism	1.00	1
Host-associated > Mammals: Human > Malignant tumor > Lymphoma > Mycosis fungoides/Cutaneous T-cell lymphoma	medium	1	1	1	UBERON:0002097	skin of body	1.00	1
Host-associated > Mammals: Human > Malignant tumor > Myeloma > Multiple myeloma	broad	1	1	1	ENVO:01000313	anthropogenic environment	1.00	1
Host-associated > Mammals: Human > Malignant tumor > Myeloma > Multiple myeloma	local	1	1	1	ENVO:01001406	laboratory facility	1.00	1
Host-associated > Mammals: Human > Malignant tumor > Myeloma > Multiple myeloma	medium	1	1	1	ENVO:02000008	cell culture	1.00	1
Host-associated > Mammals: Human > Multisystem conditions > Diabetic foot ulcer (DFU) > Lesion site	broad	1	1	1	ENVO:01001000	environmental system determined by an organism	1.00	1
Host-associated > Mammals: Human > Multisystem conditions > Diabetic foot ulcer (DFU) > Lesion site	local	1	1	1	UBERON:0002097	skin of body	1.00	1
Host-associated > Mammals: Human > Multisystem conditions > Diabetic foot ulcer (DFU) > Lesion site	medium	1	1	1	ENVO:01001031	environment determined by a plant substance	1.00	1
Host-associated > Mammals: Human > Multisystem conditions > Necrotizing soft tissue infections (NSTI) > Necrotizing lesion	broad	1	1	1	ENVO:01001000	environmental system determined by an organism	1.00	1
Host-associated > Mammals: Human > Multisystem conditions > Necrotizing soft tissue infections (NSTI) > Necrotizing lesion	local	1	1	1	UBERON:0034929	external soft tissue zone	1.00	1
Host-associated > Mammals: Human > Multisystem conditions > Necrotizing soft tissue infections (NSTI) > Necrotizing lesion	medium	1	1	1	ENVO:02000007	tissue culture	1.00	1
Host-associated > Mammals: Human > Nervous system > Subarachnoid space > Cerebrospinal fluid	broad	1	1	1	ENVO:01001000	environmental system determined by an organism	1.00	1
Host-associated > Mammals: Human > Nervous system > Subarachnoid space > Cerebrospinal fluid	local	1	1	1	UBERON:0000315	subarachnoid space	1.00	1
Host-associated > Mammals: Human > Nervous system > Subarachnoid space > Cerebrospinal fluid	medium	1	1	1	UBERON:0001359	cerebrospinal fluid	1.00	1
Host-associated > Mammals: Human > Remains > Fossilized remains > Paleofeces	broad	1	1	1	ENVO:01000219	anthropogenic terrestrial biome	1.00	1
Host-associated > Mammals: Human > Remains > Fossilized remains > Paleofeces	local	1	1	1	ENVO:00002164	fossil	1.00	1
Host-associated > Mammals: Human > Remains > Fossilized remains > Paleofeces	medium	1	1	1	UBERON:0001988	feces	1.00	1
Host-associated > Mammals: Human > Remains > Mummified remains > Small intestine content	broad	1	1	1	ENVO:01000313	anthropogenic environment	1.00	1
Host-associated > Mammals: Human > Remains > Mummified remains > Small intestine content	local	1	1	1	UBERON:0002108	small intestine	1.00	1
Host-associated > Mammals: Human > Remains > Mummified remains > Small intestine content	medium	1	1	1	ENVO:00002164	fossil	1.00	1
Host-associated > Mammals: Human > Remains > Skeletonized remains > Bone	broad	1	1	1	ENVO:01000219	anthropogenic terrestrial biome	1.00	1
Host-associated > Mammals: Human > Remains > Skeletonized remains > Bone	local	1	1	1	ENVO:00002164	fossil	1.00	1
Host-associated > Mammals: Human > Remains > Skeletonized remains > Bone	medium	1	1	1	UBERON:0001474	bone element	1.00	1
Host-associated > Mammals: Human > Reproductive system > External organs > Penis	broad	1	1	1	ENVO:01001000	environmental system determined by an organism	1.00	1
Host-associated > Mammals: Human > Reproductive system > External organs > Penis	local	1	1	1	UBERON:0000989	penis	1.00	1
Host-associated > Mammals: Human > Reproductive system > External organs > Penis	medium	1	1	1	ENVO:2100003	skin environment	1.00	1
Host-associated > Mammals: Human > Reproductive system > Uterus > Cervix	broad	1	1	1	ENVO:01001000	environmental system determined by an organism	1.00	1
Host-associated > Mammals: Human > Reproductive system > Uterus > Cervix	local	1	1	1	UBERON:0000002	uterine cervix	1.00	1
Host-associated > Mammals: Human > Reproductive system > Uterus > Cervix	medium	1	1	1	UBERON:0000316	cervical mucus	1.00	1
Host-associated > Mammals: Human > Respiratory system > Lung > Alveoli	broad	1	1	1	ENVO:01001002	animal-associated environment	1.00	1
Host-associated > Mammals: Human > Respiratory system > Lung > Alveoli	local	1	1	1	UBERON:0002299	alveolus of lung	1.00	1
Host-associated > Mammals: Human > Respiratory system > Lung > Alveoli	medium	1	1	1	ENVO:01000134	hydrothermal fluid	1.00	1
Host-associated > Mammals: Human > Skeletal system > Bone > Scull: Ethmoid	broad	1	1	1	ENVO:01000219	anthropogenic terrestrial biome	1.00	1
Host-associated > Mammals: Human > Skeletal system > Bone > Scull: Ethmoid	local	1	1	1	UBERON:0001676	occipital bone	1.00	1
Host-associated > Mammals: Human > Skeletal system > Bone > Scull: Ethmoid	medium	1	1	1	UBERON:0002481	bone tissue	1.00	1
Host-associated > Mammals: Human > Skeletal system > Periprosthetic joint > Sonicate fluid	broad	1	1	1	ENVO:01000313	anthropogenic environment	1.00	1
Host-associated > Mammals: Human > Skeletal system > Periprosthetic joint > Sonicate fluid	local	1	1	1	UBERON:0000982	skeletal joint	1.00	1
Host-associated > Mammals: Human > Skeletal system > Periprosthetic joint > Sonicate fluid	medium	1	1	1	UBERON:0006314	bodily fluid	1.00	1
Host-associated > Mammals: Human > Visual system > Eye: Ciliary body > Intraocular fluid/Aqueous humor	broad	7	1	1	ENVO:01000313	anthropogenic environment	1.00	1
Host-associated > Mammals: Human > Visual system > Eye: Ciliary body > Intraocular fluid/Aqueous humor	local	7	1	1	UBERON:0001775	ciliary body	1.00	1
Host-associated > Mammals: Human > Visual system > Eye: Ciliary body > Intraocular fluid/Aqueous humor	medium	7	1	1	UBERON:0001796	aqueous humor of eyeball	1.00	1
Host-associated > Microbial > Bacteria	broad	4	3	3	ENVO:01000313	anthropogenic environment	0.50	2
Host-associated > Microbial > Bacteria	local	4	3	4	MCO:0000882	rich medium	0.25	1
Host-associated > Microbial > Bacteria	medium	4	3	4	MICRO:0001240	whole milk medium ingredient	0.25	1
Host-associated > Mollusca > Bivalves	broad	2	1	1	ENVO:00000447	marine biome	1.00	1
Host-associated > Mollusca > Bivalves	local	2	1	1	ENVO:01001002	animal-associated environment	1.00	1
Host-associated > Mollusca > Bivalves	medium	2	1	1	ENVO:01000155	organic material	1.00	1
Host-associated > Mollusca > Digestive system > Gut	broad	7	1	1	ENVO:00000447	marine biome	1.00	1
Host-associated > Mollusca > Digestive system > Gut	local	7	1	1	ENVO:01001002	animal-associated environment	1.00	1
Host-associated > Mollusca > Digestive system > Gut	medium	7	1	2	ENVO:00002003	fecal material	0.71	1
Host-associated > Mollusca > Respiratory system > Gills	broad	2	1	1	ENVO:00000447	marine biome	1.00	1
Host-associated > Mollusca > Respiratory system > Gills	local	2	1	1	ENVO:01001002	animal-associated environment	1.00	1
Host-associated > Mollusca > Respiratory system > Gills	medium	2	1	1	ENVO:01000155	organic material	1.00	1
Host-associated > Mollusca > Respiratory system > Gills > Intracellular	broad	1	1	1	ENVO:01000030	marine hydrothermal vent biome	1.00	1
Host-associated > Mollusca > Respiratory system > Gills > Intracellular	local	1	1	1	ENVO:01001176	environment associated with an aquatic invertebrate	1.00	1
Host-associated > Mollusca > Respiratory system > Gills > Intracellular	medium	1	1	1	UBERON:0002535	gill	1.00	1
Host-associated > Mollusca > Respiratory system > Gills > Tissue	broad	1	1	1	ENVO:01000030	marine hydrothermal vent biome	1.00	1
Host-associated > Mollusca > Respiratory system > Gills > Tissue	local	1	1	1	ENVO:00000215	hydrothermal vent	1.00	1
Host-associated > Mollusca > Respiratory system > Gills > Tissue	medium	1	1	1	UBERON:0002535	gill	1.00	1
Host-associated > Mollusca > Shell	broad	1	1	1	ENVO:01001002	animal-associated environment	1.00	1
Host-associated > Mollusca > Shell	local	1	1	1	ENVO:01001176	environment associated with an aquatic invertebrate	1.00	1
Host-associated > Mollusca > Shell	medium	1	1	1	UBERON:0002365	exocrine gland	1.00	1
Host-associated > Mollusca > Tissue	broad	4	1	1	ENVO:00000447	marine biome	1.00	1
Host-associated > Mollusca > Tissue	local	4	1	1	ENVO:01001002	animal-associated environment	1.00	1
Host-associated > Mollusca > Tissue	medium	4	1	3	ENVO:00002040	wood	0.50	1
Host-associated > Plants > Mixed parts	broad	1	1	1	ENVO:01000313	anthropogenic environment	1.00	1
Host-associated > Plants > Mixed parts	local	1	1	1	ENVO:01001057	environment associated with a plant part or small plant	1.00	1
Host-associated > Plants > Mixed parts	medium	1	1	1	ENVO:01001001	plant-associated environment	1.00	1
Host-associated > Plants > Phyllosphere	broad	1	1	1	ENVO:01001001	plant-associated environment	1.00	1
Host-associated > Plants > Phyllosphere	local	1	1	1	PO:0009011	plant structure	1.00	1
Host-associated > Plants > Phyllosphere	medium	1	1	1	PO:0008037	seedling	1.00	1
Host-associated > Plants > Phyllosphere > Caulosphere > Bark	broad	1	1	1	ENVO:01000245	cropland biome	1.00	1
Host-associated > Plants > Phyllosphere > Caulosphere > Bark	local	1	1	1	NCBITaxon:662107	phyllosphere metagenome	1.00	1
Host-associated > Plants > Phyllosphere > Caulosphere > Bark	medium	1	1	1	PO:0004518	bark	1.00	1
Host-associated > Plants > Phyllosphere > Phylloplane/Leaf	broad	19	3	1	ENVO:01001001	plant-associated environment	1.00	3
Host-associated > Plants > Phyllosphere > Phylloplane/Leaf	local	19	3	3	PO:0009011	plant structure	0.89	1
Host-associated > Plants > Phyllosphere > Phylloplane/Leaf	medium	19	3	3	PO:0025034	leaf	0.89	1
Host-associated > Plants > Pitcher > Phytotelma	broad	15	1	4	ENVO:01000215	temperate shrubland biome	0.40	1
Host-associated > Plants > Pitcher > Phytotelma	local	15	1	2	ENVO:01001209	wetland ecosystem	0.60	1
Host-associated > Plants > Pitcher > Phytotelma	medium	15	1	2	ENVO:01000155	organic material	0.60	1
Host-associated > Plants > Rhizome > Stem tuber > Soil	broad	1	1	1	ENVO:00000115	orchard	1.00	1
Host-associated > Plants > Rhizome > Stem tuber > Soil	local	1	1	1	ENVO:00005801	rhizosphere	1.00	1
Host-associated > Plants > Rhizome > Stem tuber > Soil	medium	1	1	1	ENVO:00001998	soil	1.00	1
Host-associated > Plants > Roots	broad	19	5	4	ENVO:00000446	terrestrial biome	0.84	2
Host-associated > Plants > Roots	local	19	5	4	PO:0025025	root system	0.68	1
Host-associated > Plants > Roots	medium	19	5	4	PO:0009005	root	0.74	2
Host-associated > Plants > Roots > Endosphere	broad	133	2	1	ENVO:00000446	terrestrial biome	1.00	2
Host-associated > Plants > Roots > Endosphere	local	133	2	2	ENVO:01001057	environment associated with a plant part or small plant	0.76	1
Host-associated > Plants > Roots > Endosphere	medium	133	2	2	ENVO:01000349	root matter	0.76	1
Host-associated > Plants > Roots > Rhizoplane > Endophytes	broad	7	1	1	ENVO:00000446	terrestrial biome	1.00	1
Host-associated > Plants > Roots > Rhizoplane > Endophytes	local	7	1	1	PO:0025025	root system	1.00	1
Host-associated > Plants > Roots > Rhizoplane > Endophytes	medium	7	1	2	ENVO:01001181	rhizoplane	0.57	1
Host-associated > Plants > Roots > Rhizosphere	broad	5480	25	2	ENVO:00000446	terrestrial biome	1.00	24
Host-associated > Plants > Roots > Rhizosphere	local	5480	25	3	ENVO:00005801	rhizosphere	0.97	22
Host-associated > Plants > Roots > Rhizosphere	medium	5480	25	3	ENVO:00001998	soil	0.96	20
Host-associated > Plants > Roots > Rhizosphere > Soil	broad	2920	84	4	ENVO:00000446	terrestrial biome	0.93	82
Host-associated > Plants > Roots > Rhizosphere > Soil	local	2920	84	2	ENVO:00005801	rhizosphere	0.94	83
Host-associated > Plants > Roots > Rhizosphere > Soil	medium	2920	84	4	ENVO:00001998	soil	0.90	82
Host-associated > Plants > Seeds	broad	1	1	1	ENVO:01001001	plant-associated environment	1.00	1
Host-associated > Plants > Seeds	local	1	1	1	PO:0009011	plant structure	1.00	1
Host-associated > Plants > Seeds	medium	1	1	1	PO:0009010	seed	1.00	1
Host-associated > Porifera > Sponge > Tissue	broad	57	1	2	ENVO:01000049	marine coral reef biome	0.89	1
Host-associated > Porifera > Sponge > Tissue	local	57	1	1	ENVO:00000426	ocean floor	1.00	1
Host-associated > Porifera > Sponge > Tissue	medium	57	1	1	ENVO:01000155	organic material	1.00	1
Host-associated > Protists > Amoebozoa	broad	8	1	1	ENVO:00000447	marine biome	1.00	1
Host-associated > Protists > Amoebozoa	local	8	1	1	ENVO:02000049	coastal water body	1.00	1
Host-associated > Protists > Amoebozoa	medium	8	1	1	ENVO:00002150	coastal sea water	1.00	1
Host-associated > Protists > Ciliates	broad	30	1	1	ENVO:01000024	marine benthic biome	1.00	1
Host-associated > Protists > Ciliates	local	30	1	1	ENVO:01000105	marine benthic feature	1.00	1
Host-associated > Protists > Ciliates	medium	30	1	1	ENVO:03000033	marine sediment	1.00	1
Host-associated > Protists > Nanoflagellates > Heterotrophic (HNF)	broad	3	1	1	ENVO:00000447	marine biome	1.00	1
Host-associated > Protists > Nanoflagellates > Heterotrophic (HNF)	local	3	1	1	ENVO:02000049	coastal water body	1.00	1
Host-associated > Protists > Nanoflagellates > Heterotrophic (HNF)	medium	3	1	1	ENVO:00002150	coastal sea water	1.00	1
Host-associated > Protozoa > Myzozoa	broad	1	1	1	ENVO:01001000	environmental system determined by an organism	1.00	1
Host-associated > Protozoa > Myzozoa	local	1	1	1	OBI:0000079	culture medium	1.00	1
Host-associated > Protozoa > Myzozoa	medium	1	1	1	ENVO:00000447	marine biome	1.00	1
Host-associated > Reptilia > Digestive system > Large intestine > Fecal	broad	31	3	1	ENVO:01000249	urban biome	1.00	3
Host-associated > Reptilia > Digestive system > Large intestine > Fecal	local	31	3	1	ENVO:01001002	animal-associated environment	1.00	3
Host-associated > Reptilia > Digestive system > Large intestine > Fecal	medium	31	3	1	ENVO:00002003	fecal material	1.00	3
Host-associated > Reptilia > Digestive system > Oral cavity > Saliva	broad	41	1	1	ENVO:01001000	environmental system determined by an organism	1.00	1
Host-associated > Reptilia > Digestive system > Oral cavity > Saliva	local	41	1	1	UBERON:0000165	mouth	1.00	1
Host-associated > Reptilia > Digestive system > Oral cavity > Saliva	medium	41	1	1	UBERON:0001836	saliva	1.00	1
