canonical_path	ecosystem	ecosystem_category	ecosystem_type	ecosystem_subtype	specific_ecosystem	leaf_label	depth	gold_node_count	organism_count	study_count	biosample_count	total_assertions	gold_node_ids
Host-associated > Mammals: Human	Host-associated	Mammals: Human				Mammals: Human	2	4	40432	0	0	40432	gold.ecosystem:3381|gold.ecosystem:3593|gold.ecosystem:3699|gold.ecosystem:4138
Environmental > Terrestrial > Soil	Environmental	Terrestrial	Soil			Soil	3	3	26399	0	0	26399	gold.ecosystem:3496|gold.ecosystem:3810|gold.ecosystem:4212
Host-associated > Mammals: Human > Digestive system > Large intestine > Fecal	Host-associated	Mammals: Human	Digestive system	Large intestine	Fecal	Fecal	5	1	13744	0	0	13744	gold.ecosystem:3920
Host-associated > Plants	Host-associated	Plants				Plants	2	4	12638	0	0	12638	gold.ecosystem:3385|gold.ecosystem:3605|gold.ecosystem:3723|gold.ecosystem:3938
Environmental > Terrestrial	Environmental	Terrestrial				Terrestrial	2	4	9030	0	0	9030	gold.ecosystem:2882|gold.ecosystem:3493|gold.ecosystem:3805|gold.ecosystem:4198
Host-associated > Mammals: Human > Circulatory system > Blood	Host-associated	Mammals: Human	Circulatory system	Blood		Blood	4	2	7375	0	0	7375	gold.ecosystem:3693|gold.ecosystem:3932
Environmental > Aquatic > Marine	Environmental	Aquatic	Marine			Marine	3	3	6420	0	0	6420	gold.ecosystem:3487|gold.ecosystem:3768|gold.ecosystem:4003
Host-associated > Mammals	Host-associated	Mammals				Mammals	2	4	6104	0	0	6104	gold.ecosystem:3379|gold.ecosystem:3579|gold.ecosystem:3669|gold.ecosystem:4118
Host-associated > Mammals: Human > Respiratory system > Pharynx/Throat > Nasopharynx	Host-associated	Mammals: Human	Respiratory system	Pharynx/Throat	Nasopharynx	Nasopharynx	5	1	5080	0	0	5080	gold.ecosystem:6103
Environmental > Terrestrial > Soil > Garden	Environmental	Terrestrial	Soil	Garden		Garden	4	2	5014	0	0	5014	gold.ecosystem:5773|gold.ecosystem:5774
Host-associated > Mammals > Digestive system > Foregut > Rumen	Host-associated	Mammals	Digestive system	Foregut	Rumen	Rumen	5	1	4989	0	0	4989	gold.ecosystem:7512
Host-associated > Mammals: Human > Respiratory system > Sputum/Phlegm	Host-associated	Mammals: Human	Respiratory system	Sputum/Phlegm		Sputum/Phlegm	4	2	4968	0	0	4968	gold.ecosystem:5008|gold.ecosystem:5009
Environmental > Aquatic > Marine > Pelagic zone	Environmental	Aquatic	Marine	Pelagic zone		Pelagic zone	4	2	4877	0	0	4877	gold.ecosystem:3771|gold.ecosystem:4021
Host-associated > Mammals > Digestive system > Large intestine > Fecal	Host-associated	Mammals	Digestive system	Large intestine	Fecal	Fecal	5	1	4785	0	0	4785	gold.ecosystem:4104
Engineered > Food production	Engineered	Food production				Food production	2	4	4402	0	0	4402	gold.ecosystem:2885|gold.ecosystem:3502|gold.ecosystem:3823|gold.ecosystem:4250
Environmental > Aquatic	Environmental	Aquatic				Aquatic	2	4	4203	0	0	4203	gold.ecosystem:2881|gold.ecosystem:3483|gold.ecosystem:3757|gold.ecosystem:3984
Host-associated	Host-associated					Host-associated	1	5	3307	0	0	3307	gold.ecosystem:3373|gold.ecosystem:3562|gold.ecosystem:3641|gold.ecosystem:4|gold.ecosystem:4086
Host-associated > Microbial > Bacteria	Host-associated	Microbial	Bacteria			Bacteria	3	3	3017	0	0	3017	gold.ecosystem:3540|gold.ecosystem:3880|gold.ecosystem:4318
Host-associated > Plants > Roots	Host-associated	Plants	Roots			Roots	3	3	2809	0	0	2809	gold.ecosystem:4464|gold.ecosystem:4465|gold.ecosystem:4466
Host-associated > Mammals: Human > Respiratory system	Host-associated	Mammals: Human	Respiratory system			Respiratory system	3	3	2496	0	0	2496	gold.ecosystem:3592|gold.ecosystem:3698|gold.ecosystem:4137
Host-associated > Mammals: Human > Urinary system > Urine	Host-associated	Mammals: Human	Urinary system	Urine		Urine	4	2	2290	0	0	2290	gold.ecosystem:6123|gold.ecosystem:6124
Environmental > Aquatic > Freshwater	Environmental	Aquatic	Freshwater			Freshwater	3	3	2055	0	0	2055	gold.ecosystem:3488|gold.ecosystem:3786|gold.ecosystem:4159
Engineered > Food production > Meat products	Engineered	Food production	Meat products			Meat products	3	3	1916	0	0	1916	gold.ecosystem:4486|gold.ecosystem:4487|gold.ecosystem:4488
Host-associated > Birds	Host-associated	Birds				Birds	2	4	1848	0	0	1848	gold.ecosystem:3382|gold.ecosystem:3599|gold.ecosystem:3714|gold.ecosystem:4154
Host-associated > Arthropoda: Insects	Host-associated	Arthropoda: Insects				Arthropoda: Insects	2	4	1833	0	0	1833	gold.ecosystem:7073|gold.ecosystem:7181|gold.ecosystem:7182|gold.ecosystem:7183
Environmental > Aquatic > Marine > Coastal	Environmental	Aquatic	Marine	Coastal		Coastal	4	2	1718	0	0	1718	gold.ecosystem:3780|gold.ecosystem:4044
Engineered > Laboratory developed > Genetically modified	Engineered	Laboratory developed	Genetically modified			Genetically modified	3	3	1704	0	0	1704	gold.ecosystem:4386|gold.ecosystem:4725|gold.ecosystem:4726
Host-associated > Plants > Phyllosphere > Phylloplane/Leaf	Host-associated	Plants	Phyllosphere	Phylloplane/Leaf		Phylloplane/Leaf	4	2	1448	0	0	1448	gold.ecosystem:5267|gold.ecosystem:5269
Host-associated > Mammals: Human > Digestive system	Host-associated	Mammals: Human	Digestive system			Digestive system	3	3	1443	0	0	1443	gold.ecosystem:3587|gold.ecosystem:3682|gold.ecosystem:3919
Host-associated > Plants > Roots > Nodule	Host-associated	Plants	Roots	Nodule		Nodule	4	2	1422	0	0	1422	gold.ecosystem:4522|gold.ecosystem:4523
Environmental > Aquatic > Marine > Oceanic	Environmental	Aquatic	Marine	Oceanic		Oceanic	4	2	1395	0	0	1395	gold.ecosystem:3769|gold.ecosystem:4008
Host-associated > Fish	Host-associated	Fish				Fish	2	4	1350	0	0	1350	gold.ecosystem:3375|gold.ecosystem:3569|gold.ecosystem:3651|gold.ecosystem:4095
Engineered > Food production > Dairy products	Engineered	Food production	Dairy products			Dairy products	3	3	1319	0	0	1319	gold.ecosystem:3505|gold.ecosystem:3826|gold.ecosystem:4253
Environmental	Environmental					Environmental	1	5	1285	0	0	1285	gold.ecosystem:2880|gold.ecosystem:3|gold.ecosystem:3480|gold.ecosystem:3749|gold.ecosystem:3964
Environmental > Terrestrial > Deep subsurface > Rock core/Sediment	Environmental	Terrestrial	Deep subsurface	Rock core/Sediment		Rock core/Sediment	4	2	1245	0	0	1245	gold.ecosystem:7699|gold.ecosystem:7700
Host-associated > Birds > Digestive system > Large intestine > Fecal	Host-associated	Birds	Digestive system	Large intestine	Fecal	Fecal	5	1	1229	0	0	1229	gold.ecosystem:4957
Engineered > Wastewater	Engineered	Wastewater				Wastewater	2	4	1140	0	0	1140	gold.ecosystem:2886|gold.ecosystem:3508|gold.ecosystem:3833|gold.ecosystem:4264
Environmental > Aquatic > Marine > Sediment	Environmental	Aquatic	Marine	Sediment		Sediment	4	2	1035	0	0	1035	gold.ecosystem:4563|gold.ecosystem:4564
Host-associated > Mammals: Human > Digestive system > Oral cavity	Host-associated	Mammals: Human	Digestive system	Oral cavity		Oral cavity	4	2	1032	0	0	1032	gold.ecosystem:3681|gold.ecosystem:3912
Host-associated > Plants > Roots > Rhizosphere	Host-associated	Plants	Roots	Rhizosphere		Rhizosphere	4	2	1008	0	0	1008	gold.ecosystem:5300|gold.ecosystem:5301
Environmental > Aquatic > Freshwater > Lake	Environmental	Aquatic	Freshwater	Lake		Lake	4	2	1002	0	0	1002	gold.ecosystem:3792|gold.ecosystem:4179
Engineered > Built environment > International Space Station	Engineered	Built environment	International Space Station			International Space Station	3	3	937	0	0	937	gold.ecosystem:4657|gold.ecosystem:4658|gold.ecosystem:4659
Environmental > Aquatic > Marine > Oceanic > Sediment	Environmental	Aquatic	Marine	Oceanic	Sediment	Sediment	5	1	929	0	0	929	gold.ecosystem:4009
Host-associated > Mammals: Human > Digestive system > Stomach	Host-associated	Mammals: Human	Digestive system	Stomach		Stomach	4	2	886	0	0	886	gold.ecosystem:5078|gold.ecosystem:5080
Host-associated > Plants > Phyllosphere > Phylloplane/Leaf surface	Host-associated	Plants	Phyllosphere	Phylloplane/Leaf surface		Phylloplane/Leaf surface	4	2	843	0	0	843	gold.ecosystem:5260|gold.ecosystem:5263
Engineered > Wastewater > Activated Sludge	Engineered	Wastewater	Activated Sludge			Activated Sludge	3	3	789	0	0	789	gold.ecosystem:3506|gold.ecosystem:3827|gold.ecosystem:4254
Host-associated > Mollusca	Host-associated	Mollusca				Mollusca	2	4	784	0	0	784	gold.ecosystem:3368|gold.ecosystem:3544|gold.ecosystem:3886|gold.ecosystem:4324
Host-associated > Mammals: Human > Integumentary system > Skin	Host-associated	Mammals: Human	Integumentary system	Skin		Skin	4	2	754	0	0	754	gold.ecosystem:6114|gold.ecosystem:6116
Environmental > Aquatic > Thermal springs	Environmental	Aquatic	Thermal springs			Thermal springs	3	3	744	0	0	744	gold.ecosystem:3485|gold.ecosystem:3761|gold.ecosystem:3991
Host-associated > Arthropoda: Insects > Digestive system > Gut	Host-associated	Arthropoda: Insects	Digestive system	Gut		Gut	4	2	742	0	0	742	gold.ecosystem:7156|gold.ecosystem:7157
Environmental > Aquatic > Freshwater > Pond	Environmental	Aquatic	Freshwater	Pond		Pond	4	2	729	0	0	729	gold.ecosystem:3793|gold.ecosystem:4380
Environmental > Terrestrial > Soil > Greenhouse	Environmental	Terrestrial	Soil	Greenhouse		Greenhouse	4	2	698	0	0	698	gold.ecosystem:5769|gold.ecosystem:5777
Host-associated > Mammals > Digestive system	Host-associated	Mammals	Digestive system			Digestive system	3	3	681	0	0	681	gold.ecosystem:3575|gold.ecosystem:3661|gold.ecosystem:4107
Host-associated > Mammals > Integumentary system > Mammary gland > Milk	Host-associated	Mammals	Integumentary system	Mammary gland	Milk	Milk	5	1	650	0	0	650	gold.ecosystem:6365
Engineered > Food production > Fermented beverages	Engineered	Food production	Fermented beverages			Fermented beverages	3	3	645	0	0	645	gold.ecosystem:3504|gold.ecosystem:3825|gold.ecosystem:4252
Host-associated > Fungi	Host-associated	Fungi				Fungi	2	4	635	0	0	635	gold.ecosystem:3376|gold.ecosystem:3572|gold.ecosystem:3654|gold.ecosystem:4098
Host-associated > Invertebrates	Host-associated	Invertebrates				Invertebrates	2	4	621	0	0	621	gold.ecosystem:3374|gold.ecosystem:4752|gold.ecosystem:4753|gold.ecosystem:4754
Host-associated > Plants > Roots > Rhizosphere > Soil	Host-associated	Plants	Roots	Rhizosphere	Soil	Soil	5	1	614	0	0	614	gold.ecosystem:5302
Engineered > Bioreactor	Engineered	Bioreactor				Bioreactor	2	4	604	0	0	604	gold.ecosystem:2889|gold.ecosystem:3516|gold.ecosystem:3848|gold.ecosystem:4280
Host-associated > Mammals: Human > Digestive system > Large intestine > Rectum	Host-associated	Mammals: Human	Digestive system	Large intestine	Rectum	Rectum	5	1	602	0	0	602	gold.ecosystem:5030
Host-associated > Arthropoda: Crustaceans	Host-associated	Arthropoda: Crustaceans				Arthropoda: Crustaceans	2	4	598	0	0	598	gold.ecosystem:7210|gold.ecosystem:7211|gold.ecosystem:7212|gold.ecosystem:7213
Engineered > Food production > Dairy products > Fermented dairy products > Cheese	Engineered	Food production	Dairy products	Fermented dairy products	Cheese	Cheese	5	1	582	0	0	582	gold.ecosystem:5509
Environmental > Aquatic > Marine > Hydrothermal vents	Environmental	Aquatic	Marine	Hydrothermal vents		Hydrothermal vents	4	2	581	0	0	581	gold.ecosystem:3776|gold.ecosystem:4027
Host-associated > Arthropoda: Myriapoda	Host-associated	Arthropoda: Myriapoda				Arthropoda: Myriapoda	2	4	569	0	0	569	gold.ecosystem:3369|gold.ecosystem:3549|gold.ecosystem:3632|gold.ecosystem:3901
Host-associated > Plants > Seeds	Host-associated	Plants	Seeds			Seeds	3	3	569	0	0	569	gold.ecosystem:4570|gold.ecosystem:4571|gold.ecosystem:4572
Engineered > Built environment > Hospital	Engineered	Built environment	Hospital			Hospital	3	3	551	0	0	551	gold.ecosystem:4492|gold.ecosystem:4493|gold.ecosystem:4494
Engineered > Lab synthesis	Engineered	Lab synthesis				Lab synthesis	2	4	549	0	0	549	gold.ecosystem:2883|gold.ecosystem:3498|gold.ecosystem:3820|gold.ecosystem:4247
Environmental > Aquatic > Freshwater > River	Environmental	Aquatic	Freshwater	River		River	4	2	521	0	0	521	gold.ecosystem:4511|gold.ecosystem:4512
Environmental > Aquatic > Thermal springs > Hot (42-90C)	Environmental	Aquatic	Thermal springs	Hot (42-90C)		Hot (42-90C)	4	2	518	0	0	518	gold.ecosystem:3764|gold.ecosystem:3992
Host-associated > Mammals: Human > Reproductive system > Vagina	Host-associated	Mammals: Human	Reproductive system	Vagina		Vagina	4	2	475	0	0	475	gold.ecosystem:3700|gold.ecosystem:4140
Engineered > Wastewater > Sewage	Engineered	Wastewater	Sewage			Sewage	3	3	467	0	0	467	gold.ecosystem:4660|gold.ecosystem:4661|gold.ecosystem:4662
Host-associated > Microbial	Host-associated	Microbial				Microbial	2	4	465	0	0	465	gold.ecosystem:3366|gold.ecosystem:3539|gold.ecosystem:3879|gold.ecosystem:4317
Host-associated > Mammals > Digestive system > Stomach > Rumen	Host-associated	Mammals	Digestive system	Stomach	Rumen	Rumen	5	1	450	0	0	450	gold.ecosystem:4111
Environmental > Terrestrial > Soil > Forest	Environmental	Terrestrial	Soil	Forest		Forest	4	2	433	0	0	433	gold.ecosystem:5864|gold.ecosystem:7290
Host-associated > Birds > Digestive system > Large intestine > Ceca	Host-associated	Birds	Digestive system	Large intestine	Ceca	Ceca	5	1	407	0	0	407	gold.ecosystem:6885
Host-associated > Mammals > Integumentary system > Mammary gland	Host-associated	Mammals	Integumentary system	Mammary gland		Mammary gland	4	2	400	0	0	400	gold.ecosystem:6363|gold.ecosystem:6364
Environmental > Air	Environmental	Air				Air	2	4	397	0	0	397	gold.ecosystem:2879|gold.ecosystem:3479|gold.ecosystem:3748|gold.ecosystem:3963
Host-associated > Algae	Host-associated	Algae				Algae	2	4	394	0	0	394	gold.ecosystem:3387|gold.ecosystem:3618|gold.ecosystem:3742|gold.ecosystem:3957
Environmental > Aquatic > Freshwater > Lentic	Environmental	Aquatic	Freshwater	Lentic		Lentic	4	2	388	0	0	388	gold.ecosystem:3791|gold.ecosystem:4174
Host-associated > Invertebrates > Cnidaria > Coral	Host-associated	Invertebrates	Cnidaria	Coral		Coral	4	2	382	0	0	382	gold.ecosystem:3643|gold.ecosystem:4088
Engineered > Food production > Bread production	Engineered	Food production	Bread production			Bread production	3	3	380	0	0	380	gold.ecosystem:5282|gold.ecosystem:5283|gold.ecosystem:5284
Host-associated > Plants > Nodule	Host-associated	Plants	Nodule			Nodule	3	3	369	0	0	369	gold.ecosystem:4448|gold.ecosystem:4449|gold.ecosystem:4450
Environmental > Terrestrial > Soil > Unclassified > Agricultural land	Environmental	Terrestrial	Soil		Agricultural land	Agricultural land	5	1	364	0	0	364	gold.ecosystem:4213
Host-associated > Mammals: Human > Respiratory system > Pharynx/Throat	Host-associated	Mammals: Human	Respiratory system	Pharynx/Throat		Pharynx/Throat	4	2	334	0	0	334	gold.ecosystem:5006|gold.ecosystem:5007
Environmental > Aquatic > Freshwater > Groundwater	Environmental	Aquatic	Freshwater	Groundwater		Groundwater	4	2	328	0	0	328	gold.ecosystem:3788|gold.ecosystem:4165
Environmental > Aquatic > Marine > Inlet	Environmental	Aquatic	Marine	Inlet		Inlet	4	2	326	0	0	326	gold.ecosystem:4573|gold.ecosystem:4574
Host-associated > Mammals > Respiratory system > Lung	Host-associated	Mammals	Respiratory system	Lung		Lung	4	2	326	0	0	326	gold.ecosystem:4443|gold.ecosystem:4444
Host-associated > Mammals > Lymphatic system > Tonsils	Host-associated	Mammals	Lymphatic system	Tonsils		Tonsils	4	2	324	0	0	324	gold.ecosystem:6446|gold.ecosystem:6447
Host-associated > Porifera > Sponge	Host-associated	Porifera	Sponge			Sponge	3	3	323	0	0	323	gold.ecosystem:4437|gold.ecosystem:4438|gold.ecosystem:4439
Host-associated > Birds > Digestive system > Ceca	Host-associated	Birds	Digestive system	Ceca		Ceca	4	2	315	0	0	315	gold.ecosystem:6989|gold.ecosystem:6990
Host-associated > Birds > Digestive system > Large intestine > Cloaca	Host-associated	Birds	Digestive system	Large intestine	Cloaca	Cloaca	5	1	309	0	0	309	gold.ecosystem:6895
Host-associated > Invertebrates > Nematoda	Host-associated	Invertebrates	Nematoda			Nematoda	3	3	300	0	0	300	gold.ecosystem:4382|gold.ecosystem:4424|gold.ecosystem:4425
Environmental > Terrestrial > Soil > Sand	Environmental	Terrestrial	Soil	Sand		Sand	4	2	299	0	0	299	gold.ecosystem:3811|gold.ecosystem:4203
Environmental > Aquatic > Marine > Coastal > Sediment	Environmental	Aquatic	Marine	Coastal	Sediment	Sediment	5	1	295	0	0	295	gold.ecosystem:4045
Host-associated > Mammals: Human > Urinary system > Urethra	Host-associated	Mammals: Human	Urinary system	Urethra		Urethra	4	2	295	0	0	295	gold.ecosystem:6265|gold.ecosystem:6266
Environmental > Aquatic > Freshwater > Lake > Sediment	Environmental	Aquatic	Freshwater	Lake	Sediment	Sediment	5	1	294	0	0	294	gold.ecosystem:4426
Engineered > Built environment	Engineered	Built environment				Built environment	2	4	282	0	0	282	gold.ecosystem:2888|gold.ecosystem:3515|gold.ecosystem:3847|gold.ecosystem:4279
Engineered > Lab culture > Culture media	Engineered	Lab culture	Culture media			Culture media	3	3	273	0	0	273	gold.ecosystem:5974|gold.ecosystem:7098|gold.ecosystem:7099
Engineered > Solid waste > Composting	Engineered	Solid waste	Composting			Composting	3	3	270	0	0	270	gold.ecosystem:3511|gold.ecosystem:3842|gold.ecosystem:4273
Host-associated > Mammals > Digestive system > Oral cavity	Host-associated	Mammals	Digestive system	Oral cavity		Oral cavity	4	2	270	0	0	270	gold.ecosystem:3663|gold.ecosystem:4109
Environmental > Aquatic > Marine > Intertidal zone > Sediment	Environmental	Aquatic	Marine	Intertidal zone	Sediment	Sediment	5	1	263	0	0	263	gold.ecosystem:4016
Engineered > Artificial ecosystem	Engineered	Artificial ecosystem				Artificial ecosystem	2	4	261	0	0	261	gold.ecosystem:4842|gold.ecosystem:8043|gold.ecosystem:8044|gold.ecosystem:8045
Host-associated > Fungi > Mycelium	Host-associated	Fungi	Mycelium			Mycelium	3	3	260	0	0	260	gold.ecosystem:4461|gold.ecosystem:4462|gold.ecosystem:4463
Host-associated > Mammals: Human > Respiratory system > Lung	Host-associated	Mammals: Human	Respiratory system	Lung		Lung	4	2	258	0	0	258	gold.ecosystem:5003|gold.ecosystem:5004
Engineered > Wastewater > Industrial wastewater	Engineered	Wastewater	Industrial wastewater			Industrial wastewater	3	3	252	0	0	252	gold.ecosystem:3509|gold.ecosystem:3836|gold.ecosystem:4267
Host-associated > Mammals: Human > Digestive system > Stomach > Gastric mucosa	Host-associated	Mammals: Human	Digestive system	Stomach	Gastric mucosa	Gastric mucosa	5	1	251	0	0	251	gold.ecosystem:5079
Host-associated > Mammals: Human > Respiratory system > Nasal cavity	Host-associated	Mammals: Human	Respiratory system	Nasal cavity		Nasal cavity	4	2	251	0	0	251	gold.ecosystem:6090|gold.ecosystem:6187
Environmental > Aquatic > Deep subsurface > Groundwater	Environmental	Aquatic	Deep subsurface	Groundwater		Groundwater	4	2	249	0	0	249	gold.ecosystem:5953|gold.ecosystem:5954
Host-associated > Arthropoda: Chelicerates > Whole body	Host-associated	Arthropoda: Chelicerates	Whole body			Whole body	3	3	244	0	0	244	gold.ecosystem:7151|gold.ecosystem:7152|gold.ecosystem:7153
Host-associated > Mammals > Digestive system > Large intestine > Rectum	Host-associated	Mammals	Digestive system	Large intestine	Rectum	Rectum	5	1	239	0	0	239	gold.ecosystem:6379
Host-associated > Algae > Brown Algae	Host-associated	Algae	Brown Algae			Brown Algae	3	3	231	0	0	231	gold.ecosystem:3620|gold.ecosystem:3745|gold.ecosystem:3960
Environmental > Terrestrial > Agricultural field	Environmental	Terrestrial	Agricultural field			Agricultural field	3	3	226	0	0	226	gold.ecosystem:3494|gold.ecosystem:3806|gold.ecosystem:4199
Engineered > Food production > Fermented food	Engineered	Food production	Fermented food			Fermented food	3	3	221	0	0	221	gold.ecosystem:5597|gold.ecosystem:5743|gold.ecosystem:5744
Environmental > Aquatic > Non-marine Saline and Alkaline > Hypersaline	Environmental	Aquatic	Non-marine Saline and Alkaline	Hypersaline		Hypersaline	4	2	219	0	0	219	gold.ecosystem:3754|gold.ecosystem:3978
Environmental > Aquatic > Marine > Intertidal zone > Tidal flats	Environmental	Aquatic	Marine	Intertidal zone	Tidal flats	Tidal flats	5	1	218	0	0	218	gold.ecosystem:6937
Environmental > Terrestrial > Geologic > Mine	Environmental	Terrestrial	Geologic	Mine		Mine	4	2	218	0	0	218	gold.ecosystem:3800|gold.ecosystem:4193
Host-associated > Algae > Diatoms	Host-associated	Algae	Diatoms			Diatoms	3	3	218	0	0	218	gold.ecosystem:4673|gold.ecosystem:4674|gold.ecosystem:4675
Engineered > Food production > Fermented vegetables	Engineered	Food production	Fermented vegetables			Fermented vegetables	3	3	216	0	0	216	gold.ecosystem:3501|gold.ecosystem:3822|gold.ecosystem:4249
Host-associated > Mammals: Human > Respiratory system > Trachea	Host-associated	Mammals: Human	Respiratory system	Trachea		Trachea	4	2	213	0	0	213	gold.ecosystem:5020|gold.ecosystem:5021
Host-associated > Plants > Phyllosphere > Stem	Host-associated	Plants	Phyllosphere	Stem		Stem	4	2	206	0	0	206	gold.ecosystem:7109|gold.ecosystem:7110
Engineered > Built environment > Water treatment plant > Wastewater	Engineered	Built environment	Water treatment plant	Wastewater		Wastewater	4	2	205	0	0	205	gold.ecosystem:5526|gold.ecosystem:5527
Host-associated > Arthropoda: Insects > Digestive system	Host-associated	Arthropoda: Insects	Digestive system			Digestive system	3	3	203	0	0	203	gold.ecosystem:7136|gold.ecosystem:7178|gold.ecosystem:7179
Environmental > Aquatic > Freshwater > Drinking water	Environmental	Aquatic	Freshwater	Drinking water		Drinking water	4	2	201	0	0	201	gold.ecosystem:3784|gold.ecosystem:4057
Host-associated > Mammals > Unspecified system > Unspecified organ > Unspecified tissue	Host-associated	Mammals	Unspecified system	Unspecified organ	Unspecified tissue	Unspecified tissue	5	1	201	0	0	201	gold.ecosystem:6450
Engineered > Built environment > Spacecraft Assembly Cleanrooms	Engineered	Built environment	Spacecraft Assembly Cleanrooms			Spacecraft Assembly Cleanrooms	3	3	196	0	0	196	gold.ecosystem:4633|gold.ecosystem:4634|gold.ecosystem:4635
Host-associated > Mammals > Respiratory system > Pharynx/Throat > Nasopharynx	Host-associated	Mammals	Respiratory system	Pharynx/Throat	Nasopharynx	Nasopharynx	5	1	194	0	0	194	gold.ecosystem:6369
Environmental > Aquatic > Freshwater > Sediment	Environmental	Aquatic	Freshwater	Sediment		Sediment	4	2	190	0	0	190	gold.ecosystem:3789|gold.ecosystem:4171
Engineered > Food production > Meat products > Raw meat	Engineered	Food production	Meat products	Raw meat		Raw meat	4	2	189	0	0	189	gold.ecosystem:6424|gold.ecosystem:6463
Host-associated > Birds > Digestive system	Host-associated	Birds	Digestive system			Digestive system	3	3	186	0	0	186	gold.ecosystem:3597|gold.ecosystem:3710|gold.ecosystem:4150
Host-associated > Mammals > Respiratory system > Nasal cavity	Host-associated	Mammals	Respiratory system	Nasal cavity		Nasal cavity	4	2	184	0	0	184	gold.ecosystem:6032|gold.ecosystem:6033
Environmental > Aquatic > Freshwater > Ice > Glacier	Environmental	Aquatic	Freshwater	Ice	Glacier	Glacier	5	1	179	0	0	179	gold.ecosystem:4063
Engineered > Food production > Dairy products > Fermented dairy products	Engineered	Food production	Dairy products	Fermented dairy products		Fermented dairy products	4	2	178	0	0	178	gold.ecosystem:5455|gold.ecosystem:5456
Host-associated > Mammals: Human > Nervous system > Subarachnoid space > Cerebrospinal fluid	Host-associated	Mammals: Human	Nervous system	Subarachnoid space	Cerebrospinal fluid	Cerebrospinal fluid	5	1	174	0	0	174	gold.ecosystem:6128
Environmental > Aquatic > Freshwater > Groundwater > Spring	Environmental	Aquatic	Freshwater	Groundwater	Spring	Spring	5	1	173	0	0	173	gold.ecosystem:4654
Host-associated > Arthropoda: Chelicerates	Host-associated	Arthropoda: Chelicerates				Arthropoda: Chelicerates	2	4	169	0	0	169	gold.ecosystem:7150|gold.ecosystem:7190|gold.ecosystem:7191|gold.ecosystem:7192
Host-associated > Mammals: Human > Nervous system > Brain	Host-associated	Mammals: Human	Nervous system	Brain		Brain	4	2	167	0	0	167	gold.ecosystem:4495|gold.ecosystem:4496
Host-associated > Mammals > Digestive system > Large intestine > Cecum	Host-associated	Mammals	Digestive system	Large intestine	Cecum	Cecum	5	1	164	0	0	164	gold.ecosystem:4105
Environmental > Terrestrial > Geologic	Environmental	Terrestrial	Geologic			Geologic	3	3	162	0	0	162	gold.ecosystem:3489|gold.ecosystem:3799|gold.ecosystem:4192
Environmental > Aquatic > Freshwater > River > Sediment	Environmental	Aquatic	Freshwater	River	Sediment	Sediment	5	1	160	0	0	160	gold.ecosystem:5109
Host-associated > Mammals > Circulatory system > Blood	Host-associated	Mammals	Circulatory system	Blood		Blood	4	2	160	0	0	160	gold.ecosystem:3665|gold.ecosystem:4114
Environmental > Aquatic > Non-marine Saline and Alkaline > Hypersaline > Sediment	Environmental	Aquatic	Non-marine Saline and Alkaline	Hypersaline	Sediment	Sediment	5	1	159	0	0	159	gold.ecosystem:3980
Environmental > Terrestrial > Soil > Tree plantation	Environmental	Terrestrial	Soil	Tree plantation		Tree plantation	4	2	159	0	0	159	gold.ecosystem:7705|gold.ecosystem:7706
Host-associated > Mammals: Human > Digestive system > Pharynx/Throat > Oropharynx	Host-associated	Mammals: Human	Digestive system	Pharynx/Throat	Oropharynx	Oropharynx	5	1	159	0	0	159	gold.ecosystem:6100
Environmental > Aquatic > Marine > Intertidal zone > Solar salterns	Environmental	Aquatic	Marine	Intertidal zone	Solar salterns	Solar salterns	5	1	157	0	0	157	gold.ecosystem:8054
Host-associated > Plants > Wood	Host-associated	Plants	Wood			Wood	3	3	153	0	0	153	gold.ecosystem:4558|gold.ecosystem:4559|gold.ecosystem:4560
Engineered > Food production > Meat products > Beef	Engineered	Food production	Meat products	Beef		Beef	4	2	152	0	0	152	gold.ecosystem:5468|gold.ecosystem:5469
Environmental > Aquatic > Marine > Epipelagic	Environmental	Aquatic	Marine	Epipelagic		Epipelagic	4	2	151	0	0	151	gold.ecosystem:5330|gold.ecosystem:5331
Host-associated > Mammals > Respiratory system	Host-associated	Mammals	Respiratory system			Respiratory system	3	3	151	0	0	151	gold.ecosystem:3581|gold.ecosystem:3672|gold.ecosystem:4122
Environmental > Aquatic > Non-marine Saline and Alkaline > Saline	Environmental	Aquatic	Non-marine Saline and Alkaline	Saline		Saline	4	2	150	0	0	150	gold.ecosystem:3753|gold.ecosystem:3973
Environmental > Aquatic > Thermal springs > Hot (42-90C) > Sediment	Environmental	Aquatic	Thermal springs	Hot (42-90C)	Sediment	Sediment	5	1	150	0	0	150	gold.ecosystem:3997
Host-associated > Annelida	Host-associated	Annelida				Annelida	2	4	150	0	0	150	gold.ecosystem:3370|gold.ecosystem:3554|gold.ecosystem:3891|gold.ecosystem:4331
Host-associated > Plants > Phyllosphere	Host-associated	Plants	Phyllosphere			Phyllosphere	3	3	149	0	0	149	gold.ecosystem:4458|gold.ecosystem:4459|gold.ecosystem:4460
Host-associated > Plants > Roots > Rhizoplane > Endophytes	Host-associated	Plants	Roots	Rhizoplane	Endophytes	Endophytes	5	1	148	0	0	148	gold.ecosystem:5449
Environmental > Aquatic > Marine > Oceanic > Aphotic zone	Environmental	Aquatic	Marine	Oceanic	Aphotic zone	Aphotic zone	5	1	146	0	0	146	gold.ecosystem:4010
Engineered > Bioreactor > Wastewater > Activated sludge	Engineered	Bioreactor	Wastewater	Activated sludge		Activated sludge	4	2	144	0	0	144	gold.ecosystem:5680|gold.ecosystem:5681
Engineered > Wastewater > Sludge	Engineered	Wastewater	Sludge			Sludge	3	3	140	0	0	140	gold.ecosystem:5501|gold.ecosystem:5502|gold.ecosystem:5503
Host-associated > Fungi > Fruiting body	Host-associated	Fungi	Fruiting body			Fruiting body	3	3	140	0	0	140	gold.ecosystem:4548|gold.ecosystem:4549|gold.ecosystem:4550
Environmental > Terrestrial > Soil > Agricultural land	Environmental	Terrestrial	Soil	Agricultural land		Agricultural land	4	2	138	0	0	138	gold.ecosystem:5860|gold.ecosystem:7674
Host-associated > Fungi > Spore	Host-associated	Fungi	Spore			Spore	3	3	135	0	0	135	gold.ecosystem:7742|gold.ecosystem:7743|gold.ecosystem:7744
Environmental > Terrestrial > Soil > Paddy field/soil	Environmental	Terrestrial	Soil	Paddy field/soil		Paddy field/soil	4	2	133	0	0	133	gold.ecosystem:5611|gold.ecosystem:5613
Host-associated > Reptilia	Host-associated	Reptilia				Reptilia	2	4	133	0	0	133	gold.ecosystem:3380|gold.ecosystem:3586|gold.ecosystem:3680|gold.ecosystem:3906
Engineered > Bioreactor > Anaerobic	Engineered	Bioreactor	Anaerobic			Anaerobic	3	3	131	0	0	131	gold.ecosystem:4440|gold.ecosystem:4441|gold.ecosystem:4442
Host-associated > Plants > Phyllosphere > Caulosphere > Bark	Host-associated	Plants	Phyllosphere	Caulosphere	Bark	Bark	5	1	131	0	0	131	gold.ecosystem:5752
Host-associated > Mammals: Human > Digestive system > Oral cavity > Dental plaque	Host-associated	Mammals: Human	Digestive system	Oral cavity	Dental plaque	Dental plaque	5	1	130	0	0	130	gold.ecosystem:5038
Host-associated > Plants > Rhizome	Host-associated	Plants	Rhizome			Rhizome	3	3	130	0	0	130	gold.ecosystem:3607|gold.ecosystem:3728|gold.ecosystem:3943
Environmental > Terrestrial > Soil > Unclassified > Contaminated	Environmental	Terrestrial	Soil		Contaminated	Contaminated	5	1	129	0	0	129	gold.ecosystem:4215
Host-associated > Mammals > Lymphatic system > Lymph nodes	Host-associated	Mammals	Lymphatic system	Lymph nodes		Lymph nodes	4	2	129	0	0	129	gold.ecosystem:3677|gold.ecosystem:4127
Host-associated > Plants > Phyllosphere > Phylloplane/Leaf > Leaf surface	Host-associated	Plants	Phyllosphere	Phylloplane/Leaf	Leaf surface	Leaf surface	5	1	128	0	0	128	gold.ecosystem:7701
Environmental > Terrestrial > Soil > Temperate forest > Bulk soil	Environmental	Terrestrial	Soil	Temperate forest	Bulk soil	Bulk soil	5	1	127	0	0	127	gold.ecosystem:6005
Host-associated > Mammals: Human > Urinary system	Host-associated	Mammals: Human	Urinary system			Urinary system	3	3	127	0	0	127	gold.ecosystem:6122|gold.ecosystem:6276|gold.ecosystem:6277
Engineered > Industrial production	Engineered	Industrial production				Industrial production	2	4	125	0	0	125	gold.ecosystem:2892|gold.ecosystem:3522|gold.ecosystem:3859|gold.ecosystem:4293
Host-associated > Mammals: Human > Digestive system > Oral cavity > Saliva	Host-associated	Mammals: Human	Digestive system	Oral cavity	Saliva	Saliva	5	1	125	0	0	125	gold.ecosystem:3907
Engineered > Solid waste > Animal waste > Manure	Engineered	Solid waste	Animal waste	Manure		Manure	4	2	124	0	0	124	gold.ecosystem:4915|gold.ecosystem:4916
Engineered > Bioreactor > Anaerobic > Sludge	Engineered	Bioreactor	Anaerobic	Sludge		Sludge	4	2	123	0	0	123	gold.ecosystem:5481|gold.ecosystem:5482
Environmental > Aquatic > Non-marine Saline and Alkaline	Environmental	Aquatic	Non-marine Saline and Alkaline			Non-marine Saline and Alkaline	3	3	121	0	0	121	gold.ecosystem:3482|gold.ecosystem:3752|gold.ecosystem:3970
Host-associated > Fish > Digestive system	Host-associated	Fish	Digestive system			Digestive system	3	3	121	0	0	121	gold.ecosystem:3566|gold.ecosystem:3645|gold.ecosystem:4090
Host-associated > Mammals > Integumentary system > Skin	Host-associated	Mammals	Integumentary system	Skin		Skin	4	2	121	0	0	121	gold.ecosystem:6383|gold.ecosystem:6392
Environmental > Aquatic > Freshwater > Creek	Environmental	Aquatic	Freshwater	Creek		Creek	4	2	115	0	0	115	gold.ecosystem:4513|gold.ecosystem:4514
Environmental > Aquatic > Non-marine Saline and Alkaline > Hypersaline lake	Environmental	Aquatic	Non-marine Saline and Alkaline	Hypersaline lake		Hypersaline lake	4	2	115	0	0	115	gold.ecosystem:7892|gold.ecosystem:7893
Environmental > Aquatic > Marine > Intertidal zone > Mangrove sediment	Environmental	Aquatic	Marine	Intertidal zone	Mangrove sediment	Mangrove sediment	5	1	114	0	0	114	gold.ecosystem:5364
Environmental > Terrestrial > Soil > Unclassified > Farm	Environmental	Terrestrial	Soil		Farm	Farm	5	1	113	0	0	113	gold.ecosystem:5438
Host-associated > Mammals: Human > Digestive system > Oral cavity > Subgingival plaque	Host-associated	Mammals: Human	Digestive system	Oral cavity	Subgingival plaque	Subgingival plaque	5	1	113	0	0	113	gold.ecosystem:3913
Engineered > Built environment > Dairy processing facility	Engineered	Built environment	Dairy processing facility			Dairy processing facility	3	3	110	0	0	110	gold.ecosystem:5713|gold.ecosystem:5714|gold.ecosystem:5715
Host-associated > Algae > Green algae	Host-associated	Algae	Green algae			Green algae	3	3	108	0	0	108	gold.ecosystem:3617|gold.ecosystem:4759|gold.ecosystem:4760
Environmental > Aquatic > Marine > Volcanic	Environmental	Aquatic	Marine	Volcanic		Volcanic	4	2	107	0	0	107	gold.ecosystem:3772|gold.ecosystem:4022
Environmental > Aquatic > Marine > Intertidal zone > Estuary	Environmental	Aquatic	Marine	Intertidal zone	Estuary	Estuary	5	1	105	0	0	105	gold.ecosystem:4015
Environmental > Terrestrial > Soil > Unclassified > Forest Soil	Environmental	Terrestrial	Soil		Forest Soil	Forest Soil	5	1	105	0	0	105	gold.ecosystem:4205
Environmental > Aquatic > Non-marine Saline and Alkaline > Salt crystallizer ponds	Environmental	Aquatic	Non-marine Saline and Alkaline	Salt crystallizer ponds		Salt crystallizer ponds	4	2	103	0	0	103	gold.ecosystem:3755|gold.ecosystem:3981
Environmental > Terrestrial > Rock-dwelling (subaerial biofilms)	Environmental	Terrestrial	Rock-dwelling (subaerial biofilms)			Rock-dwelling (subaerial biofilms)	3	3	103	0	0	103	gold.ecosystem:3495|gold.ecosystem:3808|gold.ecosystem:4201
Host-associated > Arthropoda: Insects > Digestive system > Foregut > Regurgitated nectar	Host-associated	Arthropoda: Insects	Digestive system	Foregut	Regurgitated nectar	Regurgitated nectar	5	1	103	0	0	103	gold.ecosystem:7389
Engineered > WWTP > Influent > Raw wastewater	Engineered	WWTP	Influent	Raw wastewater		Raw wastewater	4	2	102	0	0	102	gold.ecosystem:6078|gold.ecosystem:6079
Environmental > Aquatic > Freshwater > Groundwater > Mine	Environmental	Aquatic	Freshwater	Groundwater	Mine	Mine	5	1	102	0	0	102	gold.ecosystem:4168
Environmental > Terrestrial > Soil > Desert	Environmental	Terrestrial	Soil	Desert		Desert	4	2	102	0	0	102	gold.ecosystem:7067|gold.ecosystem:7068
Host-associated > Invertebrates > Cnidaria	Host-associated	Invertebrates	Cnidaria			Cnidaria	3	3	102	0	0	102	gold.ecosystem:3564|gold.ecosystem:4800|gold.ecosystem:4801
Environmental > Aquatic > Thermal springs > Sediment	Environmental	Aquatic	Thermal springs	Sediment		Sediment	4	2	101	0	0	101	gold.ecosystem:3765|gold.ecosystem:3999
Engineered > Lab synthesis > Genetic cross	Engineered	Lab synthesis	Genetic cross			Genetic cross	3	3	100	0	0	100	gold.ecosystem:3499|gold.ecosystem:4719|gold.ecosystem:4720
Environmental > Aquatic > Non-marine Saline and Alkaline > Lake > Brine	Environmental	Aquatic	Non-marine Saline and Alkaline	Lake	Brine	Brine	5	1	100	0	0	100	gold.ecosystem:5372
Environmental > Aquatic > Marine > Hydrothermal vents > Diffuse flow	Environmental	Aquatic	Marine	Hydrothermal vents	Diffuse flow	Diffuse flow	5	1	99	0	0	99	gold.ecosystem:4030
Environmental > Terrestrial > Soil > Tundra	Environmental	Terrestrial	Soil	Tundra		Tundra	4	2	98	0	0	98	gold.ecosystem:5902|gold.ecosystem:5950
Host-associated > Plants > Tissue	Host-associated	Plants	Tissue			Tissue	3	3	98	0	0	98	gold.ecosystem:5271|gold.ecosystem:5272|gold.ecosystem:5273
Engineered > Artificial ecosystem > Plant growth chamber	Engineered	Artificial ecosystem	Plant growth chamber			Plant growth chamber	3	3	96	0	0	96	gold.ecosystem:5550|gold.ecosystem:7521|gold.ecosystem:7522
Engineered > Food production > Beverages	Engineered	Food production	Beverages			Beverages	3	3	96	0	0	96	gold.ecosystem:5924|gold.ecosystem:5925|gold.ecosystem:5926
Environmental > Terrestrial > Soil > Agricultural land > Bulk soil	Environmental	Terrestrial	Soil	Agricultural land	Bulk soil	Bulk soil	5	1	96	0	0	96	gold.ecosystem:5861
Environmental > Terrestrial > Soil > Unclassified > Oil-contaminated	Environmental	Terrestrial	Soil		Oil-contaminated	Oil-contaminated	5	1	96	0	0	96	gold.ecosystem:4220
Environmental > Aquatic > Freshwater > Lotic	Environmental	Aquatic	Freshwater	Lotic		Lotic	4	2	95	0	0	95	gold.ecosystem:4342|gold.ecosystem:4645
Host-associated > Cnidaria	Host-associated	Cnidaria				Cnidaria	2	4	95	0	0	95	gold.ecosystem:3383|gold.ecosystem:3602|gold.ecosystem:3718|gold.ecosystem:5281
Host-associated > Arthropoda: Insects > Larva	Host-associated	Arthropoda: Insects	Larva			Larva	3	3	94	0	0	94	gold.ecosystem:7087|gold.ecosystem:7088|gold.ecosystem:7089
Host-associated > Mammals > Nervous system > Brain	Host-associated	Mammals	Nervous system	Brain		Brain	4	2	94	0	0	94	gold.ecosystem:3675|gold.ecosystem:4125
Host-associated > Mammals: Human > Integumentary system > Mammary gland > Milk	Host-associated	Mammals: Human	Integumentary system	Mammary gland	Milk	Milk	5	1	93	0	0	93	gold.ecosystem:6120
Environmental > Aquatic > Marine > Intertidal zone > Salt marsh	Environmental	Aquatic	Marine	Intertidal zone	Salt marsh	Salt marsh	5	1	91	0	0	91	gold.ecosystem:4012
Environmental > Aquatic > Non-marine Saline and Alkaline > Soda lake > Sediment	Environmental	Aquatic	Non-marine Saline and Alkaline	Soda lake	Sediment	Sediment	5	1	91	0	0	91	gold.ecosystem:7889
Host-associated > Porifera	Host-associated	Porifera				Porifera	2	4	90	0	0	90	gold.ecosystem:3388|gold.ecosystem:3621|gold.ecosystem:3900|gold.ecosystem:4341
Environmental > Terrestrial > Rock-dwelling (endoliths)	Environmental	Terrestrial	Rock-dwelling (endoliths)			Rock-dwelling (endoliths)	3	3	88	0	0	88	gold.ecosystem:4648|gold.ecosystem:4649|gold.ecosystem:4650
Host-associated > Arthropoda: Insects > Digestive system > Hindgut > Fecal	Host-associated	Arthropoda: Insects	Digestive system	Hindgut	Fecal	Fecal	5	1	87	0	0	87	gold.ecosystem:7187
Environmental > Aquatic > Thermal springs > Hot (42-90C) > Microbial mats	Environmental	Aquatic	Thermal springs	Hot (42-90C)	Microbial mats	Microbial mats	5	1	86	0	0	86	gold.ecosystem:4655
Environmental > Terrestrial > Soil > Sand > Desert	Environmental	Terrestrial	Soil	Sand	Desert	Desert	5	1	86	0	0	86	gold.ecosystem:4202
Host-associated > Plants > Tissue > Bark	Host-associated	Plants	Tissue	Bark		Bark	4	2	86	0	0	86	gold.ecosystem:5781|gold.ecosystem:5782
Environmental > Aquatic > Freshwater > Lentic > Sediment	Environmental	Aquatic	Freshwater	Lentic	Sediment	Sediment	5	1	85	0	0	85	gold.ecosystem:4175
Environmental > Aquatic > Non-marine Saline and Alkaline > Hypersaline lake > Sediment	Environmental	Aquatic	Non-marine Saline and Alkaline	Hypersaline lake	Sediment	Sediment	5	1	85	0	0	85	gold.ecosystem:7895
Engineered > Industrial production > Engineered product	Engineered	Industrial production	Engineered product			Engineered product	3	3	83	0	0	83	gold.ecosystem:3523|gold.ecosystem:3860|gold.ecosystem:4294
Engineered > Solid waste	Engineered	Solid waste				Solid waste	2	4	81	0	0	81	gold.ecosystem:2887|gold.ecosystem:3512|gold.ecosystem:3844|gold.ecosystem:4276
Environmental > Aquatic > Freshwater > Ice	Environmental	Aquatic	Freshwater	Ice		Ice	4	2	81	0	0	81	gold.ecosystem:3785|gold.ecosystem:4061
Host-associated > Mammals: Human > Integumentary system > Skin > Lesion	Host-associated	Mammals: Human	Integumentary system	Skin	Lesion	Lesion	5	1	81	0	0	81	gold.ecosystem:6236
Engineered > Food production > Nuts	Engineered	Food production	Nuts			Nuts	3	3	80	0	0	80	gold.ecosystem:5939|gold.ecosystem:5940|gold.ecosystem:5941
Engineered > WWTP > Wastewater > Wastewater effluent	Engineered	WWTP	Wastewater	Wastewater effluent		Wastewater effluent	4	2	80	0	0	80	gold.ecosystem:6454|gold.ecosystem:6455
Engineered > Solid waste > Animal waste	Engineered	Solid waste	Animal waste			Animal waste	3	3	79	0	0	79	gold.ecosystem:3514|gold.ecosystem:3846|gold.ecosystem:4278
Host-associated > Tunicates > Ascidians	Host-associated	Tunicates	Ascidians			Ascidians	3	3	79	0	0	79	gold.ecosystem:3573|gold.ecosystem:3655|gold.ecosystem:4099
Engineered > Built environment > House	Engineered	Built environment	House			House	3	3	78	0	0	78	gold.ecosystem:4392|gold.ecosystem:4404|gold.ecosystem:4405
Engineered > Food production > Beverages > Juice	Engineered	Food production	Beverages	Juice		Juice	4	2	77	0	0	77	gold.ecosystem:7105|gold.ecosystem:7106
Environmental > Aquatic > Aquaculture	Environmental	Aquatic	Aquaculture			Aquaculture	3	3	77	0	0	77	gold.ecosystem:3481|gold.ecosystem:3750|gold.ecosystem:3965
Environmental > Aquatic > Marine > Intertidal zone	Environmental	Aquatic	Marine	Intertidal zone		Intertidal zone	4	2	77	0	0	77	gold.ecosystem:3770|gold.ecosystem:4013
Environmental > Terrestrial > Nest > Insects nest > Fungus garden/Fungus gallery	Environmental	Terrestrial	Nest	Insects nest	Fungus garden/Fungus gallery	Fungus garden/Fungus gallery	5	1	77	0	0	77	gold.ecosystem:7274
Environmental > Terrestrial > Oil reservoir	Environmental	Terrestrial	Oil reservoir			Oil reservoir	3	3	77	0	0	77	gold.ecosystem:3490|gold.ecosystem:3801|gold.ecosystem:4194
Environmental > Terrestrial > Soil > Contaminated	Environmental	Terrestrial	Soil	Contaminated		Contaminated	4	2	77	0	0	77	gold.ecosystem:5884|gold.ecosystem:5901
Environmental > Terrestrial > Soil > Loam > Agricultural soil	Environmental	Terrestrial	Soil	Loam	Agricultural soil	Agricultural soil	5	1	77	0	0	77	gold.ecosystem:4244
Host-associated > Mammals > Digestive system > Biliary tract > Liver	Host-associated	Mammals	Digestive system	Biliary tract	Liver	Liver	5	1	77	0	0	77	gold.ecosystem:6399
Engineered > Food production > Silage fermentation	Engineered	Food production	Silage fermentation			Silage fermentation	3	3	76	0	0	76	gold.ecosystem:3500|gold.ecosystem:3821|gold.ecosystem:4248
Environmental > Aquatic > Marine > Intertidal zone > Beach/Shore	Environmental	Aquatic	Marine	Intertidal zone	Beach/Shore	Beach/Shore	5	1	75	0	0	75	gold.ecosystem:4017
Environmental > Aquatic > Non-marine Saline and Alkaline > Lake	Environmental	Aquatic	Non-marine Saline and Alkaline	Lake		Lake	4	2	75	0	0	75	gold.ecosystem:5371|gold.ecosystem:5410
Host-associated > Birds > Digestive system > Small intestine > Ileum	Host-associated	Birds	Digestive system	Small intestine	Ileum	Ileum	5	1	75	0	0	75	gold.ecosystem:6892
Engineered > Food production > Dairy products > Raw milk	Engineered	Food production	Dairy products	Raw milk		Raw milk	4	2	74	0	0	74	gold.ecosystem:7384|gold.ecosystem:7385
Engineered > Food production > Fermented seafood	Engineered	Food production	Fermented seafood			Fermented seafood	3	3	74	0	0	74	gold.ecosystem:3503|gold.ecosystem:3824|gold.ecosystem:4251
Environmental > Aquatic > Marine > Hydrothermal vents > Sediment	Environmental	Aquatic	Marine	Hydrothermal vents	Sediment	Sediment	5	1	73	0	0	73	gold.ecosystem:4029
Host-associated > Algae > Red algae	Host-associated	Algae	Red algae			Red algae	3	3	73	0	0	73	gold.ecosystem:3619|gold.ecosystem:3744|gold.ecosystem:3959
Environmental > Air > Indoor Air	Environmental	Air	Indoor Air			Indoor Air	3	3	72	0	0	72	gold.ecosystem:3477|gold.ecosystem:3746|gold.ecosystem:3961
Host-associated > Plants > Wood > Decayed wood	Host-associated	Plants	Wood	Decayed wood		Decayed wood	4	2	72	0	0	72	gold.ecosystem:7113|gold.ecosystem:7114
Host-associated > Mammals > Urinary system > Urine	Host-associated	Mammals	Urinary system	Urine		Urine	4	2	70	0	0	70	gold.ecosystem:6402|gold.ecosystem:6403
Engineered > Food production > Fish products	Engineered	Food production	Fish products			Fish products	3	3	69	0	0	69	gold.ecosystem:5889|gold.ecosystem:5890|gold.ecosystem:5891
Engineered > Lab enrichment	Engineered	Lab enrichment				Lab enrichment	2	4	69	0	0	69	gold.ecosystem:2890|gold.ecosystem:3518|gold.ecosystem:3852|gold.ecosystem:4285
Environmental > Aquatic > Marine > Seaweed	Environmental	Aquatic	Marine	Seaweed		Seaweed	4	2	69	0	0	69	gold.ecosystem:4685|gold.ecosystem:4686
Host-associated > Plants > Roots > Endosphere	Host-associated	Plants	Roots	Endosphere		Endosphere	4	2	69	0	0	69	gold.ecosystem:5303|gold.ecosystem:5304
Engineered	Engineered					Engineered	1	5	68	0	0	68	gold.ecosystem:2|gold.ecosystem:2891|gold.ecosystem:3521|gold.ecosystem:3858|gold.ecosystem:4292
Engineered > Built environment > Drinking water treatment plant > Drinking water	Engineered	Built environment	Drinking water treatment plant	Drinking water		Drinking water	4	2	68	0	0	68	gold.ecosystem:5499|gold.ecosystem:5500
Environmental > Aquatic > Marine > Bathypelagic	Environmental	Aquatic	Marine	Bathypelagic		Bathypelagic	4	2	68	0	0	68	gold.ecosystem:5337|gold.ecosystem:5338
Environmental > Aquatic > Marine > Neritic zone/Coastal water	Environmental	Aquatic	Marine	Neritic zone/Coastal water		Neritic zone/Coastal water	4	2	68	0	0	68	gold.ecosystem:3781|gold.ecosystem:4034
Environmental > Aquatic > Thermal springs > Hot (42-90C) > Acidic	Environmental	Aquatic	Thermal springs	Hot (42-90C)	Acidic	Acidic	5	1	68	0	0	68	gold.ecosystem:3995
Environmental > Terrestrial > Cave	Environmental	Terrestrial	Cave			Cave	3	3	68	0	0	68	gold.ecosystem:4489|gold.ecosystem:4490|gold.ecosystem:4491
Environmental > Terrestrial > Soil > Unclassified > Permafrost	Environmental	Terrestrial	Soil		Permafrost	Permafrost	5	1	67	0	0	67	gold.ecosystem:4206
Host-associated > Amphibia > Digestive system > Intestine > Fecal	Host-associated	Amphibia	Digestive system	Intestine	Fecal	Fecal	5	1	67	0	0	67	gold.ecosystem:7294
Host-associated > Invertebrates > Cnidaria > Coral > Tissue	Host-associated	Invertebrates	Cnidaria	Coral	Tissue	Tissue	5	1	67	0	0	67	gold.ecosystem:5745
Environmental > Terrestrial > Soil > Unclassified > Desert	Environmental	Terrestrial	Soil		Desert	Desert	5	1	66	0	0	66	gold.ecosystem:4210
Host-associated > Fungi > Lichen	Host-associated	Fungi	Lichen			Lichen	3	3	66	0	0	66	gold.ecosystem:4410|gold.ecosystem:4411|gold.ecosystem:4412
Engineered > Food production > Dairy products > Ice cream	Engineered	Food production	Dairy products	Ice cream		Ice cream	4	2	65	0	0	65	gold.ecosystem:5457|gold.ecosystem:5458
Environmental > Air > Indoor Air > Dust	Environmental	Air	Indoor Air	Dust		Dust	4	2	65	0	0	65	gold.ecosystem:4619|gold.ecosystem:4620
Host-associated > Mammals > Digestive system > Lower gastrointestinal tract	Host-associated	Mammals	Digestive system	Lower gastrointestinal tract		Lower gastrointestinal tract	4	2	65	0	0	65	gold.ecosystem:6416|gold.ecosystem:6417
Engineered > Built environment > Spacecraft Assembly Cleanrooms > Floor	Engineered	Built environment	Spacecraft Assembly Cleanrooms	Floor		Floor	4	2	64	0	0	64	gold.ecosystem:5487|gold.ecosystem:5488
Environmental > Terrestrial > Volcanic	Environmental	Terrestrial	Volcanic			Volcanic	3	3	64	0	0	64	gold.ecosystem:3492|gold.ecosystem:3804|gold.ecosystem:4197
Environmental > Aquatic > Marine > Sea ice	Environmental	Aquatic	Marine	Sea ice		Sea ice	4	2	63	0	0	63	gold.ecosystem:5380|gold.ecosystem:5384
Host-associated > Fungi > Fruiting body > Inner tissue	Host-associated	Fungi	Fruiting body	Inner tissue		Inner tissue	4	2	63	0	0	63	gold.ecosystem:8206|gold.ecosystem:8207
Host-associated > Mammals > Integumentary system	Host-associated	Mammals	Integumentary system			Integumentary system	3	3	63	0	0	63	gold.ecosystem:6362|gold.ecosystem:6387|gold.ecosystem:6388
Host-associated > Mammals > Multiple systems	Host-associated	Mammals	Multiple systems			Multiple systems	3	3	63	0	0	63	gold.ecosystem:6421|gold.ecosystem:6476|gold.ecosystem:6477
Engineered > Food production > Fermentation starter	Engineered	Food production	Fermentation starter			Fermentation starter	3	3	62	0	0	62	gold.ecosystem:5494|gold.ecosystem:5495|gold.ecosystem:5496
Environmental > Terrestrial > Desert	Environmental	Terrestrial	Desert			Desert	3	3	62	0	0	62	gold.ecosystem:5440|gold.ecosystem:5441|gold.ecosystem:5442
Engineered > Food production > Spices	Engineered	Food production	Spices			Spices	3	3	61	0	0	61	gold.ecosystem:5895|gold.ecosystem:5896|gold.ecosystem:5897
Environmental > Aquatic > Freshwater > Wetlands	Environmental	Aquatic	Freshwater	Wetlands		Wetlands	4	2	61	0	0	61	gold.ecosystem:3795|gold.ecosystem:4181
Host-associated > Mollusca > Oyster	Host-associated	Mollusca	Oyster			Oyster	3	3	61	0	0	61	gold.ecosystem:5196|gold.ecosystem:5197|gold.ecosystem:5198
Engineered > Built environment > Water treatment plant	Engineered	Built environment	Water treatment plant			Water treatment plant	3	3	60	0	0	60	gold.ecosystem:4391|gold.ecosystem:4406|gold.ecosystem:4407
Environmental > Aquatic > Freshwater > Glacier > Ice	Environmental	Aquatic	Freshwater	Glacier	Ice	Ice	5	1	60	0	0	60	gold.ecosystem:7296
Environmental > Terrestrial > Deep subsurface	Environmental	Terrestrial	Deep subsurface			Deep subsurface	3	3	60	0	0	60	gold.ecosystem:3497|gold.ecosystem:3818|gold.ecosystem:4245
Host-associated > Arthropoda: Insects > Whole body	Host-associated	Arthropoda: Insects	Whole body			Whole body	3	3	60	0	0	60	gold.ecosystem:7074|gold.ecosystem:7075|gold.ecosystem:7076
Host-associated > Birds > Remains	Host-associated	Birds	Remains			Remains	3	3	60	0	0	60	gold.ecosystem:7497|gold.ecosystem:7498|gold.ecosystem:7499
Host-associated > Mammals: Human > Reproductive system	Host-associated	Mammals: Human	Reproductive system			Reproductive system	3	3	60	0	0	60	gold.ecosystem:3594|gold.ecosystem:3701|gold.ecosystem:4143
Engineered > Sewage treatment plant > Wastewater	Engineered	Sewage treatment plant	Wastewater			Wastewater	3	3	59	0	0	59	gold.ecosystem:5521|gold.ecosystem:5522|gold.ecosystem:5523
Host-associated > Mollusca > Bivalves	Host-associated	Mollusca	Bivalves			Bivalves	3	3	59	0	0	59	gold.ecosystem:5759|gold.ecosystem:5760|gold.ecosystem:5761
Environmental > Aquatic > Non-marine Saline and Alkaline > Saline lake	Environmental	Aquatic	Non-marine Saline and Alkaline	Saline lake		Saline lake	4	2	58	0	0	58	gold.ecosystem:7281|gold.ecosystem:7282
Host-associated > Mammals > Reproductive system	Host-associated	Mammals	Reproductive system			Reproductive system	3	3	58	0	0	58	gold.ecosystem:3580|gold.ecosystem:3670|gold.ecosystem:4119
Engineered > Biotransformation	Engineered	Biotransformation				Biotransformation	2	4	57	0	0	57	gold.ecosystem:2895|gold.ecosystem:3536|gold.ecosystem:3876|gold.ecosystem:4314
Engineered > Food production > Plant products	Engineered	Food production	Plant products			Plant products	3	3	57	0	0	57	gold.ecosystem:5892|gold.ecosystem:5893|gold.ecosystem:5894
Engineered > Solid waste > Unknown material > Composting	Engineered	Solid waste	Unknown material	Composting		Composting	4	2	57	0	0	57	gold.ecosystem:4965|gold.ecosystem:4967
Host-associated > Fish > Digestive system > Intestine	Host-associated	Fish	Digestive system	Intestine		Intestine	4	2	57	0	0	57	gold.ecosystem:3647|gold.ecosystem:4092
Engineered > Laboratory developed	Engineered	Laboratory developed				Laboratory developed	2	4	56	0	0	56	gold.ecosystem:4385|gold.ecosystem:4727|gold.ecosystem:4728|gold.ecosystem:4729
Engineered > Food production > Seafood	Engineered	Food production	Seafood			Seafood	3	3	55	0	0	55	gold.ecosystem:5930|gold.ecosystem:5931|gold.ecosystem:5932
Environmental > Terrestrial > Plant litter	Environmental	Terrestrial	Plant litter			Plant litter	3	3	55	0	0	55	gold.ecosystem:4539|gold.ecosystem:4540|gold.ecosystem:4541
Host-associated > Mammals: Human > Auditory/Hearing system > Middle ear	Host-associated	Mammals: Human	Auditory/Hearing system	Middle ear		Middle ear	4	2	55	0	0	55	gold.ecosystem:6268|gold.ecosystem:6269
Engineered > Wastewater > Industrial wastewater > Petrochemical	Engineered	Wastewater	Industrial wastewater	Petrochemical		Petrochemical	4	2	54	0	0	54	gold.ecosystem:3834|gold.ecosystem:4265
Environmental > Aquatic > Marine > Mud	Environmental	Aquatic	Marine	Mud		Mud	4	2	54	0	0	54	gold.ecosystem:6935|gold.ecosystem:6936
Host-associated > Mammals: Human > Integumentary system > Skin > Skin tissue	Host-associated	Mammals: Human	Integumentary system	Skin	Skin tissue	Skin tissue	5	1	54	0	0	54	gold.ecosystem:6218
Host-associated > Birds > Respiratory system	Host-associated	Birds	Respiratory system			Respiratory system	3	3	53	0	0	53	gold.ecosystem:3600|gold.ecosystem:3715|gold.ecosystem:4155
Host-associated > Invertebrates > Echinodermata > Sea Urchin	Host-associated	Invertebrates	Echinodermata	Sea Urchin		Sea Urchin	4	2	53	0	0	53	gold.ecosystem:3644|gold.ecosystem:4089
Environmental > Aquatic > Non-marine Saline and Alkaline > Soda lake	Environmental	Aquatic	Non-marine Saline and Alkaline	Soda lake		Soda lake	4	2	52	0	0	52	gold.ecosystem:7888|gold.ecosystem:7891
Host-associated > Fish > Integumentary system > Skin	Host-associated	Fish	Integumentary system	Skin		Skin	4	2	52	0	0	52	gold.ecosystem:6919|gold.ecosystem:6920
Host-associated > Mammals > Integumentary system > Skin > Digital dermatitis	Host-associated	Mammals	Integumentary system	Skin	Digital dermatitis	Digital dermatitis	5	1	52	0	0	52	gold.ecosystem:6415
Engineered > Built environment > Tailings pond	Engineered	Built environment	Tailings pond			Tailings pond	3	3	51	0	0	51	gold.ecosystem:4467|gold.ecosystem:4468|gold.ecosystem:4469
Environmental > Aquatic > Marine > Intertidal zone > Mangrove soil	Environmental	Aquatic	Marine	Intertidal zone	Mangrove soil	Mangrove soil	5	1	50	0	0	50	gold.ecosystem:5422
Environmental > Terrestrial > Soil > Intertidal zone	Environmental	Terrestrial	Soil	Intertidal zone		Intertidal zone	4	2	50	0	0	50	gold.ecosystem:8230|gold.ecosystem:8497
Environmental > Terrestrial > Deep subsurface > Rock	Environmental	Terrestrial	Deep subsurface	Rock		Rock	4	2	49	0	0	49	gold.ecosystem:5325|gold.ecosystem:5326
Environmental > Terrestrial > Soil > Unclassified > Grasslands	Environmental	Terrestrial	Soil		Grasslands	Grasslands	5	1	49	0	0	49	gold.ecosystem:4209
Environmental > Aquatic > Acidic > Acidic lake	Environmental	Aquatic	Acidic	Acidic lake		Acidic lake	4	2	48	0	0	48	gold.ecosystem:7976|gold.ecosystem:7977
Environmental > Aquatic > Non-marine Saline and Alkaline > Alkaline > Sediment	Environmental	Aquatic	Non-marine Saline and Alkaline	Alkaline	Sediment	Sediment	5	1	47	0	0	47	gold.ecosystem:3968
Engineered > Bioreactor > Aerobic	Engineered	Bioreactor	Aerobic			Aerobic	3	3	46	0	0	46	gold.ecosystem:4534|gold.ecosystem:4535|gold.ecosystem:4536
Host-associated > Birds > Digestive system > Biliary tract > Liver	Host-associated	Birds	Digestive system	Biliary tract	Liver	Liver	5	1	46	0	0	46	gold.ecosystem:6897
Environmental > Aquatic > Non-marine Saline and Alkaline > Saline lake > Sediment	Environmental	Aquatic	Non-marine Saline and Alkaline	Saline lake	Sediment	Sediment	5	1	43	0	0	43	gold.ecosystem:7283
Environmental > Air > Outdoor Air	Environmental	Air	Outdoor Air			Outdoor Air	3	3	42	0	0	42	gold.ecosystem:3478|gold.ecosystem:3747|gold.ecosystem:3962
Environmental > Aquatic > Marine > Intertidal zone > Solar salterns sediment	Environmental	Aquatic	Marine	Intertidal zone	Solar salterns sediment	Solar salterns sediment	5	1	42	0	0	42	gold.ecosystem:8055
Host-associated > Plants > Phyllosphere > Phylloplane/Leaf surface > Biofilm	Host-associated	Plants	Phyllosphere	Phylloplane/Leaf surface	Biofilm	Biofilm	5	1	42	0	0	42	gold.ecosystem:5322
Environmental > Aquatic > Marine > Marginal Sea	Environmental	Aquatic	Marine	Marginal Sea		Marginal Sea	4	2	41	0	0	41	gold.ecosystem:3777|gold.ecosystem:4032
Host-associated > Amphibia	Host-associated	Amphibia				Amphibia	2	4	41	0	0	41	gold.ecosystem:3372|gold.ecosystem:3560|gold.ecosystem:3639|gold.ecosystem:4084
Host-associated > Fish > Urinary system > Kidneys	Host-associated	Fish	Urinary system	Kidneys		Kidneys	4	2	41	0	0	41	gold.ecosystem:3653|gold.ecosystem:4097
Host-associated > Mammals > Digestive system > Stomach > Gastric mucosa	Host-associated	Mammals	Digestive system	Stomach	Gastric mucosa	Gastric mucosa	5	1	41	0	0	41	gold.ecosystem:5206
Environmental > Terrestrial > Deep subsurface > Aquifer	Environmental	Terrestrial	Deep subsurface	Aquifer		Aquifer	4	2	40	0	0	40	gold.ecosystem:3817|gold.ecosystem:4423
Host-associated > Protists	Host-associated	Protists				Protists	2	4	40	0	0	40	gold.ecosystem:3384|gold.ecosystem:3603|gold.ecosystem:3719|gold.ecosystem:4738
Host-associated > Mammals > Lymphatic system > Spleen	Host-associated	Mammals	Lymphatic system	Spleen		Spleen	4	2	39	0	0	39	gold.ecosystem:6754|gold.ecosystem:6755
Environmental > Aquatic > Freshwater > Wetlands > Bog	Environmental	Aquatic	Freshwater	Wetlands	Bog	Bog	5	1	38	0	0	38	gold.ecosystem:4185
Host-associated > Mammals > Digestive system > Oral cavity > Dental plaque	Host-associated	Mammals	Digestive system	Oral cavity	Dental plaque	Dental plaque	5	1	38	0	0	38	gold.ecosystem:5031
Host-associated > Mammals > Multiple systems > Soft tissue	Host-associated	Mammals	Multiple systems	Soft tissue		Soft tissue	4	2	38	0	0	38	gold.ecosystem:6880|gold.ecosystem:6881
Host-associated > Mammals: Human > Digestive system > Biliary tract > Bile	Host-associated	Mammals: Human	Digestive system	Biliary tract	Bile	Bile	5	1	38	0	0	38	gold.ecosystem:6291
Environmental > Aquatic > Freshwater > Pond > Sediment	Environmental	Aquatic	Freshwater	Pond	Sediment	Sediment	5	1	37	0	0	37	gold.ecosystem:4180
Environmental > Aquatic > Non-marine Saline and Alkaline > Saline > Sediment	Environmental	Aquatic	Non-marine Saline and Alkaline	Saline	Sediment	Sediment	5	1	37	0	0	37	gold.ecosystem:3975
Host-associated > Birds > Integumentary system > Skin	Host-associated	Birds	Integumentary system	Skin		Skin	4	2	37	0	0	37	gold.ecosystem:6904|gold.ecosystem:6905
Host-associated > Fish > Nervous system > Brain	Host-associated	Fish	Nervous system	Brain		Brain	4	2	37	0	0	37	gold.ecosystem:6933|gold.ecosystem:6934
Host-associated > Mammals > Digestive system > Large intestine	Host-associated	Mammals	Digestive system	Large intestine		Large intestine	4	2	37	0	0	37	gold.ecosystem:3660|gold.ecosystem:4106
Environmental > Aquatic > Freshwater > Water tank	Environmental	Aquatic	Freshwater	Water tank		Water tank	4	2	36	0	0	36	gold.ecosystem:5209|gold.ecosystem:5210
Environmental > Aquatic > Marine > Intertidal zone > Estuary: Sediment	Environmental	Aquatic	Marine	Intertidal zone	Estuary: Sediment	Estuary: Sediment	5	1	36	0	0	36	gold.ecosystem:7872
Environmental > Terrestrial > Soil > Grasslands	Environmental	Terrestrial	Soil	Grasslands		Grasslands	4	2	36	0	0	36	gold.ecosystem:5869|gold.ecosystem:6301
Engineered > Food production > Dairy products > Processed milk	Engineered	Food production	Dairy products	Processed milk		Processed milk	4	2	35	0	0	35	gold.ecosystem:6419|gold.ecosystem:6420
Environmental > Aquatic > Freshwater > Lentic > Epilimnion	Environmental	Aquatic	Freshwater	Lentic	Epilimnion	Epilimnion	5	1	34	0	0	34	gold.ecosystem:4177
Environmental > Aquatic > Freshwater > Reservoir	Environmental	Aquatic	Freshwater	Reservoir		Reservoir	4	2	34	0	0	34	gold.ecosystem:5236|gold.ecosystem:5237
Environmental > Aquatic > Marine > Mesopelagic	Environmental	Aquatic	Marine	Mesopelagic		Mesopelagic	4	2	34	0	0	34	gold.ecosystem:5332|gold.ecosystem:5333
Environmental > Terrestrial > Soil > Intertidal zone > Salt marsh	Environmental	Terrestrial	Soil	Intertidal zone	Salt marsh	Salt marsh	5	1	34	0	0	34	gold.ecosystem:8231
Host-associated > Mammals > Fetus > Fetal tissue > Placenta	Host-associated	Mammals	Fetus	Fetal tissue	Placenta	Placenta	5	1	34	0	0	34	gold.ecosystem:7614
Host-associated > Mammals > Urinary system > Kidney	Host-associated	Mammals	Urinary system	Kidney		Kidney	4	2	34	0	0	34	gold.ecosystem:6467|gold.ecosystem:6468
Environmental > Terrestrial > Soil > Forest > Bulk soil	Environmental	Terrestrial	Soil	Forest	Bulk soil	Bulk soil	5	1	33	0	0	33	gold.ecosystem:5865
Host-associated > Protozoa	Host-associated	Protozoa				Protozoa	2	4	32	0	0	32	gold.ecosystem:3389|gold.ecosystem:3622|gold.ecosystem:3898|gold.ecosystem:4339
Engineered > Solid waste > Animal waste > Fresh manure	Engineered	Solid waste	Animal waste	Fresh manure		Fresh manure	4	2	31	0	0	31	gold.ecosystem:6486|gold.ecosystem:6487
Environmental > Aquatic > Non-marine Saline and Alkaline > Hypersaline soda lake > Sediment	Environmental	Aquatic	Non-marine Saline and Alkaline	Hypersaline soda lake	Sediment	Sediment	5	1	31	0	0	31	gold.ecosystem:7887
Environmental > Terrestrial > Soil > Peat > Bog	Environmental	Terrestrial	Soil	Peat	Bog	Bog	5	1	31	0	0	31	gold.ecosystem:5621
Host-associated > Plants > Phyllosphere > Carposphere	Host-associated	Plants	Phyllosphere	Carposphere		Carposphere	4	2	31	0	0	31	gold.ecosystem:4599|gold.ecosystem:4600
Host-associated > Plants > Roots > Aerial root > Mucilage	Host-associated	Plants	Roots	Aerial root	Mucilage	Mucilage	5	1	31	0	0	31	gold.ecosystem:7971
Engineered > Industrial production > Engineered product > Material > Plastic	Engineered	Industrial production	Engineered product	Material	Plastic	Plastic	5	1	30	0	0	30	gold.ecosystem:8335
Engineered > Solid waste > Landfill	Engineered	Solid waste	Landfill			Landfill	3	3	30	0	0	30	gold.ecosystem:3513|gold.ecosystem:3845|gold.ecosystem:4277
Environmental > Aquatic > Non-marine Saline and Alkaline > Lake > Sediment	Environmental	Aquatic	Non-marine Saline and Alkaline	Lake	Sediment	Sediment	5	1	30	0	0	30	gold.ecosystem:7115
Environmental > Aquatic > Non-marine Saline and Alkaline > Solar solterns	Environmental	Aquatic	Non-marine Saline and Alkaline	Solar solterns		Solar solterns	4	2	30	0	0	30	gold.ecosystem:7928|gold.ecosystem:7929
Host-associated > Arthropoda: Crustaceans > Digestive system > Gut	Host-associated	Arthropoda: Crustaceans	Digestive system	Gut		Gut	4	2	30	0	0	30	gold.ecosystem:7217|gold.ecosystem:7218
Host-associated > Birds > Circulatory system > Blood	Host-associated	Birds	Circulatory system	Blood		Blood	4	2	30	0	0	30	gold.ecosystem:3713|gold.ecosystem:4153
Host-associated > Fish > Respiratory system > Gills	Host-associated	Fish	Respiratory system	Gills		Gills	4	2	30	0	0	30	gold.ecosystem:4920|gold.ecosystem:4921
Host-associated > Reptilia > Digestive system > Large intestine > Fecal	Host-associated	Reptilia	Digestive system	Large intestine	Fecal	Fecal	5	1	30	0	0	30	gold.ecosystem:4693
Environmental > Aquatic > Non-marine Saline and Alkaline > Hypersaline soda lake	Environmental	Aquatic	Non-marine Saline and Alkaline	Hypersaline soda lake		Hypersaline soda lake	4	2	29	0	0	29	gold.ecosystem:7884|gold.ecosystem:7885
Environmental > Terrestrial > Soil > Wetlands	Environmental	Terrestrial	Soil	Wetlands		Wetlands	4	2	29	0	0	29	gold.ecosystem:3815|gold.ecosystem:4235
Host-associated > Mammals > Reproductive system > Uterus	Host-associated	Mammals	Reproductive system	Uterus		Uterus	4	2	29	0	0	29	gold.ecosystem:4971|gold.ecosystem:4972
Host-associated > Mammals: Human > Skeletal system > Bone	Host-associated	Mammals: Human	Skeletal system	Bone		Bone	4	2	29	0	0	29	gold.ecosystem:5249|gold.ecosystem:5250
Environmental > Aquatic > Freshwater > Creek > Sediment	Environmental	Aquatic	Freshwater	Creek	Sediment	Sediment	5	1	28	0	0	28	gold.ecosystem:5385
Host-associated > Mammals: Human > Reproductive system > Uterus > Cervix	Host-associated	Mammals: Human	Reproductive system	Uterus	Cervix	Cervix	5	1	28	0	0	28	gold.ecosystem:6126
Host-associated > Mammals: Human > Respiratory system > Lung > Bronchioles	Host-associated	Mammals: Human	Respiratory system	Lung	Bronchioles	Bronchioles	5	1	28	0	0	28	gold.ecosystem:6631
Host-associated > Plants > Endosphere	Host-associated	Plants	Endosphere			Endosphere	3	3	28	0	0	28	gold.ecosystem:3608|gold.ecosystem:3730|gold.ecosystem:3945
Engineered > Food production > Baby formula	Engineered	Food production	Baby formula			Baby formula	3	3	27	0	0	27	gold.ecosystem:5625|gold.ecosystem:5626|gold.ecosystem:5627
Environmental > Aquatic > Marine > Hydrothermal vents > Black smokers	Environmental	Aquatic	Marine	Hydrothermal vents	Black smokers	Black smokers	5	1	27	0	0	27	gold.ecosystem:4031
Environmental > Terrestrial > Soil > Clay	Environmental	Terrestrial	Soil	Clay		Clay	4	2	27	0	0	27	gold.ecosystem:3813|gold.ecosystem:4229
Host-associated > Birds > Respiratory system > Nasal cavity	Host-associated	Birds	Respiratory system	Nasal cavity		Nasal cavity	4	2	27	0	0	27	gold.ecosystem:7444|gold.ecosystem:7445
Host-associated > Mammals > Reproductive system > Vagina	Host-associated	Mammals	Reproductive system	Vagina		Vagina	4	2	27	0	0	27	gold.ecosystem:5046|gold.ecosystem:5047
Engineered > Bioreactor > MBR (Membrane bioreactor) > Sludge	Engineered	Bioreactor	MBR (Membrane bioreactor)	Sludge		Sludge	4	2	26	0	0	26	gold.ecosystem:8160|gold.ecosystem:8161
Environmental > Aquatic > Marine > Mud volcano	Environmental	Aquatic	Marine	Mud volcano		Mud volcano	4	2	26	0	0	26	gold.ecosystem:4544|gold.ecosystem:4545
Environmental > Terrestrial > Soil > Boreal forest/Taiga > Bulk soil	Environmental	Terrestrial	Soil	Boreal forest/Taiga	Bulk soil	Bulk soil	5	1	26	0	0	26	gold.ecosystem:6026
Environmental > Terrestrial > Soil > Soil crust	Environmental	Terrestrial	Soil	Soil crust		Soil crust	4	2	26	0	0	26	gold.ecosystem:4577|gold.ecosystem:4578
Host-associated > Arthropoda: Insects > Digestive system > Midgut	Host-associated	Arthropoda: Insects	Digestive system	Midgut		Midgut	4	2	26	0	0	26	gold.ecosystem:7137|gold.ecosystem:7138
Host-associated > Arthropoda: Insects > Head	Host-associated	Arthropoda: Insects	Head			Head	3	3	26	0	0	26	gold.ecosystem:7166|gold.ecosystem:7167|gold.ecosystem:7168
Host-associated > Mammals: Human > Digestive system > Oral cavity > Gingiva	Host-associated	Mammals: Human	Digestive system	Oral cavity	Gingiva	Gingiva	5	1	26	0	0	26	gold.ecosystem:6095
Host-associated > Mammals: Human > Visual system > Eye > Cornea	Host-associated	Mammals: Human	Visual system	Eye	Cornea	Cornea	5	1	26	0	0	26	gold.ecosystem:6317
Engineered > Built environment > Oil refinery	Engineered	Built environment	Oil refinery			Oil refinery	3	3	25	0	0	25	gold.ecosystem:4517|gold.ecosystem:4816|gold.ecosystem:4817
Environmental > Aquatic > Deep subsurface > Groundwater > Dug well	Environmental	Aquatic	Deep subsurface	Groundwater	Dug well	Dug well	5	1	25	0	0	25	gold.ecosystem:5956
Environmental > Aquatic > Freshwater > Lentic > Hypolimnion	Environmental	Aquatic	Freshwater	Lentic	Hypolimnion	Hypolimnion	5	1	25	0	0	25	gold.ecosystem:4173
Environmental > Aquatic > Marine > Oceanic > Photic zone	Environmental	Aquatic	Marine	Oceanic	Photic zone	Photic zone	5	1	25	0	0	25	gold.ecosystem:4004
Host-associated > Birds > Respiratory system > Trachea	Host-associated	Birds	Respiratory system	Trachea		Trachea	4	2	25	0	0	25	gold.ecosystem:7437|gold.ecosystem:7438
Host-associated > Mammals: Human > Abdominal/Peritoneal cavity > Peritoneal fluid	Host-associated	Mammals: Human	Abdominal/Peritoneal cavity	Peritoneal fluid		Peritoneal fluid	4	2	25	0	0	25	gold.ecosystem:5036|gold.ecosystem:5037
Host-associated > Mammals: Human > Lymphatic system > Lymph nodes	Host-associated	Mammals: Human	Lymphatic system	Lymph nodes		Lymph nodes	4	2	25	0	0	25	gold.ecosystem:3694|gold.ecosystem:4128
Engineered > Solid waste > Human waste > Composting > Mature compost	Engineered	Solid waste	Human waste	Composting	Mature compost	Mature compost	5	1	24	0	0	24	gold.ecosystem:5900
Engineered > WWTP > Wastewater	Engineered	WWTP	Wastewater			Wastewater	3	3	24	0	0	24	gold.ecosystem:4670|gold.ecosystem:4671|gold.ecosystem:4672
Environmental > Terrestrial > Deep subsurface > Fracking water > Shale carbon reservoir	Environmental	Terrestrial	Deep subsurface	Fracking water	Shale carbon reservoir	Shale carbon reservoir	5	1	24	0	0	24	gold.ecosystem:5584
Host-associated > Arthropoda: Insects > Excretory system > Malpighian tubules	Host-associated	Arthropoda: Insects	Excretory system	Malpighian tubules		Malpighian tubules	4	2	24	0	0	24	gold.ecosystem:7185|gold.ecosystem:7186
Host-associated > Birds > Circulatory system	Host-associated	Birds	Circulatory system			Circulatory system	3	3	24	0	0	24	gold.ecosystem:3598|gold.ecosystem:4785|gold.ecosystem:4786
Engineered > Solid waste > Bagasse	Engineered	Solid waste	Bagasse			Bagasse	3	3	23	0	0	23	gold.ecosystem:4925|gold.ecosystem:5757|gold.ecosystem:5758
Host-associated > Arthropoda: Myriapoda > Digestive system > Gut	Host-associated	Arthropoda: Myriapoda	Digestive system	Gut		Gut	4	2	23	0	0	23	gold.ecosystem:3628|gold.ecosystem:4072
Host-associated > Fish > Integumentary system > Skin > Lesion	Host-associated	Fish	Integumentary system	Skin	Lesion	Lesion	5	1	23	0	0	23	gold.ecosystem:6932
Host-associated > Mammals > Digestive system > Small intestine	Host-associated	Mammals	Digestive system	Small intestine		Small intestine	4	2	23	0	0	23	gold.ecosystem:5039|gold.ecosystem:5040
Host-associated > Tunicates	Host-associated	Tunicates				Tunicates	2	4	23	0	0	23	gold.ecosystem:3377|gold.ecosystem:4567|gold.ecosystem:4568|gold.ecosystem:4569
Engineered > Food production > Fermentation cellar > Pit mud	Engineered	Food production	Fermentation cellar	Pit mud		Pit mud	4	2	22	0	0	22	gold.ecosystem:5633|gold.ecosystem:5634
Environmental > Aquatic > Freshwater > Groundwater > Contaminated	Environmental	Aquatic	Freshwater	Groundwater	Contaminated	Contaminated	5	1	22	0	0	22	gold.ecosystem:4166
Environmental > Aquatic > Marine > Cold seeps > Sediment	Environmental	Aquatic	Marine	Cold seeps	Sediment	Sediment	5	1	22	0	0	22	gold.ecosystem:4024
Host-associated > Birds > Digestive system > Large intestine	Host-associated	Birds	Digestive system	Large intestine		Large intestine	4	2	22	0	0	22	gold.ecosystem:4956|gold.ecosystem:6907
Host-associated > Mollusca > Larvae	Host-associated	Mollusca	Larvae			Larvae	3	3	22	0	0	22	gold.ecosystem:4630|gold.ecosystem:4631|gold.ecosystem:4632
Host-associated > Plants > Phyllosphere > Stem > Wood decay	Host-associated	Plants	Phyllosphere	Stem	Wood decay	Wood decay	5	1	22	0	0	22	gold.ecosystem:7754
Engineered > Solid waste > Animal waste > Poultry litter	Engineered	Solid waste	Animal waste	Poultry litter		Poultry litter	4	2	21	0	0	21	gold.ecosystem:7100|gold.ecosystem:7101
Environmental > Aquatic > Marine > Coastal lagoon > Sediment	Environmental	Aquatic	Marine	Coastal lagoon	Sediment	Sediment	5	1	21	0	0	21	gold.ecosystem:7875
Environmental > Aquatic > Marine > Deep subsurface	Environmental	Aquatic	Marine	Deep subsurface		Deep subsurface	4	2	21	0	0	21	gold.ecosystem:5368|gold.ecosystem:5369
Environmental > Terrestrial > Plant litter > Decayed wood	Environmental	Terrestrial	Plant litter	Decayed wood		Decayed wood	4	2	21	0	0	21	gold.ecosystem:7116|gold.ecosystem:7117
Host-associated > Arthropoda: Insects > Larva > Gut	Host-associated	Arthropoda: Insects	Larva	Gut		Gut	4	2	21	0	0	21	gold.ecosystem:7173|gold.ecosystem:7174
Host-associated > Birds > Reproductive system	Host-associated	Birds	Reproductive system			Reproductive system	3	3	21	0	0	21	gold.ecosystem:3601|gold.ecosystem:3717|gold.ecosystem:4157
Host-associated > Birds > Respiratory system > Trachea > Syrinx	Host-associated	Birds	Respiratory system	Trachea	Syrinx	Syrinx	5	1	21	0	0	21	gold.ecosystem:7439
Host-associated > Invertebrates > Echinodermata	Host-associated	Invertebrates	Echinodermata			Echinodermata	3	3	21	0	0	21	gold.ecosystem:3565|gold.ecosystem:4802|gold.ecosystem:4803
Host-associated > Mammals > Digestive system > Stomach > Rumen fluid	Host-associated	Mammals	Digestive system	Stomach	Rumen fluid	Rumen fluid	5	1	21	0	0	21	gold.ecosystem:6389
Host-associated > Mammals: Human > Digestive system > Oral cavity > Periodontal pockets	Host-associated	Mammals: Human	Digestive system	Oral cavity	Periodontal pockets	Periodontal pockets	5	1	21	0	0	21	gold.ecosystem:3908
Host-associated > Plants > Rhizome > Stem tuber	Host-associated	Plants	Rhizome	Stem tuber		Stem tuber	4	2	21	0	0	21	gold.ecosystem:4993|gold.ecosystem:4994
Environmental > Aquatic > Freshwater > Wetlands > Sediment	Environmental	Aquatic	Freshwater	Wetlands	Sediment	Sediment	5	1	20	0	0	20	gold.ecosystem:4183
Environmental > Terrestrial > Soil > Manure-fertilized	Environmental	Terrestrial	Soil	Manure-fertilized		Manure-fertilized	4	2	20	0	0	20	gold.ecosystem:5753|gold.ecosystem:5754
Environmental > Terrestrial > Soil > Tropical forest > Bulk soil	Environmental	Terrestrial	Soil	Tropical forest	Bulk soil	Bulk soil	5	1	20	0	0	20	gold.ecosystem:6016
Environmental > Terrestrial > Soil > Wetlands > Permafrost	Environmental	Terrestrial	Soil	Wetlands	Permafrost	Permafrost	5	1	20	0	0	20	gold.ecosystem:4234
Host-associated > Arthropoda: Insects > Digestive system > Hindgut	Host-associated	Arthropoda: Insects	Digestive system	Hindgut		Hindgut	4	2	20	0	0	20	gold.ecosystem:7158|gold.ecosystem:7180
Host-associated > Mammals > Circulatory system > Heart	Host-associated	Mammals	Circulatory system	Heart		Heart	4	2	20	0	0	20	gold.ecosystem:4987|gold.ecosystem:4988
Host-associated > Mammals > Digestive system > Stomach	Host-associated	Mammals	Digestive system	Stomach		Stomach	4	2	20	0	0	20	gold.ecosystem:3664|gold.ecosystem:4112
Host-associated > Mammals: Human > Digestive system > Large intestine	Host-associated	Mammals: Human	Digestive system	Large intestine		Large intestine	4	2	20	0	0	20	gold.ecosystem:3683|gold.ecosystem:3922
Host-associated > Mammals: Human > Digestive system > Lower gastrointestinal tract	Host-associated	Mammals: Human	Digestive system	Lower gastrointestinal tract		Lower gastrointestinal tract	4	2	20	0	0	20	gold.ecosystem:6092|gold.ecosystem:6264
Host-associated > Mammals: Human > Visual system	Host-associated	Mammals: Human	Visual system			Visual system	3	3	20	0	0	20	gold.ecosystem:4497|gold.ecosystem:4498|gold.ecosystem:4499
Host-associated > Mammals: Human > Visual system > Conjunctiva	Host-associated	Mammals: Human	Visual system	Conjunctiva		Conjunctiva	4	2	20	0	0	20	gold.ecosystem:5239|gold.ecosystem:5240
Environmental > Terrestrial > Soil > Loam > Forest soil	Environmental	Terrestrial	Soil	Loam	Forest soil	Forest soil	5	1	19	0	0	19	gold.ecosystem:4239
Environmental > Terrestrial > Soil > Salt flat/Salt pan	Environmental	Terrestrial	Soil	Salt flat/Salt pan		Salt flat/Salt pan	4	2	19	0	0	19	gold.ecosystem:7963|gold.ecosystem:7964
Host-associated > Arthropoda: Insects > Ootheca/Egg mass > Eggs	Host-associated	Arthropoda: Insects	Ootheca/Egg mass	Eggs		Eggs	4	2	19	0	0	19	gold.ecosystem:7140|gold.ecosystem:7141
Host-associated > Mollusca > Digestive system > Gut	Host-associated	Mollusca	Digestive system	Gut		Gut	4	2	19	0	0	19	gold.ecosystem:5067|gold.ecosystem:5068
Host-associated > Plants > Roots > Rhizoplane	Host-associated	Plants	Roots	Rhizoplane		Rhizoplane	4	2	19	0	0	19	gold.ecosystem:5323|gold.ecosystem:5784
Engineered > Artificial ecosystem > Aquaculture > Fish pond	Engineered	Artificial ecosystem	Aquaculture	Fish pond		Fish pond	4	2	18	0	0	18	gold.ecosystem:7998|gold.ecosystem:7999
Engineered > Sewage treatment plant > Activated sludge	Engineered	Sewage treatment plant	Activated sludge			Activated sludge	3	3	18	0	0	18	gold.ecosystem:5622|gold.ecosystem:5623|gold.ecosystem:5624
Environmental > Aquatic > Freshwater > Groundwater > Acid Mine Drainage	Environmental	Aquatic	Freshwater	Groundwater	Acid Mine Drainage	Acid Mine Drainage	5	1	18	0	0	18	gold.ecosystem:4164
Environmental > Aquatic > Freshwater > Lake > Microbial mats	Environmental	Aquatic	Freshwater	Lake	Microbial mats	Microbial mats	5	1	18	0	0	18	gold.ecosystem:5375
Environmental > Aquatic > Freshwater > Rainwater	Environmental	Aquatic	Freshwater	Rainwater		Rainwater	4	2	18	0	0	18	gold.ecosystem:8103|gold.ecosystem:8104
Environmental > Aquatic > Marine > Inlet > Sediment	Environmental	Aquatic	Marine	Inlet	Sediment	Sediment	5	1	18	0	0	18	gold.ecosystem:8531
Environmental > Aquatic > Thermal springs > Hot (42-90C) > Neutral	Environmental	Aquatic	Thermal springs	Hot (42-90C)	Neutral	Neutral	5	1	18	0	0	18	gold.ecosystem:3998
Environmental > Terrestrial > Soil > Mangrove soil	Environmental	Terrestrial	Soil	Mangrove soil		Mangrove soil	4	2	18	0	0	18	gold.ecosystem:5799|gold.ecosystem:5800
Host-associated > Mammals > Respiratory system > Trachea	Host-associated	Mammals	Respiratory system	Trachea		Trachea	4	2	18	0	0	18	gold.ecosystem:5174|gold.ecosystem:5175
Engineered > Built environment > Building	Engineered	Built environment	Building			Building	3	3	17	0	0	17	gold.ecosystem:5570|gold.ecosystem:5571|gold.ecosystem:5572
Engineered > Solid waste > Agricultural waste > Composting	Engineered	Solid waste	Agricultural waste	Composting		Composting	4	2	17	0	0	17	gold.ecosystem:4909|gold.ecosystem:4910
Engineered > Wastewater > Industrial wastewater > Hospital wastewater	Engineered	Wastewater	Industrial wastewater	Hospital wastewater		Hospital wastewater	4	2	17	0	0	17	gold.ecosystem:4917|gold.ecosystem:4918
Environmental > Aquatic > Freshwater > Ice > Glacial lake	Environmental	Aquatic	Freshwater	Ice	Glacial lake	Glacial lake	5	1	17	0	0	17	gold.ecosystem:4060
Environmental > Aquatic > Freshwater > Tap water	Environmental	Aquatic	Freshwater	Tap water		Tap water	4	2	17	0	0	17	gold.ecosystem:5359|gold.ecosystem:5360
Environmental > Aquatic > Marine > Coastal > Brine	Environmental	Aquatic	Marine	Coastal	Brine	Brine	5	1	17	0	0	17	gold.ecosystem:5391
Environmental > Terrestrial > Soil > Peat	Environmental	Terrestrial	Soil	Peat		Peat	4	2	17	0	0	17	gold.ecosystem:5620|gold.ecosystem:5803
Host-associated > Birds > Digestive system > Large intestine > Rectum	Host-associated	Birds	Digestive system	Large intestine	Rectum	Rectum	5	1	17	0	0	17	gold.ecosystem:6906
Host-associated > Invertebrates > Echinodermata > Sea cucumber	Host-associated	Invertebrates	Echinodermata	Sea cucumber		Sea cucumber	4	2	17	0	0	17	gold.ecosystem:5247|gold.ecosystem:5248
Host-associated > Mammals: Human > Digestive system > Large intestine > Colon mucosa	Host-associated	Mammals: Human	Digestive system	Large intestine	Colon mucosa	Colon mucosa	5	1	17	0	0	17	gold.ecosystem:6105
Host-associated > Mammals: Human > Integumentary system > Skin > Abscess	Host-associated	Mammals: Human	Integumentary system	Skin	Abscess	Abscess	5	1	17	0	0	17	gold.ecosystem:6342
Host-associated > Mollusca > Digestive system	Host-associated	Mollusca	Digestive system			Digestive system	3	3	17	0	0	17	gold.ecosystem:3543|gold.ecosystem:3884|gold.ecosystem:4322
Host-associated > Mollusca > Respiratory system > Gills	Host-associated	Mollusca	Respiratory system	Gills		Gills	4	2	17	0	0	17	gold.ecosystem:3887|gold.ecosystem:4327
Engineered > Wastewater > Industrial wastewater > Acid mine drainage	Engineered	Wastewater	Industrial wastewater	Acid mine drainage		Acid mine drainage	4	2	16	0	0	16	gold.ecosystem:6075|gold.ecosystem:8141
Environmental > Aquatic > Marine > Abyssopelagic	Environmental	Aquatic	Marine	Abyssopelagic		Abyssopelagic	4	2	16	0	0	16	gold.ecosystem:5339|gold.ecosystem:5340
Environmental > Aquatic > Non-marine Saline and Alkaline > Salt marsh	Environmental	Aquatic	Non-marine Saline and Alkaline	Salt marsh		Salt marsh	4	2	16	0	0	16	gold.ecosystem:7711|gold.ecosystem:7712
Environmental > Terrestrial > Soil > Organic layer	Environmental	Terrestrial	Soil	Organic layer		Organic layer	4	2	16	0	0	16	gold.ecosystem:5586|gold.ecosystem:5822
Host-associated > Invertebrates > Echinodermata > Sea Star	Host-associated	Invertebrates	Echinodermata	Sea Star		Sea Star	4	2	16	0	0	16	gold.ecosystem:4682|gold.ecosystem:4683
Host-associated > Mammals > Digestive system > Small intestine > Ileum	Host-associated	Mammals	Digestive system	Small intestine	Ileum	Ileum	5	1	16	0	0	16	gold.ecosystem:6133
Host-associated > Mammals: Human > Auditory/Hearing system > Middle ear > Effusion	Host-associated	Mammals: Human	Auditory/Hearing system	Middle ear	Effusion	Effusion	5	1	16	0	0	16	gold.ecosystem:6274
Host-associated > Mammals: Human > Lymphatic system > Lymph nodes > Cervical/Neck nodes	Host-associated	Mammals: Human	Lymphatic system	Lymph nodes	Cervical/Neck nodes	Cervical/Neck nodes	5	1	16	0	0	16	gold.ecosystem:6182
Host-associated > Mammals: Human > Lymphatic system > Lymph nodes > Groin nodes	Host-associated	Mammals: Human	Lymphatic system	Lymph nodes	Groin nodes	Groin nodes	5	1	16	0	0	16	gold.ecosystem:6533
Host-associated > Mammals: Human > Lymphatic system > Spleen > Splenic aspirate	Host-associated	Mammals: Human	Lymphatic system	Spleen	Splenic aspirate	Splenic aspirate	5	1	16	0	0	16	gold.ecosystem:6290
Host-associated > Protists > Dinoflagellates	Host-associated	Protists	Dinoflagellates			Dinoflagellates	3	3	16	0	0	16	gold.ecosystem:4627|gold.ecosystem:4628|gold.ecosystem:4629
Engineered > Bioreactor > Wastewater > Sludge	Engineered	Bioreactor	Wastewater	Sludge		Sludge	4	2	15	0	0	15	gold.ecosystem:5601|gold.ecosystem:5602
Engineered > Built environment > Solar panel	Engineered	Built environment	Solar panel			Solar panel	3	3	15	0	0	15	gold.ecosystem:4637|gold.ecosystem:4638|gold.ecosystem:4639
Engineered > Food production > Sourdough	Engineered	Food production	Sourdough			Sourdough	3	3	15	0	0	15	gold.ecosystem:5327|gold.ecosystem:5328|gold.ecosystem:5329
Engineered > WWTP > Influent > Raw wastewater > Municipal and sewage	Engineered	WWTP	Influent	Raw wastewater	Municipal and sewage	Municipal and sewage	5	1	15	0	0	15	gold.ecosystem:6080
Environmental > Aquatic > Marine > Oceanic > Abyssal plane	Environmental	Aquatic	Marine	Oceanic	Abyssal plane	Abyssal plane	5	1	15	0	0	15	gold.ecosystem:4006
Environmental > Aquatic > Marine > Oceanic > Benthic	Environmental	Aquatic	Marine	Oceanic	Benthic	Benthic	5	1	15	0	0	15	gold.ecosystem:4040
Host-associated > Mammals: Human > Digestive system > Oral cavity > Gingival crevice/sulcus	Host-associated	Mammals: Human	Digestive system	Oral cavity	Gingival crevice/sulcus	Gingival crevice/sulcus	5	1	15	0	0	15	gold.ecosystem:5192
Host-associated > Reptilia > Digestive system	Host-associated	Reptilia	Digestive system			Digestive system	3	3	15	0	0	15	gold.ecosystem:4691|gold.ecosystem:4807|gold.ecosystem:4808
Engineered > Built environment > Oil refinery > Oil-contaminated sediment	Engineered	Built environment	Oil refinery	Oil-contaminated sediment		Oil-contaminated sediment	4	2	14	0	0	14	gold.ecosystem:5765|gold.ecosystem:5766
Engineered > Food production > Salt > Solar salt	Engineered	Food production	Salt	Solar salt		Solar salt	4	2	14	0	0	14	gold.ecosystem:8058|gold.ecosystem:8059
Engineered > Lab culture > Culture media > Bacteria	Engineered	Lab culture	Culture media	Bacteria		Bacteria	4	2	14	0	0	14	gold.ecosystem:5985|gold.ecosystem:7149
Engineered > Lab enrichment > Undefined media	Engineered	Lab enrichment	Undefined media			Undefined media	3	3	14	0	0	14	gold.ecosystem:3519|gold.ecosystem:3853|gold.ecosystem:4286
Engineered > WWTP > Anaerobic digester > Sludge	Engineered	WWTP	Anaerobic digester	Sludge		Sludge	4	2	14	0	0	14	gold.ecosystem:5477|gold.ecosystem:5478
Engineered > Wastewater > Industrial wastewater > Mine water	Engineered	Wastewater	Industrial wastewater	Mine water		Mine water	4	2	14	0	0	14	gold.ecosystem:3839|gold.ecosystem:4270
Environmental > Aquatic > Marine > Oceanic > Plankton	Environmental	Aquatic	Marine	Oceanic	Plankton	Plankton	5	1	14	0	0	14	gold.ecosystem:5378
Environmental > Terrestrial > Mud volcano	Environmental	Terrestrial	Mud volcano			Mud volcano	3	3	14	0	0	14	gold.ecosystem:4687|gold.ecosystem:4688|gold.ecosystem:4689
Environmental > Terrestrial > Soil > Loam	Environmental	Terrestrial	Soil	Loam		Loam	4	2	14	0	0	14	gold.ecosystem:3816|gold.ecosystem:4241
Host-associated > Mammals > Digestive system > Large intestine > Cloaca	Host-associated	Mammals	Digestive system	Large intestine	Cloaca	Cloaca	5	1	14	0	0	14	gold.ecosystem:6708
Host-associated > Mammals > Muscular system > Skeletal muscle	Host-associated	Mammals	Muscular system	Skeletal muscle		Skeletal muscle	4	2	14	0	0	14	gold.ecosystem:6750|gold.ecosystem:6751
Host-associated > Mammals: Human > Abdominal/Peritoneal cavity	Host-associated	Mammals: Human	Abdominal/Peritoneal cavity			Abdominal/Peritoneal cavity	3	3	14	0	0	14	gold.ecosystem:5035|gold.ecosystem:5716|gold.ecosystem:5717
Engineered > Artificial ecosystem > Aquaculture	Engineered	Artificial ecosystem	Aquaculture			Aquaculture	3	3	13	0	0	13	gold.ecosystem:7990|gold.ecosystem:7991|gold.ecosystem:7992
Engineered > Artificial ecosystem > Aquaculture > Fish pen > Sediment	Engineered	Artificial ecosystem	Aquaculture	Fish pen	Sediment	Sediment	5	1	13	0	0	13	gold.ecosystem:8513
Engineered > Bioremediation > Metal	Engineered	Bioremediation	Metal			Metal	3	3	13	0	0	13	gold.ecosystem:3529|gold.ecosystem:3868|gold.ecosystem:4306
Engineered > Wastewater > Industrial wastewater > Agricultural wastewater	Engineered	Wastewater	Industrial wastewater	Agricultural wastewater		Agricultural wastewater	4	2	13	0	0	13	gold.ecosystem:3837|gold.ecosystem:4268
Environmental > Aquatic > Deep subsurface > Groundwater > Drilled well/Borehole	Environmental	Aquatic	Deep subsurface	Groundwater	Drilled well/Borehole	Drilled well/Borehole	5	1	13	0	0	13	gold.ecosystem:5958
Environmental > Aquatic > Freshwater > Reservoir > Sediment	Environmental	Aquatic	Freshwater	Reservoir	Sediment	Sediment	5	1	13	0	0	13	gold.ecosystem:8063
Environmental > Aquatic > Marine > Deep subsurface > Sediment	Environmental	Aquatic	Marine	Deep subsurface	Sediment	Sediment	5	1	13	0	0	13	gold.ecosystem:7272
Environmental > Terrestrial > Nest > Chelicerates nest	Environmental	Terrestrial	Nest	Chelicerates nest		Chelicerates nest	4	2	13	0	0	13	gold.ecosystem:7269|gold.ecosystem:7270
Host-associated > Amoebozoa	Host-associated	Amoebozoa				Amoebozoa	2	4	13	0	0	13	gold.ecosystem:5290|gold.ecosystem:7069|gold.ecosystem:7070|gold.ecosystem:7071
Host-associated > Mammals > Respiratory system > Pharynx/Throat	Host-associated	Mammals	Respiratory system	Pharynx/Throat		Pharynx/Throat	4	2	13	0	0	13	gold.ecosystem:5044|gold.ecosystem:5045
Host-associated > Mammals: Human > Integumentary system > Skin > Perineum	Host-associated	Mammals: Human	Integumentary system	Skin	Perineum	Perineum	5	1	13	0	0	13	gold.ecosystem:6289
Host-associated > Mammals: Human > Reproductive system > External organs > Penis	Host-associated	Mammals: Human	Reproductive system	External organs	Penis	Penis	5	1	13	0	0	13	gold.ecosystem:6288
Engineered > Bioreactor > Anaerobic > Biogas	Engineered	Bioreactor	Anaerobic	Biogas		Biogas	4	2	12	0	0	12	gold.ecosystem:5565|gold.ecosystem:5566
Environmental > Aquatic > Freshwater > Drinking water > Unchlorinated	Environmental	Aquatic	Freshwater	Drinking water	Unchlorinated	Unchlorinated	5	1	12	0	0	12	gold.ecosystem:4547
Environmental > Aquatic > Marine > Intertidal zone > Estuary: Microbial mat	Environmental	Aquatic	Marine	Intertidal zone	Estuary: Microbial mat	Estuary: Microbial mat	5	1	12	0	0	12	gold.ecosystem:7714
Environmental > Aquatic > Non-marine Saline and Alkaline > Alkaline > Carbonate	Environmental	Aquatic	Non-marine Saline and Alkaline	Alkaline	Carbonate	Carbonate	5	1	12	0	0	12	gold.ecosystem:3969
Environmental > Aquatic > Non-marine Saline and Alkaline > Solar solterns > Sediment	Environmental	Aquatic	Non-marine Saline and Alkaline	Solar solterns	Sediment	Sediment	5	1	12	0	0	12	gold.ecosystem:7930
Environmental > Terrestrial > Nest > Chelicerates nest > Spider web	Environmental	Terrestrial	Nest	Chelicerates nest	Spider web	Spider web	5	1	12	0	0	12	gold.ecosystem:7271
Host-associated > Invertebrates > Cnidaria > Coral > Mucus	Host-associated	Invertebrates	Cnidaria	Coral	Mucus	Mucus	5	1	12	0	0	12	gold.ecosystem:8085
Host-associated > Mammals > Digestive system > Oral cavity > Saliva	Host-associated	Mammals	Digestive system	Oral cavity	Saliva	Saliva	5	1	12	0	0	12	gold.ecosystem:4992
Host-associated > Mammals: Human > Auditory/Hearing system > Outer ear > Ear canal	Host-associated	Mammals: Human	Auditory/Hearing system	Outer ear	Ear canal	Ear canal	5	1	12	0	0	12	gold.ecosystem:6312
Host-associated > Mammals: Human > Respiratory system > Pleural space/cavity > Pleural fluid	Host-associated	Mammals: Human	Respiratory system	Pleural space/cavity	Pleural fluid	Pleural fluid	5	1	12	0	0	12	gold.ecosystem:6304
Engineered > Artificial ecosystem > Aquaculture > Fish tank	Engineered	Artificial ecosystem	Aquaculture	Fish tank		Fish tank	4	2	11	0	0	11	gold.ecosystem:8000|gold.ecosystem:8001
Engineered > Solid waste > Cellulose associated waste > Composting	Engineered	Solid waste	Cellulose associated waste	Composting		Composting	4	2	11	0	0	11	gold.ecosystem:4929|gold.ecosystem:4930
Environmental > Aquatic > Marine > Cold seeps	Environmental	Aquatic	Marine	Cold seeps		Cold seeps	4	2	11	0	0	11	gold.ecosystem:3773|gold.ecosystem:4023
Environmental > Aquatic > Marine > Oceanic > Oil-contaminated	Environmental	Aquatic	Marine	Oceanic	Oil-contaminated	Oil-contaminated	5	1	11	0	0	11	gold.ecosystem:4011
Environmental > Terrestrial > Soil > Clay > Agricultural land	Environmental	Terrestrial	Soil	Clay	Agricultural land	Agricultural land	5	1	11	0	0	11	gold.ecosystem:4230
Host-associated > Annelida > Digestive system	Host-associated	Annelida	Digestive system			Digestive system	3	3	11	0	0	11	gold.ecosystem:3553|gold.ecosystem:3890|gold.ecosystem:4330
Host-associated > Cephalochordata	Host-associated	Cephalochordata				Cephalochordata	2	4	11	0	0	11	gold.ecosystem:4958|gold.ecosystem:5171|gold.ecosystem:5172|gold.ecosystem:5173
Host-associated > Fish > Digestive system > Biliary tract > Liver	Host-associated	Fish	Digestive system	Biliary tract	Liver	Liver	5	1	11	0	0	11	gold.ecosystem:6928
Host-associated > Invertebrates > Platyhelminthes	Host-associated	Invertebrates	Platyhelminthes			Platyhelminthes	3	3	11	0	0	11	gold.ecosystem:4384|gold.ecosystem:4735|gold.ecosystem:4736
Host-associated > Mammals > Respiratory system > Pharynx/Throat > Oropharynx	Host-associated	Mammals	Respiratory system	Pharynx/Throat	Oropharynx	Oropharynx	5	1	11	0	0	11	gold.ecosystem:6378
Host-associated > Mammals: Human > Digestive system > Pharynx/Throat	Host-associated	Mammals: Human	Digestive system	Pharynx/Throat		Pharynx/Throat	4	2	11	0	0	11	gold.ecosystem:6099|gold.ecosystem:8261
Host-associated > Plants > Peat moss	Host-associated	Plants	Peat moss			Peat moss	3	3	11	0	0	11	gold.ecosystem:4431|gold.ecosystem:4432|gold.ecosystem:4433
Host-associated > Plants > Phyllosphere > Phylloplane/Leaf > Leaf lesion	Host-associated	Plants	Phyllosphere	Phylloplane/Leaf	Leaf lesion	Leaf lesion	5	1	11	0	0	11	gold.ecosystem:5321
Engineered > Industrial production > Chemical products	Engineered	Industrial production	Chemical products			Chemical products	3	3	10	0	0	10	gold.ecosystem:5579|gold.ecosystem:5787|gold.ecosystem:5788
Environmental > Aquatic > Freshwater > Ice > Snow	Environmental	Aquatic	Freshwater	Ice	Snow	Snow	5	1	10	0	0	10	gold.ecosystem:5544
Environmental > Aquatic > Freshwater > Lake > Hypolimnion/Profundal zone	Environmental	Aquatic	Freshwater	Lake	Hypolimnion/Profundal zone	Hypolimnion/Profundal zone	5	1	10	0	0	10	gold.ecosystem:5358
Environmental > Aquatic > Marine > Harbor	Environmental	Aquatic	Marine	Harbor		Harbor	4	2	10	0	0	10	gold.ecosystem:4453|gold.ecosystem:4454
Environmental > Aquatic > Marine > Harbor > Sediment	Environmental	Aquatic	Marine	Harbor	Sediment	Sediment	5	1	10	0	0	10	gold.ecosystem:6043
Environmental > Aquatic > Marine > Intertidal zone > Salt pond	Environmental	Aquatic	Marine	Intertidal zone	Salt pond	Salt pond	5	1	10	0	0	10	gold.ecosystem:7709
Environmental > Terrestrial > Soil > Glacier	Environmental	Terrestrial	Soil	Glacier		Glacier	4	2	10	0	0	10	gold.ecosystem:4744|gold.ecosystem:4745
Host-associated > Arthropoda: Myriapoda > Digestive system > Hindgut	Host-associated	Arthropoda: Myriapoda	Digestive system	Hindgut		Hindgut	4	2	10	0	0	10	gold.ecosystem:3626|gold.ecosystem:4067
Host-associated > Birds > Nervous system > Brain	Host-associated	Birds	Nervous system	Brain		Brain	4	2	10	0	0	10	gold.ecosystem:6911|gold.ecosystem:6912
Host-associated > Mammals > Digestive system > Biliary tract > Gallbladder	Host-associated	Mammals	Digestive system	Biliary tract	Gallbladder	Gallbladder	5	1	10	0	0	10	gold.ecosystem:6717
Host-associated > Mammals: Human > Nervous system	Host-associated	Mammals: Human	Nervous system			Nervous system	3	3	10	0	0	10	gold.ecosystem:3595|gold.ecosystem:3704|gold.ecosystem:3934
Host-associated > Mammals: Human > Reproductive system > External genitalia/Vulva	Host-associated	Mammals: Human	Reproductive system	External genitalia/Vulva		External genitalia/Vulva	4	2	10	0	0	10	gold.ecosystem:6245|gold.ecosystem:6246
Host-associated > Mammals: Human > Reproductive system > Vagina > Bartholin abscess	Host-associated	Mammals: Human	Reproductive system	Vagina	Bartholin abscess	Bartholin abscess	5	1	10	0	0	10	gold.ecosystem:6356
Host-associated > Mammals: Human > Respiratory system > Lung > Pulmonary fluid	Host-associated	Mammals: Human	Respiratory system	Lung	Pulmonary fluid	Pulmonary fluid	5	1	10	0	0	10	gold.ecosystem:5252
Host-associated > Mammals: Human > Skeletal system > Periprosthetic joint	Host-associated	Mammals: Human	Skeletal system	Periprosthetic joint		Periprosthetic joint	4	2	10	0	0	10	gold.ecosystem:6256|gold.ecosystem:6257
Engineered > Bioreactor > SSF (Solid state fermentation) > Unclassified > Biomass	Engineered	Bioreactor	SSF (Solid state fermentation)		Biomass	Biomass	5	1	9	0	0	9	gold.ecosystem:7766
Engineered > Bioremediation > Persistent organic pollutants (POP)	Engineered	Bioremediation	Persistent organic pollutants (POP)			Persistent organic pollutants (POP)	3	3	9	0	0	9	gold.ecosystem:3528|gold.ecosystem:4723|gold.ecosystem:4724
Engineered > Food production > Egg products	Engineered	Food production	Egg products			Egg products	3	3	9	0	0	9	gold.ecosystem:5886|gold.ecosystem:5887|gold.ecosystem:5888
Engineered > Industrial production > Chemical products > Distilled water	Engineered	Industrial production	Chemical products	Distilled water		Distilled water	4	2	9	0	0	9	gold.ecosystem:5911|gold.ecosystem:5912
Engineered > Sewage treatment plant > Sludge	Engineered	Sewage treatment plant	Sludge			Sludge	3	3	9	0	0	9	gold.ecosystem:5518|gold.ecosystem:5519|gold.ecosystem:5520
Engineered > Solid waste > Industrial waste	Engineered	Solid waste	Industrial waste			Industrial waste	3	3	9	0	0	9	gold.ecosystem:4937|gold.ecosystem:7131|gold.ecosystem:7132
Engineered > WWTP > Activated sludge	Engineered	WWTP	Activated sludge			Activated sludge	3	3	9	0	0	9	gold.ecosystem:5528|gold.ecosystem:5529|gold.ecosystem:5530
Environmental > Aquatic > Deep subsurface > Groundwater > Saline	Environmental	Aquatic	Deep subsurface	Groundwater	Saline	Saline	5	1	9	0	0	9	gold.ecosystem:5965
Environmental > Aquatic > Marine > Hydrothermal vents > Microbial mats	Environmental	Aquatic	Marine	Hydrothermal vents	Microbial mats	Microbial mats	5	1	9	0	0	9	gold.ecosystem:4028
Environmental > Aquatic > Marine > Intertidal zone > Salt marsh sediment	Environmental	Aquatic	Marine	Intertidal zone	Salt marsh sediment	Salt marsh sediment	5	1	9	0	0	9	gold.ecosystem:5590
Environmental > Aquatic > Non-marine Saline and Alkaline > Hypersaline > Microbial mats	Environmental	Aquatic	Non-marine Saline and Alkaline	Hypersaline	Microbial mats	Microbial mats	5	1	9	0	0	9	gold.ecosystem:3979
Environmental > Terrestrial > Soil > City park	Environmental	Terrestrial	Soil	City park		City park	4	2	9	0	0	9	gold.ecosystem:7133|gold.ecosystem:7134
Environmental > Terrestrial > Soil > Clay > Contaminated	Environmental	Terrestrial	Soil	Clay	Contaminated	Contaminated	5	1	9	0	0	9	gold.ecosystem:4231
Environmental > Terrestrial > Soil > Contaminated > Pesticide	Environmental	Terrestrial	Soil	Contaminated	Pesticide	Pesticide	5	1	9	0	0	9	gold.ecosystem:5885
Environmental > Terrestrial > Soil > Riverside	Environmental	Terrestrial	Soil	Riverside		Riverside	4	2	9	0	0	9	gold.ecosystem:7980|gold.ecosystem:7981
Environmental > Terrestrial > Soil > Temperate forest > Mineral soil	Environmental	Terrestrial	Soil	Temperate forest	Mineral soil	Mineral soil	5	1	9	0	0	9	gold.ecosystem:6013
Environmental > Terrestrial > Soil > Unclassified > Mine	Environmental	Terrestrial	Soil		Mine	Mine	5	1	9	0	0	9	gold.ecosystem:4218
Host-associated > Arthropoda: Insects > Circulatory system > Hemolymph	Host-associated	Arthropoda: Insects	Circulatory system	Hemolymph		Hemolymph	4	2	9	0	0	9	gold.ecosystem:7084|gold.ecosystem:7085
Host-associated > Birds > Respiratory system > Lung	Host-associated	Birds	Respiratory system	Lung		Lung	4	2	9	0	0	9	gold.ecosystem:4875|gold.ecosystem:4876
Host-associated > Fish > Digestive system > Foregut	Host-associated	Fish	Digestive system	Foregut		Foregut	4	2	9	0	0	9	gold.ecosystem:3646|gold.ecosystem:4789
Host-associated > Fish > Digestive system > Intestine > Fecal	Host-associated	Fish	Digestive system	Intestine	Fecal	Fecal	5	1	9	0	0	9	gold.ecosystem:4968
Host-associated > Mammals > Reproductive system > Seminal glands > Seminal fluid	Host-associated	Mammals	Reproductive system	Seminal glands	Seminal fluid	Seminal fluid	5	1	9	0	0	9	gold.ecosystem:7630
Host-associated > Mammals: Human > Auditory/Hearing system > Ear	Host-associated	Mammals: Human	Auditory/Hearing system	Ear		Ear	4	2	9	0	0	9	gold.ecosystem:7382|gold.ecosystem:7383
Host-associated > Mammals: Human > Integumentary system > Mammary gland > Breast abscess	Host-associated	Mammals: Human	Integumentary system	Mammary gland	Breast abscess	Breast abscess	5	1	9	0	0	9	gold.ecosystem:6322
Host-associated > Mammals: Human > Visual system > Eye	Host-associated	Mammals: Human	Visual system	Eye		Eye	4	2	9	0	0	9	gold.ecosystem:6315|gold.ecosystem:6316
Engineered > Food production > Meat products > Raw meat > Meat trim	Engineered	Food production	Meat products	Raw meat	Meat trim	Meat trim	5	1	8	0	0	8	gold.ecosystem:6493
Engineered > Lab enrichment > Defined media > Anaerobic media	Engineered	Lab enrichment	Defined media	Anaerobic media		Anaerobic media	4	2	8	0	0	8	gold.ecosystem:3856|gold.ecosystem:4289
Engineered > Solid waste > Animal waste > Composting	Engineered	Solid waste	Animal waste	Composting		Composting	4	2	8	0	0	8	gold.ecosystem:4935|gold.ecosystem:4936
Engineered > Solid waste > Vegetable > Composting	Engineered	Solid waste	Vegetable	Composting		Composting	4	2	8	0	0	8	gold.ecosystem:4933|gold.ecosystem:4934
Environmental > Aquatic > Freshwater > Agricultural field	Environmental	Aquatic	Freshwater	Agricultural field		Agricultural field	4	2	8	0	0	8	gold.ecosystem:5741|gold.ecosystem:5742
Environmental > Aquatic > Freshwater > Bog lake	Environmental	Aquatic	Freshwater	Bog lake		Bog lake	4	2	8	0	0	8	gold.ecosystem:7788|gold.ecosystem:7789
Environmental > Aquatic > Freshwater > Drainage ditch > Sediment	Environmental	Aquatic	Freshwater	Drainage ditch	Sediment	Sediment	5	1	8	0	0	8	gold.ecosystem:7924
Environmental > Aquatic > Freshwater > Lake > Algal bloom	Environmental	Aquatic	Freshwater	Lake	Algal bloom	Algal bloom	5	1	8	0	0	8	gold.ecosystem:5349
Environmental > Aquatic > Freshwater > Wetlands > Swamp	Environmental	Aquatic	Freshwater	Wetlands	Swamp	Swamp	5	1	8	0	0	8	gold.ecosystem:4182
Environmental > Aquatic > Marine > Pelagic zone > Epipelagic/Euphotic zone	Environmental	Aquatic	Marine	Pelagic zone	Epipelagic/Euphotic zone	Epipelagic/Euphotic zone	5	1	8	0	0	8	gold.ecosystem:7897
Environmental > Terrestrial > Sargassum > Dried seaweeds	Environmental	Terrestrial	Sargassum	Dried seaweeds		Dried seaweeds	4	2	8	0	0	8	gold.ecosystem:7121|gold.ecosystem:7122
Host-associated > Mammals > Nervous system	Host-associated	Mammals	Nervous system			Nervous system	3	3	8	0	0	8	gold.ecosystem:3582|gold.ecosystem:3674|gold.ecosystem:4124
Host-associated > Mammals: Human > Circulatory system	Host-associated	Mammals: Human	Circulatory system			Circulatory system	3	3	8	0	0	8	gold.ecosystem:3589|gold.ecosystem:4763|gold.ecosystem:4764
Host-associated > Mammals: Human > Respiratory system > Bronchi	Host-associated	Mammals: Human	Respiratory system	Bronchi		Bronchi	4	2	8	0	0	8	gold.ecosystem:6185|gold.ecosystem:6186
Engineered > Built environment > House > Dust	Engineered	Built environment	House	Dust		Dust	4	2	7	0	0	7	gold.ecosystem:5533|gold.ecosystem:5534
Engineered > Lab enrichment > Defined media > Marine media	Engineered	Lab enrichment	Defined media	Marine media		Marine media	4	2	7	0	0	7	gold.ecosystem:3857|gold.ecosystem:4291
Engineered > Solid waste > Animal waste > Manure slurry	Engineered	Solid waste	Animal waste	Manure slurry		Manure slurry	4	2	7	0	0	7	gold.ecosystem:6488|gold.ecosystem:6489
Engineered > Solid waste > Vermicompost	Engineered	Solid waste	Vermicompost			Vermicompost	3	3	7	0	0	7	gold.ecosystem:4940|gold.ecosystem:4941|gold.ecosystem:4942
Engineered > WWTP	Engineered	WWTP				WWTP	2	4	7	0	0	7	gold.ecosystem:4669|gold.ecosystem:8172|gold.ecosystem:8173|gold.ecosystem:8174
Environmental > Aquatic > Deep subsurface	Environmental	Aquatic	Deep subsurface			Deep subsurface	3	3	7	0	0	7	gold.ecosystem:5952|gold.ecosystem:8301|gold.ecosystem:8302
Environmental > Aquatic > Deep subsurface > Groundwater > Cave pool sediment	Environmental	Aquatic	Deep subsurface	Groundwater	Cave pool sediment	Cave pool sediment	5	1	7	0	0	7	gold.ecosystem:5968
Environmental > Aquatic > Freshwater > Lake > Epilimnion/Euphotic zone	Environmental	Aquatic	Freshwater	Lake	Epilimnion/Euphotic zone	Epilimnion/Euphotic zone	5	1	7	0	0	7	gold.ecosystem:5357
Environmental > Aquatic > Marine > Coastal lagoon	Environmental	Aquatic	Marine	Coastal lagoon		Coastal lagoon	4	2	7	0	0	7	gold.ecosystem:7873|gold.ecosystem:7874
Environmental > Aquatic > Marine > Littoral zone > Neritic zone/Coastal water	Environmental	Aquatic	Marine	Littoral zone	Neritic zone/Coastal water	Neritic zone/Coastal water	5	1	7	0	0	7	gold.ecosystem:7912
Environmental > Aquatic > Marine > Oil seeps	Environmental	Aquatic	Marine	Oil seeps		Oil seeps	4	2	7	0	0	7	gold.ecosystem:3775|gold.ecosystem:4026
Environmental > Aquatic > Non-marine Saline and Alkaline > Saline > Microbial mats	Environmental	Aquatic	Non-marine Saline and Alkaline	Saline	Microbial mats	Microbial mats	5	1	7	0	0	7	gold.ecosystem:3974
Environmental > Aquatic > Non-marine Saline and Alkaline > Soda lake > Microbial mats	Environmental	Aquatic	Non-marine Saline and Alkaline	Soda lake	Microbial mats	Microbial mats	5	1	7	0	0	7	gold.ecosystem:7890
Environmental > Aquatic > Thermal springs > Geothermal pool/Hot lake	Environmental	Aquatic	Thermal springs	Geothermal pool/Hot lake		Geothermal pool/Hot lake	4	2	7	0	0	7	gold.ecosystem:8064|gold.ecosystem:8066
Environmental > Terrestrial > Deep subsurface > Water well	Environmental	Terrestrial	Deep subsurface	Water well		Water well	4	2	7	0	0	7	gold.ecosystem:4606|gold.ecosystem:4607
Environmental > Terrestrial > Soil > Biofilm	Environmental	Terrestrial	Soil	Biofilm		Biofilm	4	2	7	0	0	7	gold.ecosystem:5433|gold.ecosystem:5434
Environmental > Terrestrial > Soil > Clay > Oil-contaminated	Environmental	Terrestrial	Soil	Clay	Oil-contaminated	Oil-contaminated	5	1	7	0	0	7	gold.ecosystem:4232
Environmental > Terrestrial > Soil > Peat > Thermokarst pond	Environmental	Terrestrial	Soil	Peat	Thermokarst pond	Thermokarst pond	5	1	7	0	0	7	gold.ecosystem:5818
Environmental > Terrestrial > Soil > Sand > Oil-contaminated	Environmental	Terrestrial	Soil	Sand	Oil-contaminated	Oil-contaminated	5	1	7	0	0	7	gold.ecosystem:4204
Host-associated > Birds > Digestive system > Small intestine	Host-associated	Birds	Digestive system	Small intestine		Small intestine	4	2	7	0	0	7	gold.ecosystem:3712|gold.ecosystem:4784
Host-associated > Fish > Circulatory system > Blood	Host-associated	Fish	Circulatory system	Blood		Blood	4	2	7	0	0	7	gold.ecosystem:3650|gold.ecosystem:3902
Host-associated > Fish > Integumentary system > Skin > Epidermal mucus	Host-associated	Fish	Integumentary system	Skin	Epidermal mucus	Epidermal mucus	5	1	7	0	0	7	gold.ecosystem:6921
Host-associated > Fish > Lymphatic system > Spleen	Host-associated	Fish	Lymphatic system	Spleen		Spleen	4	2	7	0	0	7	gold.ecosystem:7560|gold.ecosystem:7561
Host-associated > Mammals > Visual system > Eye	Host-associated	Mammals	Visual system	Eye		Eye	4	2	7	0	0	7	gold.ecosystem:6408|gold.ecosystem:6475
Host-associated > Mammals: Human > Digestive system > Oral cavity > Parotid abscess	Host-associated	Mammals: Human	Digestive system	Oral cavity	Parotid abscess	Parotid abscess	5	1	7	0	0	7	gold.ecosystem:6349
Host-associated > Mammals: Human > Reproductive system > Vagina > Midpoint	Host-associated	Mammals: Human	Reproductive system	Vagina	Midpoint	Midpoint	5	1	7	0	0	7	gold.ecosystem:4139
Host-associated > Plants > Phyllosphere > Caulosphere	Host-associated	Plants	Phyllosphere	Caulosphere		Caulosphere	4	2	7	0	0	7	gold.ecosystem:4524|gold.ecosystem:4525
Host-associated > Plants > Phyllosphere > Stem > Wood/Secondary xylem	Host-associated	Plants	Phyllosphere	Stem	Wood/Secondary xylem	Wood/Secondary xylem	5	1	7	0	0	7	gold.ecosystem:7753
Host-associated > Porifera > Sponge > Tissue	Host-associated	Porifera	Sponge	Tissue		Tissue	4	2	7	0	0	7	gold.ecosystem:5998|gold.ecosystem:5999
Engineered > Bioremediation	Engineered	Bioremediation				Bioremediation	2	4	6	0	0	6	gold.ecosystem:2893|gold.ecosystem:3527|gold.ecosystem:3866|gold.ecosystem:4304
Engineered > Food production > Meat products > Fermented meat products	Engineered	Food production	Meat products	Fermented meat products		Fermented meat products	4	2	6	0	0	6	gold.ecosystem:5453|gold.ecosystem:5454
Engineered > Lab enrichment > Defined media	Engineered	Lab enrichment	Defined media			Defined media	3	3	6	0	0	6	gold.ecosystem:3520|gold.ecosystem:3854|gold.ecosystem:4287
Engineered > Lab enrichment > Defined media > Aerobic media	Engineered	Lab enrichment	Defined media	Aerobic media		Aerobic media	4	2	6	0	0	6	gold.ecosystem:3855|gold.ecosystem:4288
Engineered > Solid waste > Household waste > Composting	Engineered	Solid waste	Household waste	Composting		Composting	4	2	6	0	0	6	gold.ecosystem:4906|gold.ecosystem:4907
Environmental > Aquatic > Freshwater > Lake > Biofilm	Environmental	Aquatic	Freshwater	Lake	Biofilm	Biofilm	5	1	6	0	0	6	gold.ecosystem:7640
Environmental > Aquatic > Freshwater > Lake > Cyanobacterial aggregates	Environmental	Aquatic	Freshwater	Lake	Cyanobacterial aggregates	Cyanobacterial aggregates	5	1	6	0	0	6	gold.ecosystem:8088
Environmental > Aquatic > Freshwater > Lake > Estuary	Environmental	Aquatic	Freshwater	Lake	Estuary	Estuary	5	1	6	0	0	6	gold.ecosystem:7880
Environmental > Aquatic > Marine > Intertidal zone > Coral reef	Environmental	Aquatic	Marine	Intertidal zone	Coral reef	Coral reef	5	1	6	0	0	6	gold.ecosystem:4014
Environmental > Aquatic > Marine > Waste > Plastic	Environmental	Aquatic	Marine	Waste	Plastic	Plastic	5	1	6	0	0	6	gold.ecosystem:8418
Environmental > Aquatic > Non-marine Saline and Alkaline > Alkaline	Environmental	Aquatic	Non-marine Saline and Alkaline	Alkaline		Alkaline	4	2	6	0	0	6	gold.ecosystem:3751|gold.ecosystem:3966
Environmental > Aquatic > Non-marine Saline and Alkaline > Hypersaline > Salt flat/Salt pan	Environmental	Aquatic	Non-marine Saline and Alkaline	Hypersaline	Salt flat/Salt pan	Salt flat/Salt pan	5	1	6	0	0	6	gold.ecosystem:7927
Environmental > Aquatic > Thermal springs > Hot (42-90C) > Alkaline	Environmental	Aquatic	Thermal springs	Hot (42-90C)	Alkaline	Alkaline	5	1	6	0	0	6	gold.ecosystem:3994
Environmental > Terrestrial > Deep subsurface > Mine	Environmental	Terrestrial	Deep subsurface	Mine		Mine	4	2	6	0	0	6	gold.ecosystem:8182|gold.ecosystem:8183
Environmental > Terrestrial > Soil > Clay > Grasslands	Environmental	Terrestrial	Soil	Clay	Grasslands	Grasslands	5	1	6	0	0	6	gold.ecosystem:4228
Environmental > Terrestrial > Soil > Mud	Environmental	Terrestrial	Soil	Mud		Mud	4	2	6	0	0	6	gold.ecosystem:8266|gold.ecosystem:8267
Environmental > Terrestrial > Soil > Pasture	Environmental	Terrestrial	Soil	Pasture		Pasture	4	2	6	0	0	6	gold.ecosystem:5728|gold.ecosystem:6461
Environmental > Terrestrial > Soil > Unclassified > Mine drainage	Environmental	Terrestrial	Soil		Mine drainage	Mine drainage	5	1	6	0	0	6	gold.ecosystem:4221
Host-associated > Arthropoda: Crustaceans > Circulatory system > Hemolymph	Host-associated	Arthropoda: Crustaceans	Circulatory system	Hemolymph		Hemolymph	4	2	6	0	0	6	gold.ecosystem:7220|gold.ecosystem:7221
Host-associated > Birds > Digestive system > Biliary tract	Host-associated	Birds	Digestive system	Biliary tract		Biliary tract	4	2	6	0	0	6	gold.ecosystem:6896|gold.ecosystem:7436
Host-associated > Mammals > Digestive system > Small intestine > Jejunum	Host-associated	Mammals	Digestive system	Small intestine	Jejunum	Jejunum	5	1	6	0	0	6	gold.ecosystem:5253
Host-associated > Mammals > Integumentary system > Skin > Udder	Host-associated	Mammals	Integumentary system	Skin	Udder	Udder	5	1	6	0	0	6	gold.ecosystem:6400
Host-associated > Mammals: Human > Digestive system > Biliary tract > Liver	Host-associated	Mammals: Human	Digestive system	Biliary tract	Liver	Liver	5	1	6	0	0	6	gold.ecosystem:6295
Host-associated > Mammals: Human > Digestive system > Large intestine > Appendix	Host-associated	Mammals: Human	Digestive system	Large intestine	Appendix	Appendix	5	1	6	0	0	6	gold.ecosystem:6437
Host-associated > Mammals: Human > Thoracic cavity > Intrathoracic space > Thorax drainage	Host-associated	Mammals: Human	Thoracic cavity	Intrathoracic space	Thorax drainage	Thorax drainage	5	1	6	0	0	6	gold.ecosystem:6640
Host-associated > Plants > Phyllosphere > Anthosphere > Pollen	Host-associated	Plants	Phyllosphere	Anthosphere	Pollen	Pollen	5	1	6	0	0	6	gold.ecosystem:4621
Engineered > Animal feed production > Fermentation > Swine waste with corn	Engineered	Animal feed production	Fermentation	Swine waste with corn		Swine waste with corn	4	2	5	0	0	5	gold.ecosystem:6482|gold.ecosystem:6483
Engineered > Bioreactor > Continuous culture > Marine sediment inoculum	Engineered	Bioreactor	Continuous culture	Marine sediment inoculum		Marine sediment inoculum	4	2	5	0	0	5	gold.ecosystem:3849|gold.ecosystem:4853
Engineered > Built environment > Spacecraft Assembly Cleanrooms > Air	Engineered	Built environment	Spacecraft Assembly Cleanrooms	Air		Air	4	2	5	0	0	5	gold.ecosystem:5307|gold.ecosystem:5308
Engineered > Food production > Fermented food > Soy sauce	Engineered	Food production	Fermented food	Soy sauce		Soy sauce	4	2	5	0	0	5	gold.ecosystem:5598|gold.ecosystem:5599
Engineered > Solid waste > Urban waste > Composting	Engineered	Solid waste	Urban waste	Composting		Composting	4	2	5	0	0	5	gold.ecosystem:4944|gold.ecosystem:4945
Engineered > Wastewater > Industrial wastewater > Dairy farm	Engineered	Wastewater	Industrial wastewater	Dairy farm		Dairy farm	4	2	5	0	0	5	gold.ecosystem:5513|gold.ecosystem:5514
Engineered > Wastewater > Industrial wastewater > Pulp and paper wastewater	Engineered	Wastewater	Industrial wastewater	Pulp and paper wastewater		Pulp and paper wastewater	4	2	5	0	0	5	gold.ecosystem:3835|gold.ecosystem:4266
Environmental > Air > Indoor Air > Cattle barn	Environmental	Air	Indoor Air	Cattle barn		Cattle barn	4	2	5	0	0	5	gold.ecosystem:6491|gold.ecosystem:6492
Environmental > Aquatic > Deep subsurface > Groundwater > Spring	Environmental	Aquatic	Deep subsurface	Groundwater	Spring	Spring	5	1	5	0	0	5	gold.ecosystem:5961
Environmental > Aquatic > Freshwater > Drinking water > Untreated	Environmental	Aquatic	Freshwater	Drinking water	Untreated	Untreated	5	1	5	0	0	5	gold.ecosystem:5857
Environmental > Aquatic > Freshwater > Groundwater > Aquifer	Environmental	Aquatic	Freshwater	Groundwater	Aquifer	Aquifer	5	1	5	0	0	5	gold.ecosystem:5430
Environmental > Aquatic > Freshwater > Lake > Estuarine sediment	Environmental	Aquatic	Freshwater	Lake	Estuarine sediment	Estuarine sediment	5	1	5	0	0	5	gold.ecosystem:7881
Environmental > Aquatic > Freshwater > Lentic > Littoral zone	Environmental	Aquatic	Freshwater	Lentic	Littoral zone	Littoral zone	5	1	5	0	0	5	gold.ecosystem:4178
Environmental > Aquatic > Marine > Subtidal zone > Sediment	Environmental	Aquatic	Marine	Subtidal zone	Sediment	Sediment	5	1	5	0	0	5	gold.ecosystem:4647
Environmental > Aquatic > Marine > Waste	Environmental	Aquatic	Marine	Waste		Waste	4	2	5	0	0	5	gold.ecosystem:8417|gold.ecosystem:8420
Environmental > Aquatic > Thermal springs > Warm (34-42C) > Neutral	Environmental	Aquatic	Thermal springs	Warm (34-42C)	Neutral	Neutral	5	1	5	0	0	5	gold.ecosystem:3987
Environmental > Terrestrial > Deep subsurface > Salt mine > Sediment	Environmental	Terrestrial	Deep subsurface	Salt mine	Sediment	Sediment	5	1	5	0	0	5	gold.ecosystem:8135
Environmental > Terrestrial > Oil reservoir > Produced water	Environmental	Terrestrial	Oil reservoir	Produced water		Produced water	4	2	5	0	0	5	gold.ecosystem:5427|gold.ecosystem:5428
Environmental > Terrestrial > Plant litter > Litterfall > Leaves	Environmental	Terrestrial	Plant litter	Litterfall	Leaves	Leaves	5	1	5	0	0	5	gold.ecosystem:5992
Host-associated > Algae > Diatoms > Phycosphere	Host-associated	Algae	Diatoms	Phycosphere		Phycosphere	4	2	5	0	0	5	gold.ecosystem:7778|gold.ecosystem:7779
Host-associated > Arthropoda: Crustaceans > Digestive system	Host-associated	Arthropoda: Crustaceans	Digestive system			Digestive system	3	3	5	0	0	5	gold.ecosystem:7214|gold.ecosystem:7312|gold.ecosystem:7313
Host-associated > Arthropoda: Crustaceans > Digestive system > Midgut > Hepatopancreas	Host-associated	Arthropoda: Crustaceans	Digestive system	Midgut	Hepatopancreas	Hepatopancreas	5	1	5	0	0	5	gold.ecosystem:7216
Host-associated > Arthropoda: Insects > Digestive system > Midgut > Caeca: Bacteriome	Host-associated	Arthropoda: Insects	Digestive system	Midgut	Caeca: Bacteriome	Caeca: Bacteriome	5	1	5	0	0	5	gold.ecosystem:7193
Host-associated > Birds > Digestive system > Esophagus > Crop	Host-associated	Birds	Digestive system	Esophagus	Crop	Crop	5	1	5	0	0	5	gold.ecosystem:6894
Host-associated > Birds > Lymphatic system > Spleen	Host-associated	Birds	Lymphatic system	Spleen		Spleen	4	2	5	0	0	5	gold.ecosystem:5134|gold.ecosystem:5135
Host-associated > Mammals > Auditory/Hearing system > Inner ear	Host-associated	Mammals	Auditory/Hearing system	Inner ear		Inner ear	4	2	5	0	0	5	gold.ecosystem:6853|gold.ecosystem:6854
Host-associated > Mammals > Urinary system	Host-associated	Mammals	Urinary system			Urinary system	3	3	5	0	0	5	gold.ecosystem:6034|gold.ecosystem:6825|gold.ecosystem:6826
Host-associated > Mammals: Human > Digestive system > Oral cavity > Dental abscess	Host-associated	Mammals: Human	Digestive system	Oral cavity	Dental abscess	Dental abscess	5	1	5	0	0	5	gold.ecosystem:6345
Host-associated > Mammals: Human > Integumentary system > Skin > Umbilicus	Host-associated	Mammals: Human	Integumentary system	Skin	Umbilicus	Umbilicus	5	1	5	0	0	5	gold.ecosystem:6292
Host-associated > Mammals: Human > Respiratory system > Nasal cavity > Abscess	Host-associated	Mammals: Human	Respiratory system	Nasal cavity	Abscess	Abscess	5	1	5	0	0	5	gold.ecosystem:6338
Host-associated > Mollusca > Shell	Host-associated	Mollusca	Shell			Shell	3	3	5	0	0	5	gold.ecosystem:3546|gold.ecosystem:3888|gold.ecosystem:4328
Host-associated > Mollusca > Tissue	Host-associated	Mollusca	Tissue			Tissue	3	3	5	0	0	5	gold.ecosystem:4707|gold.ecosystem:4708|gold.ecosystem:4709
Host-associated > Plants > Phyllosphere > Anthosphere	Host-associated	Plants	Phyllosphere	Anthosphere		Anthosphere	4	2	5	0	0	5	gold.ecosystem:4537|gold.ecosystem:4538
Host-associated > Plants > Phyllosphere > Phylloplane/Leaf > Endosphere	Host-associated	Plants	Phyllosphere	Phylloplane/Leaf	Endosphere	Endosphere	5	1	5	0	0	5	gold.ecosystem:5990
Host-associated > Plants > Rhizoid	Host-associated	Plants	Rhizoid			Rhizoid	3	3	5	0	0	5	gold.ecosystem:5794|gold.ecosystem:5795|gold.ecosystem:5796
Engineered > Artificial ecosystem > Aquaculture > Crustaceans pond	Engineered	Artificial ecosystem	Aquaculture	Crustaceans pond		Crustaceans pond	4	2	4	0	0	4	gold.ecosystem:8002|gold.ecosystem:8003
Engineered > Built environment > Canal > Water	Engineered	Built environment	Canal	Water		Water	4	2	4	0	0	4	gold.ecosystem:5561|gold.ecosystem:5562
Engineered > Food production > Salt	Engineered	Food production	Salt			Salt	3	3	4	0	0	4	gold.ecosystem:8057|gold.ecosystem:8307|gold.ecosystem:8308
Engineered > Solid waste > Brown waste > Wood chips	Engineered	Solid waste	Brown waste	Wood chips		Wood chips	4	2	4	0	0	4	gold.ecosystem:7648|gold.ecosystem:7649
Engineered > Solid waste > Wood > Composting	Engineered	Solid waste	Wood	Composting		Composting	4	2	4	0	0	4	gold.ecosystem:4855|gold.ecosystem:4857
Engineered > Solid waste > Zoo waste > Composting	Engineered	Solid waste	Zoo waste	Composting		Composting	4	2	4	0	0	4	gold.ecosystem:4923|gold.ecosystem:4924
Engineered > Wastewater > Industrial wastewater > Landfill leachate	Engineered	Wastewater	Industrial wastewater	Landfill leachate		Landfill leachate	4	2	4	0	0	4	gold.ecosystem:3838|gold.ecosystem:4269
Engineered > Wastewater > Industrial wastewater > Mine water > Sediment	Engineered	Wastewater	Industrial wastewater	Mine water	Sediment	Sediment	5	1	4	0	0	4	gold.ecosystem:4690
Environmental > Aquatic > Freshwater > Wetlands > Marsh	Environmental	Aquatic	Freshwater	Wetlands	Marsh	Marsh	5	1	4	0	0	4	gold.ecosystem:4184
Environmental > Aquatic > Marine > Oceanic > Oil-contaminated sediment	Environmental	Aquatic	Marine	Oceanic	Oil-contaminated sediment	Oil-contaminated sediment	5	1	4	0	0	4	gold.ecosystem:4007
Environmental > Aquatic > Marine > Pelagic zone > Hadopelagic zone/Ocean trenches	Environmental	Aquatic	Marine	Pelagic zone	Hadopelagic zone/Ocean trenches	Hadopelagic zone/Ocean trenches	5	1	4	0	0	4	gold.ecosystem:7901
Environmental > Aquatic > Non-marine Saline and Alkaline > Hypersaline > Salt flat/Salt pan sediment	Environmental	Aquatic	Non-marine Saline and Alkaline	Hypersaline	Salt flat/Salt pan sediment	Salt flat/Salt pan sediment	5	1	4	0	0	4	gold.ecosystem:7962
Environmental > Terrestrial > Soil > Solonetz	Environmental	Terrestrial	Soil	Solonetz		Solonetz	4	2	4	0	0	4	gold.ecosystem:8516|gold.ecosystem:8517
Environmental > Terrestrial > Volcanic > Fumaroles	Environmental	Terrestrial	Volcanic	Fumaroles		Fumaroles	4	2	4	0	0	4	gold.ecosystem:3803|gold.ecosystem:4196
Host-associated > Algae > Microalgae	Host-associated	Algae	Microalgae			Microalgae	3	3	4	0	0	4	gold.ecosystem:4813|gold.ecosystem:4814|gold.ecosystem:4815
Host-associated > Annelida > Tissue	Host-associated	Annelida	Tissue			Tissue	3	3	4	0	0	4	gold.ecosystem:5113|gold.ecosystem:5114|gold.ecosystem:5115
Host-associated > Fish > Reproductive system	Host-associated	Fish	Reproductive system			Reproductive system	3	3	4	0	0	4	gold.ecosystem:3570|gold.ecosystem:3652|gold.ecosystem:4096
Host-associated > Invertebrates > Nematoda > Digestive system > Intestine	Host-associated	Invertebrates	Nematoda	Digestive system	Intestine	Intestine	5	1	4	0	0	4	gold.ecosystem:5246
Host-associated > Mammals: Human > Abdominal/Peritoneal cavity > Abscess	Host-associated	Mammals: Human	Abdominal/Peritoneal cavity	Abscess		Abscess	4	2	4	0	0	4	gold.ecosystem:6346|gold.ecosystem:6347
Host-associated > Mammals: Human > Auditory/Hearing system > Outer ear > Ear discharge	Host-associated	Mammals: Human	Auditory/Hearing system	Outer ear	Ear discharge	Ear discharge	5	1	4	0	0	4	gold.ecosystem:6305
Host-associated > Mammals: Human > Circulatory system > Heart	Host-associated	Mammals: Human	Circulatory system	Heart		Heart	4	2	4	0	0	4	gold.ecosystem:4997|gold.ecosystem:4998
Host-associated > Mammals: Human > Digestive system > Large intestine > Appendix abscess	Host-associated	Mammals: Human	Digestive system	Large intestine	Appendix abscess	Appendix abscess	5	1	4	0	0	4	gold.ecosystem:6348
Host-associated > Mammals: Human > Fetus	Host-associated	Mammals: Human	Fetus			Fetus	3	3	4	0	0	4	gold.ecosystem:6324|gold.ecosystem:6571|gold.ecosystem:6572
Host-associated > Mammals: Human > Integumentary system > Mammary gland	Host-associated	Mammals: Human	Integumentary system	Mammary gland		Mammary gland	4	2	4	0	0	4	gold.ecosystem:6119|gold.ecosystem:6505
Host-associated > Mammals: Human > Integumentary system > Skin > Axilla/Armpit	Host-associated	Mammals: Human	Integumentary system	Skin	Axilla/Armpit	Axilla/Armpit	5	1	4	0	0	4	gold.ecosystem:6117
Host-associated > Mammals: Human > Integumentary system > Skin > Ulcer	Host-associated	Mammals: Human	Integumentary system	Skin	Ulcer	Ulcer	5	1	4	0	0	4	gold.ecosystem:6339
Host-associated > Mammals: Human > Nervous system > Spinal cord > Abscess	Host-associated	Mammals: Human	Nervous system	Spinal cord	Abscess	Abscess	5	1	4	0	0	4	gold.ecosystem:7007
Host-associated > Mammals: Human > Reproductive system > Semen/Seminal fluid	Host-associated	Mammals: Human	Reproductive system	Semen/Seminal fluid		Semen/Seminal fluid	4	2	4	0	0	4	gold.ecosystem:7056|gold.ecosystem:7057
Host-associated > Plants > Phyllosphere > Seeds	Host-associated	Plants	Phyllosphere	Seeds		Seeds	4	2	4	0	0	4	gold.ecosystem:8476|gold.ecosystem:8477
Host-associated > Plants > Roots > Galls	Host-associated	Plants	Roots	Galls		Galls	4	2	4	0	0	4	gold.ecosystem:5785|gold.ecosystem:5786
Host-associated > Reptilia > Respiratory system	Host-associated	Reptilia	Respiratory system			Respiratory system	3	3	4	0	0	4	gold.ecosystem:4973|gold.ecosystem:5012|gold.ecosystem:5013
Host-associated > Reptilia > Respiratory system > Lung	Host-associated	Reptilia	Respiratory system	Lung		Lung	4	2	4	0	0	4	gold.ecosystem:5157|gold.ecosystem:5158
Engineered > Animal feed production > Fermentation	Engineered	Animal feed production	Fermentation			Fermentation	3	3	3	0	0	3	gold.ecosystem:6479|gold.ecosystem:6480|gold.ecosystem:6481
Engineered > Bioreactor > Aerobic > Activated sludge	Engineered	Bioreactor	Aerobic	Activated sludge		Activated sludge	4	2	3	0	0	3	gold.ecosystem:5470|gold.ecosystem:5471
Engineered > Bioreactor > Anaerobic > Biomass	Engineered	Bioreactor	Anaerobic	Biomass		Biomass	4	2	3	0	0	3	gold.ecosystem:8164|gold.ecosystem:8165
Engineered > Bioreactor > UASB (Upflow anaerobic sludge blanket) > Sludge > Granular sludge	Engineered	Bioreactor	UASB (Upflow anaerobic sludge blanket)	Sludge	Granular sludge	Granular sludge	5	1	3	0	0	3	gold.ecosystem:8150
Engineered > Built environment > Canal	Engineered	Built environment	Canal			Canal	3	3	3	0	0	3	gold.ecosystem:4399|gold.ecosystem:4400|gold.ecosystem:4401
Engineered > Built environment > City	Engineered	Built environment	City			City	3	3	3	0	0	3	gold.ecosystem:4394|gold.ecosystem:4402|gold.ecosystem:4403
Engineered > Food production > Fermented food > Soybean paste	Engineered	Food production	Fermented food	Soybean paste		Soybean paste	4	2	3	0	0	3	gold.ecosystem:5749|gold.ecosystem:5750
Engineered > Food production > Food sample	Engineered	Food production	Food sample			Food sample	3	3	3	0	0	3	gold.ecosystem:5921|gold.ecosystem:5922|gold.ecosystem:5923
Engineered > Industrial production > Engineered product > Wetsalted hide	Engineered	Industrial production	Engineered product	Wetsalted hide		Wetsalted hide	4	2	3	0	0	3	gold.ecosystem:7646|gold.ecosystem:7647
Engineered > Solid waste > Brown waste > Hay	Engineered	Solid waste	Brown waste	Hay		Hay	4	2	3	0	0	3	gold.ecosystem:7111|gold.ecosystem:7112
Engineered > Solid waste > Food waste > Composting	Engineered	Solid waste	Food waste	Composting		Composting	4	2	3	0	0	3	gold.ecosystem:4947|gold.ecosystem:4948
Engineered > Wastewater > Industrial wastewater > Acid mine drainage > Sediment	Engineered	Wastewater	Industrial wastewater	Acid mine drainage	Sediment	Sediment	5	1	3	0	0	3	gold.ecosystem:6076
Engineered > Wastewater > Nutrient removal > Dissolved organics (anaerobic)	Engineered	Wastewater	Nutrient removal	Dissolved organics (anaerobic)		Dissolved organics (anaerobic)	4	2	3	0	0	3	gold.ecosystem:3830|gold.ecosystem:4260
Environmental > Air > Indoor Air > Poultry farm	Environmental	Air	Indoor Air	Poultry farm		Poultry farm	4	2	3	0	0	3	gold.ecosystem:6883|gold.ecosystem:6899
Environmental > Aquatic > Deep subsurface > Groundwater > Mine water	Environmental	Aquatic	Deep subsurface	Groundwater	Mine water	Mine water	5	1	3	0	0	3	gold.ecosystem:5964
Environmental > Aquatic > Deep subsurface > Shale gas/oil reservoir > Produced water/Flow back	Environmental	Aquatic	Deep subsurface	Shale gas/oil reservoir	Produced water/Flow back	Produced water/Flow back	5	1	3	0	0	3	gold.ecosystem:7795
Environmental > Aquatic > Freshwater > Drinking water > Delivery networks	Environmental	Aquatic	Freshwater	Drinking water	Delivery networks	Delivery networks	5	1	3	0	0	3	gold.ecosystem:4058
Environmental > Aquatic > Freshwater > Puddle	Environmental	Aquatic	Freshwater	Puddle		Puddle	4	2	3	0	0	3	gold.ecosystem:5746|gold.ecosystem:5747
Environmental > Aquatic > Freshwater > Subglacial lake	Environmental	Aquatic	Freshwater	Subglacial lake		Subglacial lake	4	2	3	0	0	3	gold.ecosystem:3794|gold.ecosystem:4737
Environmental > Aquatic > Marine > Cold seeps > Microbial mats	Environmental	Aquatic	Marine	Cold seeps	Microbial mats	Microbial mats	5	1	3	0	0	3	gold.ecosystem:8100
Environmental > Aquatic > Marine > Fjord > Sediment	Environmental	Aquatic	Marine	Fjord	Sediment	Sediment	5	1	3	0	0	3	gold.ecosystem:7944
Environmental > Aquatic > Marine > Intertidal zone > Mangrove swamp	Environmental	Aquatic	Marine	Intertidal zone	Mangrove swamp	Mangrove swamp	5	1	3	0	0	3	gold.ecosystem:4018
Environmental > Aquatic > Marine > Littoral zone	Environmental	Aquatic	Marine	Littoral zone		Littoral zone	4	2	3	0	0	3	gold.ecosystem:7907|gold.ecosystem:7909
Environmental > Aquatic > Marine > Oceanic > Microbial mats	Environmental	Aquatic	Marine	Oceanic	Microbial mats	Microbial mats	5	1	3	0	0	3	gold.ecosystem:4557
Environmental > Aquatic > Marine > Oceanic > Oceanic crust	Environmental	Aquatic	Marine	Oceanic	Oceanic crust	Oceanic crust	5	1	3	0	0	3	gold.ecosystem:4636
Environmental > Aquatic > Marine > Wetlands	Environmental	Aquatic	Marine	Wetlands		Wetlands	4	2	3	0	0	3	gold.ecosystem:3783|gold.ecosystem:4055
Environmental > Aquatic > Marine > Wetlands > Sediment	Environmental	Aquatic	Marine	Wetlands	Sediment	Sediment	5	1	3	0	0	3	gold.ecosystem:4056
Environmental > Aquatic > Thermal springs > Near-boiling (>90C)	Environmental	Aquatic	Thermal springs	Near-boiling (>90C)		Near-boiling (>90C)	4	2	3	0	0	3	gold.ecosystem:3763|gold.ecosystem:4818
Environmental > Aquatic > Thermal springs > Tepid (25-34C)	Environmental	Aquatic	Thermal springs	Tepid (25-34C)		Tepid (25-34C)	4	2	3	0	0	3	gold.ecosystem:3760|gold.ecosystem:3989
Environmental > Terrestrial > Asphalt lakes	Environmental	Terrestrial	Asphalt lakes			Asphalt lakes	3	3	3	0	0	3	gold.ecosystem:3491|gold.ecosystem:4717|gold.ecosystem:4718
Environmental > Terrestrial > Soil > Boreal forest/Taiga	Environmental	Terrestrial	Soil	Boreal forest/Taiga		Boreal forest/Taiga	4	2	3	0	0	3	gold.ecosystem:6023|gold.ecosystem:7666
Environmental > Terrestrial > Soil > Contaminated > Uranium contaminated	Environmental	Terrestrial	Soil	Contaminated	Uranium contaminated	Uranium contaminated	5	1	3	0	0	3	gold.ecosystem:6003
Environmental > Terrestrial > Soil > Peat > Forest	Environmental	Terrestrial	Soil	Peat	Forest	Forest	5	1	3	0	0	3	gold.ecosystem:5817
Environmental > Terrestrial > Soil > Silt	Environmental	Terrestrial	Soil	Silt		Silt	4	2	3	0	0	3	gold.ecosystem:3812|gold.ecosystem:4227
Environmental > Terrestrial > Soil > Temperate forest	Environmental	Terrestrial	Soil	Temperate forest		Temperate forest	4	2	3	0	0	3	gold.ecosystem:6004|gold.ecosystem:7665
Environmental > Terrestrial > Soil > Tropical forest	Environmental	Terrestrial	Soil	Tropical forest		Tropical forest	4	2	3	0	0	3	gold.ecosystem:6014|gold.ecosystem:7291
Host-associated > Algae > Brown Algae > Embryo	Host-associated	Algae	Brown Algae	Embryo		Embryo	4	2	3	0	0	3	gold.ecosystem:7227|gold.ecosystem:7228
Host-associated > Algae > Dinoflagellates	Host-associated	Algae	Dinoflagellates			Dinoflagellates	3	3	3	0	0	3	gold.ecosystem:6977|gold.ecosystem:6978|gold.ecosystem:6979
Host-associated > Amphibia > Urinary system	Host-associated	Amphibia	Urinary system			Urinary system	3	3	3	0	0	3	gold.ecosystem:3561|gold.ecosystem:3640|gold.ecosystem:4085
Host-associated > Annelida > Digestive system > Digestive tube > Cast	Host-associated	Annelida	Digestive system	Digestive tube	Cast	Cast	5	1	3	0	0	3	gold.ecosystem:8175
Host-associated > Annelida > Intracellular endosymbionts > Trophosome	Host-associated	Annelida	Intracellular endosymbionts	Trophosome		Trophosome	4	2	3	0	0	3	gold.ecosystem:3893|gold.ecosystem:4334
Host-associated > Arthropoda: Crustaceans > Digestive system > Gut > Intestine	Host-associated	Arthropoda: Crustaceans	Digestive system	Gut	Intestine	Intestine	5	1	3	0	0	3	gold.ecosystem:7314
Host-associated > Arthropoda: Insects > Abdomen	Host-associated	Arthropoda: Insects	Abdomen			Abdomen	3	3	3	0	0	3	gold.ecosystem:7090|gold.ecosystem:7091|gold.ecosystem:7092
Host-associated > Arthropoda: Insects > Nymph/Instar	Host-associated	Arthropoda: Insects	Nymph/Instar			Nymph/Instar	3	3	3	0	0	3	gold.ecosystem:7374|gold.ecosystem:7377|gold.ecosystem:7378
Host-associated > Arthropoda: Insects > Nymph/Instar > Gut > Fecal	Host-associated	Arthropoda: Insects	Nymph/Instar	Gut	Fecal	Fecal	5	1	3	0	0	3	gold.ecosystem:7381
Host-associated > Birds > Integumentary system > Uropygial/Preen gland	Host-associated	Birds	Integumentary system	Uropygial/Preen gland		Uropygial/Preen gland	4	2	3	0	0	3	gold.ecosystem:7459|gold.ecosystem:7460
Host-associated > Endosymbionts	Host-associated	Endosymbionts				Endosymbionts	2	4	3	0	0	3	gold.ecosystem:3371|gold.ecosystem:4749|gold.ecosystem:4750|gold.ecosystem:4751
Host-associated > Fish > Olfactory system > Olfactory pit > Olfactory mucosa	Host-associated	Fish	Olfactory system	Olfactory pit	Olfactory mucosa	Olfactory mucosa	5	1	3	0	0	3	gold.ecosystem:7818
Host-associated > Fish > Reproductive system > Ovaries	Host-associated	Fish	Reproductive system	Ovaries		Ovaries	4	2	3	0	0	3	gold.ecosystem:6963|gold.ecosystem:6964
Host-associated > Mammals > Auditory/Hearing system > Outer ear	Host-associated	Mammals	Auditory/Hearing system	Outer ear		Outer ear	4	2	3	0	0	3	gold.ecosystem:6405|gold.ecosystem:6848
Host-associated > Mammals > Circulatory system > Blood > Serum	Host-associated	Mammals	Circulatory system	Blood	Serum	Serum	5	1	3	0	0	3	gold.ecosystem:6818
Host-associated > Mammals > Digestive system > Oral cavity > Periodontal pockets	Host-associated	Mammals	Digestive system	Oral cavity	Periodontal pockets	Periodontal pockets	5	1	3	0	0	3	gold.ecosystem:5017
Host-associated > Mammals > Fetus	Host-associated	Mammals	Fetus			Fetus	3	3	3	0	0	3	gold.ecosystem:7609|gold.ecosystem:7610|gold.ecosystem:7611
Host-associated > Mammals > Fetus > Fetal tissue	Host-associated	Mammals	Fetus	Fetal tissue		Fetal tissue	4	2	3	0	0	3	gold.ecosystem:7612|gold.ecosystem:7613
Host-associated > Mammals > Multiple systems > Multiple organs > Pooled tissues	Host-associated	Mammals	Multiple systems	Multiple organs	Pooled tissues	Pooled tissues	5	1	3	0	0	3	gold.ecosystem:6423
Host-associated > Mammals > Remains	Host-associated	Mammals	Remains			Remains	3	3	3	0	0	3	gold.ecosystem:6426|gold.ecosystem:8214|gold.ecosystem:8215
Host-associated > Mammals > Skeletal system > Bone > Bone marrow	Host-associated	Mammals	Skeletal system	Bone	Bone marrow	Bone marrow	5	1	3	0	0	3	gold.ecosystem:6375
Host-associated > Mammals > Urinary system > Urethra	Host-associated	Mammals	Urinary system	Urethra		Urethra	4	2	3	0	0	3	gold.ecosystem:6035|gold.ecosystem:6036
Host-associated > Mammals > Visual system > Conjunctiva	Host-associated	Mammals	Visual system	Conjunctiva		Conjunctiva	4	2	3	0	0	3	gold.ecosystem:6855|gold.ecosystem:6856
Host-associated > Mammals: Human > Circulatory system > Blood > Plasma	Host-associated	Mammals: Human	Circulatory system	Blood	Plasma	Plasma	5	1	3	0	0	3	gold.ecosystem:4416
Host-associated > Mammals: Human > Digestive system > Large intestine > Anorectal abscess	Host-associated	Mammals: Human	Digestive system	Large intestine	Anorectal abscess	Anorectal abscess	5	1	3	0	0	3	gold.ecosystem:6341
Host-associated > Mammals: Human > Digestive system > Large intestine > Descending colon	Host-associated	Mammals: Human	Digestive system	Large intestine	Descending colon	Descending colon	5	1	3	0	0	3	gold.ecosystem:5028
Host-associated > Mammals: Human > Digestive system > Oral cavity > Tooth	Host-associated	Mammals: Human	Digestive system	Oral cavity	Tooth	Tooth	5	1	3	0	0	3	gold.ecosystem:6331
Host-associated > Mammals: Human > Digestive system > Small intestine > Duodenum	Host-associated	Mammals: Human	Digestive system	Small intestine	Duodenum	Duodenum	5	1	3	0	0	3	gold.ecosystem:5023
Host-associated > Mammals: Human > Fetus > Amniotic sac > Amniotic fluid	Host-associated	Mammals: Human	Fetus	Amniotic sac	Amniotic fluid	Amniotic fluid	5	1	3	0	0	3	gold.ecosystem:6329
Host-associated > Mammals: Human > Lymphatic system > Spleen	Host-associated	Mammals: Human	Lymphatic system	Spleen		Spleen	4	2	3	0	0	3	gold.ecosystem:5084|gold.ecosystem:5085
Host-associated > Mammals: Human > Lymphatic system > Tonsils	Host-associated	Mammals: Human	Lymphatic system	Tonsils		Tonsils	4	2	3	0	0	3	gold.ecosystem:6141|gold.ecosystem:6520
Host-associated > Mammals: Human > Malignant tumor > Carcinoma > Squamous cell carcinoma	Host-associated	Mammals: Human	Malignant tumor	Carcinoma	Squamous cell carcinoma	Squamous cell carcinoma	5	1	3	0	0	3	gold.ecosystem:6198
Host-associated > Mammals: Human > Nervous system > Brain > Abscess	Host-associated	Mammals: Human	Nervous system	Brain	Abscess	Abscess	5	1	3	0	0	3	gold.ecosystem:6343
Host-associated > Mammals: Human > Reproductive system > Prostate	Host-associated	Mammals: Human	Reproductive system	Prostate		Prostate	4	2	3	0	0	3	gold.ecosystem:5018|gold.ecosystem:5019
Host-associated > Mammals: Human > Respiratory system > Nasal cavity > Anterior nares	Host-associated	Mammals: Human	Respiratory system	Nasal cavity	Anterior nares	Anterior nares	5	1	3	0	0	3	gold.ecosystem:6091
Host-associated > Mammals: Human > Skeletal system > Joint capsule > Synovial fluid	Host-associated	Mammals: Human	Skeletal system	Joint capsule	Synovial fluid	Synovial fluid	5	1	3	0	0	3	gold.ecosystem:6321
Host-associated > Plants > Phyllosphere > Carposphere > Endophytes	Host-associated	Plants	Phyllosphere	Carposphere	Endophytes	Endophytes	5	1	3	0	0	3	gold.ecosystem:5265
Host-associated > Plants > Phyllosphere > Carposphere > Surface	Host-associated	Plants	Phyllosphere	Carposphere	Surface	Surface	5	1	3	0	0	3	gold.ecosystem:8177
Host-associated > Plants > Phyllosphere > Petiole	Host-associated	Plants	Phyllosphere	Petiole		Petiole	4	2	3	0	0	3	gold.ecosystem:5319|gold.ecosystem:5320
Host-associated > Plants > Rhizome > Bulb	Host-associated	Plants	Rhizome	Bulb		Bulb	4	2	3	0	0	3	gold.ecosystem:5415|gold.ecosystem:5416
Engineered > Artificial ecosystem > Mesocosm	Engineered	Artificial ecosystem	Mesocosm			Mesocosm	3	3	2	0	0	2	gold.ecosystem:6456|gold.ecosystem:7288|gold.ecosystem:7289
Engineered > Artificial ecosystem > Vivarium > Freshwater aquarium	Engineered	Artificial ecosystem	Vivarium	Freshwater aquarium		Freshwater aquarium	4	2	2	0	0	2	gold.ecosystem:8025|gold.ecosystem:8026
Engineered > Bioreactor > Anaerobic > Thermophilic digester	Engineered	Bioreactor	Anaerobic	Thermophilic digester		Thermophilic digester	4	2	2	0	0	2	gold.ecosystem:6484|gold.ecosystem:6485
Engineered > Bioreactor > MBR (Membrane bioreactor) > Produced water > Sludge	Engineered	Bioreactor	MBR (Membrane bioreactor)	Produced water	Sludge	Sludge	5	1	2	0	0	2	gold.ecosystem:5506
Engineered > Bioremediation > Hydrocarbon > Methane	Engineered	Bioremediation	Hydrocarbon	Methane		Methane	4	2	2	0	0	2	gold.ecosystem:4451|gold.ecosystem:4452
Engineered > Built environment > Canal > Town canal > Sediment	Engineered	Built environment	Canal	Town canal	Sediment	Sediment	5	1	2	0	0	2	gold.ecosystem:8524
Engineered > Built environment > Cement wall	Engineered	Built environment	Cement wall			Cement wall	3	3	2	0	0	2	gold.ecosystem:4810|gold.ecosystem:4811|gold.ecosystem:4812
Engineered > Built environment > Monument	Engineered	Built environment	Monument			Monument	3	3	2	0	0	2	gold.ecosystem:7125|gold.ecosystem:7142|gold.ecosystem:7143
Engineered > Built environment > Oil refinery > Crude oil sludge > Petroleum sludge	Engineered	Built environment	Oil refinery	Crude oil sludge	Petroleum sludge	Petroleum sludge	5	1	2	0	0	2	gold.ecosystem:4868
Engineered > Drugs production > Drugs/Supplements	Engineered	Drugs production	Drugs/Supplements			Drugs/Supplements	3	3	2	0	0	2	gold.ecosystem:8294|gold.ecosystem:8295|gold.ecosystem:8296
Engineered > Food production > Bread production > Bread	Engineered	Food production	Bread production	Bread		Bread	4	2	2	0	0	2	gold.ecosystem:6107|gold.ecosystem:6108
Engineered > Food production > Fish products > Salted fish	Engineered	Food production	Fish products	Salted fish		Salted fish	4	2	2	0	0	2	gold.ecosystem:6971|gold.ecosystem:6972
Engineered > Food production > Meat products > Cooked meat	Engineered	Food production	Meat products	Cooked meat		Cooked meat	4	2	2	0	0	2	gold.ecosystem:6494|gold.ecosystem:6913
Engineered > Food production > Seafood product > Frozen seafood > Frozen shrimp	Engineered	Food production	Seafood product	Frozen seafood	Frozen shrimp	Frozen shrimp	5	1	2	0	0	2	gold.ecosystem:7232
Engineered > Modeled	Engineered	Modeled				Modeled	2	4	2	0	0	2	gold.ecosystem:2894|gold.ecosystem:3530|gold.ecosystem:3869|gold.ecosystem:4307
Engineered > Modeled > Simulated communities (microbial mixture)	Engineered	Modeled	Simulated communities (microbial mixture)			Simulated communities (microbial mixture)	3	3	2	0	0	2	gold.ecosystem:3531|gold.ecosystem:3870|gold.ecosystem:4308
Engineered > Solid waste > Agricultural waste	Engineered	Solid waste	Agricultural waste			Agricultural waste	3	3	2	0	0	2	gold.ecosystem:4908|gold.ecosystem:8406|gold.ecosystem:8407
Engineered > Solid waste > Animal waste > Guano	Engineered	Solid waste	Animal waste	Guano		Guano	4	2	2	0	0	2	gold.ecosystem:6471|gold.ecosystem:6472
Engineered > Solid waste > Brown waste	Engineered	Solid waste	Brown waste			Brown waste	3	3	2	0	0	2	gold.ecosystem:6982|gold.ecosystem:8201|gold.ecosystem:8202
Engineered > Solid waste > Feedstock > Composting	Engineered	Solid waste	Feedstock	Composting		Composting	4	2	2	0	0	2	gold.ecosystem:4892|gold.ecosystem:4893
Engineered > Solid waste > Food waste	Engineered	Solid waste	Food waste			Food waste	3	3	2	0	0	2	gold.ecosystem:4946|gold.ecosystem:7965|gold.ecosystem:7966
Engineered > WWTP > Aerobic digester > Activated sludge	Engineered	WWTP	Aerobic digester	Activated sludge		Activated sludge	4	2	2	0	0	2	gold.ecosystem:5673|gold.ecosystem:5674
Engineered > Wastewater > Nutrient removal > Nitrogen removal	Engineered	Wastewater	Nutrient removal	Nitrogen removal		Nitrogen removal	4	2	2	0	0	2	gold.ecosystem:3828|gold.ecosystem:4255
Environmental > Aquatic > Acidic > Acidic hypersaline lake > Sediment	Environmental	Aquatic	Acidic	Acidic hypersaline lake	Sediment	Sediment	5	1	2	0	0	2	gold.ecosystem:7988
Environmental > Aquatic > Acidic > River > Sediment	Environmental	Aquatic	Acidic	River	Sediment	Sediment	5	1	2	0	0	2	gold.ecosystem:8510
Environmental > Aquatic > Aquaculture > Shrimp pond	Environmental	Aquatic	Aquaculture	Shrimp pond		Shrimp pond	4	2	2	0	0	2	gold.ecosystem:5362|gold.ecosystem:5363
Environmental > Aquatic > Deep subsurface > Groundwater > Freshwater	Environmental	Aquatic	Deep subsurface	Groundwater	Freshwater	Freshwater	5	1	2	0	0	2	gold.ecosystem:6046
Environmental > Aquatic > Freshwater > Groundwater > Cave water	Environmental	Aquatic	Freshwater	Groundwater	Cave water	Cave water	5	1	2	0	0	2	gold.ecosystem:4167
Environmental > Aquatic > Freshwater > River > Plankton	Environmental	Aquatic	Freshwater	River	Plankton	Plankton	5	1	2	0	0	2	gold.ecosystem:5346
Environmental > Aquatic > Freshwater > Snow	Environmental	Aquatic	Freshwater	Snow		Snow	4	2	2	0	0	2	gold.ecosystem:8401|gold.ecosystem:8402
Environmental > Aquatic > Marine > Coastal > Sand	Environmental	Aquatic	Marine	Coastal	Sand	Sand	5	1	2	0	0	2	gold.ecosystem:8495
Environmental > Aquatic > Marine > Deepwater/Brine lake	Environmental	Aquatic	Marine	Deepwater/Brine lake		Deepwater/Brine lake	4	2	2	0	0	2	gold.ecosystem:8051|gold.ecosystem:8052
Environmental > Aquatic > Marine > Fjord	Environmental	Aquatic	Marine	Fjord		Fjord	4	2	2	0	0	2	gold.ecosystem:5354|gold.ecosystem:5355
Environmental > Aquatic > Marine > Intertidal zone > Microbialites	Environmental	Aquatic	Marine	Intertidal zone	Microbialites	Microbialites	5	1	2	0	0	2	gold.ecosystem:4019
Environmental > Aquatic > Marine > Ocean trench	Environmental	Aquatic	Marine	Ocean trench		Ocean trench	4	2	2	0	0	2	gold.ecosystem:5388|gold.ecosystem:5389
Environmental > Aquatic > Non-marine Saline and Alkaline > Hypersaline soda lake > Microbial mats	Environmental	Aquatic	Non-marine Saline and Alkaline	Hypersaline soda lake	Microbial mats	Microbial mats	5	1	2	0	0	2	gold.ecosystem:7886
Environmental > Aquatic > Non-marine Saline and Alkaline > Saline > Epilimnion	Environmental	Aquatic	Non-marine Saline and Alkaline	Saline	Epilimnion	Epilimnion	5	1	2	0	0	2	gold.ecosystem:3977
Environmental > Aquatic > Non-marine Saline and Alkaline > Sub-saline lake > Sediment	Environmental	Aquatic	Non-marine Saline and Alkaline	Sub-saline lake	Sediment	Sediment	5	1	2	0	0	2	gold.ecosystem:7920
Environmental > Aquatic > Thermal springs > Geothermal pool/Hot lake > Sediment	Environmental	Aquatic	Thermal springs	Geothermal pool/Hot lake	Sediment	Sediment	5	1	2	0	0	2	gold.ecosystem:8065
Environmental > Aquatic > Thermal springs > Microbial mats	Environmental	Aquatic	Thermal springs	Microbial mats		Microbial mats	4	2	2	0	0	2	gold.ecosystem:8105|gold.ecosystem:8106
Environmental > Aquatic > Thermal springs > Warm (34-42C) > Sediment	Environmental	Aquatic	Thermal springs	Warm (34-42C)	Sediment	Sediment	5	1	2	0	0	2	gold.ecosystem:3988
Environmental > Terrestrial > Asphalt lakes > Tar	Environmental	Terrestrial	Asphalt lakes	Tar		Tar	4	2	2	0	0	2	gold.ecosystem:3802|gold.ecosystem:4195
Environmental > Terrestrial > Cave > Wall	Environmental	Terrestrial	Cave	Wall		Wall	4	2	2	0	0	2	gold.ecosystem:4642|gold.ecosystem:4822
Environmental > Terrestrial > Cave > Wall > Biofilm	Environmental	Terrestrial	Cave	Wall	Biofilm	Biofilm	5	1	2	0	0	2	gold.ecosystem:4643
Environmental > Terrestrial > Deep subsurface > Cave > Wall biofilm	Environmental	Terrestrial	Deep subsurface	Cave	Wall biofilm	Wall biofilm	5	1	2	0	0	2	gold.ecosystem:5970
Environmental > Terrestrial > Deep subsurface > Fracking water	Environmental	Terrestrial	Deep subsurface	Fracking water		Fracking water	4	2	2	0	0	2	gold.ecosystem:4532|gold.ecosystem:4533
Environmental > Terrestrial > Deep subsurface > Oil well	Environmental	Terrestrial	Deep subsurface	Oil well		Oil well	4	2	2	0	0	2	gold.ecosystem:4604|gold.ecosystem:4605
Environmental > Terrestrial > Deep subsurface > Sub-seafloor > Sediment core	Environmental	Terrestrial	Deep subsurface	Sub-seafloor	Sediment core	Sediment core	5	1	2	0	0	2	gold.ecosystem:8243
Environmental > Terrestrial > Geologic > Sediment	Environmental	Terrestrial	Geologic	Sediment		Sediment	4	2	2	0	0	2	gold.ecosystem:4542|gold.ecosystem:4543
Environmental > Terrestrial > Nest > Insects nest > Beehive: Honey	Environmental	Terrestrial	Nest	Insects nest	Beehive: Honey	Beehive: Honey	5	1	2	0	0	2	gold.ecosystem:7277
Environmental > Terrestrial > Soil > Fossil	Environmental	Terrestrial	Soil	Fossil		Fossil	4	2	2	0	0	2	gold.ecosystem:4417|gold.ecosystem:4418
Environmental > Terrestrial > Soil > Glacier > Glacier forefield	Environmental	Terrestrial	Soil	Glacier	Glacier forefield	Glacier forefield	5	1	2	0	0	2	gold.ecosystem:7974
Environmental > Terrestrial > Soil > Grasslands > Bulk soil	Environmental	Terrestrial	Soil	Grasslands	Bulk soil	Bulk soil	5	1	2	0	0	2	gold.ecosystem:5870
Environmental > Terrestrial > Soil > Grasslands > Pasture	Environmental	Terrestrial	Soil	Grasslands	Pasture	Pasture	5	1	2	0	0	2	gold.ecosystem:7702
Environmental > Terrestrial > Soil > Loam > Contaminated	Environmental	Terrestrial	Soil	Loam	Contaminated	Contaminated	5	1	2	0	0	2	gold.ecosystem:4243
Environmental > Terrestrial > Soil > Loam > Grasslands	Environmental	Terrestrial	Soil	Loam	Grasslands	Grasslands	5	1	2	0	0	2	gold.ecosystem:4238
Environmental > Terrestrial > Soil > Orchard	Environmental	Terrestrial	Soil	Orchard		Orchard	4	2	2	0	0	2	gold.ecosystem:7683|gold.ecosystem:7685
Environmental > Terrestrial > Soil > Sand > Forest soil	Environmental	Terrestrial	Soil	Sand	Forest soil	Forest soil	5	1	2	0	0	2	gold.ecosystem:4224
Environmental > Terrestrial > Soil > Sand > Grasslands	Environmental	Terrestrial	Soil	Sand	Grasslands	Grasslands	5	1	2	0	0	2	gold.ecosystem:4223
Environmental > Terrestrial > Soil > Unclassified > Tropical rainforest	Environmental	Terrestrial	Soil		Tropical rainforest	Tropical rainforest	5	1	2	0	0	2	gold.ecosystem:4216
Host-associated > Algae > Brown Algae > Blade	Host-associated	Algae	Brown Algae	Blade		Blade	4	2	2	0	0	2	gold.ecosystem:8208|gold.ecosystem:8209
Host-associated > Algae > Red algae > Sporeling	Host-associated	Algae	Red algae	Sporeling		Sporeling	4	2	2	0	0	2	gold.ecosystem:7223|gold.ecosystem:7224
Host-associated > Amphibia > Urinary system > Kidney	Host-associated	Amphibia	Urinary system	Kidney		Kidney	4	2	2	0	0	2	gold.ecosystem:5147|gold.ecosystem:5148
Host-associated > Annelida > Digestive system > Crop	Host-associated	Annelida	Digestive system	Crop		Crop	4	2	2	0	0	2	gold.ecosystem:5069|gold.ecosystem:5070
Host-associated > Annelida > Excretory system > Nephridia	Host-associated	Annelida	Excretory system	Nephridia		Nephridia	4	2	2	0	0	2	gold.ecosystem:5194|gold.ecosystem:5195
Host-associated > Arthropoda: Crustaceans > Respiratory system > Gill/Bronchial chamber	Host-associated	Arthropoda: Crustaceans	Respiratory system	Gill/Bronchial chamber		Gill/Bronchial chamber	4	2	2	0	0	2	gold.ecosystem:7263|gold.ecosystem:7265
Host-associated > Arthropoda: Crustaceans > Respiratory system > Gill/Bronchial chamber > Gills	Host-associated	Arthropoda: Crustaceans	Respiratory system	Gill/Bronchial chamber	Gills	Gills	5	1	2	0	0	2	gold.ecosystem:7264
Host-associated > Arthropoda: Insects > Fat body	Host-associated	Arthropoda: Insects	Fat body			Fat body	3	3	2	0	0	2	gold.ecosystem:7093|gold.ecosystem:7094|gold.ecosystem:7095
Host-associated > Arthropoda: Insects > Prepupa	Host-associated	Arthropoda: Insects	Prepupa			Prepupa	3	3	2	0	0	2	gold.ecosystem:7175|gold.ecosystem:7370|gold.ecosystem:7371
Host-associated > Arthropoda: Myriapoda > Digestive system > Hindgut > Fecal	Host-associated	Arthropoda: Myriapoda	Digestive system	Hindgut	Fecal	Fecal	5	1	2	0	0	2	gold.ecosystem:4955
Host-associated > Birds > Digestive system > Crop > Lumen	Host-associated	Birds	Digestive system	Crop	Lumen	Lumen	5	1	2	0	0	2	gold.ecosystem:4151
Host-associated > Birds > Endocrine system	Host-associated	Birds	Endocrine system			Endocrine system	3	3	2	0	0	2	gold.ecosystem:7489|gold.ecosystem:7490|gold.ecosystem:7491
Host-associated > Fish > Respiratory system > Lung	Host-associated	Fish	Respiratory system	Lung		Lung	4	2	2	0	0	2	gold.ecosystem:5151|gold.ecosystem:5152
Host-associated > Invertebrates > Bryozoans	Host-associated	Invertebrates	Bryozoans			Bryozoans	3	3	2	0	0	2	gold.ecosystem:3563|gold.ecosystem:4798|gold.ecosystem:4799
Host-associated > Invertebrates > Tissue	Host-associated	Invertebrates	Tissue			Tissue	3	3	2	0	0	2	gold.ecosystem:5334|gold.ecosystem:5335|gold.ecosystem:5336
Host-associated > Mammals > Circulatory system > Blood > Peripheral blood mononuclear cells	Host-associated	Mammals	Circulatory system	Blood	Peripheral blood mononuclear cells	Peripheral blood mononuclear cells	5	1	2	0	0	2	gold.ecosystem:5112
Host-associated > Mammals > Digestive system > Lower gastrointestinal tract > Ileum-cecum	Host-associated	Mammals	Digestive system	Lower gastrointestinal tract	Ileum-cecum	Ileum-cecum	5	1	2	0	0	2	gold.ecosystem:6418
Host-associated > Mammals > Digestive system > Oral cavity > Buccal mucosa	Host-associated	Mammals	Digestive system	Oral cavity	Buccal mucosa	Buccal mucosa	5	1	2	0	0	2	gold.ecosystem:4110
Host-associated > Mammals > Digestive system > Oral cavity > Tooth	Host-associated	Mammals	Digestive system	Oral cavity	Tooth	Tooth	5	1	2	0	0	2	gold.ecosystem:6465
Host-associated > Mammals > Integumentary system > Skin > Paw pad	Host-associated	Mammals	Integumentary system	Skin	Paw pad	Paw pad	5	1	2	0	0	2	gold.ecosystem:6394
Host-associated > Mammals > Lymphatic system > Lymph nodes > Abdomen	Host-associated	Mammals	Lymphatic system	Lymph nodes	Abdomen	Abdomen	5	1	2	0	0	2	gold.ecosystem:6763
Host-associated > Mammals > Reproductive system > External organs > Testicle/Testes	Host-associated	Mammals	Reproductive system	External organs	Testicle/Testes	Testicle/Testes	5	1	2	0	0	2	gold.ecosystem:6470
Host-associated > Mammals: Human > Auditory/Hearing system > Outer ear	Host-associated	Mammals: Human	Auditory/Hearing system	Outer ear		Outer ear	4	2	2	0	0	2	gold.ecosystem:6272|gold.ecosystem:6273
Host-associated > Mammals: Human > Circulatory system > Blood > Serum	Host-associated	Mammals: Human	Circulatory system	Blood	Serum	Serum	5	1	2	0	0	2	gold.ecosystem:4430
Host-associated > Mammals: Human > Circulatory system > Blood > Whole blood	Host-associated	Mammals: Human	Circulatory system	Blood	Whole blood	Whole blood	5	1	2	0	0	2	gold.ecosystem:6102
Host-associated > Mammals: Human > Digestive system > Biliary tract > Gallbladder	Host-associated	Mammals: Human	Digestive system	Biliary tract	Gallbladder	Gallbladder	5	1	2	0	0	2	gold.ecosystem:6293
Host-associated > Mammals: Human > Digestive system > Oral cavity > Supragingival plaque	Host-associated	Mammals: Human	Digestive system	Oral cavity	Supragingival plaque	Supragingival plaque	5	1	2	0	0	2	gold.ecosystem:3916
Host-associated > Mammals: Human > Digestive system > Oral cavity > Tooth: Dental pulp	Host-associated	Mammals: Human	Digestive system	Oral cavity	Tooth: Dental pulp	Tooth: Dental pulp	5	1	2	0	0	2	gold.ecosystem:5083
Host-associated > Mammals: Human > Digestive system > Oral cavity > Tooth: Enamel	Host-associated	Mammals: Human	Digestive system	Oral cavity	Tooth: Enamel	Tooth: Enamel	5	1	2	0	0	2	gold.ecosystem:6323
Host-associated > Mammals: Human > Integumentary system > Lacrimal apparatus > Lacrimal canaliculus	Host-associated	Mammals: Human	Integumentary system	Lacrimal apparatus	Lacrimal canaliculus	Lacrimal canaliculus	5	1	2	0	0	2	gold.ecosystem:6319
Host-associated > Mammals: Human > Integumentary system > Skin > Epidermis	Host-associated	Mammals: Human	Integumentary system	Skin	Epidermis	Epidermis	5	1	2	0	0	2	gold.ecosystem:6313
Host-associated > Mammals: Human > Malignant tumor > Carcinoma > Colon cancer	Host-associated	Mammals: Human	Malignant tumor	Carcinoma	Colon cancer	Colon cancer	5	1	2	0	0	2	gold.ecosystem:6177
Host-associated > Mammals: Human > Reproductive system > Uterus > Endometrium	Host-associated	Mammals: Human	Reproductive system	Uterus	Endometrium	Endometrium	5	1	2	0	0	2	gold.ecosystem:6314
Host-associated > Mammals: Human > Respiratory system > Nasal cavity > Paranasal sinuses: Maxillary	Host-associated	Mammals: Human	Respiratory system	Nasal cavity	Paranasal sinuses: Maxillary	Paranasal sinuses: Maxillary	5	1	2	0	0	2	gold.ecosystem:6620
Host-associated > Mammals: Human > Skeletal system > Periprosthetic joint: Knee	Host-associated	Mammals: Human	Skeletal system	Periprosthetic joint: Knee		Periprosthetic joint: Knee	4	2	2	0	0	2	gold.ecosystem:6593|gold.ecosystem:6595
Host-associated > Mammals: Human > Urinary system > Urethra > Discharge	Host-associated	Mammals: Human	Urinary system	Urethra	Discharge	Discharge	5	1	2	0	0	2	gold.ecosystem:6275
Host-associated > Mollusca > Digestive system > Glands	Host-associated	Mollusca	Digestive system	Glands		Glands	4	2	2	0	0	2	gold.ecosystem:3885|gold.ecosystem:4323
Host-associated > Mollusca > Reproductive system	Host-associated	Mollusca	Reproductive system			Reproductive system	3	3	2	0	0	2	gold.ecosystem:7866|gold.ecosystem:7867|gold.ecosystem:7868
Host-associated > Plants > Whole plant body	Host-associated	Plants	Whole plant body			Whole plant body	3	3	2	0	0	2	gold.ecosystem:8136|gold.ecosystem:8137|gold.ecosystem:8138
Host-associated > Protists > Oomycetes	Host-associated	Protists	Oomycetes			Oomycetes	3	3	2	0	0	2	gold.ecosystem:4470|gold.ecosystem:4471|gold.ecosystem:4472
Host-associated > Reptilia > Digestive system > Oral cavity > Saliva	Host-associated	Reptilia	Digestive system	Oral cavity	Saliva	Saliva	5	1	2	0	0	2	gold.ecosystem:7517
Host-associated > Reptilia > Integumentary system > Skin	Host-associated	Reptilia	Integumentary system	Skin		Skin	4	2	2	0	0	2	gold.ecosystem:6950|gold.ecosystem:6951
Engineered > Artificial ecosystem > Aquaculture > Algae raceway pond	Engineered	Artificial ecosystem	Aquaculture	Algae raceway pond		Algae raceway pond	4	2	1	0	0	1	gold.ecosystem:7993|gold.ecosystem:7994
Engineered > Artificial ecosystem > Aquaculture > Crustaceans tank	Engineered	Artificial ecosystem	Aquaculture	Crustaceans tank		Crustaceans tank	4	2	1	0	0	1	gold.ecosystem:8013|gold.ecosystem:8017
Engineered > Artificial ecosystem > Aquaculture > Fish pond > Sediment	Engineered	Artificial ecosystem	Aquaculture	Fish pond	Sediment	Sediment	5	1	1	0	0	1	gold.ecosystem:8004
Engineered > Artificial ecosystem > Aquaculture > Marine fish farm	Engineered	Artificial ecosystem	Aquaculture	Marine fish farm		Marine fish farm	4	2	1	0	0	1	gold.ecosystem:8039|gold.ecosystem:8041
Engineered > Artificial ecosystem > Aquaculture > Seawater RAS > Biofilter	Engineered	Artificial ecosystem	Aquaculture	Seawater RAS	Biofilter	Biofilter	5	1	1	0	0	1	gold.ecosystem:8320
Engineered > Artificial ecosystem > Mesocosm > Lake water	Engineered	Artificial ecosystem	Mesocosm	Lake water		Lake water	4	2	1	0	0	1	gold.ecosystem:7858|gold.ecosystem:7859
Engineered > Artificial ecosystem > Mud microcosm	Engineered	Artificial ecosystem	Mud microcosm			Mud microcosm	3	3	1	0	0	1	gold.ecosystem:4843|gold.ecosystem:4844|gold.ecosystem:4845
Engineered > Artificial ecosystem > Plant growth chamber > Hydroponic media	Engineered	Artificial ecosystem	Plant growth chamber	Hydroponic media		Hydroponic media	4	2	1	0	0	1	gold.ecosystem:5551|gold.ecosystem:6284
Engineered > Artificial ecosystem > Vivarium > Freshwater aquarium > Sediment	Engineered	Artificial ecosystem	Vivarium	Freshwater aquarium	Sediment	Sediment	5	1	1	0	0	1	gold.ecosystem:8037
Engineered > Bioreactor > Aerobic > Biofilm	Engineered	Bioreactor	Aerobic	Biofilm		Biofilm	4	2	1	0	0	1	gold.ecosystem:5472|gold.ecosystem:5473
Engineered > Bioreactor > Anaerobic > Effluent	Engineered	Bioreactor	Anaerobic	Effluent		Effluent	4	2	1	0	0	1	gold.ecosystem:8166|gold.ecosystem:8167
Engineered > Bioreactor > Continuous culture	Engineered	Bioreactor	Continuous culture			Continuous culture	3	3	1	0	0	1	gold.ecosystem:3517|gold.ecosystem:3850|gold.ecosystem:4283
Engineered > Bioreactor > Microbial fuel cells/MFC > Anode > Biofilm	Engineered	Bioreactor	Microbial fuel cells/MFC	Anode	Biofilm	Biofilm	5	1	1	0	0	1	gold.ecosystem:7658
Engineered > Bioreactor > Photobioreactor (PBR)	Engineered	Bioreactor	Photobioreactor (PBR)			Photobioreactor (PBR)	3	3	1	0	0	1	gold.ecosystem:5844|gold.ecosystem:8184|gold.ecosystem:8185
Engineered > Bioreactor > Wastewater	Engineered	Bioreactor	Wastewater			Wastewater	3	3	1	0	0	1	gold.ecosystem:5600|gold.ecosystem:5827|gold.ecosystem:5828
Engineered > Bioremediation > Hydrocarbon	Engineered	Bioremediation	Hydrocarbon			Hydrocarbon	3	3	1	0	0	1	gold.ecosystem:3525|gold.ecosystem:3864|gold.ecosystem:4300
Engineered > Bioremediation > Hydrocarbon > Xylene	Engineered	Bioremediation	Hydrocarbon	Xylene		Xylene	4	2	1	0	0	1	gold.ecosystem:5086|gold.ecosystem:5087
Engineered > Built environment > Building > Sink	Engineered	Built environment	Building	Sink		Sink	4	2	1	0	0	1	gold.ecosystem:8365|gold.ecosystem:8366
Engineered > Built environment > Drinking water treatment plant	Engineered	Built environment	Drinking water treatment plant			Drinking water treatment plant	3	3	1	0	0	1	gold.ecosystem:5491|gold.ecosystem:8451|gold.ecosystem:8452
Engineered > Built environment > Drinking water treatment plant > Drinking water filter	Engineered	Built environment	Drinking water treatment plant	Drinking water filter		Drinking water filter	4	2	1	0	0	1	gold.ecosystem:5492|gold.ecosystem:5493
Engineered > Built environment > Hospital > ICU > Floor	Engineered	Built environment	Hospital	ICU	Floor	Floor	5	1	1	0	0	1	gold.ecosystem:5574
Engineered > Built environment > Mine	Engineered	Built environment	Mine			Mine	3	3	1	0	0	1	gold.ecosystem:5839|gold.ecosystem:8284|gold.ecosystem:8285
Engineered > Built environment > Monument > Stone > Sandstone	Engineered	Built environment	Monument	Stone	Sandstone	Sandstone	5	1	1	0	0	1	gold.ecosystem:7127
Engineered > Built environment > Oil refinery > Petroleum sludge	Engineered	Built environment	Oil refinery	Petroleum sludge		Petroleum sludge	4	2	1	0	0	1	gold.ecosystem:4518|gold.ecosystem:4519
Engineered > Built environment > Pipeline > Oil/Gas pipeline	Engineered	Built environment	Pipeline	Oil/Gas pipeline		Oil/Gas pipeline	4	2	1	0	0	1	gold.ecosystem:8072|gold.ecosystem:8073
Engineered > Food production > Equipment/Utensils	Engineered	Food production	Equipment/Utensils			Equipment/Utensils	3	3	1	0	0	1	gold.ecosystem:8314|gold.ecosystem:8315|gold.ecosystem:8316
Engineered > Food production > Fish products > Cold smoked fish	Engineered	Food production	Fish products	Cold smoked fish		Cold smoked fish	4	2	1	0	0	1	gold.ecosystem:6975|gold.ecosystem:6976
Engineered > Food production > Fish products > Fermented fish	Engineered	Food production	Fish products	Fermented fish		Fermented fish	4	2	1	0	0	1	gold.ecosystem:6969|gold.ecosystem:6970
Engineered > Food production > Meat products > Cooked meat > Cooked blood	Engineered	Food production	Meat products	Cooked meat	Cooked blood	Cooked blood	5	1	1	0	0	1	gold.ecosystem:6495
Engineered > Industrial production > Chemical products > Buffer	Engineered	Industrial production	Chemical products	Buffer		Buffer	4	2	1	0	0	1	gold.ecosystem:5691|gold.ecosystem:5692
Engineered > Lab culture > Culture media > Contaminated	Engineered	Lab culture	Culture media	Contaminated		Contaminated	4	2	1	0	0	1	gold.ecosystem:5975|gold.ecosystem:5987
Engineered > Lab culture > Culture media > Fungi	Engineered	Lab culture	Culture media	Fungi		Fungi	4	2	1	0	0	1	gold.ecosystem:5979|gold.ecosystem:7776
Engineered > Lab enrichment > Percolator	Engineered	Lab enrichment	Percolator			Percolator	3	3	1	0	0	1	gold.ecosystem:7128|gold.ecosystem:7129|gold.ecosystem:7130
Engineered > Solid waste > Agricultural waste > Spent mushroom substrate	Engineered	Solid waste	Agricultural waste	Spent mushroom substrate		Spent mushroom substrate	4	2	1	0	0	1	gold.ecosystem:5801|gold.ecosystem:5802
Engineered > Solid waste > Bagasse > Composting	Engineered	Solid waste	Bagasse	Composting		Composting	4	2	1	0	0	1	gold.ecosystem:4926|gold.ecosystem:4927
Engineered > Solid waste > Brown waste > Rice straw	Engineered	Solid waste	Brown waste	Rice straw		Rice straw	4	2	1	0	0	1	gold.ecosystem:6983|gold.ecosystem:6984
Engineered > Solid waste > Composting > Oil palm	Engineered	Solid waste	Composting	Oil palm		Oil palm	4	2	1	0	0	1	gold.ecosystem:5755|gold.ecosystem:5756
Engineered > Solid waste > Industrial waste > Composting	Engineered	Solid waste	Industrial waste	Composting		Composting	4	2	1	0	0	1	gold.ecosystem:4938|gold.ecosystem:4939
Engineered > Solid waste > Industrial waste > Fruit processing	Engineered	Solid waste	Industrial waste	Fruit processing		Fruit processing	4	2	1	0	0	1	gold.ecosystem:8403|gold.ecosystem:8404
Engineered > Solid waste > Plastic waste	Engineered	Solid waste	Plastic waste			Plastic waste	3	3	1	0	0	1	gold.ecosystem:8368|gold.ecosystem:8369|gold.ecosystem:8370
Engineered > Solid waste > Unknown material > Composting > Bioreactor	Engineered	Solid waste	Unknown material	Composting	Bioreactor	Bioreactor	5	1	1	0	0	1	gold.ecosystem:4966
Engineered > Solid waste > Vegetable	Engineered	Solid waste	Vegetable			Vegetable	3	3	1	0	0	1	gold.ecosystem:4932|gold.ecosystem:5945|gold.ecosystem:5946
Engineered > WWTP > Anaerobic digester	Engineered	WWTP	Anaerobic digester			Anaerobic digester	3	3	1	0	0	1	gold.ecosystem:5476|gold.ecosystem:8258|gold.ecosystem:8259
Engineered > Wastewater > Anaerobic digestor	Engineered	Wastewater	Anaerobic digestor			Anaerobic digestor	3	3	1	0	0	1	gold.ecosystem:3510|gold.ecosystem:3840|gold.ecosystem:4271
Engineered > Wastewater > Industrial wastewater > Petroleum reservoir > Produced water	Engineered	Wastewater	Industrial wastewater	Petroleum reservoir	Produced water	Produced water	5	1	1	0	0	1	gold.ecosystem:7639
Engineered > Wastewater > Nutrient removal > Biological phosphorus removal > Activated sludge	Engineered	Wastewater	Nutrient removal	Biological phosphorus removal	Activated sludge	Activated sludge	5	1	1	0	0	1	gold.ecosystem:4262
Engineered > Wastewater > Nutrient removal > Biological phosphorus removal > Bioreactor	Engineered	Wastewater	Nutrient removal	Biological phosphorus removal	Bioreactor	Bioreactor	5	1	1	0	0	1	gold.ecosystem:4263
Engineered > Wastewater > Nutrient removal > Nitrogen removal > Anammox	Engineered	Wastewater	Nutrient removal	Nitrogen removal	Anammox	Anammox	5	1	1	0	0	1	gold.ecosystem:4256
Environmental > Air > Indoor Air > Composting facility	Environmental	Air	Indoor Air	Composting facility		Composting facility	4	2	1	0	0	1	gold.ecosystem:7107|gold.ecosystem:7108
Environmental > Aquatic > Acidic	Environmental	Aquatic	Acidic			Acidic	3	3	1	0	0	1	gold.ecosystem:7975|gold.ecosystem:8506|gold.ecosystem:8507
Environmental > Aquatic > Acidic > Acidic hypersaline lake	Environmental	Aquatic	Acidic	Acidic hypersaline lake		Acidic hypersaline lake	4	2	1	0	0	1	gold.ecosystem:7986|gold.ecosystem:7987
Environmental > Aquatic > Artesian spring	Environmental	Aquatic	Artesian spring			Artesian spring	3	3	1	0	0	1	gold.ecosystem:7660|gold.ecosystem:7661|gold.ecosystem:7662
Environmental > Aquatic > Deep subsurface > Groundwater > Coalbed methane well water	Environmental	Aquatic	Deep subsurface	Groundwater	Coalbed methane well water	Coalbed methane well water	5	1	1	0	0	1	gold.ecosystem:5963
Environmental > Aquatic > Deep subsurface > Groundwater > Contaminated	Environmental	Aquatic	Deep subsurface	Groundwater	Contaminated	Contaminated	5	1	1	0	0	1	gold.ecosystem:5955
Environmental > Aquatic > Deep subsurface > Groundwater > Saline spring sediment	Environmental	Aquatic	Deep subsurface	Groundwater	Saline spring sediment	Saline spring sediment	5	1	1	0	0	1	gold.ecosystem:7985
Environmental > Aquatic > Deep subsurface > Groundwater > Spring sediment	Environmental	Aquatic	Deep subsurface	Groundwater	Spring sediment	Spring sediment	5	1	1	0	0	1	gold.ecosystem:5962
Environmental > Aquatic > Deep subsurface > Groundwater > Well	Environmental	Aquatic	Deep subsurface	Groundwater	Well	Well	5	1	1	0	0	1	gold.ecosystem:8262
Environmental > Aquatic > Deep subsurface > Groundwater > Well sediment	Environmental	Aquatic	Deep subsurface	Groundwater	Well sediment	Well sediment	5	1	1	0	0	1	gold.ecosystem:5959
Environmental > Aquatic > Freshwater > Creek > Microbial mat	Environmental	Aquatic	Freshwater	Creek	Microbial mat	Microbial mat	5	1	1	0	0	1	gold.ecosystem:7938
Environmental > Aquatic > Freshwater > Drinking water > Chlorinated	Environmental	Aquatic	Freshwater	Drinking water	Chlorinated	Chlorinated	5	1	1	0	0	1	gold.ecosystem:4059
Environmental > Aquatic > Freshwater > Drinking water > Filtered water	Environmental	Aquatic	Freshwater	Drinking water	Filtered water	Filtered water	5	1	1	0	0	1	gold.ecosystem:5122
Environmental > Aquatic > Freshwater > Glacier	Environmental	Aquatic	Freshwater	Glacier		Glacier	4	2	1	0	0	1	gold.ecosystem:7295|gold.ecosystem:8503
Environmental > Aquatic > Freshwater > Glacier > Meltwater	Environmental	Aquatic	Freshwater	Glacier	Meltwater	Meltwater	5	1	1	0	0	1	gold.ecosystem:7297
Environmental > Aquatic > Freshwater > Ice > Ice accretions	Environmental	Aquatic	Freshwater	Ice	Ice accretions	Ice accretions	5	1	1	0	0	1	gold.ecosystem:4062
Environmental > Aquatic > Freshwater > Lake > Cyanobacterial bloom	Environmental	Aquatic	Freshwater	Lake	Cyanobacterial bloom	Cyanobacterial bloom	5	1	1	0	0	1	gold.ecosystem:5356
Environmental > Aquatic > Freshwater > Lake > Littoral zone	Environmental	Aquatic	Freshwater	Lake	Littoral zone	Littoral zone	5	1	1	0	0	1	gold.ecosystem:7877
Environmental > Aquatic > Freshwater > Lentic > Limnetic zone	Environmental	Aquatic	Freshwater	Lentic	Limnetic zone	Limnetic zone	5	1	1	0	0	1	gold.ecosystem:4176
Environmental > Aquatic > Freshwater > River > Microbial mats	Environmental	Aquatic	Freshwater	River	Microbial mats	Microbial mats	5	1	1	0	0	1	gold.ecosystem:5347
Environmental > Aquatic > Freshwater > River > Periphyton	Environmental	Aquatic	Freshwater	River	Periphyton	Periphyton	5	1	1	0	0	1	gold.ecosystem:5345
Environmental > Aquatic > Freshwater > River > River biofilm	Environmental	Aquatic	Freshwater	River	River biofilm	River biofilm	5	1	1	0	0	1	gold.ecosystem:5348
Environmental > Aquatic > Freshwater > Storm water	Environmental	Aquatic	Freshwater	Storm water		Storm water	4	2	1	0	0	1	gold.ecosystem:3797|gold.ecosystem:4189
Environmental > Aquatic > Freshwater > Wetlands > Fen	Environmental	Aquatic	Freshwater	Wetlands	Fen	Fen	5	1	1	0	0	1	gold.ecosystem:5285
Environmental > Aquatic > Freshwater > Wetlands > Soil	Environmental	Aquatic	Freshwater	Wetlands	Soil	Soil	5	1	1	0	0	1	gold.ecosystem:5376
Environmental > Aquatic > Marine > Coastal > Phytoplankton bloom	Environmental	Aquatic	Marine	Coastal	Phytoplankton bloom	Phytoplankton bloom	5	1	1	0	0	1	gold.ecosystem:5825
Environmental > Aquatic > Marine > Deep subsurface > Hydrocarbon	Environmental	Aquatic	Marine	Deep subsurface	Hydrocarbon	Hydrocarbon	5	1	1	0	0	1	gold.ecosystem:5723
Environmental > Aquatic > Marine > Deep subsurface > Rock	Environmental	Aquatic	Marine	Deep subsurface	Rock	Rock	5	1	1	0	0	1	gold.ecosystem:5370
Environmental > Aquatic > Marine > Deepwater/Brine lake > Sediment	Environmental	Aquatic	Marine	Deepwater/Brine lake	Sediment	Sediment	5	1	1	0	0	1	gold.ecosystem:8053
Environmental > Aquatic > Marine > Gulf	Environmental	Aquatic	Marine	Gulf		Gulf	4	2	1	0	0	1	gold.ecosystem:4575|gold.ecosystem:4576
Environmental > Aquatic > Marine > Hadalpelagic	Environmental	Aquatic	Marine	Hadalpelagic		Hadalpelagic	4	2	1	0	0	1	gold.ecosystem:5343|gold.ecosystem:5344
Environmental > Aquatic > Marine > Intertidal zone > Oil-contaminated sediment	Environmental	Aquatic	Marine	Intertidal zone	Oil-contaminated sediment	Oil-contaminated sediment	5	1	1	0	0	1	gold.ecosystem:7144
Environmental > Aquatic > Marine > Marine basin floor > Sediment	Environmental	Aquatic	Marine	Marine basin floor	Sediment	Sediment	5	1	1	0	0	1	gold.ecosystem:5353
Environmental > Aquatic > Marine > Marine lake > Sediment	Environmental	Aquatic	Marine	Marine lake	Sediment	Sediment	5	1	1	0	0	1	gold.ecosystem:7937
Environmental > Aquatic > Marine > Mud volcano > Sediment	Environmental	Aquatic	Marine	Mud volcano	Sediment	Sediment	5	1	1	0	0	1	gold.ecosystem:5377
Environmental > Aquatic > Marine > Neritic zone/Coastal water > Oil-contaminated sediment	Environmental	Aquatic	Marine	Neritic zone/Coastal water	Oil-contaminated sediment	Oil-contaminated sediment	5	1	1	0	0	1	gold.ecosystem:4033
Environmental > Aquatic > Marine > Neritic zone/Coastal water > Sea ice	Environmental	Aquatic	Marine	Neritic zone/Coastal water	Sea ice	Sea ice	5	1	1	0	0	1	gold.ecosystem:8060
Environmental > Aquatic > Marine > Neritic zone/Coastal water > Sediment	Environmental	Aquatic	Marine	Neritic zone/Coastal water	Sediment	Sediment	5	1	1	0	0	1	gold.ecosystem:4048
Environmental > Aquatic > Marine > Ocean trench > Sediment	Environmental	Aquatic	Marine	Ocean trench	Sediment	Sediment	5	1	1	0	0	1	gold.ecosystem:5390
Environmental > Aquatic > Marine > Pelagic zone > Abyssopelagic/Abyssal zone	Environmental	Aquatic	Marine	Pelagic zone	Abyssopelagic/Abyssal zone	Abyssopelagic/Abyssal zone	5	1	1	0	0	1	gold.ecosystem:7900
Environmental > Aquatic > Marine > Pelagic zone > Sediment	Environmental	Aquatic	Marine	Pelagic zone	Sediment	Sediment	5	1	1	0	0	1	gold.ecosystem:6087
Environmental > Aquatic > Marine > Waste > Rubber	Environmental	Aquatic	Marine	Waste	Rubber	Rubber	5	1	1	0	0	1	gold.ecosystem:8419
Environmental > Aquatic > Non-marine Saline and Alkaline > Alkaline > Microbial mats	Environmental	Aquatic	Non-marine Saline and Alkaline	Alkaline	Microbial mats	Microbial mats	5	1	1	0	0	1	gold.ecosystem:3967
Environmental > Aquatic > Non-marine Saline and Alkaline > Hypersaline lake > Sediment–water interface	Environmental	Aquatic	Non-marine Saline and Alkaline	Hypersaline lake	Sediment–water interface	Sediment–water interface	5	1	1	0	0	1	gold.ecosystem:8101
Environmental > Aquatic > Non-marine Saline and Alkaline > Saline > Thalassic	Environmental	Aquatic	Non-marine Saline and Alkaline	Saline	Thalassic	Thalassic	5	1	1	0	0	1	gold.ecosystem:3976
Environmental > Aquatic > Non-marine Saline and Alkaline > Salt crystallizer ponds > Microbial mats	Environmental	Aquatic	Non-marine Saline and Alkaline	Salt crystallizer ponds	Microbial mats	Microbial mats	5	1	1	0	0	1	gold.ecosystem:3982
Environmental > Aquatic > Pit lake	Environmental	Aquatic	Pit lake			Pit lake	3	3	1	0	0	1	gold.ecosystem:7955|gold.ecosystem:7956|gold.ecosystem:7957
Environmental > Aquatic > Thermal springs > Acid lake > Sediment	Environmental	Aquatic	Thermal springs	Acid lake	Sediment	Sediment	5	1	1	0	0	1	gold.ecosystem:7824
Environmental > Aquatic > Thermal springs > Tepid (25-34C) > Sediment	Environmental	Aquatic	Thermal springs	Tepid (25-34C)	Sediment	Sediment	5	1	1	0	0	1	gold.ecosystem:3990
Environmental > Aquatic > Thermal springs > Warm (34-42C)	Environmental	Aquatic	Thermal springs	Warm (34-42C)		Warm (34-42C)	4	2	1	0	0	1	gold.ecosystem:3759|gold.ecosystem:3986
Environmental > Terrestrial > Cave > Soil	Environmental	Terrestrial	Cave	Soil		Soil	4	2	1	0	0	1	gold.ecosystem:8514|gold.ecosystem:8515
Environmental > Terrestrial > Deep subsurface > Aquifer > Rock core/Sediment	Environmental	Terrestrial	Deep subsurface	Aquifer	Rock core/Sediment	Rock core/Sediment	5	1	1	0	0	1	gold.ecosystem:5984
Environmental > Terrestrial > Deep subsurface > Cave > Floor sediment	Environmental	Terrestrial	Deep subsurface	Cave	Floor sediment	Floor sediment	5	1	1	0	0	1	gold.ecosystem:5971
Environmental > Terrestrial > Deep subsurface > Cave > Speleothems	Environmental	Terrestrial	Deep subsurface	Cave	Speleothems	Speleothems	5	1	1	0	0	1	gold.ecosystem:5972
Environmental > Terrestrial > Floodplain > Sediment	Environmental	Terrestrial	Floodplain	Sediment		Sediment	4	2	1	0	0	1	gold.ecosystem:4667|gold.ecosystem:4668
Environmental > Terrestrial > Nest > Insects nest	Environmental	Terrestrial	Nest	Insects nest		Insects nest	4	2	1	0	0	1	gold.ecosystem:7273|gold.ecosystem:7275
Environmental > Terrestrial > Nest > Insects nest > Beehive: Pollen	Environmental	Terrestrial	Nest	Insects nest	Beehive: Pollen	Beehive: Pollen	5	1	1	0	0	1	gold.ecosystem:7641
Environmental > Terrestrial > Nest > Rodent burrow	Environmental	Terrestrial	Nest	Rodent burrow		Rodent burrow	4	2	1	0	0	1	gold.ecosystem:6473|gold.ecosystem:6474
Environmental > Terrestrial > Oil reservoir > Sediment	Environmental	Terrestrial	Oil reservoir	Sediment		Sediment	4	2	1	0	0	1	gold.ecosystem:5431|gold.ecosystem:5432
Environmental > Terrestrial > Rock-dwelling (endoliths) > Halite	Environmental	Terrestrial	Rock-dwelling (endoliths)	Halite		Halite	4	2	1	0	0	1	gold.ecosystem:5915|gold.ecosystem:5916
Environmental > Terrestrial > Soil > Alpine	Environmental	Terrestrial	Soil	Alpine		Alpine	4	2	1	0	0	1	gold.ecosystem:8083|gold.ecosystem:8084
Environmental > Terrestrial > Soil > Arable > Agricultural land	Environmental	Terrestrial	Soil	Arable	Agricultural land	Agricultural land	5	1	1	0	0	1	gold.ecosystem:5768
Environmental > Terrestrial > Soil > Biocrust	Environmental	Terrestrial	Soil	Biocrust		Biocrust	4	2	1	0	0	1	gold.ecosystem:4710|gold.ecosystem:4711
Environmental > Terrestrial > Soil > Boreal forest/Taiga > Humus	Environmental	Terrestrial	Soil	Boreal forest/Taiga	Humus	Humus	5	1	1	0	0	1	gold.ecosystem:6028
Environmental > Terrestrial > Soil > Botanical garden > Bulk soil	Environmental	Terrestrial	Soil	Botanical garden	Bulk soil	Bulk soil	5	1	1	0	0	1	gold.ecosystem:5867
Environmental > Terrestrial > Soil > Contaminated > Oil-contaminated	Environmental	Terrestrial	Soil	Contaminated	Oil-contaminated	Oil-contaminated	5	1	1	0	0	1	gold.ecosystem:8383
Environmental > Terrestrial > Soil > Desert > Dry permafrost	Environmental	Terrestrial	Soil	Desert	Dry permafrost	Dry permafrost	5	1	1	0	0	1	gold.ecosystem:7967
Environmental > Terrestrial > Soil > Drainage basin > Bulk soil	Environmental	Terrestrial	Soil	Drainage basin	Bulk soil	Bulk soil	5	1	1	0	0	1	gold.ecosystem:5880
Environmental > Terrestrial > Soil > Floodplain > Sediment	Environmental	Terrestrial	Soil	Floodplain	Sediment	Sediment	5	1	1	0	0	1	gold.ecosystem:7673
Environmental > Terrestrial > Soil > Geothermal field	Environmental	Terrestrial	Soil	Geothermal field		Geothermal field	4	2	1	0	0	1	gold.ecosystem:7913|gold.ecosystem:7915
Environmental > Terrestrial > Soil > Glacier > Glacial till/moraine	Environmental	Terrestrial	Soil	Glacier	Glacial till/moraine	Glacial till/moraine	5	1	1	0	0	1	gold.ecosystem:7973
Environmental > Terrestrial > Soil > Landfill > Cover soil	Environmental	Terrestrial	Soil	Landfill	Cover soil	Cover soil	5	1	1	0	0	1	gold.ecosystem:8240
Environmental > Terrestrial > Soil > Loam > Agricultural land	Environmental	Terrestrial	Soil	Loam	Agricultural land	Agricultural land	5	1	1	0	0	1	gold.ecosystem:4242
Environmental > Terrestrial > Soil > Meadow	Environmental	Terrestrial	Soil	Meadow		Meadow	4	2	1	0	0	1	gold.ecosystem:5862|gold.ecosystem:8391
Environmental > Terrestrial > Soil > Pasture > Agricultural land	Environmental	Terrestrial	Soil	Pasture	Agricultural land	Agricultural land	5	1	1	0	0	1	gold.ecosystem:5729
Environmental > Terrestrial > Soil > Permafrost	Environmental	Terrestrial	Soil	Permafrost		Permafrost	4	2	1	0	0	1	gold.ecosystem:8236|gold.ecosystem:8237
Environmental > Terrestrial > Soil > Potting soil	Environmental	Terrestrial	Soil	Potting soil		Potting soil	4	2	1	0	0	1	gold.ecosystem:5778|gold.ecosystem:5779
Environmental > Terrestrial > Soil > Soil crust > Biological	Environmental	Terrestrial	Soil	Soil crust	Biological	Biological	5	1	1	0	0	1	gold.ecosystem:7686
Environmental > Terrestrial > Soil > Surface mine	Environmental	Terrestrial	Soil	Surface mine		Surface mine	4	2	1	0	0	1	gold.ecosystem:7739|gold.ecosystem:7740
Environmental > Terrestrial > Soil > Surface mine > Reclaimed	Environmental	Terrestrial	Soil	Surface mine	Reclaimed	Reclaimed	5	1	1	0	0	1	gold.ecosystem:7741
Environmental > Terrestrial > Soil > Tropical forest > A horizon/Topsoil	Environmental	Terrestrial	Soil	Tropical forest	A horizon/Topsoil	A horizon/Topsoil	5	1	1	0	0	1	gold.ecosystem:6019
Environmental > Terrestrial > Soil > Tundra > Permafrost	Environmental	Terrestrial	Soil	Tundra	Permafrost	Permafrost	5	1	1	0	0	1	gold.ecosystem:7802
Environmental > Terrestrial > Soil > Unclassified > Boreal forest	Environmental	Terrestrial	Soil		Boreal forest	Boreal forest	5	1	1	0	0	1	gold.ecosystem:4217
Environmental > Terrestrial > Soil > Unclassified > Bulk soil	Environmental	Terrestrial	Soil		Bulk soil	Bulk soil	5	1	1	0	0	1	gold.ecosystem:5868
Environmental > Terrestrial > Soil > Unclassified > Creek	Environmental	Terrestrial	Soil		Creek	Creek	5	1	1	0	0	1	gold.ecosystem:5792
Environmental > Terrestrial > Soil > Unclassified > Orchard soil	Environmental	Terrestrial	Soil		Orchard soil	Orchard soil	5	1	1	0	0	1	gold.ecosystem:5414
Environmental > Terrestrial > Soil > Unclassified > Shrubland	Environmental	Terrestrial	Soil		Shrubland	Shrubland	5	1	1	0	0	1	gold.ecosystem:4214
Environmental > Terrestrial > Subsurface > Sediment	Environmental	Terrestrial	Subsurface	Sediment		Sediment	4	2	1	0	0	1	gold.ecosystem:7103|gold.ecosystem:7104
Host-associated > Algae > Red algae > Blade	Host-associated	Algae	Red algae	Blade		Blade	4	2	1	0	0	1	gold.ecosystem:7719|gold.ecosystem:7720
Host-associated > Amphibia > Digestive system	Host-associated	Amphibia	Digestive system			Digestive system	3	3	1	0	0	1	gold.ecosystem:3559|gold.ecosystem:3638|gold.ecosystem:4083
Host-associated > Amphibia > Digestive system > Biliary tract > Liver	Host-associated	Amphibia	Digestive system	Biliary tract	Liver	Liver	5	1	1	0	0	1	gold.ecosystem:6953
Host-associated > Annelida > Integument	Host-associated	Annelida	Integument			Integument	3	3	1	0	0	1	gold.ecosystem:3557|gold.ecosystem:3895|gold.ecosystem:4336
Host-associated > Annelida > Whole body	Host-associated	Annelida	Whole body			Whole body	3	3	1	0	0	1	gold.ecosystem:4529|gold.ecosystem:4530|gold.ecosystem:4531
Host-associated > Arthropoda: Crustaceans > Digestive system > Foregut > Stomach	Host-associated	Arthropoda: Crustaceans	Digestive system	Foregut	Stomach	Stomach	5	1	1	0	0	1	gold.ecosystem:7318
Host-associated > Arthropoda: Crustaceans > Digestive system > Hindgut	Host-associated	Arthropoda: Crustaceans	Digestive system	Hindgut		Hindgut	4	2	1	0	0	1	gold.ecosystem:7323|gold.ecosystem:7324
Host-associated > Arthropoda: Crustaceans > Larva: Nauplius	Host-associated	Arthropoda: Crustaceans	Larva: Nauplius			Larva: Nauplius	3	3	1	0	0	1	gold.ecosystem:7348|gold.ecosystem:7351|gold.ecosystem:7352
Host-associated > Arthropoda: Insects > Circulatory system	Host-associated	Arthropoda: Insects	Circulatory system			Circulatory system	3	3	1	0	0	1	gold.ecosystem:7079|gold.ecosystem:7080|gold.ecosystem:7081
Host-associated > Arthropoda: Insects > Digestive system > Foregut > Crop	Host-associated	Arthropoda: Insects	Digestive system	Foregut	Crop	Crop	5	1	1	0	0	1	gold.ecosystem:7197
Host-associated > Arthropoda: Insects > Digestive system > Foregut > Mouthparts	Host-associated	Arthropoda: Insects	Digestive system	Foregut	Mouthparts	Mouthparts	5	1	1	0	0	1	gold.ecosystem:7189
Host-associated > Arthropoda: Insects > Digestive system > Hindgut > Rectum	Host-associated	Arthropoda: Insects	Digestive system	Hindgut	Rectum	Rectum	5	1	1	0	0	1	gold.ecosystem:7205
Host-associated > Arthropoda: Insects > Digestive system > Midgut > Stomach	Host-associated	Arthropoda: Insects	Digestive system	Midgut	Stomach	Stomach	5	1	1	0	0	1	gold.ecosystem:7200
Host-associated > Arthropoda: Insects > Nymph/Instar > Gut	Host-associated	Arthropoda: Insects	Nymph/Instar	Gut		Gut	4	2	1	0	0	1	gold.ecosystem:7379|gold.ecosystem:7380
Host-associated > Arthropoda: Insects > Whole body > No thorax	Host-associated	Arthropoda: Insects	Whole body	No thorax		No thorax	4	2	1	0	0	1	gold.ecosystem:7154|gold.ecosystem:7155
Host-associated > Arthropoda: Myriapoda > Digestive system	Host-associated	Arthropoda: Myriapoda	Digestive system			Digestive system	3	3	1	0	0	1	gold.ecosystem:3547|gold.ecosystem:3625|gold.ecosystem:4065
Host-associated > Birds > Circulatory system > Heart	Host-associated	Birds	Circulatory system	Heart		Heart	4	2	1	0	0	1	gold.ecosystem:7449|gold.ecosystem:7450
Host-associated > Birds > Digestive system > Oral/Buccal cavity	Host-associated	Birds	Digestive system	Oral/Buccal cavity		Oral/Buccal cavity	4	2	1	0	0	1	gold.ecosystem:7492|gold.ecosystem:7493
Host-associated > Birds > Digestive system > Small intestine > Jejunum	Host-associated	Birds	Digestive system	Small intestine	Jejunum	Jejunum	5	1	1	0	0	1	gold.ecosystem:6891
Host-associated > Birds > Digestive system > Small intestine > Mucosa	Host-associated	Birds	Digestive system	Small intestine	Mucosa	Mucosa	5	1	1	0	0	1	gold.ecosystem:6902
Host-associated > Birds > Digestive system > Stomach	Host-associated	Birds	Digestive system	Stomach		Stomach	4	2	1	0	0	1	gold.ecosystem:7429|gold.ecosystem:7430
Host-associated > Birds > Muscular system	Host-associated	Birds	Muscular system			Muscular system	3	3	1	0	0	1	gold.ecosystem:7465|gold.ecosystem:7466|gold.ecosystem:7467
Host-associated > Birds > Muscular system > Skeletal muscle	Host-associated	Birds	Muscular system	Skeletal muscle		Skeletal muscle	4	2	1	0	0	1	gold.ecosystem:7470|gold.ecosystem:7471
Host-associated > Birds > Respiratory system > Infraorbital sinus	Host-associated	Birds	Respiratory system	Infraorbital sinus		Infraorbital sinus	4	2	1	0	0	1	gold.ecosystem:7447|gold.ecosystem:7448
Host-associated > Birds > Urinary system > Kidney	Host-associated	Birds	Urinary system	Kidney		Kidney	4	2	1	0	0	1	gold.ecosystem:7484|gold.ecosystem:7485
Host-associated > Endosymbionts > Bacteria	Host-associated	Endosymbionts	Bacteria			Bacteria	3	3	1	0	0	1	gold.ecosystem:4383|gold.ecosystem:4731|gold.ecosystem:4732
Host-associated > Fish > Abdomen > Ascites	Host-associated	Fish	Abdomen	Ascites		Ascites	4	2	1	0	0	1	gold.ecosystem:5053|gold.ecosystem:5054
Host-associated > Fish > Circulatory system > Heart	Host-associated	Fish	Circulatory system	Heart		Heart	4	2	1	0	0	1	gold.ecosystem:6967|gold.ecosystem:6968
Host-associated > Fish > Digestive system > Oral/Buccal cavity	Host-associated	Fish	Digestive system	Oral/Buccal cavity		Oral/Buccal cavity	4	2	1	0	0	1	gold.ecosystem:6965|gold.ecosystem:6966
Host-associated > Fish > Integumentary system	Host-associated	Fish	Integumentary system			Integumentary system	3	3	1	0	0	1	gold.ecosystem:6918|gold.ecosystem:6923|gold.ecosystem:6924
Host-associated > Fish > Integumentary system > Photophore	Host-associated	Fish	Integumentary system	Photophore		Photophore	4	2	1	0	0	1	gold.ecosystem:6925|gold.ecosystem:6926
Host-associated > Fish > Muscular system > Muscles	Host-associated	Fish	Muscular system	Muscles		Muscles	4	2	1	0	0	1	gold.ecosystem:7552|gold.ecosystem:7553
Host-associated > Fish > Reproductive system > Ovaries > Eggs	Host-associated	Fish	Reproductive system	Ovaries	Eggs	Eggs	5	1	1	0	0	1	gold.ecosystem:7573
Host-associated > Fish > Respiratory system	Host-associated	Fish	Respiratory system			Respiratory system	3	3	1	0	0	1	gold.ecosystem:4919|gold.ecosystem:7543|gold.ecosystem:7544
Host-associated > Fish > Visual system > Eye	Host-associated	Fish	Visual system	Eye		Eye	4	2	1	0	0	1	gold.ecosystem:6930|gold.ecosystem:6931
Host-associated > Mammals > Digestive system > Large intestine > Anal canal	Host-associated	Mammals	Digestive system	Large intestine	Anal canal	Anal canal	5	1	1	0	0	1	gold.ecosystem:6703
Host-associated > Mammals > Digestive system > Large intestine > Anal canal mucosa	Host-associated	Mammals	Digestive system	Large intestine	Anal canal mucosa	Anal canal mucosa	5	1	1	0	0	1	gold.ecosystem:6464
Host-associated > Mammals > Digestive system > Oral cavity > Gingiva	Host-associated	Mammals	Digestive system	Oral cavity	Gingiva	Gingiva	5	1	1	0	0	1	gold.ecosystem:5121
Host-associated > Mammals > Digestive system > Oral cavity > Oral mucosa	Host-associated	Mammals	Digestive system	Oral cavity	Oral mucosa	Oral mucosa	5	1	1	0	0	1	gold.ecosystem:6709
Host-associated > Mammals > Digestive system > Oral cavity > Subgingival plaque	Host-associated	Mammals	Digestive system	Oral cavity	Subgingival plaque	Subgingival plaque	5	1	1	0	0	1	gold.ecosystem:6715
Host-associated > Mammals > Digestive system > Oral cavity > Tongue dorsum	Host-associated	Mammals	Digestive system	Oral cavity	Tongue dorsum	Tongue dorsum	5	1	1	0	0	1	gold.ecosystem:6711
Host-associated > Mammals > Digestive system > Small intestine > Duodenum	Host-associated	Mammals	Digestive system	Small intestine	Duodenum	Duodenum	5	1	1	0	0	1	gold.ecosystem:6132
Host-associated > Mammals > Digestive system > Stomach > Omasum	Host-associated	Mammals	Digestive system	Stomach	Omasum	Omasum	5	1	1	0	0	1	gold.ecosystem:6396
Host-associated > Mammals > Integumentary system > Hair/Fur > Hair follicle	Host-associated	Mammals	Integumentary system	Hair/Fur	Hair follicle	Hair follicle	5	1	1	0	0	1	gold.ecosystem:6915
Host-associated > Mammals > Integumentary system > Sebaceous glands > Sebum	Host-associated	Mammals	Integumentary system	Sebaceous glands	Sebum	Sebum	5	1	1	0	0	1	gold.ecosystem:7515
Host-associated > Mammals > Lymphatic system	Host-associated	Mammals	Lymphatic system			Lymphatic system	3	3	1	0	0	1	gold.ecosystem:3583|gold.ecosystem:3676|gold.ecosystem:4126
Host-associated > Mammals > Multiple systems > Multiple organs	Host-associated	Mammals	Multiple systems	Multiple organs		Multiple organs	4	2	1	0	0	1	gold.ecosystem:6422|gold.ecosystem:6879
Host-associated > Mammals > Multiple systems > Multiple organs > Viscera	Host-associated	Mammals	Multiple systems	Multiple organs	Viscera	Viscera	5	1	1	0	0	1	gold.ecosystem:6490
Host-associated > Mammals > Nervous system > Subarachnoid space > Cerebrospinal fluid	Host-associated	Mammals	Nervous system	Subarachnoid space	Cerebrospinal fluid	Cerebrospinal fluid	5	1	1	0	0	1	gold.ecosystem:6774
Host-associated > Mammals > Remains > Fossilized remains > Coprolite	Host-associated	Mammals	Remains	Fossilized remains	Coprolite	Coprolite	5	1	1	0	0	1	gold.ecosystem:6429
Host-associated > Mammals > Reproductive system > External organs > Penis	Host-associated	Mammals	Reproductive system	External organs	Penis	Penis	5	1	1	0	0	1	gold.ecosystem:7628
Host-associated > Mammals > Respiratory system > Bronchi	Host-associated	Mammals	Respiratory system	Bronchi		Bronchi	4	2	1	0	0	1	gold.ecosystem:6835|gold.ecosystem:6836
Host-associated > Mammals > Respiratory system > Nasal cavity > Nasal discharge	Host-associated	Mammals	Respiratory system	Nasal cavity	Nasal discharge	Nasal discharge	5	1	1	0	0	1	gold.ecosystem:6829
Host-associated > Mammals: Human > Abdominal/Peritoneal cavity > Ascites	Host-associated	Mammals: Human	Abdominal/Peritoneal cavity	Ascites		Ascites	4	2	1	0	0	1	gold.ecosystem:6166|gold.ecosystem:6167
Host-associated > Mammals: Human > Benign tumor > Cholesteatoma	Host-associated	Mammals: Human	Benign tumor	Cholesteatoma		Cholesteatoma	4	2	1	0	0	1	gold.ecosystem:6306|gold.ecosystem:6307
Host-associated > Mammals: Human > Benign tumor > Granuloma > Nasal	Host-associated	Mammals: Human	Benign tumor	Granuloma	Nasal	Nasal	5	1	1	0	0	1	gold.ecosystem:6310
Host-associated > Mammals: Human > Circulatory system > Blood > Erythrocytes	Host-associated	Mammals: Human	Circulatory system	Blood	Erythrocytes	Erythrocytes	5	1	1	0	0	1	gold.ecosystem:6603
Host-associated > Mammals: Human > Circulatory system > Blood > Venous	Host-associated	Mammals: Human	Circulatory system	Blood	Venous	Venous	5	1	1	0	0	1	gold.ecosystem:6606
Host-associated > Mammals: Human > Circulatory system > Heart > Heart valve	Host-associated	Mammals: Human	Circulatory system	Heart	Heart valve	Heart valve	5	1	1	0	0	1	gold.ecosystem:5075
Host-associated > Mammals: Human > Circulatory system > Heart > Myocardial abscess	Host-associated	Mammals: Human	Circulatory system	Heart	Myocardial abscess	Myocardial abscess	5	1	1	0	0	1	gold.ecosystem:6354
Host-associated > Mammals: Human > Digestive system > Biliary tract > Gallbladder: Bile	Host-associated	Mammals: Human	Digestive system	Biliary tract	Gallbladder: Bile	Gallbladder: Bile	5	1	1	0	0	1	gold.ecosystem:6089
Host-associated > Mammals: Human > Digestive system > Large intestine > Anal canal	Host-associated	Mammals: Human	Digestive system	Large intestine	Anal canal	Anal canal	5	1	1	0	0	1	gold.ecosystem:6285
Host-associated > Mammals: Human > Digestive system > Large intestine > Anal canal mucosa	Host-associated	Mammals: Human	Digestive system	Large intestine	Anal canal mucosa	Anal canal mucosa	5	1	1	0	0	1	gold.ecosystem:6311
Host-associated > Mammals: Human > Digestive system > Large intestine > Cecum	Host-associated	Mammals: Human	Digestive system	Large intestine	Cecum	Cecum	5	1	1	0	0	1	gold.ecosystem:6436
Host-associated > Mammals: Human > Digestive system > Large intestine > Rectal mucosa	Host-associated	Mammals: Human	Digestive system	Large intestine	Rectal mucosa	Rectal mucosa	5	1	1	0	0	1	gold.ecosystem:6121
Host-associated > Mammals: Human > Digestive system > Large intestine > Sigmoid colon	Host-associated	Mammals: Human	Digestive system	Large intestine	Sigmoid colon	Sigmoid colon	5	1	1	0	0	1	gold.ecosystem:3921
Host-associated > Mammals: Human > Digestive system > Oral cavity > Tooth: Dentin	Host-associated	Mammals: Human	Digestive system	Oral cavity	Tooth: Dentin	Tooth: Dentin	5	1	1	0	0	1	gold.ecosystem:6101
Host-associated > Mammals: Human > Digestive system > Small intestine	Host-associated	Mammals: Human	Digestive system	Small intestine		Small intestine	4	2	1	0	0	1	gold.ecosystem:5022|gold.ecosystem:6435
Host-associated > Mammals: Human > Digestive system > Small intestine > Ileum	Host-associated	Mammals: Human	Digestive system	Small intestine	Ileum	Ileum	5	1	1	0	0	1	gold.ecosystem:5025
Host-associated > Mammals: Human > Fetus > Fetal tissue > Placenta	Host-associated	Mammals: Human	Fetus	Fetal tissue	Placenta	Placenta	5	1	1	0	0	1	gold.ecosystem:6573
Host-associated > Mammals: Human > Integumentary system > Adipose tissue	Host-associated	Mammals: Human	Integumentary system	Adipose tissue		Adipose tissue	4	2	1	0	0	1	gold.ecosystem:6512|gold.ecosystem:6513
Host-associated > Mammals: Human > Integumentary system > Skin > Acne vulgaris	Host-associated	Mammals: Human	Integumentary system	Skin	Acne vulgaris	Acne vulgaris	5	1	1	0	0	1	gold.ecosystem:7011
Host-associated > Mammals: Human > Integumentary system > Skin > Cellulitis	Host-associated	Mammals: Human	Integumentary system	Skin	Cellulitis	Cellulitis	5	1	1	0	0	1	gold.ecosystem:6355
Host-associated > Mammals: Human > Integumentary system > Skin > Dermatitis	Host-associated	Mammals: Human	Integumentary system	Skin	Dermatitis	Dermatitis	5	1	1	0	0	1	gold.ecosystem:6340
Host-associated > Mammals: Human > Integumentary system > Skin > Skin surface	Host-associated	Mammals: Human	Integumentary system	Skin	Skin surface	Skin surface	5	1	1	0	0	1	gold.ecosystem:6115
Host-associated > Mammals: Human > Lymphatic system	Host-associated	Mammals: Human	Lymphatic system			Lymphatic system	3	3	1	0	0	1	gold.ecosystem:3590|gold.ecosystem:4796|gold.ecosystem:4797
Host-associated > Mammals: Human > Muscular system > Skeletal muscle > Muscle abscess	Host-associated	Mammals: Human	Muscular system	Skeletal muscle	Muscle abscess	Muscle abscess	5	1	1	0	0	1	gold.ecosystem:6353
Host-associated > Mammals: Human > Nervous system > Subarachnoid space	Host-associated	Mammals: Human	Nervous system	Subarachnoid space		Subarachnoid space	4	1	1	0	0	1	gold.ecosystem:6127
Host-associated > Mammals: Human > Reproductive system > External organs > Scrotum/Scrotal sac	Host-associated	Mammals: Human	Reproductive system	External organs	Scrotum/Scrotal sac	Scrotum/Scrotal sac	5	1	1	0	0	1	gold.ecosystem:6287
Host-associated > Mammals: Human > Reproductive system > Uterus	Host-associated	Mammals: Human	Reproductive system	Uterus		Uterus	4	2	1	0	0	1	gold.ecosystem:6125|gold.ecosystem:6462
Host-associated > Mammals: Human > Respiratory system > Lung > Alveoli	Host-associated	Mammals: Human	Respiratory system	Lung	Alveoli	Alveoli	5	1	1	0	0	1	gold.ecosystem:6112
Host-associated > Mammals: Human > Respiratory system > Nasal cavity > Nasal mucosa	Host-associated	Mammals: Human	Respiratory system	Nasal cavity	Nasal mucosa	Nasal mucosa	5	1	1	0	0	1	gold.ecosystem:6336
Host-associated > Mammals: Human > Respiratory system > Nasal cavity > Paranasal sinuses	Host-associated	Mammals: Human	Respiratory system	Nasal cavity	Paranasal sinuses	Paranasal sinuses	5	1	1	0	0	1	gold.ecosystem:6337
Host-associated > Mammals: Human > Respiratory system > Pleural space/cavity > Empyema drain	Host-associated	Mammals: Human	Respiratory system	Pleural space/cavity	Empyema drain	Empyema drain	5	1	1	0	0	1	gold.ecosystem:6303
Host-associated > Mammals: Human > Respiratory system > Respiratory tract fluid	Host-associated	Mammals: Human	Respiratory system	Respiratory tract fluid		Respiratory tract fluid	4	2	1	0	0	1	gold.ecosystem:6622|gold.ecosystem:6623
Host-associated > Mammals: Human > Skeletal system > Bone > Bone marrow	Host-associated	Mammals: Human	Skeletal system	Bone	Bone marrow	Bone marrow	5	1	1	0	0	1	gold.ecosystem:5314
Host-associated > Mammals: Human > Skeletal system > Joint capsule > Abscess	Host-associated	Mammals: Human	Skeletal system	Joint capsule	Abscess	Abscess	5	1	1	0	0	1	gold.ecosystem:6344
Host-associated > Mammals: Human > Urinary system > Kidney > Kidney abscess	Host-associated	Mammals: Human	Urinary system	Kidney	Kidney abscess	Kidney abscess	5	1	1	0	0	1	gold.ecosystem:6333
Host-associated > Mammals: Human > Urinary system > Urinary bladder > Bladder stones	Host-associated	Mammals: Human	Urinary system	Urinary bladder	Bladder stones	Bladder stones	5	1	1	0	0	1	gold.ecosystem:6297
Host-associated > Mammals: Human > Visual system > Eye > Ocular surface	Host-associated	Mammals: Human	Visual system	Eye	Ocular surface	Ocular surface	5	1	1	0	0	1	gold.ecosystem:8176
Host-associated > Mollusca > Circulatory system > Hemolymph	Host-associated	Mollusca	Circulatory system	Hemolymph		Hemolymph	4	2	1	0	0	1	gold.ecosystem:4977|gold.ecosystem:4978
Host-associated > Mollusca > Respiratory system > Gills > Extracellular	Host-associated	Mollusca	Respiratory system	Gills	Extracellular	Extracellular	5	1	1	0	0	1	gold.ecosystem:4325
Host-associated > Mollusca > Respiratory system > Gills > Intracellular	Host-associated	Mollusca	Respiratory system	Gills	Intracellular	Intracellular	5	1	1	0	0	1	gold.ecosystem:4326
Host-associated > Mollusca > Sensory organs > Light organ	Host-associated	Mollusca	Sensory organs	Light organ		Light organ	4	2	1	0	0	1	gold.ecosystem:7843|gold.ecosystem:7844
Host-associated > Mollusca > Whole body	Host-associated	Mollusca	Whole body			Whole body	3	3	1	0	0	1	gold.ecosystem:7827|gold.ecosystem:7828|gold.ecosystem:7829
Host-associated > Plants > Phyllosphere > Anthosphere > Nectar	Host-associated	Plants	Phyllosphere	Anthosphere	Nectar	Nectar	5	1	1	0	0	1	gold.ecosystem:5826
Host-associated > Plants > Phyllosphere > Phylloplane/Leaf > Leaf nodule	Host-associated	Plants	Phyllosphere	Phylloplane/Leaf	Leaf nodule	Leaf nodule	5	1	1	0	0	1	gold.ecosystem:5274
Host-associated > Plants > Phyllosphere > Phylloplane/Leaf > Xylem vessels	Host-associated	Plants	Phyllosphere	Phylloplane/Leaf	Xylem vessels	Xylem vessels	5	1	1	0	0	1	gold.ecosystem:5270
Host-associated > Plants > Phyllosphere > Phylloplane/Leaf surface > Epiphytes	Host-associated	Plants	Phyllosphere	Phylloplane/Leaf surface	Epiphytes	Epiphytes	5	1	1	0	0	1	gold.ecosystem:5262
Host-associated > Plants > Phyllosphere > Stem > Stolon	Host-associated	Plants	Phyllosphere	Stem	Stolon	Stolon	5	1	1	0	0	1	gold.ecosystem:8400
Host-associated > Plants > Phyllosphere > Surface	Host-associated	Plants	Phyllosphere	Surface		Surface	4	2	1	0	0	1	gold.ecosystem:7642|gold.ecosystem:7643
Host-associated > Plants > Roots > Aerial root	Host-associated	Plants	Roots	Aerial root		Aerial root	4	2	1	0	0	1	gold.ecosystem:7969|gold.ecosystem:7970
Host-associated > Reptilia > Digestive system > Biliary tract > Liver	Host-associated	Reptilia	Digestive system	Biliary tract	Liver	Liver	5	1	1	0	0	1	gold.ecosystem:6939
Host-associated > Reptilia > Nervous system > Brain	Host-associated	Reptilia	Nervous system	Brain		Brain	4	2	1	0	0	1	gold.ecosystem:6947|gold.ecosystem:6948
Engineered > Animal feed production	Engineered	Animal feed production				Animal feed production	2	4	0	0	0	0	gold.ecosystem:6478|gold.ecosystem:8378|gold.ecosystem:8379|gold.ecosystem:8380
Engineered > Artificial ecosystem > Aquaculture > Algae raceway pond > Pond scum	Engineered	Artificial ecosystem	Aquaculture	Algae raceway pond	Pond scum	Pond scum	5	1	0	0	0	0	gold.ecosystem:8140
Engineered > Artificial ecosystem > Aquaculture > Algae raceway pond > Sediment	Engineered	Artificial ecosystem	Aquaculture	Algae raceway pond	Sediment	Sediment	5	1	0	0	0	0	gold.ecosystem:7995
Engineered > Artificial ecosystem > Aquaculture > Crustaceans pond > Sediment	Engineered	Artificial ecosystem	Aquaculture	Crustaceans pond	Sediment	Sediment	5	1	0	0	0	0	gold.ecosystem:8006
Engineered > Artificial ecosystem > Aquaculture > Crustaceans raceway	Engineered	Artificial ecosystem	Aquaculture	Crustaceans raceway		Crustaceans raceway	4	2	0	0	0	0	gold.ecosystem:8015|gold.ecosystem:8018
Engineered > Artificial ecosystem > Aquaculture > Crustaceans raceway > Sediment	Engineered	Artificial ecosystem	Aquaculture	Crustaceans raceway	Sediment	Sediment	5	1	0	0	0	0	gold.ecosystem:8016
Engineered > Artificial ecosystem > Aquaculture > Crustaceans tank > Sediment	Engineered	Artificial ecosystem	Aquaculture	Crustaceans tank	Sediment	Sediment	5	1	0	0	0	0	gold.ecosystem:8014
Engineered > Artificial ecosystem > Aquaculture > Fish pen	Engineered	Artificial ecosystem	Aquaculture	Fish pen		Fish pen	4	2	0	0	0	0	gold.ecosystem:8511|gold.ecosystem:8512
Engineered > Artificial ecosystem > Aquaculture > Fish tank > Sediment	Engineered	Artificial ecosystem	Aquaculture	Fish tank	Sediment	Sediment	5	1	0	0	0	0	gold.ecosystem:8005
Engineered > Artificial ecosystem > Aquaculture > Freshwater RAS	Engineered	Artificial ecosystem	Aquaculture	Freshwater RAS		Freshwater RAS	4	2	0	0	0	0	gold.ecosystem:8321|gold.ecosystem:8323
Engineered > Artificial ecosystem > Aquaculture > Freshwater RAS > Biofilter	Engineered	Artificial ecosystem	Aquaculture	Freshwater RAS	Biofilter	Biofilter	5	1	0	0	0	0	gold.ecosystem:8322
Engineered > Artificial ecosystem > Aquaculture > Marine fish farm > Sediment	Engineered	Artificial ecosystem	Aquaculture	Marine fish farm	Sediment	Sediment	5	1	0	0	0	0	gold.ecosystem:8040
Engineered > Artificial ecosystem > Aquaculture > Molluscs farm	Engineered	Artificial ecosystem	Aquaculture	Molluscs farm		Molluscs farm	4	2	0	0	0	0	gold.ecosystem:8011|gold.ecosystem:8020
Engineered > Artificial ecosystem > Aquaculture > Molluscs farm > Sediment	Engineered	Artificial ecosystem	Aquaculture	Molluscs farm	Sediment	Sediment	5	1	0	0	0	0	gold.ecosystem:8012
Engineered > Artificial ecosystem > Aquaculture > Molluscs pond	Engineered	Artificial ecosystem	Aquaculture	Molluscs pond		Molluscs pond	4	2	0	0	0	0	gold.ecosystem:8007|gold.ecosystem:8024
Engineered > Artificial ecosystem > Aquaculture > Molluscs pond > Sediment	Engineered	Artificial ecosystem	Aquaculture	Molluscs pond	Sediment	Sediment	5	1	0	0	0	0	gold.ecosystem:8008
Engineered > Artificial ecosystem > Aquaculture > Molluscs tank	Engineered	Artificial ecosystem	Aquaculture	Molluscs tank		Molluscs tank	4	2	0	0	0	0	gold.ecosystem:8009|gold.ecosystem:8019
Engineered > Artificial ecosystem > Aquaculture > Molluscs tank > Sediment	Engineered	Artificial ecosystem	Aquaculture	Molluscs tank	Sediment	Sediment	5	1	0	0	0	0	gold.ecosystem:8010
Engineered > Artificial ecosystem > Aquaculture > Photobioreactor (PBR)	Engineered	Artificial ecosystem	Aquaculture	Photobioreactor (PBR)		Photobioreactor (PBR)	4	2	0	0	0	0	gold.ecosystem:7996|gold.ecosystem:7997
Engineered > Artificial ecosystem > Aquaculture > Seawater RAS	Engineered	Artificial ecosystem	Aquaculture	Seawater RAS		Seawater RAS	4	2	0	0	0	0	gold.ecosystem:8318|gold.ecosystem:8319
Engineered > Artificial ecosystem > Mesocosm > Freshwater	Engineered	Artificial ecosystem	Mesocosm	Freshwater		Freshwater	4	2	0	0	0	0	gold.ecosystem:7931|gold.ecosystem:7932
Engineered > Artificial ecosystem > Mesocosm > Lake water > Sieved	Engineered	Artificial ecosystem	Mesocosm	Lake water	Sieved	Sieved	5	1	0	0	0	0	gold.ecosystem:7860
Engineered > Artificial ecosystem > Mesocosm > River water	Engineered	Artificial ecosystem	Mesocosm	River water		River water	4	2	0	0	0	0	gold.ecosystem:6457|gold.ecosystem:6458
Engineered > Artificial ecosystem > Mesocosm > Seawater	Engineered	Artificial ecosystem	Mesocosm	Seawater		Seawater	4	2	0	0	0	0	gold.ecosystem:6459|gold.ecosystem:6460
Engineered > Artificial ecosystem > Mesocosm > Soil	Engineered	Artificial ecosystem	Mesocosm	Soil		Soil	4	2	0	0	0	0	gold.ecosystem:7694|gold.ecosystem:7695
Engineered > Artificial ecosystem > Microcosm	Engineered	Artificial ecosystem	Microcosm			Microcosm	3	3	0	0	0	0	gold.ecosystem:8179|gold.ecosystem:8180|gold.ecosystem:8181
Engineered > Artificial ecosystem > Microcosm > Freshwater	Engineered	Artificial ecosystem	Microcosm	Freshwater		Freshwater	4	2	0	0	0	0	gold.ecosystem:8263|gold.ecosystem:8264
Engineered > Artificial ecosystem > Microcosm > Soil	Engineered	Artificial ecosystem	Microcosm	Soil		Soil	4	2	0	0	0	0	gold.ecosystem:8234|gold.ecosystem:8235
Engineered > Artificial ecosystem > Nutrient-poor	Engineered	Artificial ecosystem	Nutrient-poor			Nutrient-poor	3	1	0	0	0	0	gold.ecosystem:6281
Engineered > Artificial ecosystem > Nutrient-poor > Pine litter on sand	Engineered	Artificial ecosystem	Nutrient-poor	Pine litter on sand		Pine litter on sand	4	2	0	0	0	0	gold.ecosystem:6282|gold.ecosystem:6283
Engineered > Artificial ecosystem > Nutrient-rich	Engineered	Artificial ecosystem	Nutrient-rich			Nutrient-rich	3	1	0	0	0	0	gold.ecosystem:6278
Engineered > Artificial ecosystem > Nutrient-rich > R2A agar	Engineered	Artificial ecosystem	Nutrient-rich	R2A agar		R2A agar	4	2	0	0	0	0	gold.ecosystem:6279|gold.ecosystem:6280
Engineered > Artificial ecosystem > Plant growth chamber > Soil	Engineered	Artificial ecosystem	Plant growth chamber	Soil		Soil	4	2	0	0	0	0	gold.ecosystem:7692|gold.ecosystem:7693
Engineered > Artificial ecosystem > Sand microcosm	Engineered	Artificial ecosystem	Sand microcosm			Sand microcosm	3	3	0	0	0	0	gold.ecosystem:5872|gold.ecosystem:5873|gold.ecosystem:5874
Engineered > Artificial ecosystem > Seawater microcosm	Engineered	Artificial ecosystem	Seawater microcosm			Seawater microcosm	3	3	0	0	0	0	gold.ecosystem:7950|gold.ecosystem:7951|gold.ecosystem:7952
Engineered > Artificial ecosystem > Sediment microcosm	Engineered	Artificial ecosystem	Sediment microcosm			Sediment microcosm	3	1	0	0	0	0	gold.ecosystem:5995
Engineered > Artificial ecosystem > Sediment microcosm > Wetland sediment	Engineered	Artificial ecosystem	Sediment microcosm	Wetland sediment		Wetland sediment	4	2	0	0	0	0	gold.ecosystem:5996|gold.ecosystem:5997
Engineered > Artificial ecosystem > Soil microcosm	Engineered	Artificial ecosystem	Soil microcosm			Soil microcosm	3	3	0	0	0	0	gold.ecosystem:5847|gold.ecosystem:5848|gold.ecosystem:5849
Engineered > Artificial ecosystem > Soil microcosm > Contaminated soil	Engineered	Artificial ecosystem	Soil microcosm	Contaminated soil		Contaminated soil	4	1	0	0	0	0	gold.ecosystem:6044
Engineered > Artificial ecosystem > Soil microcosm > Contaminated soil > Hydrocarbon	Engineered	Artificial ecosystem	Soil microcosm	Contaminated soil	Hydrocarbon	Hydrocarbon	5	1	0	0	0	0	gold.ecosystem:6045
Engineered > Artificial ecosystem > Soil microcosm > Surface biofilm	Engineered	Artificial ecosystem	Soil microcosm	Surface biofilm		Surface biofilm	4	2	0	0	0	0	gold.ecosystem:7703|gold.ecosystem:7704
Engineered > Artificial ecosystem > Vivarium	Engineered	Artificial ecosystem	Vivarium			Vivarium	3	3	0	0	0	0	gold.ecosystem:8021|gold.ecosystem:8022|gold.ecosystem:8023
Engineered > Artificial ecosystem > Vivarium > Herpetarium	Engineered	Artificial ecosystem	Vivarium	Herpetarium		Herpetarium	4	2	0	0	0	0	gold.ecosystem:8033|gold.ecosystem:8034
Engineered > Artificial ecosystem > Vivarium > Insectarium	Engineered	Artificial ecosystem	Vivarium	Insectarium		Insectarium	4	2	0	0	0	0	gold.ecosystem:8035|gold.ecosystem:8036
Engineered > Artificial ecosystem > Vivarium > Oceanarium	Engineered	Artificial ecosystem	Vivarium	Oceanarium		Oceanarium	4	2	0	0	0	0	gold.ecosystem:8031|gold.ecosystem:8032
Engineered > Artificial ecosystem > Vivarium > Seawater aquarium	Engineered	Artificial ecosystem	Vivarium	Seawater aquarium		Seawater aquarium	4	2	0	0	0	0	gold.ecosystem:8027|gold.ecosystem:8028
Engineered > Artificial ecosystem > Vivarium > Seawater aquarium > Biofilm	Engineered	Artificial ecosystem	Vivarium	Seawater aquarium	Biofilm	Biofilm	5	1	0	0	0	0	gold.ecosystem:8042
Engineered > Artificial ecosystem > Vivarium > Seawater aquarium > Sediment	Engineered	Artificial ecosystem	Vivarium	Seawater aquarium	Sediment	Sediment	5	1	0	0	0	0	gold.ecosystem:8038
Engineered > Artificial ecosystem > Vivarium > Terrarium	Engineered	Artificial ecosystem	Vivarium	Terrarium		Terrarium	4	2	0	0	0	0	gold.ecosystem:8029|gold.ecosystem:8030
Engineered > Artificial ecosystem > Water channel system	Engineered	Artificial ecosystem	Water channel system			Water channel system	3	1	0	0	0	0	gold.ecosystem:8489
Engineered > Artificial ecosystem > Water channel system > Indoor	Engineered	Artificial ecosystem	Water channel system	Indoor		Indoor	4	2	0	0	0	0	gold.ecosystem:8490|gold.ecosystem:8491
Engineered > Artificial ecosystem > Water channel system > Indoor > Biofilm	Engineered	Artificial ecosystem	Water channel system	Indoor	Biofilm	Biofilm	5	1	0	0	0	0	gold.ecosystem:8494
Engineered > Artificial ecosystem > Water channel system > Outdoor	Engineered	Artificial ecosystem	Water channel system	Outdoor		Outdoor	4	2	0	0	0	0	gold.ecosystem:8492|gold.ecosystem:8493
Engineered > Artificial ecosystem > Water microcosm	Engineered	Artificial ecosystem	Water microcosm			Water microcosm	3	3	0	0	0	0	gold.ecosystem:6451|gold.ecosystem:6452|gold.ecosystem:6453
Engineered > Bioreactor > Aerobic > AGS (Aerobic granular sludge)	Engineered	Bioreactor	Aerobic	AGS (Aerobic granular sludge)		AGS (Aerobic granular sludge)	4	2	0	0	0	0	gold.ecosystem:8143|gold.ecosystem:8144
Engineered > Bioreactor > Anaerobic > Biofilm	Engineered	Bioreactor	Anaerobic	Biofilm		Biofilm	4	2	0	0	0	0	gold.ecosystem:8156|gold.ecosystem:8157
Engineered > Bioreactor > Anaerobic > Digestate	Engineered	Bioreactor	Anaerobic	Digestate		Digestate	4	2	0	0	0	0	gold.ecosystem:5582|gold.ecosystem:5583
Engineered > Bioreactor > Anaerobic > Inoculum	Engineered	Bioreactor	Anaerobic	Inoculum		Inoculum	4	2	0	0	0	0	gold.ecosystem:7096|gold.ecosystem:7097
Engineered > Bioreactor > Anaerobic > Leachate	Engineered	Bioreactor	Anaerobic	Leachate		Leachate	4	2	0	0	0	0	gold.ecosystem:5668|gold.ecosystem:5669
Engineered > Bioreactor > Anaerobic > Manure	Engineered	Bioreactor	Anaerobic	Manure		Manure	4	2	0	0	0	0	gold.ecosystem:4913|gold.ecosystem:4914
Engineered > Bioreactor > Anaerobic > Settled granule	Engineered	Bioreactor	Anaerobic	Settled granule		Settled granule	4	2	0	0	0	0	gold.ecosystem:5607|gold.ecosystem:5608
Engineered > Bioreactor > Anaerobic > Sludge > Granular sludge	Engineered	Bioreactor	Anaerobic	Sludge	Granular sludge	Granular sludge	5	1	0	0	0	0	gold.ecosystem:8142
Engineered > Bioreactor > Anaerobic > Wastewater	Engineered	Bioreactor	Anaerobic	Wastewater		Wastewater	4	2	0	0	0	0	gold.ecosystem:5678|gold.ecosystem:5679
Engineered > Bioreactor > DHS reactor	Engineered	Bioreactor	DHS reactor			DHS reactor	3	3	0	0	0	0	gold.ecosystem:5834|gold.ecosystem:8432|gold.ecosystem:8433
Engineered > Bioreactor > DHS reactor > Aerobic	Engineered	Bioreactor	DHS reactor	Aerobic		Aerobic	4	2	0	0	0	0	gold.ecosystem:8428|gold.ecosystem:8429
Engineered > Bioreactor > DHS reactor > Aerobic > Sludge	Engineered	Bioreactor	DHS reactor	Aerobic	Sludge	Sludge	5	1	0	0	0	0	gold.ecosystem:8430
Engineered > Bioreactor > DHS reactor > Anaerobic	Engineered	Bioreactor	DHS reactor	Anaerobic		Anaerobic	4	2	0	0	0	0	gold.ecosystem:8426|gold.ecosystem:8427
Engineered > Bioreactor > DHS reactor > Anaerobic > Sludge	Engineered	Bioreactor	DHS reactor	Anaerobic	Sludge	Sludge	5	1	0	0	0	0	gold.ecosystem:8431
Engineered > Bioreactor > DHS reactor > Sludge	Engineered	Bioreactor	DHS reactor	Sludge		Sludge	4	2	0	0	0	0	gold.ecosystem:5835|gold.ecosystem:5836
Engineered > Bioreactor > DHS reactor > Wastewater	Engineered	Bioreactor	DHS reactor	Wastewater		Wastewater	4	2	0	0	0	0	gold.ecosystem:5837|gold.ecosystem:5838
Engineered > Bioreactor > Denitrification	Engineered	Bioreactor	Denitrification			Denitrification	3	3	0	0	0	0	gold.ecosystem:5851|gold.ecosystem:6985|gold.ecosystem:6986
Engineered > Bioreactor > Denitrification > Woodchip Bioreactor (WBR)	Engineered	Bioreactor	Denitrification	Woodchip Bioreactor (WBR)		Woodchip Bioreactor (WBR)	4	2	0	0	0	0	gold.ecosystem:5852|gold.ecosystem:5951
Engineered > Bioreactor > Denitrification > Woodchip Bioreactor (WBR) > Woodchip biofilm	Engineered	Bioreactor	Denitrification	Woodchip Bioreactor (WBR)	Woodchip biofilm	Woodchip biofilm	5	1	0	0	0	0	gold.ecosystem:5853
Engineered > Bioreactor > EBPR	Engineered	Bioreactor	EBPR			EBPR	3	3	0	0	0	0	gold.ecosystem:7758|gold.ecosystem:7759|gold.ecosystem:7760
Engineered > Bioreactor > EBPR > Anaerobic-Aerobic	Engineered	Bioreactor	EBPR	Anaerobic-Aerobic		Anaerobic-Aerobic	4	1	0	0	0	0	gold.ecosystem:7761
Engineered > Bioreactor > EBPR > Anaerobic-Aerobic > Activated sludge	Engineered	Bioreactor	EBPR	Anaerobic-Aerobic	Activated sludge	Activated sludge	5	1	0	0	0	0	gold.ecosystem:8217
Engineered > Bioreactor > EBPR > Anaerobic-Aerobic > Sludge	Engineered	Bioreactor	EBPR	Anaerobic-Aerobic	Sludge	Sludge	5	1	0	0	0	0	gold.ecosystem:7762
Engineered > Bioreactor > High-salinity/high-pH	Engineered	Bioreactor	High-salinity/high-pH			High-salinity/high-pH	3	3	0	0	0	0	gold.ecosystem:7798|gold.ecosystem:7799|gold.ecosystem:7800
Engineered > Bioreactor > MBR (Membrane bioreactor)	Engineered	Bioreactor	MBR (Membrane bioreactor)			MBR (Membrane bioreactor)	3	2	0	0	0	0	gold.ecosystem:5504|gold.ecosystem:7736
Engineered > Bioreactor > MBR (Membrane bioreactor) > Activated sludge	Engineered	Bioreactor	MBR (Membrane bioreactor)	Activated sludge		Activated sludge	4	2	0	0	0	0	gold.ecosystem:8162|gold.ecosystem:8163
Engineered > Bioreactor > MBR (Membrane bioreactor) > Anaerobic	Engineered	Bioreactor	MBR (Membrane bioreactor)	Anaerobic		Anaerobic	4	2	0	0	0	0	gold.ecosystem:8271|gold.ecosystem:8272
Engineered > Bioreactor > MBR (Membrane bioreactor) > Anaerobic > Sludge	Engineered	Bioreactor	MBR (Membrane bioreactor)	Anaerobic	Sludge	Sludge	5	1	0	0	0	0	gold.ecosystem:8273
Engineered > Bioreactor > MBR (Membrane bioreactor) > Mixed liquor	Engineered	Bioreactor	MBR (Membrane bioreactor)	Mixed liquor		Mixed liquor	4	2	0	0	0	0	gold.ecosystem:8158|gold.ecosystem:8159
Engineered > Bioreactor > MBR (Membrane bioreactor) > Produced water	Engineered	Bioreactor	MBR (Membrane bioreactor)	Produced water		Produced water	4	1	0	0	0	0	gold.ecosystem:5505
Engineered > Bioreactor > MBR (Membrane bioreactor) > Unclassified > Sludge	Engineered	Bioreactor	MBR (Membrane bioreactor)		Sludge	Sludge	5	1	0	0	0	0	gold.ecosystem:7737
Engineered > Bioreactor > Microbial fuel cells/MFC	Engineered	Bioreactor	Microbial fuel cells/MFC			Microbial fuel cells/MFC	3	3	0	0	0	0	gold.ecosystem:7651|gold.ecosystem:7652|gold.ecosystem:7653
Engineered > Bioreactor > Microbial fuel cells/MFC > Anode	Engineered	Bioreactor	Microbial fuel cells/MFC	Anode		Anode	4	2	0	0	0	0	gold.ecosystem:7654|gold.ecosystem:7655
Engineered > Bioreactor > Microbial fuel cells/MFC > Cathode	Engineered	Bioreactor	Microbial fuel cells/MFC	Cathode		Cathode	4	2	0	0	0	0	gold.ecosystem:7656|gold.ecosystem:7657
Engineered > Bioreactor > Microbial fuel cells/MFC > Cathode > Biofilm	Engineered	Bioreactor	Microbial fuel cells/MFC	Cathode	Biofilm	Biofilm	5	1	0	0	0	0	gold.ecosystem:7659
Engineered > Bioreactor > Partial-Nitrification/Anammox (PNA)	Engineered	Bioreactor	Partial-Nitrification/Anammox (PNA)			Partial-Nitrification/Anammox (PNA)	3	3	0	0	0	0	gold.ecosystem:8543|gold.ecosystem:8544|gold.ecosystem:8545
Engineered > Bioreactor > Partial-Nitrification/Anammox (PNA) > Aerobic zone	Engineered	Bioreactor	Partial-Nitrification/Anammox (PNA)	Aerobic zone		Aerobic zone	4	2	0	0	0	0	gold.ecosystem:8546|gold.ecosystem:8547
Engineered > Bioreactor > Partial-Nitrification/Anammox (PNA) > Aerobic zone > Biomass	Engineered	Bioreactor	Partial-Nitrification/Anammox (PNA)	Aerobic zone	Biomass	Biomass	5	1	0	0	0	0	gold.ecosystem:8550
Engineered > Bioreactor > Partial-Nitrification/Anammox (PNA) > Anaerobic zone	Engineered	Bioreactor	Partial-Nitrification/Anammox (PNA)	Anaerobic zone		Anaerobic zone	4	2	0	0	0	0	gold.ecosystem:8548|gold.ecosystem:8549
Engineered > Bioreactor > Partial-Nitrification/Anammox (PNA) > Anaerobic zone > Biomass	Engineered	Bioreactor	Partial-Nitrification/Anammox (PNA)	Anaerobic zone	Biomass	Biomass	5	1	0	0	0	0	gold.ecosystem:8551
Engineered > Bioreactor > Photobioreactor (PBR) > Biofilm	Engineered	Bioreactor	Photobioreactor (PBR)	Biofilm		Biofilm	4	2	0	0	0	0	gold.ecosystem:5845|gold.ecosystem:5846
Engineered > Bioreactor > SBR-EBPR	Engineered	Bioreactor	SBR-EBPR			SBR-EBPR	3	1	0	0	0	0	gold.ecosystem:8218
Engineered > Bioreactor > SBR-EBPR > Anaerobic-Aerobic	Engineered	Bioreactor	SBR-EBPR	Anaerobic-Aerobic		Anaerobic-Aerobic	4	2	0	0	0	0	gold.ecosystem:8219|gold.ecosystem:8220
Engineered > Bioreactor > SBR-EBPR > Anaerobic-Aerobic > Activated sludge	Engineered	Bioreactor	SBR-EBPR	Anaerobic-Aerobic	Activated sludge	Activated sludge	5	1	0	0	0	0	gold.ecosystem:8222
Engineered > Bioreactor > SBR-EBPR > Anaerobic-Aerobic > Sludge	Engineered	Bioreactor	SBR-EBPR	Anaerobic-Aerobic	Sludge	Sludge	5	1	0	0	0	0	gold.ecosystem:8221
Engineered > Bioreactor > SSF (Solid state fermentation)	Engineered	Bioreactor	SSF (Solid state fermentation)			SSF (Solid state fermentation)	3	3	0	0	0	0	gold.ecosystem:7763|gold.ecosystem:7764|gold.ecosystem:7765
Engineered > Bioreactor > SSF (Solid state fermentation) > Aerobic	Engineered	Bioreactor	SSF (Solid state fermentation)	Aerobic		Aerobic	4	1	0	0	0	0	gold.ecosystem:7774
Engineered > Bioreactor > SSF (Solid state fermentation) > Aerobic > Biomass	Engineered	Bioreactor	SSF (Solid state fermentation)	Aerobic	Biomass	Biomass	5	1	0	0	0	0	gold.ecosystem:7775
Engineered > Bioreactor > SSF (Solid state fermentation) > Anaerobic	Engineered	Bioreactor	SSF (Solid state fermentation)	Anaerobic		Anaerobic	4	2	0	0	0	0	gold.ecosystem:8151|gold.ecosystem:8152
Engineered > Bioreactor > SSF (Solid state fermentation) > Anaerobic > Digestate	Engineered	Bioreactor	SSF (Solid state fermentation)	Anaerobic	Digestate	Digestate	5	1	0	0	0	0	gold.ecosystem:8153
Engineered > Bioreactor > Semi-continuous	Engineered	Bioreactor	Semi-continuous			Semi-continuous	3	3	0	0	0	0	gold.ecosystem:7767|gold.ecosystem:8423|gold.ecosystem:8424
Engineered > Bioreactor > Semi-continuous > Anaerobic	Engineered	Bioreactor	Semi-continuous	Anaerobic		Anaerobic	4	2	0	0	0	0	gold.ecosystem:7768|gold.ecosystem:8425
Engineered > Bioreactor > Semi-continuous > Anaerobic > Digestate	Engineered	Bioreactor	Semi-continuous	Anaerobic	Digestate	Digestate	5	1	0	0	0	0	gold.ecosystem:7769
Engineered > Bioreactor > Sulphur Autotrophic Denitrification	Engineered	Bioreactor	Sulphur Autotrophic Denitrification			Sulphur Autotrophic Denitrification	3	3	0	0	0	0	gold.ecosystem:5635|gold.ecosystem:5636|gold.ecosystem:5637
Engineered > Bioreactor > Sulphur Autotrophic Denitrification > Interstitial water	Engineered	Bioreactor	Sulphur Autotrophic Denitrification	Interstitial water		Interstitial water	4	2	0	0	0	0	gold.ecosystem:5661|gold.ecosystem:5662
Engineered > Bioreactor > Thiocyanate-remediating	Engineered	Bioreactor	Thiocyanate-remediating			Thiocyanate-remediating	3	1	0	0	0	0	gold.ecosystem:7780
Engineered > Bioreactor > Thiocyanate-remediating > Anaerobic-Aerobic	Engineered	Bioreactor	Thiocyanate-remediating	Anaerobic-Aerobic		Anaerobic-Aerobic	4	2	0	0	0	0	gold.ecosystem:7781|gold.ecosystem:7782
Engineered > Bioreactor > UASB (Upflow anaerobic sludge blanket)	Engineered	Bioreactor	UASB (Upflow anaerobic sludge blanket)			UASB (Upflow anaerobic sludge blanket)	3	3	0	0	0	0	gold.ecosystem:8145|gold.ecosystem:8146|gold.ecosystem:8147
Engineered > Bioreactor > UASB (Upflow anaerobic sludge blanket) > Sludge	Engineered	Bioreactor	UASB (Upflow anaerobic sludge blanket)	Sludge		Sludge	4	2	0	0	0	0	gold.ecosystem:8148|gold.ecosystem:8149
Engineered > Bioreactor > Wastewater > Cyanide/thiocyanate	Engineered	Bioreactor	Wastewater	Cyanide/thiocyanate		Cyanide/thiocyanate	4	2	0	0	0	0	gold.ecosystem:5683|gold.ecosystem:5684
Engineered > Bioremediation > Hydrocarbon > Benzene	Engineered	Bioremediation	Hydrocarbon	Benzene		Benzene	4	1	0	0	0	0	gold.ecosystem:3863
Engineered > Bioremediation > Hydrocarbon > Benzene > Bioreactor	Engineered	Bioremediation	Hydrocarbon	Benzene	Bioreactor	Bioreactor	5	1	0	0	0	0	gold.ecosystem:4299
Engineered > Bioremediation > Persistent organic pollutants (POP) > Polycyclic aromatic hydrocarbons	Engineered	Bioremediation	Persistent organic pollutants (POP)	Polycyclic aromatic hydrocarbons		Polycyclic aromatic hydrocarbons	4	2	0	0	0	0	gold.ecosystem:3867|gold.ecosystem:4305
Engineered > Bioremediation > Terephthalate	Engineered	Bioremediation	Terephthalate			Terephthalate	3	3	0	0	0	0	gold.ecosystem:3526|gold.ecosystem:4721|gold.ecosystem:4722
Engineered > Bioremediation > Terephthalate > Wastewater	Engineered	Bioremediation	Terephthalate	Wastewater		Wastewater	4	2	0	0	0	0	gold.ecosystem:3865|gold.ecosystem:4303
Engineered > Bioremediation > Terephthalate > Wastewater > Activated sludge	Engineered	Bioremediation	Terephthalate	Wastewater	Activated sludge	Activated sludge	5	1	0	0	0	0	gold.ecosystem:4301
Engineered > Bioremediation > Terephthalate > Wastewater > Bioreactor	Engineered	Bioremediation	Terephthalate	Wastewater	Bioreactor	Bioreactor	5	1	0	0	0	0	gold.ecosystem:4302
Engineered > Bioremediation > Tetrachloroethylene and derivatives	Engineered	Bioremediation	Tetrachloroethylene and derivatives			Tetrachloroethylene and derivatives	3	1	0	0	0	0	gold.ecosystem:3524
Engineered > Bioremediation > Tetrachloroethylene and derivatives > Chloroethene	Engineered	Bioremediation	Tetrachloroethylene and derivatives	Chloroethene		Chloroethene	4	2	0	0	0	0	gold.ecosystem:3862|gold.ecosystem:4298
Engineered > Bioremediation > Tetrachloroethylene and derivatives > Chloroethene > Bioreactor	Engineered	Bioremediation	Tetrachloroethylene and derivatives	Chloroethene	Bioreactor	Bioreactor	5	1	0	0	0	0	gold.ecosystem:4297
Engineered > Bioremediation > Tetrachloroethylene and derivatives > Tetrachloroethylene	Engineered	Bioremediation	Tetrachloroethylene and derivatives	Tetrachloroethylene		Tetrachloroethylene	4	2	0	0	0	0	gold.ecosystem:3861|gold.ecosystem:4296
Engineered > Bioremediation > Tetrachloroethylene and derivatives > Tetrachloroethylene > Bioreactor	Engineered	Bioremediation	Tetrachloroethylene and derivatives	Tetrachloroethylene	Bioreactor	Bioreactor	5	1	0	0	0	0	gold.ecosystem:4295
Engineered > Bioremediation > Thiocyanate	Engineered	Bioremediation	Thiocyanate			Thiocyanate	3	3	0	0	0	0	gold.ecosystem:4434|gold.ecosystem:4435|gold.ecosystem:4436
Engineered > Bioremediation > Thiocyanate > Biofilm	Engineered	Bioremediation	Thiocyanate	Biofilm		Biofilm	4	2	0	0	0	0	gold.ecosystem:5497|gold.ecosystem:5498
Engineered > Biotransformation > Coal	Engineered	Biotransformation	Coal			Coal	3	3	0	0	0	0	gold.ecosystem:5393|gold.ecosystem:5394|gold.ecosystem:5395
Engineered > Biotransformation > Microbial enhanced oil recovery	Engineered	Biotransformation	Microbial enhanced oil recovery			Microbial enhanced oil recovery	3	3	0	0	0	0	gold.ecosystem:3535|gold.ecosystem:3875|gold.ecosystem:4313
Engineered > Biotransformation > Microbial solubilization of coal	Engineered	Biotransformation	Microbial solubilization of coal			Microbial solubilization of coal	3	3	0	0	0	0	gold.ecosystem:3534|gold.ecosystem:3874|gold.ecosystem:4312
Engineered > Biotransformation > Mixed alcohol bioreactor	Engineered	Biotransformation	Mixed alcohol bioreactor			Mixed alcohol bioreactor	3	3	0	0	0	0	gold.ecosystem:3537|gold.ecosystem:3877|gold.ecosystem:4315
Engineered > Built environment > Animal cage	Engineered	Built environment	Animal cage			Animal cage	3	3	0	0	0	0	gold.ecosystem:7518|gold.ecosystem:8376|gold.ecosystem:8377
Engineered > Built environment > Animal cage > Reptile cage	Engineered	Built environment	Animal cage	Reptile cage		Reptile cage	4	2	0	0	0	0	gold.ecosystem:7519|gold.ecosystem:7520
Engineered > Built environment > Building > Hotel	Engineered	Built environment	Building	Hotel		Hotel	4	2	0	0	0	0	gold.ecosystem:8281|gold.ecosystem:8283
Engineered > Built environment > Building > Sink > Kitchen sink	Engineered	Built environment	Building	Sink	Kitchen sink	Kitchen sink	5	1	0	0	0	0	gold.ecosystem:8367
Engineered > Built environment > Canal > Irrigation canal	Engineered	Built environment	Canal	Irrigation canal		Irrigation canal	4	1	0	0	0	0	gold.ecosystem:5110
Engineered > Built environment > Canal > Irrigation canal > Sediment	Engineered	Built environment	Canal	Irrigation canal	Sediment	Sediment	5	1	0	0	0	0	gold.ecosystem:5111
Engineered > Built environment > Canal > Town canal	Engineered	Built environment	Canal	Town canal		Town canal	4	2	0	0	0	0	gold.ecosystem:8522|gold.ecosystem:8523
Engineered > Built environment > City > Park	Engineered	Built environment	City	Park		Park	4	2	0	0	0	0	gold.ecosystem:4397|gold.ecosystem:4398
Engineered > Built environment > City > Stadium	Engineered	Built environment	City	Stadium		Stadium	4	2	0	0	0	0	gold.ecosystem:8304|gold.ecosystem:8305
Engineered > Built environment > City > Stadium > Seat surface	Engineered	Built environment	City	Stadium	Seat surface	Seat surface	5	1	0	0	0	0	gold.ecosystem:8306
Engineered > Built environment > City > Subway	Engineered	Built environment	City	Subway		Subway	4	2	0	0	0	0	gold.ecosystem:4395|gold.ecosystem:4396
Engineered > Built environment > City > Subway > Bench surface	Engineered	Built environment	City	Subway	Bench surface	Bench surface	5	1	0	0	0	0	gold.ecosystem:5464
Engineered > Built environment > City > Subway > Concrete surface	Engineered	Built environment	City	Subway	Concrete surface	Concrete surface	5	1	0	0	0	0	gold.ecosystem:5465
Engineered > Built environment > City > Subway > Metal surface	Engineered	Built environment	City	Subway	Metal surface	Metal surface	5	1	0	0	0	0	gold.ecosystem:5462
Engineered > Built environment > City > Subway > Plastic surface	Engineered	Built environment	City	Subway	Plastic surface	Plastic surface	5	1	0	0	0	0	gold.ecosystem:5466
Engineered > Built environment > City > Subway > Stone surface	Engineered	Built environment	City	Subway	Stone surface	Stone surface	5	1	0	0	0	0	gold.ecosystem:5467
Engineered > Built environment > City > Subway > Wooden surface	Engineered	Built environment	City	Subway	Wooden surface	Wooden surface	5	1	0	0	0	0	gold.ecosystem:5463
Engineered > Built environment > Fermentation pit	Engineered	Built environment	Fermentation pit			Fermentation pit	3	1	0	0	0	0	gold.ecosystem:5450
Engineered > Built environment > Fermentation pit > Mud	Engineered	Built environment	Fermentation pit	Mud		Mud	4	2	0	0	0	0	gold.ecosystem:5451|gold.ecosystem:5452
Engineered > Built environment > Hospital > Hospital bedroom	Engineered	Built environment	Hospital	Hospital bedroom		Hospital bedroom	4	1	0	0	0	0	gold.ecosystem:5489
Engineered > Built environment > Hospital > Hospital bedroom > Room surface	Engineered	Built environment	Hospital	Hospital bedroom	Room surface	Room surface	5	1	0	0	0	0	gold.ecosystem:5490
Engineered > Built environment > Hospital > ICU	Engineered	Built environment	Hospital	ICU		ICU	4	2	0	0	0	0	gold.ecosystem:5573|gold.ecosystem:8248
Engineered > Built environment > House > Doormat	Engineered	Built environment	House	Doormat		Doormat	4	2	0	0	0	0	gold.ecosystem:4846|gold.ecosystem:4847
Engineered > Built environment > Mine > Oil sands	Engineered	Built environment	Mine	Oil sands		Oil sands	4	2	0	0	0	0	gold.ecosystem:5840|gold.ecosystem:5841
Engineered > Built environment > Monument > Interior wall	Engineered	Built environment	Monument	Interior wall		Interior wall	4	2	0	0	0	0	gold.ecosystem:7676|gold.ecosystem:7677
Engineered > Built environment > Monument > Stone	Engineered	Built environment	Monument	Stone		Stone	4	1	0	0	0	0	gold.ecosystem:7126
Engineered > Built environment > Mushroom farm	Engineered	Built environment	Mushroom farm			Mushroom farm	3	3	0	0	0	0	gold.ecosystem:7848|gold.ecosystem:7849|gold.ecosystem:7850
Engineered > Built environment > Mushroom farm > Cultivation substrate	Engineered	Built environment	Mushroom farm	Cultivation substrate		Cultivation substrate	4	2	0	0	0	0	gold.ecosystem:7851|gold.ecosystem:7852
Engineered > Built environment > Mushroom farm > Cultivation substrate > Wheat straw	Engineered	Built environment	Mushroom farm	Cultivation substrate	Wheat straw	Wheat straw	5	1	0	0	0	0	gold.ecosystem:7853
Engineered > Built environment > Nuclear test reactor	Engineered	Built environment	Nuclear test reactor			Nuclear test reactor	3	1	0	0	0	0	gold.ecosystem:5708
Engineered > Built environment > Nuclear test reactor > Cooling water	Engineered	Built environment	Nuclear test reactor	Cooling water		Cooling water	4	2	0	0	0	0	gold.ecosystem:5709|gold.ecosystem:5710
Engineered > Built environment > Oil refinery > Crude oil sludge	Engineered	Built environment	Oil refinery	Crude oil sludge		Crude oil sludge	4	1	0	0	0	0	gold.ecosystem:4867
Engineered > Built environment > Pipeline	Engineered	Built environment	Pipeline			Pipeline	3	3	0	0	0	0	gold.ecosystem:4663|gold.ecosystem:4664|gold.ecosystem:4665
Engineered > Built environment > Pipeline > Drinking water pipeline	Engineered	Built environment	Pipeline	Drinking water pipeline		Drinking water pipeline	4	1	0	0	0	0	gold.ecosystem:5700
Engineered > Built environment > Pipeline > Drinking water pipeline > Biofilm	Engineered	Built environment	Pipeline	Drinking water pipeline	Biofilm	Biofilm	5	1	0	0	0	0	gold.ecosystem:5701
Engineered > Built environment > Poultry confinement building	Engineered	Built environment	Poultry confinement building			Poultry confinement building	3	3	0	0	0	0	gold.ecosystem:8341|gold.ecosystem:8342|gold.ecosystem:8343
Engineered > Built environment > Slaughterhouse/Abattoir	Engineered	Built environment	Slaughterhouse/Abattoir			Slaughterhouse/Abattoir	3	3	0	0	0	0	gold.ecosystem:8338|gold.ecosystem:8339|gold.ecosystem:8340
Engineered > Built environment > Spacecraft Assembly Cleanrooms > Gowning room	Engineered	Built environment	Spacecraft Assembly Cleanrooms	Gowning room		Gowning room	4	1	0	0	0	0	gold.ecosystem:5485
Engineered > Built environment > Spacecraft Assembly Cleanrooms > Gowning room > Floor	Engineered	Built environment	Spacecraft Assembly Cleanrooms	Gowning room	Floor	Floor	5	1	0	0	0	0	gold.ecosystem:5486
Engineered > Built environment > Spacecraft Assembly Cleanrooms > Spacecraft	Engineered	Built environment	Spacecraft Assembly Cleanrooms	Spacecraft		Spacecraft	4	2	0	0	0	0	gold.ecosystem:8286|gold.ecosystem:8288
Engineered > Built environment > Spacecraft Assembly Cleanrooms > Spacecraft > External surfaces	Engineered	Built environment	Spacecraft Assembly Cleanrooms	Spacecraft	External surfaces	External surfaces	5	1	0	0	0	0	gold.ecosystem:8287
Engineered > Built environment > Swimming pool	Engineered	Built environment	Swimming pool			Swimming pool	3	1	0	0	0	0	gold.ecosystem:5594
Engineered > Built environment > Swimming pool > Sand filter	Engineered	Built environment	Swimming pool	Sand filter		Sand filter	4	2	0	0	0	0	gold.ecosystem:5595|gold.ecosystem:5596
Engineered > Built environment > Swine confinement building	Engineered	Built environment	Swine confinement building			Swine confinement building	3	3	0	0	0	0	gold.ecosystem:4702|gold.ecosystem:4703|gold.ecosystem:4704
Engineered > Built environment > Tailings pond > Petrochemical	Engineered	Built environment	Tailings pond	Petrochemical		Petrochemical	4	2	0	0	0	0	gold.ecosystem:5693|gold.ecosystem:5850
Engineered > Built environment > Tailings pond > Petrochemical > Wastewater	Engineered	Built environment	Tailings pond	Petrochemical	Wastewater	Wastewater	5	1	0	0	0	0	gold.ecosystem:5694
Engineered > Built environment > Tailings pond > Wastewater	Engineered	Built environment	Tailings pond	Wastewater		Wastewater	4	2	0	0	0	0	gold.ecosystem:5655|gold.ecosystem:5656
Engineered > Drugs production	Engineered	Drugs production				Drugs production	2	4	0	0	0	0	gold.ecosystem:8293|gold.ecosystem:8373|gold.ecosystem:8374|gold.ecosystem:8375
Engineered > Drugs production > Drugs/Supplements > Probiotics	Engineered	Drugs production	Drugs/Supplements	Probiotics		Probiotics	4	2	0	0	0	0	gold.ecosystem:8297|gold.ecosystem:8298
Engineered > Drugs production > Drugs/Supplements > Vaccine	Engineered	Drugs production	Drugs/Supplements	Vaccine		Vaccine	4	2	0	0	0	0	gold.ecosystem:8299|gold.ecosystem:8300
Engineered > Drugs production > Tobacco production	Engineered	Drugs production	Tobacco production			Tobacco production	3	3	0	0	0	0	gold.ecosystem:8435|gold.ecosystem:8436|gold.ecosystem:8437
Engineered > Drugs production > Tobacco production > Snuff	Engineered	Drugs production	Tobacco production	Snuff		Snuff	4	2	0	0	0	0	gold.ecosystem:8438|gold.ecosystem:8439
Engineered > Food production > Beans	Engineered	Food production	Beans			Beans	3	3	0	0	0	0	gold.ecosystem:5933|gold.ecosystem:5934|gold.ecosystem:5935
Engineered > Food production > Fermentation cellar	Engineered	Food production	Fermentation cellar			Fermentation cellar	3	3	0	0	0	0	gold.ecosystem:5632|gold.ecosystem:8249|gold.ecosystem:8250
Engineered > Food production > Fermented beverages > Vinegar	Engineered	Food production	Fermented beverages	Vinegar		Vinegar	4	2	0	0	0	0	gold.ecosystem:5531|gold.ecosystem:5532
Engineered > Food production > Fish products > Cooked fish	Engineered	Food production	Fish products	Cooked fish		Cooked fish	4	2	0	0	0	0	gold.ecosystem:6973|gold.ecosystem:6974
Engineered > Food production > Grains/Grain products	Engineered	Food production	Grains/Grain products			Grains/Grain products	3	3	0	0	0	0	gold.ecosystem:5927|gold.ecosystem:5928|gold.ecosystem:5929
Engineered > Food production > Meat products > Raw meat > Beef chop	Engineered	Food production	Meat products	Raw meat	Beef chop	Beef chop	5	1	0	0	0	0	gold.ecosystem:6425
Engineered > Food production > Pastry	Engineered	Food production	Pastry			Pastry	3	3	0	0	0	0	gold.ecosystem:5942|gold.ecosystem:5943|gold.ecosystem:5944
Engineered > Food production > Plant products > Morphine	Engineered	Food production	Plant products	Morphine		Morphine	4	1	0	0	0	0	gold.ecosystem:8246
Engineered > Food production > Plant products > Morphine > Heroin	Engineered	Food production	Plant products	Morphine	Heroin	Heroin	5	1	0	0	0	0	gold.ecosystem:8247
Engineered > Food production > Seafood product	Engineered	Food production	Seafood product			Seafood product	3	1	0	0	0	0	gold.ecosystem:7230
Engineered > Food production > Seafood product > Frozen seafood	Engineered	Food production	Seafood product	Frozen seafood		Frozen seafood	4	1	0	0	0	0	gold.ecosystem:7231
Engineered > Food production > Sweets	Engineered	Food production	Sweets			Sweets	3	3	0	0	0	0	gold.ecosystem:5936|gold.ecosystem:5937|gold.ecosystem:5938
Engineered > Industrial production > Biochar	Engineered	Industrial production	Biochar			Biochar	3	3	0	0	0	0	gold.ecosystem:4616|gold.ecosystem:4617|gold.ecosystem:4618
Engineered > Industrial production > Chemical products > Artificial seawater	Engineered	Industrial production	Chemical products	Artificial seawater		Artificial seawater	4	2	0	0	0	0	gold.ecosystem:8501|gold.ecosystem:8502
Engineered > Industrial production > Chemical products > Cosmetic products	Engineered	Industrial production	Chemical products	Cosmetic products		Cosmetic products	4	2	0	0	0	0	gold.ecosystem:8328|gold.ecosystem:8329
Engineered > Industrial production > Chemical products > Input fracking water	Engineered	Industrial production	Chemical products	Input fracking water		Input fracking water	4	2	0	0	0	0	gold.ecosystem:5877|gold.ecosystem:5878
Engineered > Industrial production > Chemical products > Lab-grade water	Engineered	Industrial production	Chemical products	Lab-grade water		Lab-grade water	4	2	0	0	0	0	gold.ecosystem:6221|gold.ecosystem:6222
Engineered > Industrial production > Chemical products > Metalworking fluids	Engineered	Industrial production	Chemical products	Metalworking fluids		Metalworking fluids	4	2	0	0	0	0	gold.ecosystem:8344|gold.ecosystem:8345
Engineered > Industrial production > Chemical products > PCR blank control	Engineered	Industrial production	Chemical products	PCR blank control		PCR blank control	4	2	0	0	0	0	gold.ecosystem:5580|gold.ecosystem:5581
Engineered > Industrial production > Chemical products > Reagent blank	Engineered	Industrial production	Chemical products	Reagent blank		Reagent blank	4	2	0	0	0	0	gold.ecosystem:6096|gold.ecosystem:6097
Engineered > Industrial production > Chemical products > Sheath fluid	Engineered	Industrial production	Chemical products	Sheath fluid		Sheath fluid	4	2	0	0	0	0	gold.ecosystem:5993|gold.ecosystem:5994
Engineered > Industrial production > Engineered product > Aviation fuel	Engineered	Industrial production	Engineered product	Aviation fuel		Aviation fuel	4	2	0	0	0	0	gold.ecosystem:5563|gold.ecosystem:5564
Engineered > Industrial production > Engineered product > Bioanode	Engineered	Industrial production	Engineered product	Bioanode		Bioanode	4	2	0	0	0	0	gold.ecosystem:4594|gold.ecosystem:4595
Engineered > Industrial production > Engineered product > Bioanode > Biofilm	Engineered	Industrial production	Engineered product	Bioanode	Biofilm	Biofilm	5	1	0	0	0	0	gold.ecosystem:5648
Engineered > Industrial production > Engineered product > Biocathode	Engineered	Industrial production	Engineered product	Biocathode		Biocathode	4	2	0	0	0	0	gold.ecosystem:4611|gold.ecosystem:4612
Engineered > Industrial production > Engineered product > Biocathode > Biofilm	Engineered	Industrial production	Engineered product	Biocathode	Biofilm	Biofilm	5	1	0	0	0	0	gold.ecosystem:5682
Engineered > Industrial production > Engineered product > Filter	Engineered	Industrial production	Engineered product	Filter		Filter	4	1	0	0	0	0	gold.ecosystem:8384
Engineered > Industrial production > Engineered product > Filter > Biofilter	Engineered	Industrial production	Engineered product	Filter	Biofilter	Biofilter	5	1	0	0	0	0	gold.ecosystem:8385
Engineered > Industrial production > Engineered product > Material	Engineered	Industrial production	Engineered product	Material		Material	4	2	0	0	0	0	gold.ecosystem:8333|gold.ecosystem:8334
Engineered > Industrial production > Engineered product > Material > Fabric	Engineered	Industrial production	Engineered product	Material	Fabric	Fabric	5	1	0	0	0	0	gold.ecosystem:8336
Engineered > Industrial production > Engineered product > Material > Paper	Engineered	Industrial production	Engineered product	Material	Paper	Paper	5	1	0	0	0	0	gold.ecosystem:8337
Engineered > Industrial production > Engineered product > Optical Instruments	Engineered	Industrial production	Engineered product	Optical Instruments		Optical Instruments	4	2	0	0	0	0	gold.ecosystem:8311|gold.ecosystem:8312
Engineered > Industrial production > Engineered product > Optical Instruments > Optical Lens	Engineered	Industrial production	Engineered product	Optical Instruments	Optical Lens	Optical Lens	5	1	0	0	0	0	gold.ecosystem:8313
Engineered > Industrial production > Engineered product > Tobacco product	Engineered	Industrial production	Engineered product	Tobacco product		Tobacco product	4	2	0	0	0	0	gold.ecosystem:5309|gold.ecosystem:5310
Engineered > Industrial production > Train car	Engineered	Industrial production	Train car			Train car	3	1	0	0	0	0	gold.ecosystem:5576
Engineered > Industrial production > Train car > Seat surface	Engineered	Industrial production	Train car	Seat surface		Seat surface	4	2	0	0	0	0	gold.ecosystem:5577|gold.ecosystem:5578
Engineered > Lab culture	Engineered	Lab culture				Lab culture	2	1	0	0	0	0	gold.ecosystem:5973
Engineered > Lab culture > Culture media > Algae	Engineered	Lab culture	Culture media	Algae		Algae	4	2	0	0	0	0	gold.ecosystem:5981|gold.ecosystem:8496
Engineered > Lab culture > Culture media > Algae > Contaminated	Engineered	Lab culture	Culture media	Algae	Contaminated	Contaminated	5	1	0	0	0	0	gold.ecosystem:5982
Engineered > Lab culture > Culture media > Archaea	Engineered	Lab culture	Culture media	Archaea		Archaea	4	2	0	0	0	0	gold.ecosystem:5977|gold.ecosystem:7303
Engineered > Lab culture > Culture media > Archaea > Contaminated	Engineered	Lab culture	Culture media	Archaea	Contaminated	Contaminated	5	1	0	0	0	0	gold.ecosystem:5978
Engineered > Lab culture > Culture media > Bacteria > Co-culture	Engineered	Lab culture	Culture media	Bacteria	Co-culture	Co-culture	5	1	0	0	0	0	gold.ecosystem:6000
Engineered > Lab culture > Culture media > Bacteria > Contaminated	Engineered	Lab culture	Culture media	Bacteria	Contaminated	Contaminated	5	1	0	0	0	0	gold.ecosystem:5986
Engineered > Lab culture > Culture media > Fungi > Co-culture	Engineered	Lab culture	Culture media	Fungi	Co-culture	Co-culture	5	1	0	0	0	0	gold.ecosystem:7777
Engineered > Lab culture > Culture media > Fungi > Contaminated	Engineered	Lab culture	Culture media	Fungi	Contaminated	Contaminated	5	1	0	0	0	0	gold.ecosystem:5980
Engineered > Modeled > Simulated communities (DNA mixture)	Engineered	Modeled	Simulated communities (DNA mixture)			Simulated communities (DNA mixture)	3	3	0	0	0	0	gold.ecosystem:3533|gold.ecosystem:3873|gold.ecosystem:4311
Engineered > Modeled > Simulated communities (contig mixture)	Engineered	Modeled	Simulated communities (contig mixture)			Simulated communities (contig mixture)	3	3	0	0	0	0	gold.ecosystem:7804|gold.ecosystem:7805|gold.ecosystem:7806
Engineered > Modeled > Simulated communities (microbial mixture) > Plant nodule	Engineered	Modeled	Simulated communities (microbial mixture)	Plant nodule		Plant nodule	4	2	0	0	0	0	gold.ecosystem:5540|gold.ecosystem:5917
Engineered > Modeled > Simulated communities (sequence read mixture)	Engineered	Modeled	Simulated communities (sequence read mixture)			Simulated communities (sequence read mixture)	3	3	0	0	0	0	gold.ecosystem:3532|gold.ecosystem:3871|gold.ecosystem:4309
Engineered > Modeled > Simulated communities (sequence read mixture) > Sanger	Engineered	Modeled	Simulated communities (sequence read mixture)	Sanger		Sanger	4	2	0	0	0	0	gold.ecosystem:3872|gold.ecosystem:4310
Engineered > Paper	Engineered	Paper				Paper	2	1	0	0	0	0	gold.ecosystem:4387
Engineered > Paper > Currency notes	Engineered	Paper	Currency notes			Currency notes	3	3	0	0	0	0	gold.ecosystem:4388|gold.ecosystem:4389|gold.ecosystem:4390
Engineered > Sewage treatment plant	Engineered	Sewage treatment plant				Sewage treatment plant	2	1	0	0	0	0	gold.ecosystem:5517
Engineered > Sewage treatment plant > Wastewater > Activated sludge	Engineered	Sewage treatment plant	Wastewater	Activated sludge		Activated sludge	4	2	0	0	0	0	gold.ecosystem:5592|gold.ecosystem:5593
Engineered > Solid waste > Agricultural waste > Composting > Sugarcane filter cake	Engineered	Solid waste	Agricultural waste	Composting	Sugarcane filter cake	Sugarcane filter cake	5	1	0	0	0	0	gold.ecosystem:5735
Engineered > Solid waste > Animal waste > Manure slurry > Liquid manure	Engineered	Solid waste	Animal waste	Manure slurry	Liquid manure	Liquid manure	5	1	0	0	0	0	gold.ecosystem:8076
Engineered > Solid waste > Bio- and green waste (BGW)	Engineered	Solid waste	Bio- and green waste (BGW)			Bio- and green waste (BGW)	3	1	0	0	0	0	gold.ecosystem:7755
Engineered > Solid waste > Bio- and green waste (BGW) > Composting	Engineered	Solid waste	Bio- and green waste (BGW)	Composting		Composting	4	2	0	0	0	0	gold.ecosystem:7756|gold.ecosystem:7757
Engineered > Solid waste > Cellulose associated waste	Engineered	Solid waste	Cellulose associated waste			Cellulose associated waste	3	1	0	0	0	0	gold.ecosystem:4928
Engineered > Solid waste > Debries	Engineered	Solid waste	Debries			Debries	3	3	0	0	0	0	gold.ecosystem:8346|gold.ecosystem:8347|gold.ecosystem:8348
Engineered > Solid waste > Debries > Freshwater debries	Engineered	Solid waste	Debries	Freshwater debries		Freshwater debries	4	2	0	0	0	0	gold.ecosystem:8351|gold.ecosystem:8352
Engineered > Solid waste > Debries > Freshwater debries > Plastic debries	Engineered	Solid waste	Debries	Freshwater debries	Plastic debries	Plastic debries	5	1	0	0	0	0	gold.ecosystem:8354
Engineered > Solid waste > Debries > Marine debries	Engineered	Solid waste	Debries	Marine debries		Marine debries	4	2	0	0	0	0	gold.ecosystem:8349|gold.ecosystem:8350
Engineered > Solid waste > Debries > Marine debries > Plastic debries	Engineered	Solid waste	Debries	Marine debries	Plastic debries	Plastic debries	5	1	0	0	0	0	gold.ecosystem:8353
Engineered > Solid waste > Feedstock	Engineered	Solid waste	Feedstock			Feedstock	3	1	0	0	0	0	gold.ecosystem:4891
Engineered > Solid waste > Grass	Engineered	Solid waste	Grass			Grass	3	1	0	0	0	0	gold.ecosystem:4871
Engineered > Solid waste > Grass > Composting	Engineered	Solid waste	Grass	Composting		Composting	4	2	0	0	0	0	gold.ecosystem:4872|gold.ecosystem:4874
Engineered > Solid waste > Grass > Composting > Bioreactor	Engineered	Solid waste	Grass	Composting	Bioreactor	Bioreactor	5	1	0	0	0	0	gold.ecosystem:4873
Engineered > Solid waste > Grass > Fermentation	Engineered	Solid waste	Grass	Fermentation		Fermentation	4	1	0	0	0	0	gold.ecosystem:5507
Engineered > Solid waste > Grass > Fermentation > Bioreactor	Engineered	Solid waste	Grass	Fermentation	Bioreactor	Bioreactor	5	1	0	0	0	0	gold.ecosystem:5508
Engineered > Solid waste > Green waste	Engineered	Solid waste	Green waste			Green waste	3	1	0	0	0	0	gold.ecosystem:6037
Engineered > Solid waste > Green waste > Composting	Engineered	Solid waste	Green waste	Composting		Composting	4	2	0	0	0	0	gold.ecosystem:6038|gold.ecosystem:6039
Engineered > Solid waste > Household waste	Engineered	Solid waste	Household waste			Household waste	3	3	0	0	0	0	gold.ecosystem:4905|gold.ecosystem:8154|gold.ecosystem:8155
Engineered > Solid waste > Human waste	Engineered	Solid waste	Human waste			Human waste	3	1	0	0	0	0	gold.ecosystem:5898
Engineered > Solid waste > Human waste > Composting	Engineered	Solid waste	Human waste	Composting		Composting	4	1	0	0	0	0	gold.ecosystem:5899
Engineered > Solid waste > Industrial waste > Radioactive waste	Engineered	Solid waste	Industrial waste	Radioactive waste		Radioactive waste	4	2	0	0	0	0	gold.ecosystem:8291|gold.ecosystem:8292
Engineered > Solid waste > Latrine chamber	Engineered	Solid waste	Latrine chamber			Latrine chamber	3	1	0	0	0	0	gold.ecosystem:4952
Engineered > Solid waste > Latrine chamber > Composting	Engineered	Solid waste	Latrine chamber	Composting		Composting	4	2	0	0	0	0	gold.ecosystem:4953|gold.ecosystem:4954
Engineered > Solid waste > Mixed feedstock	Engineered	Solid waste	Mixed feedstock			Mixed feedstock	3	1	0	0	0	0	gold.ecosystem:7696
Engineered > Solid waste > Mixed feedstock > Composting	Engineered	Solid waste	Mixed feedstock	Composting		Composting	4	2	0	0	0	0	gold.ecosystem:7697|gold.ecosystem:7803
Engineered > Solid waste > Mixed feedstock > Composting > Commercial compost	Engineered	Solid waste	Mixed feedstock	Composting	Commercial compost	Commercial compost	5	1	0	0	0	0	gold.ecosystem:7698
Engineered > Solid waste > Organic waste	Engineered	Solid waste	Organic waste			Organic waste	3	3	0	0	0	0	gold.ecosystem:8411|gold.ecosystem:8412|gold.ecosystem:8413
Engineered > Solid waste > Organic waste > Biochar	Engineered	Solid waste	Organic waste	Biochar		Biochar	4	2	0	0	0	0	gold.ecosystem:8414|gold.ecosystem:8415
Engineered > Solid waste > Unknown material	Engineered	Solid waste	Unknown material			Unknown material	3	1	0	0	0	0	gold.ecosystem:4964
Engineered > Solid waste > Urban waste	Engineered	Solid waste	Urban waste			Urban waste	3	1	0	0	0	0	gold.ecosystem:4943
Engineered > Solid waste > Wood	Engineered	Solid waste	Wood			Wood	3	1	0	0	0	0	gold.ecosystem:4854
Engineered > Solid waste > Wood > Composting > Bioreactor	Engineered	Solid waste	Wood	Composting	Bioreactor	Bioreactor	5	1	0	0	0	0	gold.ecosystem:4856
Engineered > Solid waste > Zoo waste	Engineered	Solid waste	Zoo waste			Zoo waste	3	1	0	0	0	0	gold.ecosystem:4922
Engineered > WWTP > A/O treatment system	Engineered	WWTP	A/O treatment system			A/O treatment system	3	1	0	0	0	0	gold.ecosystem:8223
Engineered > WWTP > A/O treatment system > A/O bioreactor	Engineered	WWTP	A/O treatment system	A/O bioreactor		A/O bioreactor	4	2	0	0	0	0	gold.ecosystem:8224|gold.ecosystem:8226
Engineered > WWTP > A/O treatment system > A/O bioreactor > Activated sludge	Engineered	WWTP	A/O treatment system	A/O bioreactor	Activated sludge	Activated sludge	5	1	0	0	0	0	gold.ecosystem:8225
Engineered > WWTP > A/O treatment system > Settling tank	Engineered	WWTP	A/O treatment system	Settling tank		Settling tank	4	2	0	0	0	0	gold.ecosystem:8227|gold.ecosystem:8228
Engineered > WWTP > A/O treatment system > Settling tank > Effluent	Engineered	WWTP	A/O treatment system	Settling tank	Effluent	Effluent	5	1	0	0	0	0	gold.ecosystem:8229
Engineered > WWTP > Aerobic digester	Engineered	WWTP	Aerobic digester			Aerobic digester	3	3	0	0	0	0	gold.ecosystem:5672|gold.ecosystem:8256|gold.ecosystem:8257
Engineered > WWTP > Effluent	Engineered	WWTP	Effluent			Effluent	3	3	0	0	0	0	gold.ecosystem:7771|gold.ecosystem:7854|gold.ecosystem:7855
Engineered > WWTP > Effluent > Algae cultivation tank	Engineered	WWTP	Effluent	Algae cultivation tank		Algae cultivation tank	4	2	0	0	0	0	gold.ecosystem:7772|gold.ecosystem:7773
Engineered > WWTP > Influent	Engineered	WWTP	Influent			Influent	3	1	0	0	0	0	gold.ecosystem:6077
Engineered > WWTP > Mixed liquor	Engineered	WWTP	Mixed liquor			Mixed liquor	3	3	0	0	0	0	gold.ecosystem:5789|gold.ecosystem:5790|gold.ecosystem:5791
Engineered > Wastewater > Industrial wastewater > Aquaculture farm	Engineered	Wastewater	Industrial wastewater	Aquaculture farm		Aquaculture farm	4	2	0	0	0	0	gold.ecosystem:7856|gold.ecosystem:7857
Engineered > Wastewater > Industrial wastewater > Feedlot	Engineered	Wastewater	Industrial wastewater	Feedlot		Feedlot	4	2	0	0	0	0	gold.ecosystem:5515|gold.ecosystem:5516
Engineered > Wastewater > Industrial wastewater > Meat/Poultry processing plant	Engineered	Wastewater	Industrial wastewater	Meat/Poultry processing plant		Meat/Poultry processing plant	4	1	0	0	0	0	gold.ecosystem:6900
Engineered > Wastewater > Industrial wastewater > Meat/Poultry processing plant > Poultry processing wastewater	Engineered	Wastewater	Industrial wastewater	Meat/Poultry processing plant	Poultry processing wastewater	Poultry processing wastewater	5	1	0	0	0	0	gold.ecosystem:6901
Engineered > Wastewater > Industrial wastewater > Mine water > Produced water	Engineered	Wastewater	Industrial wastewater	Mine water	Produced water	Produced water	5	1	0	0	0	0	gold.ecosystem:7738
Engineered > Wastewater > Industrial wastewater > Organic dairy farm	Engineered	Wastewater	Industrial wastewater	Organic dairy farm		Organic dairy farm	4	2	0	0	0	0	gold.ecosystem:5535|gold.ecosystem:5536
Engineered > Wastewater > Industrial wastewater > Petrochemical > Oil sludge	Engineered	Wastewater	Industrial wastewater	Petrochemical	Oil sludge	Oil sludge	5	1	0	0	0	0	gold.ecosystem:5660
Engineered > Wastewater > Industrial wastewater > Petroleum reservoir	Engineered	Wastewater	Industrial wastewater	Petroleum reservoir		Petroleum reservoir	4	1	0	0	0	0	gold.ecosystem:7638
Engineered > Wastewater > Industrial wastewater > Poultry farm	Engineered	Wastewater	Industrial wastewater	Poultry farm		Poultry farm	4	2	0	0	0	0	gold.ecosystem:8289|gold.ecosystem:8290
Engineered > Wastewater > Industrial wastewater > Settling tank	Engineered	Wastewater	Industrial wastewater	Settling tank		Settling tank	4	2	0	0	0	0	gold.ecosystem:8068|gold.ecosystem:8070
Engineered > Wastewater > Industrial wastewater > Settling tank > Sediment	Engineered	Wastewater	Industrial wastewater	Settling tank	Sediment	Sediment	5	1	0	0	0	0	gold.ecosystem:8069
Engineered > Wastewater > Industrial wastewater > Settling tank > Sludge	Engineered	Wastewater	Industrial wastewater	Settling tank	Sludge	Sludge	5	1	0	0	0	0	gold.ecosystem:8071
Engineered > Wastewater > Industrial wastewater > Tailings pond	Engineered	Wastewater	Industrial wastewater	Tailings pond		Tailings pond	4	2	0	0	0	0	gold.ecosystem:7953|gold.ecosystem:7954
Engineered > Wastewater > Industrial wastewater > Tailings pond > Sediment	Engineered	Wastewater	Industrial wastewater	Tailings pond	Sediment	Sediment	5	1	0	0	0	0	gold.ecosystem:8067
Engineered > Wastewater > Municipal landfill	Engineered	Wastewater	Municipal landfill			Municipal landfill	3	1	0	0	0	0	gold.ecosystem:5665
Engineered > Wastewater > Municipal landfill > Leachate	Engineered	Wastewater	Municipal landfill	Leachate		Leachate	4	2	0	0	0	0	gold.ecosystem:5666|gold.ecosystem:5667
Engineered > Wastewater > Nutrient removal	Engineered	Wastewater	Nutrient removal			Nutrient removal	3	3	0	0	0	0	gold.ecosystem:3507|gold.ecosystem:3831|gold.ecosystem:4261
Engineered > Wastewater > Nutrient removal > Biological phosphorus removal	Engineered	Wastewater	Nutrient removal	Biological phosphorus removal		Biological phosphorus removal	4	2	0	0	0	0	gold.ecosystem:3832|gold.ecosystem:4730
Engineered > Wastewater > Nutrient removal > Dissolved organics (aerobic)	Engineered	Wastewater	Nutrient removal	Dissolved organics (aerobic)		Dissolved organics (aerobic)	4	2	0	0	0	0	gold.ecosystem:3829|gold.ecosystem:4258
Engineered > Wastewater > Nutrient removal > Dissolved organics (aerobic) > Activated sludge	Engineered	Wastewater	Nutrient removal	Dissolved organics (aerobic)	Activated sludge	Activated sludge	5	1	0	0	0	0	gold.ecosystem:4257
Engineered > Wastewater > Nutrient removal > Dissolved organics (anaerobic) > Activated sludge	Engineered	Wastewater	Nutrient removal	Dissolved organics (anaerobic)	Activated sludge	Activated sludge	5	1	0	0	0	0	gold.ecosystem:4259
Engineered > Wastewater > Reclaimed/Recycled wastewater	Engineered	Wastewater	Reclaimed/Recycled wastewater			Reclaimed/Recycled wastewater	3	3	0	0	0	0	gold.ecosystem:8094|gold.ecosystem:8095|gold.ecosystem:8096
Engineered > Wastewater > River	Engineered	Wastewater	River			River	3	2	0	0	0	0	gold.ecosystem:5545|gold.ecosystem:5546
Engineered > Wastewater > Urban wastewater	Engineered	Wastewater	Urban wastewater			Urban wastewater	3	1	0	0	0	0	gold.ecosystem:8097
Engineered > Wastewater > Urban wastewater > Slums/Informal settlements	Engineered	Wastewater	Urban wastewater	Slums/Informal settlements		Slums/Informal settlements	4	2	0	0	0	0	gold.ecosystem:8098|gold.ecosystem:8099
Environmental > Air > Indoor Air > Air scrubber	Environmental	Air	Indoor Air	Air scrubber		Air scrubber	4	1	0	0	0	0	gold.ecosystem:5805
Environmental > Air > Indoor Air > Air scrubber > Biofilm	Environmental	Air	Indoor Air	Air scrubber	Biofilm	Biofilm	5	1	0	0	0	0	gold.ecosystem:5806
Environmental > Air > Indoor Air > Poultry farm > Poultry litter bioaerosol	Environmental	Air	Indoor Air	Poultry farm	Poultry litter bioaerosol	Poultry litter bioaerosol	5	1	0	0	0	0	gold.ecosystem:6884
Environmental > Aquatic > Acidic > Acidic hypersaline lake > Microbial mat	Environmental	Aquatic	Acidic	Acidic hypersaline lake	Microbial mat	Microbial mat	5	1	0	0	0	0	gold.ecosystem:7989
Environmental > Aquatic > Acidic > Acidic lake > Microbial mat	Environmental	Aquatic	Acidic	Acidic lake	Microbial mat	Microbial mat	5	1	0	0	0	0	gold.ecosystem:7979
Environmental > Aquatic > Acidic > Acidic lake > Sediment	Environmental	Aquatic	Acidic	Acidic lake	Sediment	Sediment	5	1	0	0	0	0	gold.ecosystem:7978
Environmental > Aquatic > Acidic > River	Environmental	Aquatic	Acidic	River		River	4	2	0	0	0	0	gold.ecosystem:8508|gold.ecosystem:8509
Environmental > Aquatic > Artesian spring > Acidic	Environmental	Aquatic	Artesian spring	Acidic		Acidic	4	2	0	0	0	0	gold.ecosystem:7715|gold.ecosystem:7716
Environmental > Aquatic > Artesian spring > Acidic > Sediment	Environmental	Aquatic	Artesian spring	Acidic	Sediment	Sediment	5	1	0	0	0	0	gold.ecosystem:7717
Environmental > Aquatic > Deep subsurface > Groundwater > Acid-saline drainage	Environmental	Aquatic	Deep subsurface	Groundwater	Acid-saline drainage	Acid-saline drainage	5	1	0	0	0	0	gold.ecosystem:8046
Environmental > Aquatic > Deep subsurface > Groundwater > Acidic spring	Environmental	Aquatic	Deep subsurface	Groundwater	Acidic spring	Acidic spring	5	1	0	0	0	0	gold.ecosystem:7510
Environmental > Aquatic > Deep subsurface > Groundwater > Alkaline spring	Environmental	Aquatic	Deep subsurface	Groundwater	Alkaline spring	Alkaline spring	5	1	0	0	0	0	gold.ecosystem:7946
Environmental > Aquatic > Deep subsurface > Groundwater > Biofouling	Environmental	Aquatic	Deep subsurface	Groundwater	Biofouling	Biofouling	5	1	0	0	0	0	gold.ecosystem:8363
Environmental > Aquatic > Deep subsurface > Groundwater > Cave lake	Environmental	Aquatic	Deep subsurface	Groundwater	Cave lake	Cave lake	5	1	0	0	0	0	gold.ecosystem:8197
Environmental > Aquatic > Deep subsurface > Groundwater > Cave microbial mat	Environmental	Aquatic	Deep subsurface	Groundwater	Cave microbial mat	Cave microbial mat	5	1	0	0	0	0	gold.ecosystem:5967
Environmental > Aquatic > Deep subsurface > Groundwater > Cave pool	Environmental	Aquatic	Deep subsurface	Groundwater	Cave pool	Cave pool	5	1	0	0	0	0	gold.ecosystem:5966
Environmental > Aquatic > Deep subsurface > Groundwater > Cave stream	Environmental	Aquatic	Deep subsurface	Groundwater	Cave stream	Cave stream	5	1	0	0	0	0	gold.ecosystem:7785
Environmental > Aquatic > Deep subsurface > Groundwater > Cave stream sediment	Environmental	Aquatic	Deep subsurface	Groundwater	Cave stream sediment	Cave stream sediment	5	1	0	0	0	0	gold.ecosystem:7786
Environmental > Aquatic > Deep subsurface > Groundwater > Driven well	Environmental	Aquatic	Deep subsurface	Groundwater	Driven well	Driven well	5	1	0	0	0	0	gold.ecosystem:5957
Environmental > Aquatic > Deep subsurface > Groundwater > Porewater	Environmental	Aquatic	Deep subsurface	Groundwater	Porewater	Porewater	5	1	0	0	0	0	gold.ecosystem:7770
Environmental > Aquatic > Deep subsurface > Groundwater > Saline spring	Environmental	Aquatic	Deep subsurface	Groundwater	Saline spring	Saline spring	5	1	0	0	0	0	gold.ecosystem:7983
Environmental > Aquatic > Deep subsurface > Groundwater > Well biofilm	Environmental	Aquatic	Deep subsurface	Groundwater	Well biofilm	Well biofilm	5	1	0	0	0	0	gold.ecosystem:5960
Environmental > Aquatic > Deep subsurface > Shale gas/oil reservoir	Environmental	Aquatic	Deep subsurface	Shale gas/oil reservoir		Shale gas/oil reservoir	4	2	0	0	0	0	gold.ecosystem:7794|gold.ecosystem:8317
Environmental > Aquatic > Deep subsurface > Subglacial lake	Environmental	Aquatic	Deep subsurface	Subglacial lake		Subglacial lake	4	2	0	0	0	0	gold.ecosystem:7670|gold.ecosystem:7672
Environmental > Aquatic > Deep subsurface > Subglacial lake > Sediment	Environmental	Aquatic	Deep subsurface	Subglacial lake	Sediment	Sediment	5	1	0	0	0	0	gold.ecosystem:7671
Environmental > Aquatic > Deep subsurface > Subterranean lake	Environmental	Aquatic	Deep subsurface	Subterranean lake		Subterranean lake	4	2	0	0	0	0	gold.ecosystem:7667|gold.ecosystem:7668
Environmental > Aquatic > Deep subsurface > Subterranean lake > Sediment	Environmental	Aquatic	Deep subsurface	Subterranean lake	Sediment	Sediment	5	1	0	0	0	0	gold.ecosystem:7669
Environmental > Aquatic > Floodplain	Environmental	Aquatic	Floodplain			Floodplain	3	1	0	0	0	0	gold.ecosystem:5411
Environmental > Aquatic > Floodplain > Sediment	Environmental	Aquatic	Floodplain	Sediment		Sediment	4	2	0	0	0	0	gold.ecosystem:5412|gold.ecosystem:5413
Environmental > Aquatic > Freshwater > Aquifer	Environmental	Aquatic	Freshwater	Aquifer		Aquifer	4	1	0	0	0	0	gold.ecosystem:5373
Environmental > Aquatic > Freshwater > Aquifer > Biofilm	Environmental	Aquatic	Freshwater	Aquifer	Biofilm	Biofilm	5	1	0	0	0	0	gold.ecosystem:5446
Environmental > Aquatic > Freshwater > Aquifer > Sediment	Environmental	Aquatic	Freshwater	Aquifer	Sediment	Sediment	5	1	0	0	0	0	gold.ecosystem:5374
Environmental > Aquatic > Freshwater > Biofouling	Environmental	Aquatic	Freshwater	Biofouling		Biofouling	4	2	0	0	0	0	gold.ecosystem:8358|gold.ecosystem:8360
Environmental > Aquatic > Freshwater > Biofouling > Microfouling/Biofilm	Environmental	Aquatic	Freshwater	Biofouling	Microfouling/Biofilm	Microfouling/Biofilm	5	1	0	0	0	0	gold.ecosystem:8359
Environmental > Aquatic > Freshwater > Bog lake > Sediment	Environmental	Aquatic	Freshwater	Bog lake	Sediment	Sediment	5	1	0	0	0	0	gold.ecosystem:7896
Environmental > Aquatic > Freshwater > Canal	Environmental	Aquatic	Freshwater	Canal		Canal	4	2	0	0	0	0	gold.ecosystem:8473|gold.ecosystem:8474
Environmental > Aquatic > Freshwater > Canal > Sediment	Environmental	Aquatic	Freshwater	Canal	Sediment	Sediment	5	1	0	0	0	0	gold.ecosystem:8475
Environmental > Aquatic > Freshwater > Creek > Biofilm	Environmental	Aquatic	Freshwater	Creek	Biofilm	Biofilm	5	1	0	0	0	0	gold.ecosystem:8389
Environmental > Aquatic > Freshwater > Desert springs	Environmental	Aquatic	Freshwater	Desert springs		Desert springs	4	1	0	0	0	0	gold.ecosystem:5401
Environmental > Aquatic > Freshwater > Desert springs > Benthic	Environmental	Aquatic	Freshwater	Desert springs	Benthic	Benthic	5	1	0	0	0	0	gold.ecosystem:5402
Environmental > Aquatic > Freshwater > Drainage ditch	Environmental	Aquatic	Freshwater	Drainage ditch		Drainage ditch	4	2	0	0	0	0	gold.ecosystem:7922|gold.ecosystem:7923
Environmental > Aquatic > Freshwater > Drinking water > Chloraminated	Environmental	Aquatic	Freshwater	Drinking water	Chloraminated	Chloraminated	5	1	0	0	0	0	gold.ecosystem:5856
Environmental > Aquatic > Freshwater > Floodplain	Environmental	Aquatic	Freshwater	Floodplain		Floodplain	4	2	0	0	0	0	gold.ecosystem:7145|gold.ecosystem:8381
Environmental > Aquatic > Freshwater > Floodplain > Cold methane seep	Environmental	Aquatic	Freshwater	Floodplain	Cold methane seep	Cold methane seep	5	1	0	0	0	0	gold.ecosystem:8382
Environmental > Aquatic > Freshwater > Floodplain > Microbial mat	Environmental	Aquatic	Freshwater	Floodplain	Microbial mat	Microbial mat	5	1	0	0	0	0	gold.ecosystem:7146
Environmental > Aquatic > Freshwater > Floodplain > Sediment	Environmental	Aquatic	Freshwater	Floodplain	Sediment	Sediment	5	1	0	0	0	0	gold.ecosystem:8526
Environmental > Aquatic > Freshwater > Floodplain lake	Environmental	Aquatic	Freshwater	Floodplain lake		Floodplain lake	4	2	0	0	0	0	gold.ecosystem:6980|gold.ecosystem:6981
Environmental > Aquatic > Freshwater > Floodplain lake > Sediment	Environmental	Aquatic	Freshwater	Floodplain lake	Sediment	Sediment	5	1	0	0	0	0	gold.ecosystem:7882
Environmental > Aquatic > Freshwater > Glacier > Cryoconite hole	Environmental	Aquatic	Freshwater	Glacier	Cryoconite hole	Cryoconite hole	5	1	0	0	0	0	gold.ecosystem:7968
Environmental > Aquatic > Freshwater > Glacier > Glacier stream	Environmental	Aquatic	Freshwater	Glacier	Glacier stream	Glacier stream	5	1	0	0	0	0	gold.ecosystem:8062
Environmental > Aquatic > Freshwater > Groundwater > Coalbed water	Environmental	Aquatic	Freshwater	Groundwater	Coalbed water	Coalbed water	5	1	0	0	0	0	gold.ecosystem:4169
Environmental > Aquatic > Freshwater > Groundwater > Mine drainage	Environmental	Aquatic	Freshwater	Groundwater	Mine drainage	Mine drainage	5	1	0	0	0	0	gold.ecosystem:4170
Environmental > Aquatic > Freshwater > Harbor	Environmental	Aquatic	Freshwater	Harbor		Harbor	4	2	0	0	0	0	gold.ecosystem:4419|gold.ecosystem:4420
Environmental > Aquatic > Freshwater > Ice > Cryoconite	Environmental	Aquatic	Freshwater	Ice	Cryoconite	Cryoconite	5	1	0	0	0	0	gold.ecosystem:5379
Environmental > Aquatic > Freshwater > Ice > Glacier meltwater	Environmental	Aquatic	Freshwater	Ice	Glacier meltwater	Glacier meltwater	5	1	0	0	0	0	gold.ecosystem:7784
Environmental > Aquatic > Freshwater > Ice > Liftoff microbial mat	Environmental	Aquatic	Freshwater	Ice	Liftoff microbial mat	Liftoff microbial mat	5	1	0	0	0	0	gold.ecosystem:7783
Environmental > Aquatic > Freshwater > Kettle hole	Environmental	Aquatic	Freshwater	Kettle hole		Kettle hole	4	2	0	0	0	0	gold.ecosystem:5854|gold.ecosystem:5855
Environmental > Aquatic > Freshwater > Lake > Anoxic zone	Environmental	Aquatic	Freshwater	Lake	Anoxic zone	Anoxic zone	5	1	0	0	0	0	gold.ecosystem:5392
Environmental > Aquatic > Freshwater > Lake > Aphotic zone	Environmental	Aquatic	Freshwater	Lake	Aphotic zone	Aphotic zone	5	1	0	0	0	0	gold.ecosystem:7879
Environmental > Aquatic > Freshwater > Lake > Lake biofilm	Environmental	Aquatic	Freshwater	Lake	Lake biofilm	Lake biofilm	5	1	0	0	0	0	gold.ecosystem:7787
Environmental > Aquatic > Freshwater > Lake > Metalimnion/Thermocline	Environmental	Aquatic	Freshwater	Lake	Metalimnion/Thermocline	Metalimnion/Thermocline	5	1	0	0	0	0	gold.ecosystem:7876
Environmental > Aquatic > Freshwater > Meromictic lake	Environmental	Aquatic	Freshwater	Meromictic lake		Meromictic lake	4	2	0	0	0	0	gold.ecosystem:8537|gold.ecosystem:8538
Environmental > Aquatic > Freshwater > Meromictic lake > Chemocline	Environmental	Aquatic	Freshwater	Meromictic lake	Chemocline	Chemocline	5	1	0	0	0	0	gold.ecosystem:8542
Environmental > Aquatic > Freshwater > Meromictic lake > Microbial mats	Environmental	Aquatic	Freshwater	Meromictic lake	Microbial mats	Microbial mats	5	1	0	0	0	0	gold.ecosystem:8539
Environmental > Aquatic > Freshwater > Meromictic lake > Mixolimnion/Top layer	Environmental	Aquatic	Freshwater	Meromictic lake	Mixolimnion/Top layer	Mixolimnion/Top layer	5	1	0	0	0	0	gold.ecosystem:8540
Environmental > Aquatic > Freshwater > Meromictic lake > Monimolimnion/Bottom layer	Environmental	Aquatic	Freshwater	Meromictic lake	Monimolimnion/Bottom layer	Monimolimnion/Bottom layer	5	1	0	0	0	0	gold.ecosystem:8541
Environmental > Aquatic > Freshwater > Microbialites	Environmental	Aquatic	Freshwater	Microbialites		Microbialites	4	2	0	0	0	0	gold.ecosystem:3798|gold.ecosystem:4191
Environmental > Aquatic > Freshwater > Microbialites > Stromatolites	Environmental	Aquatic	Freshwater	Microbialites	Stromatolites	Stromatolites	5	1	0	0	0	0	gold.ecosystem:7925
Environmental > Aquatic > Freshwater > Microbialites > Thrombolites	Environmental	Aquatic	Freshwater	Microbialites	Thrombolites	Thrombolites	5	1	0	0	0	0	gold.ecosystem:7926
Environmental > Aquatic > Freshwater > Pond > Storm water pond	Environmental	Aquatic	Freshwater	Pond	Storm water pond	Storm water pond	5	1	0	0	0	0	gold.ecosystem:8518
Environmental > Aquatic > Freshwater > Puddle > Microbial mats	Environmental	Aquatic	Freshwater	Puddle	Microbial mats	Microbial mats	5	1	0	0	0	0	gold.ecosystem:5748
Environmental > Aquatic > Freshwater > Sediment > Insect burrows	Environmental	Aquatic	Freshwater	Sediment	Insect burrows	Insect burrows	5	1	0	0	0	0	gold.ecosystem:8392
Environmental > Aquatic > Freshwater > Simulated rainfall	Environmental	Aquatic	Freshwater	Simulated rainfall		Simulated rainfall	4	1	0	0	0	0	gold.ecosystem:8074
Environmental > Aquatic > Freshwater > Simulated rainfall > Runoff	Environmental	Aquatic	Freshwater	Simulated rainfall	Runoff	Runoff	5	1	0	0	0	0	gold.ecosystem:8075
Environmental > Aquatic > Freshwater > Sinkhole	Environmental	Aquatic	Freshwater	Sinkhole		Sinkhole	4	2	0	0	0	0	gold.ecosystem:4652|gold.ecosystem:4653
Environmental > Aquatic > Freshwater > Sinkhole > Microbial mats	Environmental	Aquatic	Freshwater	Sinkhole	Microbial mats	Microbial mats	5	1	0	0	0	0	gold.ecosystem:5361
Environmental > Aquatic > Freshwater > Sterile water	Environmental	Aquatic	Freshwater	Sterile water		Sterile water	4	2	0	0	0	0	gold.ecosystem:7147|gold.ecosystem:7148
Environmental > Aquatic > Freshwater > Storm water > Drainage pipe biofilm	Environmental	Aquatic	Freshwater	Storm water	Drainage pipe biofilm	Drainage pipe biofilm	5	1	0	0	0	0	gold.ecosystem:4190
Environmental > Aquatic > Freshwater > Storm water > Urban floodwater	Environmental	Aquatic	Freshwater	Storm water	Urban floodwater	Urban floodwater	5	1	0	0	0	0	gold.ecosystem:7513
Environmental > Aquatic > Freshwater > Subterranean lake	Environmental	Aquatic	Freshwater	Subterranean lake		Subterranean lake	4	2	0	0	0	0	gold.ecosystem:4561|gold.ecosystem:4562
Environmental > Aquatic > Freshwater > Transient pool	Environmental	Aquatic	Freshwater	Transient pool		Transient pool	4	2	0	0	0	0	gold.ecosystem:8268|gold.ecosystem:8269
Environmental > Aquatic > Freshwater > Transient pool > Microbial mat	Environmental	Aquatic	Freshwater	Transient pool	Microbial mat	Microbial mat	5	1	0	0	0	0	gold.ecosystem:8270
Environmental > Aquatic > Freshwater > Wetlands > Microbial mat	Environmental	Aquatic	Freshwater	Wetlands	Microbial mat	Microbial mat	5	1	0	0	0	0	gold.ecosystem:8178
Environmental > Aquatic > Freshwater > Wetlands > Vernal pools	Environmental	Aquatic	Freshwater	Wetlands	Vernal pools	Vernal pools	5	1	0	0	0	0	gold.ecosystem:8552
Environmental > Aquatic > Marine > Aquifer	Environmental	Aquatic	Marine	Aquifer		Aquifer	4	1	0	0	0	0	gold.ecosystem:5736
Environmental > Aquatic > Marine > Aquifer > Formation fluid	Environmental	Aquatic	Marine	Aquifer	Formation fluid	Formation fluid	5	1	0	0	0	0	gold.ecosystem:5737
Environmental > Aquatic > Marine > Archipelago	Environmental	Aquatic	Marine	Archipelago		Archipelago	4	1	0	0	0	0	gold.ecosystem:5382
Environmental > Aquatic > Marine > Archipelago > Sediment	Environmental	Aquatic	Marine	Archipelago	Sediment	Sediment	5	1	0	0	0	0	gold.ecosystem:5383
Environmental > Aquatic > Marine > Atoll lagoon	Environmental	Aquatic	Marine	Atoll lagoon		Atoll lagoon	4	2	0	0	0	0	gold.ecosystem:7942|gold.ecosystem:7943
Environmental > Aquatic > Marine > Benthic	Environmental	Aquatic	Marine	Benthic		Benthic	4	1	0	0	0	0	gold.ecosystem:5711
Environmental > Aquatic > Marine > Benthic > Wood fall	Environmental	Aquatic	Marine	Benthic	Wood fall	Wood fall	5	1	0	0	0	0	gold.ecosystem:5712
Environmental > Aquatic > Marine > Benthic zone	Environmental	Aquatic	Marine	Benthic zone		Benthic zone	4	2	0	0	0	0	gold.ecosystem:7904|gold.ecosystem:7905
Environmental > Aquatic > Marine > Benthic zone > Sediment	Environmental	Aquatic	Marine	Benthic zone	Sediment	Sediment	5	1	0	0	0	0	gold.ecosystem:7906
Environmental > Aquatic > Marine > Biofouling	Environmental	Aquatic	Marine	Biofouling		Biofouling	4	2	0	0	0	0	gold.ecosystem:8355|gold.ecosystem:8356
Environmental > Aquatic > Marine > Biofouling > Microfouling/Biofilm	Environmental	Aquatic	Marine	Biofouling	Microfouling/Biofilm	Microfouling/Biofilm	5	1	0	0	0	0	gold.ecosystem:8357
Environmental > Aquatic > Marine > Coastal lagoon > Microbial mat	Environmental	Aquatic	Marine	Coastal lagoon	Microbial mat	Microbial mat	5	1	0	0	0	0	gold.ecosystem:7945
Environmental > Aquatic > Marine > Continental margin	Environmental	Aquatic	Marine	Continental margin		Continental margin	4	1	0	0	0	0	gold.ecosystem:5386
Environmental > Aquatic > Marine > Continental margin > Sediment	Environmental	Aquatic	Marine	Continental margin	Sediment	Sediment	5	1	0	0	0	0	gold.ecosystem:5387
Environmental > Aquatic > Marine > Demersal zone	Environmental	Aquatic	Marine	Demersal zone		Demersal zone	4	2	0	0	0	0	gold.ecosystem:7902|gold.ecosystem:7903
Environmental > Aquatic > Marine > Fossil	Environmental	Aquatic	Marine	Fossil		Fossil	4	1	0	0	0	0	gold.ecosystem:3766
Environmental > Aquatic > Marine > Fossil > Whale fall	Environmental	Aquatic	Marine	Fossil	Whale fall	Whale fall	5	1	0	0	0	0	gold.ecosystem:4000
Environmental > Aquatic > Marine > Hydrothermal vents > Hydrothermal plume	Environmental	Aquatic	Marine	Hydrothermal vents	Hydrothermal plume	Hydrothermal plume	5	1	0	0	0	0	gold.ecosystem:8198
Environmental > Aquatic > Marine > Hydrothermal vents > Tubeworm bush	Environmental	Aquatic	Marine	Hydrothermal vents	Tubeworm bush	Tubeworm bush	5	1	0	0	0	0	gold.ecosystem:5751
Environmental > Aquatic > Marine > Hydrothermal vents > White smokers	Environmental	Aquatic	Marine	Hydrothermal vents	White smokers	White smokers	5	1	0	0	0	0	gold.ecosystem:8303
Environmental > Aquatic > Marine > Hypoxic zone	Environmental	Aquatic	Marine	Hypoxic zone		Hypoxic zone	4	2	0	0	0	0	gold.ecosystem:5350|gold.ecosystem:5351
Environmental > Aquatic > Marine > Ice shelf	Environmental	Aquatic	Marine	Ice shelf		Ice shelf	4	2	0	0	0	0	gold.ecosystem:8498|gold.ecosystem:8499
Environmental > Aquatic > Marine > Ice shelf > Sediment	Environmental	Aquatic	Marine	Ice shelf	Sediment	Sediment	5	1	0	0	0	0	gold.ecosystem:8500
Environmental > Aquatic > Marine > Intertidal zone > Mangrove area	Environmental	Aquatic	Marine	Intertidal zone	Mangrove area	Mangrove area	5	1	0	0	0	0	gold.ecosystem:8396
Environmental > Aquatic > Marine > Intertidal zone > Oil-contaminated	Environmental	Aquatic	Marine	Intertidal zone	Oil-contaminated	Oil-contaminated	5	1	0	0	0	0	gold.ecosystem:4020
Environmental > Aquatic > Marine > Intertidal zone > Salt pond sediment	Environmental	Aquatic	Marine	Intertidal zone	Salt pond sediment	Salt pond sediment	5	1	0	0	0	0	gold.ecosystem:7710
Environmental > Aquatic > Marine > Intertidal zone > Seagrass bed	Environmental	Aquatic	Marine	Intertidal zone	Seagrass bed	Seagrass bed	5	1	0	0	0	0	gold.ecosystem:7940
Environmental > Aquatic > Marine > Intertidal zone > Seagrass bed sediment	Environmental	Aquatic	Marine	Intertidal zone	Seagrass bed sediment	Seagrass bed sediment	5	1	0	0	0	0	gold.ecosystem:7941
Environmental > Aquatic > Marine > Intertidal zone > Subterranean estuary	Environmental	Aquatic	Marine	Intertidal zone	Subterranean estuary	Subterranean estuary	5	1	0	0	0	0	gold.ecosystem:8255
Environmental > Aquatic > Marine > Intertidal zone > Thrombolites	Environmental	Aquatic	Marine	Intertidal zone	Thrombolites	Thrombolites	5	1	0	0	0	0	gold.ecosystem:7984
Environmental > Aquatic > Marine > Littoral zone > Intertidal zone	Environmental	Aquatic	Marine	Littoral zone	Intertidal zone	Intertidal zone	5	1	0	0	0	0	gold.ecosystem:7911
Environmental > Aquatic > Marine > Littoral zone > Sediment	Environmental	Aquatic	Marine	Littoral zone	Sediment	Sediment	5	1	0	0	0	0	gold.ecosystem:7908
Environmental > Aquatic > Marine > Littoral zone > Supratidal zone	Environmental	Aquatic	Marine	Littoral zone	Supratidal zone	Supratidal zone	5	1	0	0	0	0	gold.ecosystem:7910
Environmental > Aquatic > Marine > Marine basin floor	Environmental	Aquatic	Marine	Marine basin floor		Marine basin floor	4	1	0	0	0	0	gold.ecosystem:5352
Environmental > Aquatic > Marine > Marine lake	Environmental	Aquatic	Marine	Marine lake		Marine lake	4	2	0	0	0	0	gold.ecosystem:5341|gold.ecosystem:5342
Environmental > Aquatic > Marine > Marine lake > Microbial mat	Environmental	Aquatic	Marine	Marine lake	Microbial mat	Microbial mat	5	1	0	0	0	0	gold.ecosystem:7936
Environmental > Aquatic > Marine > Neritic zone/Coastal water > Reef zone	Environmental	Aquatic	Marine	Neritic zone/Coastal water	Reef zone	Reef zone	5	1	0	0	0	0	gold.ecosystem:7949
Environmental > Aquatic > Marine > Neritic zone/Coastal water > Sea-ice brine	Environmental	Aquatic	Marine	Neritic zone/Coastal water	Sea-ice brine	Sea-ice brine	5	1	0	0	0	0	gold.ecosystem:8061
Environmental > Aquatic > Marine > Neritic zone/Coastal water > Subtidal zone	Environmental	Aquatic	Marine	Neritic zone/Coastal water	Subtidal zone	Subtidal zone	5	1	0	0	0	0	gold.ecosystem:7947
Environmental > Aquatic > Marine > Neritic zone/Coastal water > Subtidal zone sediment	Environmental	Aquatic	Marine	Neritic zone/Coastal water	Subtidal zone sediment	Subtidal zone sediment	5	1	0	0	0	0	gold.ecosystem:7948
Environmental > Aquatic > Marine > Oceanic > Crustal Fluids	Environmental	Aquatic	Marine	Oceanic	Crustal Fluids	Crustal Fluids	5	1	0	0	0	0	gold.ecosystem:4656
Environmental > Aquatic > Marine > Oceanic > Rock	Environmental	Aquatic	Marine	Oceanic	Rock	Rock	5	1	0	0	0	0	gold.ecosystem:5738
Environmental > Aquatic > Marine > Pelagic zone > Bathypelagic/Bathyal zone	Environmental	Aquatic	Marine	Pelagic zone	Bathypelagic/Bathyal zone	Bathypelagic/Bathyal zone	5	1	0	0	0	0	gold.ecosystem:7899
Environmental > Aquatic > Marine > Pelagic zone > Mesopelagic/Twilight zone	Environmental	Aquatic	Marine	Pelagic zone	Mesopelagic/Twilight zone	Mesopelagic/Twilight zone	5	1	0	0	0	0	gold.ecosystem:7898
Environmental > Aquatic > Marine > River plume	Environmental	Aquatic	Marine	River plume		River plume	4	2	0	0	0	0	gold.ecosystem:5366|gold.ecosystem:7939
Environmental > Aquatic > Marine > River plume > Plankton	Environmental	Aquatic	Marine	River plume	Plankton	Plankton	5	1	0	0	0	0	gold.ecosystem:5367
Environmental > Aquatic > Marine > Sea ice > Cryoconite	Environmental	Aquatic	Marine	Sea ice	Cryoconite	Cryoconite	5	1	0	0	0	0	gold.ecosystem:5381
Environmental > Aquatic > Marine > Sea ice > Melt pond	Environmental	Aquatic	Marine	Sea ice	Melt pond	Melt pond	5	1	0	0	0	0	gold.ecosystem:5628
Environmental > Aquatic > Marine > Shipwreck	Environmental	Aquatic	Marine	Shipwreck		Shipwreck	4	2	0	0	0	0	gold.ecosystem:5721|gold.ecosystem:5722
Environmental > Aquatic > Marine > Strait	Environmental	Aquatic	Marine	Strait		Strait	4	2	0	0	0	0	gold.ecosystem:4515|gold.ecosystem:4516
Environmental > Aquatic > Marine > Strait > Sediment	Environmental	Aquatic	Marine	Strait	Sediment	Sediment	5	1	0	0	0	0	gold.ecosystem:5904
Environmental > Aquatic > Marine > Subtidal zone	Environmental	Aquatic	Marine	Subtidal zone		Subtidal zone	4	1	0	0	0	0	gold.ecosystem:4646
Environmental > Aquatic > Marine > Supratidal zone	Environmental	Aquatic	Marine	Supratidal zone		Supratidal zone	4	2	0	0	0	0	gold.ecosystem:8047|gold.ecosystem:8048
Environmental > Aquatic > Marine > Supratidal zone > Sabkha	Environmental	Aquatic	Marine	Supratidal zone	Sabkha	Sabkha	5	1	0	0	0	0	gold.ecosystem:8049
Environmental > Aquatic > Marine > Supratidal zone > Sabkha sediment	Environmental	Aquatic	Marine	Supratidal zone	Sabkha sediment	Sabkha sediment	5	1	0	0	0	0	gold.ecosystem:8050
Environmental > Aquatic > Non-marine Saline and Alkaline > Alkaline > Mine pit pond	Environmental	Aquatic	Non-marine Saline and Alkaline	Alkaline	Mine pit pond	Mine pit pond	5	1	0	0	0	0	gold.ecosystem:5720
Environmental > Aquatic > Non-marine Saline and Alkaline > Biofouling	Environmental	Aquatic	Non-marine Saline and Alkaline	Biofouling		Biofouling	4	2	0	0	0	0	gold.ecosystem:8361|gold.ecosystem:8362
Environmental > Aquatic > Non-marine Saline and Alkaline > Biofouling > Microfouling/Biofilm	Environmental	Aquatic	Non-marine Saline and Alkaline	Biofouling	Microfouling/Biofilm	Microfouling/Biofilm	5	1	0	0	0	0	gold.ecosystem:8364
Environmental > Aquatic > Non-marine Saline and Alkaline > Fracking water	Environmental	Aquatic	Non-marine Saline and Alkaline	Fracking water		Fracking water	4	2	0	0	0	0	gold.ecosystem:4694|gold.ecosystem:4695
Environmental > Aquatic > Non-marine Saline and Alkaline > Hypersaline > Microbialites	Environmental	Aquatic	Non-marine Saline and Alkaline	Hypersaline	Microbialites	Microbialites	5	1	0	0	0	0	gold.ecosystem:7934
Environmental > Aquatic > Non-marine Saline and Alkaline > Hypersaline lake > Microbial mats	Environmental	Aquatic	Non-marine Saline and Alkaline	Hypersaline lake	Microbial mats	Microbial mats	5	1	0	0	0	0	gold.ecosystem:7894
Environmental > Aquatic > Non-marine Saline and Alkaline > Hypersaline lake > Microbialites	Environmental	Aquatic	Non-marine Saline and Alkaline	Hypersaline lake	Microbialites	Microbialites	5	1	0	0	0	0	gold.ecosystem:7935
Environmental > Aquatic > Non-marine Saline and Alkaline > Hypersaline lake > Salt crust	Environmental	Aquatic	Non-marine Saline and Alkaline	Hypersaline lake	Salt crust	Salt crust	5	1	0	0	0	0	gold.ecosystem:8102
Environmental > Aquatic > Non-marine Saline and Alkaline > Hypersaline soda lake > Microbialites	Environmental	Aquatic	Non-marine Saline and Alkaline	Hypersaline soda lake	Microbialites	Microbialites	5	1	0	0	0	0	gold.ecosystem:7933
Environmental > Aquatic > Non-marine Saline and Alkaline > Hypersaline spring	Environmental	Aquatic	Non-marine Saline and Alkaline	Hypersaline spring		Hypersaline spring	4	2	0	0	0	0	gold.ecosystem:8481|gold.ecosystem:8482
Environmental > Aquatic > Non-marine Saline and Alkaline > Hypersaline spring > Sediment	Environmental	Aquatic	Non-marine Saline and Alkaline	Hypersaline spring	Sediment	Sediment	5	1	0	0	0	0	gold.ecosystem:8483
Environmental > Aquatic > Non-marine Saline and Alkaline > Near-boiling (>90C)	Environmental	Aquatic	Non-marine Saline and Alkaline	Near-boiling (>90C)		Near-boiling (>90C)	4	1	0	0	0	0	gold.ecosystem:3756
Environmental > Aquatic > Non-marine Saline and Alkaline > Near-boiling (>90C) > Alkaline	Environmental	Aquatic	Non-marine Saline and Alkaline	Near-boiling (>90C)	Alkaline	Alkaline	5	1	0	0	0	0	gold.ecosystem:3983
Environmental > Aquatic > Non-marine Saline and Alkaline > Saline > Athalassic	Environmental	Aquatic	Non-marine Saline and Alkaline	Saline	Athalassic	Athalassic	5	1	0	0	0	0	gold.ecosystem:3971
Environmental > Aquatic > Non-marine Saline and Alkaline > Saline > Hypolimnion	Environmental	Aquatic	Non-marine Saline and Alkaline	Saline	Hypolimnion	Hypolimnion	5	1	0	0	0	0	gold.ecosystem:3972
Environmental > Aquatic > Non-marine Saline and Alkaline > Saline lake > Ice core	Environmental	Aquatic	Non-marine Saline and Alkaline	Saline lake	Ice core	Ice core	5	1	0	0	0	0	gold.ecosystem:7982
Environmental > Aquatic > Non-marine Saline and Alkaline > Saline lake > Microbial mats	Environmental	Aquatic	Non-marine Saline and Alkaline	Saline lake	Microbial mats	Microbial mats	5	1	0	0	0	0	gold.ecosystem:7883
Environmental > Aquatic > Non-marine Saline and Alkaline > Salt crystallizer ponds > Saline water	Environmental	Aquatic	Non-marine Saline and Alkaline	Salt crystallizer ponds	Saline water	Saline water	5	1	0	0	0	0	gold.ecosystem:5807
Environmental > Aquatic > Non-marine Saline and Alkaline > Salt marsh > Sediment	Environmental	Aquatic	Non-marine Saline and Alkaline	Salt marsh	Sediment	Sediment	5	1	0	0	0	0	gold.ecosystem:7713
Environmental > Aquatic > Non-marine Saline and Alkaline > Sub-saline lake	Environmental	Aquatic	Non-marine Saline and Alkaline	Sub-saline lake		Sub-saline lake	4	2	0	0	0	0	gold.ecosystem:7919|gold.ecosystem:7921
Environmental > Aquatic > Pit lake > Mine pit lake	Environmental	Aquatic	Pit lake	Mine pit lake		Mine pit lake	4	2	0	0	0	0	gold.ecosystem:7960|gold.ecosystem:7961
Environmental > Aquatic > Pit lake > Oil sands pit lake	Environmental	Aquatic	Pit lake	Oil sands pit lake		Oil sands pit lake	4	2	0	0	0	0	gold.ecosystem:7958|gold.ecosystem:7959
Environmental > Aquatic > Pit lake > Oil sands pit lake > Sediment	Environmental	Aquatic	Pit lake	Oil sands pit lake	Sediment	Sediment	5	1	0	0	0	0	gold.ecosystem:8090
Environmental > Aquatic > Thermal springs > Acid lake	Environmental	Aquatic	Thermal springs	Acid lake		Acid lake	4	2	0	0	0	0	gold.ecosystem:6886|gold.ecosystem:6887
Environmental > Aquatic > Thermal springs > Near-boiling (>90C) > Alkaline	Environmental	Aquatic	Thermal springs	Near-boiling (>90C)	Alkaline	Alkaline	5	1	0	0	0	0	gold.ecosystem:3993
Environmental > Aquatic > Thermal springs > Near-boiling (>90C) > Microbial mats	Environmental	Aquatic	Thermal springs	Near-boiling (>90C)	Microbial mats	Microbial mats	5	1	0	0	0	0	gold.ecosystem:8525
Environmental > Aquatic > Thermal springs > Near-boiling (>90C) > Sediment	Environmental	Aquatic	Thermal springs	Near-boiling (>90C)	Sediment	Sediment	5	1	0	0	0	0	gold.ecosystem:7718
Environmental > Aquatic > Thermal springs > Runoff channel	Environmental	Aquatic	Thermal springs	Runoff channel		Runoff channel	4	2	0	0	0	0	gold.ecosystem:6350|gold.ecosystem:6351
Environmental > Aquatic > Thermal springs > Runoff channel > Adjacent soil	Environmental	Aquatic	Thermal springs	Runoff channel	Adjacent soil	Adjacent soil	5	1	0	0	0	0	gold.ecosystem:6352
Environmental > Aquatic > Thermal springs > Runoff channel > Microbial mats	Environmental	Aquatic	Thermal springs	Runoff channel	Microbial mats	Microbial mats	5	1	0	0	0	0	gold.ecosystem:8265
Environmental > Aquatic > Thermal springs > Runoff channel > Sediment	Environmental	Aquatic	Thermal springs	Runoff channel	Sediment	Sediment	5	1	0	0	0	0	gold.ecosystem:8405
Environmental > Aquatic > Thermal springs > Warm (34-42C) > Acidic	Environmental	Aquatic	Thermal springs	Warm (34-42C)	Acidic	Acidic	5	1	0	0	0	0	gold.ecosystem:4546
Environmental > Terrestrial > Deep subsurface > Cave	Environmental	Terrestrial	Deep subsurface	Cave		Cave	4	2	0	0	0	0	gold.ecosystem:5969|gold.ecosystem:7086
Environmental > Terrestrial > Deep subsurface > Cave > Lava tube	Environmental	Terrestrial	Deep subsurface	Cave	Lava tube	Lava tube	5	1	0	0	0	0	gold.ecosystem:8480
Environmental > Terrestrial > Deep subsurface > Cave > Spicules	Environmental	Terrestrial	Deep subsurface	Cave	Spicules	Spicules	5	1	0	0	0	0	gold.ecosystem:8472
Environmental > Terrestrial > Deep subsurface > Cave > Wall surface	Environmental	Terrestrial	Deep subsurface	Cave	Wall surface	Wall surface	5	1	0	0	0	0	gold.ecosystem:7790
Environmental > Terrestrial > Deep subsurface > Clay	Environmental	Terrestrial	Deep subsurface	Clay		Clay	4	2	0	0	0	0	gold.ecosystem:3819|gold.ecosystem:4246
Environmental > Terrestrial > Deep subsurface > Coal mine	Environmental	Terrestrial	Deep subsurface	Coal mine		Coal mine	4	2	0	0	0	0	gold.ecosystem:8519|gold.ecosystem:8520
Environmental > Terrestrial > Deep subsurface > Coal mine > Sediment	Environmental	Terrestrial	Deep subsurface	Coal mine	Sediment	Sediment	5	1	0	0	0	0	gold.ecosystem:8521
Environmental > Terrestrial > Deep subsurface > Coalbed methane well	Environmental	Terrestrial	Deep subsurface	Coalbed methane well		Coalbed methane well	4	1	0	0	0	0	gold.ecosystem:7733
Environmental > Terrestrial > Deep subsurface > Coalbed methane well > Coal core	Environmental	Terrestrial	Deep subsurface	Coalbed methane well	Coal core	Coal core	5	1	0	0	0	0	gold.ecosystem:7734
Environmental > Terrestrial > Deep subsurface > Coalbed methane well > Coal slurry	Environmental	Terrestrial	Deep subsurface	Coalbed methane well	Coal slurry	Coal slurry	5	1	0	0	0	0	gold.ecosystem:7735
Environmental > Terrestrial > Deep subsurface > Salt mine	Environmental	Terrestrial	Deep subsurface	Salt mine		Salt mine	4	2	0	0	0	0	gold.ecosystem:8132|gold.ecosystem:8133
Environmental > Terrestrial > Deep subsurface > Salt mine > Soil	Environmental	Terrestrial	Deep subsurface	Salt mine	Soil	Soil	5	1	0	0	0	0	gold.ecosystem:8134
Environmental > Terrestrial > Deep subsurface > Shale gas reservoir	Environmental	Terrestrial	Deep subsurface	Shale gas reservoir		Shale gas reservoir	4	2	0	0	0	0	gold.ecosystem:5875|gold.ecosystem:8434
Environmental > Terrestrial > Deep subsurface > Shale gas reservoir > Flow back/Produced fluids	Environmental	Terrestrial	Deep subsurface	Shale gas reservoir	Flow back/Produced fluids	Flow back/Produced fluids	5	1	0	0	0	0	gold.ecosystem:5876
Environmental > Terrestrial > Deep subsurface > Sub-seafloor	Environmental	Terrestrial	Deep subsurface	Sub-seafloor		Sub-seafloor	4	2	0	0	0	0	gold.ecosystem:8241|gold.ecosystem:8242
Environmental > Terrestrial > Desert > Salt pan/flat	Environmental	Terrestrial	Desert	Salt pan/flat		Salt pan/flat	4	2	0	0	0	0	gold.ecosystem:7644|gold.ecosystem:7645
Environmental > Terrestrial > Floodplain	Environmental	Terrestrial	Floodplain			Floodplain	3	1	0	0	0	0	gold.ecosystem:4666
Environmental > Terrestrial > Floodplain > Aquatic biofilm	Environmental	Terrestrial	Floodplain	Aquatic biofilm		Aquatic biofilm	4	2	0	0	0	0	gold.ecosystem:5858|gold.ecosystem:5859
Environmental > Terrestrial > Floodplain > Soil	Environmental	Terrestrial	Floodplain	Soil		Soil	4	2	0	0	0	0	gold.ecosystem:4715|gold.ecosystem:4716
Environmental > Terrestrial > Geologic > Mine pit pond	Environmental	Terrestrial	Geologic	Mine pit pond		Mine pit pond	4	1	0	0	0	0	gold.ecosystem:5718
Environmental > Terrestrial > Geologic > Mine pit pond > Asbestos	Environmental	Terrestrial	Geologic	Mine pit pond	Asbestos	Asbestos	5	1	0	0	0	0	gold.ecosystem:5719
Environmental > Terrestrial > Geologic > Oil-contaminated sediment	Environmental	Terrestrial	Geologic	Oil-contaminated sediment		Oil-contaminated sediment	4	2	0	0	0	0	gold.ecosystem:5771|gold.ecosystem:5772
Environmental > Terrestrial > Geologic > Sediment > Pyrite containing	Environmental	Terrestrial	Geologic	Sediment	Pyrite containing	Pyrite containing	5	1	0	0	0	0	gold.ecosystem:5920
Environmental > Terrestrial > Geologic > Sediment > Sediment core	Environmental	Terrestrial	Geologic	Sediment	Sediment core	Sediment core	5	1	0	0	0	0	gold.ecosystem:5919
Environmental > Terrestrial > Glacier	Environmental	Terrestrial	Glacier			Glacier	3	3	0	0	0	0	gold.ecosystem:8532|gold.ecosystem:8533|gold.ecosystem:8534
Environmental > Terrestrial > Glacier > Cryoconite	Environmental	Terrestrial	Glacier	Cryoconite		Cryoconite	4	2	0	0	0	0	gold.ecosystem:8535|gold.ecosystem:8536
Environmental > Terrestrial > Nest	Environmental	Terrestrial	Nest			Nest	3	3	0	0	0	0	gold.ecosystem:4839|gold.ecosystem:8371|gold.ecosystem:8372
Environmental > Terrestrial > Nest > Alligator nest	Environmental	Terrestrial	Nest	Alligator nest		Alligator nest	4	2	0	0	0	0	gold.ecosystem:4840|gold.ecosystem:4841
Environmental > Terrestrial > Nest > Insects nest > Beehive: Brood combs	Environmental	Terrestrial	Nest	Insects nest	Beehive: Brood combs	Beehive: Brood combs	5	1	0	0	0	0	gold.ecosystem:7298
Environmental > Terrestrial > Nest > Insects nest > Beehive: Cerumen	Environmental	Terrestrial	Nest	Insects nest	Beehive: Cerumen	Beehive: Cerumen	5	1	0	0	0	0	gold.ecosystem:7299
Environmental > Terrestrial > Nest > Insects nest > Beehive: Royal jelly	Environmental	Terrestrial	Nest	Insects nest	Beehive: Royal jelly	Beehive: Royal jelly	5	1	0	0	0	0	gold.ecosystem:7278
Environmental > Terrestrial > Nest > Insects nest > Nest dump	Environmental	Terrestrial	Nest	Insects nest	Nest dump	Nest dump	5	1	0	0	0	0	gold.ecosystem:7276
Environmental > Terrestrial > Oil reservoir > Oil	Environmental	Terrestrial	Oil reservoir	Oil		Oil	4	2	0	0	0	0	gold.ecosystem:5425|gold.ecosystem:5426
Environmental > Terrestrial > Plant litter > Litterfall	Environmental	Terrestrial	Plant litter	Litterfall		Litterfall	4	1	0	0	0	0	gold.ecosystem:5991
Environmental > Terrestrial > Regolith	Environmental	Terrestrial	Regolith			Regolith	3	3	0	0	0	0	gold.ecosystem:8453|gold.ecosystem:8454|gold.ecosystem:8455
Environmental > Terrestrial > Rock-dwelling (endoliths) > Evaporite	Environmental	Terrestrial	Rock-dwelling (endoliths)	Evaporite		Evaporite	4	2	0	0	0	0	gold.ecosystem:8279|gold.ecosystem:8280
Environmental > Terrestrial > Saprolite–Bedrock interface	Environmental	Terrestrial	Saprolite–Bedrock interface			Saprolite–Bedrock interface	3	1	0	0	0	0	gold.ecosystem:6084
Environmental > Terrestrial > Saprolite–Bedrock interface > Saprolite	Environmental	Terrestrial	Saprolite–Bedrock interface	Saprolite		Saprolite	4	1	0	0	0	0	gold.ecosystem:6085
Environmental > Terrestrial > Saprolite–Bedrock interface > Saprolite > Rocks	Environmental	Terrestrial	Saprolite–Bedrock interface	Saprolite	Rocks	Rocks	5	1	0	0	0	0	gold.ecosystem:6086
Environmental > Terrestrial > Sargassum	Environmental	Terrestrial	Sargassum			Sargassum	3	1	0	0	0	0	gold.ecosystem:7120
Environmental > Terrestrial > Soil > Alpine > Paramo	Environmental	Terrestrial	Soil	Alpine	Paramo	Paramo	5	1	0	0	0	0	gold.ecosystem:8530
Environmental > Terrestrial > Soil > Arable	Environmental	Terrestrial	Soil	Arable		Arable	4	1	0	0	0	0	gold.ecosystem:5767
Environmental > Terrestrial > Soil > Boreal forest/Taiga > A horizon/Topsoil	Environmental	Terrestrial	Soil	Boreal forest/Taiga	A horizon/Topsoil	A horizon/Topsoil	5	1	0	0	0	0	gold.ecosystem:6029
Environmental > Terrestrial > Soil > Boreal forest/Taiga > B horizon/Subsoil	Environmental	Terrestrial	Soil	Boreal forest/Taiga	B horizon/Subsoil	B horizon/Subsoil	5	1	0	0	0	0	gold.ecosystem:6031
Environmental > Terrestrial > Soil > Boreal forest/Taiga > C horizon/Substratum	Environmental	Terrestrial	Soil	Boreal forest/Taiga	C horizon/Substratum	C horizon/Substratum	5	1	0	0	0	0	gold.ecosystem:6024
Environmental > Terrestrial > Soil > Boreal forest/Taiga > E horizon/Subsurface	Environmental	Terrestrial	Soil	Boreal forest/Taiga	E horizon/Subsurface	E horizon/Subsurface	5	1	0	0	0	0	gold.ecosystem:6030
Environmental > Terrestrial > Soil > Boreal forest/Taiga > Mineral soil	Environmental	Terrestrial	Soil	Boreal forest/Taiga	Mineral soil	Mineral soil	5	1	0	0	0	0	gold.ecosystem:6025
Environmental > Terrestrial > Soil > Boreal forest/Taiga > O horizon/Organic	Environmental	Terrestrial	Soil	Boreal forest/Taiga	O horizon/Organic	O horizon/Organic	5	1	0	0	0	0	gold.ecosystem:6027
Environmental > Terrestrial > Soil > Botanical garden	Environmental	Terrestrial	Soil	Botanical garden		Botanical garden	4	2	0	0	0	0	gold.ecosystem:5866|gold.ecosystem:8395
Environmental > Terrestrial > Soil > Chaparral	Environmental	Terrestrial	Soil	Chaparral		Chaparral	4	2	0	0	0	0	gold.ecosystem:6888|gold.ecosystem:6889
Environmental > Terrestrial > Soil > Coastal area	Environmental	Terrestrial	Soil	Coastal area		Coastal area	4	2	0	0	0	0	gold.ecosystem:7791|gold.ecosystem:7793
Environmental > Terrestrial > Soil > Coastal area > Acid sulfate soil	Environmental	Terrestrial	Soil	Coastal area	Acid sulfate soil	Acid sulfate soil	5	1	0	0	0	0	gold.ecosystem:7792
Environmental > Terrestrial > Soil > Desert > Gibber plain	Environmental	Terrestrial	Soil	Desert	Gibber plain	Gibber plain	5	1	0	0	0	0	gold.ecosystem:8082
Environmental > Terrestrial > Soil > Drainage basin	Environmental	Terrestrial	Soil	Drainage basin		Drainage basin	4	1	0	0	0	0	gold.ecosystem:5879
Environmental > Terrestrial > Soil > Floodplain	Environmental	Terrestrial	Soil	Floodplain		Floodplain	4	2	0	0	0	0	gold.ecosystem:5609|gold.ecosystem:5610
Environmental > Terrestrial > Soil > Floodplain > Fluvial sediment	Environmental	Terrestrial	Soil	Floodplain	Fluvial sediment	Fluvial sediment	5	1	0	0	0	0	gold.ecosystem:8089
Environmental > Terrestrial > Soil > Garden > Green roof	Environmental	Terrestrial	Soil	Garden	Green roof	Green roof	5	1	0	0	0	0	gold.ecosystem:7135
Environmental > Terrestrial > Soil > Glacial till	Environmental	Terrestrial	Soil	Glacial till		Glacial till	4	2	0	0	0	0	gold.ecosystem:7678|gold.ecosystem:7679
Environmental > Terrestrial > Soil > Glacier > Cryoconite	Environmental	Terrestrial	Soil	Glacier	Cryoconite	Cryoconite	5	1	0	0	0	0	gold.ecosystem:8081
Environmental > Terrestrial > Soil > Glacier > Deglaciated soil	Environmental	Terrestrial	Soil	Glacier	Deglaciated soil	Deglaciated soil	5	1	0	0	0	0	gold.ecosystem:8390
Environmental > Terrestrial > Soil > Glacier > Glacier terminus	Environmental	Terrestrial	Soil	Glacier	Glacier terminus	Glacier terminus	5	1	0	0	0	0	gold.ecosystem:7972
Environmental > Terrestrial > Soil > Gravesite	Environmental	Terrestrial	Soil	Gravesite		Gravesite	4	1	0	0	0	0	gold.ecosystem:6162
Environmental > Terrestrial > Soil > Gravesite > Sediment	Environmental	Terrestrial	Soil	Gravesite	Sediment	Sediment	5	1	0	0	0	0	gold.ecosystem:6163
Environmental > Terrestrial > Soil > Greenhouse > Agricultural land	Environmental	Terrestrial	Soil	Greenhouse	Agricultural land	Agricultural land	5	1	0	0	0	0	gold.ecosystem:5770
Environmental > Terrestrial > Soil > Lakeshore	Environmental	Terrestrial	Soil	Lakeshore		Lakeshore	4	2	0	0	0	0	gold.ecosystem:7284|gold.ecosystem:7285
Environmental > Terrestrial > Soil > Lakeshore > Upland zone	Environmental	Terrestrial	Soil	Lakeshore	Upland zone	Upland zone	5	1	0	0	0	0	gold.ecosystem:7287
Environmental > Terrestrial > Soil > Lakeshore > Wetland zone	Environmental	Terrestrial	Soil	Lakeshore	Wetland zone	Wetland zone	5	1	0	0	0	0	gold.ecosystem:7286
Environmental > Terrestrial > Soil > Landfill	Environmental	Terrestrial	Soil	Landfill		Landfill	4	2	0	0	0	0	gold.ecosystem:8238|gold.ecosystem:8239
Environmental > Terrestrial > Soil > Laurel/Subtropical forest	Environmental	Terrestrial	Soil	Laurel/Subtropical forest		Laurel/Subtropical forest	4	2	0	0	0	0	gold.ecosystem:8091|gold.ecosystem:8092
Environmental > Terrestrial > Soil > Laurel/Subtropical forest > A horizon/Topsoil	Environmental	Terrestrial	Soil	Laurel/Subtropical forest	A horizon/Topsoil	A horizon/Topsoil	5	1	0	0	0	0	gold.ecosystem:8093
Environmental > Terrestrial > Soil > Leptosol	Environmental	Terrestrial	Soil	Leptosol		Leptosol	4	1	0	0	0	0	gold.ecosystem:6001
Environmental > Terrestrial > Soil > Leptosol > Eutric	Environmental	Terrestrial	Soil	Leptosol	Eutric	Eutric	5	1	0	0	0	0	gold.ecosystem:6002
Environmental > Terrestrial > Soil > Meadow > Bulk soil	Environmental	Terrestrial	Soil	Meadow	Bulk soil	Bulk soil	5	1	0	0	0	0	gold.ecosystem:5871
Environmental > Terrestrial > Soil > Mineral horizon	Environmental	Terrestrial	Soil	Mineral horizon		Mineral horizon	4	1	0	0	0	0	gold.ecosystem:5588
Environmental > Terrestrial > Soil > Mineral horizon > Forest soil	Environmental	Terrestrial	Soil	Mineral horizon	Forest soil	Forest soil	5	1	0	0	0	0	gold.ecosystem:5589
Environmental > Terrestrial > Soil > Nature reserve	Environmental	Terrestrial	Soil	Nature reserve		Nature reserve	4	1	0	0	0	0	gold.ecosystem:5616
Environmental > Terrestrial > Soil > Nature reserve > Meadow	Environmental	Terrestrial	Soil	Nature reserve	Meadow	Meadow	5	1	0	0	0	0	gold.ecosystem:5617
Environmental > Terrestrial > Soil > Oak savanna	Environmental	Terrestrial	Soil	Oak savanna		Oak savanna	4	2	0	0	0	0	gold.ecosystem:7751|gold.ecosystem:7752
Environmental > Terrestrial > Soil > Orchard > Truffle orchard	Environmental	Terrestrial	Soil	Orchard	Truffle orchard	Truffle orchard	5	1	0	0	0	0	gold.ecosystem:7684
Environmental > Terrestrial > Soil > Organic layer > Forest soil	Environmental	Terrestrial	Soil	Organic layer	Forest soil	Forest soil	5	1	0	0	0	0	gold.ecosystem:5587
Environmental > Terrestrial > Soil > Paddy field/soil > Contaminated	Environmental	Terrestrial	Soil	Paddy field/soil	Contaminated	Contaminated	5	1	0	0	0	0	gold.ecosystem:5612
Environmental > Terrestrial > Soil > Palsa	Environmental	Terrestrial	Soil	Palsa		Palsa	4	2	0	0	0	0	gold.ecosystem:7688|gold.ecosystem:7690
Environmental > Terrestrial > Soil > Palsa > Mineral soil core	Environmental	Terrestrial	Soil	Palsa	Mineral soil core	Mineral soil core	5	1	0	0	0	0	gold.ecosystem:7691
Environmental > Terrestrial > Soil > Palsa > Peat permafrost	Environmental	Terrestrial	Soil	Palsa	Peat permafrost	Peat permafrost	5	1	0	0	0	0	gold.ecosystem:7689
Environmental > Terrestrial > Soil > Pasture > A horizon/Topsoil	Environmental	Terrestrial	Soil	Pasture	A horizon/Topsoil	A horizon/Topsoil	5	1	0	0	0	0	gold.ecosystem:8080
Environmental > Terrestrial > Soil > Pasture > Bulk soil	Environmental	Terrestrial	Soil	Pasture	Bulk soil	Bulk soil	5	1	0	0	0	0	gold.ecosystem:8078
Environmental > Terrestrial > Soil > Pasture > Mineral soil	Environmental	Terrestrial	Soil	Pasture	Mineral soil	Mineral soil	5	1	0	0	0	0	gold.ecosystem:8079
Environmental > Terrestrial > Soil > Pasture > O horizen/Organic layer	Environmental	Terrestrial	Soil	Pasture	O horizen/Organic layer	O horizen/Organic layer	5	1	0	0	0	0	gold.ecosystem:8077
Environmental > Terrestrial > Soil > Peat > Fen	Environmental	Terrestrial	Soil	Peat	Fen	Fen	5	1	0	0	0	0	gold.ecosystem:5804
Environmental > Terrestrial > Soil > Peat > Lignite	Environmental	Terrestrial	Soil	Peat	Lignite	Lignite	5	1	0	0	0	0	gold.ecosystem:6466
Environmental > Terrestrial > Soil > Peat > Mire	Environmental	Terrestrial	Soil	Peat	Mire	Mire	5	1	0	0	0	0	gold.ecosystem:5809
Environmental > Terrestrial > Soil > Peat > Palsa	Environmental	Terrestrial	Soil	Peat	Palsa	Palsa	5	1	0	0	0	0	gold.ecosystem:5816
Environmental > Terrestrial > Soil > Peat > Permafrost	Environmental	Terrestrial	Soil	Peat	Permafrost	Permafrost	5	1	0	0	0	0	gold.ecosystem:5808
Environmental > Terrestrial > Soil > Proglacial area	Environmental	Terrestrial	Soil	Proglacial area		Proglacial area	4	1	0	0	0	0	gold.ecosystem:6299
Environmental > Terrestrial > Soil > Proglacial area > Forefield soil	Environmental	Terrestrial	Soil	Proglacial area	Forefield soil	Forefield soil	5	1	0	0	0	0	gold.ecosystem:6300
Environmental > Terrestrial > Soil > Ranch	Environmental	Terrestrial	Soil	Ranch		Ranch	4	1	0	0	0	0	gold.ecosystem:5726
Environmental > Terrestrial > Soil > Ranch > Agricultural land	Environmental	Terrestrial	Soil	Ranch	Agricultural land	Agricultural land	5	1	0	0	0	0	gold.ecosystem:5727
Environmental > Terrestrial > Soil > Riparian zone	Environmental	Terrestrial	Soil	Riparian zone		Riparian zone	4	2	0	0	0	0	gold.ecosystem:7680|gold.ecosystem:7681
Environmental > Terrestrial > Soil > Riparian zone > Trees stand	Environmental	Terrestrial	Soil	Riparian zone	Trees stand	Trees stand	5	1	0	0	0	0	gold.ecosystem:7682
Environmental > Terrestrial > Soil > Shrubland	Environmental	Terrestrial	Soil	Shrubland		Shrubland	4	2	0	0	0	0	gold.ecosystem:7808|gold.ecosystem:7809
Environmental > Terrestrial > Soil > Shrubland > Bulk soil	Environmental	Terrestrial	Soil	Shrubland	Bulk soil	Bulk soil	5	1	0	0	0	0	gold.ecosystem:7810
Environmental > Terrestrial > Soil > Soil crust > Physical	Environmental	Terrestrial	Soil	Soil crust	Physical	Physical	5	1	0	0	0	0	gold.ecosystem:7687
Environmental > Terrestrial > Soil > Sub-biocrust	Environmental	Terrestrial	Soil	Sub-biocrust		Sub-biocrust	4	2	0	0	0	0	gold.ecosystem:7707|gold.ecosystem:7708
Environmental > Terrestrial > Soil > Tailings	Environmental	Terrestrial	Soil	Tailings		Tailings	4	2	0	0	0	0	gold.ecosystem:7796|gold.ecosystem:7797
Environmental > Terrestrial > Soil > Temperate forest > A horizon/Topsoil	Environmental	Terrestrial	Soil	Temperate forest	A horizon/Topsoil	A horizon/Topsoil	5	1	0	0	0	0	gold.ecosystem:6008
Environmental > Terrestrial > Soil > Temperate forest > B horizon/Subsoil	Environmental	Terrestrial	Soil	Temperate forest	B horizon/Subsoil	B horizon/Subsoil	5	1	0	0	0	0	gold.ecosystem:6010
Environmental > Terrestrial > Soil > Temperate forest > C horizon/Substratum	Environmental	Terrestrial	Soil	Temperate forest	C horizon/Substratum	C horizon/Substratum	5	1	0	0	0	0	gold.ecosystem:6012
Environmental > Terrestrial > Soil > Temperate forest > E horizon/Subsurface	Environmental	Terrestrial	Soil	Temperate forest	E horizon/Subsurface	E horizon/Subsurface	5	1	0	0	0	0	gold.ecosystem:6009
Environmental > Terrestrial > Soil > Temperate forest > Humus	Environmental	Terrestrial	Soil	Temperate forest	Humus	Humus	5	1	0	0	0	0	gold.ecosystem:6007
Environmental > Terrestrial > Soil > Temperate forest > O horizon/Organic	Environmental	Terrestrial	Soil	Temperate forest	O horizon/Organic	O horizon/Organic	5	1	0	0	0	0	gold.ecosystem:6006
Environmental > Terrestrial > Soil > Tropical forest > B horizon/Subsoil	Environmental	Terrestrial	Soil	Tropical forest	B horizon/Subsoil	B horizon/Subsoil	5	1	0	0	0	0	gold.ecosystem:6021
Environmental > Terrestrial > Soil > Tropical forest > C horizon/Substratum	Environmental	Terrestrial	Soil	Tropical forest	C horizon/Substratum	C horizon/Substratum	5	1	0	0	0	0	gold.ecosystem:6022
Environmental > Terrestrial > Soil > Tropical forest > E horizon/Subsurface	Environmental	Terrestrial	Soil	Tropical forest	E horizon/Subsurface	E horizon/Subsurface	5	1	0	0	0	0	gold.ecosystem:6020
Environmental > Terrestrial > Soil > Tropical forest > Humus	Environmental	Terrestrial	Soil	Tropical forest	Humus	Humus	5	1	0	0	0	0	gold.ecosystem:6018
Environmental > Terrestrial > Soil > Tropical forest > Mineral soil	Environmental	Terrestrial	Soil	Tropical forest	Mineral soil	Mineral soil	5	1	0	0	0	0	gold.ecosystem:6015
Environmental > Terrestrial > Soil > Tropical forest > O horizon/Organic layer	Environmental	Terrestrial	Soil	Tropical forest	O horizon/Organic layer	O horizon/Organic layer	5	1	0	0	0	0	gold.ecosystem:6017
Environmental > Terrestrial > Soil > Tundra > Bulk soil	Environmental	Terrestrial	Soil	Tundra	Bulk soil	Bulk soil	5	1	0	0	0	0	gold.ecosystem:5903
Environmental > Terrestrial > Soil > Tundra > Organic layer	Environmental	Terrestrial	Soil	Tundra	Organic layer	Organic layer	5	1	0	0	0	0	gold.ecosystem:7801
Environmental > Terrestrial > Soil > Unclassified > Alpine	Environmental	Terrestrial	Soil		Alpine	Alpine	5	1	0	0	0	0	gold.ecosystem:5439
Environmental > Terrestrial > Soil > Unclassified > Meadow	Environmental	Terrestrial	Soil		Meadow	Meadow	5	1	0	0	0	0	gold.ecosystem:5420
Environmental > Terrestrial > Soil > Unclassified > Riparian soil	Environmental	Terrestrial	Soil		Riparian soil	Riparian soil	5	1	0	0	0	0	gold.ecosystem:5244
Environmental > Terrestrial > Soil > Urban forest	Environmental	Terrestrial	Soil	Urban forest		Urban forest	4	2	0	0	0	0	gold.ecosystem:8393|gold.ecosystem:8394
Environmental > Terrestrial > Soil > Vadose zone	Environmental	Terrestrial	Soil	Vadose zone		Vadose zone	4	2	0	0	0	0	gold.ecosystem:5819|gold.ecosystem:5820
Environmental > Terrestrial > Soil > Vadose zone > Saprolite	Environmental	Terrestrial	Soil	Vadose zone	Saprolite	Saprolite	5	1	0	0	0	0	gold.ecosystem:5821
Environmental > Terrestrial > Soil > Watershed	Environmental	Terrestrial	Soil	Watershed		Watershed	4	2	0	0	0	0	gold.ecosystem:5614|gold.ecosystem:5615
Environmental > Terrestrial > Soil > Wetland-upland transition	Environmental	Terrestrial	Soil	Wetland-upland transition		Wetland-upland transition	4	2	0	0	0	0	gold.ecosystem:8252|gold.ecosystem:8253
Environmental > Terrestrial > Soil > Wetland-upland transition > Freshwater marsh	Environmental	Terrestrial	Soil	Wetland-upland transition	Freshwater marsh	Freshwater marsh	5	1	0	0	0	0	gold.ecosystem:8260
Environmental > Terrestrial > Soil > Wetland-upland transition > Salt marsh	Environmental	Terrestrial	Soil	Wetland-upland transition	Salt marsh	Salt marsh	5	1	0	0	0	0	gold.ecosystem:8254
Environmental > Terrestrial > Soil > Wetlands > Peat	Environmental	Terrestrial	Soil	Wetlands	Peat	Peat	5	1	0	0	0	0	gold.ecosystem:7675
Environmental > Terrestrial > Soil > Wetlands > Salt marsh	Environmental	Terrestrial	Soil	Wetlands	Salt marsh	Salt marsh	5	1	0	0	0	0	gold.ecosystem:8216
Environmental > Terrestrial > Soil > Wetlands > Vernal pools	Environmental	Terrestrial	Soil	Wetlands	Vernal pools	Vernal pools	5	1	0	0	0	0	gold.ecosystem:8553
Environmental > Terrestrial > Soil-bedrock interface	Environmental	Terrestrial	Soil-bedrock interface			Soil-bedrock interface	3	3	0	0	0	0	gold.ecosystem:6081|gold.ecosystem:6082|gold.ecosystem:6083
Environmental > Terrestrial > Subsurface	Environmental	Terrestrial	Subsurface			Subsurface	3	1	0	0	0	0	gold.ecosystem:7102
Environmental > Terrestrial > Volcanic > Fumaroles > Sediment	Environmental	Terrestrial	Volcanic	Fumaroles	Sediment	Sediment	5	1	0	0	0	0	gold.ecosystem:7807
Host-associated > Algae > Biocrust	Host-associated	Algae	Biocrust			Biocrust	3	3	0	0	0	0	gold.ecosystem:5813|gold.ecosystem:5814|gold.ecosystem:5815
Host-associated > Algae > Brown Algae > Whole body	Host-associated	Algae	Brown Algae	Whole body		Whole body	4	2	0	0	0	0	gold.ecosystem:8210|gold.ecosystem:8211
Host-associated > Algae > Cryptomonads/Cryptophytes	Host-associated	Algae	Cryptomonads/Cryptophytes			Cryptomonads/Cryptophytes	3	3	0	0	0	0	gold.ecosystem:8397|gold.ecosystem:8398|gold.ecosystem:8399
Host-associated > Algae > Golden Algae	Host-associated	Algae	Golden Algae			Golden Algae	3	3	0	0	0	0	gold.ecosystem:4833|gold.ecosystem:4834|gold.ecosystem:4835
Host-associated > Algae > Green algae > Ectosymbionts	Host-associated	Algae	Green algae	Ectosymbionts		Ectosymbionts	4	2	0	0	0	0	gold.ecosystem:3741|gold.ecosystem:3956
Host-associated > Algae > Haptophytes	Host-associated	Algae	Haptophytes			Haptophytes	3	3	0	0	0	0	gold.ecosystem:4676|gold.ecosystem:4677|gold.ecosystem:4678
Host-associated > Algae > Mixed algae turf	Host-associated	Algae	Mixed algae turf			Mixed algae turf	3	3	0	0	0	0	gold.ecosystem:5905|gold.ecosystem:5906|gold.ecosystem:5907
Host-associated > Algae > Red algae > Ectosymbionts	Host-associated	Algae	Red algae	Ectosymbionts		Ectosymbionts	4	2	0	0	0	0	gold.ecosystem:3743|gold.ecosystem:3958
Host-associated > Algae > Red algae > Embryo	Host-associated	Algae	Red algae	Embryo		Embryo	4	2	0	0	0	0	gold.ecosystem:7225|gold.ecosystem:7226
Host-associated > Algae > Red algae > Whole body	Host-associated	Algae	Red algae	Whole body		Whole body	4	2	0	0	0	0	gold.ecosystem:8212|gold.ecosystem:8213
Host-associated > Algae > Yellow-green algae	Host-associated	Algae	Yellow-green algae			Yellow-green algae	3	3	0	0	0	0	gold.ecosystem:4827|gold.ecosystem:4828|gold.ecosystem:4829
Host-associated > Amoebozoa > Pessonella	Host-associated	Amoebozoa	Pessonella			Pessonella	3	3	0	0	0	0	gold.ecosystem:5291|gold.ecosystem:5292|gold.ecosystem:5293
Host-associated > Amphibia > Digestive system > Biliary tract	Host-associated	Amphibia	Digestive system	Biliary tract		Biliary tract	4	1	0	0	0	0	gold.ecosystem:6952
Host-associated > Amphibia > Digestive system > Intestine	Host-associated	Amphibia	Digestive system	Intestine		Intestine	4	2	0	0	0	0	gold.ecosystem:7292|gold.ecosystem:7293
Host-associated > Amphibia > Respiratory system	Host-associated	Amphibia	Respiratory system			Respiratory system	3	1	0	0	0	0	gold.ecosystem:5168
Host-associated > Amphibia > Respiratory system > Lung	Host-associated	Amphibia	Respiratory system	Lung		Lung	4	2	0	0	0	0	gold.ecosystem:5169|gold.ecosystem:5170
Host-associated > Annelida > Coelom	Host-associated	Annelida	Coelom			Coelom	3	3	0	0	0	0	gold.ecosystem:8446|gold.ecosystem:8449|gold.ecosystem:8450
Host-associated > Annelida > Coelom > Trophosome	Host-associated	Annelida	Coelom	Trophosome		Trophosome	4	2	0	0	0	0	gold.ecosystem:8447|gold.ecosystem:8448
Host-associated > Annelida > Digestive system > Digestive tube	Host-associated	Annelida	Digestive system	Digestive tube		Digestive tube	4	2	0	0	0	0	gold.ecosystem:3889|gold.ecosystem:4767
Host-associated > Annelida > Digestive system > Digestive tube > Extracellular symbionts	Host-associated	Annelida	Digestive system	Digestive tube	Extracellular symbionts	Extracellular symbionts	5	1	0	0	0	0	gold.ecosystem:4329
Host-associated > Annelida > Excretory system	Host-associated	Annelida	Excretory system			Excretory system	3	1	0	0	0	0	gold.ecosystem:5193
Host-associated > Annelida > Gills	Host-associated	Annelida	Gills			Gills	3	3	0	0	0	0	gold.ecosystem:4819|gold.ecosystem:4820|gold.ecosystem:4821
Host-associated > Annelida > Integument > Cuticle	Host-associated	Annelida	Integument	Cuticle		Cuticle	4	2	0	0	0	0	gold.ecosystem:3896|gold.ecosystem:4768
Host-associated > Annelida > Integument > Cuticle > Epibionts	Host-associated	Annelida	Integument	Cuticle	Epibionts	Epibionts	5	1	0	0	0	0	gold.ecosystem:4337
Host-associated > Annelida > Integument > Subcuticular space	Host-associated	Annelida	Integument	Subcuticular space		Subcuticular space	4	2	0	0	0	0	gold.ecosystem:3894|gold.ecosystem:4769
Host-associated > Annelida > Intracellular endosymbionts	Host-associated	Annelida	Intracellular endosymbionts			Intracellular endosymbionts	3	1	0	0	0	0	gold.ecosystem:3556
Host-associated > Annelida > Reproductive system	Host-associated	Annelida	Reproductive system			Reproductive system	3	3	0	0	0	0	gold.ecosystem:3555|gold.ecosystem:4770|gold.ecosystem:4771
Host-associated > Annelida > Reproductive system > Egg capsule	Host-associated	Annelida	Reproductive system	Egg capsule		Egg capsule	4	2	0	0	0	0	gold.ecosystem:3892|gold.ecosystem:4333
Host-associated > Annelida > Reproductive system > Egg capsule > Extracellular	Host-associated	Annelida	Reproductive system	Egg capsule	Extracellular	Extracellular	5	1	0	0	0	0	gold.ecosystem:4332
Host-associated > Arthropoda: Chelicerates > Cell Line	Host-associated	Arthropoda: Chelicerates	Cell Line			Cell Line	3	3	0	0	0	0	gold.ecosystem:7819|gold.ecosystem:7820|gold.ecosystem:7821
Host-associated > Arthropoda: Chelicerates > Cell Line > ISE6	Host-associated	Arthropoda: Chelicerates	Cell Line	ISE6		ISE6	4	2	0	0	0	0	gold.ecosystem:7822|gold.ecosystem:7823
Host-associated > Arthropoda: Crustaceans > Circulatory system	Host-associated	Arthropoda: Crustaceans	Circulatory system			Circulatory system	3	3	0	0	0	0	gold.ecosystem:7219|gold.ecosystem:7603|gold.ecosystem:7604
Host-associated > Arthropoda: Crustaceans > Circulatory system > Heart	Host-associated	Arthropoda: Crustaceans	Circulatory system	Heart		Heart	4	2	0	0	0	0	gold.ecosystem:7336|gold.ecosystem:7337
Host-associated > Arthropoda: Crustaceans > Digestive system > Foregut	Host-associated	Arthropoda: Crustaceans	Digestive system	Foregut		Foregut	4	2	0	0	0	0	gold.ecosystem:7315|gold.ecosystem:7316
Host-associated > Arthropoda: Crustaceans > Digestive system > Foregut > Cardiac stomach	Host-associated	Arthropoda: Crustaceans	Digestive system	Foregut	Cardiac stomach	Cardiac stomach	5	1	0	0	0	0	gold.ecosystem:7319
Host-associated > Arthropoda: Crustaceans > Digestive system > Foregut > Esophagus	Host-associated	Arthropoda: Crustaceans	Digestive system	Foregut	Esophagus	Esophagus	5	1	0	0	0	0	gold.ecosystem:7317
Host-associated > Arthropoda: Crustaceans > Digestive system > Foregut > Pyloric stomach	Host-associated	Arthropoda: Crustaceans	Digestive system	Foregut	Pyloric stomach	Pyloric stomach	5	1	0	0	0	0	gold.ecosystem:7320
Host-associated > Arthropoda: Crustaceans > Digestive system > Hindgut > Anterior chamber	Host-associated	Arthropoda: Crustaceans	Digestive system	Hindgut	Anterior chamber	Anterior chamber	5	1	0	0	0	0	gold.ecosystem:7325
Host-associated > Arthropoda: Crustaceans > Digestive system > Hindgut > Fecal	Host-associated	Arthropoda: Crustaceans	Digestive system	Hindgut	Fecal	Fecal	5	1	0	0	0	0	gold.ecosystem:7328
Host-associated > Arthropoda: Crustaceans > Digestive system > Hindgut > Papillate region	Host-associated	Arthropoda: Crustaceans	Digestive system	Hindgut	Papillate region	Papillate region	5	1	0	0	0	0	gold.ecosystem:7326
Host-associated > Arthropoda: Crustaceans > Digestive system > Hindgut > Rectum	Host-associated	Arthropoda: Crustaceans	Digestive system	Hindgut	Rectum	Rectum	5	1	0	0	0	0	gold.ecosystem:7327
Host-associated > Arthropoda: Crustaceans > Digestive system > Midgut	Host-associated	Arthropoda: Crustaceans	Digestive system	Midgut		Midgut	4	2	0	0	0	0	gold.ecosystem:7215|gold.ecosystem:7321
Host-associated > Arthropoda: Crustaceans > Digestive system > Midgut > Caeca	Host-associated	Arthropoda: Crustaceans	Digestive system	Midgut	Caeca	Caeca	5	1	0	0	0	0	gold.ecosystem:7322
Host-associated > Arthropoda: Crustaceans > Digestive system > Mouth	Host-associated	Arthropoda: Crustaceans	Digestive system	Mouth		Mouth	4	2	0	0	0	0	gold.ecosystem:7601|gold.ecosystem:7602
Host-associated > Arthropoda: Crustaceans > Excretory system	Host-associated	Arthropoda: Crustaceans	Excretory system			Excretory system	3	3	0	0	0	0	gold.ecosystem:7329|gold.ecosystem:7332|gold.ecosystem:7333
Host-associated > Arthropoda: Crustaceans > Excretory system > Antennal/Green glands	Host-associated	Arthropoda: Crustaceans	Excretory system	Antennal/Green glands		Antennal/Green glands	4	2	0	0	0	0	gold.ecosystem:7330|gold.ecosystem:7331
Host-associated > Arthropoda: Crustaceans > Excretory system > Maxillary glands	Host-associated	Arthropoda: Crustaceans	Excretory system	Maxillary glands		Maxillary glands	4	2	0	0	0	0	gold.ecosystem:7334|gold.ecosystem:7335
Host-associated > Arthropoda: Crustaceans > Integumentary system	Host-associated	Arthropoda: Crustaceans	Integumentary system			Integumentary system	3	1	0	0	0	0	gold.ecosystem:8186
Host-associated > Arthropoda: Crustaceans > Integumentary system > Cuticle	Host-associated	Arthropoda: Crustaceans	Integumentary system	Cuticle		Cuticle	4	2	0	0	0	0	gold.ecosystem:8187|gold.ecosystem:8188
Host-associated > Arthropoda: Crustaceans > Integumentary system > Cuticle > Setae	Host-associated	Arthropoda: Crustaceans	Integumentary system	Cuticle	Setae	Setae	5	1	0	0	0	0	gold.ecosystem:8189
Host-associated > Arthropoda: Crustaceans > Larva	Host-associated	Arthropoda: Crustaceans	Larva			Larva	3	3	0	0	0	0	gold.ecosystem:7343|gold.ecosystem:7344|gold.ecosystem:7345
Host-associated > Arthropoda: Crustaceans > Larva > Gut	Host-associated	Arthropoda: Crustaceans	Larva	Gut		Gut	4	2	0	0	0	0	gold.ecosystem:7811|gold.ecosystem:7812
Host-associated > Arthropoda: Crustaceans > Larva > Whole body	Host-associated	Arthropoda: Crustaceans	Larva	Whole body		Whole body	4	2	0	0	0	0	gold.ecosystem:7346|gold.ecosystem:7347
Host-associated > Arthropoda: Crustaceans > Larva: Nauplius > Whole body	Host-associated	Arthropoda: Crustaceans	Larva: Nauplius	Whole body		Whole body	4	2	0	0	0	0	gold.ecosystem:7349|gold.ecosystem:7350
Host-associated > Arthropoda: Crustaceans > Larva: Zoea	Host-associated	Arthropoda: Crustaceans	Larva: Zoea			Larva: Zoea	3	3	0	0	0	0	gold.ecosystem:7353|gold.ecosystem:7354|gold.ecosystem:7355
Host-associated > Arthropoda: Crustaceans > Larva: Zoea > Whole body	Host-associated	Arthropoda: Crustaceans	Larva: Zoea	Whole body		Whole body	4	2	0	0	0	0	gold.ecosystem:7356|gold.ecosystem:7357
Host-associated > Arthropoda: Crustaceans > Post-larva	Host-associated	Arthropoda: Crustaceans	Post-larva			Post-larva	3	3	0	0	0	0	gold.ecosystem:7358|gold.ecosystem:7361|gold.ecosystem:7362
Host-associated > Arthropoda: Crustaceans > Post-larva > Whole body	Host-associated	Arthropoda: Crustaceans	Post-larva	Whole body		Whole body	4	2	0	0	0	0	gold.ecosystem:7359|gold.ecosystem:7360
Host-associated > Arthropoda: Crustaceans > Reproductive system	Host-associated	Arthropoda: Crustaceans	Reproductive system			Reproductive system	3	3	0	0	0	0	gold.ecosystem:7338|gold.ecosystem:7607|gold.ecosystem:7608
Host-associated > Arthropoda: Crustaceans > Reproductive system > Gonopore	Host-associated	Arthropoda: Crustaceans	Reproductive system	Gonopore		Gonopore	4	2	0	0	0	0	gold.ecosystem:7341|gold.ecosystem:7342
Host-associated > Arthropoda: Crustaceans > Reproductive system > Ovaries	Host-associated	Arthropoda: Crustaceans	Reproductive system	Ovaries		Ovaries	4	2	0	0	0	0	gold.ecosystem:7339|gold.ecosystem:7340
Host-associated > Arthropoda: Crustaceans > Respiratory system	Host-associated	Arthropoda: Crustaceans	Respiratory system			Respiratory system	3	3	0	0	0	0	gold.ecosystem:7262|gold.ecosystem:7605|gold.ecosystem:7606
Host-associated > Arthropoda: Crustaceans > Whole body	Host-associated	Arthropoda: Crustaceans	Whole body			Whole body	3	3	0	0	0	0	gold.ecosystem:7236|gold.ecosystem:7237|gold.ecosystem:7238
Host-associated > Arthropoda: Crustaceans > Whole body > Abdomen/Pleon	Host-associated	Arthropoda: Crustaceans	Whole body	Abdomen/Pleon		Abdomen/Pleon	4	2	0	0	0	0	gold.ecosystem:7308|gold.ecosystem:7309
Host-associated > Arthropoda: Crustaceans > Whole body > Cephalothorax	Host-associated	Arthropoda: Crustaceans	Whole body	Cephalothorax		Cephalothorax	4	2	0	0	0	0	gold.ecosystem:7310|gold.ecosystem:7311
Host-associated > Arthropoda: Crustaceans > Whole body > Head/Cephalon	Host-associated	Arthropoda: Crustaceans	Whole body	Head/Cephalon		Head/Cephalon	4	2	0	0	0	0	gold.ecosystem:7304|gold.ecosystem:7305
Host-associated > Arthropoda: Crustaceans > Whole body > Thorax/Pereon	Host-associated	Arthropoda: Crustaceans	Whole body	Thorax/Pereon		Thorax/Pereon	4	2	0	0	0	0	gold.ecosystem:7306|gold.ecosystem:7307
Host-associated > Arthropoda: Insects > Abdomen > Metasoma	Host-associated	Arthropoda: Insects	Abdomen	Metasoma		Metasoma	4	1	0	0	0	0	gold.ecosystem:7251
Host-associated > Arthropoda: Insects > Abdomen > Metasoma > Gaster	Host-associated	Arthropoda: Insects	Abdomen	Metasoma	Gaster	Gaster	5	1	0	0	0	0	gold.ecosystem:7252
Host-associated > Arthropoda: Insects > Circulatory system > Heart/Dorsal vessel	Host-associated	Arthropoda: Insects	Circulatory system	Heart/Dorsal vessel		Heart/Dorsal vessel	4	2	0	0	0	0	gold.ecosystem:7400|gold.ecosystem:7401
Host-associated > Arthropoda: Insects > Digestive system > Foregut	Host-associated	Arthropoda: Insects	Digestive system	Foregut		Foregut	4	2	0	0	0	0	gold.ecosystem:7188|gold.ecosystem:7199
Host-associated > Arthropoda: Insects > Digestive system > Foregut > Buccal cavity	Host-associated	Arthropoda: Insects	Digestive system	Foregut	Buccal cavity	Buccal cavity	5	1	0	0	0	0	gold.ecosystem:7387
Host-associated > Arthropoda: Insects > Digestive system > Foregut > Cibarium/Preoral cavity	Host-associated	Arthropoda: Insects	Digestive system	Foregut	Cibarium/Preoral cavity	Cibarium/Preoral cavity	5	1	0	0	0	0	gold.ecosystem:7386
Host-associated > Arthropoda: Insects > Digestive system > Foregut > Oral fluids	Host-associated	Arthropoda: Insects	Digestive system	Foregut	Oral fluids	Oral fluids	5	1	0	0	0	0	gold.ecosystem:7388
Host-associated > Arthropoda: Insects > Digestive system > Foregut > Proventriculus/Gizzard	Host-associated	Arthropoda: Insects	Digestive system	Foregut	Proventriculus/Gizzard	Proventriculus/Gizzard	5	1	0	0	0	0	gold.ecosystem:7198
Host-associated > Arthropoda: Insects > Digestive system > Foregut > Saliva	Host-associated	Arthropoda: Insects	Digestive system	Foregut	Saliva	Saliva	5	1	0	0	0	0	gold.ecosystem:7390
Host-associated > Arthropoda: Insects > Digestive system > Gut > Lower digestive tract	Host-associated	Arthropoda: Insects	Digestive system	Gut	Lower digestive tract	Lower digestive tract	5	1	0	0	0	0	gold.ecosystem:7207
Host-associated > Arthropoda: Insects > Digestive system > Hindgut > Anterior	Host-associated	Arthropoda: Insects	Digestive system	Hindgut	Anterior	Anterior	5	1	0	0	0	0	gold.ecosystem:7206
Host-associated > Arthropoda: Insects > Digestive system > Hindgut > Colon	Host-associated	Arthropoda: Insects	Digestive system	Hindgut	Colon	Colon	5	1	0	0	0	0	gold.ecosystem:7204
Host-associated > Arthropoda: Insects > Digestive system > Hindgut > Frass	Host-associated	Arthropoda: Insects	Digestive system	Hindgut	Frass	Frass	5	1	0	0	0	0	gold.ecosystem:7395
Host-associated > Arthropoda: Insects > Digestive system > Hindgut > Honeydew	Host-associated	Arthropoda: Insects	Digestive system	Hindgut	Honeydew	Honeydew	5	1	0	0	0	0	gold.ecosystem:7396
Host-associated > Arthropoda: Insects > Digestive system > Hindgut > Ileum	Host-associated	Arthropoda: Insects	Digestive system	Hindgut	Ileum	Ileum	5	1	0	0	0	0	gold.ecosystem:7203
Host-associated > Arthropoda: Insects > Digestive system > Hindgut > P1 segment	Host-associated	Arthropoda: Insects	Digestive system	Hindgut	P1 segment	P1 segment	5	1	0	0	0	0	gold.ecosystem:7247
Host-associated > Arthropoda: Insects > Digestive system > Hindgut > P4 segment	Host-associated	Arthropoda: Insects	Digestive system	Hindgut	P4 segment	P4 segment	5	1	0	0	0	0	gold.ecosystem:7248
Host-associated > Arthropoda: Insects > Digestive system > Hindgut > P5 segment	Host-associated	Arthropoda: Insects	Digestive system	Hindgut	P5 segment	P5 segment	5	1	0	0	0	0	gold.ecosystem:7394
Host-associated > Arthropoda: Insects > Digestive system > Hindgut > Paunch/P3 segment	Host-associated	Arthropoda: Insects	Digestive system	Hindgut	Paunch/P3 segment	Paunch/P3 segment	5	1	0	0	0	0	gold.ecosystem:7159
Host-associated > Arthropoda: Insects > Digestive system > Midgut > Caeca	Host-associated	Arthropoda: Insects	Digestive system	Midgut	Caeca	Caeca	5	1	0	0	0	0	gold.ecosystem:7249
Host-associated > Arthropoda: Insects > Digestive system > Midgut > Filter chamber	Host-associated	Arthropoda: Insects	Digestive system	Midgut	Filter chamber	Filter chamber	5	1	0	0	0	0	gold.ecosystem:7391
Host-associated > Arthropoda: Insects > Digestive system > Midgut > Gastric caeca	Host-associated	Arthropoda: Insects	Digestive system	Midgut	Gastric caeca	Gastric caeca	5	1	0	0	0	0	gold.ecosystem:7201
Host-associated > Arthropoda: Insects > Digestive system > Midgut > Hepatic caecum	Host-associated	Arthropoda: Insects	Digestive system	Midgut	Hepatic caecum	Hepatic caecum	5	1	0	0	0	0	gold.ecosystem:7202
Host-associated > Arthropoda: Insects > Digestive system > Midgut > Hepatopancreas	Host-associated	Arthropoda: Insects	Digestive system	Midgut	Hepatopancreas	Hepatopancreas	5	1	0	0	0	0	gold.ecosystem:7392
Host-associated > Arthropoda: Insects > Digestive system > Midgut > Mixed segment	Host-associated	Arthropoda: Insects	Digestive system	Midgut	Mixed segment	Mixed segment	5	1	0	0	0	0	gold.ecosystem:7393
Host-associated > Arthropoda: Insects > Digestive system > Pharyngeal glands	Host-associated	Arthropoda: Insects	Digestive system	Pharyngeal glands		Pharyngeal glands	4	2	0	0	0	0	gold.ecosystem:7397|gold.ecosystem:7399
Host-associated > Arthropoda: Insects > Digestive system > Pharyngeal glands > Royal jelly	Host-associated	Arthropoda: Insects	Digestive system	Pharyngeal glands	Royal jelly	Royal jelly	5	1	0	0	0	0	gold.ecosystem:7398
Host-associated > Arthropoda: Insects > Excretory system	Host-associated	Arthropoda: Insects	Excretory system			Excretory system	3	3	0	0	0	0	gold.ecosystem:7184|gold.ecosystem:7363|gold.ecosystem:7364
Host-associated > Arthropoda: Insects > Larva > Abdomen	Host-associated	Arthropoda: Insects	Larva	Abdomen		Abdomen	4	2	0	0	0	0	gold.ecosystem:7599|gold.ecosystem:7600
Host-associated > Arthropoda: Insects > Larva > Gut > Frass	Host-associated	Arthropoda: Insects	Larva	Gut	Frass	Frass	5	1	0	0	0	0	gold.ecosystem:7229
Host-associated > Arthropoda: Insects > Larva > Gut > Gastric caeca	Host-associated	Arthropoda: Insects	Larva	Gut	Gastric caeca	Gastric caeca	5	1	0	0	0	0	gold.ecosystem:7250
Host-associated > Arthropoda: Insects > Larva > Head	Host-associated	Arthropoda: Insects	Larva	Head		Head	4	2	0	0	0	0	gold.ecosystem:7595|gold.ecosystem:7596
Host-associated > Arthropoda: Insects > Larva > Thorax	Host-associated	Arthropoda: Insects	Larva	Thorax		Thorax	4	2	0	0	0	0	gold.ecosystem:7597|gold.ecosystem:7598
Host-associated > Arthropoda: Insects > Larva > Whole body	Host-associated	Arthropoda: Insects	Larva	Whole body		Whole body	4	2	0	0	0	0	gold.ecosystem:7169|gold.ecosystem:7170
Host-associated > Arthropoda: Insects > Legs and wings	Host-associated	Arthropoda: Insects	Legs and wings			Legs and wings	3	3	0	0	0	0	gold.ecosystem:7160|gold.ecosystem:7161|gold.ecosystem:7162
Host-associated > Arthropoda: Insects > Multiple systems	Host-associated	Arthropoda: Insects	Multiple systems			Multiple systems	3	3	0	0	0	0	gold.ecosystem:7241|gold.ecosystem:7242|gold.ecosystem:7243
Host-associated > Arthropoda: Insects > Muscular system	Host-associated	Arthropoda: Insects	Muscular system			Muscular system	3	1	0	0	0	0	gold.ecosystem:7423
Host-associated > Arthropoda: Insects > Muscular system > Muscles	Host-associated	Arthropoda: Insects	Muscular system	Muscles		Muscles	4	2	0	0	0	0	gold.ecosystem:7424|gold.ecosystem:7425
Host-associated > Arthropoda: Insects > Nervous system	Host-associated	Arthropoda: Insects	Nervous system			Nervous system	3	3	0	0	0	0	gold.ecosystem:7402|gold.ecosystem:7403|gold.ecosystem:7404
Host-associated > Arthropoda: Insects > Nymph/Instar > Whole body	Host-associated	Arthropoda: Insects	Nymph/Instar	Whole body		Whole body	4	2	0	0	0	0	gold.ecosystem:7375|gold.ecosystem:7376
Host-associated > Arthropoda: Insects > Ootheca/Egg mass	Host-associated	Arthropoda: Insects	Ootheca/Egg mass			Ootheca/Egg mass	3	3	0	0	0	0	gold.ecosystem:7139|gold.ecosystem:7419|gold.ecosystem:7420
Host-associated > Arthropoda: Insects > Prepupa > Gut	Host-associated	Arthropoda: Insects	Prepupa	Gut		Gut	4	2	0	0	0	0	gold.ecosystem:7176|gold.ecosystem:7177
Host-associated > Arthropoda: Insects > Prepupa > Whole body	Host-associated	Arthropoda: Insects	Prepupa	Whole body		Whole body	4	2	0	0	0	0	gold.ecosystem:7372|gold.ecosystem:7373
Host-associated > Arthropoda: Insects > Pupa	Host-associated	Arthropoda: Insects	Pupa			Pupa	3	3	0	0	0	0	gold.ecosystem:7253|gold.ecosystem:7368|gold.ecosystem:7369
Host-associated > Arthropoda: Insects > Pupa > Cocoon	Host-associated	Arthropoda: Insects	Pupa	Cocoon		Cocoon	4	2	0	0	0	0	gold.ecosystem:7254|gold.ecosystem:7365
Host-associated > Arthropoda: Insects > Pupa > Cocoon > Meconium	Host-associated	Arthropoda: Insects	Pupa	Cocoon	Meconium	Meconium	5	1	0	0	0	0	gold.ecosystem:7255
Host-associated > Arthropoda: Insects > Pupa > Whole body	Host-associated	Arthropoda: Insects	Pupa	Whole body		Whole body	4	2	0	0	0	0	gold.ecosystem:7366|gold.ecosystem:7367
Host-associated > Arthropoda: Insects > Reproductive system	Host-associated	Arthropoda: Insects	Reproductive system			Reproductive system	3	3	0	0	0	0	gold.ecosystem:7244|gold.ecosystem:7413|gold.ecosystem:7414
Host-associated > Arthropoda: Insects > Reproductive system > Milk glands	Host-associated	Arthropoda: Insects	Reproductive system	Milk glands		Milk glands	4	2	0	0	0	0	gold.ecosystem:7417|gold.ecosystem:7418
Host-associated > Arthropoda: Insects > Reproductive system > Ovaries	Host-associated	Arthropoda: Insects	Reproductive system	Ovaries		Ovaries	4	2	0	0	0	0	gold.ecosystem:7245|gold.ecosystem:7246
Host-associated > Arthropoda: Insects > Reproductive system > Spermathecae	Host-associated	Arthropoda: Insects	Reproductive system	Spermathecae		Spermathecae	4	2	0	0	0	0	gold.ecosystem:7415|gold.ecosystem:7416
Host-associated > Arthropoda: Insects > Reproductive system > Testes	Host-associated	Arthropoda: Insects	Reproductive system	Testes		Testes	4	2	0	0	0	0	gold.ecosystem:7421|gold.ecosystem:7422
Host-associated > Arthropoda: Insects > Respiratory system	Host-associated	Arthropoda: Insects	Respiratory system			Respiratory system	3	3	0	0	0	0	gold.ecosystem:7405|gold.ecosystem:7406|gold.ecosystem:7407
Host-associated > Arthropoda: Insects > Respiratory system > Spiracles	Host-associated	Arthropoda: Insects	Respiratory system	Spiracles		Spiracles	4	2	0	0	0	0	gold.ecosystem:7408|gold.ecosystem:7409
Host-associated > Arthropoda: Insects > Respiratory system > Trachea	Host-associated	Arthropoda: Insects	Respiratory system	Trachea		Trachea	4	2	0	0	0	0	gold.ecosystem:7410|gold.ecosystem:7411
Host-associated > Arthropoda: Insects > Respiratory system > Trachea > Air sacs	Host-associated	Arthropoda: Insects	Respiratory system	Trachea	Air sacs	Air sacs	5	1	0	0	0	0	gold.ecosystem:7412
Host-associated > Arthropoda: Insects > Thorax	Host-associated	Arthropoda: Insects	Thorax			Thorax	3	3	0	0	0	0	gold.ecosystem:7163|gold.ecosystem:7164|gold.ecosystem:7165
Host-associated > Arthropoda: Insects > Thorax > Prothorax	Host-associated	Arthropoda: Insects	Thorax	Prothorax		Prothorax	4	1	0	0	0	0	gold.ecosystem:7208
Host-associated > Arthropoda: Insects > Thorax > Prothorax > Propleura	Host-associated	Arthropoda: Insects	Thorax	Prothorax	Propleura	Propleura	5	1	0	0	0	0	gold.ecosystem:7209
Host-associated > Arthropoda: Insects > Whole body > No head	Host-associated	Arthropoda: Insects	Whole body	No head		No head	4	2	0	0	0	0	gold.ecosystem:7077|gold.ecosystem:7078
Host-associated > Arthropoda: Myriapoda > Digestive system > Foregut	Host-associated	Arthropoda: Myriapoda	Digestive system	Foregut		Foregut	4	2	0	0	0	0	gold.ecosystem:3627|gold.ecosystem:4069
Host-associated > Arthropoda: Myriapoda > Digestive system > Hindgut > P1 segment	Host-associated	Arthropoda: Myriapoda	Digestive system	Hindgut	P1 segment	P1 segment	5	1	0	0	0	0	gold.ecosystem:4068
Host-associated > Arthropoda: Myriapoda > Digestive system > Hindgut > P3 segment	Host-associated	Arthropoda: Myriapoda	Digestive system	Hindgut	P3 segment	P3 segment	5	1	0	0	0	0	gold.ecosystem:4066
Host-associated > Arthropoda: Myriapoda > Digestive system > Midgut	Host-associated	Arthropoda: Myriapoda	Digestive system	Midgut		Midgut	4	2	0	0	0	0	gold.ecosystem:3624|gold.ecosystem:4064
Host-associated > Arthropoda: Myriapoda > Integument	Host-associated	Arthropoda: Myriapoda	Integument			Integument	3	2	0	0	0	0	gold.ecosystem:3552|gold.ecosystem:4775
Host-associated > Arthropoda: Myriapoda > Integument > Cuticle	Host-associated	Arthropoda: Myriapoda	Integument	Cuticle		Cuticle	4	2	0	0	0	0	gold.ecosystem:3637|gold.ecosystem:4082
Host-associated > Arthropoda: Myriapoda > Integument > Cuticle > Thoracic segments	Host-associated	Arthropoda: Myriapoda	Integument	Cuticle	Thoracic segments	Thoracic segments	5	1	0	0	0	0	gold.ecosystem:4081
Host-associated > Arthropoda: Myriapoda > Integumentary system	Host-associated	Arthropoda: Myriapoda	Integumentary system			Integumentary system	3	1	0	0	0	0	gold.ecosystem:6071
Host-associated > Arthropoda: Myriapoda > Integumentary system > Cuticle	Host-associated	Arthropoda: Myriapoda	Integumentary system	Cuticle		Cuticle	4	2	0	0	0	0	gold.ecosystem:6072|gold.ecosystem:6073
Host-associated > Arthropoda: Myriapoda > Integumentary system > Cuticle > Prothorax	Host-associated	Arthropoda: Myriapoda	Integumentary system	Cuticle	Prothorax	Prothorax	5	1	0	0	0	0	gold.ecosystem:6074
Host-associated > Arthropoda: Myriapoda > Reproductive system	Host-associated	Arthropoda: Myriapoda	Reproductive system			Reproductive system	3	3	0	0	0	0	gold.ecosystem:4427|gold.ecosystem:4778|gold.ecosystem:4779
Host-associated > Arthropoda: Myriapoda > Reproductive system > Ovaries	Host-associated	Arthropoda: Myriapoda	Reproductive system	Ovaries		Ovaries	4	2	0	0	0	0	gold.ecosystem:4428|gold.ecosystem:4429
Host-associated > Arthropoda: Myriapoda > Respiratory system	Host-associated	Arthropoda: Myriapoda	Respiratory system			Respiratory system	3	3	0	0	0	0	gold.ecosystem:3551|gold.ecosystem:4780|gold.ecosystem:4781
Host-associated > Arthropoda: Myriapoda > Respiratory system > Gills	Host-associated	Arthropoda: Myriapoda	Respiratory system	Gills		Gills	4	2	0	0	0	0	gold.ecosystem:3636|gold.ecosystem:4080
Host-associated > Arthropoda: Myriapoda > Tissue	Host-associated	Arthropoda: Myriapoda	Tissue			Tissue	3	3	0	0	0	0	gold.ecosystem:4455|gold.ecosystem:4456|gold.ecosystem:4457
Host-associated > Arthropoda: Myriapoda > Whole body	Host-associated	Arthropoda: Myriapoda	Whole body			Whole body	3	3	0	0	0	0	gold.ecosystem:7233|gold.ecosystem:7234|gold.ecosystem:7235
Host-associated > Birds > Circulatory system > Blood > Serum	Host-associated	Birds	Circulatory system	Blood	Serum	Serum	5	1	0	0	0	0	gold.ecosystem:6898
Host-associated > Birds > Digestive system > Crop	Host-associated	Birds	Digestive system	Crop		Crop	4	1	0	0	0	0	gold.ecosystem:3711
Host-associated > Birds > Digestive system > Esophagus	Host-associated	Birds	Digestive system	Esophagus		Esophagus	4	2	0	0	0	0	gold.ecosystem:6893|gold.ecosystem:7428
Host-associated > Birds > Digestive system > Esophagus > Crop content	Host-associated	Birds	Digestive system	Esophagus	Crop content	Crop content	5	1	0	0	0	0	gold.ecosystem:7426
Host-associated > Birds > Digestive system > Esophagus > Crop milk	Host-associated	Birds	Digestive system	Esophagus	Crop milk	Crop milk	5	1	0	0	0	0	gold.ecosystem:7427
Host-associated > Birds > Digestive system > Large intestine > Colon	Host-associated	Birds	Digestive system	Large intestine	Colon	Colon	5	1	0	0	0	0	gold.ecosystem:6890
Host-associated > Birds > Digestive system > Large intestine > Colon mucosa	Host-associated	Birds	Digestive system	Large intestine	Colon mucosa	Colon mucosa	5	1	0	0	0	0	gold.ecosystem:7433
Host-associated > Birds > Digestive system > Oral/Buccal cavity > Tongue	Host-associated	Birds	Digestive system	Oral/Buccal cavity	Tongue	Tongue	5	1	0	0	0	0	gold.ecosystem:7494
Host-associated > Birds > Digestive system > Pancreas	Host-associated	Birds	Digestive system	Pancreas		Pancreas	4	2	0	0	0	0	gold.ecosystem:7434|gold.ecosystem:7435
Host-associated > Birds > Digestive system > Pharynx/Throat	Host-associated	Birds	Digestive system	Pharynx/Throat		Pharynx/Throat	4	1	0	0	0	0	gold.ecosystem:7495
Host-associated > Birds > Digestive system > Pharynx/Throat > Oropharynx	Host-associated	Birds	Digestive system	Pharynx/Throat	Oropharynx	Oropharynx	5	1	0	0	0	0	gold.ecosystem:7496
Host-associated > Birds > Digestive system > Small intestine > Duodenum	Host-associated	Birds	Digestive system	Small intestine	Duodenum	Duodenum	5	1	0	0	0	0	gold.ecosystem:4152
Host-associated > Birds > Digestive system > Stomach > Gizzard	Host-associated	Birds	Digestive system	Stomach	Gizzard	Gizzard	5	1	0	0	0	0	gold.ecosystem:7432
Host-associated > Birds > Digestive system > Stomach > Proventriculus	Host-associated	Birds	Digestive system	Stomach	Proventriculus	Proventriculus	5	1	0	0	0	0	gold.ecosystem:7431
Host-associated > Birds > Integumentary system	Host-associated	Birds	Integumentary system			Integumentary system	3	3	0	0	0	0	gold.ecosystem:6903|gold.ecosystem:7451|gold.ecosystem:7452
Host-associated > Birds > Integumentary system > Adipose tissue	Host-associated	Birds	Integumentary system	Adipose tissue		Adipose tissue	4	2	0	0	0	0	gold.ecosystem:7461|gold.ecosystem:7462
Host-associated > Birds > Integumentary system > Adipose tissue > Subcutaneous fat	Host-associated	Birds	Integumentary system	Adipose tissue	Subcutaneous fat	Subcutaneous fat	5	1	0	0	0	0	gold.ecosystem:7463
Host-associated > Birds > Integumentary system > Adipose tissue > Visceral fat	Host-associated	Birds	Integumentary system	Adipose tissue	Visceral fat	Visceral fat	5	1	0	0	0	0	gold.ecosystem:7464
Host-associated > Birds > Integumentary system > Claws/Talon	Host-associated	Birds	Integumentary system	Claws/Talon		Claws/Talon	4	2	0	0	0	0	gold.ecosystem:7457|gold.ecosystem:7458
Host-associated > Birds > Integumentary system > Skin > Feathers	Host-associated	Birds	Integumentary system	Skin	Feathers	Feathers	5	1	0	0	0	0	gold.ecosystem:7453
Host-associated > Birds > Integumentary system > Skin > Podotheca	Host-associated	Birds	Integumentary system	Skin	Podotheca	Podotheca	5	1	0	0	0	0	gold.ecosystem:7455
Host-associated > Birds > Integumentary system > Skin > Rhamphotheca	Host-associated	Birds	Integumentary system	Skin	Rhamphotheca	Rhamphotheca	5	1	0	0	0	0	gold.ecosystem:7454
Host-associated > Birds > Integumentary system > Skin > Scales	Host-associated	Birds	Integumentary system	Skin	Scales	Scales	5	1	0	0	0	0	gold.ecosystem:7456
Host-associated > Birds > Lymphatic system	Host-associated	Birds	Lymphatic system			Lymphatic system	3	3	0	0	0	0	gold.ecosystem:5133|gold.ecosystem:7472|gold.ecosystem:7473
Host-associated > Birds > Lymphatic system > Bursa of Fabricius	Host-associated	Birds	Lymphatic system	Bursa of Fabricius		Bursa of Fabricius	4	2	0	0	0	0	gold.ecosystem:7474|gold.ecosystem:7475
Host-associated > Birds > Muscular system > Smooth muscles	Host-associated	Birds	Muscular system	Smooth muscles		Smooth muscles	4	2	0	0	0	0	gold.ecosystem:7468|gold.ecosystem:7469
Host-associated > Birds > Nervous system	Host-associated	Birds	Nervous system			Nervous system	3	3	0	0	0	0	gold.ecosystem:6908|gold.ecosystem:6909|gold.ecosystem:6910
Host-associated > Birds > Nervous system > Subarachnoid space	Host-associated	Birds	Nervous system	Subarachnoid space		Subarachnoid space	4	2	0	0	0	0	gold.ecosystem:7486|gold.ecosystem:7487
Host-associated > Birds > Nervous system > Subarachnoid space > Cerebrospinal fluid	Host-associated	Birds	Nervous system	Subarachnoid space	Cerebrospinal fluid	Cerebrospinal fluid	5	1	0	0	0	0	gold.ecosystem:7488
Host-associated > Birds > Remains > Decomposed body	Host-associated	Birds	Remains	Decomposed body		Decomposed body	4	2	0	0	0	0	gold.ecosystem:7502|gold.ecosystem:7503
Host-associated > Birds > Remains > Fossilized remains	Host-associated	Birds	Remains	Fossilized remains		Fossilized remains	4	2	0	0	0	0	gold.ecosystem:7504|gold.ecosystem:7505
Host-associated > Birds > Remains > Frozen remains	Host-associated	Birds	Remains	Frozen remains		Frozen remains	4	2	0	0	0	0	gold.ecosystem:7508|gold.ecosystem:7509
Host-associated > Birds > Remains > Mummified remains	Host-associated	Birds	Remains	Mummified remains		Mummified remains	4	2	0	0	0	0	gold.ecosystem:7500|gold.ecosystem:7501
Host-associated > Birds > Remains > Skeletonized remains	Host-associated	Birds	Remains	Skeletonized remains		Skeletonized remains	4	2	0	0	0	0	gold.ecosystem:7506|gold.ecosystem:7507
Host-associated > Birds > Respiratory system > Air sacs	Host-associated	Birds	Respiratory system	Air sacs		Air sacs	4	2	0	0	0	0	gold.ecosystem:7442|gold.ecosystem:7443
Host-associated > Birds > Respiratory system > Bronchi	Host-associated	Birds	Respiratory system	Bronchi		Bronchi	4	2	0	0	0	0	gold.ecosystem:7440|gold.ecosystem:7441
Host-associated > Birds > Respiratory system > Nasal cavity > Epithelium	Host-associated	Birds	Respiratory system	Nasal cavity	Epithelium	Epithelium	5	1	0	0	0	0	gold.ecosystem:7446
Host-associated > Birds > Skeletal system	Host-associated	Birds	Skeletal system			Skeletal system	3	3	0	0	0	0	gold.ecosystem:7476|gold.ecosystem:7477|gold.ecosystem:7478
Host-associated > Birds > Skeletal system > Bones	Host-associated	Birds	Skeletal system	Bones		Bones	4	2	0	0	0	0	gold.ecosystem:7479|gold.ecosystem:7480
Host-associated > Birds > Urinary system	Host-associated	Birds	Urinary system			Urinary system	3	3	0	0	0	0	gold.ecosystem:7481|gold.ecosystem:7482|gold.ecosystem:7483
Host-associated > Bryozoa	Host-associated	Bryozoa				Bryozoa	2	3	0	0	0	0	gold.ecosystem:5180|gold.ecosystem:5181|gold.ecosystem:5182
Host-associated > Bryozoa > Reproductive system	Host-associated	Bryozoa	Reproductive system			Reproductive system	3	3	0	0	0	0	gold.ecosystem:8192|gold.ecosystem:8193|gold.ecosystem:8194
Host-associated > Bryozoa > Reproductive system > Ovicells	Host-associated	Bryozoa	Reproductive system	Ovicells		Ovicells	4	2	0	0	0	0	gold.ecosystem:8195|gold.ecosystem:8196
Host-associated > Cephalochordata > Digestive system	Host-associated	Cephalochordata	Digestive system			Digestive system	3	1	0	0	0	0	gold.ecosystem:4959
Host-associated > Cephalochordata > Digestive system > Intestine	Host-associated	Cephalochordata	Digestive system	Intestine		Intestine	4	1	0	0	0	0	gold.ecosystem:4962
Host-associated > Cephalochordata > Digestive system > Intestine > Fecal	Host-associated	Cephalochordata	Digestive system	Intestine	Fecal	Fecal	5	1	0	0	0	0	gold.ecosystem:4963
Host-associated > Cephalochordata > Lancelets	Host-associated	Cephalochordata	Lancelets			Lancelets	3	3	0	0	0	0	gold.ecosystem:8468|gold.ecosystem:8469|gold.ecosystem:8470
Host-associated > Ciliophora	Host-associated	Ciliophora				Ciliophora	2	1	0	0	0	0	gold.ecosystem:8459
Host-associated > Ciliophora > Ciliates	Host-associated	Ciliophora	Ciliates			Ciliates	3	3	0	0	0	0	gold.ecosystem:8460|gold.ecosystem:8461|gold.ecosystem:8462
Host-associated > Endosymbionts > Fungi	Host-associated	Endosymbionts	Fungi			Fungi	3	3	0	0	0	0	gold.ecosystem:3558|gold.ecosystem:4733|gold.ecosystem:4734
Host-associated > Fish > Abdomen	Host-associated	Fish	Abdomen			Abdomen	3	1	0	0	0	0	gold.ecosystem:5052
Host-associated > Fish > Circulatory system	Host-associated	Fish	Circulatory system			Circulatory system	3	3	0	0	0	0	gold.ecosystem:3568|gold.ecosystem:4787|gold.ecosystem:4788
Host-associated > Fish > Digestive system > Biliary tract	Host-associated	Fish	Digestive system	Biliary tract		Biliary tract	4	1	0	0	0	0	gold.ecosystem:6927
Host-associated > Fish > Digestive system > Biliary tract > Bile	Host-associated	Fish	Digestive system	Biliary tract	Bile	Bile	5	1	0	0	0	0	gold.ecosystem:7539
Host-associated > Fish > Digestive system > Biliary tract > Gall bladder	Host-associated	Fish	Digestive system	Biliary tract	Gall bladder	Gall bladder	5	1	0	0	0	0	gold.ecosystem:7540
Host-associated > Fish > Digestive system > Foregut > Esophagus	Host-associated	Fish	Digestive system	Foregut	Esophagus	Esophagus	5	1	0	0	0	0	gold.ecosystem:7527
Host-associated > Fish > Digestive system > Foregut > Stomach	Host-associated	Fish	Digestive system	Foregut	Stomach	Stomach	5	1	0	0	0	0	gold.ecosystem:7528
Host-associated > Fish > Digestive system > Foregut > Stomach: Cardiac	Host-associated	Fish	Digestive system	Foregut	Stomach: Cardiac	Stomach: Cardiac	5	1	0	0	0	0	gold.ecosystem:7531
Host-associated > Fish > Digestive system > Foregut > Stomach: Fundic	Host-associated	Fish	Digestive system	Foregut	Stomach: Fundic	Stomach: Fundic	5	1	0	0	0	0	gold.ecosystem:7532
Host-associated > Fish > Digestive system > Foregut > Stomach: Pyloric	Host-associated	Fish	Digestive system	Foregut	Stomach: Pyloric	Stomach: Pyloric	5	1	0	0	0	0	gold.ecosystem:7533
Host-associated > Fish > Digestive system > Gill rakers	Host-associated	Fish	Digestive system	Gill rakers		Gill rakers	4	2	0	0	0	0	gold.ecosystem:7523|gold.ecosystem:7524
Host-associated > Fish > Digestive system > Hindgut	Host-associated	Fish	Digestive system	Hindgut		Hindgut	4	2	0	0	0	0	gold.ecosystem:8309|gold.ecosystem:8310
Host-associated > Fish > Digestive system > Intestine: Anterior	Host-associated	Fish	Digestive system	Intestine: Anterior		Intestine: Anterior	4	2	0	0	0	0	gold.ecosystem:7534|gold.ecosystem:7535
Host-associated > Fish > Digestive system > Intestine: Anterior > Air-breathing organ	Host-associated	Fish	Digestive system	Intestine: Anterior	Air-breathing organ	Air-breathing organ	5	1	0	0	0	0	gold.ecosystem:7536
Host-associated > Fish > Digestive system > Intestine: Mid	Host-associated	Fish	Digestive system	Intestine: Mid		Intestine: Mid	4	2	0	0	0	0	gold.ecosystem:7537|gold.ecosystem:7538
Host-associated > Fish > Digestive system > Oral/Buccal cavity > Teeth	Host-associated	Fish	Digestive system	Oral/Buccal cavity	Teeth	Teeth	5	1	0	0	0	0	gold.ecosystem:7526
Host-associated > Fish > Digestive system > Oral/Buccal cavity > Tongue	Host-associated	Fish	Digestive system	Oral/Buccal cavity	Tongue	Tongue	5	1	0	0	0	0	gold.ecosystem:7525
Host-associated > Fish > Digestive system > Pancreas	Host-associated	Fish	Digestive system	Pancreas		Pancreas	4	2	0	0	0	0	gold.ecosystem:7541|gold.ecosystem:7542
Host-associated > Fish > Digestive system > Pharynx	Host-associated	Fish	Digestive system	Pharynx		Pharynx	4	2	0	0	0	0	gold.ecosystem:6916|gold.ecosystem:6917
Host-associated > Fish > Digestive system > Pyloric ceca	Host-associated	Fish	Digestive system	Pyloric ceca		Pyloric ceca	4	2	0	0	0	0	gold.ecosystem:7529|gold.ecosystem:7530
Host-associated > Fish > Embryo	Host-associated	Fish	Embryo			Embryo	3	3	0	0	0	0	gold.ecosystem:7578|gold.ecosystem:7579|gold.ecosystem:7581
Host-associated > Fish > Endocrine system	Host-associated	Fish	Endocrine system			Endocrine system	3	3	0	0	0	0	gold.ecosystem:7592|gold.ecosystem:7593|gold.ecosystem:7594
Host-associated > Fish > Integumentary system > Adipose tissue	Host-associated	Fish	Integumentary system	Adipose tissue		Adipose tissue	4	2	0	0	0	0	gold.ecosystem:7547|gold.ecosystem:7548
Host-associated > Fish > Integumentary system > Scale	Host-associated	Fish	Integumentary system	Scale		Scale	4	2	0	0	0	0	gold.ecosystem:7545|gold.ecosystem:7546
Host-associated > Fish > Integumentary system > Skin > Fin	Host-associated	Fish	Integumentary system	Skin	Fin	Fin	5	1	0	0	0	0	gold.ecosystem:6922
Host-associated > Fish > Lymphatic system	Host-associated	Fish	Lymphatic system			Lymphatic system	3	3	0	0	0	0	gold.ecosystem:7557|gold.ecosystem:7558|gold.ecosystem:7559
Host-associated > Fish > Multiple systems	Host-associated	Fish	Multiple systems			Multiple systems	3	3	0	0	0	0	gold.ecosystem:6957|gold.ecosystem:8466|gold.ecosystem:8467
Host-associated > Fish > Multiple systems > Multiple organs	Host-associated	Fish	Multiple systems	Multiple organs		Multiple organs	4	2	0	0	0	0	gold.ecosystem:6958|gold.ecosystem:6959
Host-associated > Fish > Multiple systems > Multiple organs > Whole body	Host-associated	Fish	Multiple systems	Multiple organs	Whole body	Whole body	5	1	0	0	0	0	gold.ecosystem:6960
Host-associated > Fish > Muscular system	Host-associated	Fish	Muscular system			Muscular system	3	3	0	0	0	0	gold.ecosystem:7549|gold.ecosystem:7550|gold.ecosystem:7551
Host-associated > Fish > Muscular system > Muscles > Pink	Host-associated	Fish	Muscular system	Muscles	Pink	Pink	5	1	0	0	0	0	gold.ecosystem:7555
Host-associated > Fish > Muscular system > Muscles > Red	Host-associated	Fish	Muscular system	Muscles	Red	Red	5	1	0	0	0	0	gold.ecosystem:7554
Host-associated > Fish > Muscular system > Muscles > White	Host-associated	Fish	Muscular system	Muscles	White	White	5	1	0	0	0	0	gold.ecosystem:7556
Host-associated > Fish > Nervous system	Host-associated	Fish	Nervous system			Nervous system	3	3	0	0	0	0	gold.ecosystem:5286|gold.ecosystem:7582|gold.ecosystem:7583
Host-associated > Fish > Nervous system > Cerebrospinal fluid	Host-associated	Fish	Nervous system	Cerebrospinal fluid		Cerebrospinal fluid	4	2	0	0	0	0	gold.ecosystem:5287|gold.ecosystem:5288
Host-associated > Fish > Olfactory system	Host-associated	Fish	Olfactory system			Olfactory system	3	3	0	0	0	0	gold.ecosystem:7813|gold.ecosystem:7814|gold.ecosystem:7815
Host-associated > Fish > Olfactory system > Olfactory pit	Host-associated	Fish	Olfactory system	Olfactory pit		Olfactory pit	4	2	0	0	0	0	gold.ecosystem:7816|gold.ecosystem:7817
Host-associated > Fish > Remains	Host-associated	Fish	Remains			Remains	3	3	0	0	0	0	gold.ecosystem:6954|gold.ecosystem:7584|gold.ecosystem:7585
Host-associated > Fish > Remains > Decomposed body	Host-associated	Fish	Remains	Decomposed body		Decomposed body	4	2	0	0	0	0	gold.ecosystem:6955|gold.ecosystem:6956
Host-associated > Fish > Remains > Fossilized remains	Host-associated	Fish	Remains	Fossilized remains		Fossilized remains	4	2	0	0	0	0	gold.ecosystem:7586|gold.ecosystem:7587
Host-associated > Fish > Remains > Frozen remains	Host-associated	Fish	Remains	Frozen remains		Frozen remains	4	2	0	0	0	0	gold.ecosystem:7590|gold.ecosystem:7591
Host-associated > Fish > Remains > Skeletonized remains	Host-associated	Fish	Remains	Skeletonized remains		Skeletonized remains	4	2	0	0	0	0	gold.ecosystem:7588|gold.ecosystem:7589
Host-associated > Fish > Reproductive system > Intromittent organ	Host-associated	Fish	Reproductive system	Intromittent organ		Intromittent organ	4	2	0	0	0	0	gold.ecosystem:7574|gold.ecosystem:7575
Host-associated > Fish > Reproductive system > Intromittent organ > Clasper	Host-associated	Fish	Reproductive system	Intromittent organ	Clasper	Clasper	5	1	0	0	0	0	gold.ecosystem:7576
Host-associated > Fish > Reproductive system > Intromittent organ > Gonopodium	Host-associated	Fish	Reproductive system	Intromittent organ	Gonopodium	Gonopodium	5	1	0	0	0	0	gold.ecosystem:7577
Host-associated > Fish > Reproductive system > Testes	Host-associated	Fish	Reproductive system	Testes		Testes	4	2	0	0	0	0	gold.ecosystem:6961|gold.ecosystem:6962
Host-associated > Fish > Reproductive system > Testes > Sperm	Host-associated	Fish	Reproductive system	Testes	Sperm	Sperm	5	1	0	0	0	0	gold.ecosystem:7572
Host-associated > Fish > Skeletal system	Host-associated	Fish	Skeletal system			Skeletal system	3	3	0	0	0	0	gold.ecosystem:7562|gold.ecosystem:7563|gold.ecosystem:7564
Host-associated > Fish > Skeletal system > Bone	Host-associated	Fish	Skeletal system	Bone		Bone	4	2	0	0	0	0	gold.ecosystem:7565|gold.ecosystem:7566
Host-associated > Fish > Skeletal system > Cartilage	Host-associated	Fish	Skeletal system	Cartilage		Cartilage	4	2	0	0	0	0	gold.ecosystem:7567|gold.ecosystem:7568
Host-associated > Fish > Swim bladder	Host-associated	Fish	Swim bladder			Swim bladder	3	3	0	0	0	0	gold.ecosystem:7569|gold.ecosystem:7570|gold.ecosystem:7571
Host-associated > Fish > Urinary system	Host-associated	Fish	Urinary system			Urinary system	3	3	0	0	0	0	gold.ecosystem:3571|gold.ecosystem:4790|gold.ecosystem:4791
Host-associated > Fish > Visual system	Host-associated	Fish	Visual system			Visual system	3	1	0	0	0	0	gold.ecosystem:6929
Host-associated > Fungi > Appressorium	Host-associated	Fungi	Appressorium			Appressorium	3	3	0	0	0	0	gold.ecosystem:7748|gold.ecosystem:7749|gold.ecosystem:7750
Host-associated > Fungi > Germ tube	Host-associated	Fungi	Germ tube			Germ tube	3	3	0	0	0	0	gold.ecosystem:7745|gold.ecosystem:7746|gold.ecosystem:7747
Host-associated > Fungi > Mycorrhiza	Host-associated	Fungi	Mycorrhiza			Mycorrhiza	3	3	0	0	0	0	gold.ecosystem:5294|gold.ecosystem:5295|gold.ecosystem:5296
Host-associated > Fungi > Sclerotium	Host-associated	Fungi	Sclerotium			Sclerotium	3	3	0	0	0	0	gold.ecosystem:4526|gold.ecosystem:4527|gold.ecosystem:4528
Host-associated > Fungi > Stroma	Host-associated	Fungi	Stroma			Stroma	3	3	0	0	0	0	gold.ecosystem:8386|gold.ecosystem:8387|gold.ecosystem:8388
Host-associated > Invertebrates > Bryozoans > Gymnolaemates	Host-associated	Invertebrates	Bryozoans	Gymnolaemates		Gymnolaemates	4	2	0	0	0	0	gold.ecosystem:3642|gold.ecosystem:4087
Host-associated > Invertebrates > Cnidaria > Coral > Surface	Host-associated	Invertebrates	Cnidaria	Coral	Surface	Surface	5	1	0	0	0	0	gold.ecosystem:4651
Host-associated > Invertebrates > Ctenophora	Host-associated	Invertebrates	Ctenophora			Ctenophora	3	3	0	0	0	0	gold.ecosystem:4613|gold.ecosystem:4614|gold.ecosystem:4615
Host-associated > Invertebrates > Nematoda > Digestive system	Host-associated	Invertebrates	Nematoda	Digestive system		Digestive system	4	1	0	0	0	0	gold.ecosystem:5245
Host-associated > Invertebrates > Tunicates	Host-associated	Invertebrates	Tunicates			Tunicates	3	3	0	0	0	0	gold.ecosystem:8463|gold.ecosystem:8464|gold.ecosystem:8465
Host-associated > Mammals > Abdominal cavity	Host-associated	Mammals	Abdominal cavity			Abdominal cavity	3	1	0	0	0	0	gold.ecosystem:6742
Host-associated > Mammals > Abdominal cavity > Ascites	Host-associated	Mammals	Abdominal cavity	Ascites		Ascites	4	2	0	0	0	0	gold.ecosystem:6745|gold.ecosystem:6746
Host-associated > Mammals > Abdominal cavity > Peritoneal fluid	Host-associated	Mammals	Abdominal cavity	Peritoneal fluid		Peritoneal fluid	4	2	0	0	0	0	gold.ecosystem:6747|gold.ecosystem:6748
Host-associated > Mammals > Abdominal cavity > Peritoneum	Host-associated	Mammals	Abdominal cavity	Peritoneum		Peritoneum	4	2	0	0	0	0	gold.ecosystem:6743|gold.ecosystem:6744
Host-associated > Mammals > Auditory/Hearing system	Host-associated	Mammals	Auditory/Hearing system			Auditory/Hearing system	3	1	0	0	0	0	gold.ecosystem:6404
Host-associated > Mammals > Auditory/Hearing system > Middle ear	Host-associated	Mammals	Auditory/Hearing system	Middle ear		Middle ear	4	2	0	0	0	0	gold.ecosystem:6849|gold.ecosystem:6850
Host-associated > Mammals > Auditory/Hearing system > Middle ear > Effusion	Host-associated	Mammals	Auditory/Hearing system	Middle ear	Effusion	Effusion	5	1	0	0	0	0	gold.ecosystem:6852
Host-associated > Mammals > Auditory/Hearing system > Middle ear > Eustachian tube	Host-associated	Mammals	Auditory/Hearing system	Middle ear	Eustachian tube	Eustachian tube	5	1	0	0	0	0	gold.ecosystem:6851
Host-associated > Mammals > Auditory/Hearing system > Outer ear > Ear canal	Host-associated	Mammals	Auditory/Hearing system	Outer ear	Ear canal	Ear canal	5	1	0	0	0	0	gold.ecosystem:6847
Host-associated > Mammals > Auditory/Hearing system > Outer ear > Ear discharge	Host-associated	Mammals	Auditory/Hearing system	Outer ear	Ear discharge	Ear discharge	5	1	0	0	0	0	gold.ecosystem:6406
Host-associated > Mammals > Cell Line	Host-associated	Mammals	Cell Line			Cell Line	3	3	0	0	0	0	gold.ecosystem:6785|gold.ecosystem:6786|gold.ecosystem:6787
Host-associated > Mammals > Cell Line > BHK	Host-associated	Mammals	Cell Line	BHK		BHK	4	2	0	0	0	0	gold.ecosystem:6790|gold.ecosystem:6791
Host-associated > Mammals > Cell Line > CHO	Host-associated	Mammals	Cell Line	CHO		CHO	4	2	0	0	0	0	gold.ecosystem:6788|gold.ecosystem:6789
Host-associated > Mammals > Cell Line > Mouse myeloma	Host-associated	Mammals	Cell Line	Mouse myeloma		Mouse myeloma	4	2	0	0	0	0	gold.ecosystem:6792|gold.ecosystem:6793
Host-associated > Mammals > Cell Line > Rat myeloma	Host-associated	Mammals	Cell Line	Rat myeloma		Rat myeloma	4	2	0	0	0	0	gold.ecosystem:6794|gold.ecosystem:6795
Host-associated > Mammals > Circulatory system	Host-associated	Mammals	Circulatory system			Circulatory system	3	3	0	0	0	0	gold.ecosystem:3576|gold.ecosystem:3666|gold.ecosystem:4115
Host-associated > Mammals > Circulatory system > Blood > Arterial	Host-associated	Mammals	Circulatory system	Blood	Arterial	Arterial	5	1	0	0	0	0	gold.ecosystem:6820
Host-associated > Mammals > Circulatory system > Blood > Plasma	Host-associated	Mammals	Circulatory system	Blood	Plasma	Plasma	5	1	0	0	0	0	gold.ecosystem:6817
Host-associated > Mammals > Circulatory system > Blood > Venous	Host-associated	Mammals	Circulatory system	Blood	Venous	Venous	5	1	0	0	0	0	gold.ecosystem:6821
Host-associated > Mammals > Circulatory system > Blood > Whole blood	Host-associated	Mammals	Circulatory system	Blood	Whole blood	Whole blood	5	1	0	0	0	0	gold.ecosystem:6819
Host-associated > Mammals > Connective tissue	Host-associated	Mammals	Connective tissue			Connective tissue	3	3	0	0	0	0	gold.ecosystem:6410|gold.ecosystem:8478|gold.ecosystem:8479
Host-associated > Mammals > Connective tissue > Fascia	Host-associated	Mammals	Connective tissue	Fascia		Fascia	4	2	0	0	0	0	gold.ecosystem:6815|gold.ecosystem:6816
Host-associated > Mammals > Connective tissue > Ligament	Host-associated	Mammals	Connective tissue	Ligament		Ligament	4	2	0	0	0	0	gold.ecosystem:6813|gold.ecosystem:6814
Host-associated > Mammals > Connective tissue > Tendons	Host-associated	Mammals	Connective tissue	Tendons		Tendons	4	2	0	0	0	0	gold.ecosystem:6411|gold.ecosystem:6412
Host-associated > Mammals > Connective tissue > Tendons > Tissue-engineered	Host-associated	Mammals	Connective tissue	Tendons	Tissue-engineered	Tissue-engineered	5	1	0	0	0	0	gold.ecosystem:6413
Host-associated > Mammals > Digestive system > Biliary tract	Host-associated	Mammals	Digestive system	Biliary tract		Biliary tract	4	1	0	0	0	0	gold.ecosystem:6398
Host-associated > Mammals > Digestive system > Biliary tract > Bile	Host-associated	Mammals	Digestive system	Biliary tract	Bile	Bile	5	1	0	0	0	0	gold.ecosystem:6720
Host-associated > Mammals > Digestive system > Biliary tract > Bile ducts	Host-associated	Mammals	Digestive system	Biliary tract	Bile ducts	Bile ducts	5	1	0	0	0	0	gold.ecosystem:6719
Host-associated > Mammals > Digestive system > Biliary tract > Gallbladder stones	Host-associated	Mammals	Digestive system	Biliary tract	Gallbladder stones	Gallbladder stones	5	1	0	0	0	0	gold.ecosystem:6718
Host-associated > Mammals > Digestive system > Esophagus	Host-associated	Mammals	Digestive system	Esophagus		Esophagus	4	2	0	0	0	0	gold.ecosystem:6689|gold.ecosystem:6690
Host-associated > Mammals > Digestive system > Foregut	Host-associated	Mammals	Digestive system	Foregut		Foregut	4	1	0	0	0	0	gold.ecosystem:7511
Host-associated > Mammals > Digestive system > Large intestine > Appendix	Host-associated	Mammals	Digestive system	Large intestine	Appendix	Appendix	5	1	0	0	0	0	gold.ecosystem:6702
Host-associated > Mammals > Digestive system > Large intestine > Cecotropes/Night fecs	Host-associated	Mammals	Digestive system	Large intestine	Cecotropes/Night fecs	Cecotropes/Night fecs	5	1	0	0	0	0	gold.ecosystem:6705
Host-associated > Mammals > Digestive system > Large intestine > Colon mucosa	Host-associated	Mammals	Digestive system	Large intestine	Colon mucosa	Colon mucosa	5	1	0	0	0	0	gold.ecosystem:6706
Host-associated > Mammals > Digestive system > Large intestine > Meconium	Host-associated	Mammals	Digestive system	Large intestine	Meconium	Meconium	5	1	0	0	0	0	gold.ecosystem:6385
Host-associated > Mammals > Digestive system > Large intestine > Proximal colon	Host-associated	Mammals	Digestive system	Large intestine	Proximal colon	Proximal colon	5	1	0	0	0	0	gold.ecosystem:6386
Host-associated > Mammals > Digestive system > Large intestine > Rectal mucosa	Host-associated	Mammals	Digestive system	Large intestine	Rectal mucosa	Rectal mucosa	5	1	0	0	0	0	gold.ecosystem:6704
Host-associated > Mammals > Digestive system > Lower gastrointestinal tract > Intestinal mucosa	Host-associated	Mammals	Digestive system	Lower gastrointestinal tract	Intestinal mucosa	Intestinal mucosa	5	1	0	0	0	0	gold.ecosystem:6707
Host-associated > Mammals > Digestive system > Oral cavity > Attached/Keratinized gingiva	Host-associated	Mammals	Digestive system	Oral cavity	Attached/Keratinized gingiva	Attached/Keratinized gingiva	5	1	0	0	0	0	gold.ecosystem:6714
Host-associated > Mammals > Digestive system > Oral cavity > Gingival crevicular fluids	Host-associated	Mammals	Digestive system	Oral cavity	Gingival crevicular fluids	Gingival crevicular fluids	5	1	0	0	0	0	gold.ecosystem:6713
Host-associated > Mammals > Digestive system > Oral cavity > Gingival sulcus	Host-associated	Mammals	Digestive system	Oral cavity	Gingival sulcus	Gingival sulcus	5	1	0	0	0	0	gold.ecosystem:5097
Host-associated > Mammals > Digestive system > Oral cavity > Mucus	Host-associated	Mammals	Digestive system	Oral cavity	Mucus	Mucus	5	1	0	0	0	0	gold.ecosystem:6712
Host-associated > Mammals > Digestive system > Oral cavity > Salivary glands	Host-associated	Mammals	Digestive system	Oral cavity	Salivary glands	Salivary glands	5	1	0	0	0	0	gold.ecosystem:6710
Host-associated > Mammals > Digestive system > Oral cavity > Supragingival plaque	Host-associated	Mammals	Digestive system	Oral cavity	Supragingival plaque	Supragingival plaque	5	1	0	0	0	0	gold.ecosystem:6716
Host-associated > Mammals > Digestive system > Pancreas	Host-associated	Mammals	Digestive system	Pancreas		Pancreas	4	2	0	0	0	0	gold.ecosystem:6721|gold.ecosystem:6723
Host-associated > Mammals > Digestive system > Pancreas > Pancreatic duct	Host-associated	Mammals	Digestive system	Pancreas	Pancreatic duct	Pancreatic duct	5	1	0	0	0	0	gold.ecosystem:6722
Host-associated > Mammals > Digestive system > Stomach > Abomasum	Host-associated	Mammals	Digestive system	Stomach	Abomasum	Abomasum	5	1	0	0	0	0	gold.ecosystem:6391
Host-associated > Mammals > Digestive system > Stomach > C1/Glandular saccules	Host-associated	Mammals	Digestive system	Stomach	C1/Glandular saccules	C1/Glandular saccules	5	1	0	0	0	0	gold.ecosystem:6699
Host-associated > Mammals > Digestive system > Stomach > C2	Host-associated	Mammals	Digestive system	Stomach	C2	C2	5	1	0	0	0	0	gold.ecosystem:6700
Host-associated > Mammals > Digestive system > Stomach > C3	Host-associated	Mammals	Digestive system	Stomach	C3	C3	5	1	0	0	0	0	gold.ecosystem:6701
Host-associated > Mammals > Digestive system > Stomach > Chyme	Host-associated	Mammals	Digestive system	Stomach	Chyme	Chyme	5	1	0	0	0	0	gold.ecosystem:6691
Host-associated > Mammals > Digestive system > Stomach > Cud	Host-associated	Mammals	Digestive system	Stomach	Cud	Cud	5	1	0	0	0	0	gold.ecosystem:6696
Host-associated > Mammals > Digestive system > Stomach > Forestomach	Host-associated	Mammals	Digestive system	Stomach	Forestomach	Forestomach	5	1	0	0	0	0	gold.ecosystem:6370
Host-associated > Mammals > Digestive system > Stomach > Glandular stomach	Host-associated	Mammals	Digestive system	Stomach	Glandular stomach	Glandular stomach	5	1	0	0	0	0	gold.ecosystem:6371
Host-associated > Mammals > Digestive system > Stomach > Reticulum	Host-associated	Mammals	Digestive system	Stomach	Reticulum	Reticulum	5	1	0	0	0	0	gold.ecosystem:6395
Host-associated > Mammals > Digestive system > Stomach > Rumen mucosa	Host-associated	Mammals	Digestive system	Stomach	Rumen mucosa	Rumen mucosa	5	1	0	0	0	0	gold.ecosystem:6397
Host-associated > Mammals > Digestive system > Stomach > Rumen: Caudodorsal blind sac	Host-associated	Mammals	Digestive system	Stomach	Rumen: Caudodorsal blind sac	Rumen: Caudodorsal blind sac	5	1	0	0	0	0	gold.ecosystem:6694
Host-associated > Mammals > Digestive system > Stomach > Rumen: Caudoventral blind sac	Host-associated	Mammals	Digestive system	Stomach	Rumen: Caudoventral blind sac	Rumen: Caudoventral blind sac	5	1	0	0	0	0	gold.ecosystem:6695
Host-associated > Mammals > Digestive system > Stomach > Rumen: Cranial sac	Host-associated	Mammals	Digestive system	Stomach	Rumen: Cranial sac	Rumen: Cranial sac	5	1	0	0	0	0	gold.ecosystem:6692
Host-associated > Mammals > Digestive system > Stomach > Rumen: Dorsal sac	Host-associated	Mammals	Digestive system	Stomach	Rumen: Dorsal sac	Rumen: Dorsal sac	5	1	0	0	0	0	gold.ecosystem:6693
Host-associated > Mammals > Digestive system > Stomach > Rumen: Ventral sac	Host-associated	Mammals	Digestive system	Stomach	Rumen: Ventral sac	Rumen: Ventral sac	5	1	0	0	0	0	gold.ecosystem:6390
Host-associated > Mammals > Digestive system > Stomach > Sacciform	Host-associated	Mammals	Digestive system	Stomach	Sacciform	Sacciform	5	1	0	0	0	0	gold.ecosystem:6697
Host-associated > Mammals > Digestive system > Stomach > Tubiform	Host-associated	Mammals	Digestive system	Stomach	Tubiform	Tubiform	5	1	0	0	0	0	gold.ecosystem:6698
Host-associated > Mammals > Endocrine system	Host-associated	Mammals	Endocrine system			Endocrine system	3	1	0	0	0	0	gold.ecosystem:6777
Host-associated > Mammals > Endocrine system > Endocrine gland	Host-associated	Mammals	Endocrine system	Endocrine gland		Endocrine gland	4	1	0	0	0	0	gold.ecosystem:6778
Host-associated > Mammals > Endocrine system > Endocrine gland > Adrenal glands	Host-associated	Mammals	Endocrine system	Endocrine gland	Adrenal glands	Adrenal glands	5	1	0	0	0	0	gold.ecosystem:6782
Host-associated > Mammals > Endocrine system > Endocrine gland > Hypophysis/Pituitary gland	Host-associated	Mammals	Endocrine system	Endocrine gland	Hypophysis/Pituitary gland	Hypophysis/Pituitary gland	5	1	0	0	0	0	gold.ecosystem:6779
Host-associated > Mammals > Endocrine system > Endocrine gland > Parathyroid	Host-associated	Mammals	Endocrine system	Endocrine gland	Parathyroid	Parathyroid	5	1	0	0	0	0	gold.ecosystem:6781
Host-associated > Mammals > Endocrine system > Endocrine gland > Pineal gland/Epiphysis cerebri	Host-associated	Mammals	Endocrine system	Endocrine gland	Pineal gland/Epiphysis cerebri	Pineal gland/Epiphysis cerebri	5	1	0	0	0	0	gold.ecosystem:6783
Host-associated > Mammals > Endocrine system > Endocrine gland > Thymus	Host-associated	Mammals	Endocrine system	Endocrine gland	Thymus	Thymus	5	1	0	0	0	0	gold.ecosystem:6784
Host-associated > Mammals > Endocrine system > Endocrine gland > Thyroid	Host-associated	Mammals	Endocrine system	Endocrine gland	Thyroid	Thyroid	5	1	0	0	0	0	gold.ecosystem:6780
Host-associated > Mammals > Fetus > Fetal tissue > Amniotic fluid	Host-associated	Mammals	Fetus	Fetal tissue	Amniotic fluid	Amniotic fluid	5	1	0	0	0	0	gold.ecosystem:7618
Host-associated > Mammals > Fetus > Fetal tissue > Amniotic sac	Host-associated	Mammals	Fetus	Fetal tissue	Amniotic sac	Amniotic sac	5	1	0	0	0	0	gold.ecosystem:7617
Host-associated > Mammals > Fetus > Fetal tissue > Chorionic villi	Host-associated	Mammals	Fetus	Fetal tissue	Chorionic villi	Chorionic villi	5	1	0	0	0	0	gold.ecosystem:7619
Host-associated > Mammals > Fetus > Fetal tissue > Umbilical cord	Host-associated	Mammals	Fetus	Fetal tissue	Umbilical cord	Umbilical cord	5	1	0	0	0	0	gold.ecosystem:7615
Host-associated > Mammals > Fetus > Fetal tissue > Umbilical cord blood	Host-associated	Mammals	Fetus	Fetal tissue	Umbilical cord blood	Umbilical cord blood	5	1	0	0	0	0	gold.ecosystem:7616
Host-associated > Mammals > Integumentary system > Adipose tissue	Host-associated	Mammals	Integumentary system	Adipose tissue		Adipose tissue	4	2	0	0	0	0	gold.ecosystem:6738|gold.ecosystem:6739
Host-associated > Mammals > Integumentary system > Adipose tissue > Subcutaneous fat	Host-associated	Mammals	Integumentary system	Adipose tissue	Subcutaneous fat	Subcutaneous fat	5	1	0	0	0	0	gold.ecosystem:6740
Host-associated > Mammals > Integumentary system > Adipose tissue > Visceral fat	Host-associated	Mammals	Integumentary system	Adipose tissue	Visceral fat	Visceral fat	5	1	0	0	0	0	gold.ecosystem:6741
Host-associated > Mammals > Integumentary system > Antlers	Host-associated	Mammals	Integumentary system	Antlers		Antlers	4	2	0	0	0	0	gold.ecosystem:6728|gold.ecosystem:6729
Host-associated > Mammals > Integumentary system > Ceros	Host-associated	Mammals	Integumentary system	Ceros		Ceros	4	2	0	0	0	0	gold.ecosystem:6732|gold.ecosystem:6733
Host-associated > Mammals > Integumentary system > Claws	Host-associated	Mammals	Integumentary system	Claws		Claws	4	2	0	0	0	0	gold.ecosystem:6724|gold.ecosystem:6725
Host-associated > Mammals > Integumentary system > Hair/Fur	Host-associated	Mammals	Integumentary system	Hair/Fur		Hair/Fur	4	1	0	0	0	0	gold.ecosystem:6914
Host-associated > Mammals > Integumentary system > Hoof	Host-associated	Mammals	Integumentary system	Hoof		Hoof	4	2	0	0	0	0	gold.ecosystem:6380|gold.ecosystem:6381
Host-associated > Mammals > Integumentary system > Hoof > Surface	Host-associated	Mammals	Integumentary system	Hoof	Surface	Surface	5	1	0	0	0	0	gold.ecosystem:6382
Host-associated > Mammals > Integumentary system > Horn	Host-associated	Mammals	Integumentary system	Horn		Horn	4	2	0	0	0	0	gold.ecosystem:6726|gold.ecosystem:6727
Host-associated > Mammals > Integumentary system > Mammary gland > Colostrum	Host-associated	Mammals	Integumentary system	Mammary gland	Colostrum	Colostrum	5	1	0	0	0	0	gold.ecosystem:6366
Host-associated > Mammals > Integumentary system > Nails	Host-associated	Mammals	Integumentary system	Nails		Nails	4	2	0	0	0	0	gold.ecosystem:6734|gold.ecosystem:6735
Host-associated > Mammals > Integumentary system > Pronghorn	Host-associated	Mammals	Integumentary system	Pronghorn		Pronghorn	4	2	0	0	0	0	gold.ecosystem:6730|gold.ecosystem:6731
Host-associated > Mammals > Integumentary system > Scales	Host-associated	Mammals	Integumentary system	Scales		Scales	4	2	0	0	0	0	gold.ecosystem:6736|gold.ecosystem:6737
Host-associated > Mammals > Integumentary system > Sebaceous glands	Host-associated	Mammals	Integumentary system	Sebaceous glands		Sebaceous glands	4	1	0	0	0	0	gold.ecosystem:7514
Host-associated > Mammals > Integumentary system > Skin > Dermatitis	Host-associated	Mammals	Integumentary system	Skin	Dermatitis	Dermatitis	5	1	0	0	0	0	gold.ecosystem:6414
Host-associated > Mammals > Integumentary system > Skin > Rhinarium	Host-associated	Mammals	Integumentary system	Skin	Rhinarium	Rhinarium	5	1	0	0	0	0	gold.ecosystem:6384
Host-associated > Mammals > Integumentary system > Skin > Surface	Host-associated	Mammals	Integumentary system	Skin	Surface	Surface	5	1	0	0	0	0	gold.ecosystem:6393
Host-associated > Mammals > Integumentary system > Skin > Udder dermatitis	Host-associated	Mammals	Integumentary system	Skin	Udder dermatitis	Udder dermatitis	5	1	0	0	0	0	gold.ecosystem:6401
Host-associated > Mammals > Lymphatic system > Haemal node	Host-associated	Mammals	Lymphatic system	Haemal node		Haemal node	4	2	0	0	0	0	gold.ecosystem:6756|gold.ecosystem:6757
Host-associated > Mammals > Lymphatic system > Lymph duct	Host-associated	Mammals	Lymphatic system	Lymph duct		Lymph duct	4	2	0	0	0	0	gold.ecosystem:6771|gold.ecosystem:6772
Host-associated > Mammals > Lymphatic system > Lymph nodes > Forelegs	Host-associated	Mammals	Lymphatic system	Lymph nodes	Forelegs	Forelegs	5	1	0	0	0	0	gold.ecosystem:6764
Host-associated > Mammals > Lymphatic system > Lymph nodes > Groin	Host-associated	Mammals	Lymphatic system	Lymph nodes	Groin	Groin	5	1	0	0	0	0	gold.ecosystem:6765
Host-associated > Mammals > Lymphatic system > Lymph nodes > Head	Host-associated	Mammals	Lymphatic system	Lymph nodes	Head	Head	5	1	0	0	0	0	gold.ecosystem:6760
Host-associated > Mammals > Lymphatic system > Lymph nodes > Hind legs	Host-associated	Mammals	Lymphatic system	Lymph nodes	Hind legs	Hind legs	5	1	0	0	0	0	gold.ecosystem:6766
Host-associated > Mammals > Lymphatic system > Lymph nodes > Laryngopharyngeal	Host-associated	Mammals	Lymphatic system	Lymph nodes	Laryngopharyngeal	Laryngopharyngeal	5	1	0	0	0	0	gold.ecosystem:6759
Host-associated > Mammals > Lymphatic system > Lymph nodes > Neck	Host-associated	Mammals	Lymphatic system	Lymph nodes	Neck	Neck	5	1	0	0	0	0	gold.ecosystem:6761
Host-associated > Mammals > Lymphatic system > Lymph nodes > Retropharyngeal	Host-associated	Mammals	Lymphatic system	Lymph nodes	Retropharyngeal	Retropharyngeal	5	1	0	0	0	0	gold.ecosystem:6758
Host-associated > Mammals > Lymphatic system > Lymph nodes > Thorax	Host-associated	Mammals	Lymphatic system	Lymph nodes	Thorax	Thorax	5	1	0	0	0	0	gold.ecosystem:6762
Host-associated > Mammals > Lymphatic system > Lymphoid tissue	Host-associated	Mammals	Lymphatic system	Lymphoid tissue		Lymphoid tissue	4	2	0	0	0	0	gold.ecosystem:6769|gold.ecosystem:6770
Host-associated > Mammals > Lymphatic system > Tertiary lymphoid organ	Host-associated	Mammals	Lymphatic system	Tertiary lymphoid organ		Tertiary lymphoid organ	4	2	0	0	0	0	gold.ecosystem:6767|gold.ecosystem:6768
Host-associated > Mammals > Multiple systems > Soft tissue > Pooled tissues	Host-associated	Mammals	Multiple systems	Soft tissue	Pooled tissues	Pooled tissues	5	1	0	0	0	0	gold.ecosystem:6882
Host-associated > Mammals > Muscular system	Host-associated	Mammals	Muscular system			Muscular system	3	1	0	0	0	0	gold.ecosystem:6749
Host-associated > Mammals > Muscular system > Smooth muscle	Host-associated	Mammals	Muscular system	Smooth muscle		Smooth muscle	4	2	0	0	0	0	gold.ecosystem:6752|gold.ecosystem:6753
Host-associated > Mammals > Nervous system > Spinal cord	Host-associated	Mammals	Nervous system	Spinal cord		Spinal cord	4	2	0	0	0	0	gold.ecosystem:6775|gold.ecosystem:6776
Host-associated > Mammals > Nervous system > Subarachnoid space	Host-associated	Mammals	Nervous system	Subarachnoid space		Subarachnoid space	4	1	0	0	0	0	gold.ecosystem:6773
Host-associated > Mammals > Remains > Fossilized remains	Host-associated	Mammals	Remains	Fossilized remains		Fossilized remains	4	2	0	0	0	0	gold.ecosystem:6427|gold.ecosystem:8086
Host-associated > Mammals > Remains > Fossilized remains > Bone	Host-associated	Mammals	Remains	Fossilized remains	Bone	Bone	5	1	0	0	0	0	gold.ecosystem:8087
Host-associated > Mammals > Remains > Fossilized remains > Tooth	Host-associated	Mammals	Remains	Fossilized remains	Tooth	Tooth	5	1	0	0	0	0	gold.ecosystem:6428
Host-associated > Mammals > Reproductive system > External genitalia	Host-associated	Mammals	Reproductive system	External genitalia		External genitalia	4	2	0	0	0	0	gold.ecosystem:7634|gold.ecosystem:7635
Host-associated > Mammals > Reproductive system > External organs	Host-associated	Mammals	Reproductive system	External organs		External organs	4	1	0	0	0	0	gold.ecosystem:6469
Host-associated > Mammals > Reproductive system > External organs > Testicle/Testes: Sperm	Host-associated	Mammals	Reproductive system	External organs	Testicle/Testes: Sperm	Testicle/Testes: Sperm	5	1	0	0	0	0	gold.ecosystem:7627
Host-associated > Mammals > Reproductive system > Fallopian tubes	Host-associated	Mammals	Reproductive system	Fallopian tubes		Fallopian tubes	4	2	0	0	0	0	gold.ecosystem:7632|gold.ecosystem:7633
Host-associated > Mammals > Reproductive system > Ovaries	Host-associated	Mammals	Reproductive system	Ovaries		Ovaries	4	2	0	0	0	0	gold.ecosystem:7636|gold.ecosystem:7637
Host-associated > Mammals > Reproductive system > Seminal glands	Host-associated	Mammals	Reproductive system	Seminal glands		Seminal glands	4	2	0	0	0	0	gold.ecosystem:7629|gold.ecosystem:7631
Host-associated > Mammals > Reproductive system > Uterus > Cervix	Host-associated	Mammals	Reproductive system	Uterus	Cervix	Cervix	5	1	0	0	0	0	gold.ecosystem:6377
Host-associated > Mammals > Respiratory system > Diaphragm	Host-associated	Mammals	Respiratory system	Diaphragm		Diaphragm	4	2	0	0	0	0	gold.ecosystem:6845|gold.ecosystem:6846
Host-associated > Mammals > Respiratory system > Lung > Alveoli	Host-associated	Mammals	Respiratory system	Lung	Alveoli	Alveoli	5	1	0	0	0	0	gold.ecosystem:6376
Host-associated > Mammals > Respiratory system > Lung > Pulmonary fluid	Host-associated	Mammals	Respiratory system	Lung	Pulmonary fluid	Pulmonary fluid	5	1	0	0	0	0	gold.ecosystem:6837
Host-associated > Mammals > Respiratory system > Nasal cavity > Anterior nares	Host-associated	Mammals	Respiratory system	Nasal cavity	Anterior nares	Anterior nares	5	1	0	0	0	0	gold.ecosystem:6827
Host-associated > Mammals > Respiratory system > Nasal cavity > Posterior nares	Host-associated	Mammals	Respiratory system	Nasal cavity	Posterior nares	Posterior nares	5	1	0	0	0	0	gold.ecosystem:6828
Host-associated > Mammals > Respiratory system > Paranasal sinuses	Host-associated	Mammals	Respiratory system	Paranasal sinuses		Paranasal sinuses	4	2	0	0	0	0	gold.ecosystem:6832|gold.ecosystem:6833
Host-associated > Mammals > Respiratory system > Paranasal sinuses > Catarrh	Host-associated	Mammals	Respiratory system	Paranasal sinuses	Catarrh	Catarrh	5	1	0	0	0	0	gold.ecosystem:6834
Host-associated > Mammals > Respiratory system > Pharynx/Throat > Catarrh	Host-associated	Mammals	Respiratory system	Pharynx/Throat	Catarrh	Catarrh	5	1	0	0	0	0	gold.ecosystem:6831
Host-associated > Mammals > Respiratory system > Pharynx/Throat > Laryngopharynx	Host-associated	Mammals	Respiratory system	Pharynx/Throat	Laryngopharynx	Laryngopharynx	5	1	0	0	0	0	gold.ecosystem:6830
Host-associated > Mammals > Respiratory system > Pleural cavity	Host-associated	Mammals	Respiratory system	Pleural cavity		Pleural cavity	4	2	0	0	0	0	gold.ecosystem:6840|gold.ecosystem:6841
Host-associated > Mammals > Respiratory system > Pleural cavity > Empyema	Host-associated	Mammals	Respiratory system	Pleural cavity	Empyema	Empyema	5	1	0	0	0	0	gold.ecosystem:6844
Host-associated > Mammals > Respiratory system > Pleural cavity > Pleural effusion	Host-associated	Mammals	Respiratory system	Pleural cavity	Pleural effusion	Pleural effusion	5	1	0	0	0	0	gold.ecosystem:6842
Host-associated > Mammals > Respiratory system > Pleural cavity > Pleural fluid	Host-associated	Mammals	Respiratory system	Pleural cavity	Pleural fluid	Pleural fluid	5	1	0	0	0	0	gold.ecosystem:6843
Host-associated > Mammals > Respiratory system > Sputum/Phlegm	Host-associated	Mammals	Respiratory system	Sputum/Phlegm		Sputum/Phlegm	4	2	0	0	0	0	gold.ecosystem:6838|gold.ecosystem:6839
Host-associated > Mammals > Skeletal system	Host-associated	Mammals	Skeletal system			Skeletal system	3	1	0	0	0	0	gold.ecosystem:6372
Host-associated > Mammals > Skeletal system > Bone	Host-associated	Mammals	Skeletal system	Bone		Bone	4	2	0	0	0	0	gold.ecosystem:6373|gold.ecosystem:6374
Host-associated > Mammals > Skeletal system > Bone > Articular cartilage	Host-associated	Mammals	Skeletal system	Bone	Articular cartilage	Articular cartilage	5	1	0	0	0	0	gold.ecosystem:6797
Host-associated > Mammals > Skeletal system > Bone > Compact bone	Host-associated	Mammals	Skeletal system	Bone	Compact bone	Compact bone	5	1	0	0	0	0	gold.ecosystem:6798
Host-associated > Mammals > Skeletal system > Bone > Long bone	Host-associated	Mammals	Skeletal system	Bone	Long bone	Long bone	5	1	0	0	0	0	gold.ecosystem:6801
Host-associated > Mammals > Skeletal system > Bone > Osseous tissue	Host-associated	Mammals	Skeletal system	Bone	Osseous tissue	Osseous tissue	5	1	0	0	0	0	gold.ecosystem:6796
Host-associated > Mammals > Skeletal system > Bone > Short bone	Host-associated	Mammals	Skeletal system	Bone	Short bone	Short bone	5	1	0	0	0	0	gold.ecosystem:6802
Host-associated > Mammals > Skeletal system > Bone > Skull	Host-associated	Mammals	Skeletal system	Bone	Skull	Skull	5	1	0	0	0	0	gold.ecosystem:6800
Host-associated > Mammals > Skeletal system > Bone > Spongy bone	Host-associated	Mammals	Skeletal system	Bone	Spongy bone	Spongy bone	5	1	0	0	0	0	gold.ecosystem:6799
Host-associated > Mammals > Skeletal system > Bone > Vertebra	Host-associated	Mammals	Skeletal system	Bone	Vertebra	Vertebra	5	1	0	0	0	0	gold.ecosystem:6803
Host-associated > Mammals > Skeletal system > Cartilage	Host-associated	Mammals	Skeletal system	Cartilage		Cartilage	4	2	0	0	0	0	gold.ecosystem:6804|gold.ecosystem:6806
Host-associated > Mammals > Skeletal system > Cartilage > Elastic	Host-associated	Mammals	Skeletal system	Cartilage	Elastic	Elastic	5	1	0	0	0	0	gold.ecosystem:6807
Host-associated > Mammals > Skeletal system > Cartilage > Fibrocartilage	Host-associated	Mammals	Skeletal system	Cartilage	Fibrocartilage	Fibrocartilage	5	1	0	0	0	0	gold.ecosystem:6809
Host-associated > Mammals > Skeletal system > Cartilage > Hyaline	Host-associated	Mammals	Skeletal system	Cartilage	Hyaline	Hyaline	5	1	0	0	0	0	gold.ecosystem:6808
Host-associated > Mammals > Skeletal system > Joint capsule	Host-associated	Mammals	Skeletal system	Joint capsule		Joint capsule	4	1	0	0	0	0	gold.ecosystem:6810
Host-associated > Mammals > Skeletal system > Joint capsule > Synovial fluid	Host-associated	Mammals	Skeletal system	Joint capsule	Synovial fluid	Synovial fluid	5	1	0	0	0	0	gold.ecosystem:6811
Host-associated > Mammals > Skeletal system > Joint capsule > Synovium	Host-associated	Mammals	Skeletal system	Joint capsule	Synovium	Synovium	5	1	0	0	0	0	gold.ecosystem:6812
Host-associated > Mammals > Tumor	Host-associated	Mammals	Tumor			Tumor	3	3	0	0	0	0	gold.ecosystem:7620|gold.ecosystem:7625|gold.ecosystem:7626
Host-associated > Mammals > Tumor > Benign tumor tissue	Host-associated	Mammals	Tumor	Benign tumor tissue		Benign tumor tissue	4	2	0	0	0	0	gold.ecosystem:7621|gold.ecosystem:7622
Host-associated > Mammals > Tumor > Malignant tumor tissue	Host-associated	Mammals	Tumor	Malignant tumor tissue		Malignant tumor tissue	4	2	0	0	0	0	gold.ecosystem:7623|gold.ecosystem:7624
Host-associated > Mammals > Unspecified system	Host-associated	Mammals	Unspecified system			Unspecified system	3	1	0	0	0	0	gold.ecosystem:6448
Host-associated > Mammals > Unspecified system > Unspecified organ	Host-associated	Mammals	Unspecified system	Unspecified organ		Unspecified organ	4	1	0	0	0	0	gold.ecosystem:6449
Host-associated > Mammals > Urinary system > Kidney > Kidney stones	Host-associated	Mammals	Urinary system	Kidney	Kidney stones	Kidney stones	5	1	0	0	0	0	gold.ecosystem:6822
Host-associated > Mammals > Urinary system > Urinary bladder	Host-associated	Mammals	Urinary system	Urinary bladder		Urinary bladder	4	2	0	0	0	0	gold.ecosystem:6823|gold.ecosystem:6824
Host-associated > Mammals > Visual system	Host-associated	Mammals	Visual system			Visual system	3	1	0	0	0	0	gold.ecosystem:6407
Host-associated > Mammals > Visual system > Canthus	Host-associated	Mammals	Visual system	Canthus		Canthus	4	2	0	0	0	0	gold.ecosystem:6877|gold.ecosystem:6878
Host-associated > Mammals > Visual system > Eye > Cornea	Host-associated	Mammals	Visual system	Eye	Cornea	Cornea	5	1	0	0	0	0	gold.ecosystem:6409
Host-associated > Mammals > Visual system > Eye > Lens	Host-associated	Mammals	Visual system	Eye	Lens	Lens	5	1	0	0	0	0	gold.ecosystem:6857
Host-associated > Mammals > Visual system > Eye: Ciliary body	Host-associated	Mammals	Visual system	Eye: Ciliary body		Eye: Ciliary body	4	1	0	0	0	0	gold.ecosystem:6875
Host-associated > Mammals > Visual system > Eye: Ciliary body > Intraocular fluid/Aqueous humor	Host-associated	Mammals	Visual system	Eye: Ciliary body	Intraocular fluid/Aqueous humor	Intraocular fluid/Aqueous humor	5	1	0	0	0	0	gold.ecosystem:6876
Host-associated > Mammals > Visual system > Eye: Vitreous chamber	Host-associated	Mammals	Visual system	Eye: Vitreous chamber		Eye: Vitreous chamber	4	1	0	0	0	0	gold.ecosystem:6873
Host-associated > Mammals > Visual system > Eye: Vitreous chamber > Vitreous humor	Host-associated	Mammals	Visual system	Eye: Vitreous chamber	Vitreous humor	Vitreous humor	5	1	0	0	0	0	gold.ecosystem:6874
Host-associated > Mammals: Human > Abdominal/Peritoneal cavity > Ascites > Malignant ascites	Host-associated	Mammals: Human	Abdominal/Peritoneal cavity	Ascites	Malignant ascites	Malignant ascites	5	1	0	0	0	0	gold.ecosystem:6168
Host-associated > Mammals: Human > Abdominal/Peritoneal cavity > Peritoneum	Host-associated	Mammals: Human	Abdominal/Peritoneal cavity	Peritoneum		Peritoneum	4	2	0	0	0	0	gold.ecosystem:6516|gold.ecosystem:6517
Host-associated > Mammals: Human > Auditory/Hearing system	Host-associated	Mammals: Human	Auditory/Hearing system			Auditory/Hearing system	3	3	0	0	0	0	gold.ecosystem:6267|gold.ecosystem:7050|gold.ecosystem:7051
Host-associated > Mammals: Human > Auditory/Hearing system > Inner ear	Host-associated	Mammals: Human	Auditory/Hearing system	Inner ear		Inner ear	4	2	0	0	0	0	gold.ecosystem:6642|gold.ecosystem:6643
Host-associated > Mammals: Human > Auditory/Hearing system > Middle ear > Eustachian tube	Host-associated	Mammals: Human	Auditory/Hearing system	Middle ear	Eustachian tube	Eustachian tube	5	1	0	0	0	0	gold.ecosystem:6641
Host-associated > Mammals: Human > Benign tumor	Host-associated	Mammals: Human	Benign tumor			Benign tumor	3	3	0	0	0	0	gold.ecosystem:6223|gold.ecosystem:6224|gold.ecosystem:6225
Host-associated > Mammals: Human > Benign tumor > Adenoma	Host-associated	Mammals: Human	Benign tumor	Adenoma		Adenoma	4	2	0	0	0	0	gold.ecosystem:6647|gold.ecosystem:6648
Host-associated > Mammals: Human > Benign tumor > Adenoma > Colorectal polyps	Host-associated	Mammals: Human	Benign tumor	Adenoma	Colorectal polyps	Colorectal polyps	5	1	0	0	0	0	gold.ecosystem:6649
Host-associated > Mammals: Human > Benign tumor > Dermoid	Host-associated	Mammals: Human	Benign tumor	Dermoid		Dermoid	4	2	0	0	0	0	gold.ecosystem:6991|gold.ecosystem:6992
Host-associated > Mammals: Human > Benign tumor > Epidermoid	Host-associated	Mammals: Human	Benign tumor	Epidermoid		Epidermoid	4	2	0	0	0	0	gold.ecosystem:6999|gold.ecosystem:7000
Host-associated > Mammals: Human > Benign tumor > Fibroma	Host-associated	Mammals: Human	Benign tumor	Fibroma		Fibroma	4	2	0	0	0	0	gold.ecosystem:6660|gold.ecosystem:6661
Host-associated > Mammals: Human > Benign tumor > Ganglion	Host-associated	Mammals: Human	Benign tumor	Ganglion		Ganglion	4	2	0	0	0	0	gold.ecosystem:6993|gold.ecosystem:6994
Host-associated > Mammals: Human > Benign tumor > Granuloma	Host-associated	Mammals: Human	Benign tumor	Granuloma		Granuloma	4	2	0	0	0	0	gold.ecosystem:6308|gold.ecosystem:6309
Host-associated > Mammals: Human > Benign tumor > Hyperplastic/Inflammatory polyps	Host-associated	Mammals: Human	Benign tumor	Hyperplastic/Inflammatory polyps		Hyperplastic/Inflammatory polyps	4	1	0	0	0	0	gold.ecosystem:6654
Host-associated > Mammals: Human > Benign tumor > Hyperplastic/Inflammatory polyps > Colonic	Host-associated	Mammals: Human	Benign tumor	Hyperplastic/Inflammatory polyps	Colonic	Colonic	5	1	0	0	0	0	gold.ecosystem:6655
Host-associated > Mammals: Human > Benign tumor > Lipoma	Host-associated	Mammals: Human	Benign tumor	Lipoma		Lipoma	4	2	0	0	0	0	gold.ecosystem:6645|gold.ecosystem:6646
Host-associated > Mammals: Human > Benign tumor > Myoma	Host-associated	Mammals: Human	Benign tumor	Myoma		Myoma	4	2	0	0	0	0	gold.ecosystem:6658|gold.ecosystem:6659
Host-associated > Mammals: Human > Benign tumor > Nevi/Moles	Host-associated	Mammals: Human	Benign tumor	Nevi/Moles		Nevi/Moles	4	2	0	0	0	0	gold.ecosystem:6662|gold.ecosystem:6663
Host-associated > Mammals: Human > Benign tumor > Osteoma	Host-associated	Mammals: Human	Benign tumor	Osteoma		Osteoma	4	2	0	0	0	0	gold.ecosystem:6656|gold.ecosystem:6657
Host-associated > Mammals: Human > Benign tumor > Papillomas	Host-associated	Mammals: Human	Benign tumor	Papillomas		Papillomas	4	2	0	0	0	0	gold.ecosystem:6671|gold.ecosystem:6672
Host-associated > Mammals: Human > Benign tumor > Pilomatrixoma	Host-associated	Mammals: Human	Benign tumor	Pilomatrixoma		Pilomatrixoma	4	2	0	0	0	0	gold.ecosystem:6995|gold.ecosystem:6996
Host-associated > Mammals: Human > Benign tumor > Polyps	Host-associated	Mammals: Human	Benign tumor	Polyps		Polyps	4	1	0	0	0	0	gold.ecosystem:6242
Host-associated > Mammals: Human > Benign tumor > Polyps > Aural	Host-associated	Mammals: Human	Benign tumor	Polyps	Aural	Aural	5	1	0	0	0	0	gold.ecosystem:6650
Host-associated > Mammals: Human > Benign tumor > Polyps > Bladder	Host-associated	Mammals: Human	Benign tumor	Polyps	Bladder	Bladder	5	1	0	0	0	0	gold.ecosystem:6653
Host-associated > Mammals: Human > Benign tumor > Polyps > Cervical	Host-associated	Mammals: Human	Benign tumor	Polyps	Cervical	Cervical	5	1	0	0	0	0	gold.ecosystem:6652
Host-associated > Mammals: Human > Benign tumor > Polyps > Endometrial/Uterine	Host-associated	Mammals: Human	Benign tumor	Polyps	Endometrial/Uterine	Endometrial/Uterine	5	1	0	0	0	0	gold.ecosystem:6651
Host-associated > Mammals: Human > Benign tumor > Polyps > Nasal	Host-associated	Mammals: Human	Benign tumor	Polyps	Nasal	Nasal	5	1	0	0	0	0	gold.ecosystem:6243
Host-associated > Mammals: Human > Benign tumor > Pyogenic granuloma	Host-associated	Mammals: Human	Benign tumor	Pyogenic granuloma		Pyogenic granuloma	4	2	0	0	0	0	gold.ecosystem:6997|gold.ecosystem:6998
Host-associated > Mammals: Human > Benign tumor > Skin tag	Host-associated	Mammals: Human	Benign tumor	Skin tag		Skin tag	4	2	0	0	0	0	gold.ecosystem:6231|gold.ecosystem:6232
Host-associated > Mammals: Human > Benign tumor > Skin tag > Surface	Host-associated	Mammals: Human	Benign tumor	Skin tag	Surface	Surface	5	1	0	0	0	0	gold.ecosystem:6234
Host-associated > Mammals: Human > Benign tumor > Skin tag > Tissue	Host-associated	Mammals: Human	Benign tumor	Skin tag	Tissue	Tissue	5	1	0	0	0	0	gold.ecosystem:6233
Host-associated > Mammals: Human > Benign tumor > Verrucas	Host-associated	Mammals: Human	Benign tumor	Verrucas		Verrucas	4	2	0	0	0	0	gold.ecosystem:6669|gold.ecosystem:6670
Host-associated > Mammals: Human > Benign tumor > Wart	Host-associated	Mammals: Human	Benign tumor	Wart		Wart	4	2	0	0	0	0	gold.ecosystem:6226|gold.ecosystem:6227
Host-associated > Mammals: Human > Benign tumor > Wart > Common warts	Host-associated	Mammals: Human	Benign tumor	Wart	Common warts	Common warts	5	1	0	0	0	0	gold.ecosystem:6664
Host-associated > Mammals: Human > Benign tumor > Wart > Filiform warts	Host-associated	Mammals: Human	Benign tumor	Wart	Filiform warts	Filiform warts	5	1	0	0	0	0	gold.ecosystem:6668
Host-associated > Mammals: Human > Benign tumor > Wart > Flat warts	Host-associated	Mammals: Human	Benign tumor	Wart	Flat warts	Flat warts	5	1	0	0	0	0	gold.ecosystem:6667
Host-associated > Mammals: Human > Benign tumor > Wart > Genital warts	Host-associated	Mammals: Human	Benign tumor	Wart	Genital warts	Genital warts	5	1	0	0	0	0	gold.ecosystem:6666
Host-associated > Mammals: Human > Benign tumor > Wart > Plantar warts	Host-associated	Mammals: Human	Benign tumor	Wart	Plantar warts	Plantar warts	5	1	0	0	0	0	gold.ecosystem:6665
Host-associated > Mammals: Human > Benign tumor > Wart > Surface	Host-associated	Mammals: Human	Benign tumor	Wart	Surface	Surface	5	1	0	0	0	0	gold.ecosystem:6229
Host-associated > Mammals: Human > Benign tumor > Wart > Tissue	Host-associated	Mammals: Human	Benign tumor	Wart	Tissue	Tissue	5	1	0	0	0	0	gold.ecosystem:6228
Host-associated > Mammals: Human > Cell Line	Host-associated	Mammals: Human	Cell Line			Cell Line	3	3	0	0	0	0	gold.ecosystem:4830|gold.ecosystem:5459|gold.ecosystem:5460
Host-associated > Mammals: Human > Cell Line > CaSki	Host-associated	Mammals: Human	Cell Line	CaSki		CaSki	4	2	0	0	0	0	gold.ecosystem:6191|gold.ecosystem:6192
Host-associated > Mammals: Human > Cell Line > HEK293	Host-associated	Mammals: Human	Cell Line	HEK293		HEK293	4	2	0	0	0	0	gold.ecosystem:6554|gold.ecosystem:6555
Host-associated > Mammals: Human > Cell Line > HeLa	Host-associated	Mammals: Human	Cell Line	HeLa		HeLa	4	2	0	0	0	0	gold.ecosystem:4831|gold.ecosystem:4832
Host-associated > Mammals: Human > Cell culture	Host-associated	Mammals: Human	Cell culture			Cell culture	3	3	0	0	0	0	gold.ecosystem:6252|gold.ecosystem:6556|gold.ecosystem:6557
Host-associated > Mammals: Human > Cell culture > HuSC	Host-associated	Mammals: Human	Cell culture	HuSC		HuSC	4	2	0	0	0	0	gold.ecosystem:6253|gold.ecosystem:6254
Host-associated > Mammals: Human > Circulatory system > Blood > Arterial	Host-associated	Mammals: Human	Circulatory system	Blood	Arterial	Arterial	5	1	0	0	0	0	gold.ecosystem:6605
Host-associated > Mammals: Human > Circulatory system > Blood > Buffy coat	Host-associated	Mammals: Human	Circulatory system	Blood	Buffy coat	Buffy coat	5	1	0	0	0	0	gold.ecosystem:6604
Host-associated > Mammals: Human > Circulatory system > Blood > PBMC	Host-associated	Mammals: Human	Circulatory system	Blood	PBMC	PBMC	5	1	0	0	0	0	gold.ecosystem:6217
Host-associated > Mammals: Human > Circulatory system > Heart > Atria	Host-associated	Mammals: Human	Circulatory system	Heart	Atria	Atria	5	1	0	0	0	0	gold.ecosystem:6609
Host-associated > Mammals: Human > Circulatory system > Heart > Cardiac skeleton	Host-associated	Mammals: Human	Circulatory system	Heart	Cardiac skeleton	Cardiac skeleton	5	1	0	0	0	0	gold.ecosystem:6613
Host-associated > Mammals: Human > Circulatory system > Heart > Heart wall	Host-associated	Mammals: Human	Circulatory system	Heart	Heart wall	Heart wall	5	1	0	0	0	0	gold.ecosystem:6611
Host-associated > Mammals: Human > Circulatory system > Heart > Septum	Host-associated	Mammals: Human	Circulatory system	Heart	Septum	Septum	5	1	0	0	0	0	gold.ecosystem:6612
Host-associated > Mammals: Human > Circulatory system > Heart > Tricuspid valve	Host-associated	Mammals: Human	Circulatory system	Heart	Tricuspid valve	Tricuspid valve	5	1	0	0	0	0	gold.ecosystem:6244
Host-associated > Mammals: Human > Circulatory system > Heart > Ventricle	Host-associated	Mammals: Human	Circulatory system	Heart	Ventricle	Ventricle	5	1	0	0	0	0	gold.ecosystem:6610
Host-associated > Mammals: Human > Connective tissue	Host-associated	Mammals: Human	Connective tissue			Connective tissue	3	1	0	0	0	0	gold.ecosystem:6596
Host-associated > Mammals: Human > Connective tissue > Fascia	Host-associated	Mammals: Human	Connective tissue	Fascia		Fascia	4	2	0	0	0	0	gold.ecosystem:6599|gold.ecosystem:6600
Host-associated > Mammals: Human > Connective tissue > Ligament	Host-associated	Mammals: Human	Connective tissue	Ligament		Ligament	4	2	0	0	0	0	gold.ecosystem:6597|gold.ecosystem:6598
Host-associated > Mammals: Human > Connective tissue > Tendons	Host-associated	Mammals: Human	Connective tissue	Tendons		Tendons	4	2	0	0	0	0	gold.ecosystem:6601|gold.ecosystem:6602
Host-associated > Mammals: Human > Digestive system > Biliary tract	Host-associated	Mammals: Human	Digestive system	Biliary tract		Biliary tract	4	1	0	0	0	0	gold.ecosystem:6088
Host-associated > Mammals: Human > Digestive system > Biliary tract > Bile ducts: Bile	Host-associated	Mammals: Human	Digestive system	Biliary tract	Bile ducts: Bile	Bile ducts: Bile	5	1	0	0	0	0	gold.ecosystem:6181
Host-associated > Mammals: Human > Digestive system > Biliary tract > Gallbladder stones	Host-associated	Mammals: Human	Digestive system	Biliary tract	Gallbladder stones	Gallbladder stones	5	1	0	0	0	0	gold.ecosystem:6294
Host-associated > Mammals: Human > Digestive system > Biliary tract > Hepatic cysts	Host-associated	Mammals: Human	Digestive system	Biliary tract	Hepatic cysts	Hepatic cysts	5	1	0	0	0	0	gold.ecosystem:7018
Host-associated > Mammals: Human > Digestive system > Esophagus	Host-associated	Mammals: Human	Digestive system	Esophagus		Esophagus	4	2	0	0	0	0	gold.ecosystem:6430|gold.ecosystem:6431
Host-associated > Mammals: Human > Digestive system > Esophagus > Esophageal ulcer	Host-associated	Mammals: Human	Digestive system	Esophagus	Esophageal ulcer	Esophageal ulcer	5	1	0	0	0	0	gold.ecosystem:7023
Host-associated > Mammals: Human > Digestive system > Large intestine > Ascending colon	Host-associated	Mammals: Human	Digestive system	Large intestine	Ascending colon	Ascending colon	5	1	0	0	0	0	gold.ecosystem:6106
Host-associated > Mammals: Human > Digestive system > Large intestine > Hepatic flexure	Host-associated	Mammals: Human	Digestive system	Large intestine	Hepatic flexure	Hepatic flexure	5	1	0	0	0	0	gold.ecosystem:6439
Host-associated > Mammals: Human > Digestive system > Large intestine > Splenic flexure	Host-associated	Mammals: Human	Digestive system	Large intestine	Splenic flexure	Splenic flexure	5	1	0	0	0	0	gold.ecosystem:6440
Host-associated > Mammals: Human > Digestive system > Large intestine > Transverse colon	Host-associated	Mammals: Human	Digestive system	Large intestine	Transverse colon	Transverse colon	5	1	0	0	0	0	gold.ecosystem:6438
Host-associated > Mammals: Human > Digestive system > Lower gastrointestinal tract > Intestinal mucosa	Host-associated	Mammals: Human	Digestive system	Lower gastrointestinal tract	Intestinal mucosa	Intestinal mucosa	5	1	0	0	0	0	gold.ecosystem:6093
Host-associated > Mammals: Human > Digestive system > Oral cavity > Attached/Keratinized gingiva	Host-associated	Mammals: Human	Digestive system	Oral cavity	Attached/Keratinized gingiva	Attached/Keratinized gingiva	5	1	0	0	0	0	gold.ecosystem:3910
Host-associated > Mammals: Human > Digestive system > Oral cavity > Buccal mucosa	Host-associated	Mammals: Human	Digestive system	Oral cavity	Buccal mucosa	Buccal mucosa	5	1	0	0	0	0	gold.ecosystem:3915
Host-associated > Mammals: Human > Digestive system > Oral cavity > Dental calculus	Host-associated	Mammals: Human	Digestive system	Oral cavity	Dental calculus	Dental calculus	5	1	0	0	0	0	gold.ecosystem:6098
Host-associated > Mammals: Human > Digestive system > Oral cavity > Gingival crevicular fluids	Host-associated	Mammals: Human	Digestive system	Oral cavity	Gingival crevicular fluids	Gingival crevicular fluids	5	1	0	0	0	0	gold.ecosystem:6445
Host-associated > Mammals: Human > Digestive system > Oral cavity > Hard palate	Host-associated	Mammals: Human	Digestive system	Oral cavity	Hard palate	Hard palate	5	1	0	0	0	0	gold.ecosystem:3918
Host-associated > Mammals: Human > Digestive system > Oral cavity > Mouth ulcer	Host-associated	Mammals: Human	Digestive system	Oral cavity	Mouth ulcer	Mouth ulcer	5	1	0	0	0	0	gold.ecosystem:7020
Host-associated > Mammals: Human > Digestive system > Oral cavity > Mucus	Host-associated	Mammals: Human	Digestive system	Oral cavity	Mucus	Mucus	5	1	0	0	0	0	gold.ecosystem:6443
Host-associated > Mammals: Human > Digestive system > Oral cavity > Oral mucosa	Host-associated	Mammals: Human	Digestive system	Oral cavity	Oral mucosa	Oral mucosa	5	1	0	0	0	0	gold.ecosystem:6094
Host-associated > Mammals: Human > Digestive system > Oral cavity > Salivary glands	Host-associated	Mammals: Human	Digestive system	Oral cavity	Salivary glands	Salivary glands	5	1	0	0	0	0	gold.ecosystem:6441
Host-associated > Mammals: Human > Digestive system > Oral cavity > Salivary glands: Parotid glands	Host-associated	Mammals: Human	Digestive system	Oral cavity	Salivary glands: Parotid glands	Salivary glands: Parotid glands	5	1	0	0	0	0	gold.ecosystem:6442
Host-associated > Mammals: Human > Digestive system > Oral cavity > Tongue dorsum	Host-associated	Mammals: Human	Digestive system	Oral cavity	Tongue dorsum	Tongue dorsum	5	1	0	0	0	0	gold.ecosystem:3911
Host-associated > Mammals: Human > Digestive system > Oral cavity > Tooth: Cementum	Host-associated	Mammals: Human	Digestive system	Oral cavity	Tooth: Cementum	Tooth: Cementum	5	1	0	0	0	0	gold.ecosystem:6444
Host-associated > Mammals: Human > Digestive system > Pancreas	Host-associated	Mammals: Human	Digestive system	Pancreas		Pancreas	4	2	0	0	0	0	gold.ecosystem:6496|gold.ecosystem:6497
Host-associated > Mammals: Human > Digestive system > Pancreas > Pancreatic duct	Host-associated	Mammals: Human	Digestive system	Pancreas	Pancreatic duct	Pancreatic duct	5	1	0	0	0	0	gold.ecosystem:6498
Host-associated > Mammals: Human > Digestive system > Pharynx/Throat > Peritonsillar abscess	Host-associated	Mammals: Human	Digestive system	Pharynx/Throat	Peritonsillar abscess	Peritonsillar abscess	5	1	0	0	0	0	gold.ecosystem:7019
Host-associated > Mammals: Human > Digestive system > Small intestine > Duodenal ulcer	Host-associated	Mammals: Human	Digestive system	Small intestine	Duodenal ulcer	Duodenal ulcer	5	1	0	0	0	0	gold.ecosystem:7021
Host-associated > Mammals: Human > Digestive system > Small intestine > Ileostomy effluent	Host-associated	Mammals: Human	Digestive system	Small intestine	Ileostomy effluent	Ileostomy effluent	5	1	0	0	0	0	gold.ecosystem:6255
Host-associated > Mammals: Human > Digestive system > Small intestine > Intestinal mucosa	Host-associated	Mammals: Human	Digestive system	Small intestine	Intestinal mucosa	Intestinal mucosa	5	1	0	0	0	0	gold.ecosystem:6434
Host-associated > Mammals: Human > Digestive system > Small intestine > Jejunum	Host-associated	Mammals: Human	Digestive system	Small intestine	Jejunum	Jejunum	5	1	0	0	0	0	gold.ecosystem:6433
Host-associated > Mammals: Human > Digestive system > Stomach > Chyme	Host-associated	Mammals: Human	Digestive system	Stomach	Chyme	Chyme	5	1	0	0	0	0	gold.ecosystem:6432
Host-associated > Mammals: Human > Digestive system > Stomach > Gastric ulcer	Host-associated	Mammals: Human	Digestive system	Stomach	Gastric ulcer	Gastric ulcer	5	1	0	0	0	0	gold.ecosystem:7022
Host-associated > Mammals: Human > Endocrine system	Host-associated	Mammals: Human	Endocrine system			Endocrine system	3	3	0	0	0	0	gold.ecosystem:6546|gold.ecosystem:7060|gold.ecosystem:7061
Host-associated > Mammals: Human > Endocrine system > Endocrine gland	Host-associated	Mammals: Human	Endocrine system	Endocrine gland		Endocrine gland	4	2	0	0	0	0	gold.ecosystem:6547|gold.ecosystem:7059
Host-associated > Mammals: Human > Endocrine system > Endocrine gland > Adrenal glands	Host-associated	Mammals: Human	Endocrine system	Endocrine gland	Adrenal glands	Adrenal glands	5	1	0	0	0	0	gold.ecosystem:6551
Host-associated > Mammals: Human > Endocrine system > Endocrine gland > Hypophysis/Pituitary gland	Host-associated	Mammals: Human	Endocrine system	Endocrine gland	Hypophysis/Pituitary gland	Hypophysis/Pituitary gland	5	1	0	0	0	0	gold.ecosystem:6548
Host-associated > Mammals: Human > Endocrine system > Endocrine gland > Parathyroid	Host-associated	Mammals: Human	Endocrine system	Endocrine gland	Parathyroid	Parathyroid	5	1	0	0	0	0	gold.ecosystem:6550
Host-associated > Mammals: Human > Endocrine system > Endocrine gland > Pineal gland/Epiphysis cerebri	Host-associated	Mammals: Human	Endocrine system	Endocrine gland	Pineal gland/Epiphysis cerebri	Pineal gland/Epiphysis cerebri	5	1	0	0	0	0	gold.ecosystem:6552
Host-associated > Mammals: Human > Endocrine system > Endocrine gland > Thymus	Host-associated	Mammals: Human	Endocrine system	Endocrine gland	Thymus	Thymus	5	1	0	0	0	0	gold.ecosystem:6553
Host-associated > Mammals: Human > Endocrine system > Endocrine gland > Thyroid	Host-associated	Mammals: Human	Endocrine system	Endocrine gland	Thyroid	Thyroid	5	1	0	0	0	0	gold.ecosystem:6549
Host-associated > Mammals: Human > Fetus > Amniotic sac	Host-associated	Mammals: Human	Fetus	Amniotic sac		Amniotic sac	4	2	0	0	0	0	gold.ecosystem:6327|gold.ecosystem:6328
Host-associated > Mammals: Human > Fetus > Fetal tissue	Host-associated	Mammals: Human	Fetus	Fetal tissue		Fetal tissue	4	2	0	0	0	0	gold.ecosystem:6325|gold.ecosystem:6330
Host-associated > Mammals: Human > Fetus > Fetal tissue > Chorionic villi	Host-associated	Mammals: Human	Fetus	Fetal tissue	Chorionic villi	Chorionic villi	5	1	0	0	0	0	gold.ecosystem:6576
Host-associated > Mammals: Human > Fetus > Fetal tissue > Umbilical cord	Host-associated	Mammals: Human	Fetus	Fetal tissue	Umbilical cord	Umbilical cord	5	1	0	0	0	0	gold.ecosystem:6574
Host-associated > Mammals: Human > Fetus > Fetal tissue > Umbilical cord blood	Host-associated	Mammals: Human	Fetus	Fetal tissue	Umbilical cord blood	Umbilical cord blood	5	1	0	0	0	0	gold.ecosystem:6575
Host-associated > Mammals: Human > Integumentary system	Host-associated	Mammals: Human	Integumentary system			Integumentary system	3	3	0	0	0	0	gold.ecosystem:6113|gold.ecosystem:7065|gold.ecosystem:7066
Host-associated > Mammals: Human > Integumentary system > Adipose tissue > Subcutaneous fat	Host-associated	Mammals: Human	Integumentary system	Adipose tissue	Subcutaneous fat	Subcutaneous fat	5	1	0	0	0	0	gold.ecosystem:6514
Host-associated > Mammals: Human > Integumentary system > Adipose tissue > Visceral fat	Host-associated	Mammals: Human	Integumentary system	Adipose tissue	Visceral fat	Visceral fat	5	1	0	0	0	0	gold.ecosystem:6515
Host-associated > Mammals: Human > Integumentary system > Apocrine sweat glands	Host-associated	Mammals: Human	Integumentary system	Apocrine sweat glands		Apocrine sweat glands	4	2	0	0	0	0	gold.ecosystem:6863|gold.ecosystem:6867
Host-associated > Mammals: Human > Integumentary system > Apocrine sweat glands > Sweat	Host-associated	Mammals: Human	Integumentary system	Apocrine sweat glands	Sweat	Sweat	5	1	0	0	0	0	gold.ecosystem:6864
Host-associated > Mammals: Human > Integumentary system > Apoeccrine sweat glands	Host-associated	Mammals: Human	Integumentary system	Apoeccrine sweat glands		Apoeccrine sweat glands	4	2	0	0	0	0	gold.ecosystem:6865|gold.ecosystem:6868
Host-associated > Mammals: Human > Integumentary system > Apoeccrine sweat glands > Sweat	Host-associated	Mammals: Human	Integumentary system	Apoeccrine sweat glands	Sweat	Sweat	5	1	0	0	0	0	gold.ecosystem:6866
Host-associated > Mammals: Human > Integumentary system > Ceruminous glands	Host-associated	Mammals: Human	Integumentary system	Ceruminous glands		Ceruminous glands	4	2	0	0	0	0	gold.ecosystem:7024|gold.ecosystem:7062
Host-associated > Mammals: Human > Integumentary system > Ceruminous glands > Cerumen/Earwax	Host-associated	Mammals: Human	Integumentary system	Ceruminous glands	Cerumen/Earwax	Cerumen/Earwax	5	1	0	0	0	0	gold.ecosystem:7025
Host-associated > Mammals: Human > Integumentary system > Eccrine sweat glands	Host-associated	Mammals: Human	Integumentary system	Eccrine sweat glands		Eccrine sweat glands	4	2	0	0	0	0	gold.ecosystem:6860|gold.ecosystem:6861
Host-associated > Mammals: Human > Integumentary system > Eccrine sweat glands > Sweat	Host-associated	Mammals: Human	Integumentary system	Eccrine sweat glands	Sweat	Sweat	5	1	0	0	0	0	gold.ecosystem:6862
Host-associated > Mammals: Human > Integumentary system > Hair	Host-associated	Mammals: Human	Integumentary system	Hair		Hair	4	2	0	0	0	0	gold.ecosystem:7041|gold.ecosystem:7042
Host-associated > Mammals: Human > Integumentary system > Hair > Hair roots	Host-associated	Mammals: Human	Integumentary system	Hair	Hair roots	Hair roots	5	1	0	0	0	0	gold.ecosystem:7043
Host-associated > Mammals: Human > Integumentary system > Hair > Hair shaft	Host-associated	Mammals: Human	Integumentary system	Hair	Hair shaft	Hair shaft	5	1	0	0	0	0	gold.ecosystem:7044
Host-associated > Mammals: Human > Integumentary system > Lacrimal apparatus	Host-associated	Mammals: Human	Integumentary system	Lacrimal apparatus		Lacrimal apparatus	4	2	0	0	0	0	gold.ecosystem:6318|gold.ecosystem:7063
Host-associated > Mammals: Human > Integumentary system > Lacrimal apparatus > Lacrimal fluids	Host-associated	Mammals: Human	Integumentary system	Lacrimal apparatus	Lacrimal fluids	Lacrimal fluids	5	1	0	0	0	0	gold.ecosystem:6511
Host-associated > Mammals: Human > Integumentary system > Lacrimal apparatus > Lacrimal glands	Host-associated	Mammals: Human	Integumentary system	Lacrimal apparatus	Lacrimal glands	Lacrimal glands	5	1	0	0	0	0	gold.ecosystem:6507
Host-associated > Mammals: Human > Integumentary system > Lacrimal apparatus > Lacrimal sac	Host-associated	Mammals: Human	Integumentary system	Lacrimal apparatus	Lacrimal sac	Lacrimal sac	5	1	0	0	0	0	gold.ecosystem:6510
Host-associated > Mammals: Human > Integumentary system > Lacrimal apparatus > Nasolacrimal canal	Host-associated	Mammals: Human	Integumentary system	Lacrimal apparatus	Nasolacrimal canal	Nasolacrimal canal	5	1	0	0	0	0	gold.ecosystem:6509
Host-associated > Mammals: Human > Integumentary system > Lacrimal apparatus > Tears	Host-associated	Mammals: Human	Integumentary system	Lacrimal apparatus	Tears	Tears	5	1	0	0	0	0	gold.ecosystem:6508
Host-associated > Mammals: Human > Integumentary system > Mammary gland > Breast cyst	Host-associated	Mammals: Human	Integumentary system	Mammary gland	Breast cyst	Breast cyst	5	1	0	0	0	0	gold.ecosystem:7008
Host-associated > Mammals: Human > Integumentary system > Mammary gland > Discharge	Host-associated	Mammals: Human	Integumentary system	Mammary gland	Discharge	Discharge	5	1	0	0	0	0	gold.ecosystem:6506
Host-associated > Mammals: Human > Integumentary system > Meibomian glands	Host-associated	Mammals: Human	Integumentary system	Meibomian glands		Meibomian glands	4	2	0	0	0	0	gold.ecosystem:7030|gold.ecosystem:7031
Host-associated > Mammals: Human > Integumentary system > Meibomian glands > Meibum	Host-associated	Mammals: Human	Integumentary system	Meibomian glands	Meibum	Meibum	5	1	0	0	0	0	gold.ecosystem:7032
Host-associated > Mammals: Human > Integumentary system > Nails	Host-associated	Mammals: Human	Integumentary system	Nails		Nails	4	2	0	0	0	0	gold.ecosystem:6858|gold.ecosystem:6859
Host-associated > Mammals: Human > Integumentary system > Sebaceous glands	Host-associated	Mammals: Human	Integumentary system	Sebaceous glands		Sebaceous glands	4	2	0	0	0	0	gold.ecosystem:7026|gold.ecosystem:7027
Host-associated > Mammals: Human > Integumentary system > Sebaceous glands > Sebum	Host-associated	Mammals: Human	Integumentary system	Sebaceous glands	Sebum	Sebum	5	1	0	0	0	0	gold.ecosystem:7028
Host-associated > Mammals: Human > Integumentary system > Sebaceous glands > Stye	Host-associated	Mammals: Human	Integumentary system	Sebaceous glands	Stye	Stye	5	1	0	0	0	0	gold.ecosystem:7029
Host-associated > Mammals: Human > Integumentary system > Skin > Abscess: Furuncle/Boil	Host-associated	Mammals: Human	Integumentary system	Skin	Abscess: Furuncle/Boil	Abscess: Furuncle/Boil	5	1	0	0	0	0	gold.ecosystem:7010
Host-associated > Mammals: Human > Integumentary system > Skin > Abscess: Pilonidal sinus	Host-associated	Mammals: Human	Integumentary system	Skin	Abscess: Pilonidal sinus	Abscess: Pilonidal sinus	5	1	0	0	0	0	gold.ecosystem:7009
Host-associated > Mammals: Human > Integumentary system > Skin > Athlete's foot	Host-associated	Mammals: Human	Integumentary system	Skin	Athlete's foot	Athlete's foot	5	1	0	0	0	0	gold.ecosystem:7017
Host-associated > Mammals: Human > Integumentary system > Skin > Auricle/Pinna	Host-associated	Mammals: Human	Integumentary system	Skin	Auricle/Pinna	Auricle/Pinna	5	1	0	0	0	0	gold.ecosystem:6502
Host-associated > Mammals: Human > Integumentary system > Skin > Cutaneous leishmaniasis	Host-associated	Mammals: Human	Integumentary system	Skin	Cutaneous leishmaniasis	Cutaneous leishmaniasis	5	1	0	0	0	0	gold.ecosystem:6165
Host-associated > Mammals: Human > Integumentary system > Skin > Cuticle	Host-associated	Mammals: Human	Integumentary system	Skin	Cuticle	Cuticle	5	1	0	0	0	0	gold.ecosystem:6501
Host-associated > Mammals: Human > Integumentary system > Skin > Dermal papilla	Host-associated	Mammals: Human	Integumentary system	Skin	Dermal papilla	Dermal papilla	5	1	0	0	0	0	gold.ecosystem:7040
Host-associated > Mammals: Human > Integumentary system > Skin > Dermis	Host-associated	Mammals: Human	Integumentary system	Skin	Dermis	Dermis	5	1	0	0	0	0	gold.ecosystem:6499
Host-associated > Mammals: Human > Integumentary system > Skin > Diabetic foot ulcer (DFU)	Host-associated	Mammals: Human	Integumentary system	Skin	Diabetic foot ulcer (DFU)	Diabetic foot ulcer (DFU)	5	1	0	0	0	0	gold.ecosystem:6164
Host-associated > Mammals: Human > Integumentary system > Skin > Eczema	Host-associated	Mammals: Human	Integumentary system	Skin	Eczema	Eczema	5	1	0	0	0	0	gold.ecosystem:7012
Host-associated > Mammals: Human > Integumentary system > Skin > Genital herpes	Host-associated	Mammals: Human	Integumentary system	Skin	Genital herpes	Genital herpes	5	1	0	0	0	0	gold.ecosystem:7016
Host-associated > Mammals: Human > Integumentary system > Skin > Genital region	Host-associated	Mammals: Human	Integumentary system	Skin	Genital region	Genital region	5	1	0	0	0	0	gold.ecosystem:6235
Host-associated > Mammals: Human > Integumentary system > Skin > Hair follicle	Host-associated	Mammals: Human	Integumentary system	Skin	Hair follicle	Hair follicle	5	1	0	0	0	0	gold.ecosystem:7039
Host-associated > Mammals: Human > Integumentary system > Skin > Herpes zoster/Shingles	Host-associated	Mammals: Human	Integumentary system	Skin	Herpes zoster/Shingles	Herpes zoster/Shingles	5	1	0	0	0	0	gold.ecosystem:7014
Host-associated > Mammals: Human > Integumentary system > Skin > Hypodermis/Subcutis	Host-associated	Mammals: Human	Integumentary system	Skin	Hypodermis/Subcutis	Hypodermis/Subcutis	5	1	0	0	0	0	gold.ecosystem:6500
Host-associated > Mammals: Human > Integumentary system > Skin > Nose follicle	Host-associated	Mammals: Human	Integumentary system	Skin	Nose follicle	Nose follicle	5	1	0	0	0	0	gold.ecosystem:7064
Host-associated > Mammals: Human > Integumentary system > Skin > Oral herpes	Host-associated	Mammals: Human	Integumentary system	Skin	Oral herpes	Oral herpes	5	1	0	0	0	0	gold.ecosystem:7015
Host-associated > Mammals: Human > Integumentary system > Skin > Psoriasis lesion	Host-associated	Mammals: Human	Integumentary system	Skin	Psoriasis lesion	Psoriasis lesion	5	1	0	0	0	0	gold.ecosystem:6230
Host-associated > Mammals: Human > Integumentary system > Skin > Retroauricular crease	Host-associated	Mammals: Human	Integumentary system	Skin	Retroauricular crease	Retroauricular crease	5	1	0	0	0	0	gold.ecosystem:6118
Host-associated > Mammals: Human > Integumentary system > Skin > Rosacea	Host-associated	Mammals: Human	Integumentary system	Skin	Rosacea	Rosacea	5	1	0	0	0	0	gold.ecosystem:7013
Host-associated > Mammals: Human > Integumentary system > Skin > Scalp	Host-associated	Mammals: Human	Integumentary system	Skin	Scalp	Scalp	5	1	0	0	0	0	gold.ecosystem:6129
Host-associated > Mammals: Human > Integumentary system > Skin > Scalp: Dandruff	Host-associated	Mammals: Human	Integumentary system	Skin	Scalp: Dandruff	Scalp: Dandruff	5	1	0	0	0	0	gold.ecosystem:6503
Host-associated > Mammals: Human > Integumentary system > Skin > Scalp: Non-dandruff	Host-associated	Mammals: Human	Integumentary system	Skin	Scalp: Non-dandruff	Scalp: Non-dandruff	5	1	0	0	0	0	gold.ecosystem:6504
Host-associated > Mammals: Human > Lymphatic system > Lymph duct	Host-associated	Mammals: Human	Lymphatic system	Lymph duct		Lymph duct	4	2	0	0	0	0	gold.ecosystem:6540|gold.ecosystem:6541
Host-associated > Mammals: Human > Lymphatic system > Lymph duct > Right	Host-associated	Mammals: Human	Lymphatic system	Lymph duct	Right	Right	5	1	0	0	0	0	gold.ecosystem:6542
Host-associated > Mammals: Human > Lymphatic system > Lymph duct > Thoracic	Host-associated	Mammals: Human	Lymphatic system	Lymph duct	Thoracic	Thoracic	5	1	0	0	0	0	gold.ecosystem:6543
Host-associated > Mammals: Human > Lymphatic system > Lymph nodes > Abdomen nodes	Host-associated	Mammals: Human	Lymphatic system	Lymph nodes	Abdomen nodes	Abdomen nodes	5	1	0	0	0	0	gold.ecosystem:6530
Host-associated > Mammals: Human > Lymphatic system > Lymph nodes > Arm nodes	Host-associated	Mammals: Human	Lymphatic system	Lymph nodes	Arm nodes	Arm nodes	5	1	0	0	0	0	gold.ecosystem:6531
Host-associated > Mammals: Human > Lymphatic system > Lymph nodes > Armpit nodes	Host-associated	Mammals: Human	Lymphatic system	Lymph nodes	Armpit nodes	Armpit nodes	5	1	0	0	0	0	gold.ecosystem:6532
Host-associated > Mammals: Human > Lymphatic system > Lymph nodes > Head nodes	Host-associated	Mammals: Human	Lymphatic system	Lymph nodes	Head nodes	Head nodes	5	1	0	0	0	0	gold.ecosystem:6528
Host-associated > Mammals: Human > Lymphatic system > Lymph nodes > Laryngopharyngeal	Host-associated	Mammals: Human	Lymphatic system	Lymph nodes	Laryngopharyngeal	Laryngopharyngeal	5	1	0	0	0	0	gold.ecosystem:6527
Host-associated > Mammals: Human > Lymphatic system > Lymph nodes > Leg nodes	Host-associated	Mammals: Human	Lymphatic system	Lymph nodes	Leg nodes	Leg nodes	5	1	0	0	0	0	gold.ecosystem:6534
Host-associated > Mammals: Human > Lymphatic system > Lymph nodes > Retropharyngeal	Host-associated	Mammals: Human	Lymphatic system	Lymph nodes	Retropharyngeal	Retropharyngeal	5	1	0	0	0	0	gold.ecosystem:6526
Host-associated > Mammals: Human > Lymphatic system > Lymph nodes > Thorax nodes	Host-associated	Mammals: Human	Lymphatic system	Lymph nodes	Thorax nodes	Thorax nodes	5	1	0	0	0	0	gold.ecosystem:6529
Host-associated > Mammals: Human > Lymphatic system > Lymphoid tissue	Host-associated	Mammals: Human	Lymphatic system	Lymphoid tissue		Lymphoid tissue	4	2	0	0	0	0	gold.ecosystem:6537|gold.ecosystem:6539
Host-associated > Mammals: Human > Lymphatic system > Lymphoid tissue > Lymphoid follicles	Host-associated	Mammals: Human	Lymphatic system	Lymphoid tissue	Lymphoid follicles	Lymphoid follicles	5	1	0	0	0	0	gold.ecosystem:6538
Host-associated > Mammals: Human > Lymphatic system > Peyer's patches	Host-associated	Mammals: Human	Lymphatic system	Peyer's patches		Peyer's patches	4	2	0	0	0	0	gold.ecosystem:6524|gold.ecosystem:6525
Host-associated > Mammals: Human > Lymphatic system > Tertiary lymphoid organ	Host-associated	Mammals: Human	Lymphatic system	Tertiary lymphoid organ		Tertiary lymphoid organ	4	2	0	0	0	0	gold.ecosystem:6535|gold.ecosystem:6536
Host-associated > Mammals: Human > Lymphatic system > Tonsils > Adenoid/Pharyngeal	Host-associated	Mammals: Human	Lymphatic system	Tonsils	Adenoid/Pharyngeal	Adenoid/Pharyngeal	5	1	0	0	0	0	gold.ecosystem:6521
Host-associated > Mammals: Human > Lymphatic system > Tonsils > Lingual	Host-associated	Mammals: Human	Lymphatic system	Tonsils	Lingual	Lingual	5	1	0	0	0	0	gold.ecosystem:6523
Host-associated > Mammals: Human > Lymphatic system > Tonsils > Palatine/Faucial	Host-associated	Mammals: Human	Lymphatic system	Tonsils	Palatine/Faucial	Palatine/Faucial	5	1	0	0	0	0	gold.ecosystem:6142
Host-associated > Mammals: Human > Lymphatic system > Tonsils > Tubal	Host-associated	Mammals: Human	Lymphatic system	Tonsils	Tubal	Tubal	5	1	0	0	0	0	gold.ecosystem:6522
Host-associated > Mammals: Human > Malignant tumor	Host-associated	Mammals: Human	Malignant tumor			Malignant tumor	3	3	0	0	0	0	gold.ecosystem:6169|gold.ecosystem:6170|gold.ecosystem:6171
Host-associated > Mammals: Human > Malignant tumor > Carcinoid	Host-associated	Mammals: Human	Malignant tumor	Carcinoid		Carcinoid	4	2	0	0	0	0	gold.ecosystem:6687|gold.ecosystem:6688
Host-associated > Mammals: Human > Malignant tumor > Carcinoma	Host-associated	Mammals: Human	Malignant tumor	Carcinoma		Carcinoma	4	2	0	0	0	0	gold.ecosystem:6172|gold.ecosystem:6173
Host-associated > Mammals: Human > Malignant tumor > Carcinoma > Actinic keratosis	Host-associated	Mammals: Human	Malignant tumor	Carcinoma	Actinic keratosis	Actinic keratosis	5	1	0	0	0	0	gold.ecosystem:6193
Host-associated > Mammals: Human > Malignant tumor > Carcinoma > Basal cell carcinoma	Host-associated	Mammals: Human	Malignant tumor	Carcinoma	Basal cell carcinoma	Basal cell carcinoma	5	1	0	0	0	0	gold.ecosystem:6176
Host-associated > Mammals: Human > Malignant tumor > Carcinoma > Bowens disease/Squamous cell carcinoma in situ	Host-associated	Mammals: Human	Malignant tumor	Carcinoma	Bowens disease/Squamous cell carcinoma in situ	Bowens disease/Squamous cell carcinoma in situ	5	1	0	0	0	0	gold.ecosystem:6196
Host-associated > Mammals: Human > Malignant tumor > Carcinoma > Breast cancer	Host-associated	Mammals: Human	Malignant tumor	Carcinoma	Breast cancer	Breast cancer	5	1	0	0	0	0	gold.ecosystem:6197
Host-associated > Mammals: Human > Malignant tumor > Carcinoma > Breast cancer: Ductal	Host-associated	Mammals: Human	Malignant tumor	Carcinoma	Breast cancer: Ductal	Breast cancer: Ductal	5	1	0	0	0	0	gold.ecosystem:6174
Host-associated > Mammals: Human > Malignant tumor > Carcinoma > Breast cancer: Lobular	Host-associated	Mammals: Human	Malignant tumor	Carcinoma	Breast cancer: Lobular	Breast cancer: Lobular	5	1	0	0	0	0	gold.ecosystem:6175
Host-associated > Mammals: Human > Malignant tumor > Carcinoma > Cervical cancer	Host-associated	Mammals: Human	Malignant tumor	Carcinoma	Cervical cancer	Cervical cancer	5	1	0	0	0	0	gold.ecosystem:6195
Host-associated > Mammals: Human > Malignant tumor > Carcinoma > Gastric carcinoma	Host-associated	Mammals: Human	Malignant tumor	Carcinoma	Gastric carcinoma	Gastric carcinoma	5	1	0	0	0	0	gold.ecosystem:6180
Host-associated > Mammals: Human > Malignant tumor > Carcinoma > Keratoacanthoma	Host-associated	Mammals: Human	Malignant tumor	Carcinoma	Keratoacanthoma	Keratoacanthoma	5	1	0	0	0	0	gold.ecosystem:6194
Host-associated > Mammals: Human > Malignant tumor > Carcinoma > Oral cavity cancer	Host-associated	Mammals: Human	Malignant tumor	Carcinoma	Oral cavity cancer	Oral cavity cancer	5	1	0	0	0	0	gold.ecosystem:6179
Host-associated > Mammals: Human > Malignant tumor > Carcinoma > Ovarian cancer	Host-associated	Mammals: Human	Malignant tumor	Carcinoma	Ovarian cancer	Ovarian cancer	5	1	0	0	0	0	gold.ecosystem:6178
Host-associated > Mammals: Human > Malignant tumor > Carcinoma > Testicular cancer	Host-associated	Mammals: Human	Malignant tumor	Carcinoma	Testicular cancer	Testicular cancer	5	1	0	0	0	0	gold.ecosystem:6219
Host-associated > Mammals: Human > Malignant tumor > Carcinoma > Urothelial carcinoma/Transitional cell carcinoma (TCC)	Host-associated	Mammals: Human	Malignant tumor	Carcinoma	Urothelial carcinoma/Transitional cell carcinoma (TCC)	Urothelial carcinoma/Transitional cell carcinoma (TCC)	5	1	0	0	0	0	gold.ecosystem:6220
Host-associated > Mammals: Human > Malignant tumor > Germ cell tumor	Host-associated	Mammals: Human	Malignant tumor	Germ cell tumor		Germ cell tumor	4	1	0	0	0	0	gold.ecosystem:6202
Host-associated > Mammals: Human > Malignant tumor > Germ cell tumor > Ovarian	Host-associated	Mammals: Human	Malignant tumor	Germ cell tumor	Ovarian	Ovarian	5	1	0	0	0	0	gold.ecosystem:6212
Host-associated > Mammals: Human > Malignant tumor > Germ cell tumor > Testicular non-seminoma	Host-associated	Mammals: Human	Malignant tumor	Germ cell tumor	Testicular non-seminoma	Testicular non-seminoma	5	1	0	0	0	0	gold.ecosystem:6203
Host-associated > Mammals: Human > Malignant tumor > Germ cell tumor > Testicular seminoma	Host-associated	Mammals: Human	Malignant tumor	Germ cell tumor	Testicular seminoma	Testicular seminoma	5	1	0	0	0	0	gold.ecosystem:6204
Host-associated > Mammals: Human > Malignant tumor > Lymphoma	Host-associated	Mammals: Human	Malignant tumor	Lymphoma		Lymphoma	4	2	0	0	0	0	gold.ecosystem:6199|gold.ecosystem:6200
Host-associated > Mammals: Human > Malignant tumor > Lymphoma > Diffuse large B-cell lymphoma	Host-associated	Mammals: Human	Malignant tumor	Lymphoma	Diffuse large B-cell lymphoma	Diffuse large B-cell lymphoma	5	1	0	0	0	0	gold.ecosystem:6201
Host-associated > Mammals: Human > Malignant tumor > Lymphoma > Lymphoblastic lymphoma	Host-associated	Mammals: Human	Malignant tumor	Lymphoma	Lymphoblastic lymphoma	Lymphoblastic lymphoma	5	1	0	0	0	0	gold.ecosystem:6205
Host-associated > Mammals: Human > Malignant tumor > Lymphoma > Mycosis fungoides/Cutaneous T-cell lymphoma	Host-associated	Mammals: Human	Malignant tumor	Lymphoma	Mycosis fungoides/Cutaneous T-cell lymphoma	Mycosis fungoides/Cutaneous T-cell lymphoma	5	1	0	0	0	0	gold.ecosystem:6211
Host-associated > Mammals: Human > Malignant tumor > Melanoma	Host-associated	Mammals: Human	Malignant tumor	Melanoma		Melanoma	4	2	0	0	0	0	gold.ecosystem:6206|gold.ecosystem:6207
Host-associated > Mammals: Human > Malignant tumor > Mixed type	Host-associated	Mammals: Human	Malignant tumor	Mixed type		Mixed type	4	2	0	0	0	0	gold.ecosystem:6684|gold.ecosystem:6685
Host-associated > Mammals: Human > Malignant tumor > Mixed type > Carcinosarcoma	Host-associated	Mammals: Human	Malignant tumor	Mixed type	Carcinosarcoma	Carcinosarcoma	5	1	0	0	0	0	gold.ecosystem:6686
Host-associated > Mammals: Human > Malignant tumor > Myeloma	Host-associated	Mammals: Human	Malignant tumor	Myeloma		Myeloma	4	2	0	0	0	0	gold.ecosystem:6208|gold.ecosystem:6209
Host-associated > Mammals: Human > Malignant tumor > Myeloma > Multiple myeloma	Host-associated	Mammals: Human	Malignant tumor	Myeloma	Multiple myeloma	Multiple myeloma	5	1	0	0	0	0	gold.ecosystem:6210
Host-associated > Mammals: Human > Malignant tumor > Sarcoma	Host-associated	Mammals: Human	Malignant tumor	Sarcoma		Sarcoma	4	2	0	0	0	0	gold.ecosystem:6213|gold.ecosystem:6214
Host-associated > Mammals: Human > Multisystem conditions	Host-associated	Mammals: Human	Multisystem conditions			Multisystem conditions	3	1	0	0	0	0	gold.ecosystem:6357
Host-associated > Mammals: Human > Multisystem conditions > Arterial ulcer	Host-associated	Mammals: Human	Multisystem conditions	Arterial ulcer		Arterial ulcer	4	1	0	0	0	0	gold.ecosystem:7033
Host-associated > Mammals: Human > Multisystem conditions > Arterial ulcer > Lesion site	Host-associated	Mammals: Human	Multisystem conditions	Arterial ulcer	Lesion site	Lesion site	5	1	0	0	0	0	gold.ecosystem:7034
Host-associated > Mammals: Human > Multisystem conditions > Diabetic foot ulcer (DFU)	Host-associated	Mammals: Human	Multisystem conditions	Diabetic foot ulcer (DFU)		Diabetic foot ulcer (DFU)	4	1	0	0	0	0	gold.ecosystem:6360
Host-associated > Mammals: Human > Multisystem conditions > Diabetic foot ulcer (DFU) > Lesion site	Host-associated	Mammals: Human	Multisystem conditions	Diabetic foot ulcer (DFU)	Lesion site	Lesion site	5	1	0	0	0	0	gold.ecosystem:6361
Host-associated > Mammals: Human > Multisystem conditions > Necrotizing soft tissue infections (NSTI)	Host-associated	Mammals: Human	Multisystem conditions	Necrotizing soft tissue infections (NSTI)		Necrotizing soft tissue infections (NSTI)	4	1	0	0	0	0	gold.ecosystem:6358
Host-associated > Mammals: Human > Multisystem conditions > Necrotizing soft tissue infections (NSTI) > Necrotizing lesion	Host-associated	Mammals: Human	Multisystem conditions	Necrotizing soft tissue infections (NSTI)	Necrotizing lesion	Necrotizing lesion	5	1	0	0	0	0	gold.ecosystem:6359
Host-associated > Mammals: Human > Multisystem conditions > Soft tissues	Host-associated	Mammals: Human	Multisystem conditions	Soft tissues		Soft tissues	4	1	0	0	0	0	gold.ecosystem:7037
Host-associated > Mammals: Human > Multisystem conditions > Soft tissues > Abscess	Host-associated	Mammals: Human	Multisystem conditions	Soft tissues	Abscess	Abscess	5	1	0	0	0	0	gold.ecosystem:7038
Host-associated > Mammals: Human > Multisystem conditions > Venous ulcer	Host-associated	Mammals: Human	Multisystem conditions	Venous ulcer		Venous ulcer	4	1	0	0	0	0	gold.ecosystem:7035
Host-associated > Mammals: Human > Multisystem conditions > Venous ulcer > Lesion site	Host-associated	Mammals: Human	Multisystem conditions	Venous ulcer	Lesion site	Lesion site	5	1	0	0	0	0	gold.ecosystem:7036
Host-associated > Mammals: Human > Muscular system	Host-associated	Mammals: Human	Muscular system			Muscular system	3	3	0	0	0	0	gold.ecosystem:6247|gold.ecosystem:6248|gold.ecosystem:6249
Host-associated > Mammals: Human > Muscular system > Skeletal muscle	Host-associated	Mammals: Human	Muscular system	Skeletal muscle		Skeletal muscle	4	2	0	0	0	0	gold.ecosystem:6250|gold.ecosystem:6251
Host-associated > Mammals: Human > Muscular system > Smooth muscle	Host-associated	Mammals: Human	Muscular system	Smooth muscle		Smooth muscle	4	2	0	0	0	0	gold.ecosystem:6518|gold.ecosystem:6519
Host-associated > Mammals: Human > Nervous system > Spinal cord	Host-associated	Mammals: Human	Nervous system	Spinal cord		Spinal cord	4	2	0	0	0	0	gold.ecosystem:6544|gold.ecosystem:6545
Host-associated > Mammals: Human > Remains	Host-associated	Mammals: Human	Remains			Remains	3	3	0	0	0	0	gold.ecosystem:6134|gold.ecosystem:7045|gold.ecosystem:7046
Host-associated > Mammals: Human > Remains > Decomposed body	Host-associated	Mammals: Human	Remains	Decomposed body		Decomposed body	4	2	0	0	0	0	gold.ecosystem:6680|gold.ecosystem:6681
Host-associated > Mammals: Human > Remains > Decomposed body > Bone	Host-associated	Mammals: Human	Remains	Decomposed body	Bone	Bone	5	1	0	0	0	0	gold.ecosystem:6682
Host-associated > Mammals: Human > Remains > Decomposed body > Intestine	Host-associated	Mammals: Human	Remains	Decomposed body	Intestine	Intestine	5	1	0	0	0	0	gold.ecosystem:6683
Host-associated > Mammals: Human > Remains > Decomposed body > Skin	Host-associated	Mammals: Human	Remains	Decomposed body	Skin	Skin	5	1	0	0	0	0	gold.ecosystem:7049
Host-associated > Mammals: Human > Remains > Decomposed body > Soft tissues	Host-associated	Mammals: Human	Remains	Decomposed body	Soft tissues	Soft tissues	5	1	0	0	0	0	gold.ecosystem:7048
Host-associated > Mammals: Human > Remains > Decomposed body > Soft tissues: Muscles	Host-associated	Mammals: Human	Remains	Decomposed body	Soft tissues: Muscles	Soft tissues: Muscles	5	1	0	0	0	0	gold.ecosystem:7047
Host-associated > Mammals: Human > Remains > Fossilized remains	Host-associated	Mammals: Human	Remains	Fossilized remains		Fossilized remains	4	2	0	0	0	0	gold.ecosystem:6138|gold.ecosystem:6677
Host-associated > Mammals: Human > Remains > Fossilized remains > Bone	Host-associated	Mammals: Human	Remains	Fossilized remains	Bone	Bone	5	1	0	0	0	0	gold.ecosystem:6676
Host-associated > Mammals: Human > Remains > Fossilized remains > Dental calculus	Host-associated	Mammals: Human	Remains	Fossilized remains	Dental calculus	Dental calculus	5	1	0	0	0	0	gold.ecosystem:6139
Host-associated > Mammals: Human > Remains > Fossilized remains > Dentin	Host-associated	Mammals: Human	Remains	Fossilized remains	Dentin	Dentin	5	1	0	0	0	0	gold.ecosystem:6673
Host-associated > Mammals: Human > Remains > Fossilized remains > Paleofeces	Host-associated	Mammals: Human	Remains	Fossilized remains	Paleofeces	Paleofeces	5	1	0	0	0	0	gold.ecosystem:6674
Host-associated > Mammals: Human > Remains > Fossilized remains > Tooth	Host-associated	Mammals: Human	Remains	Fossilized remains	Tooth	Tooth	5	1	0	0	0	0	gold.ecosystem:6675
Host-associated > Mammals: Human > Remains > Frozen remains	Host-associated	Mammals: Human	Remains	Frozen remains		Frozen remains	4	2	0	0	0	0	gold.ecosystem:6678|gold.ecosystem:6679
Host-associated > Mammals: Human > Remains > Mummified remains	Host-associated	Mammals: Human	Remains	Mummified remains		Mummified remains	4	2	0	0	0	0	gold.ecosystem:6143|gold.ecosystem:6156
Host-associated > Mammals: Human > Remains > Mummified remains > Colon mucosa	Host-associated	Mammals: Human	Remains	Mummified remains	Colon mucosa	Colon mucosa	5	1	0	0	0	0	gold.ecosystem:6153
Host-associated > Mammals: Human > Remains > Mummified remains > Gastric mucosa	Host-associated	Mammals: Human	Remains	Mummified remains	Gastric mucosa	Gastric mucosa	5	1	0	0	0	0	gold.ecosystem:6151
Host-associated > Mammals: Human > Remains > Mummified remains > Large intestine	Host-associated	Mammals: Human	Remains	Mummified remains	Large intestine	Large intestine	5	1	0	0	0	0	gold.ecosystem:6154
Host-associated > Mammals: Human > Remains > Mummified remains > Large intestine content	Host-associated	Mammals: Human	Remains	Mummified remains	Large intestine content	Large intestine content	5	1	0	0	0	0	gold.ecosystem:6152
Host-associated > Mammals: Human > Remains > Mummified remains > Low gastrointestinal tract	Host-associated	Mammals: Human	Remains	Mummified remains	Low gastrointestinal tract	Low gastrointestinal tract	5	1	0	0	0	0	gold.ecosystem:6155
Host-associated > Mammals: Human > Remains > Mummified remains > Lungs	Host-associated	Mammals: Human	Remains	Mummified remains	Lungs	Lungs	5	1	0	0	0	0	gold.ecosystem:6160
Host-associated > Mammals: Human > Remains > Mummified remains > Muscle tissue	Host-associated	Mammals: Human	Remains	Mummified remains	Muscle tissue	Muscle tissue	5	1	0	0	0	0	gold.ecosystem:6144
Host-associated > Mammals: Human > Remains > Mummified remains > Small intestine	Host-associated	Mammals: Human	Remains	Mummified remains	Small intestine	Small intestine	5	1	0	0	0	0	gold.ecosystem:6145
Host-associated > Mammals: Human > Remains > Mummified remains > Small intestine content	Host-associated	Mammals: Human	Remains	Mummified remains	Small intestine content	Small intestine content	5	1	0	0	0	0	gold.ecosystem:6147
Host-associated > Mammals: Human > Remains > Mummified remains > Small intestine mucosa	Host-associated	Mammals: Human	Remains	Mummified remains	Small intestine mucosa	Small intestine mucosa	5	1	0	0	0	0	gold.ecosystem:6146
Host-associated > Mammals: Human > Remains > Mummified remains > Stomach	Host-associated	Mammals: Human	Remains	Mummified remains	Stomach	Stomach	5	1	0	0	0	0	gold.ecosystem:6148
Host-associated > Mammals: Human > Remains > Mummified remains > Stomach content	Host-associated	Mammals: Human	Remains	Mummified remains	Stomach content	Stomach content	5	1	0	0	0	0	gold.ecosystem:6150
Host-associated > Mammals: Human > Remains > Skeletonized remains	Host-associated	Mammals: Human	Remains	Skeletonized remains		Skeletonized remains	4	2	0	0	0	0	gold.ecosystem:6135|gold.ecosystem:6157
Host-associated > Mammals: Human > Remains > Skeletonized remains > Bone	Host-associated	Mammals: Human	Remains	Skeletonized remains	Bone	Bone	5	1	0	0	0	0	gold.ecosystem:6158
Host-associated > Mammals: Human > Remains > Skeletonized remains > Dental calculus	Host-associated	Mammals: Human	Remains	Skeletonized remains	Dental calculus	Dental calculus	5	1	0	0	0	0	gold.ecosystem:6136
Host-associated > Mammals: Human > Remains > Skeletonized remains > Dentin	Host-associated	Mammals: Human	Remains	Skeletonized remains	Dentin	Dentin	5	1	0	0	0	0	gold.ecosystem:6137
Host-associated > Mammals: Human > Remains > Skeletonized remains > Hair	Host-associated	Mammals: Human	Remains	Skeletonized remains	Hair	Hair	5	1	0	0	0	0	gold.ecosystem:6159
Host-associated > Mammals: Human > Remains > Skeletonized remains > Kidney stones	Host-associated	Mammals: Human	Remains	Skeletonized remains	Kidney stones	Kidney stones	5	1	0	0	0	0	gold.ecosystem:6161
Host-associated > Mammals: Human > Remains > Skeletonized remains > Tooth	Host-associated	Mammals: Human	Remains	Skeletonized remains	Tooth	Tooth	5	1	0	0	0	0	gold.ecosystem:6140
Host-associated > Mammals: Human > Reproductive system > External genitalia/Vulva > Genital ulcer	Host-associated	Mammals: Human	Reproductive system	External genitalia/Vulva	Genital ulcer	Genital ulcer	5	1	0	0	0	0	gold.ecosystem:7004
Host-associated > Mammals: Human > Reproductive system > External organs	Host-associated	Mammals: Human	Reproductive system	External organs		External organs	4	2	0	0	0	0	gold.ecosystem:6286|gold.ecosystem:7054
Host-associated > Mammals: Human > Reproductive system > External organs > Genital ulcer	Host-associated	Mammals: Human	Reproductive system	External organs	Genital ulcer	Genital ulcer	5	1	0	0	0	0	gold.ecosystem:7005
Host-associated > Mammals: Human > Reproductive system > External organs > Penis: Glans	Host-associated	Mammals: Human	Reproductive system	External organs	Penis: Glans	Penis: Glans	5	1	0	0	0	0	gold.ecosystem:6570
Host-associated > Mammals: Human > Reproductive system > External organs > Penis: Urethra opening	Host-associated	Mammals: Human	Reproductive system	External organs	Penis: Urethra opening	Penis: Urethra opening	5	1	0	0	0	0	gold.ecosystem:6569
Host-associated > Mammals: Human > Reproductive system > External organs > Testicle/Testes	Host-associated	Mammals: Human	Reproductive system	External organs	Testicle/Testes	Testicle/Testes	5	1	0	0	0	0	gold.ecosystem:6562
Host-associated > Mammals: Human > Reproductive system > External organs > Testicle/Testes: Sperm	Host-associated	Mammals: Human	Reproductive system	External organs	Testicle/Testes: Sperm	Testicle/Testes: Sperm	5	1	0	0	0	0	gold.ecosystem:7058
Host-associated > Mammals: Human > Reproductive system > Fallopian tubes	Host-associated	Mammals: Human	Reproductive system	Fallopian tubes		Fallopian tubes	4	2	0	0	0	0	gold.ecosystem:6130|gold.ecosystem:6131
Host-associated > Mammals: Human > Reproductive system > Ovaries	Host-associated	Mammals: Human	Reproductive system	Ovaries		Ovaries	4	2	0	0	0	0	gold.ecosystem:6558|gold.ecosystem:6559
Host-associated > Mammals: Human > Reproductive system > Ovaries > Ovarian cyst	Host-associated	Mammals: Human	Reproductive system	Ovaries	Ovarian cyst	Ovarian cyst	5	1	0	0	0	0	gold.ecosystem:7006
Host-associated > Mammals: Human > Reproductive system > Prostate > Prostate fluid	Host-associated	Mammals: Human	Reproductive system	Prostate	Prostate fluid	Prostate fluid	5	1	0	0	0	0	gold.ecosystem:7055
Host-associated > Mammals: Human > Reproductive system > Seminal glands	Host-associated	Mammals: Human	Reproductive system	Seminal glands		Seminal glands	4	2	0	0	0	0	gold.ecosystem:6564|gold.ecosystem:6565
Host-associated > Mammals: Human > Reproductive system > Seminal glands > Seminal glands fluid	Host-associated	Mammals: Human	Reproductive system	Seminal glands	Seminal glands fluid	Seminal glands fluid	5	1	0	0	0	0	gold.ecosystem:6566
Host-associated > Mammals: Human > Reproductive system > Vagina > Anterior fornix	Host-associated	Mammals: Human	Reproductive system	Vagina	Anterior fornix	Anterior fornix	5	1	0	0	0	0	gold.ecosystem:6560
Host-associated > Mammals: Human > Reproductive system > Vagina > Introitus	Host-associated	Mammals: Human	Reproductive system	Vagina	Introitus	Introitus	5	1	0	0	0	0	gold.ecosystem:4141
Host-associated > Mammals: Human > Reproductive system > Vagina > Lateral fornices	Host-associated	Mammals: Human	Reproductive system	Vagina	Lateral fornices	Lateral fornices	5	1	0	0	0	0	gold.ecosystem:6561
Host-associated > Mammals: Human > Reproductive system > Vagina > Posterior fornix	Host-associated	Mammals: Human	Reproductive system	Vagina	Posterior fornix	Posterior fornix	5	1	0	0	0	0	gold.ecosystem:4142
Host-associated > Mammals: Human > Reproductive system > Vas deferens	Host-associated	Mammals: Human	Reproductive system	Vas deferens		Vas deferens	4	2	0	0	0	0	gold.ecosystem:6567|gold.ecosystem:6568
Host-associated > Mammals: Human > Respiratory system > Bronchi > Bronchial epithelial cells	Host-associated	Mammals: Human	Respiratory system	Bronchi	Bronchial epithelial cells	Bronchial epithelial cells	5	1	0	0	0	0	gold.ecosystem:6627
Host-associated > Mammals: Human > Respiratory system > Bronchi > Primary	Host-associated	Mammals: Human	Respiratory system	Bronchi	Primary	Primary	5	1	0	0	0	0	gold.ecosystem:6624
Host-associated > Mammals: Human > Respiratory system > Bronchi > Secondary	Host-associated	Mammals: Human	Respiratory system	Bronchi	Secondary	Secondary	5	1	0	0	0	0	gold.ecosystem:6625
Host-associated > Mammals: Human > Respiratory system > Bronchi > Tertiary	Host-associated	Mammals: Human	Respiratory system	Bronchi	Tertiary	Tertiary	5	1	0	0	0	0	gold.ecosystem:6626
Host-associated > Mammals: Human > Respiratory system > Diaphragm	Host-associated	Mammals: Human	Respiratory system	Diaphragm		Diaphragm	4	2	0	0	0	0	gold.ecosystem:6636|gold.ecosystem:6637
Host-associated > Mammals: Human > Respiratory system > Epithelial lining fluid	Host-associated	Mammals: Human	Respiratory system	Epithelial lining fluid		Epithelial lining fluid	4	2	0	0	0	0	gold.ecosystem:6632|gold.ecosystem:6633
Host-associated > Mammals: Human > Respiratory system > Lung > Inferior lobe	Host-associated	Mammals: Human	Respiratory system	Lung	Inferior lobe	Inferior lobe	5	1	0	0	0	0	gold.ecosystem:6630
Host-associated > Mammals: Human > Respiratory system > Lung > Middle lobe	Host-associated	Mammals: Human	Respiratory system	Lung	Middle lobe	Middle lobe	5	1	0	0	0	0	gold.ecosystem:6629
Host-associated > Mammals: Human > Respiratory system > Lung > Superior lobe	Host-associated	Mammals: Human	Respiratory system	Lung	Superior lobe	Superior lobe	5	1	0	0	0	0	gold.ecosystem:6628
Host-associated > Mammals: Human > Respiratory system > Nasal cavity > Nasal discharge	Host-associated	Mammals: Human	Respiratory system	Nasal cavity	Nasal discharge	Nasal discharge	5	1	0	0	0	0	gold.ecosystem:6615
Host-associated > Mammals: Human > Respiratory system > Nasal cavity > Paranasal sinuses: Catarrh	Host-associated	Mammals: Human	Respiratory system	Nasal cavity	Paranasal sinuses: Catarrh	Paranasal sinuses: Catarrh	5	1	0	0	0	0	gold.ecosystem:6621
Host-associated > Mammals: Human > Respiratory system > Nasal cavity > Paranasal sinuses: Ethmoiddal	Host-associated	Mammals: Human	Respiratory system	Nasal cavity	Paranasal sinuses: Ethmoiddal	Paranasal sinuses: Ethmoiddal	5	1	0	0	0	0	gold.ecosystem:6619
Host-associated > Mammals: Human > Respiratory system > Nasal cavity > Paranasal sinuses: Frontal	Host-associated	Mammals: Human	Respiratory system	Nasal cavity	Paranasal sinuses: Frontal	Paranasal sinuses: Frontal	5	1	0	0	0	0	gold.ecosystem:6617
Host-associated > Mammals: Human > Respiratory system > Nasal cavity > Paranasal sinuses: Sphenoidal	Host-associated	Mammals: Human	Respiratory system	Nasal cavity	Paranasal sinuses: Sphenoidal	Paranasal sinuses: Sphenoidal	5	1	0	0	0	0	gold.ecosystem:6618
Host-associated > Mammals: Human > Respiratory system > Nasal cavity > Posterior nares	Host-associated	Mammals: Human	Respiratory system	Nasal cavity	Posterior nares	Posterior nares	5	1	0	0	0	0	gold.ecosystem:6614
Host-associated > Mammals: Human > Respiratory system > Nasal cavity > Sinus cyst	Host-associated	Mammals: Human	Respiratory system	Nasal cavity	Sinus cyst	Sinus cyst	5	1	0	0	0	0	gold.ecosystem:7002
Host-associated > Mammals: Human > Respiratory system > Pharynx/Throat > Laryngopharynx	Host-associated	Mammals: Human	Respiratory system	Pharynx/Throat	Laryngopharynx	Laryngopharynx	5	1	0	0	0	0	gold.ecosystem:6616
Host-associated > Mammals: Human > Respiratory system > Pleural space/cavity	Host-associated	Mammals: Human	Respiratory system	Pleural space/cavity		Pleural space/cavity	4	2	0	0	0	0	gold.ecosystem:6302|gold.ecosystem:6635
Host-associated > Mammals: Human > Respiratory system > Pleural space/cavity > Pleural effusion	Host-associated	Mammals: Human	Respiratory system	Pleural space/cavity	Pleural effusion	Pleural effusion	5	1	0	0	0	0	gold.ecosystem:6634
Host-associated > Mammals: Human > Respiratory system > Trachea > Mucus	Host-associated	Mammals: Human	Respiratory system	Trachea	Mucus	Mucus	5	1	0	0	0	0	gold.ecosystem:6104
Host-associated > Mammals: Human > Skeletal system	Host-associated	Mammals: Human	Skeletal system			Skeletal system	3	3	0	0	0	0	gold.ecosystem:5211|gold.ecosystem:7052|gold.ecosystem:7053
Host-associated > Mammals: Human > Skeletal system > Bone > Articular cartilage	Host-associated	Mammals: Human	Skeletal system	Bone	Articular cartilage	Articular cartilage	5	1	0	0	0	0	gold.ecosystem:6578
Host-associated > Mammals: Human > Skeletal system > Bone > Compact bone	Host-associated	Mammals: Human	Skeletal system	Bone	Compact bone	Compact bone	5	1	0	0	0	0	gold.ecosystem:6579
Host-associated > Mammals: Human > Skeletal system > Bone > Long bone	Host-associated	Mammals: Human	Skeletal system	Bone	Long bone	Long bone	5	1	0	0	0	0	gold.ecosystem:6582
Host-associated > Mammals: Human > Skeletal system > Bone > Osseous tissue	Host-associated	Mammals: Human	Skeletal system	Bone	Osseous tissue	Osseous tissue	5	1	0	0	0	0	gold.ecosystem:6577
Host-associated > Mammals: Human > Skeletal system > Bone > Scull: Ethmoid	Host-associated	Mammals: Human	Skeletal system	Bone	Scull: Ethmoid	Scull: Ethmoid	5	1	0	0	0	0	gold.ecosystem:5312
Host-associated > Mammals: Human > Skeletal system > Bone > Short bone	Host-associated	Mammals: Human	Skeletal system	Bone	Short bone	Short bone	5	1	0	0	0	0	gold.ecosystem:6583
Host-associated > Mammals: Human > Skeletal system > Bone > Skull	Host-associated	Mammals: Human	Skeletal system	Bone	Skull	Skull	5	1	0	0	0	0	gold.ecosystem:6581
Host-associated > Mammals: Human > Skeletal system > Bone > Spongy bone	Host-associated	Mammals: Human	Skeletal system	Bone	Spongy bone	Spongy bone	5	1	0	0	0	0	gold.ecosystem:6580
Host-associated > Mammals: Human > Skeletal system > Bone > Vertebra	Host-associated	Mammals: Human	Skeletal system	Bone	Vertebra	Vertebra	5	1	0	0	0	0	gold.ecosystem:6241
Host-associated > Mammals: Human > Skeletal system > Cartilage	Host-associated	Mammals: Human	Skeletal system	Cartilage		Cartilage	4	2	0	0	0	0	gold.ecosystem:6584|gold.ecosystem:6585
Host-associated > Mammals: Human > Skeletal system > Cartilage > Elastic	Host-associated	Mammals: Human	Skeletal system	Cartilage	Elastic	Elastic	5	1	0	0	0	0	gold.ecosystem:6586
Host-associated > Mammals: Human > Skeletal system > Cartilage > Fibrocartilage	Host-associated	Mammals: Human	Skeletal system	Cartilage	Fibrocartilage	Fibrocartilage	5	1	0	0	0	0	gold.ecosystem:6588
Host-associated > Mammals: Human > Skeletal system > Cartilage > Hyaline	Host-associated	Mammals: Human	Skeletal system	Cartilage	Hyaline	Hyaline	5	1	0	0	0	0	gold.ecosystem:6587
Host-associated > Mammals: Human > Skeletal system > Joint capsule	Host-associated	Mammals: Human	Skeletal system	Joint capsule		Joint capsule	4	1	0	0	0	0	gold.ecosystem:6320
Host-associated > Mammals: Human > Skeletal system > Joint capsule > Beaker's/Popliteal cyst	Host-associated	Mammals: Human	Skeletal system	Joint capsule	Beaker's/Popliteal cyst	Beaker's/Popliteal cyst	5	1	0	0	0	0	gold.ecosystem:7003
Host-associated > Mammals: Human > Skeletal system > Joint capsule > Synovium/Synovial membrane	Host-associated	Mammals: Human	Skeletal system	Joint capsule	Synovium/Synovial membrane	Synovium/Synovial membrane	5	1	0	0	0	0	gold.ecosystem:6589
Host-associated > Mammals: Human > Skeletal system > Periprosthetic joint > Sonicate fluid	Host-associated	Mammals: Human	Skeletal system	Periprosthetic joint	Sonicate fluid	Sonicate fluid	5	1	0	0	0	0	gold.ecosystem:6258
Host-associated > Mammals: Human > Skeletal system > Periprosthetic joint: Hip	Host-associated	Mammals: Human	Skeletal system	Periprosthetic joint: Hip		Periprosthetic joint: Hip	4	2	0	0	0	0	gold.ecosystem:6590|gold.ecosystem:6591
Host-associated > Mammals: Human > Skeletal system > Periprosthetic joint: Hip > Sonicate fluid	Host-associated	Mammals: Human	Skeletal system	Periprosthetic joint: Hip	Sonicate fluid	Sonicate fluid	5	1	0	0	0	0	gold.ecosystem:6592
Host-associated > Mammals: Human > Skeletal system > Periprosthetic joint: Knee > Sonicate fluid	Host-associated	Mammals: Human	Skeletal system	Periprosthetic joint: Knee	Sonicate fluid	Sonicate fluid	5	1	0	0	0	0	gold.ecosystem:6594
Host-associated > Mammals: Human > Thoracic cavity	Host-associated	Mammals: Human	Thoracic cavity			Thoracic cavity	3	1	0	0	0	0	gold.ecosystem:6638
Host-associated > Mammals: Human > Thoracic cavity > Intrathoracic space	Host-associated	Mammals: Human	Thoracic cavity	Intrathoracic space		Intrathoracic space	4	1	0	0	0	0	gold.ecosystem:6639
Host-associated > Mammals: Human > Urinary system > Kidney	Host-associated	Mammals: Human	Urinary system	Kidney		Kidney	4	2	0	0	0	0	gold.ecosystem:6332|gold.ecosystem:6335
Host-associated > Mammals: Human > Urinary system > Kidney > Kidney stones	Host-associated	Mammals: Human	Urinary system	Kidney	Kidney stones	Kidney stones	5	1	0	0	0	0	gold.ecosystem:6334
Host-associated > Mammals: Human > Urinary system > Kidney > Renal cyst	Host-associated	Mammals: Human	Urinary system	Kidney	Renal cyst	Renal cyst	5	1	0	0	0	0	gold.ecosystem:7001
Host-associated > Mammals: Human > Urinary system > Ureter	Host-associated	Mammals: Human	Urinary system	Ureter		Ureter	4	2	0	0	0	0	gold.ecosystem:6607|gold.ecosystem:6608
Host-associated > Mammals: Human > Urinary system > Urinary bladder	Host-associated	Mammals: Human	Urinary system	Urinary bladder		Urinary bladder	4	2	0	0	0	0	gold.ecosystem:6296|gold.ecosystem:6298
Host-associated > Mammals: Human > Visual system > Canthus	Host-associated	Mammals: Human	Visual system	Canthus		Canthus	4	2	0	0	0	0	gold.ecosystem:6237|gold.ecosystem:6238
Host-associated > Mammals: Human > Visual system > Canthus > Inner	Host-associated	Mammals: Human	Visual system	Canthus	Inner	Inner	5	1	0	0	0	0	gold.ecosystem:6239
Host-associated > Mammals: Human > Visual system > Canthus > Outer	Host-associated	Mammals: Human	Visual system	Canthus	Outer	Outer	5	1	0	0	0	0	gold.ecosystem:6240
Host-associated > Mammals: Human > Visual system > Eye > Lens	Host-associated	Mammals: Human	Visual system	Eye	Lens	Lens	5	1	0	0	0	0	gold.ecosystem:6644
Host-associated > Mammals: Human > Visual system > Eye: Ciliary body	Host-associated	Mammals: Human	Visual system	Eye: Ciliary body		Eye: Ciliary body	4	1	0	0	0	0	gold.ecosystem:6183
Host-associated > Mammals: Human > Visual system > Eye: Ciliary body > Intraocular fluid/Aqueous humor	Host-associated	Mammals: Human	Visual system	Eye: Ciliary body	Intraocular fluid/Aqueous humor	Intraocular fluid/Aqueous humor	5	1	0	0	0	0	gold.ecosystem:6184
Host-associated > Mammals: Human > Visual system > Eye: Vitreous chamber	Host-associated	Mammals: Human	Visual system	Eye: Vitreous chamber		Eye: Vitreous chamber	4	1	0	0	0	0	gold.ecosystem:6869
Host-associated > Mammals: Human > Visual system > Eye: Vitreous chamber > Vitreous humor	Host-associated	Mammals: Human	Visual system	Eye: Vitreous chamber	Vitreous humor	Vitreous humor	5	1	0	0	0	0	gold.ecosystem:6870
Host-associated > Microbial > Dinoflagellates	Host-associated	Microbial	Dinoflagellates			Dinoflagellates	3	3	0	0	0	0	gold.ecosystem:3538|gold.ecosystem:4755|gold.ecosystem:4756
Host-associated > Microbial > Dinoflagellates > Endosymbionts	Host-associated	Microbial	Dinoflagellates	Endosymbionts		Endosymbionts	4	2	0	0	0	0	gold.ecosystem:3878|gold.ecosystem:4316
Host-associated > Mollusca > Circulatory system	Host-associated	Mollusca	Circulatory system			Circulatory system	3	1	0	0	0	0	gold.ecosystem:4976
Host-associated > Mollusca > Digestive system > Ceca	Host-associated	Mollusca	Digestive system	Ceca		Ceca	4	2	0	0	0	0	gold.ecosystem:3883|gold.ecosystem:4866
Host-associated > Mollusca > Digestive system > Hindgut	Host-associated	Mollusca	Digestive system	Hindgut		Hindgut	4	2	0	0	0	0	gold.ecosystem:7830|gold.ecosystem:7831
Host-associated > Mollusca > Digestive system > Hindgut > Cecum/Intestinal cecum	Host-associated	Mollusca	Digestive system	Hindgut	Cecum/Intestinal cecum	Cecum/Intestinal cecum	5	1	0	0	0	0	gold.ecosystem:7832
Host-associated > Mollusca > Digestive system > Hindgut > Fecal	Host-associated	Mollusca	Digestive system	Hindgut	Fecal	Fecal	5	1	0	0	0	0	gold.ecosystem:7838
Host-associated > Mollusca > Digestive system > Hindgut > Intestine	Host-associated	Mollusca	Digestive system	Hindgut	Intestine	Intestine	5	1	0	0	0	0	gold.ecosystem:7839
Host-associated > Mollusca > Digestive system > Hindgut > Intestine: Digesta	Host-associated	Mollusca	Digestive system	Hindgut	Intestine: Digesta	Intestine: Digesta	5	1	0	0	0	0	gold.ecosystem:7840
Host-associated > Mollusca > Digestive system > Midgut	Host-associated	Mollusca	Digestive system	Midgut		Midgut	4	1	0	0	0	0	gold.ecosystem:7825
Host-associated > Mollusca > Digestive system > Midgut > Hepatopancreas/Digestive gland/Hepatic cecum	Host-associated	Mollusca	Digestive system	Midgut	Hepatopancreas/Digestive gland/Hepatic cecum	Hepatopancreas/Digestive gland/Hepatic cecum	5	1	0	0	0	0	gold.ecosystem:7826
Host-associated > Mollusca > Integumentary system	Host-associated	Mollusca	Integumentary system			Integumentary system	3	3	0	0	0	0	gold.ecosystem:7833|gold.ecosystem:7834|gold.ecosystem:7835
Host-associated > Mollusca > Integumentary system > Mantle	Host-associated	Mollusca	Integumentary system	Mantle		Mantle	4	2	0	0	0	0	gold.ecosystem:7836|gold.ecosystem:7837
Host-associated > Mollusca > Integumentary system > Mantle > Mantle fluid	Host-associated	Mollusca	Integumentary system	Mantle	Mantle fluid	Mantle fluid	5	1	0	0	0	0	gold.ecosystem:7841
Host-associated > Mollusca > Integumentary system > Mantle > Siphon	Host-associated	Mollusca	Integumentary system	Mantle	Siphon	Siphon	5	1	0	0	0	0	gold.ecosystem:7871
Host-associated > Mollusca > Integumentary system > Shell	Host-associated	Mollusca	Integumentary system	Shell		Shell	4	2	0	0	0	0	gold.ecosystem:7861|gold.ecosystem:7862
Host-associated > Mollusca > Integumentary system > Shell > Surface	Host-associated	Mollusca	Integumentary system	Shell	Surface	Surface	5	1	0	0	0	0	gold.ecosystem:7863
Host-associated > Mollusca > Larvae > Spat	Host-associated	Mollusca	Larvae	Spat		Spat	4	2	0	0	0	0	gold.ecosystem:7864|gold.ecosystem:7865
Host-associated > Mollusca > Reproductive system > Accessory nidamental gland (ANG)	Host-associated	Mollusca	Reproductive system	Accessory nidamental gland (ANG)		Accessory nidamental gland (ANG)	4	2	0	0	0	0	gold.ecosystem:7869|gold.ecosystem:7870
Host-associated > Mollusca > Respiratory system	Host-associated	Mollusca	Respiratory system			Respiratory system	3	3	0	0	0	0	gold.ecosystem:3545|gold.ecosystem:4805|gold.ecosystem:4806
Host-associated > Mollusca > Respiratory system > Gills > Surface	Host-associated	Mollusca	Respiratory system	Gills	Surface	Surface	5	1	0	0	0	0	gold.ecosystem:8421
Host-associated > Mollusca > Respiratory system > Gills > Tissue	Host-associated	Mollusca	Respiratory system	Gills	Tissue	Tissue	5	1	0	0	0	0	gold.ecosystem:8422
Host-associated > Mollusca > Sensory organs	Host-associated	Mollusca	Sensory organs			Sensory organs	3	1	0	0	0	0	gold.ecosystem:7842
Host-associated > Plants > Bryophytes	Host-associated	Plants	Bryophytes			Bryophytes	3	3	0	0	0	0	gold.ecosystem:8107|gold.ecosystem:8108|gold.ecosystem:8109
Host-associated > Plants > Bryophytes > Hornworts	Host-associated	Plants	Bryophytes	Hornworts		Hornworts	4	2	0	0	0	0	gold.ecosystem:8114|gold.ecosystem:8115
Host-associated > Plants > Bryophytes > Hornworts > Rhizoids	Host-associated	Plants	Bryophytes	Hornworts	Rhizoids	Rhizoids	5	1	0	0	0	0	gold.ecosystem:8130
Host-associated > Plants > Bryophytes > Hornworts > Sporophytes	Host-associated	Plants	Bryophytes	Hornworts	Sporophytes	Sporophytes	5	1	0	0	0	0	gold.ecosystem:8129
Host-associated > Plants > Bryophytes > Hornworts > Thallus/Plant body	Host-associated	Plants	Bryophytes	Hornworts	Thallus/Plant body	Thallus/Plant body	5	1	0	0	0	0	gold.ecosystem:8128
Host-associated > Plants > Bryophytes > Liverworts	Host-associated	Plants	Bryophytes	Liverworts		Liverworts	4	2	0	0	0	0	gold.ecosystem:8112|gold.ecosystem:8113
Host-associated > Plants > Bryophytes > Liverworts > Rhizoids	Host-associated	Plants	Bryophytes	Liverworts	Rhizoids	Rhizoids	5	1	0	0	0	0	gold.ecosystem:8124
Host-associated > Plants > Bryophytes > Liverworts > Shoots	Host-associated	Plants	Bryophytes	Liverworts	Shoots	Shoots	5	1	0	0	0	0	gold.ecosystem:8125
Host-associated > Plants > Bryophytes > Liverworts > Spores	Host-associated	Plants	Bryophytes	Liverworts	Spores	Spores	5	1	0	0	0	0	gold.ecosystem:8127
Host-associated > Plants > Bryophytes > Liverworts > Sporophytes	Host-associated	Plants	Bryophytes	Liverworts	Sporophytes	Sporophytes	5	1	0	0	0	0	gold.ecosystem:8126
Host-associated > Plants > Bryophytes > Liverworts > Thallus/Plant body	Host-associated	Plants	Bryophytes	Liverworts	Thallus/Plant body	Thallus/Plant body	5	1	0	0	0	0	gold.ecosystem:8123
Host-associated > Plants > Bryophytes > Moss	Host-associated	Plants	Bryophytes	Moss		Moss	4	2	0	0	0	0	gold.ecosystem:8110|gold.ecosystem:8111
Host-associated > Plants > Bryophytes > Moss > Gametophytes	Host-associated	Plants	Bryophytes	Moss	Gametophytes	Gametophytes	5	1	0	0	0	0	gold.ecosystem:8117
Host-associated > Plants > Bryophytes > Moss > Rhizoids	Host-associated	Plants	Bryophytes	Moss	Rhizoids	Rhizoids	5	1	0	0	0	0	gold.ecosystem:8122
Host-associated > Plants > Bryophytes > Moss > Seta	Host-associated	Plants	Bryophytes	Moss	Seta	Seta	5	1	0	0	0	0	gold.ecosystem:8119
Host-associated > Plants > Bryophytes > Moss > Shoots	Host-associated	Plants	Bryophytes	Moss	Shoots	Shoots	5	1	0	0	0	0	gold.ecosystem:8116
Host-associated > Plants > Bryophytes > Moss > Sporangium	Host-associated	Plants	Bryophytes	Moss	Sporangium	Sporangium	5	1	0	0	0	0	gold.ecosystem:8120
Host-associated > Plants > Bryophytes > Moss > Spores	Host-associated	Plants	Bryophytes	Moss	Spores	Spores	5	1	0	0	0	0	gold.ecosystem:8121
Host-associated > Plants > Bryophytes > Moss > Sporophytes	Host-associated	Plants	Bryophytes	Moss	Sporophytes	Sporophytes	5	1	0	0	0	0	gold.ecosystem:8118
Host-associated > Plants > Mixed parts	Host-associated	Plants	Mixed parts			Mixed parts	3	3	0	0	0	0	gold.ecosystem:4863|gold.ecosystem:4864|gold.ecosystem:4865
Host-associated > Plants > Phyllosphere > Carposphere > Epiphytes	Host-associated	Plants	Phyllosphere	Carposphere	Epiphytes	Epiphytes	5	1	0	0	0	0	gold.ecosystem:5264
Host-associated > Plants > Phyllosphere > Cob	Host-associated	Plants	Phyllosphere	Cob		Cob	4	2	0	0	0	0	gold.ecosystem:5739|gold.ecosystem:5740
Host-associated > Plants > Phyllosphere > Phylloplane/Leaf > Endophytes	Host-associated	Plants	Phyllosphere	Phylloplane/Leaf	Endophytes	Endophytes	5	1	0	0	0	0	gold.ecosystem:5268
Host-associated > Plants > Phyllosphere > Phylloplane/Leaf > Epicuticular wax	Host-associated	Plants	Phyllosphere	Phylloplane/Leaf	Epicuticular wax	Epicuticular wax	5	1	0	0	0	0	gold.ecosystem:8139
Host-associated > Plants > Phyllosphere > Phylloplane/Leaf > Leaf surface biofilm	Host-associated	Plants	Phyllosphere	Phylloplane/Leaf	Leaf surface biofilm	Leaf surface biofilm	5	1	0	0	0	0	gold.ecosystem:8131
Host-associated > Plants > Phyllosphere > Phylloplane/Leaf > Pitcher	Host-associated	Plants	Phyllosphere	Phylloplane/Leaf	Pitcher	Pitcher	5	1	0	0	0	0	gold.ecosystem:8199
Host-associated > Plants > Phyllosphere > Phylloplane/Leaf > Pitcher fluid	Host-associated	Plants	Phyllosphere	Phylloplane/Leaf	Pitcher fluid	Pitcher fluid	5	1	0	0	0	0	gold.ecosystem:8200
Host-associated > Plants > Pitcher	Host-associated	Plants	Pitcher			Pitcher	3	1	0	0	0	0	gold.ecosystem:7300
Host-associated > Plants > Pitcher > Phytotelma	Host-associated	Plants	Pitcher	Phytotelma		Phytotelma	4	2	0	0	0	0	gold.ecosystem:7301|gold.ecosystem:7302
Host-associated > Plants > Plant callus	Host-associated	Plants	Plant callus			Plant callus	3	3	0	0	0	0	gold.ecosystem:5275|gold.ecosystem:5276|gold.ecosystem:5277
Host-associated > Plants > Rhizome > Stem tuber > Soil	Host-associated	Plants	Rhizome	Stem tuber	Soil	Soil	5	1	0	0	0	0	gold.ecosystem:5793
Host-associated > Plants > Roots > Cortex	Host-associated	Plants	Roots	Cortex		Cortex	4	2	0	0	0	0	gold.ecosystem:8244|gold.ecosystem:8245
Host-associated > Plants > Roots > Taproot	Host-associated	Plants	Roots	Taproot		Taproot	4	2	0	0	0	0	gold.ecosystem:5913|gold.ecosystem:5914
Host-associated > Plants > Roots > Tissue	Host-associated	Plants	Roots	Tissue		Tissue	4	2	0	0	0	0	gold.ecosystem:8504|gold.ecosystem:8505
Host-associated > Plants > Sap	Host-associated	Plants	Sap			Sap	3	3	0	0	0	0	gold.ecosystem:8527|gold.ecosystem:8528|gold.ecosystem:8529
Host-associated > Plants > Seeds > Seed radicle	Host-associated	Plants	Seeds	Seed radicle		Seed radicle	4	2	0	0	0	0	gold.ecosystem:5447|gold.ecosystem:5448
Host-associated > Protists > Amoebozoa	Host-associated	Protists	Amoebozoa			Amoebozoa	3	3	0	0	0	0	gold.ecosystem:7721|gold.ecosystem:7722|gold.ecosystem:7723
Host-associated > Protists > Breviatea	Host-associated	Protists	Breviatea			Breviatea	3	3	0	0	0	0	gold.ecosystem:4596|gold.ecosystem:4597|gold.ecosystem:4598
Host-associated > Protists > Ciliates	Host-associated	Protists	Ciliates			Ciliates	3	3	0	0	0	0	gold.ecosystem:8440|gold.ecosystem:8441|gold.ecosystem:8442
Host-associated > Protists > Excavata	Host-associated	Protists	Excavata			Excavata	3	1	0	0	0	0	gold.ecosystem:5947
Host-associated > Protists > Excavata > Jakobids	Host-associated	Protists	Excavata	Jakobids		Jakobids	4	2	0	0	0	0	gold.ecosystem:5948|gold.ecosystem:5949
Host-associated > Protists > Excavata > Parabasalids	Host-associated	Protists	Excavata	Parabasalids		Parabasalids	4	1	0	0	0	0	gold.ecosystem:7279
Host-associated > Protists > Excavata > Parabasalids > Anaerobic	Host-associated	Protists	Excavata	Parabasalids	Anaerobic	Anaerobic	5	1	0	0	0	0	gold.ecosystem:7280
Host-associated > Protists > Nanoflagellates	Host-associated	Protists	Nanoflagellates			Nanoflagellates	3	3	0	0	0	0	gold.ecosystem:7724|gold.ecosystem:7725|gold.ecosystem:7726
Host-associated > Protists > Nanoflagellates > Autotrophic (ANF)	Host-associated	Protists	Nanoflagellates	Autotrophic (ANF)		Autotrophic (ANF)	4	2	0	0	0	0	gold.ecosystem:7729|gold.ecosystem:7730
Host-associated > Protists > Nanoflagellates > Heterotrophic (HNF)	Host-associated	Protists	Nanoflagellates	Heterotrophic (HNF)		Heterotrophic (HNF)	4	2	0	0	0	0	gold.ecosystem:7727|gold.ecosystem:7728
Host-associated > Protists > Nanoflagellates > Mixotrophic (MNF)	Host-associated	Protists	Nanoflagellates	Mixotrophic (MNF)		Mixotrophic (MNF)	4	2	0	0	0	0	gold.ecosystem:7731|gold.ecosystem:7732
Host-associated > Protists > Rhizaria	Host-associated	Protists	Rhizaria			Rhizaria	3	3	0	0	0	0	gold.ecosystem:8484|gold.ecosystem:8485|gold.ecosystem:8486
Host-associated > Protists > Rhizaria > Foraminifera	Host-associated	Protists	Rhizaria	Foraminifera		Foraminifera	4	2	0	0	0	0	gold.ecosystem:8487|gold.ecosystem:8488
Host-associated > Protozoa > Myzozoa	Host-associated	Protozoa	Myzozoa			Myzozoa	3	3	0	0	0	0	gold.ecosystem:8456|gold.ecosystem:8457|gold.ecosystem:8458
Host-associated > Protozoa > Oxymonads	Host-associated	Protozoa	Oxymonads			Oxymonads	3	3	0	0	0	0	gold.ecosystem:5652|gold.ecosystem:5653|gold.ecosystem:5654
Host-associated > Protozoa > Sporozoa	Host-associated	Protozoa	Sporozoa			Sporozoa	3	3	0	0	0	0	gold.ecosystem:7194|gold.ecosystem:7195|gold.ecosystem:7196
Host-associated > Reptilia > Circulatory system	Host-associated	Reptilia	Circulatory system			Circulatory system	3	1	0	0	0	0	gold.ecosystem:6943
Host-associated > Reptilia > Circulatory system > Heart	Host-associated	Reptilia	Circulatory system	Heart		Heart	4	2	0	0	0	0	gold.ecosystem:6944|gold.ecosystem:6945
Host-associated > Reptilia > Digestive system > Biliary tract	Host-associated	Reptilia	Digestive system	Biliary tract		Biliary tract	4	1	0	0	0	0	gold.ecosystem:6938
Host-associated > Reptilia > Digestive system > Intestine	Host-associated	Reptilia	Digestive system	Intestine		Intestine	4	2	0	0	0	0	gold.ecosystem:5159|gold.ecosystem:7072
Host-associated > Reptilia > Digestive system > Large intestine	Host-associated	Reptilia	Digestive system	Large intestine		Large intestine	4	2	0	0	0	0	gold.ecosystem:4692|gold.ecosystem:4809
Host-associated > Reptilia > Digestive system > Oral cavity	Host-associated	Reptilia	Digestive system	Oral cavity		Oral cavity	4	1	0	0	0	0	gold.ecosystem:7516
Host-associated > Reptilia > Integumentary system	Host-associated	Reptilia	Integumentary system			Integumentary system	3	1	0	0	0	0	gold.ecosystem:6949
Host-associated > Reptilia > Nervous system	Host-associated	Reptilia	Nervous system			Nervous system	3	1	0	0	0	0	gold.ecosystem:6946
Host-associated > Reptilia > Respiratory system > Trachea	Host-associated	Reptilia	Respiratory system	Trachea		Trachea	4	2	0	0	0	0	gold.ecosystem:4974|gold.ecosystem:4975
Host-associated > Reptilia > Skeletal system	Host-associated	Reptilia	Skeletal system			Skeletal system	3	3	0	0	0	0	gold.ecosystem:8203|gold.ecosystem:8204|gold.ecosystem:8205
Host-associated > Reptilia > Urinary system	Host-associated	Reptilia	Urinary system			Urinary system	3	1	0	0	0	0	gold.ecosystem:6940
Host-associated > Reptilia > Urinary system > Kidney	Host-associated	Reptilia	Urinary system	Kidney		Kidney	4	2	0	0	0	0	gold.ecosystem:6941|gold.ecosystem:6942
Low land river systems	Low land river systems					Low land river systems	1	1	0	0	0	0	gold.ecosystem:4163
Mid stream	Mid stream					Mid stream	1	1	0	0	0	0	gold.ecosystem:4160
Sediment	Sediment					Sediment	1	1	0	0	0	0	gold.ecosystem:4162
