subject	predicate	object
BTO:0000001	rdfs:subClassOf	BTO:0000216
BTO:0000002	rdfs:subClassOf	BTO:0001479
BTO:0000004	rdfs:subClassOf	BTO:0001479
BTO:0000005	rdfs:subClassOf	BTO:0001479
BTO:0000006	rdfs:subClassOf	BTO:0000372
BTO:0000007	rdfs:subClassOf	BTO:0000067
BTO:0000007	rdfs:subClassOf	BTO:0002733
BTO:0000008	rdfs:subClassOf	BTO:0001479
BTO:0000009	rdfs:subClassOf	BTO:0001479
BTO:0000010	rdfs:subClassOf	BTO:0001479
BTO:0000012	rdfs:subClassOf	BTO:0001479
BTO:0000013	rdfs:subClassOf	BTO:0001479
BTO:0000014	rdfs:subClassOf	BTO:0001479
BTO:0000015	rdfs:subClassOf	BTO:0001479
BTO:0000016	rdfs:subClassOf	BTO:0001530
BTO:0000017	rdfs:subClassOf	BTO:0000297
BTO:0000018	rdfs:subClassOf	BTO:0004078
BTO:0000019	rdfs:subClassOf	BTO:0000669
BTO:0000019	rdfs:subClassOf	BTO:0001200
BTO:0000021	rdfs:subClassOf	BTO:0001103
BTO:0000022	rdfs:subClassOf	BTO:0000497
BTO:0000023	rdfs:subClassOf	BTO:0000508
BTO:0000024	rdfs:subClassOf	BTO:0001307
BTO:0000026	rdfs:subClassOf	BTO:0001479
BTO:0000027	rdfs:subClassOf	BTO:0000486
BTO:0000028	rdfs:subClassOf	BTO:0000433
BTO:0000029	rdfs:subClassOf	BTO:0000030
BTO:0000030	rdfs:subClassOf	BTO:0001367
BTO:0000032	rdfs:subClassOf	BTO:0000035
BTO:0000032	rdfs:subClassOf	BTO:0000586
BTO:0000033	rdfs:subClassOf	BTO:0001913
BTO:0000034	rdfs:subClassOf	BTO:0000852
BTO:0000035	rdfs:subClassOf	BTO:0000193
BTO:0000035	rdfs:subClassOf	BTO:0000604
BTO:0000035	rdfs:subClassOf	BTO:0001533
BTO:0000036	rdfs:subClassOf	BTO:0000498
BTO:0000036	rdfs:subClassOf	BTO:0000604
BTO:0000037	rdfs:subClassOf	BTO:0000604
BTO:0000037	rdfs:subClassOf	BTO:0000680
BTO:0000038	rdfs:subClassOf	BTO:0001913
BTO:0000042	rdfs:subClassOf	BTO:0000000
BTO:0000044	rdfs:subClassOf	BTO:0000431
BTO:0000046	rdfs:subClassOf	BTO:0000851
BTO:0000047	rdfs:subClassOf	BTO:0001488
BTO:0000047	rdfs:subClassOf	BTO:0001491
BTO:0000054	rdfs:subClassOf	BTO:0000254
BTO:0000057	rdfs:subClassOf	BTO:0000390
BTO:0000058	rdfs:subClassOf	BTO:0001491
BTO:0000059	rdfs:subClassOf	BTO:0000416
BTO:0000062	rdfs:subClassOf	BTO:0000092
BTO:0000063	rdfs:subClassOf	BTO:0001479
BTO:0000064	rdfs:subClassOf	BTO:0000473
BTO:0000065	rdfs:subClassOf	BTO:0000473
BTO:0000071	rdfs:subClassOf	BTO:0001044
BTO:0000071	rdfs:subClassOf	BTO:0002856
BTO:0000073	rdfs:subClassOf	BTO:0001479
BTO:0000074	rdfs:subClassOf	BTO:0000202
BTO:0000075	rdfs:subClassOf	BTO:0000431
BTO:0000078	rdfs:subClassOf	BTO:0000524
BTO:0000078	rdfs:subClassOf	BTO:0000801
BTO:0000078	rdfs:subClassOf	BTO:0002606
BTO:0000080	rdfs:subClassOf	BTO:0001488
BTO:0000082	rdfs:subClassOf	BTO:0000081
BTO:0000083	rdfs:subClassOf	BTO:0000081
BTO:0000086	rdfs:subClassOf	BTO:0001479
BTO:0000087	rdfs:subClassOf	BTO:0001260
BTO:0000090	rdfs:subClassOf	BTO:0000284
BTO:0000092	rdfs:subClassOf	BTO:0002503
BTO:0000093	rdfs:subClassOf	BTO:0001912
BTO:0000095	rdfs:subClassOf	BTO:0000306
BTO:0000095	rdfs:subClassOf	BTO:0001437
BTO:0000097	rdfs:subClassOf	BTO:0001171
BTO:0000098	rdfs:subClassOf	BTO:0000930
BTO:0000099	rdfs:subClassOf	BTO:0000771
BTO:0000100	rdfs:subClassOf	BTO:0000526
BTO:0000101	rdfs:subClassOf	BTO:0000690
BTO:0000105	rdfs:subClassOf	BTO:0000718
BTO:0000106	rdfs:subClassOf	BTO:0000497
BTO:0000107	rdfs:subClassOf	BTO:0001522
BTO:0000108	rdfs:subClassOf	BTO:0000912
BTO:0000109	rdfs:subClassOf	BTO:0000284
BTO:0000111	rdfs:subClassOf	BTO:0001958
BTO:0000113	rdfs:subClassOf	BTO:0001333
BTO:0000114	rdfs:subClassOf	BTO:0000487
BTO:0000115	rdfs:subClassOf	BTO:0000690
BTO:0000117	rdfs:subClassOf	BTO:0001479
BTO:0000118	rdfs:subClassOf	BTO:0001479
BTO:0000119	rdfs:subClassOf	BTO:0000486
BTO:0000120	rdfs:subClassOf	BTO:0001131
BTO:0000121	rdfs:subClassOf	BTO:0000346
BTO:0000123	rdfs:subClassOf	BTO:0001491
BTO:0000127	rdfs:subClassOf	BTO:0001171
BTO:0000129	rdfs:subClassOf	BTO:0000539
BTO:0000130	rdfs:subClassOf	BTO:0000539
BTO:0000130	rdfs:subClassOf	BTO:0001044
BTO:0000133	rdfs:subClassOf	BTO:0001239
BTO:0000134	rdfs:subClassOf	BTO:0000092
BTO:0000135	rdfs:subClassOf	BTO:0000573
BTO:0000137	rdfs:subClassOf	BTO:0000393
BTO:0000140	rdfs:subClassOf	BTO:0000421
BTO:0000147	rdfs:subClassOf	BTO:0000495
BTO:0000149	rdfs:subClassOf	BTO:0000254
BTO:0000149	rdfs:subClassOf	BTO:0000431
BTO:0000150	rdfs:subClassOf	BTO:0000604
BTO:0000151	rdfs:subClassOf	BTO:0001103
BTO:0000152	rdfs:subClassOf	BTO:0000214
BTO:0000153	rdfs:subClassOf	BTO:0000150
BTO:0000153	rdfs:subClassOf	BTO:0001207
BTO:0000156	rdfs:subClassOf	BTO:0001487
BTO:0000157	rdfs:subClassOf	BTO:0000135
BTO:0000159	rdfs:subClassOf	BTO:0000720
BTO:0000161	rdfs:subClassOf	BTO:0000353
BTO:0000161	rdfs:subClassOf	BTO:0000453
BTO:0000162	rdfs:subClassOf	BTO:0001479
BTO:0000164	rdfs:subClassOf	BTO:0000785
BTO:0000165	rdfs:subClassOf	BTO:0000256
BTO:0000167	rdfs:subClassOf	BTO:0000297
BTO:0000168	rdfs:subClassOf	BTO:0000573
BTO:0000173	rdfs:subClassOf	BTO:0000486
BTO:0000173	rdfs:subClassOf	BTO:0001287
BTO:0000174	rdfs:subClassOf	BTO:0000284
BTO:0000174	rdfs:subClassOf	BTO:0001489
BTO:0000176	rdfs:subClassOf	BTO:0000415
BTO:0000177	rdfs:subClassOf	BTO:0001882
BTO:0000178	rdfs:subClassOf	BTO:0000415
BTO:0000179	rdfs:subClassOf	BTO:0001913
BTO:0000181	rdfs:subClassOf	BTO:0000762
BTO:0000182	rdfs:subClassOf	BTO:0001913
BTO:0000184	rdfs:subClassOf	BTO:0000191
BTO:0000184	rdfs:subClassOf	BTO:0000196
BTO:0000185	rdfs:subClassOf	BTO:0000150
BTO:0000185	rdfs:subClassOf	BTO:0000191
BTO:0000186	rdfs:subClassOf	BTO:0000150
BTO:0000188	rdfs:subClassOf	BTO:0000003
BTO:0000189	rdfs:subClassOf	BTO:0002061
BTO:0000190	rdfs:subClassOf	BTO:0000150
BTO:0000191	rdfs:subClassOf	BTO:0000176
BTO:0000192	rdfs:subClassOf	BTO:0000176
BTO:0000194	rdfs:subClassOf	BTO:0001023
BTO:0000195	rdfs:subClassOf	BTO:0001913
BTO:0000197	rdfs:subClassOf	BTO:0000176
BTO:0000197	rdfs:subClassOf	BTO:0001207
BTO:0000199	rdfs:subClassOf	BTO:0000887
BTO:0000200	rdfs:subClassOf	BTO:0001479
BTO:0000204	rdfs:subClassOf	BTO:0000202
BTO:0000206	rdfs:subClassOf	BTO:0000421
BTO:0000207	rdfs:subClassOf	BTO:0000206
BTO:0000207	rdfs:subClassOf	BTO:0001252
BTO:0000208	rdfs:subClassOf	BTO:0000486
BTO:0000213	rdfs:subClassOf	BTO:0000642
BTO:0000214	rdfs:subClassOf	BTO:0001490
BTO:0000215	rdfs:subClassOf	BTO:0001479
BTO:0000217	rdfs:subClassOf	BTO:0000578
BTO:0000218	rdfs:subClassOf	BTO:0001958
BTO:0000220	rdfs:subClassOf	BTO:0001080
BTO:0000221	rdfs:subClassOf	BTO:0000214
BTO:0000223	rdfs:subClassOf	BTO:0000279
BTO:0000226	rdfs:subClassOf	BTO:0000078
BTO:0000228	rdfs:subClassOf	BTO:0000932
BTO:0000234	rdfs:subClassOf	BTO:0001102
BTO:0000235	rdfs:subClassOf	BTO:0000497
BTO:0000238	rdfs:subClassOf	BTO:0001854
BTO:0000240	rdfs:subClassOf	BTO:0000113
BTO:0000241	rdfs:subClassOf	BTO:0000416
BTO:0000243	rdfs:subClassOf	BTO:0003099
BTO:0000244	rdfs:subClassOf	BTO:0000001
BTO:0000245	rdfs:subClassOf	BTO:0001479
BTO:0000246	rdfs:subClassOf	BTO:0000977
BTO:0000248	rdfs:subClassOf	BTO:0000801
BTO:0000249	rdfs:subClassOf	BTO:0000206
BTO:0000250	rdfs:subClassOf	BTO:0001207
BTO:0000251	rdfs:subClassOf	BTO:0000473
BTO:0000252	rdfs:subClassOf	BTO:0000473
BTO:0000253	rdfs:subClassOf	BTO:0000762
BTO:0000254	rdfs:subClassOf	BTO:0001488
BTO:0000259	rdfs:subClassOf	BTO:0002691
BTO:0000261	rdfs:subClassOf	BTO:0001479
BTO:0000262	rdfs:subClassOf	BTO:0000159
BTO:0000262	rdfs:subClassOf	PO:0009011
BTO:0000263	rdfs:subClassOf	BTO:0000984
BTO:0000265	rdfs:subClassOf	BTO:0000080
BTO:0000266	rdfs:subClassOf	BTO:0001278
BTO:0000271	rdfs:subClassOf	BTO:0000642
BTO:0000273	rdfs:subClassOf	BTO:0001157
BTO:0000274	rdfs:subClassOf	BTO:0000158
BTO:0000276	rdfs:subClassOf	BTO:0000868
BTO:0000277	rdfs:subClassOf	BTO:0000887
BTO:0000277	rdfs:subClassOf	BTO:0001262
BTO:0000278	rdfs:subClassOf	BTO:0001490
BTO:0000280	rdfs:subClassOf	BTO:0000469
BTO:0000281	rdfs:subClassOf	BTO:0000612
BTO:0000283	rdfs:subClassOf	BTO:0001171
BTO:0000284	rdfs:subClassOf	BTO:0000000
BTO:0000285	rdfs:subClassOf	BTO:0000720
BTO:0000289	rdfs:subClassOf	BTO:0000782
BTO:0000290	rdfs:subClassOf	BTO:0000573
BTO:0000291	rdfs:subClassOf	BTO:0001803
BTO:0000292	rdfs:subClassOf	BTO:0000389
BTO:0000295	rdfs:subClassOf	BTO:0002332
BTO:0000296	rdfs:subClassOf	BTO:0000101
BTO:0000297	rdfs:subClassOf	BTO:0001120
BTO:0000298	rdfs:subClassOf	BTO:0004055
BTO:0000299	rdfs:subClassOf	BTO:0000450
BTO:0000300	rdfs:subClassOf	BTO:0000713
BTO:0000303	rdfs:subClassOf	BTO:0000677
BTO:0000304	rdfs:subClassOf	BTO:0000794
BTO:0000306	rdfs:subClassOf	BTO:0001560
BTO:0000308	rdfs:subClassOf	BTO:0001045
BTO:0000312	rdfs:subClassOf	BTO:0000938
BTO:0000313	rdfs:subClassOf	BTO:0000634
BTO:0000314	rdfs:subClassOf	BTO:0000416
BTO:0000315	rdfs:subClassOf	BTO:0000556
BTO:0000318	rdfs:subClassOf	BTO:0000067
BTO:0000318	rdfs:subClassOf	BTO:0000453
BTO:0000319	rdfs:subClassOf	BTO:0001479
BTO:0000320	rdfs:subClassOf	BTO:0000139
BTO:0000320	rdfs:subClassOf	BTO:0000284
BTO:0000323	rdfs:subClassOf	BTO:0001479
BTO:0000324	rdfs:subClassOf	BTO:0000001
BTO:0000325	rdfs:subClassOf	BTO:0001479
BTO:0000326	rdfs:subClassOf	BTO:0001479
BTO:0000327	rdfs:subClassOf	BTO:0001479
BTO:0000328	rdfs:subClassOf	BTO:0001479
BTO:0000329	rdfs:subClassOf	BTO:0001479
BTO:0000330	rdfs:subClassOf	BTO:0000001
BTO:0000331	rdfs:subClassOf	BTO:0000453
BTO:0000332	rdfs:subClassOf	BTO:0001479
BTO:0000337	rdfs:subClassOf	BTO:0001511
BTO:0000340	rdfs:subClassOf	BTO:0000001
BTO:0000341	rdfs:subClassOf	BTO:0000508
BTO:0000345	rdfs:subClassOf	BTO:0001488
BTO:0000347	rdfs:subClassOf	BTO:0000480
BTO:0000348	rdfs:subClassOf	BTO:0000480
BTO:0000350	rdfs:subClassOf	BTO:0001479
BTO:0000352	rdfs:subClassOf	BTO:0001479
BTO:0000354	rdfs:subClassOf	BTO:0000353
BTO:0000355	rdfs:subClassOf	BTO:0000158
BTO:0000356	rdfs:subClassOf	BTO:0000816
BTO:0000358	rdfs:subClassOf	BTO:0000578
BTO:0000359	rdfs:subClassOf	BTO:0000113
BTO:0000363	rdfs:subClassOf	BTO:0001479
BTO:0000367	rdfs:subClassOf	BTO:0000642
BTO:0000368	rdfs:subClassOf	BTO:0000202
BTO:0000373	rdfs:subClassOf	BTO:0000150
BTO:0000377	rdfs:subClassOf	BTO:0000284
BTO:0000378	rdfs:subClassOf	BTO:0001463
BTO:0000379	rdfs:subClassOf	BTO:0000174
BTO:0000381	rdfs:subClassOf	BTO:0000089
BTO:0000382	rdfs:subClassOf	BTO:0000669
BTO:0000383	rdfs:subClassOf	BTO:0003192
BTO:0000384	rdfs:subClassOf	BTO:0000659
BTO:0000384	rdfs:subClassOf	BTO:0001142
BTO:0000385	rdfs:subClassOf	BTO:0000374
BTO:0000386	rdfs:subClassOf	BTO:0001479
BTO:0000389	rdfs:subClassOf	BTO:0000475
BTO:0000391	rdfs:subClassOf	BTO:0001913
BTO:0000393	rdfs:subClassOf	BTO:0000416
BTO:0000394	rdfs:subClassOf	BTO:0001853
BTO:0000396	rdfs:subClassOf	BTO:0000762
BTO:0000396	rdfs:subClassOf	BTO:0001520
BTO:0000399	rdfs:subClassOf	BTO:0000539
BTO:0000401	rdfs:subClassOf	BTO:0000416
BTO:0000405	rdfs:subClassOf	BTO:0003097
BTO:0000406	rdfs:subClassOf	BTO:0004973
BTO:0000407	rdfs:subClassOf	BTO:0000385
BTO:0000408	rdfs:subClassOf	BTO:0003096
BTO:0000409	rdfs:subClassOf	BTO:0000092
BTO:0000410	rdfs:subClassOf	BTO:0000475
BTO:0000411	rdfs:subClassOf	BTO:0000886
BTO:0000412	rdfs:subClassOf	BTO:0000206
BTO:0000416	rdfs:subClassOf	BTO:0000634
BTO:0000417	rdfs:subClassOf	BTO:0001513
BTO:0000419	rdfs:subClassOf	BTO:0000416
BTO:0000422	rdfs:subClassOf	BTO:0000416
BTO:0000423	rdfs:subClassOf	BTO:0000479
BTO:0000424	rdfs:subClassOf	BTO:0000574
BTO:0000425	rdfs:subClassOf	BTO:0000284
BTO:0000426	rdfs:subClassOf	BTO:0000583
BTO:0000426	rdfs:subClassOf	BTO:0001271
BTO:0000428	rdfs:subClassOf	BTO:0001479
BTO:0000431	rdfs:subClassOf	BTO:0000522
BTO:0000432	rdfs:subClassOf	BTO:0001803
BTO:0000436	rdfs:subClassOf	BTO:0000151
BTO:0000437	rdfs:subClassOf	BTO:0001479
BTO:0000439	rdfs:subClassOf	BTO:0000202
BTO:0000442	rdfs:subClassOf	BTO:0001487
BTO:0000444	rdfs:subClassOf	BTO:0001487
BTO:0000446	rdfs:subClassOf	BTO:0000264
BTO:0000448	rdfs:subClassOf	BTO:0001239
BTO:0000449	rdfs:subClassOf	BTO:0000174
BTO:0000451	rdfs:subClassOf	BTO:0000467
BTO:0000452	rdfs:subClassOf	BTO:0000421
BTO:0000454	rdfs:subClassOf	BTO:0001958
BTO:0000455	rdfs:subClassOf	BTO:0000582
BTO:0000456	rdfs:subClassOf	BTO:0001035
BTO:0000458	rdfs:subClassOf	BTO:0000161
BTO:0000458	rdfs:subClassOf	BTO:0001958
BTO:0000459	rdfs:subClassOf	BTO:0001207
BTO:0000459	rdfs:subClassOf	BTO:0001622
BTO:0000460	rdfs:subClassOf	BTO:0000400
BTO:0000460	rdfs:subClassOf	BTO:0000453
BTO:0000461	rdfs:subClassOf	BTO:0000460
BTO:0000462	rdfs:subClassOf	BTO:0000713
BTO:0000464	rdfs:subClassOf	BTO:0000720
BTO:0000464	rdfs:subClassOf	BTO:0002503
BTO:0000466	rdfs:subClassOf	BTO:0000477
BTO:0000466	rdfs:subClassOf	BTO:0001257
BTO:0000467	rdfs:subClassOf	BTO:0000887
BTO:0000468	rdfs:subClassOf	BTO:0000469
BTO:0000470	rdfs:subClassOf	BTO:0000158
BTO:0000471	rdfs:subClassOf	BTO:0001479
BTO:0000472	rdfs:subClassOf	BTO:0004086
BTO:0000474	rdfs:subClassOf	BTO:0000473
BTO:0000476	rdfs:subClassOf	BTO:0001492
BTO:0000477	rdfs:subClassOf	BTO:0000722
BTO:0000479	rdfs:subClassOf	BTO:0001103
BTO:0000480	rdfs:subClassOf	BTO:0001307
BTO:0000481	rdfs:subClassOf	BTO:0001479
BTO:0000483	rdfs:subClassOf	BTO:0000713
BTO:0000485	rdfs:subClassOf	BTO:0001479
BTO:0000488	rdfs:subClassOf	BTO:0000718
BTO:0000489	rdfs:subClassOf	BTO:0001533
BTO:0000492	rdfs:subClassOf	BTO:0000403
BTO:0000493	rdfs:subClassOf	BTO:0000123
BTO:0000494	rdfs:subClassOf	BTO:0000514
BTO:0000495	rdfs:subClassOf	BTO:0000720
BTO:0000500	rdfs:subClassOf	BTO:0000416
BTO:0000501	rdfs:subClassOf	BTO:0000346
BTO:0000504	rdfs:subClassOf	BTO:0000346
BTO:0000506	rdfs:subClassOf	BTO:0000722
BTO:0000508	rdfs:subClassOf	BTO:0001103
BTO:0000512	rdfs:subClassOf	BTO:0000964
BTO:0000513	rdfs:subClassOf	BTO:0000001
BTO:0000514	rdfs:subClassOf	BTO:0000174
BTO:0000514	rdfs:subClassOf	BTO:0000720
BTO:0000516	rdfs:subClassOf	BTO:0000424
BTO:0000517	rdfs:subClassOf	BTO:0001479
BTO:0000518	rdfs:subClassOf	BTO:0000203
BTO:0000520	rdfs:subClassOf	BTO:0002263
BTO:0000521	rdfs:subClassOf	BTO:0001260
BTO:0000525	rdfs:subClassOf	BTO:0000849
BTO:0000527	rdfs:subClassOf	BTO:0000100
BTO:0000528	rdfs:subClassOf	BTO:0000582
BTO:0000529	rdfs:subClassOf	BTO:0000711
BTO:0000531	rdfs:subClassOf	BTO:0000722
BTO:0000531	rdfs:subClassOf	BTO:0001261
BTO:0000532	rdfs:subClassOf	BTO:0001479
BTO:0000533	rdfs:subClassOf	BTO:0001479
BTO:0000534	rdfs:subClassOf	BTO:0000080
BTO:0000534	rdfs:subClassOf	BTO:0000254
BTO:0000536	rdfs:subClassOf	BTO:0001367
BTO:0000538	rdfs:subClassOf	BTO:0000395
BTO:0000539	rdfs:subClassOf	BTO:0000751
BTO:0000546	rdfs:subClassOf	BTO:0000886
BTO:0000549	rdfs:subClassOf	BTO:0001479
BTO:0000550	rdfs:subClassOf	BTO:0000315
BTO:0000550	rdfs:subClassOf	BTO:0000800
BTO:0000552	rdfs:subClassOf	BTO:0000375
BTO:0000554	rdfs:subClassOf	BTO:0001470
BTO:0000557	rdfs:subClassOf	BTO:0000044
BTO:0000558	rdfs:subClassOf	BTO:0000254
BTO:0000563	rdfs:subClassOf	BTO:0001479
BTO:0000565	rdfs:subClassOf	BTO:0000846
BTO:0000567	rdfs:subClassOf	BTO:0005590
BTO:0000569	rdfs:subClassOf	BTO:0000284
BTO:0000571	rdfs:subClassOf	BTO:0000574
BTO:0000573	rdfs:subClassOf	BTO:0001102
BTO:0000576	rdfs:subClassOf	BTO:0000849
BTO:0000577	rdfs:subClassOf	BTO:0001080
BTO:0000582	rdfs:subClassOf	BTO:0000578
BTO:0000584	rdfs:subClassOf	BTO:0000604
BTO:0000585	rdfs:subClassOf	BTO:0000579
BTO:0000585	rdfs:subClassOf	BTO:0000848
BTO:0000586	rdfs:subClassOf	BTO:0001533
BTO:0000587	rdfs:subClassOf	BTO:0000181
BTO:0000591	rdfs:subClassOf	BTO:0000578
BTO:0000593	rdfs:subClassOf	BTO:0001404
BTO:0000595	rdfs:subClassOf	BTO:0000264
BTO:0000596	rdfs:subClassOf	BTO:0000306
BTO:0000596	rdfs:subClassOf	BTO:0001437
BTO:0000597	rdfs:subClassOf	BTO:0000345
BTO:0000599	rdfs:subClassOf	BTO:0000578
BTO:0000602	rdfs:subClassOf	BTO:0000801
BTO:0000603	rdfs:subClassOf	BTO:0002144
BTO:0000604	rdfs:subClassOf	BTO:0000176
BTO:0000606	rdfs:subClassOf	BTO:0000603
BTO:0000607	rdfs:subClassOf	BTO:0000582
BTO:0000608	rdfs:subClassOf	BTO:0000594
BTO:0000608	rdfs:subClassOf	BTO:0000604
BTO:0000609	rdfs:subClassOf	BTO:0001227
BTO:0000611	rdfs:subClassOf	BTO:0000001
BTO:0000614	rdfs:subClassOf	BTO:0001488
BTO:0000617	rdfs:subClassOf	BTO:0000729
BTO:0000619	rdfs:subClassOf	BTO:0000642
BTO:0000621	rdfs:subClassOf	BTO:0001261
BTO:0000622	rdfs:subClassOf	BTO:0001479
BTO:0000623	rdfs:subClassOf	BTO:0001479
BTO:0000624	rdfs:subClassOf	BTO:0000001
BTO:0000625	rdfs:subClassOf	BTO:0001479
BTO:0000626	rdfs:subClassOf	BTO:0001479
BTO:0000627	rdfs:subClassOf	BTO:0000183
BTO:0000627	rdfs:subClassOf	BTO:0000716
BTO:0000631	rdfs:subClassOf	BTO:0001479
BTO:0000632	rdfs:subClassOf	BTO:0000584
BTO:0000635	rdfs:subClassOf	BTO:0000141
BTO:0000635	rdfs:subClassOf	BTO:0004850
BTO:0000639	rdfs:subClassOf	BTO:0000887
BTO:0000642	rdfs:subClassOf	BTO:0000886
BTO:0000643	rdfs:subClassOf	BTO:0001260
BTO:0000644	rdfs:subClassOf	BTO:0000346
BTO:0000652	rdfs:subClassOf	BTO:0001479
BTO:0000654	rdfs:subClassOf	BTO:0000021
BTO:0000655	rdfs:subClassOf	BTO:0001260
BTO:0000656	rdfs:subClassOf	BTO:0000655
BTO:0000658	rdfs:subClassOf	BTO:0000257
BTO:0000658	rdfs:subClassOf	BTO:0000604
BTO:0000660	rdfs:subClassOf	BTO:0001436
BTO:0000661	rdfs:subClassOf	BTO:0002144
BTO:0000661	rdfs:subClassOf	BTO:0002504
BTO:0000663	rdfs:subClassOf	BTO:0000680
BTO:0000664	rdfs:subClassOf	BTO:0002580
BTO:0000666	rdfs:subClassOf	BTO:0001913
BTO:0000667	rdfs:subClassOf	BTO:0001470
BTO:0000670	rdfs:subClassOf	BTO:0001883
BTO:0000671	rdfs:subClassOf	BTO:0000431
BTO:0000671	rdfs:subClassOf	BTO:0001491
BTO:0000674	rdfs:subClassOf	BTO:0001131
BTO:0000675	rdfs:subClassOf	BTO:0001913
BTO:0000676	rdfs:subClassOf	BTO:0000178
BTO:0000678	rdfs:subClassOf	BTO:0003192
BTO:0000679	rdfs:subClassOf	BTO:0000855
BTO:0000681	rdfs:subClassOf	BTO:0000741
BTO:0000682	rdfs:subClassOf	BTO:0000214
BTO:0000682	rdfs:subClassOf	BTO:0001494
BTO:0000683	rdfs:subClassOf	BTO:0000094
BTO:0000683	rdfs:subClassOf	BTO:0000785
BTO:0000684	rdfs:subClassOf	BTO:0000683
BTO:0000685	rdfs:subClassOf	BTO:0000801
BTO:0000685	rdfs:subClassOf	BTO:0005265
BTO:0000686	rdfs:subClassOf	BTO:0000574
BTO:0000687	rdfs:subClassOf	BTO:0001479
BTO:0000688	rdfs:subClassOf	BTO:0001479
BTO:0000689	rdfs:subClassOf	BTO:0001479
BTO:0000690	rdfs:subClassOf	BTO:0000255
BTO:0000691	rdfs:subClassOf	BTO:0000001
BTO:0000692	rdfs:subClassOf	BTO:0001479
BTO:0000693	rdfs:subClassOf	BTO:0000001
BTO:0000694	rdfs:subClassOf	BTO:0001479
BTO:0000695	rdfs:subClassOf	BTO:0001479
BTO:0000696	rdfs:subClassOf	BTO:0001479
BTO:0000697	rdfs:subClassOf	BTO:0000001
BTO:0000698	rdfs:subClassOf	BTO:0001479
BTO:0000699	rdfs:subClassOf	BTO:0001479
BTO:0000700	rdfs:subClassOf	BTO:0001479
BTO:0000701	rdfs:subClassOf	BTO:0001479
BTO:0000702	rdfs:subClassOf	BTO:0000741
BTO:0000704	rdfs:subClassOf	BTO:0001479
BTO:0000705	rdfs:subClassOf	BTO:0000801
BTO:0000705	rdfs:subClassOf	BTO:0001470
BTO:0000707	rdfs:subClassOf	BTO:0000174
BTO:0000720	rdfs:subClassOf	BTO:0001461
BTO:0000721	rdfs:subClassOf	BTO:0001729
BTO:0000721	rdfs:subClassOf	BTO:0002345
BTO:0000722	rdfs:subClassOf	BTO:0001103
BTO:0000725	rdfs:subClassOf	BTO:0002666
BTO:0000726	rdfs:subClassOf	BTO:0000727
BTO:0000726	rdfs:subClassOf	BTO:0000849
BTO:0000727	rdfs:subClassOf	BTO:0000899
BTO:0000728	rdfs:subClassOf	BTO:0000176
BTO:0000728	rdfs:subClassOf	BTO:0000579
BTO:0000729	rdfs:subClassOf	BTO:0001533
BTO:0000731	rdfs:subClassOf	BTO:0003676
BTO:0000732	rdfs:subClassOf	BTO:0002580
BTO:0000735	rdfs:subClassOf	BTO:0000720
BTO:0000736	rdfs:subClassOf	BTO:0002144
BTO:0000736	rdfs:subClassOf	BTO:0002504
BTO:0000737	rdfs:subClassOf	BTO:0001035
BTO:0000738	rdfs:subClassOf	BTO:0001883
BTO:0000739	rdfs:subClassOf	BTO:0000741
BTO:0000739	rdfs:subClassOf	BTO:0000773
BTO:0000740	rdfs:subClassOf	BTO:0000737
BTO:0000741	rdfs:subClassOf	BTO:0000737
BTO:0000744	rdfs:subClassOf	BTO:0001271
BTO:0000745	rdfs:subClassOf	BTO:0000551
BTO:0000746	rdfs:subClassOf	BTO:0003452
BTO:0000748	rdfs:subClassOf	BTO:0000104
BTO:0000749	rdfs:subClassOf	BTO:0002503
BTO:0000751	rdfs:subClassOf	BTO:0000574
BTO:0000755	rdfs:subClassOf	BTO:0004238
BTO:0000756	rdfs:subClassOf	BTO:0000427
BTO:0000759	rdfs:subClassOf	BTO:0000345
BTO:0000759	rdfs:subClassOf	BTO:0001491
BTO:0000760	rdfs:subClassOf	BTO:0000067
BTO:0000761	rdfs:subClassOf	BTO:0000343
BTO:0000762	rdfs:subClassOf	BTO:0000297
BTO:0000762	rdfs:subClassOf	BTO:0000353
BTO:0000763	rdfs:subClassOf	BTO:0000203
BTO:0000764	rdfs:subClassOf	BTO:0000452
BTO:0000765	rdfs:subClassOf	BTO:0000522
BTO:0000767	rdfs:subClassOf	BTO:0000784
BTO:0000769	rdfs:subClassOf	BTO:0000784
BTO:0000770	rdfs:subClassOf	BTO:0000524
BTO:0000770	rdfs:subClassOf	BTO:0002606
BTO:0000771	rdfs:subClassOf	BTO:0000524
BTO:0000771	rdfs:subClassOf	BTO:0002606
BTO:0000772	rdfs:subClassOf	BTO:0000775
BTO:0000775	rdfs:subClassOf	BTO:0000751
BTO:0000775	rdfs:subClassOf	BTO:0001096
BTO:0000776	rdfs:subClassOf	BTO:0000775
BTO:0000777	rdfs:subClassOf	BTO:0000753
BTO:0000778	rdfs:subClassOf	BTO:0000573
BTO:0000779	rdfs:subClassOf	BTO:0000573
BTO:0000780	rdfs:subClassOf	BTO:0000395
BTO:0000781	rdfs:subClassOf	BTO:0000416
BTO:0000782	rdfs:subClassOf	BTO:0000775
BTO:0000783	rdfs:subClassOf	BTO:0005813
BTO:0000784	rdfs:subClassOf	BTO:0000753
BTO:0000784	rdfs:subClassOf	BTO:0001488
BTO:0000785	rdfs:subClassOf	BTO:0000580
BTO:0000786	rdfs:subClassOf	BTO:0000885
BTO:0000786	rdfs:subClassOf	BTO:0002211
BTO:0000787	rdfs:subClassOf	BTO:0001088
BTO:0000788	rdfs:subClassOf	BTO:0000603
BTO:0000788	rdfs:subClassOf	BTO:0000743
BTO:0000789	rdfs:subClassOf	BTO:0000889
BTO:0000790	rdfs:subClassOf	BTO:0000819
BTO:0000791	rdfs:subClassOf	BTO:0001377
BTO:0000792	rdfs:subClassOf	BTO:0000096
BTO:0000792	rdfs:subClassOf	BTO:0000297
BTO:0000794	rdfs:subClassOf	BTO:0000183
BTO:0000795	rdfs:subClassOf	BTO:0003212
BTO:0000796	rdfs:subClassOf	BTO:0003212
BTO:0000797	rdfs:subClassOf	BTO:0000188
BTO:0000798	rdfs:subClassOf	BTO:0001575
BTO:0000799	rdfs:subClassOf	BTO:0000785
BTO:0000799	rdfs:subClassOf	BTO:0001207
BTO:0000800	rdfs:subClassOf	BTO:0000556
BTO:0000802	rdfs:subClassOf	BTO:0000801
BTO:0000803	rdfs:subClassOf	BTO:0005813
BTO:0000804	rdfs:subClassOf	BTO:0002279
BTO:0000805	rdfs:subClassOf	BTO:0005813
BTO:0000806	rdfs:subClassOf	BTO:0001008
BTO:0000808	rdfs:subClassOf	BTO:0001488
BTO:0000810	rdfs:subClassOf	BTO:0000431
BTO:0000810	rdfs:subClassOf	BTO:0001491
BTO:0000811	rdfs:subClassOf	BTO:0000977
BTO:0000812	rdfs:subClassOf	BTO:0001882
BTO:0000813	rdfs:subClassOf	BTO:0000067
BTO:0000814	rdfs:subClassOf	BTO:0001882
BTO:0000815	rdfs:subClassOf	BTO:0001912
BTO:0000822	rdfs:subClassOf	BTO:0001479
BTO:0000824	rdfs:subClassOf	BTO:0001479
BTO:0000825	rdfs:subClassOf	BTO:0000139
BTO:0000827	rdfs:subClassOf	BTO:0000887
BTO:0000829	rdfs:subClassOf	BTO:0000421
BTO:0000830	rdfs:subClassOf	BTO:0000421
BTO:0000831	rdfs:subClassOf	BTO:0001174
BTO:0000833	rdfs:subClassOf	BTO:0001018
BTO:0000834	rdfs:subClassOf	BTO:0000790
BTO:0000835	rdfs:subClassOf	BTO:0001479
BTO:0000836	rdfs:subClassOf	BTO:0000067
BTO:0000837	rdfs:subClassOf	BTO:0000067
BTO:0000839	rdfs:subClassOf	BTO:0000556
BTO:0000840	rdfs:subClassOf	BTO:0000202
BTO:0000841	rdfs:subClassOf	BTO:0000573
BTO:0000842	rdfs:subClassOf	BTO:0000495
BTO:0000843	rdfs:subClassOf	BTO:0001441
BTO:0000844	rdfs:subClassOf	BTO:0000264
BTO:0000845	rdfs:subClassOf	BTO:0001434
BTO:0000846	rdfs:subClassOf	BTO:0000737
BTO:0000847	rdfs:subClassOf	BTO:0001470
BTO:0000848	rdfs:subClassOf	BTO:0001286
BTO:0000850	rdfs:subClassOf	BTO:0000848
BTO:0000854	rdfs:subClassOf	BTO:0000174
BTO:0000857	rdfs:subClassOf	BTO:0000393
BTO:0000859	rdfs:subClassOf	BTO:0000707
BTO:0000861	rdfs:subClassOf	BTO:0001479
BTO:0000864	rdfs:subClassOf	BTO:0000722
BTO:0000864	rdfs:subClassOf	BTO:0001257
BTO:0000867	rdfs:subClassOf	BTO:0000864
BTO:0000870	rdfs:subClassOf	BTO:0000925
BTO:0000871	rdfs:subClassOf	BTO:0000167
BTO:0000871	rdfs:subClassOf	BTO:0000383
BTO:0000873	rdfs:subClassOf	BTO:0002144
BTO:0000873	rdfs:subClassOf	BTO:0002504
BTO:0000874	rdfs:subClassOf	BTO:0001488
BTO:0000875	rdfs:subClassOf	BTO:0000872
BTO:0000876	rdfs:subClassOf	BTO:0000751
BTO:0000876	rdfs:subClassOf	BTO:0001433
BTO:0000877	rdfs:subClassOf	BTO:0001479
BTO:0000878	rdfs:subClassOf	BTO:0000574
BTO:0000880	rdfs:subClassOf	BTO:0001479
BTO:0000881	rdfs:subClassOf	BTO:0001080
BTO:0000882	rdfs:subClassOf	BTO:0001479
BTO:0000886	rdfs:subClassOf	BTO:0000634
BTO:0000887	rdfs:subClassOf	BTO:0001485
BTO:0000889	rdfs:subClassOf	BTO:0000104
BTO:0000890	rdfs:subClassOf	BTO:0001436
BTO:0000891	rdfs:subClassOf	BTO:0000306
BTO:0000892	rdfs:subClassOf	BTO:0001494
BTO:0000898	rdfs:subClassOf	BTO:0000583
BTO:0000899	rdfs:subClassOf	BTO:0000583
BTO:0000901	rdfs:subClassOf	BTO:0000199
BTO:0000904	rdfs:subClassOf	BTO:0001479
BTO:0000905	rdfs:subClassOf	BTO:0001479
BTO:0000907	rdfs:subClassOf	BTO:0001260
BTO:0000909	rdfs:subClassOf	BTO:0001171
BTO:0000910	rdfs:subClassOf	BTO:0001479
BTO:0000911	rdfs:subClassOf	BTO:0001479
BTO:0000912	rdfs:subClassOf	BTO:0000419
BTO:0000912	rdfs:subClassOf	BTO:0000973
BTO:0000914	rdfs:subClassOf	BTO:0004716
BTO:0000914	rdfs:subClassOf	BTO:0004717
BTO:0000915	rdfs:subClassOf	BTO:0000707
BTO:0000917	rdfs:subClassOf	BTO:0000713
BTO:0000918	rdfs:subClassOf	BTO:0001492
BTO:0000919	rdfs:subClassOf	BTO:0003209
BTO:0000921	rdfs:subClassOf	BTO:0000786
BTO:0000922	rdfs:subClassOf	BTO:0000938
BTO:0000923	rdfs:subClassOf	BTO:0000671
BTO:0000933	rdfs:subClassOf	BTO:0000932
BTO:0000934	rdfs:subClassOf	BTO:0000932
BTO:0000935	rdfs:subClassOf	BTO:0000932
BTO:0000936	rdfs:subClassOf	BTO:0000590
BTO:0000937	rdfs:subClassOf	BTO:0006267
BTO:0000939	rdfs:subClassOf	BTO:0001470
BTO:0000941	rdfs:subClassOf	BTO:0000786
BTO:0000942	rdfs:subClassOf	BTO:0000711
BTO:0000942	rdfs:subClassOf	BTO:0000932
BTO:0000943	rdfs:subClassOf	BTO:0001479
BTO:0000944	rdfs:subClassOf	BTO:0001958
BTO:0000945	rdfs:subClassOf	BTO:0001912
BTO:0000948	rdfs:subClassOf	BTO:0001882
BTO:0000949	rdfs:subClassOf	BTO:0001330
BTO:0000950	rdfs:subClassOf	BTO:0000608
BTO:0000951	rdfs:subClassOf	BTO:0000067
BTO:0000954	rdfs:subClassOf	BTO:0000707
BTO:0000956	rdfs:subClassOf	BTO:0000416
BTO:0000958	rdfs:subClassOf	BTO:0000535
BTO:0000960	rdfs:subClassOf	BTO:0001883
BTO:0000962	rdfs:subClassOf	BTO:0000771
BTO:0000964	rdfs:subClassOf	BTO:0000535
BTO:0000967	rdfs:subClassOf	BTO:0000140
BTO:0000968	rdfs:subClassOf	BTO:0000801
BTO:0000968	rdfs:subClassOf	BTO:0002050
BTO:0000969	rdfs:subClassOf	BTO:0000372
BTO:0000969	rdfs:subClassOf	BTO:0000898
BTO:0000970	rdfs:subClassOf	BTO:0001207
BTO:0000971	rdfs:subClassOf	BTO:0000407
BTO:0000972	rdfs:subClassOf	BTO:0000578
BTO:0000973	rdfs:subClassOf	BTO:0000886
BTO:0000974	rdfs:subClassOf	BTO:0001479
BTO:0000975	rdfs:subClassOf	BTO:0000254
BTO:0000975	rdfs:subClassOf	BTO:0003099
BTO:0000976	rdfs:subClassOf	BTO:0000955
BTO:0000978	rdfs:subClassOf	BTO:0001000
BTO:0000979	rdfs:subClassOf	BTO:0000794
BTO:0000980	rdfs:subClassOf	BTO:0003099
BTO:0000981	rdfs:subClassOf	BTO:0000534
BTO:0000982	rdfs:subClassOf	BTO:0001479
BTO:0000983	rdfs:subClassOf	BTO:0001479
BTO:0000985	rdfs:subClassOf	BTO:0000403
BTO:0000986	rdfs:subClassOf	BTO:0000845
BTO:0000988	rdfs:subClassOf	BTO:0000345
BTO:0000988	rdfs:subClassOf	BTO:0001491
BTO:0000990	rdfs:subClassOf	BTO:0005813
BTO:0000992	rdfs:subClassOf	BTO:0000416
BTO:0000994	rdfs:subClassOf	BTO:0001018
BTO:0000995	rdfs:subClassOf	BTO:0000583
BTO:0000997	rdfs:subClassOf	BTO:0001488
BTO:0000998	rdfs:subClassOf	BTO:0000858
BTO:0000999	rdfs:subClassOf	BTO:0001310
BTO:0001000	rdfs:subClassOf	BTO:0000737
BTO:0001000	rdfs:subClassOf	BTO:0001549
BTO:0001002	rdfs:subClassOf	BTO:0000749
BTO:0001003	rdfs:subClassOf	BTO:0000433
BTO:0001004	rdfs:subClassOf	BTO:0001203
BTO:0001007	rdfs:subClassOf	BTO:0002380
BTO:0001008	rdfs:subClassOf	BTO:0001035
BTO:0001009	rdfs:subClassOf	BTO:0000201
BTO:0001010	rdfs:subClassOf	BTO:0000720
BTO:0001011	rdfs:subClassOf	BTO:0000938
BTO:0001012	rdfs:subClassOf	BTO:0000497
BTO:0001013	rdfs:subClassOf	BTO:0000887
BTO:0001013	rdfs:subClassOf	BTO:0001262
BTO:0001014	rdfs:subClassOf	BTO:0003681
BTO:0001015	rdfs:subClassOf	BTO:0001479
BTO:0001018	rdfs:subClassOf	BTO:0000737
BTO:0001021	rdfs:subClassOf	BTO:0000397
BTO:0001024	rdfs:subClassOf	BTO:0001060
BTO:0001025	rdfs:subClassOf	BTO:0000878
BTO:0001026	rdfs:subClassOf	BTO:0000130
BTO:0001026	rdfs:subClassOf	BTO:0001441
BTO:0001030	rdfs:subClassOf	BTO:0002279
BTO:0001033	rdfs:subClassOf	BTO:0001019
BTO:0001034	rdfs:subClassOf	BTO:0000801
BTO:0001036	rdfs:subClassOf	BTO:0001060
BTO:0001037	rdfs:subClassOf	BTO:0000938
BTO:0001042	rdfs:subClassOf	BTO:0000235
BTO:0001043	rdfs:subClassOf	BTO:0000284
BTO:0001044	rdfs:subClassOf	BTO:0000574
BTO:0001045	rdfs:subClassOf	BTO:0001008
BTO:0001046	rdfs:subClassOf	BTO:0001143
BTO:0001047	rdfs:subClassOf	BTO:0000886
BTO:0001048	rdfs:subClassOf	BTO:0000021
BTO:0001050	rdfs:subClassOf	BTO:0001479
BTO:0001051	rdfs:subClassOf	BTO:0001479
BTO:0001053	rdfs:subClassOf	BTO:0001479
BTO:0001054	rdfs:subClassOf	BTO:0000592
BTO:0001056	rdfs:subClassOf	BTO:0001271
BTO:0001059	rdfs:subClassOf	BTO:0001479
BTO:0001061	rdfs:subClassOf	BTO:0001033
BTO:0001063	rdfs:subClassOf	BTO:0000925
BTO:0001064	rdfs:subClassOf	BTO:0000720
BTO:0001067	rdfs:subClassOf	BTO:0001488
BTO:0001069	rdfs:subClassOf	BTO:0000713
BTO:0001072	rdfs:subClassOf	BTO:0001104
BTO:0001073	rdfs:subClassOf	BTO:0001488
BTO:0001075	rdfs:subClassOf	BTO:0001074
BTO:0001077	rdfs:subClassOf	BTO:0000756
BTO:0001078	rdfs:subClassOf	BTO:0003099
BTO:0001080	rdfs:subClassOf	BTO:0000578
BTO:0001081	rdfs:subClassOf	BTO:0002144
BTO:0001081	rdfs:subClassOf	BTO:0002504
BTO:0001082	rdfs:subClassOf	BTO:0004086
BTO:0001083	rdfs:subClassOf	BTO:0000578
BTO:0001084	rdfs:subClassOf	BTO:0000720
BTO:0001086	rdfs:subClassOf	BTO:0006078
BTO:0001087	rdfs:subClassOf	BTO:0000580
BTO:0001089	rdfs:subClassOf	BTO:0000456
BTO:0001091	rdfs:subClassOf	BTO:0000214
BTO:0001092	rdfs:subClassOf	BTO:0000787
BTO:0001093	rdfs:subClassOf	BTO:0001518
BTO:0001094	rdfs:subClassOf	BTO:0000731
BTO:0001095	rdfs:subClassOf	BTO:0001017
BTO:0001098	rdfs:subClassOf	BTO:0000487
BTO:0001099	rdfs:subClassOf	BTO:0000128
BTO:0001100	rdfs:subClassOf	BTO:0000731
BTO:0001103	rdfs:subClassOf	BTO:0000887
BTO:0001104	rdfs:subClassOf	BTO:0000925
BTO:0001106	rdfs:subClassOf	BTO:0000731
BTO:0001107	rdfs:subClassOf	BTO:0000443
BTO:0001109	rdfs:subClassOf	BTO:0001616
BTO:0001110	rdfs:subClassOf	BTO:0001143
BTO:0001111	rdfs:subClassOf	BTO:0000080
BTO:0001114	rdfs:subClassOf	BTO:0000713
BTO:0001115	rdfs:subClassOf	BTO:0001275
BTO:0001116	rdfs:subClassOf	BTO:0005525
BTO:0001118	rdfs:subClassOf	BTO:0000456
BTO:0001118	rdfs:subClassOf	BTO:0000899
BTO:0001118	rdfs:subClassOf	BTO:0001522
BTO:0001121	rdfs:subClassOf	BTO:0000713
BTO:0001122	rdfs:subClassOf	BTO:0000092
BTO:0001123	rdfs:subClassOf	BTO:0000497
BTO:0001124	rdfs:subClassOf	BTO:0000092
BTO:0001125	rdfs:subClassOf	BTO:0001479
BTO:0001126	rdfs:subClassOf	BTO:0001479
BTO:0001127	rdfs:subClassOf	BTO:0000214
BTO:0001129	rdfs:subClassOf	BTO:0000080
BTO:0001129	rdfs:subClassOf	BTO:0003096
BTO:0001131	rdfs:subClassOf	BTO:0000067
BTO:0001133	rdfs:subClassOf	BTO:0003104
BTO:0001134	rdfs:subClassOf	BTO:0000495
BTO:0001137	rdfs:subClassOf	BTO:0000271
BTO:0001138	rdfs:subClassOf	BTO:0000379
BTO:0001139	rdfs:subClassOf	BTO:0002007
BTO:0001140	rdfs:subClassOf	BTO:0001261
BTO:0001141	rdfs:subClassOf	BTO:0001854
BTO:0001143	rdfs:subClassOf	BTO:0000174
BTO:0001145	rdfs:subClassOf	BTO:0000782
BTO:0001147	rdfs:subClassOf	BTO:0001479
BTO:0001148	rdfs:subClassOf	BTO:0002144
BTO:0001149	rdfs:subClassOf	BTO:0000151
BTO:0001149	rdfs:subClassOf	BTO:0001367
BTO:0001150	rdfs:subClassOf	BTO:0001479
BTO:0001151	rdfs:subClassOf	BTO:0000873
BTO:0001153	rdfs:subClassOf	BTO:0000887
BTO:0001154	rdfs:subClassOf	BTO:0000889
BTO:0001155	rdfs:subClassOf	BTO:0000999
BTO:0001159	rdfs:subClassOf	BTO:0001685
BTO:0001160	rdfs:subClassOf	BTO:0000141
BTO:0001160	rdfs:subClassOf	BTO:0004850
BTO:0001162	rdfs:subClassOf	BTO:0000522
BTO:0001163	rdfs:subClassOf	BTO:0002144
BTO:0001165	rdfs:subClassOf	BTO:0000573
BTO:0001165	rdfs:subClassOf	BTO:0000671
BTO:0001168	rdfs:subClassOf	BTO:0000024
BTO:0001169	rdfs:subClassOf	BTO:0000746
BTO:0001170	rdfs:subClassOf	BTO:0002322
BTO:0001171	rdfs:subClassOf	BTO:0000284
BTO:0001171	rdfs:subClassOf	BTO:0000720
BTO:0001172	rdfs:subClassOf	BTO:0000284
BTO:0001173	rdfs:subClassOf	BTO:0000424
BTO:0001173	rdfs:subClassOf	BTO:0001441
BTO:0001177	rdfs:subClassOf	BTO:0000416
BTO:0001178	rdfs:subClassOf	BTO:0000526
BTO:0001178	rdfs:subClassOf	BTO:0000579
BTO:0001179	rdfs:subClassOf	BTO:0001300
BTO:0001182	rdfs:subClassOf	BTO:0001188
BTO:0001185	rdfs:subClassOf	BTO:0000183
BTO:0001187	rdfs:subClassOf	BTO:0000369
BTO:0001189	rdfs:subClassOf	BTO:0000578
BTO:0001192	rdfs:subClassOf	BTO:0001188
BTO:0001193	rdfs:subClassOf	BTO:0004086
BTO:0001194	rdfs:subClassOf	BTO:0000480
BTO:0001195	rdfs:subClassOf	BTO:0000416
BTO:0001196	rdfs:subClassOf	BTO:0000977
BTO:0001197	rdfs:subClassOf	BTO:0000400
BTO:0001198	rdfs:subClassOf	BTO:0000254
BTO:0001198	rdfs:subClassOf	BTO:0000765
BTO:0001199	rdfs:subClassOf	BTO:0000669
BTO:0001199	rdfs:subClassOf	BTO:0004641
BTO:0001200	rdfs:subClassOf	BTO:0001964
BTO:0001200	rdfs:subClassOf	BTO:0002195
BTO:0001201	rdfs:subClassOf	BTO:0000713
BTO:0001203	rdfs:subClassOf	BTO:0000765
BTO:0001204	rdfs:subClassOf	BTO:0000431
BTO:0001205	rdfs:subClassOf	BTO:0000872
BTO:0001205	rdfs:subClassOf	BTO:0001216
BTO:0001207	rdfs:subClassOf	BTO:0000372
BTO:0001207	rdfs:subClassOf	BTO:0001801
BTO:0001209	rdfs:subClassOf	BTO:0001975
BTO:0001210	rdfs:subClassOf	BTO:0000400
BTO:0001212	rdfs:subClassOf	BTO:0001207
BTO:0001213	rdfs:subClassOf	BTO:0001214
BTO:0001214	rdfs:subClassOf	BTO:0001207
BTO:0001215	rdfs:subClassOf	BTO:0001367
BTO:0001217	rdfs:subClassOf	BTO:0001300
BTO:0001217	rdfs:subClassOf	PO:0009011
BTO:0001218	rdfs:subClassOf	BTO:0000140
BTO:0001221	rdfs:subClassOf	BTO:0000925
BTO:0001223	rdfs:subClassOf	BTO:0000300
BTO:0001224	rdfs:subClassOf	BTO:0000707
BTO:0001225	rdfs:subClassOf	BTO:0002380
BTO:0001228	rdfs:subClassOf	BTO:0000720
BTO:0001229	rdfs:subClassOf	BTO:0000161
BTO:0001229	rdfs:subClassOf	BTO:0001242
BTO:0001231	rdfs:subClassOf	BTO:0000106
BTO:0001233	rdfs:subClassOf	BTO:0001461
BTO:0001234	rdfs:subClassOf	BTO:0003096
BTO:0001236	rdfs:subClassOf	BTO:0003179
BTO:0001237	rdfs:subClassOf	BTO:0000202
BTO:0001238	rdfs:subClassOf	BTO:0002315
BTO:0001241	rdfs:subClassOf	BTO:0000254
BTO:0001243	rdfs:subClassOf	BTO:0001461
BTO:0001244	rdfs:subClassOf	BTO:0001491
BTO:0001245	rdfs:subClassOf	BTO:0002666
BTO:0001246	rdfs:subClassOf	BTO:0000479
BTO:0001246	rdfs:subClassOf	BTO:0001257
BTO:0001249	rdfs:subClassOf	BTO:0000173
BTO:0001250	rdfs:subClassOf	BTO:0000765
BTO:0001251	rdfs:subClassOf	BTO:0001176
BTO:0001251	rdfs:subClassOf	BTO:0005265
BTO:0001252	rdfs:subClassOf	BTO:0000140
BTO:0001253	rdfs:subClassOf	BTO:0000634
BTO:0001255	rdfs:subClassOf	BTO:0000452
BTO:0001256	rdfs:subClassOf	BTO:0000497
BTO:0001257	rdfs:subClassOf	BTO:0001103
BTO:0001258	rdfs:subClassOf	BTO:0000651
BTO:0001258	rdfs:subClassOf	BTO:0000781
BTO:0001259	rdfs:subClassOf	BTO:0000642
BTO:0001259	rdfs:subClassOf	BTO:0000651
BTO:0001260	rdfs:subClassOf	BTO:0000887
BTO:0001261	rdfs:subClassOf	BTO:0001103
BTO:0001263	rdfs:subClassOf	BTO:0000846
BTO:0001264	rdfs:subClassOf	BTO:0001123
BTO:0001265	rdfs:subClassOf	BTO:0000722
BTO:0001266	rdfs:subClassOf	BTO:0001485
BTO:0001267	rdfs:subClassOf	BTO:0000977
BTO:0001268	rdfs:subClassOf	BTO:0002322
BTO:0001269	rdfs:subClassOf	BTO:0001278
BTO:0001270	rdfs:subClassOf	BTO:0001296
BTO:0001271	rdfs:subClassOf	BTO:0000580
BTO:0001273	rdfs:subClassOf	BTO:0003099
BTO:0001275	rdfs:subClassOf	BTO:0000535
BTO:0001277	rdfs:subClassOf	BTO:0000535
BTO:0001278	rdfs:subClassOf	BTO:0000469
BTO:0001281	rdfs:subClassOf	BTO:0000753
BTO:0001281	rdfs:subClassOf	BTO:0001491
BTO:0001282	rdfs:subClassOf	BTO:0000460
BTO:0001284	rdfs:subClassOf	BTO:0000140
BTO:0001285	rdfs:subClassOf	BTO:0000468
BTO:0001287	rdfs:subClassOf	BTO:0001285
BTO:0001288	rdfs:subClassOf	BTO:0000030
BTO:0001290	rdfs:subClassOf	BTO:0000468
BTO:0001292	rdfs:subClassOf	BTO:0000749
BTO:0001293	rdfs:subClassOf	BTO:0001773
BTO:0001294	rdfs:subClassOf	BTO:0001434
BTO:0001295	rdfs:subClassOf	BTO:0000140
BTO:0001298	rdfs:subClassOf	BTO:0001286
BTO:0001299	rdfs:subClassOf	BTO:0001429
BTO:0001301	rdfs:subClassOf	BTO:0001184
BTO:0001302	rdfs:subClassOf	BTO:0000140
BTO:0001304	rdfs:subClassOf	BTO:0000468
BTO:0001306	rdfs:subClassOf	BTO:0000148
BTO:0001308	rdfs:subClassOf	BTO:0000886
BTO:0001309	rdfs:subClassOf	BTO:0001188
BTO:0001309	rdfs:subClassOf	BTO:0001310
BTO:0001312	rdfs:subClassOf	BTO:0000030
BTO:0001315	rdfs:subClassOf	BTO:0001203
BTO:0001316	rdfs:subClassOf	BTO:0001203
BTO:0001318	rdfs:subClassOf	BTO:0001256
BTO:0001321	rdfs:subClassOf	BTO:0001033
BTO:0001322	rdfs:subClassOf	BTO:0001479
BTO:0001323	rdfs:subClassOf	BTO:0001033
BTO:0001324	rdfs:subClassOf	BTO:0001479
BTO:0001325	rdfs:subClassOf	BTO:0000113
BTO:0001329	rdfs:subClassOf	BTO:0000566
BTO:0001330	rdfs:subClassOf	BTO:0000608
BTO:0001331	rdfs:subClassOf	BTO:0000431
BTO:0001331	rdfs:subClassOf	BTO:0000765
BTO:0001332	rdfs:subClassOf	BTO:0001033
BTO:0001333	rdfs:subClassOf	BTO:0000497
BTO:0001334	rdfs:subClassOf	BTO:0000415
BTO:0001336	rdfs:subClassOf	BTO:0000452
BTO:0001337	rdfs:subClassOf	BTO:0000151
BTO:0001338	rdfs:subClassOf	BTO:0000421
BTO:0001341	rdfs:subClassOf	BTO:0003212
BTO:0001343	rdfs:subClassOf	BTO:0000151
BTO:0001344	rdfs:subClassOf	BTO:0001271
BTO:0001344	rdfs:subClassOf	BTO:0001825
BTO:0001345	rdfs:subClassOf	BTO:0000792
BTO:0001346	rdfs:subClassOf	BTO:0001397
BTO:0001347	rdfs:subClassOf	BTO:0000707
BTO:0001349	rdfs:subClassOf	BTO:0001019
BTO:0001352	rdfs:subClassOf	BTO:0001033
BTO:0001356	rdfs:subClassOf	BTO:0000421
BTO:0001358	rdfs:subClassOf	BTO:0001479
BTO:0001359	rdfs:subClassOf	BTO:0000690
BTO:0001359	rdfs:subClassOf	BTO:0000711
BTO:0001361	rdfs:subClassOf	BTO:0000297
BTO:0001363	rdfs:subClassOf	BTO:0000534
BTO:0001363	rdfs:subClassOf	BTO:0003096
BTO:0001366	rdfs:subClassOf	BTO:0000720
BTO:0001366	rdfs:subClassOf	BTO:0002261
BTO:0001367	rdfs:subClassOf	BTO:0000722
BTO:0001369	rdfs:subClassOf	BTO:0001485
BTO:0001370	rdfs:subClassOf	BTO:0002332
BTO:0001371	rdfs:subClassOf	BTO:0000655
BTO:0001372	rdfs:subClassOf	BTO:0001145
BTO:0001373	rdfs:subClassOf	BTO:0000110
BTO:0001374	rdfs:subClassOf	BTO:0000753
BTO:0001374	rdfs:subClassOf	BTO:0001488
BTO:0001377	rdfs:subClassOf	BTO:0000104
BTO:0001379	rdfs:subClassOf	BTO:0001488
BTO:0001381	rdfs:subClassOf	BTO:0000207
BTO:0001381	rdfs:subClassOf	BTO:0000249
BTO:0001382	rdfs:subClassOf	BTO:0000864
BTO:0001384	rdfs:subClassOf	BTO:0000216
BTO:0001385	rdfs:subClassOf	BTO:0000202
BTO:0001386	rdfs:subClassOf	BTO:0000021
BTO:0001387	rdfs:subClassOf	BTO:0000753
BTO:0001388	rdfs:subClassOf	BTO:0000203
BTO:0001389	rdfs:subClassOf	BTO:0000419
BTO:0001390	rdfs:subClassOf	BTO:0000973
BTO:0001391	rdfs:subClassOf	BTO:0001660
BTO:0001392	rdfs:subClassOf	BTO:0001479
BTO:0001394	rdfs:subClassOf	BTO:0000713
BTO:0001396	rdfs:subClassOf	BTO:0000058
BTO:0001397	rdfs:subClassOf	BTO:0000749
BTO:0001398	rdfs:subClassOf	BTO:0000092
BTO:0001400	rdfs:subClassOf	BTO:0001300
BTO:0001404	rdfs:subClassOf	BTO:0000582
BTO:0001406	rdfs:subClassOf	BTO:0000849
BTO:0001407	rdfs:subClassOf	BTO:0000729
BTO:0001410	rdfs:subClassOf	BTO:0000756
BTO:0001411	rdfs:subClassOf	BTO:0001243
BTO:0001412	rdfs:subClassOf	BTO:0000104
BTO:0001412	rdfs:subClassOf	BTO:0005583
BTO:0001413	rdfs:subClassOf	BTO:0002322
BTO:0001416	rdfs:subClassOf	BTO:0000393
BTO:0001417	rdfs:subClassOf	BTO:0001171
BTO:0001418	rdfs:subClassOf	BTO:0000123
BTO:0001420	rdfs:subClassOf	BTO:0000765
BTO:0001422	rdfs:subClassOf	BTO:0000886
BTO:0001424	rdfs:subClassOf	BTO:0003099
BTO:0001425	rdfs:subClassOf	BTO:0000161
BTO:0001427	rdfs:subClassOf	BTO:0003096
BTO:0001428	rdfs:subClassOf	BTO:0000416
BTO:0001429	rdfs:subClassOf	BTO:0001432
BTO:0001430	rdfs:subClassOf	BTO:0001428
BTO:0001431	rdfs:subClassOf	BTO:0001260
BTO:0001433	rdfs:subClassOf	BTO:0000878
BTO:0001433	rdfs:subClassOf	BTO:0001044
BTO:0001433	rdfs:subClassOf	BTO:0001441
BTO:0001434	rdfs:subClassOf	BTO:0002322
BTO:0001435	rdfs:subClassOf	BTO:0001729
BTO:0001436	rdfs:subClassOf	BTO:0001434
BTO:0001437	rdfs:subClassOf	BTO:0000669
BTO:0001438	rdfs:subClassOf	BTO:0000234
BTO:0001440	rdfs:subClassOf	BTO:0000765
BTO:0001441	rdfs:subClassOf	BTO:0000574
BTO:0001443	rdfs:subClassOf	BTO:0001479
BTO:0001444	rdfs:subClassOf	BTO:0000067
BTO:0001445	rdfs:subClassOf	BTO:0001639
BTO:0001449	rdfs:subClassOf	BTO:0001513
BTO:0001453	rdfs:subClassOf	BTO:0001260
BTO:0001454	rdfs:subClassOf	BTO:0001460
BTO:0001455	rdfs:subClassOf	BTO:0001460
BTO:0001456	rdfs:subClassOf	BTO:0001487
BTO:0001458	rdfs:subClassOf	BTO:0001162
BTO:0001458	rdfs:subClassOf	BTO:0001331
BTO:0001459	rdfs:subClassOf	BTO:0001110
BTO:0001461	rdfs:subClassOf	BTO:0001481
BTO:0001463	rdfs:subClassOf	BTO:0001729
BTO:0001466	rdfs:subClassOf	BTO:0004086
BTO:0001469	rdfs:subClassOf	BTO:0001479
BTO:0001475	rdfs:subClassOf	BTO:0001171
BTO:0001476	rdfs:subClassOf	BTO:0001434
BTO:0001478	rdfs:subClassOf	BTO:0002322
BTO:0001479	rdfs:subClassOf	BTO:0000216
BTO:0001480	rdfs:subClassOf	BTO:0000235
BTO:0001481	rdfs:subClassOf	BTO:0000000
BTO:0001482	rdfs:subClassOf	BTO:0001045
BTO:0001487	rdfs:subClassOf	BTO:0000421
BTO:0001488	rdfs:subClassOf	BTO:0000522
BTO:0001489	rdfs:subClassOf	BTO:0000042
BTO:0001490	rdfs:subClassOf	BTO:0000000
BTO:0001494	rdfs:subClassOf	BTO:0000000
BTO:0001496	rdfs:subClassOf	BTO:0000925
BTO:0001497	rdfs:subClassOf	BTO:0001537
BTO:0001500	rdfs:subClassOf	BTO:0000713
BTO:0001500	rdfs:subClassOf	BTO:0001300
BTO:0001506	rdfs:subClassOf	BTO:0001385
BTO:0001508	rdfs:subClassOf	BTO:0001473
BTO:0001512	rdfs:subClassOf	BTO:0000284
BTO:0001513	rdfs:subClassOf	BTO:0000416
BTO:0001514	rdfs:subClassOf	BTO:0000414
BTO:0001515	rdfs:subClassOf	BTO:0000416
BTO:0001516	rdfs:subClassOf	BTO:0000743
BTO:0001517	rdfs:subClassOf	BTO:0000578
BTO:0001518	rdfs:subClassOf	BTO:0000104
BTO:0001519	rdfs:subClassOf	BTO:0001120
BTO:0001520	rdfs:subClassOf	BTO:0001519
BTO:0001521	rdfs:subClassOf	BTO:0000167
BTO:0001521	rdfs:subClassOf	BTO:0000794
BTO:0001523	rdfs:subClassOf	BTO:0002062
BTO:0001527	rdfs:subClassOf	BTO:0001526
BTO:0001528	rdfs:subClassOf	BTO:0000772
BTO:0001529	rdfs:subClassOf	BTO:0000067
BTO:0001530	rdfs:subClassOf	BTO:0000101
BTO:0001531	rdfs:subClassOf	BTO:0000255
BTO:0001532	rdfs:subClassOf	BTO:0001510
BTO:0001534	rdfs:subClassOf	BTO:0001913
BTO:0001535	rdfs:subClassOf	BTO:0001914
BTO:0001536	rdfs:subClassOf	BTO:0001616
BTO:0001537	rdfs:subClassOf	BTO:0000003
BTO:0001538	rdfs:subClassOf	BTO:0004055
BTO:0001540	rdfs:subClassOf	BTO:0000414
BTO:0001540	rdfs:subClassOf	BTO:0003689
BTO:0001544	rdfs:subClassOf	BTO:0001056
BTO:0001545	rdfs:subClassOf	BTO:0001056
BTO:0001546	rdfs:subClassOf	BTO:0000744
BTO:0001548	rdfs:subClassOf	BTO:0001203
BTO:0001551	rdfs:subClassOf	BTO:0000284
BTO:0001552	rdfs:subClassOf	BTO:0001404
BTO:0001553	rdfs:subClassOf	BTO:0001913
BTO:0001554	rdfs:subClassOf	BTO:0003061
BTO:0001555	rdfs:subClassOf	BTO:0001996
BTO:0001556	rdfs:subClassOf	BTO:0001575
BTO:0001557	rdfs:subClassOf	BTO:0001530
BTO:0001560	rdfs:subClassOf	BTO:0004229
BTO:0001561	rdfs:subClassOf	BTO:0000889
BTO:0001562	rdfs:subClassOf	BTO:0001436
BTO:0001567	rdfs:subClassOf	BTO:0004086
BTO:0001568	rdfs:subClassOf	BTO:0004086
BTO:0001569	rdfs:subClassOf	BTO:0001912
BTO:0001569	rdfs:subClassOf	BTO:0004086
BTO:0001570	rdfs:subClassOf	BTO:0001912
BTO:0001570	rdfs:subClassOf	BTO:0004086
BTO:0001571	rdfs:subClassOf	BTO:0001441
BTO:0001572	rdfs:subClassOf	BTO:0000206
BTO:0001574	rdfs:subClassOf	BTO:0000385
BTO:0001575	rdfs:subClassOf	BTO:0000807
BTO:0001578	rdfs:subClassOf	BTO:0000416
BTO:0001579	rdfs:subClassOf	BTO:0000021
BTO:0001580	rdfs:subClassOf	BTO:0003096
BTO:0001581	rdfs:subClassOf	BTO:0000669
BTO:0001582	rdfs:subClassOf	BTO:0001581
BTO:0001584	rdfs:subClassOf	BTO:0000849
BTO:0001585	rdfs:subClassOf	BTO:0001575
BTO:0001587	rdfs:subClassOf	BTO:0000849
BTO:0001588	rdfs:subClassOf	BTO:0000849
BTO:0001589	rdfs:subClassOf	BTO:0002202
BTO:0001590	rdfs:subClassOf	BTO:0000161
BTO:0001591	rdfs:subClassOf	BTO:0000811
BTO:0001592	rdfs:subClassOf	BTO:0000206
BTO:0001593	rdfs:subClassOf	BTO:0002050
BTO:0001594	rdfs:subClassOf	BTO:0000727
BTO:0001595	rdfs:subClassOf	BTO:0000849
BTO:0001596	rdfs:subClassOf	BTO:0000407
BTO:0001597	rdfs:subClassOf	BTO:0001461
BTO:0001598	rdfs:subClassOf	BTO:0000801
BTO:0001599	rdfs:subClassOf	BTO:0001914
BTO:0001600	rdfs:subClassOf	BTO:0000634
BTO:0001607	rdfs:subClassOf	BTO:0002148
BTO:0001609	rdfs:subClassOf	BTO:0001914
BTO:0001610	rdfs:subClassOf	BTO:0001876
BTO:0001611	rdfs:subClassOf	BTO:0003209
BTO:0001612	rdfs:subClassOf	BTO:0000178
BTO:0001612	rdfs:subClassOf	BTO:0001615
BTO:0001616	rdfs:subClassOf	BTO:0001532
BTO:0001616	rdfs:subClassOf	BTO:0001533
BTO:0001616	rdfs:subClassOf	BTO:0001614
BTO:0001617	rdfs:subClassOf	BTO:0000104
BTO:0001618	rdfs:subClassOf	BTO:0000472
BTO:0001619	rdfs:subClassOf	BTO:0000453
BTO:0001620	rdfs:subClassOf	BTO:0000932
BTO:0001621	rdfs:subClassOf	BTO:0000489
BTO:0001623	rdfs:subClassOf	BTO:0001622
BTO:0001624	rdfs:subClassOf	BTO:0000573
BTO:0001628	rdfs:subClassOf	BTO:0000206
BTO:0001631	rdfs:subClassOf	BTO:0001207
BTO:0001638	rdfs:subClassOf	BTO:0000174
BTO:0001640	rdfs:subClassOf	BTO:0001639
BTO:0001641	rdfs:subClassOf	BTO:0001639
BTO:0001642	rdfs:subClassOf	BTO:0001639
BTO:0001643	rdfs:subClassOf	BTO:0001639
BTO:0001644	rdfs:subClassOf	BTO:0001639
BTO:0001645	rdfs:subClassOf	BTO:0001639
BTO:0001646	rdfs:subClassOf	BTO:0001639
BTO:0001652	rdfs:subClassOf	BTO:0001261
BTO:0001653	rdfs:subClassOf	BTO:0000419
BTO:0001654	rdfs:subClassOf	BTO:0000280
BTO:0001655	rdfs:subClassOf	BTO:0000280
BTO:0001659	rdfs:subClassOf	BTO:0001188
BTO:0001659	rdfs:subClassOf	BTO:0001658
BTO:0001660	rdfs:subClassOf	BTO:0001260
BTO:0001663	rdfs:subClassOf	BTO:0000414
BTO:0001664	rdfs:subClassOf	BTO:0000578
BTO:0001665	rdfs:subClassOf	BTO:0001664
BTO:0001666	rdfs:subClassOf	BTO:0000608
BTO:0001667	rdfs:subClassOf	BTO:0000849
BTO:0001669	rdfs:subClassOf	BTO:0001668
BTO:0001670	rdfs:subClassOf	BTO:0001664
BTO:0001671	rdfs:subClassOf	BTO:0002868
BTO:0001672	rdfs:subClassOf	BTO:0000849
BTO:0001673	rdfs:subClassOf	BTO:0000849
BTO:0001674	rdfs:subClassOf	BTO:0000849
BTO:0001675	rdfs:subClassOf	BTO:0000849
BTO:0001677	rdfs:subClassOf	BTO:0000669
BTO:0001678	rdfs:subClassOf	BTO:0002417
BTO:0001679	rdfs:subClassOf	BTO:0002417
BTO:0001682	rdfs:subClassOf	BTO:0000887
BTO:0001682	rdfs:subClassOf	BTO:0001262
BTO:0001685	rdfs:subClassOf	BTO:0001431
BTO:0001686	rdfs:subClassOf	BTO:0000421
BTO:0001687	rdfs:subClassOf	BTO:0000887
BTO:0001688	rdfs:subClassOf	BTO:0000497
BTO:0001689	rdfs:subClassOf	BTO:0000158
BTO:0001690	rdfs:subClassOf	BTO:0000785
BTO:0001697	rdfs:subClassOf	BTO:0000431
BTO:0001698	rdfs:subClassOf	BTO:0000080
BTO:0001698	rdfs:subClassOf	BTO:0003096
BTO:0001699	rdfs:subClassOf	BTO:0000753
BTO:0001701	rdfs:subClassOf	BTO:0000634
BTO:0001704	rdfs:subClassOf	BTO:0001103
BTO:0001706	rdfs:subClassOf	BTO:0001470
BTO:0001709	rdfs:subClassOf	BTO:0000781
BTO:0001711	rdfs:subClassOf	BTO:0001470
BTO:0001714	rdfs:subClassOf	BTO:0000604
BTO:0001715	rdfs:subClassOf	BTO:0001079
BTO:0001718	rdfs:subClassOf	BTO:0000809
BTO:0001719	rdfs:subClassOf	BTO:0001492
BTO:0001721	rdfs:subClassOf	BTO:0000206
BTO:0001722	rdfs:subClassOf	BTO:0000315
BTO:0001722	rdfs:subClassOf	BTO:0001511
BTO:0001726	rdfs:subClassOf	BTO:0000852
BTO:0001729	rdfs:subClassOf	BTO:0001492
BTO:0001731	rdfs:subClassOf	BTO:0000584
BTO:0001734	rdfs:subClassOf	BTO:0000346
BTO:0001735	rdfs:subClassOf	BTO:0002320
BTO:0001738	rdfs:subClassOf	BTO:0000785
BTO:0001741	rdfs:subClassOf	BTO:0000397
BTO:0001742	rdfs:subClassOf	BTO:0000642
BTO:0001743	rdfs:subClassOf	BTO:0001258
BTO:0001744	rdfs:subClassOf	BTO:0000234
BTO:0001755	rdfs:subClassOf	BTO:0000021
BTO:0001756	rdfs:subClassOf	BTO:0001573
BTO:0001757	rdfs:subClassOf	BTO:0000526
BTO:0001758	rdfs:subClassOf	BTO:0000439
BTO:0001759	rdfs:subClassOf	BTO:0000397
BTO:0001762	rdfs:subClassOf	BTO:0000284
BTO:0001766	rdfs:subClassOf	BTO:0000379
BTO:0001767	rdfs:subClassOf	BTO:0000938
BTO:0001767	rdfs:subClassOf	BTO:0001488
BTO:0001768	rdfs:subClassOf	BTO:0000818
BTO:0001770	rdfs:subClassOf	BTO:0000416
BTO:0001771	rdfs:subClassOf	BTO:0001555
BTO:0001773	rdfs:subClassOf	BTO:0000854
BTO:0001775	rdfs:subClassOf	BTO:0000416
BTO:0001776	rdfs:subClassOf	BTO:0001226
BTO:0001777	rdfs:subClassOf	BTO:0001287
BTO:0001778	rdfs:subClassOf	BTO:0001287
BTO:0001784	rdfs:subClassOf	BTO:0000784
BTO:0001786	rdfs:subClassOf	BTO:0000254
BTO:0001792	rdfs:subClassOf	BTO:0000234
BTO:0001794	rdfs:subClassOf	BTO:0001250
BTO:0001795	rdfs:subClassOf	BTO:0001250
BTO:0001797	rdfs:subClassOf	BTO:0001545
BTO:0001798	rdfs:subClassOf	BTO:0000495
BTO:0001799	rdfs:subClassOf	BTO:0000234
BTO:0001802	rdfs:subClassOf	BTO:0001207
BTO:0001803	rdfs:subClassOf	BTO:0001488
BTO:0001804	rdfs:subClassOf	BTO:0003797
BTO:0001806	rdfs:subClassOf	BTO:0001262
BTO:0001806	rdfs:subClassOf	BTO:0001491
BTO:0001808	rdfs:subClassOf	BTO:0000234
BTO:0001810	rdfs:subClassOf	BTO:0001436
BTO:0001811	rdfs:subClassOf	BTO:0000416
BTO:0001812	rdfs:subClassOf	BTO:0002319
BTO:0001813	rdfs:subClassOf	BTO:0002319
BTO:0001815	rdfs:subClassOf	BTO:0001333
BTO:0001818	rdfs:subClassOf	BTO:0001260
BTO:0001821	rdfs:subClassOf	BTO:0000497
BTO:0001822	rdfs:subClassOf	BTO:0002449
BTO:0001824	rdfs:subClassOf	BTO:0001207
BTO:0001825	rdfs:subClassOf	BTO:0000785
BTO:0001826	rdfs:subClassOf	BTO:0000772
BTO:0001827	rdfs:subClassOf	BTO:0004649
BTO:0001830	rdfs:subClassOf	BTO:0000628
BTO:0001831	rdfs:subClassOf	BTO:0001333
BTO:0001832	rdfs:subClassOf	BTO:0001028
BTO:0001833	rdfs:subClassOf	BTO:0001028
BTO:0001835	rdfs:subClassOf	BTO:0001333
BTO:0001836	rdfs:subClassOf	BTO:0000416
BTO:0001837	rdfs:subClassOf	BTO:0000765
BTO:0001838	rdfs:subClassOf	BTO:0001639
BTO:0001841	rdfs:subClassOf	BTO:0000497
BTO:0001842	rdfs:subClassOf	BTO:0000497
BTO:0001843	rdfs:subClassOf	BTO:0000497
BTO:0001845	rdfs:subClassOf	BTO:0000419
BTO:0001846	rdfs:subClassOf	BTO:0000973
BTO:0001847	rdfs:subClassOf	BTO:0001260
BTO:0001847	rdfs:subClassOf	BTO:0001415
BTO:0001848	rdfs:subClassOf	BTO:0001488
BTO:0001849	rdfs:subClassOf	BTO:0001260
BTO:0001852	rdfs:subClassOf	BTO:0001853
BTO:0001853	rdfs:subClassOf	BTO:0000393
BTO:0001854	rdfs:subClassOf	BTO:0001176
BTO:0001860	rdfs:subClassOf	BTO:0000809
BTO:0001860	rdfs:subClassOf	BTO:0001023
BTO:0001861	rdfs:subClassOf	BTO:0001521
BTO:0001863	rdfs:subClassOf	BTO:0000887
BTO:0001864	rdfs:subClassOf	BTO:0001521
BTO:0001865	rdfs:subClassOf	BTO:0000067
BTO:0001866	rdfs:subClassOf	BTO:0000419
BTO:0001867	rdfs:subClassOf	BTO:0000453
BTO:0001870	rdfs:subClassOf	BTO:0000297
BTO:0001870	rdfs:subClassOf	BTO:0000811
BTO:0001871	rdfs:subClassOf	BTO:0000227
BTO:0001871	rdfs:subClassOf	BTO:0000497
BTO:0001872	rdfs:subClassOf	BTO:0001874
BTO:0001873	rdfs:subClassOf	BTO:0000416
BTO:0001874	rdfs:subClassOf	BTO:0001120
BTO:0001875	rdfs:subClassOf	BTO:0001876
BTO:0001877	rdfs:subClassOf	BTO:0001140
BTO:0001878	rdfs:subClassOf	BTO:0001140
BTO:0001879	rdfs:subClassOf	BTO:0000256
BTO:0001880	rdfs:subClassOf	BTO:0002144
BTO:0001880	rdfs:subClassOf	BTO:0002504
BTO:0001881	rdfs:subClassOf	BTO:0001882
BTO:0001882	rdfs:subClassOf	BTO:0000167
BTO:0001882	rdfs:subClassOf	BTO:0000811
BTO:0001883	rdfs:subClassOf	BTO:0000740
BTO:0001884	rdfs:subClassOf	BTO:0001883
BTO:0001885	rdfs:subClassOf	BTO:0001883
BTO:0001886	rdfs:subClassOf	BTO:0000174
BTO:0001887	rdfs:subClassOf	BTO:0001886
BTO:0001888	rdfs:subClassOf	BTO:0000196
BTO:0001889	rdfs:subClassOf	BTO:0003874
BTO:0001890	rdfs:subClassOf	BTO:0000797
BTO:0001893	rdfs:subClassOf	BTO:0001397
BTO:0001894	rdfs:subClassOf	BTO:0001958
BTO:0001898	rdfs:subClassOf	BTO:0001897
BTO:0001899	rdfs:subClassOf	BTO:0001900
BTO:0001900	rdfs:subClassOf	BTO:0000214
BTO:0001901	rdfs:subClassOf	BTO:0001900
BTO:0001902	rdfs:subClassOf	BTO:0001900
BTO:0001903	rdfs:subClassOf	BTO:0001900
BTO:0001904	rdfs:subClassOf	BTO:0003883
BTO:0001905	rdfs:subClassOf	BTO:0001103
BTO:0001906	rdfs:subClassOf	BTO:0000282
BTO:0001906	rdfs:subClassOf	BTO:0001368
BTO:0001907	rdfs:subClassOf	BTO:0000899
BTO:0001908	rdfs:subClassOf	BTO:0004086
BTO:0001909	rdfs:subClassOf	BTO:0000932
BTO:0001910	rdfs:subClassOf	BTO:0001911
BTO:0001911	rdfs:subClassOf	BTO:0000167
BTO:0001911	rdfs:subClassOf	BTO:0000762
BTO:0001912	rdfs:subClassOf	BTO:0000167
BTO:0001912	rdfs:subClassOf	BTO:0000356
BTO:0001913	rdfs:subClassOf	BTO:0000797
BTO:0001914	rdfs:subClassOf	BTO:0000167
BTO:0001914	rdfs:subClassOf	BTO:0001616
BTO:0001915	rdfs:subClassOf	BTO:0000400
BTO:0001916	rdfs:subClassOf	BTO:0000797
BTO:0001917	rdfs:subClassOf	BTO:0000797
BTO:0001918	rdfs:subClassOf	BTO:0000797
BTO:0001919	rdfs:subClassOf	BTO:0000476
BTO:0001920	rdfs:subClassOf	BTO:0000604
BTO:0001921	rdfs:subClassOf	BTO:0000439
BTO:0001924	rdfs:subClassOf	BTO:0000887
BTO:0001927	rdfs:subClassOf	BTO:0001926
BTO:0001928	rdfs:subClassOf	BTO:0000794
BTO:0001929	rdfs:subClassOf	BTO:0000669
BTO:0001930	rdfs:subClassOf	BTO:0001518
BTO:0001931	rdfs:subClassOf	BTO:0001518
BTO:0001932	rdfs:subClassOf	BTO:0004086
BTO:0001933	rdfs:subClassOf	BTO:0000224
BTO:0001934	rdfs:subClassOf	BTO:0000889
BTO:0001936	rdfs:subClassOf	BTO:0002062
BTO:0001937	rdfs:subClassOf	BTO:0000224
BTO:0001938	rdfs:subClassOf	BTO:0000407
BTO:0001939	rdfs:subClassOf	BTO:0002768
BTO:0001940	rdfs:subClassOf	BTO:0000222
BTO:0001941	rdfs:subClassOf	BTO:0001080
BTO:0001945	rdfs:subClassOf	BTO:0003212
BTO:0001946	rdfs:subClassOf	BTO:0000452
BTO:0001947	rdfs:subClassOf	BTO:0001532
BTO:0001949	rdfs:subClassOf	BTO:0001520
BTO:0001950	rdfs:subClassOf	BTO:0000578
BTO:0001952	rdfs:subClassOf	BTO:0000741
BTO:0001955	rdfs:subClassOf	BTO:0001958
BTO:0001956	rdfs:subClassOf	BTO:0000256
BTO:0001957	rdfs:subClassOf	BTO:0001958
BTO:0001957	rdfs:subClassOf	BTO:0002052
BTO:0001958	rdfs:subClassOf	BTO:0000453
BTO:0001958	rdfs:subClassOf	BTO:0000669
BTO:0001959	rdfs:subClassOf	BTO:0002144
BTO:0001959	rdfs:subClassOf	BTO:0002504
BTO:0001960	rdfs:subClassOf	BTO:0000816
BTO:0001961	rdfs:subClassOf	BTO:0004086
BTO:0001962	rdfs:subClassOf	BTO:0001964
BTO:0001964	rdfs:subClassOf	BTO:0001963
BTO:0001967	rdfs:subClassOf	BTO:0001966
BTO:0001968	rdfs:subClassOf	BTO:0001967
BTO:0001969	rdfs:subClassOf	BTO:0002144
BTO:0001970	rdfs:subClassOf	BTO:0002206
BTO:0001972	rdfs:subClassOf	BTO:0001971
BTO:0001973	rdfs:subClassOf	BTO:0001519
BTO:0001974	rdfs:subClassOf	BTO:0001973
BTO:0001974	rdfs:subClassOf	BTO:0001975
BTO:0001976	rdfs:subClassOf	BTO:0000932
BTO:0001977	rdfs:subClassOf	BTO:0001971
BTO:0001979	rdfs:subClassOf	BTO:0000765
BTO:0001980	rdfs:subClassOf	BTO:0000765
BTO:0001982	rdfs:subClassOf	BTO:0000214
BTO:0001984	rdfs:subClassOf	BTO:0001479
BTO:0001985	rdfs:subClassOf	BTO:0001479
BTO:0001986	rdfs:subClassOf	BTO:0001479
BTO:0001987	rdfs:subClassOf	BTO:0001479
BTO:0001988	rdfs:subClassOf	BTO:0001479
BTO:0001989	rdfs:subClassOf	BTO:0001479
BTO:0001990	rdfs:subClassOf	BTO:0001479
BTO:0001991	rdfs:subClassOf	BTO:0001479
BTO:0001992	rdfs:subClassOf	BTO:0001479
BTO:0001993	rdfs:subClassOf	BTO:0001479
BTO:0001994	rdfs:subClassOf	BTO:0001479
BTO:0001998	rdfs:subClassOf	BTO:0000849
BTO:0002000	rdfs:subClassOf	BTO:0000264
BTO:0002001	rdfs:subClassOf	BTO:0000264
BTO:0002002	rdfs:subClassOf	BTO:0000264
BTO:0002003	rdfs:subClassOf	BTO:0001574
BTO:0002004	rdfs:subClassOf	BTO:0001530
BTO:0002005	rdfs:subClassOf	BTO:0001530
BTO:0002007	rdfs:subClassOf	BTO:0000284
BTO:0002007	rdfs:subClassOf	BTO:0002261
BTO:0002008	rdfs:subClassOf	BTO:0000216
BTO:0002013	rdfs:subClassOf	BTO:0000578
BTO:0002016	rdfs:subClassOf	BTO:0000849
BTO:0002021	rdfs:subClassOf	BTO:0000604
BTO:0002022	rdfs:subClassOf	BTO:0000353
BTO:0002022	rdfs:subClassOf	BTO:0002637
BTO:0002023	rdfs:subClassOf	BTO:0002022
BTO:0002025	rdfs:subClassOf	BTO:0002211
BTO:0002026	rdfs:subClassOf	BTO:0002211
BTO:0002031	rdfs:subClassOf	BTO:0002030
BTO:0002032	rdfs:subClassOf	BTO:0000797
BTO:0002033	rdfs:subClassOf	BTO:0001882
BTO:0002034	rdfs:subClassOf	BTO:0002488
BTO:0002035	rdfs:subClassOf	BTO:0000711
BTO:0002036	rdfs:subClassOf	BTO:0001530
BTO:0002037	rdfs:subClassOf	BTO:0000740
BTO:0002038	rdfs:subClassOf	BTO:0002050
BTO:0002041	rdfs:subClassOf	BTO:0001958
BTO:0002043	rdfs:subClassOf	BTO:0001209
BTO:0002045	rdfs:subClassOf	BTO:0001102
BTO:0002047	rdfs:subClassOf	BTO:0001913
BTO:0002048	rdfs:subClassOf	BTO:0002007
BTO:0002051	rdfs:subClassOf	BTO:0002050
BTO:0002054	rdfs:subClassOf	BTO:0000407
BTO:0002055	rdfs:subClassOf	BTO:0001971
BTO:0002056	rdfs:subClassOf	BTO:0001262
BTO:0002057	rdfs:subClassOf	BTO:0000176
BTO:0002057	rdfs:subClassOf	BTO:0002058
BTO:0002058	rdfs:subClassOf	BTO:0002061
BTO:0002059	rdfs:subClassOf	BTO:0002058
BTO:0002060	rdfs:subClassOf	BTO:0002057
BTO:0002061	rdfs:subClassOf	BTO:0000551
BTO:0002062	rdfs:subClassOf	BTO:0000773
BTO:0002063	rdfs:subClassOf	BTO:0002062
BTO:0002068	rdfs:subClassOf	BTO:0001162
BTO:0002069	rdfs:subClassOf	BTO:0000765
BTO:0002070	rdfs:subClassOf	BTO:0001973
BTO:0002071	rdfs:subClassOf	BTO:0001207
BTO:0002072	rdfs:subClassOf	BTO:0000416
BTO:0002073	rdfs:subClassOf	BTO:0002072
BTO:0002074	rdfs:subClassOf	BTO:0000416
BTO:0002075	rdfs:subClassOf	BTO:0000416
BTO:0002077	rdfs:subClassOf	BTO:0002076
BTO:0002078	rdfs:subClassOf	BTO:0002076
BTO:0002079	rdfs:subClassOf	BTO:0002076
BTO:0002080	rdfs:subClassOf	BTO:0002076
BTO:0002081	rdfs:subClassOf	BTO:0002076
BTO:0002084	rdfs:subClassOf	BTO:0002085
BTO:0002086	rdfs:subClassOf	BTO:0002085
BTO:0002087	rdfs:subClassOf	BTO:0002085
BTO:0002088	rdfs:subClassOf	BTO:0000526
BTO:0002089	rdfs:subClassOf	BTO:0000407
BTO:0002090	rdfs:subClassOf	BTO:0001178
BTO:0002091	rdfs:subClassOf	BTO:0001178
BTO:0002092	rdfs:subClassOf	BTO:0000526
BTO:0002092	rdfs:subClassOf	BTO:0002093
BTO:0002093	rdfs:subClassOf	BTO:0000931
BTO:0002093	rdfs:subClassOf	BTO:0003045
BTO:0002094	rdfs:subClassOf	BTO:0002093
BTO:0002095	rdfs:subClassOf	BTO:0000526
BTO:0002101	rdfs:subClassOf	BTO:0000898
BTO:0002102	rdfs:subClassOf	BTO:0000456
BTO:0002103	rdfs:subClassOf	BTO:0000456
BTO:0002105	rdfs:subClassOf	BTO:0002106
BTO:0002107	rdfs:subClassOf	BTO:0000886
BTO:0002108	rdfs:subClassOf	BTO:0002107
BTO:0002109	rdfs:subClassOf	BTO:0002107
BTO:0002110	rdfs:subClassOf	BTO:0002107
BTO:0002111	rdfs:subClassOf	BTO:0002107
BTO:0002112	rdfs:subClassOf	BTO:0002107
BTO:0002113	rdfs:subClassOf	BTO:0002107
BTO:0002114	rdfs:subClassOf	BTO:0002107
BTO:0002115	rdfs:subClassOf	BTO:0002107
BTO:0002116	rdfs:subClassOf	BTO:0002107
BTO:0002117	rdfs:subClassOf	BTO:0002107
BTO:0002118	rdfs:subClassOf	BTO:0001479
BTO:0002119	rdfs:subClassOf	BTO:0001278
BTO:0002120	rdfs:subClassOf	BTO:0001806
BTO:0002121	rdfs:subClassOf	BTO:0001806
BTO:0002122	rdfs:subClassOf	BTO:0001806
BTO:0002126	rdfs:subClassOf	BTO:0001530
BTO:0002127	rdfs:subClassOf	BTO:0001530
BTO:0002128	rdfs:subClassOf	BTO:0001530
BTO:0002129	rdfs:subClassOf	BTO:0002130
BTO:0002130	rdfs:subClassOf	BTO:0000849
BTO:0002131	rdfs:subClassOf	BTO:0002130
BTO:0002132	rdfs:subClassOf	BTO:0002130
BTO:0002133	rdfs:subClassOf	BTO:0002130
BTO:0002134	rdfs:subClassOf	BTO:0002130
BTO:0002135	rdfs:subClassOf	BTO:0000716
BTO:0002136	rdfs:subClassOf	BTO:0001883
BTO:0002137	rdfs:subClassOf	BTO:0000794
BTO:0002139	rdfs:subClassOf	BTO:0000711
BTO:0002140	rdfs:subClassOf	BTO:0000849
BTO:0002141	rdfs:subClassOf	BTO:0001913
BTO:0002142	rdfs:subClassOf	BTO:0000716
BTO:0002144	rdfs:subClassOf	BTO:0000739
BTO:0002146	rdfs:subClassOf	BTO:0003209
BTO:0002148	rdfs:subClassOf	BTO:0000123
BTO:0002152	rdfs:subClassOf	BTO:0002157
BTO:0002153	rdfs:subClassOf	BTO:0002152
BTO:0002154	rdfs:subClassOf	BTO:0002152
BTO:0002155	rdfs:subClassOf	BTO:0002152
BTO:0002156	rdfs:subClassOf	BTO:0002152
BTO:0002157	rdfs:subClassOf	BTO:0000140
BTO:0002159	rdfs:subClassOf	BTO:0002161
BTO:0002160	rdfs:subClassOf	BTO:0002161
BTO:0002161	rdfs:subClassOf	BTO:0000487
BTO:0002163	rdfs:subClassOf	BTO:0002161
BTO:0002164	rdfs:subClassOf	BTO:0002161
BTO:0002166	rdfs:subClassOf	BTO:0001171
BTO:0002167	rdfs:subClassOf	BTO:0000114
BTO:0002168	rdfs:subClassOf	BTO:0000284
BTO:0002171	rdfs:subClassOf	BTO:0000849
BTO:0002172	rdfs:subClassOf	BTO:0001668
BTO:0002175	rdfs:subClassOf	BTO:0000067
BTO:0002177	rdfs:subClassOf	BTO:0000407
BTO:0002178	rdfs:subClassOf	BTO:0002768
BTO:0002182	rdfs:subClassOf	BTO:0000762
BTO:0002183	rdfs:subClassOf	BTO:0000762
BTO:0002184	rdfs:subClassOf	BTO:0001479
BTO:0002185	rdfs:subClassOf	BTO:0001479
BTO:0002186	rdfs:subClassOf	BTO:0001479
BTO:0002187	rdfs:subClassOf	BTO:0001479
BTO:0002188	rdfs:subClassOf	BTO:0001479
BTO:0002189	rdfs:subClassOf	BTO:0001479
BTO:0002190	rdfs:subClassOf	BTO:0001479
BTO:0002192	rdfs:subClassOf	BTO:0000375
BTO:0002192	rdfs:subClassOf	BTO:0002024
BTO:0002193	rdfs:subClassOf	BTO:0000375
BTO:0002193	rdfs:subClassOf	BTO:0002024
BTO:0002194	rdfs:subClassOf	BTO:0000375
BTO:0002196	rdfs:subClassOf	BTO:0001200
BTO:0002197	rdfs:subClassOf	BTO:0000578
BTO:0002198	rdfs:subClassOf	BTO:0000224
BTO:0002199	rdfs:subClassOf	BTO:0000797
BTO:0002200	rdfs:subClassOf	BTO:0000797
BTO:0002201	rdfs:subClassOf	BTO:0000797
BTO:0002202	rdfs:subClassOf	BTO:0000762
BTO:0002202	rdfs:subClassOf	BTO:0002024
BTO:0002203	rdfs:subClassOf	BTO:0002202
BTO:0002205	rdfs:subClassOf	BTO:0000762
BTO:0002206	rdfs:subClassOf	BTO:0000762
BTO:0002207	rdfs:subClassOf	BTO:0002205
BTO:0002208	rdfs:subClassOf	BTO:0001926
BTO:0002209	rdfs:subClassOf	BTO:0001911
BTO:0002209	rdfs:subClassOf	BTO:0002202
BTO:0002210	rdfs:subClassOf	BTO:0002212
BTO:0002211	rdfs:subClassOf	BTO:0002027
BTO:0002211	rdfs:subClassOf	BTO:0002709
BTO:0002212	rdfs:subClassOf	BTO:0001967
BTO:0002212	rdfs:subClassOf	BTO:0002024
BTO:0002213	rdfs:subClassOf	BTO:0001530
BTO:0002214	rdfs:subClassOf	BTO:0001530
BTO:0002215	rdfs:subClassOf	BTO:0000101
BTO:0002216	rdfs:subClassOf	BTO:0001530
BTO:0002220	rdfs:subClassOf	BTO:0001033
BTO:0002221	rdfs:subClassOf	BTO:0001874
BTO:0002222	rdfs:subClassOf	BTO:0000713
BTO:0002223	rdfs:subClassOf	BTO:0003212
BTO:0002226	rdfs:subClassOf	BTO:0002225
BTO:0002227	rdfs:subClassOf	BTO:0001479
BTO:0002228	rdfs:subClassOf	BTO:0001479
BTO:0002229	rdfs:subClassOf	BTO:0001479
BTO:0002230	rdfs:subClassOf	BTO:0001479
BTO:0002231	rdfs:subClassOf	BTO:0001479
BTO:0002232	rdfs:subClassOf	BTO:0001479
BTO:0002234	rdfs:subClassOf	BTO:0001479
BTO:0002235	rdfs:subClassOf	BTO:0000762
BTO:0002236	rdfs:subClassOf	BTO:0000542
BTO:0002237	rdfs:subClassOf	BTO:0000893
BTO:0002238	rdfs:subClassOf	BTO:0000893
BTO:0002239	rdfs:subClassOf	BTO:0000893
BTO:0002245	rdfs:subClassOf	BTO:0001619
BTO:0002253	rdfs:subClassOf	BTO:0001530
BTO:0002254	rdfs:subClassOf	BTO:0003096
BTO:0002255	rdfs:subClassOf	BTO:0000797
BTO:0002256	rdfs:subClassOf	BTO:0000284
BTO:0002256	rdfs:subClassOf	BTO:0000720
BTO:0002256	rdfs:subClassOf	BTO:0002261
BTO:0002257	rdfs:subClassOf	BTO:0002256
BTO:0002257	rdfs:subClassOf	BTO:0002322
BTO:0002258	rdfs:subClassOf	BTO:0000284
BTO:0002258	rdfs:subClassOf	BTO:0000720
BTO:0002258	rdfs:subClassOf	BTO:0002261
BTO:0002259	rdfs:subClassOf	BTO:0002258
BTO:0002259	rdfs:subClassOf	BTO:0002322
BTO:0002260	rdfs:subClassOf	BTO:0002245
BTO:0002261	rdfs:subClassOf	BTO:0001494
BTO:0002262	rdfs:subClassOf	BTO:0001300
BTO:0002264	rdfs:subClassOf	BTO:0002322
BTO:0002265	rdfs:subClassOf	BTO:0000757
BTO:0002265	rdfs:subClassOf	BTO:0002007
BTO:0002267	rdfs:subClassOf	BTO:0000400
BTO:0002268	rdfs:subClassOf	BTO:0000762
BTO:0002269	rdfs:subClassOf	BTO:0001575
BTO:0002270	rdfs:subClassOf	BTO:0000093
BTO:0002271	rdfs:subClassOf	BTO:0000093
BTO:0002272	rdfs:subClassOf	BTO:0000749
BTO:0002274	rdfs:subClassOf	BTO:0003209
BTO:0002274	rdfs:subClassOf	BTO:0003210
BTO:0002276	rdfs:subClassOf	BTO:0000214
BTO:0002278	rdfs:subClassOf	BTO:0001035
BTO:0002279	rdfs:subClassOf	BTO:0002278
BTO:0002281	rdfs:subClassOf	BTO:0001971
BTO:0002282	rdfs:subClassOf	BTO:0000067
BTO:0002283	rdfs:subClassOf	BTO:0002205
BTO:0002284	rdfs:subClassOf	BTO:0000794
BTO:0002285	rdfs:subClassOf	BTO:0002290
BTO:0002286	rdfs:subClassOf	BTO:0002285
BTO:0002287	rdfs:subClassOf	BTO:0002285
BTO:0002288	rdfs:subClassOf	BTO:0002285
BTO:0002289	rdfs:subClassOf	BTO:0002285
BTO:0002291	rdfs:subClassOf	BTO:0000899
BTO:0002292	rdfs:subClassOf	BTO:0000464
BTO:0002293	rdfs:subClassOf	BTO:0003212
BTO:0002294	rdfs:subClassOf	BTO:0000214
BTO:0002295	rdfs:subClassOf	BTO:0000414
BTO:0002296	rdfs:subClassOf	BTO:0000416
BTO:0002301	rdfs:subClassOf	BTO:0001023
BTO:0002302	rdfs:subClassOf	BTO:0000779
BTO:0002303	rdfs:subClassOf	BTO:0000779
BTO:0002305	rdfs:subClassOf	BTO:0001262
BTO:0002307	rdfs:subClassOf	BTO:0002261
BTO:0002308	rdfs:subClassOf	BTO:0000416
BTO:0002309	rdfs:subClassOf	BTO:0000414
BTO:0002310	rdfs:subClassOf	BTO:0002308
BTO:0002311	rdfs:subClassOf	BTO:0002309
BTO:0002312	rdfs:subClassOf	BTO:0002322
BTO:0002313	rdfs:subClassOf	BTO:0002322
BTO:0002314	rdfs:subClassOf	BTO:0002322
BTO:0002315	rdfs:subClassOf	BTO:0002322
BTO:0002316	rdfs:subClassOf	BTO:0002322
BTO:0002317	rdfs:subClassOf	BTO:0001103
BTO:0002318	rdfs:subClassOf	BTO:0001103
BTO:0002319	rdfs:subClassOf	BTO:0000888
BTO:0002321	rdfs:subClassOf	BTO:0002319
BTO:0002322	rdfs:subClassOf	BTO:0000284
BTO:0002323	rdfs:subClassOf	BTO:0001331
BTO:0002323	rdfs:subClassOf	BTO:0002324
BTO:0002324	rdfs:subClassOf	BTO:0000522
BTO:0002325	rdfs:subClassOf	BTO:0000522
BTO:0002326	rdfs:subClassOf	BTO:0000150
BTO:0002328	rdfs:subClassOf	BTO:0001656
BTO:0002329	rdfs:subClassOf	BTO:0001656
BTO:0002330	rdfs:subClassOf	BTO:0000421
BTO:0002331	rdfs:subClassOf	BTO:0000578
BTO:0002332	rdfs:subClassOf	BTO:0000737
BTO:0002333	rdfs:subClassOf	BTO:0002332
BTO:0002335	rdfs:subClassOf	BTO:0002334
BTO:0002336	rdfs:subClassOf	BTO:0001479
BTO:0002337	rdfs:subClassOf	BTO:0001479
BTO:0002338	rdfs:subClassOf	BTO:0001479
BTO:0002339	rdfs:subClassOf	BTO:0001479
BTO:0002342	rdfs:subClassOf	BTO:0002272
BTO:0002343	rdfs:subClassOf	BTO:0000140
BTO:0002344	rdfs:subClassOf	BTO:0002916
BTO:0002345	rdfs:subClassOf	BTO:0001492
BTO:0002346	rdfs:subClassOf	BTO:0000140
BTO:0002347	rdfs:subClassOf	BTO:0000140
BTO:0002349	rdfs:subClassOf	BTO:0002348
BTO:0002350	rdfs:subClassOf	BTO:0002348
BTO:0002351	rdfs:subClassOf	BTO:0002348
BTO:0002352	rdfs:subClassOf	BTO:0002348
BTO:0002353	rdfs:subClassOf	BTO:0002348
BTO:0002354	rdfs:subClassOf	BTO:0002343
BTO:0002355	rdfs:subClassOf	BTO:0002343
BTO:0002356	rdfs:subClassOf	BTO:0002343
BTO:0002357	rdfs:subClassOf	BTO:0002343
BTO:0002358	rdfs:subClassOf	BTO:0002343
BTO:0002359	rdfs:subClassOf	BTO:0002343
BTO:0002360	rdfs:subClassOf	BTO:0002343
BTO:0002361	rdfs:subClassOf	BTO:0000372
BTO:0002363	rdfs:subClassOf	BTO:0000794
BTO:0002367	rdfs:subClassOf	BTO:0001576
BTO:0002368	rdfs:subClassOf	BTO:0001242
BTO:0002368	rdfs:subClassOf	BTO:0001958
BTO:0002369	rdfs:subClassOf	BTO:0002368
BTO:0002370	rdfs:subClassOf	BTO:0000254
BTO:0002371	rdfs:subClassOf	BTO:0000757
BTO:0002373	rdfs:subClassOf	BTO:0000527
BTO:0002374	rdfs:subClassOf	BTO:0000100
BTO:0002377	rdfs:subClassOf	BTO:0002368
BTO:0002378	rdfs:subClassOf	BTO:0000100
BTO:0002379	rdfs:subClassOf	BTO:0002378
BTO:0002380	rdfs:subClassOf	BTO:0000167
BTO:0002380	rdfs:subClassOf	BTO:0000787
BTO:0002382	rdfs:subClassOf	BTO:0002380
BTO:0002383	rdfs:subClassOf	BTO:0002380
BTO:0002384	rdfs:subClassOf	BTO:0002380
BTO:0002385	rdfs:subClassOf	BTO:0002206
BTO:0002389	rdfs:subClassOf	BTO:0002206
BTO:0002390	rdfs:subClassOf	BTO:0002206
BTO:0002393	rdfs:subClassOf	BTO:0000947
BTO:0002393	rdfs:subClassOf	BTO:0001242
BTO:0002397	rdfs:subClassOf	BTO:0000416
BTO:0002398	rdfs:subClassOf	BTO:0001019
BTO:0002398	rdfs:subClassOf	BTO:0001120
BTO:0002399	rdfs:subClassOf	BTO:0002398
BTO:0002400	rdfs:subClassOf	BTO:0000872
BTO:0002402	rdfs:subClassOf	BTO:0000416
BTO:0002403	rdfs:subClassOf	BTO:0000383
BTO:0002405	rdfs:subClassOf	BTO:0002406
BTO:0002406	rdfs:subClassOf	BTO:0000737
BTO:0002407	rdfs:subClassOf	BTO:0000080
BTO:0002410	rdfs:subClassOf	BTO:0000176
BTO:0002411	rdfs:subClassOf	BTO:0000297
BTO:0002412	rdfs:subClassOf	BTO:0002411
BTO:0002416	rdfs:subClassOf	BTO:0000727
BTO:0002417	rdfs:subClassOf	BTO:0000782
BTO:0002418	rdfs:subClassOf	BTO:0000762
BTO:0002419	rdfs:subClassOf	BTO:0001912
BTO:0002420	rdfs:subClassOf	BTO:0001271
BTO:0002421	rdfs:subClassOf	BTO:0001056
BTO:0002422	rdfs:subClassOf	BTO:0002072
BTO:0002425	rdfs:subClassOf	BTO:0002424
BTO:0002427	rdfs:subClassOf	BTO:0002428
BTO:0002428	rdfs:subClassOf	BTO:0002024
BTO:0002428	rdfs:subClassOf	BTO:0002817
BTO:0002429	rdfs:subClassOf	BTO:0000578
BTO:0002431	rdfs:subClassOf	BTO:0000407
BTO:0002433	rdfs:subClassOf	BTO:0001886
BTO:0002435	rdfs:subClassOf	BTO:0000642
BTO:0002439	rdfs:subClassOf	BTO:0000886
BTO:0002450	rdfs:subClassOf	BTO:0002449
BTO:0002451	rdfs:subClassOf	BTO:0002449
BTO:0002453	rdfs:subClassOf	BTO:0002452
BTO:0002454	rdfs:subClassOf	BTO:0002452
BTO:0002455	rdfs:subClassOf	BTO:0002460
BTO:0002456	rdfs:subClassOf	BTO:0002460
BTO:0002457	rdfs:subClassOf	BTO:0002454
BTO:0002458	rdfs:subClassOf	BTO:0002454
BTO:0002459	rdfs:subClassOf	BTO:0002454
BTO:0002460	rdfs:subClassOf	BTO:0002454
BTO:0002461	rdfs:subClassOf	BTO:0002449
BTO:0002462	rdfs:subClassOf	BTO:0002452
BTO:0002463	rdfs:subClassOf	BTO:0002467
BTO:0002464	rdfs:subClassOf	BTO:0002467
BTO:0002465	rdfs:subClassOf	BTO:0002452
BTO:0002466	rdfs:subClassOf	BTO:0002452
BTO:0002467	rdfs:subClassOf	BTO:0002452
BTO:0002468	rdfs:subClassOf	BTO:0002467
BTO:0002469	rdfs:subClassOf	BTO:0002467
BTO:0002470	rdfs:subClassOf	BTO:0002467
BTO:0002471	rdfs:subClassOf	BTO:0001479
BTO:0002472	rdfs:subClassOf	BTO:0002449
BTO:0002473	rdfs:subClassOf	BTO:0002449
BTO:0002474	rdfs:subClassOf	BTO:0002449
BTO:0002475	rdfs:subClassOf	BTO:0002449
BTO:0002476	rdfs:subClassOf	BTO:0002449
BTO:0002479	rdfs:subClassOf	BTO:0002449
BTO:0002480	rdfs:subClassOf	BTO:0001262
BTO:0002480	rdfs:subClassOf	BTO:0001492
BTO:0002481	rdfs:subClassOf	BTO:0002449
BTO:0002482	rdfs:subClassOf	BTO:0000129
BTO:0002484	rdfs:subClassOf	BTO:0000414
BTO:0002487	rdfs:subClassOf	BTO:0000092
BTO:0002488	rdfs:subClassOf	BTO:0002595
BTO:0002489	rdfs:subClassOf	BTO:0000737
BTO:0002490	rdfs:subClassOf	BTO:0001479
BTO:0002491	rdfs:subClassOf	BTO:0001479
BTO:0002492	rdfs:subClassOf	BTO:0000887
BTO:0002493	rdfs:subClassOf	BTO:0001518
BTO:0002500	rdfs:subClassOf	BTO:0002501
BTO:0002501	rdfs:subClassOf	BTO:0000421
BTO:0002502	rdfs:subClassOf	BTO:0002503
BTO:0002503	rdfs:subClassOf	BTO:0000284
BTO:0002504	rdfs:subClassOf	BTO:0000739
BTO:0002505	rdfs:subClassOf	BTO:0000785
BTO:0002508	rdfs:subClassOf	BTO:0000643
BTO:0002510	rdfs:subClassOf	BTO:0001271
BTO:0002511	rdfs:subClassOf	BTO:0002512
BTO:0002512	rdfs:subClassOf	BTO:0000713
BTO:0002513	rdfs:subClassOf	BTO:0001207
BTO:0002513	rdfs:subClassOf	BTO:0004255
BTO:0002514	rdfs:subClassOf	BTO:0000947
BTO:0002514	rdfs:subClassOf	BTO:0002515
BTO:0002515	rdfs:subClassOf	BTO:0000255
BTO:0002517	rdfs:subClassOf	BTO:0001518
BTO:0002518	rdfs:subClassOf	BTO:0002517
BTO:0002519	rdfs:subClassOf	BTO:0002517
BTO:0002520	rdfs:subClassOf	BTO:0002517
BTO:0002521	rdfs:subClassOf	BTO:0000785
BTO:0002522	rdfs:subClassOf	BTO:0006365
BTO:0002523	rdfs:subClassOf	BTO:0006365
BTO:0002526	rdfs:subClassOf	BTO:0000889
BTO:0002527	rdfs:subClassOf	BTO:0000889
BTO:0002528	rdfs:subClassOf	BTO:0000889
BTO:0002529	rdfs:subClassOf	BTO:0000889
BTO:0002530	rdfs:subClassOf	BTO:0000889
BTO:0002531	rdfs:subClassOf	BTO:0000889
BTO:0002532	rdfs:subClassOf	BTO:0000889
BTO:0002533	rdfs:subClassOf	BTO:0000899
BTO:0002534	rdfs:subClassOf	BTO:0000603
BTO:0002535	rdfs:subClassOf	BTO:0001080
BTO:0002537	rdfs:subClassOf	BTO:0000224
BTO:0002539	rdfs:subClassOf	BTO:0001479
BTO:0002540	rdfs:subClassOf	BTO:0001479
BTO:0002541	rdfs:subClassOf	BTO:0001479
BTO:0002542	rdfs:subClassOf	BTO:0000722
BTO:0002544	rdfs:subClassOf	BTO:0002768
BTO:0002545	rdfs:subClassOf	BTO:0002768
BTO:0002546	rdfs:subClassOf	BTO:0002580
BTO:0002547	rdfs:subClassOf	BTO:0002144
BTO:0002548	rdfs:subClassOf	BTO:0004086
BTO:0002549	rdfs:subClassOf	BTO:0000811
BTO:0002550	rdfs:subClassOf	BTO:0000811
BTO:0002551	rdfs:subClassOf	BTO:0001586
BTO:0002552	rdfs:subClassOf	BTO:0002553
BTO:0002553	rdfs:subClassOf	BTO:0000762
BTO:0002555	rdfs:subClassOf	BTO:0004482
BTO:0002556	rdfs:subClassOf	BTO:0002555
BTO:0002557	rdfs:subClassOf	BTO:0002555
BTO:0002558	rdfs:subClassOf	BTO:0002553
BTO:0002559	rdfs:subClassOf	BTO:0002553
BTO:0002560	rdfs:subClassOf	BTO:0000811
BTO:0002561	rdfs:subClassOf	BTO:0000811
BTO:0002562	rdfs:subClassOf	BTO:0000811
BTO:0002563	rdfs:subClassOf	BTO:0000811
BTO:0002564	rdfs:subClassOf	BTO:0000811
BTO:0002565	rdfs:subClassOf	BTO:0000811
BTO:0002566	rdfs:subClassOf	BTO:0000811
BTO:0002567	rdfs:subClassOf	BTO:0002559
BTO:0002568	rdfs:subClassOf	BTO:0001913
BTO:0002569	rdfs:subClassOf	BTO:0002570
BTO:0002570	rdfs:subClassOf	BTO:0002195
BTO:0002572	rdfs:subClassOf	BTO:0001958
BTO:0002573	rdfs:subClassOf	BTO:0001437
BTO:0002575	rdfs:subClassOf	BTO:0000811
BTO:0002576	rdfs:subClassOf	BTO:0000407
BTO:0002577	rdfs:subClassOf	BTO:0000407
BTO:0002580	rdfs:subClassOf	BTO:0000740
BTO:0002581	rdfs:subClassOf	BTO:0002580
BTO:0002582	rdfs:subClassOf	BTO:0000161
BTO:0002583	rdfs:subClassOf	BTO:0002404
BTO:0002586	rdfs:subClassOf	BTO:0003192
BTO:0002590	rdfs:subClassOf	BTO:0000811
BTO:0002594	rdfs:subClassOf	BTO:0002595
BTO:0002595	rdfs:subClassOf	BTO:0000400
BTO:0002596	rdfs:subClassOf	BTO:0002380
BTO:0002597	rdfs:subClassOf	BTO:0002380
BTO:0002598	rdfs:subClassOf	BTO:0001912
BTO:0002599	rdfs:subClassOf	BTO:0002600
BTO:0002600	rdfs:subClassOf	BTO:0001531
BTO:0002601	rdfs:subClassOf	BTO:0003292
BTO:0002602	rdfs:subClassOf	BTO:0000578
BTO:0002604	rdfs:subClassOf	BTO:0004201
BTO:0002605	rdfs:subClassOf	BTO:0002267
BTO:0002607	rdfs:subClassOf	BTO:0002488
BTO:0002609	rdfs:subClassOf	BTO:0002606
BTO:0002610	rdfs:subClassOf	BTO:0001262
BTO:0002611	rdfs:subClassOf	BTO:0002610
BTO:0002612	rdfs:subClassOf	BTO:0002610
BTO:0002613	rdfs:subClassOf	BTO:0002610
BTO:0002614	rdfs:subClassOf	BTO:0002610
BTO:0002616	rdfs:subClassOf	BTO:0001188
BTO:0002616	rdfs:subClassOf	BTO:0001243
BTO:0002618	rdfs:subClassOf	BTO:0000416
BTO:0002619	rdfs:subClassOf	BTO:0000887
BTO:0002619	rdfs:subClassOf	BTO:0001262
BTO:0002620	rdfs:subClassOf	BTO:0000887
BTO:0002620	rdfs:subClassOf	BTO:0001262
BTO:0002622	rdfs:subClassOf	BTO:0002621
BTO:0002623	rdfs:subClassOf	BTO:0002621
BTO:0002624	rdfs:subClassOf	BTO:0002621
BTO:0002626	rdfs:subClassOf	BTO:0000234
BTO:0002627	rdfs:subClassOf	BTO:0000774
BTO:0002628	rdfs:subClassOf	BTO:0000774
BTO:0002630	rdfs:subClassOf	BTO:0000811
BTO:0002633	rdfs:subClassOf	BTO:0002632
BTO:0002634	rdfs:subClassOf	BTO:0002632
BTO:0002635	rdfs:subClassOf	BTO:0002632
BTO:0002636	rdfs:subClassOf	BTO:0002637
BTO:0002638	rdfs:subClassOf	BTO:0000400
BTO:0002639	rdfs:subClassOf	BTO:0000932
BTO:0002644	rdfs:subClassOf	BTO:0000161
BTO:0002645	rdfs:subClassOf	BTO:0000161
BTO:0002646	rdfs:subClassOf	BTO:0000161
BTO:0002647	rdfs:subClassOf	BTO:0000161
BTO:0002648	rdfs:subClassOf	BTO:0000407
BTO:0002649	rdfs:subClassOf	BTO:0000932
BTO:0002655	rdfs:subClassOf	BTO:0000284
BTO:0002656	rdfs:subClassOf	BTO:0000424
BTO:0002659	rdfs:subClassOf	BTO:0002871
BTO:0002661	rdfs:subClassOf	BTO:0000315
BTO:0002664	rdfs:subClassOf	BTO:0002659
BTO:0002665	rdfs:subClassOf	BTO:0000947
BTO:0002666	rdfs:subClassOf	BTO:0006078
BTO:0002667	rdfs:subClassOf	BTO:0002666
BTO:0002668	rdfs:subClassOf	BTO:0004052
BTO:0002669	rdfs:subClassOf	BTO:0002666
BTO:0002674	rdfs:subClassOf	BTO:0002452
BTO:0002678	rdfs:subClassOf	BTO:0000234
BTO:0002679	rdfs:subClassOf	BTO:0002678
BTO:0002680	rdfs:subClassOf	BTO:0002678
BTO:0002681	rdfs:subClassOf	BTO:0000234
BTO:0002682	rdfs:subClassOf	BTO:0001438
BTO:0002683	rdfs:subClassOf	BTO:0001438
BTO:0002684	rdfs:subClassOf	BTO:0000784
BTO:0002685	rdfs:subClassOf	BTO:0002652
BTO:0002687	rdfs:subClassOf	BTO:0000279
BTO:0002690	rdfs:subClassOf	BTO:0000284
BTO:0002691	rdfs:subClassOf	BTO:0001488
BTO:0002692	rdfs:subClassOf	BTO:0002691
BTO:0002693	rdfs:subClassOf	BTO:0001479
BTO:0002695	rdfs:subClassOf	BTO:0000257
BTO:0002695	rdfs:subClassOf	BTO:0002694
BTO:0002696	rdfs:subClassOf	BTO:0000932
BTO:0002697	rdfs:subClassOf	BTO:0002449
BTO:0002699	rdfs:subClassOf	BTO:0003685
BTO:0002700	rdfs:subClassOf	BTO:0002452
BTO:0002701	rdfs:subClassOf	BTO:0000823
BTO:0002707	rdfs:subClassOf	BTO:0001479
BTO:0002709	rdfs:subClassOf	BTO:0002024
BTO:0002710	rdfs:subClassOf	BTO:0002709
BTO:0002711	rdfs:subClassOf	BTO:0004019
BTO:0002712	rdfs:subClassOf	BTO:0002709
BTO:0002713	rdfs:subClassOf	BTO:0002709
BTO:0002714	rdfs:subClassOf	BTO:0002709
BTO:0002715	rdfs:subClassOf	BTO:0002709
BTO:0002716	rdfs:subClassOf	BTO:0002709
BTO:0002717	rdfs:subClassOf	BTO:0002709
BTO:0002718	rdfs:subClassOf	BTO:0002709
BTO:0002719	rdfs:subClassOf	BTO:0001518
BTO:0002720	rdfs:subClassOf	BTO:0002719
BTO:0002721	rdfs:subClassOf	BTO:0002719
BTO:0002722	rdfs:subClassOf	BTO:0002719
BTO:0002723	rdfs:subClassOf	BTO:0002719
BTO:0002724	rdfs:subClassOf	BTO:0002719
BTO:0002725	rdfs:subClassOf	BTO:0002719
BTO:0002726	rdfs:subClassOf	BTO:0002719
BTO:0002727	rdfs:subClassOf	BTO:0002719
BTO:0002728	rdfs:subClassOf	BTO:0002719
BTO:0002729	rdfs:subClassOf	BTO:0001023
BTO:0002730	rdfs:subClassOf	BTO:0000257
BTO:0002731	rdfs:subClassOf	BTO:0000574
BTO:0002733	rdfs:subClassOf	BTO:0000669
BTO:0002734	rdfs:subClassOf	BTO:0002022
BTO:0002735	rdfs:subClassOf	BTO:0000849
BTO:0002736	rdfs:subClassOf	BTO:0000849
BTO:0002737	rdfs:subClassOf	BTO:0000849
BTO:0002738	rdfs:subClassOf	BTO:0000765
BTO:0002739	rdfs:subClassOf	BTO:0000797
BTO:0002740	rdfs:subClassOf	BTO:0000794
BTO:0002741	rdfs:subClassOf	BTO:0002441
BTO:0002741	rdfs:subClassOf	BTO:0005265
BTO:0002743	rdfs:subClassOf	BTO:0000284
BTO:0002744	rdfs:subClassOf	BTO:0003883
BTO:0002745	rdfs:subClassOf	BTO:0001521
BTO:0002747	rdfs:subClassOf	BTO:0001521
BTO:0002748	rdfs:subClassOf	BTO:0000889
BTO:0002749	rdfs:subClassOf	BTO:0000453
BTO:0002749	rdfs:subClassOf	BTO:0001242
BTO:0002750	rdfs:subClassOf	BTO:0001911
BTO:0002768	rdfs:subClassOf	BTO:0000816
BTO:0002769	rdfs:subClassOf	BTO:0002768
BTO:0002771	rdfs:subClassOf	BTO:0002606
BTO:0002772	rdfs:subClassOf	BTO:0001719
BTO:0002774	rdfs:subClassOf	BTO:0000590
BTO:0002775	rdfs:subClassOf	BTO:0000264
BTO:0002775	rdfs:subClassOf	BTO:0002278
BTO:0002779	rdfs:subClassOf	BTO:0001171
BTO:0002780	rdfs:subClassOf	BTO:0001260
BTO:0002781	rdfs:subClassOf	BTO:0000234
BTO:0002782	rdfs:subClassOf	BTO:0002781
BTO:0002783	rdfs:subClassOf	BTO:0002781
BTO:0002784	rdfs:subClassOf	BTO:0000389
BTO:0002786	rdfs:subClassOf	BTO:0000178
BTO:0002787	rdfs:subClassOf	BTO:0000604
BTO:0002788	rdfs:subClassOf	BTO:0000604
BTO:0002789	rdfs:subClassOf	BTO:0001023
BTO:0002791	rdfs:subClassOf	BTO:0001479
BTO:0002792	rdfs:subClassOf	BTO:0001479
BTO:0002793	rdfs:subClassOf	BTO:0001479
BTO:0002794	rdfs:subClassOf	BTO:0001479
BTO:0002795	rdfs:subClassOf	BTO:0001479
BTO:0002796	rdfs:subClassOf	BTO:0001479
BTO:0002797	rdfs:subClassOf	BTO:0001479
BTO:0002798	rdfs:subClassOf	BTO:0001479
BTO:0002799	rdfs:subClassOf	BTO:0001479
BTO:0002800	rdfs:subClassOf	BTO:0001479
BTO:0002801	rdfs:subClassOf	BTO:0001479
BTO:0002802	rdfs:subClassOf	BTO:0000849
BTO:0002803	rdfs:subClassOf	BTO:0000849
BTO:0002804	rdfs:subClassOf	BTO:0000849
BTO:0002805	rdfs:subClassOf	BTO:0000849
BTO:0002806	rdfs:subClassOf	BTO:0000849
BTO:0002809	rdfs:subClassOf	BTO:0000256
BTO:0002809	rdfs:subClassOf	BTO:0002662
BTO:0002810	rdfs:subClassOf	BTO:0000256
BTO:0002811	rdfs:subClassOf	BTO:0002812
BTO:0002812	rdfs:subClassOf	BTO:0000713
BTO:0002815	rdfs:subClassOf	BTO:0000176
BTO:0002815	rdfs:subClassOf	BTO:0000680
BTO:0002816	rdfs:subClassOf	BTO:0002815
BTO:0002817	rdfs:subClassOf	BTO:0003640
BTO:0002818	rdfs:subClassOf	BTO:0002428
BTO:0002821	rdfs:subClassOf	BTO:0002820
BTO:0002823	rdfs:subClassOf	BTO:0000794
BTO:0002824	rdfs:subClassOf	BTO:0000711
BTO:0002825	rdfs:subClassOf	BTO:0001616
BTO:0002826	rdfs:subClassOf	BTO:0001973
BTO:0002827	rdfs:subClassOf	BTO:0000932
BTO:0002828	rdfs:subClassOf	BTO:0003124
BTO:0002829	rdfs:subClassOf	BTO:0003212
BTO:0002830	rdfs:subClassOf	BTO:0000849
BTO:0002831	rdfs:subClassOf	BTO:0001033
BTO:0002832	rdfs:subClassOf	BTO:0001958
BTO:0002833	rdfs:subClassOf	BTO:0000932
BTO:0002834	rdfs:subClassOf	BTO:0000932
BTO:0002835	rdfs:subClassOf	BTO:0002553
BTO:0002837	rdfs:subClassOf	BTO:0001519
BTO:0002839	rdfs:subClassOf	BTO:0002144
BTO:0002842	rdfs:subClassOf	BTO:0000608
BTO:0002843	rdfs:subClassOf	BTO:0000150
BTO:0002843	rdfs:subClassOf	BTO:0000676
BTO:0002844	rdfs:subClassOf	BTO:0000150
BTO:0002844	rdfs:subClassOf	BTO:0004851
BTO:0002846	rdfs:subClassOf	BTO:0000785
BTO:0002847	rdfs:subClassOf	BTO:0001023
BTO:0002848	rdfs:subClassOf	BTO:0002847
BTO:0002849	rdfs:subClassOf	BTO:0002848
BTO:0002853	rdfs:subClassOf	BTO:0000421
BTO:0002854	rdfs:subClassOf	BTO:0001303
BTO:0002854	rdfs:subClassOf	BTO:0001313
BTO:0002857	rdfs:subClassOf	BTO:0002856
BTO:0002859	rdfs:subClassOf	BTO:0000886
BTO:0002860	rdfs:subClassOf	BTO:0000886
BTO:0002861	rdfs:subClassOf	BTO:0001577
BTO:0002862	rdfs:subClassOf	BTO:0002022
BTO:0002863	rdfs:subClassOf	BTO:0001519
BTO:0002864	rdfs:subClassOf	BTO:0001521
BTO:0002865	rdfs:subClassOf	BTO:0001521
BTO:0002866	rdfs:subClassOf	BTO:0002428
BTO:0002867	rdfs:subClassOf	BTO:0002428
BTO:0002868	rdfs:subClassOf	BTO:0002869
BTO:0002869	rdfs:subClassOf	BTO:0000297
BTO:0002870	rdfs:subClassOf	BTO:0002868
BTO:0002871	rdfs:subClassOf	BTO:0000669
BTO:0002872	rdfs:subClassOf	BTO:0002871
BTO:0002872	rdfs:subClassOf	BTO:0003036
BTO:0002873	rdfs:subClassOf	BTO:0002872
BTO:0002874	rdfs:subClassOf	BTO:0001958
BTO:0002875	rdfs:subClassOf	BTO:0001911
BTO:0002878	rdfs:subClassOf	BTO:0001528
BTO:0002880	rdfs:subClassOf	BTO:0000497
BTO:0002881	rdfs:subClassOf	BTO:0002666
BTO:0002882	rdfs:subClassOf	BTO:0000264
BTO:0002884	rdfs:subClassOf	BTO:0001263
BTO:0002885	rdfs:subClassOf	BTO:0000846
BTO:0002889	rdfs:subClassOf	BTO:0002278
BTO:0002890	rdfs:subClassOf	BTO:0003073
BTO:0002892	rdfs:subClassOf	BTO:0000797
BTO:0002893	rdfs:subClassOf	BTO:0002891
BTO:0002894	rdfs:subClassOf	BTO:0000578
BTO:0002895	rdfs:subClassOf	BTO:0000578
BTO:0002896	rdfs:subClassOf	BTO:0001581
BTO:0002897	rdfs:subClassOf	BTO:0000727
BTO:0002897	rdfs:subClassOf	BTO:0002062
BTO:0002898	rdfs:subClassOf	BTO:0000899
BTO:0002899	rdfs:subClassOf	BTO:0002334
BTO:0002900	rdfs:subClassOf	BTO:0002042
BTO:0002902	rdfs:subClassOf	BTO:0002901
BTO:0002903	rdfs:subClassOf	BTO:0002901
BTO:0002905	rdfs:subClassOf	BTO:0001518
BTO:0002905	rdfs:subClassOf	BTO:0002904
BTO:0002907	rdfs:subClassOf	BTO:0000353
BTO:0002907	rdfs:subClassOf	BTO:0002889
BTO:0002909	rdfs:subClassOf	BTO:0002886
BTO:0002910	rdfs:subClassOf	BTO:0000456
BTO:0002912	rdfs:subClassOf	BTO:0002913
BTO:0002914	rdfs:subClassOf	BTO:0000932
BTO:0002914	rdfs:subClassOf	BTO:0002912
BTO:0002915	rdfs:subClassOf	BTO:0001103
BTO:0002916	rdfs:subClassOf	BTO:0001103
BTO:0002917	rdfs:subClassOf	BTO:0002662
BTO:0002918	rdfs:subClassOf	BTO:0000849
BTO:0002918	rdfs:subClassOf	BTO:0002936
BTO:0002919	rdfs:subClassOf	BTO:0000711
BTO:0002920	rdfs:subClassOf	BTO:0002919
BTO:0002923	rdfs:subClassOf	BTO:0002022
BTO:0002924	rdfs:subClassOf	BTO:0002022
BTO:0002925	rdfs:subClassOf	BTO:0000419
BTO:0002926	rdfs:subClassOf	BTO:0002637
BTO:0002929	rdfs:subClassOf	BTO:0002928
BTO:0002930	rdfs:subClassOf	BTO:0000421
BTO:0002931	rdfs:subClassOf	BTO:0000224
BTO:0002933	rdfs:subClassOf	BTO:0002932
BTO:0002935	rdfs:subClassOf	BTO:0002932
BTO:0002937	rdfs:subClassOf	BTO:0001216
BTO:0002938	rdfs:subClassOf	BTO:0002820
BTO:0002940	rdfs:subClassOf	BTO:0000762
BTO:0002942	rdfs:subClassOf	BTO:0000849
BTO:0002943	rdfs:subClassOf	BTO:0000849
BTO:0002944	rdfs:subClassOf	BTO:0000849
BTO:0002945	rdfs:subClassOf	BTO:0000849
BTO:0002946	rdfs:subClassOf	BTO:0000849
BTO:0002947	rdfs:subClassOf	BTO:0000849
BTO:0002948	rdfs:subClassOf	BTO:0000849
BTO:0002949	rdfs:subClassOf	BTO:0000849
BTO:0002950	rdfs:subClassOf	BTO:0000849
BTO:0002951	rdfs:subClassOf	BTO:0000849
BTO:0002952	rdfs:subClassOf	BTO:0000849
BTO:0002953	rdfs:subClassOf	BTO:0000849
BTO:0002954	rdfs:subClassOf	BTO:0000849
BTO:0002955	rdfs:subClassOf	BTO:0000849
BTO:0002956	rdfs:subClassOf	BTO:0000849
BTO:0002957	rdfs:subClassOf	BTO:0000849
BTO:0002958	rdfs:subClassOf	BTO:0000849
BTO:0002959	rdfs:subClassOf	BTO:0000849
BTO:0002960	rdfs:subClassOf	BTO:0003040
BTO:0002961	rdfs:subClassOf	BTO:0000849
BTO:0002962	rdfs:subClassOf	BTO:0000849
BTO:0002963	rdfs:subClassOf	BTO:0000849
BTO:0002964	rdfs:subClassOf	BTO:0000849
BTO:0002965	rdfs:subClassOf	BTO:0000849
BTO:0002966	rdfs:subClassOf	BTO:0002130
BTO:0002967	rdfs:subClassOf	BTO:0002130
BTO:0002968	rdfs:subClassOf	BTO:0002130
BTO:0002969	rdfs:subClassOf	BTO:0000849
BTO:0002971	rdfs:subClassOf	BTO:0000067
BTO:0002972	rdfs:subClassOf	BTO:0000104
BTO:0002973	rdfs:subClassOf	BTO:0000104
BTO:0002975	rdfs:subClassOf	BTO:0000849
BTO:0002977	rdfs:subClassOf	BTO:0002979
BTO:0002981	rdfs:subClassOf	BTO:0002980
BTO:0002982	rdfs:subClassOf	BTO:0002980
BTO:0002983	rdfs:subClassOf	BTO:0000963
BTO:0002984	rdfs:subClassOf	BTO:0001308
BTO:0002985	rdfs:subClassOf	BTO:0001685
BTO:0002986	rdfs:subClassOf	BTO:0001479
BTO:0002987	rdfs:subClassOf	BTO:0001479
BTO:0002989	rdfs:subClassOf	BTO:0000932
BTO:0002991	rdfs:subClassOf	BTO:0000416
BTO:0002992	rdfs:subClassOf	BTO:0002062
BTO:0002993	rdfs:subClassOf	BTO:0000794
BTO:0002995	rdfs:subClassOf	BTO:0000161
BTO:0002997	rdfs:subClassOf	BTO:0001033
BTO:0003000	rdfs:subClassOf	BTO:0000889
BTO:0003001	rdfs:subClassOf	BTO:0002202
BTO:0003004	rdfs:subClassOf	BTO:0002553
BTO:0003005	rdfs:subClassOf	BTO:0002553
BTO:0003006	rdfs:subClassOf	BTO:0002553
BTO:0003007	rdfs:subClassOf	BTO:0002553
BTO:0003008	rdfs:subClassOf	BTO:0002553
BTO:0003009	rdfs:subClassOf	BTO:0002553
BTO:0003010	rdfs:subClassOf	BTO:0004078
BTO:0003011	rdfs:subClassOf	BTO:0002553
BTO:0003012	rdfs:subClassOf	BTO:0002553
BTO:0003013	rdfs:subClassOf	BTO:0002553
BTO:0003014	rdfs:subClassOf	BTO:0002553
BTO:0003016	rdfs:subClassOf	BTO:0002553
BTO:0003017	rdfs:subClassOf	BTO:0002553
BTO:0003018	rdfs:subClassOf	BTO:0002553
BTO:0003019	rdfs:subClassOf	BTO:0002206
BTO:0003020	rdfs:subClassOf	BTO:0002206
BTO:0003021	rdfs:subClassOf	BTO:0002206
BTO:0003022	rdfs:subClassOf	BTO:0002206
BTO:0003023	rdfs:subClassOf	BTO:0002206
BTO:0003024	rdfs:subClassOf	BTO:0002206
BTO:0003025	rdfs:subClassOf	BTO:0002206
BTO:0003026	rdfs:subClassOf	BTO:0002206
BTO:0003027	rdfs:subClassOf	BTO:0002206
BTO:0003028	rdfs:subClassOf	BTO:0002206
BTO:0003029	rdfs:subClassOf	BTO:0002553
BTO:0003030	rdfs:subClassOf	BTO:0001045
BTO:0003031	rdfs:subClassOf	BTO:0001913
BTO:0003034	rdfs:subClassOf	BTO:0000161
BTO:0003034	rdfs:subClassOf	BTO:0001958
BTO:0003035	rdfs:subClassOf	BTO:0000456
BTO:0003037	rdfs:subClassOf	BTO:0003036
BTO:0003040	rdfs:subClassOf	BTO:0001555
BTO:0003041	rdfs:subClassOf	BTO:0003040
BTO:0003042	rdfs:subClassOf	BTO:0002279
BTO:0003044	rdfs:subClassOf	BTO:0002062
BTO:0003046	rdfs:subClassOf	BTO:0003045
BTO:0003047	rdfs:subClassOf	BTO:0003045
BTO:0003048	rdfs:subClassOf	BTO:0005313
BTO:0003049	rdfs:subClassOf	BTO:0000176
BTO:0003050	rdfs:subClassOf	BTO:0001560
BTO:0003051	rdfs:subClassOf	BTO:0002052
BTO:0003052	rdfs:subClassOf	BTO:0002027
BTO:0003053	rdfs:subClassOf	BTO:0000787
BTO:0003054	rdfs:subClassOf	BTO:0000811
BTO:0003056	rdfs:subClassOf	BTO:0003212
BTO:0003059	rdfs:subClassOf	BTO:0001120
BTO:0003062	rdfs:subClassOf	BTO:0003063
BTO:0003063	rdfs:subClassOf	BTO:0003061
BTO:0003067	rdfs:subClassOf	BTO:0003059
BTO:0003068	rdfs:subClassOf	BTO:0001019
BTO:0003069	rdfs:subClassOf	BTO:0000067
BTO:0003070	rdfs:subClassOf	BTO:0001926
BTO:0003071	rdfs:subClassOf	BTO:0001874
BTO:0003072	rdfs:subClassOf	BTO:0001874
BTO:0003073	rdfs:subClassOf	BTO:0001610
BTO:0003074	rdfs:subClassOf	BTO:0003073
BTO:0003075	rdfs:subClassOf	BTO:0000849
BTO:0003079	rdfs:subClassOf	BTO:0000889
BTO:0003081	rdfs:subClassOf	BTO:0000604
BTO:0003081	rdfs:subClassOf	BTO:0002363
BTO:0003082	rdfs:subClassOf	BTO:0000416
BTO:0003084	rdfs:subClassOf	BTO:0003632
BTO:0003093	rdfs:subClassOf	BTO:0000452
BTO:0003094	rdfs:subClassOf	BTO:0000964
BTO:0003095	rdfs:subClassOf	BTO:0001441
BTO:0003098	rdfs:subClassOf	BTO:0003097
BTO:0003101	rdfs:subClassOf	BTO:0003100
BTO:0003102	rdfs:subClassOf	BTO:0000938
BTO:0003104	rdfs:subClassOf	BTO:0000776
BTO:0003105	rdfs:subClassOf	BTO:0000797
BTO:0003106	rdfs:subClassOf	BTO:0002062
BTO:0003108	rdfs:subClassOf	BTO:0000762
BTO:0003109	rdfs:subClassOf	BTO:0001967
BTO:0003110	rdfs:subClassOf	BTO:0001967
BTO:0003111	rdfs:subClassOf	BTO:0001967
BTO:0003112	rdfs:subClassOf	BTO:0001967
BTO:0003113	rdfs:subClassOf	BTO:0001967
BTO:0003115	rdfs:subClassOf	BTO:0000254
BTO:0003116	rdfs:subClassOf	BTO:0000254
BTO:0003119	rdfs:subClassOf	BTO:0000254
BTO:0003122	rdfs:subClassOf	BTO:0001853
BTO:0003123	rdfs:subClassOf	BTO:0001854
BTO:0003124	rdfs:subClassOf	BTO:0001973
BTO:0003125	rdfs:subClassOf	BTO:0003124
BTO:0003126	rdfs:subClassOf	BTO:0001519
BTO:0003127	rdfs:subClassOf	BTO:0003126
BTO:0003128	rdfs:subClassOf	BTO:0003124
BTO:0003128	rdfs:subClassOf	BTO:0003249
BTO:0003129	rdfs:subClassOf	BTO:0003128
BTO:0003131	rdfs:subClassOf	BTO:0001532
BTO:0003132	rdfs:subClassOf	BTO:0002503
BTO:0003133	rdfs:subClassOf	BTO:0001479
BTO:0003134	rdfs:subClassOf	BTO:0001479
BTO:0003136	rdfs:subClassOf	BTO:0004086
BTO:0003137	rdfs:subClassOf	BTO:0000792
BTO:0003138	rdfs:subClassOf	BTO:0002709
BTO:0003139	rdfs:subClassOf	BTO:0002709
BTO:0003140	rdfs:subClassOf	BTO:0002709
BTO:0003141	rdfs:subClassOf	BTO:0000713
BTO:0003143	rdfs:subClassOf	BTO:0000214
BTO:0003144	rdfs:subClassOf	BTO:0003143
BTO:0003146	rdfs:subClassOf	BTO:0000823
BTO:0003147	rdfs:subClassOf	BTO:0000713
BTO:0003148	rdfs:subClassOf	BTO:0001479
BTO:0003151	rdfs:subClassOf	BTO:0003150
BTO:0003152	rdfs:subClassOf	BTO:0000196
BTO:0003153	rdfs:subClassOf	BTO:0000421
BTO:0003154	rdfs:subClassOf	BTO:0000421
BTO:0003161	rdfs:subClassOf	BTO:0001019
BTO:0003162	rdfs:subClassOf	BTO:0001019
BTO:0003163	rdfs:subClassOf	BTO:0003096
BTO:0003165	rdfs:subClassOf	BTO:0000180
BTO:0003165	rdfs:subClassOf	BTO:0000604
BTO:0003167	rdfs:subClassOf	BTO:0000407
BTO:0003168	rdfs:subClassOf	BTO:0000707
BTO:0003169	rdfs:subClassOf	BTO:0000578
BTO:0003170	rdfs:subClassOf	BTO:0000578
BTO:0003171	rdfs:subClassOf	BTO:0000188
BTO:0003172	rdfs:subClassOf	BTO:0000797
BTO:0003173	rdfs:subClassOf	BTO:0001262
BTO:0003177	rdfs:subClassOf	BTO:0003179
BTO:0003178	rdfs:subClassOf	BTO:0001257
BTO:0003178	rdfs:subClassOf	BTO:0003179
BTO:0003179	rdfs:subClassOf	BTO:0001367
BTO:0003181	rdfs:subClassOf	BTO:0003212
BTO:0003182	rdfs:subClassOf	BTO:0000375
BTO:0003184	rdfs:subClassOf	BTO:0003183
BTO:0003185	rdfs:subClassOf	BTO:0001619
BTO:0003186	rdfs:subClassOf	BTO:0003183
BTO:0003187	rdfs:subClassOf	BTO:0000578
BTO:0003188	rdfs:subClassOf	BTO:0000578
BTO:0003189	rdfs:subClassOf	BTO:0000578
BTO:0003190	rdfs:subClassOf	BTO:0000578
BTO:0003191	rdfs:subClassOf	BTO:0000578
BTO:0003193	rdfs:subClassOf	BTO:0003192
BTO:0003194	rdfs:subClassOf	BTO:0003192
BTO:0003195	rdfs:subClassOf	BTO:0003192
BTO:0003196	rdfs:subClassOf	BTO:0003192
BTO:0003197	rdfs:subClassOf	BTO:0003192
BTO:0003198	rdfs:subClassOf	BTO:0003192
BTO:0003199	rdfs:subClassOf	BTO:0003192
BTO:0003200	rdfs:subClassOf	BTO:0003192
BTO:0003201	rdfs:subClassOf	BTO:0003192
BTO:0003202	rdfs:subClassOf	BTO:0003192
BTO:0003203	rdfs:subClassOf	BTO:0003192
BTO:0003204	rdfs:subClassOf	BTO:0000383
BTO:0003206	rdfs:subClassOf	BTO:0003205
BTO:0003208	rdfs:subClassOf	BTO:0000196
BTO:0003209	rdfs:subClassOf	BTO:0001610
BTO:0003210	rdfs:subClassOf	BTO:0001610
BTO:0003212	rdfs:subClassOf	BTO:0000104
BTO:0003213	rdfs:subClassOf	BTO:0000353
BTO:0003213	rdfs:subClassOf	BTO:0002637
BTO:0003214	rdfs:subClassOf	BTO:0003213
BTO:0003215	rdfs:subClassOf	BTO:0001033
BTO:0003217	rdfs:subClassOf	BTO:0001470
BTO:0003219	rdfs:subClassOf	BTO:0000787
BTO:0003224	rdfs:subClassOf	BTO:0003346
BTO:0003226	rdfs:subClassOf	BTO:0003225
BTO:0003228	rdfs:subClassOf	BTO:0000762
BTO:0003229	rdfs:subClassOf	BTO:0002553
BTO:0003230	rdfs:subClassOf	BTO:0002904
BTO:0003231	rdfs:subClassOf	BTO:0000711
BTO:0003232	rdfs:subClassOf	BTO:0000711
BTO:0003233	rdfs:subClassOf	BTO:0004546
BTO:0003234	rdfs:subClassOf	BTO:0000578
BTO:0003236	rdfs:subClassOf	BTO:0003235
BTO:0003238	rdfs:subClassOf	BTO:0001911
BTO:0003238	rdfs:subClassOf	BTO:0002553
BTO:0003239	rdfs:subClassOf	BTO:0001911
BTO:0003239	rdfs:subClassOf	BTO:0002553
BTO:0003240	rdfs:subClassOf	BTO:0001911
BTO:0003240	rdfs:subClassOf	BTO:0002553
BTO:0003241	rdfs:subClassOf	BTO:0001911
BTO:0003241	rdfs:subClassOf	BTO:0002553
BTO:0003242	rdfs:subClassOf	BTO:0001911
BTO:0003243	rdfs:subClassOf	BTO:0001911
BTO:0003244	rdfs:subClassOf	BTO:0001911
BTO:0003244	rdfs:subClassOf	BTO:0002553
BTO:0003245	rdfs:subClassOf	BTO:0001854
BTO:0003246	rdfs:subClassOf	BTO:0001519
BTO:0003247	rdfs:subClassOf	BTO:0003246
BTO:0003249	rdfs:subClassOf	BTO:0000255
BTO:0003251	rdfs:subClassOf	BTO:0003250
BTO:0003253	rdfs:subClassOf	BTO:0003252
BTO:0003254	rdfs:subClassOf	BTO:0001619
BTO:0003255	rdfs:subClassOf	BTO:0000070
BTO:0003257	rdfs:subClassOf	BTO:0000421
BTO:0003261	rdfs:subClassOf	BTO:0002515
BTO:0003262	rdfs:subClassOf	BTO:0002515
BTO:0003264	rdfs:subClassOf	BTO:0003265
BTO:0003266	rdfs:subClassOf	BTO:0001521
BTO:0003267	rdfs:subClassOf	BTO:0000794
BTO:0003270	rdfs:subClassOf	BTO:0000849
BTO:0003271	rdfs:subClassOf	BTO:0001808
BTO:0003272	rdfs:subClassOf	BTO:0001808
BTO:0003275	rdfs:subClassOf	BTO:0003274
BTO:0003276	rdfs:subClassOf	BTO:0000741
BTO:0003277	rdfs:subClassOf	BTO:0000578
BTO:0003278	rdfs:subClassOf	BTO:0001425
BTO:0003279	rdfs:subClassOf	BTO:0001425
BTO:0003280	rdfs:subClassOf	BTO:0002322
BTO:0003281	rdfs:subClassOf	BTO:0002322
BTO:0003283	rdfs:subClassOf	BTO:0002380
BTO:0003285	rdfs:subClassOf	BTO:0000794
BTO:0003286	rdfs:subClassOf	BTO:0000794
BTO:0003287	rdfs:subClassOf	BTO:0002030
BTO:0003287	rdfs:subClassOf	BTO:0002904
BTO:0003288	rdfs:subClassOf	BTO:0000603
BTO:0003289	rdfs:subClassOf	BTO:0000889
BTO:0003290	rdfs:subClassOf	BTO:0000794
BTO:0003291	rdfs:subClassOf	BTO:0000889
BTO:0003292	rdfs:subClassOf	BTO:0002278
BTO:0003292	rdfs:subClassOf	BTO:0002332
BTO:0003293	rdfs:subClassOf	BTO:0000453
BTO:0003295	rdfs:subClassOf	BTO:0003296
BTO:0003298	rdfs:subClassOf	BTO:0002666
BTO:0003299	rdfs:subClassOf	BTO:0001912
BTO:0003301	rdfs:subClassOf	BTO:0000849
BTO:0003302	rdfs:subClassOf	BTO:0001521
BTO:0003303	rdfs:subClassOf	BTO:0001521
BTO:0003304	rdfs:subClassOf	BTO:0002027
BTO:0003306	rdfs:subClassOf	BTO:0001033
BTO:0003308	rdfs:subClassOf	BTO:0000727
BTO:0003309	rdfs:subClassOf	BTO:0002932
BTO:0003310	rdfs:subClassOf	BTO:0002932
BTO:0003311	rdfs:subClassOf	BTO:0002932
BTO:0003315	rdfs:subClassOf	BTO:0002709
BTO:0003317	rdfs:subClassOf	BTO:0000794
BTO:0003319	rdfs:subClassOf	BTO:0000578
BTO:0003322	rdfs:subClassOf	BTO:0000797
BTO:0003323	rdfs:subClassOf	BTO:0004086
BTO:0003324	rdfs:subClassOf	BTO:0003265
BTO:0003325	rdfs:subClassOf	BTO:0001581
BTO:0003326	rdfs:subClassOf	BTO:0000067
BTO:0003326	rdfs:subClassOf	BTO:0001242
BTO:0003327	rdfs:subClassOf	BTO:0000224
BTO:0003328	rdfs:subClassOf	BTO:0003103
BTO:0003329	rdfs:subClassOf	BTO:0004086
BTO:0003330	rdfs:subClassOf	BTO:0001479
BTO:0003331	rdfs:subClassOf	BTO:0001479
BTO:0003332	rdfs:subClassOf	BTO:0001479
BTO:0003333	rdfs:subClassOf	BTO:0001479
BTO:0003334	rdfs:subClassOf	BTO:0001479
BTO:0003335	rdfs:subClassOf	BTO:0002062
BTO:0003338	rdfs:subClassOf	BTO:0003337
BTO:0003339	rdfs:subClassOf	BTO:0003129
BTO:0003340	rdfs:subClassOf	BTO:0001911
BTO:0003346	rdfs:subClassOf	BTO:0003221
BTO:0003348	rdfs:subClassOf	BTO:0001971
BTO:0003350	rdfs:subClassOf	BTO:0003349
BTO:0003351	rdfs:subClassOf	BTO:0000711
BTO:0003352	rdfs:subClassOf	BTO:0003249
BTO:0003353	rdfs:subClassOf	BTO:0003352
BTO:0003354	rdfs:subClassOf	BTO:0001546
BTO:0003356	rdfs:subClassOf	BTO:0000264
BTO:0003357	rdfs:subClassOf	BTO:0002334
BTO:0003360	rdfs:subClassOf	BTO:0000174
BTO:0003361	rdfs:subClassOf	BTO:0000315
BTO:0003362	rdfs:subClassOf	BTO:0003487
BTO:0003365	rdfs:subClassOf	BTO:0000208
BTO:0003367	rdfs:subClassOf	BTO:0000284
BTO:0003368	rdfs:subClassOf	BTO:0000765
BTO:0003371	rdfs:subClassOf	BTO:0000573
BTO:0003374	rdfs:subClassOf	BTO:0003373
BTO:0003375	rdfs:subClassOf	BTO:0003373
BTO:0003376	rdfs:subClassOf	BTO:0000603
BTO:0003379	rdfs:subClassOf	BTO:0000170
BTO:0003384	rdfs:subClassOf	BTO:0000178
BTO:0003385	rdfs:subClassOf	BTO:0000720
BTO:0003385	rdfs:subClassOf	BTO:0003916
BTO:0003386	rdfs:subClassOf	BTO:0001104
BTO:0003391	rdfs:subClassOf	BTO:0001886
BTO:0003393	rdfs:subClassOf	BTO:0000938
BTO:0003394	rdfs:subClassOf	BTO:0000991
BTO:0003399	rdfs:subClassOf	BTO:0000239
BTO:0003413	rdfs:subClassOf	BTO:0002322
BTO:0003414	rdfs:subClassOf	BTO:0001530
BTO:0003416	rdfs:subClassOf	BTO:0001479
BTO:0003417	rdfs:subClassOf	BTO:0001479
BTO:0003418	rdfs:subClassOf	BTO:0003178
BTO:0003419	rdfs:subClassOf	BTO:0003178
BTO:0003421	rdfs:subClassOf	BTO:0003420
BTO:0003422	rdfs:subClassOf	BTO:0000947
BTO:0003425	rdfs:subClassOf	BTO:0006267
BTO:0003428	rdfs:subClassOf	BTO:0000794
BTO:0003432	rdfs:subClassOf	BTO:0003212
BTO:0003433	rdfs:subClassOf	BTO:0000254
BTO:0003434	rdfs:subClassOf	BTO:0000092
BTO:0003435	rdfs:subClassOf	BTO:0000782
BTO:0003437	rdfs:subClassOf	BTO:0003436
BTO:0003438	rdfs:subClassOf	BTO:0000849
BTO:0003439	rdfs:subClassOf	BTO:0000932
BTO:0003440	rdfs:subClassOf	BTO:0000794
BTO:0003442	rdfs:subClassOf	BTO:0001619
BTO:0003443	rdfs:subClassOf	BTO:0004086
BTO:0003444	rdfs:subClassOf	BTO:0004086
BTO:0003445	rdfs:subClassOf	BTO:0003120
BTO:0003449	rdfs:subClassOf	BTO:0000224
BTO:0003451	rdfs:subClassOf	BTO:0003452
BTO:0003454	rdfs:subClassOf	BTO:0000734
BTO:0003455	rdfs:subClassOf	BTO:0000734
BTO:0003456	rdfs:subClassOf	BTO:0000734
BTO:0003458	rdfs:subClassOf	BTO:0000037
BTO:0003459	rdfs:subClassOf	BTO:0000067
BTO:0003460	rdfs:subClassOf	BTO:0000797
BTO:0003461	rdfs:subClassOf	BTO:0000792
BTO:0003462	rdfs:subClassOf	BTO:0001723
BTO:0003463	rdfs:subClassOf	BTO:0001723
BTO:0003464	rdfs:subClassOf	BTO:0001033
BTO:0003467	rdfs:subClassOf	BTO:0000849
BTO:0003470	rdfs:subClassOf	BTO:0004086
BTO:0003471	rdfs:subClassOf	BTO:0004086
BTO:0003472	rdfs:subClassOf	BTO:0001104
BTO:0003473	rdfs:subClassOf	BTO:0000130
BTO:0003474	rdfs:subClassOf	BTO:0000849
BTO:0003475	rdfs:subClassOf	BTO:0000849
BTO:0003476	rdfs:subClassOf	BTO:0002130
BTO:0003477	rdfs:subClassOf	BTO:0000578
BTO:0003478	rdfs:subClassOf	BTO:0000787
BTO:0003479	rdfs:subClassOf	BTO:0000787
BTO:0003480	rdfs:subClassOf	BTO:0002868
BTO:0003481	rdfs:subClassOf	BTO:0002868
BTO:0003482	rdfs:subClassOf	BTO:0000161
BTO:0003484	rdfs:subClassOf	BTO:0003483
BTO:0003485	rdfs:subClassOf	BTO:0003150
BTO:0003486	rdfs:subClassOf	BTO:0003124
BTO:0003487	rdfs:subClassOf	BTO:0003360
BTO:0003488	rdfs:subClassOf	BTO:0001501
BTO:0003489	rdfs:subClassOf	BTO:0000554
BTO:0003490	rdfs:subClassOf	BTO:0001104
BTO:0003491	rdfs:subClassOf	BTO:0000794
BTO:0003492	rdfs:subClassOf	BTO:0000578
BTO:0003493	rdfs:subClassOf	BTO:0003883
BTO:0003495	rdfs:subClassOf	BTO:0001407
BTO:0003496	rdfs:subClassOf	BTO:0001407
BTO:0003497	rdfs:subClassOf	BTO:0000037
BTO:0003498	rdfs:subClassOf	BTO:0006415
BTO:0003499	rdfs:subClassOf	BTO:0006415
BTO:0003500	rdfs:subClassOf	BTO:0006415
BTO:0003501	rdfs:subClassOf	BTO:0006415
BTO:0003502	rdfs:subClassOf	BTO:0001882
BTO:0003503	rdfs:subClassOf	BTO:0001882
BTO:0003504	rdfs:subClassOf	BTO:0000811
BTO:0003505	rdfs:subClassOf	BTO:0001546
BTO:0003506	rdfs:subClassOf	BTO:0003507
BTO:0003508	rdfs:subClassOf	BTO:0000849
BTO:0003509	rdfs:subClassOf	BTO:0001262
BTO:0003510	rdfs:subClassOf	BTO:0003512
BTO:0003512	rdfs:subClassOf	BTO:0002022
BTO:0003513	rdfs:subClassOf	BTO:0000224
BTO:0003514	rdfs:subClassOf	BTO:0003513
BTO:0003515	rdfs:subClassOf	BTO:0003513
BTO:0003516	rdfs:subClassOf	BTO:0003513
BTO:0003517	rdfs:subClassOf	BTO:0003513
BTO:0003518	rdfs:subClassOf	BTO:0003513
BTO:0003519	rdfs:subClassOf	BTO:0003513
BTO:0003520	rdfs:subClassOf	BTO:0003513
BTO:0003521	rdfs:subClassOf	BTO:0003513
BTO:0003522	rdfs:subClassOf	BTO:0003513
BTO:0003523	rdfs:subClassOf	BTO:0003513
BTO:0003524	rdfs:subClassOf	BTO:0003513
BTO:0003525	rdfs:subClassOf	BTO:0003513
BTO:0003526	rdfs:subClassOf	BTO:0003513
BTO:0003527	rdfs:subClassOf	BTO:0003513
BTO:0003528	rdfs:subClassOf	BTO:0003513
BTO:0003529	rdfs:subClassOf	BTO:0003513
BTO:0003530	rdfs:subClassOf	BTO:0003513
BTO:0003531	rdfs:subClassOf	BTO:0003513
BTO:0003532	rdfs:subClassOf	BTO:0003513
BTO:0003533	rdfs:subClassOf	BTO:0000794
BTO:0003534	rdfs:subClassOf	BTO:0000932
BTO:0003535	rdfs:subClassOf	BTO:0000932
BTO:0003536	rdfs:subClassOf	BTO:0002553
BTO:0003540	rdfs:subClassOf	BTO:0001019
BTO:0003541	rdfs:subClassOf	BTO:0002817
BTO:0003542	rdfs:subClassOf	BTO:0000932
BTO:0003544	rdfs:subClassOf	BTO:0000792
BTO:0003545	rdfs:subClassOf	BTO:0000792
BTO:0003546	rdfs:subClassOf	BTO:0000932
BTO:0003547	rdfs:subClassOf	BTO:0000932
BTO:0003548	rdfs:subClassOf	BTO:0000932
BTO:0003550	rdfs:subClassOf	BTO:0000794
BTO:0003551	rdfs:subClassOf	BTO:0000794
BTO:0003552	rdfs:subClassOf	BTO:0002868
BTO:0003554	rdfs:subClassOf	BTO:0002868
BTO:0003555	rdfs:subClassOf	BTO:0002868
BTO:0003556	rdfs:subClassOf	BTO:0000947
BTO:0003558	rdfs:subClassOf	BTO:0001518
BTO:0003558	rdfs:subClassOf	BTO:0002904
BTO:0003559	rdfs:subClassOf	BTO:0003063
BTO:0003560	rdfs:subClassOf	BTO:0001581
BTO:0003561	rdfs:subClassOf	BTO:0003560
BTO:0003562	rdfs:subClassOf	BTO:0002868
BTO:0003563	rdfs:subClassOf	BTO:0001519
BTO:0003564	rdfs:subClassOf	BTO:0003563
BTO:0003565	rdfs:subClassOf	BTO:0000578
BTO:0003566	rdfs:subClassOf	BTO:0000756
BTO:0003567	rdfs:subClassOf	BTO:0001574
BTO:0003568	rdfs:subClassOf	BTO:0000816
BTO:0003569	rdfs:subClassOf	BTO:0003568
BTO:0003575	rdfs:subClassOf	BTO:0003577
BTO:0003577	rdfs:subClassOf	BTO:0000067
BTO:0003579	rdfs:subClassOf	BTO:0003578
BTO:0003580	rdfs:subClassOf	BTO:0003581
BTO:0003582	rdfs:subClassOf	BTO:0003212
BTO:0003584	rdfs:subClassOf	BTO:0003583
BTO:0003585	rdfs:subClassOf	BTO:0002904
BTO:0003589	rdfs:subClassOf	BTO:0001619
BTO:0003590	rdfs:subClassOf	BTO:0001619
BTO:0003591	rdfs:subClassOf	BTO:0001619
BTO:0003592	rdfs:subClassOf	BTO:0001619
BTO:0003593	rdfs:subClassOf	BTO:0002272
BTO:0003594	rdfs:subClassOf	BTO:0003593
BTO:0003596	rdfs:subClassOf	BTO:0000257
BTO:0003596	rdfs:subClassOf	BTO:0001207
BTO:0003597	rdfs:subClassOf	BTO:0003596
BTO:0003598	rdfs:subClassOf	BTO:0003596
BTO:0003599	rdfs:subClassOf	BTO:0005738
BTO:0003605	rdfs:subClassOf	BTO:0000101
BTO:0003608	rdfs:subClassOf	BTO:0001479
BTO:0003609	rdfs:subClassOf	BTO:0001479
BTO:0003610	rdfs:subClassOf	BTO:0001479
BTO:0003611	rdfs:subClassOf	BTO:0001479
BTO:0003612	rdfs:subClassOf	BTO:0001479
BTO:0003613	rdfs:subClassOf	BTO:0000551
BTO:0003614	rdfs:subClassOf	BTO:0001289
BTO:0003618	rdfs:subClassOf	BTO:0003349
BTO:0003619	rdfs:subClassOf	BTO:0000669
BTO:0003619	rdfs:subClassOf	BTO:0000977
BTO:0003620	rdfs:subClassOf	BTO:0000264
BTO:0003620	rdfs:subClassOf	BTO:0001668
BTO:0003621	rdfs:subClassOf	BTO:0000830
BTO:0003622	rdfs:subClassOf	BTO:0000830
BTO:0003623	rdfs:subClassOf	BTO:0003632
BTO:0003624	rdfs:subClassOf	BTO:0001289
BTO:0003624	rdfs:subClassOf	BTO:0001774
BTO:0003627	rdfs:subClassOf	BTO:0000206
BTO:0003628	rdfs:subClassOf	BTO:0003627
BTO:0003629	rdfs:subClassOf	BTO:0003627
BTO:0003630	rdfs:subClassOf	BTO:0000797
BTO:0003633	rdfs:subClassOf	BTO:0000178
BTO:0003635	rdfs:subClassOf	BTO:0001578
BTO:0003635	rdfs:subClassOf	BTO:0002072
BTO:0003636	rdfs:subClassOf	BTO:0003123
BTO:0003636	rdfs:subClassOf	BTO:0005201
BTO:0003637	rdfs:subClassOf	BTO:0000889
BTO:0003638	rdfs:subClassOf	BTO:0000811
BTO:0003641	rdfs:subClassOf	BTO:0002817
BTO:0003642	rdfs:subClassOf	BTO:0000578
BTO:0003643	rdfs:subClassOf	BTO:0002278
BTO:0003644	rdfs:subClassOf	BTO:0000178
BTO:0003644	rdfs:subClassOf	BTO:0000680
BTO:0003645	rdfs:subClassOf	BTO:0003205
BTO:0003646	rdfs:subClassOf	BTO:0002773
BTO:0003648	rdfs:subClassOf	BTO:0001104
BTO:0003650	rdfs:subClassOf	BTO:0000497
BTO:0003651	rdfs:subClassOf	BTO:0002322
BTO:0003655	rdfs:subClassOf	BTO:0003660
BTO:0003656	rdfs:subClassOf	BTO:0003655
BTO:0003657	rdfs:subClassOf	BTO:0000765
BTO:0003658	rdfs:subClassOf	BTO:0002979
BTO:0003659	rdfs:subClassOf	BTO:0000522
BTO:0003661	rdfs:subClassOf	BTO:0000416
BTO:0003662	rdfs:subClassOf	BTO:0002449
BTO:0003663	rdfs:subClassOf	BTO:0002449
BTO:0003664	rdfs:subClassOf	BTO:0002449
BTO:0003665	rdfs:subClassOf	BTO:0002449
BTO:0003668	rdfs:subClassOf	BTO:0000158
BTO:0003670	rdfs:subClassOf	BTO:0000284
BTO:0003674	rdfs:subClassOf	BTO:0001686
BTO:0003676	rdfs:subClassOf	BTO:0000744
BTO:0003679	rdfs:subClassOf	BTO:0004086
BTO:0003680	rdfs:subClassOf	BTO:0003681
BTO:0003681	rdfs:subClassOf	BTO:0000737
BTO:0003682	rdfs:subClassOf	BTO:0001271
BTO:0003685	rdfs:subClassOf	BTO:0002700
BTO:0003686	rdfs:subClassOf	BTO:0003685
BTO:0003688	rdfs:subClassOf	BTO:0000433
BTO:0003688	rdfs:subClassOf	BTO:0003687
BTO:0003690	rdfs:subClassOf	BTO:0000433
BTO:0003690	rdfs:subClassOf	BTO:0003689
BTO:0003691	rdfs:subClassOf	BTO:0000658
BTO:0003691	rdfs:subClassOf	BTO:0003596
BTO:0003693	rdfs:subClassOf	BTO:0001546
BTO:0003697	rdfs:subClassOf	BTO:0002064
BTO:0003698	rdfs:subClassOf	BTO:0003120
BTO:0003699	rdfs:subClassOf	BTO:0001522
BTO:0003703	rdfs:subClassOf	BTO:0004060
BTO:0003704	rdfs:subClassOf	BTO:0000711
BTO:0003708	rdfs:subClassOf	BTO:0001019
BTO:0003709	rdfs:subClassOf	BTO:0002398
BTO:0003710	rdfs:subClassOf	BTO:0000849
BTO:0003711	rdfs:subClassOf	BTO:0000849
BTO:0003712	rdfs:subClassOf	BTO:0000849
BTO:0003714	rdfs:subClassOf	BTO:0003192
BTO:0003715	rdfs:subClassOf	BTO:0003192
BTO:0003717	rdfs:subClassOf	BTO:0000080
BTO:0003720	rdfs:subClassOf	BTO:0002211
BTO:0003721	rdfs:subClassOf	BTO:0002211
BTO:0003722	rdfs:subClassOf	BTO:0002211
BTO:0003723	rdfs:subClassOf	BTO:0002868
BTO:0003724	rdfs:subClassOf	BTO:0002868
BTO:0003725	rdfs:subClassOf	BTO:0002488
BTO:0003726	rdfs:subClassOf	BTO:0002206
BTO:0003727	rdfs:subClassOf	BTO:0002553
BTO:0003728	rdfs:subClassOf	BTO:0000849
BTO:0003729	rdfs:subClassOf	BTO:0000383
BTO:0003730	rdfs:subClassOf	BTO:0000383
BTO:0003731	rdfs:subClassOf	BTO:0000383
BTO:0003732	rdfs:subClassOf	BTO:0000383
BTO:0003733	rdfs:subClassOf	BTO:0000383
BTO:0003734	rdfs:subClassOf	BTO:0000383
BTO:0003735	rdfs:subClassOf	BTO:0000383
BTO:0003736	rdfs:subClassOf	BTO:0000414
BTO:0003737	rdfs:subClassOf	BTO:0000174
BTO:0003739	rdfs:subClassOf	BTO:0002144
BTO:0003740	rdfs:subClassOf	BTO:0002144
BTO:0003741	rdfs:subClassOf	BTO:0000356
BTO:0003743	rdfs:subClassOf	BTO:0003744
BTO:0003744	rdfs:subClassOf	BTO:0000400
BTO:0003745	rdfs:subClassOf	BTO:0001207
BTO:0003746	rdfs:subClassOf	BTO:0001616
BTO:0003747	rdfs:subClassOf	BTO:0000573
BTO:0003748	rdfs:subClassOf	BTO:0000234
BTO:0003751	rdfs:subClassOf	BTO:0001979
BTO:0003752	rdfs:subClassOf	BTO:0000886
BTO:0003753	rdfs:subClassOf	BTO:0002452
BTO:0003754	rdfs:subClassOf	BTO:0001619
BTO:0003755	rdfs:subClassOf	BTO:0001619
BTO:0003756	rdfs:subClassOf	BTO:0002424
BTO:0003757	rdfs:subClassOf	BTO:0002424
BTO:0003758	rdfs:subClassOf	BTO:0002424
BTO:0003759	rdfs:subClassOf	BTO:0002919
BTO:0003760	rdfs:subClassOf	BTO:0000578
BTO:0003762	rdfs:subClassOf	BTO:0002398
BTO:0003763	rdfs:subClassOf	BTO:0000460
BTO:0003764	rdfs:subClassOf	BTO:0000460
BTO:0003766	rdfs:subClassOf	BTO:0003765
BTO:0003767	rdfs:subClassOf	BTO:0002267
BTO:0003768	rdfs:subClassOf	BTO:0002267
BTO:0003769	rdfs:subClassOf	BTO:0003192
BTO:0003770	rdfs:subClassOf	BTO:0000762
BTO:0003772	rdfs:subClassOf	BTO:0000711
BTO:0003773	rdfs:subClassOf	BTO:0001289
BTO:0003774	rdfs:subClassOf	BTO:0002211
BTO:0003775	rdfs:subClassOf	BTO:0000786
BTO:0003776	rdfs:subClassOf	BTO:0000792
BTO:0003776	rdfs:subClassOf	BTO:0002024
BTO:0003777	rdfs:subClassOf	BTO:0003776
BTO:0003779	rdfs:subClassOf	BTO:0000947
BTO:0003780	rdfs:subClassOf	BTO:0001033
BTO:0003781	rdfs:subClassOf	BTO:0000383
BTO:0003782	rdfs:subClassOf	BTO:0000035
BTO:0003783	rdfs:subClassOf	BTO:0001914
BTO:0003784	rdfs:subClassOf	BTO:0002658
BTO:0003785	rdfs:subClassOf	BTO:0000468
BTO:0003789	rdfs:subClassOf	BTO:0000849
BTO:0003790	rdfs:subClassOf	BTO:0000849
BTO:0003791	rdfs:subClassOf	BTO:0001307
BTO:0003792	rdfs:subClassOf	BTO:0004883
BTO:0003794	rdfs:subClassOf	BTO:0000999
BTO:0003795	rdfs:subClassOf	BTO:0002449
BTO:0003797	rdfs:subClassOf	BTO:0001395
BTO:0003798	rdfs:subClassOf	BTO:0001395
BTO:0003799	rdfs:subClassOf	BTO:0001395
BTO:0003800	rdfs:subClassOf	BTO:0001876
BTO:0003801	rdfs:subClassOf	BTO:0000535
BTO:0003802	rdfs:subClassOf	BTO:0000535
BTO:0003803	rdfs:subClassOf	BTO:0000167
BTO:0003804	rdfs:subClassOf	BTO:0003803
BTO:0003805	rdfs:subClassOf	BTO:0000312
BTO:0003806	rdfs:subClassOf	BTO:0000312
BTO:0003807	rdfs:subClassOf	BTO:0002245
BTO:0003808	rdfs:subClassOf	BTO:0000188
BTO:0003809	rdfs:subClassOf	BTO:0001490
BTO:0003810	rdfs:subClassOf	BTO:0000214
BTO:0003811	rdfs:subClassOf	BTO:0000938
BTO:0003812	rdfs:subClassOf	BTO:0001479
BTO:0003813	rdfs:subClassOf	BTO:0001479
BTO:0003814	rdfs:subClassOf	BTO:0001479
BTO:0003815	rdfs:subClassOf	BTO:0001479
BTO:0003816	rdfs:subClassOf	BTO:0001479
BTO:0003817	rdfs:subClassOf	BTO:0001479
BTO:0003818	rdfs:subClassOf	BTO:0001479
BTO:0003819	rdfs:subClassOf	BTO:0001479
BTO:0003820	rdfs:subClassOf	BTO:0001479
BTO:0003821	rdfs:subClassOf	BTO:0001479
BTO:0003822	rdfs:subClassOf	BTO:0001479
BTO:0003823	rdfs:subClassOf	BTO:0001479
BTO:0003824	rdfs:subClassOf	BTO:0001479
BTO:0003826	rdfs:subClassOf	BTO:0001479
BTO:0003827	rdfs:subClassOf	BTO:0001479
BTO:0003828	rdfs:subClassOf	BTO:0001479
BTO:0003829	rdfs:subClassOf	BTO:0001479
BTO:0003830	rdfs:subClassOf	BTO:0001479
BTO:0003831	rdfs:subClassOf	BTO:0001479
BTO:0003832	rdfs:subClassOf	BTO:0001479
BTO:0003834	rdfs:subClassOf	BTO:0000174
BTO:0003836	rdfs:subClassOf	BTO:0003835
BTO:0003837	rdfs:subClassOf	BTO:0003835
BTO:0003838	rdfs:subClassOf	BTO:0003835
BTO:0003839	rdfs:subClassOf	BTO:0003835
BTO:0003841	rdfs:subClassOf	BTO:0003916
BTO:0003842	rdfs:subClassOf	BTO:0001619
BTO:0003843	rdfs:subClassOf	BTO:0001971
BTO:0003846	rdfs:subClassOf	BTO:0000383
BTO:0003847	rdfs:subClassOf	BTO:0000383
BTO:0003848	rdfs:subClassOf	BTO:0002773
BTO:0003849	rdfs:subClassOf	BTO:0001289
BTO:0003852	rdfs:subClassOf	BTO:0000524
BTO:0003854	rdfs:subClassOf	BTO:0000889
BTO:0003855	rdfs:subClassOf	BTO:0000889
BTO:0003856	rdfs:subClassOf	BTO:0000794
BTO:0003857	rdfs:subClassOf	BTO:0002042
BTO:0003860	rdfs:subClassOf	BTO:0003858
BTO:0003861	rdfs:subClassOf	BTO:0000878
BTO:0003862	rdfs:subClassOf	BTO:0000161
BTO:0003863	rdfs:subClassOf	BTO:0000101
BTO:0003864	rdfs:subClassOf	BTO:0001532
BTO:0003865	rdfs:subClassOf	BTO:0003866
BTO:0003866	rdfs:subClassOf	BTO:0001895
BTO:0003870	rdfs:subClassOf	BTO:0000203
BTO:0003871	rdfs:subClassOf	BTO:0000257
BTO:0003872	rdfs:subClassOf	BTO:0001044
BTO:0003873	rdfs:subClassOf	BTO:0000178
BTO:0003873	rdfs:subClassOf	BTO:0001888
BTO:0003874	rdfs:subClassOf	BTO:0001610
BTO:0003875	rdfs:subClassOf	BTO:0001610
BTO:0003877	rdfs:subClassOf	BTO:0000407
BTO:0003879	rdfs:subClassOf	BTO:0005949
BTO:0003880	rdfs:subClassOf	BTO:0000101
BTO:0003881	rdfs:subClassOf	BTO:0002211
BTO:0003883	rdfs:subClassOf	BTO:0001521
BTO:0003883	rdfs:subClassOf	BTO:0002363
BTO:0003884	rdfs:subClassOf	BTO:0002768
BTO:0003885	rdfs:subClassOf	BTO:0004086
BTO:0003886	rdfs:subClassOf	BTO:0002768
BTO:0003887	rdfs:subClassOf	BTO:0002709
BTO:0003888	rdfs:subClassOf	BTO:0002709
BTO:0003891	rdfs:subClassOf	BTO:0002709
BTO:0003892	rdfs:subClassOf	BTO:0002768
BTO:0003893	rdfs:subClassOf	BTO:0002768
BTO:0003895	rdfs:subClassOf	BTO:0002024
BTO:0003895	rdfs:subClassOf	BTO:0003894
BTO:0003896	rdfs:subClassOf	BTO:0003894
BTO:0003897	rdfs:subClassOf	BTO:0001326
BTO:0003897	rdfs:subClassOf	BTO:0003237
BTO:0003898	rdfs:subClassOf	BTO:0000947
BTO:0003900	rdfs:subClassOf	BTO:0002768
BTO:0003903	rdfs:subClassOf	BTO:0003436
BTO:0003904	rdfs:subClassOf	BTO:0000407
BTO:0003905	rdfs:subClassOf	BTO:0002398
BTO:0003906	rdfs:subClassOf	BTO:0000416
BTO:0003908	rdfs:subClassOf	BTO:0003907
BTO:0003911	rdfs:subClassOf	BTO:0002932
BTO:0003912	rdfs:subClassOf	BTO:0001526
BTO:0003912	rdfs:subClassOf	BTO:0002658
BTO:0003913	rdfs:subClassOf	BTO:0003912
BTO:0003914	rdfs:subClassOf	BTO:0004238
BTO:0003915	rdfs:subClassOf	BTO:0003987
BTO:0003916	rdfs:subClassOf	BTO:0000214
BTO:0003920	rdfs:subClassOf	BTO:0000669
BTO:0003927	rdfs:subClassOf	BTO:0000707
BTO:0003928	rdfs:subClassOf	BTO:0002332
BTO:0003930	rdfs:subClassOf	BTO:0000727
BTO:0003931	rdfs:subClassOf	BTO:0000727
BTO:0003932	rdfs:subClassOf	BTO:0000727
BTO:0003934	rdfs:subClassOf	BTO:0002932
BTO:0003936	rdfs:subClassOf	BTO:0001289
BTO:0003936	rdfs:subClassOf	BTO:0001625
BTO:0003942	rdfs:subClassOf	BTO:0000811
BTO:0003943	rdfs:subClassOf	BTO:0000811
BTO:0003944	rdfs:subClassOf	BTO:0003183
BTO:0003946	rdfs:subClassOf	BTO:0002886
BTO:0003947	rdfs:subClassOf	BTO:0003577
BTO:0003949	rdfs:subClassOf	BTO:0000067
BTO:0003950	rdfs:subClassOf	BTO:0003949
BTO:0003951	rdfs:subClassOf	BTO:0002191
BTO:0003952	rdfs:subClassOf	BTO:0002064
BTO:0003953	rdfs:subClassOf	BTO:0000556
BTO:0003953	rdfs:subClassOf	BTO:0001473
BTO:0003955	rdfs:subClassOf	BTO:0003349
BTO:0003956	rdfs:subClassOf	BTO:0000947
BTO:0003957	rdfs:subClassOf	BTO:0003349
BTO:0003959	rdfs:subClassOf	BTO:0000375
BTO:0003960	rdfs:subClassOf	BTO:0000790
BTO:0003962	rdfs:subClassOf	BTO:0003960
BTO:0003964	rdfs:subClassOf	BTO:0002211
BTO:0003967	rdfs:subClassOf	BTO:0000407
BTO:0003968	rdfs:subClassOf	BTO:0000353
BTO:0003972	rdfs:subClassOf	BTO:0002064
BTO:0003974	rdfs:subClassOf	BTO:0000551
BTO:0003976	rdfs:subClassOf	BTO:0002495
BTO:0003980	rdfs:subClassOf	BTO:0003420
BTO:0003981	rdfs:subClassOf	BTO:0000786
BTO:0003982	rdfs:subClassOf	BTO:0002881
BTO:0003982	rdfs:subClassOf	BTO:0004091
BTO:0003983	rdfs:subClassOf	BTO:0000849
BTO:0003986	rdfs:subClassOf	BTO:0000849
BTO:0003987	rdfs:subClassOf	BTO:0003841
BTO:0003988	rdfs:subClassOf	BTO:0000849
BTO:0003991	rdfs:subClassOf	BTO:0000762
BTO:0003991	rdfs:subClassOf	BTO:0002424
BTO:0003992	rdfs:subClassOf	BTO:0003991
BTO:0003994	rdfs:subClassOf	BTO:0000476
BTO:0003995	rdfs:subClassOf	BTO:0003997
BTO:0003996	rdfs:subClassOf	BTO:0003997
BTO:0003998	rdfs:subClassOf	BTO:0000811
BTO:0003999	rdfs:subClassOf	BTO:0002424
BTO:0004000	rdfs:subClassOf	BTO:0002424
BTO:0004001	rdfs:subClassOf	BTO:0002424
BTO:0004002	rdfs:subClassOf	BTO:0003183
BTO:0004003	rdfs:subClassOf	BTO:0002211
BTO:0004005	rdfs:subClassOf	BTO:0000746
BTO:0004006	rdfs:subClassOf	BTO:0002211
BTO:0004007	rdfs:subClassOf	BTO:0003246
BTO:0004010	rdfs:subClassOf	BTO:0001045
BTO:0004011	rdfs:subClassOf	BTO:0000947
BTO:0004011	rdfs:subClassOf	BTO:0004259
BTO:0004012	rdfs:subClassOf	BTO:0000407
BTO:0004013	rdfs:subClassOf	BTO:0001913
BTO:0004016	rdfs:subClassOf	BTO:0000146
BTO:0004017	rdfs:subClassOf	BTO:0002211
BTO:0004018	rdfs:subClassOf	BTO:0000786
BTO:0004019	rdfs:subClassOf	BTO:0002211
BTO:0004020	rdfs:subClassOf	BTO:0004019
BTO:0004021	rdfs:subClassOf	BTO:0004019
BTO:0004022	rdfs:subClassOf	BTO:0004019
BTO:0004023	rdfs:subClassOf	BTO:0004019
BTO:0004025	rdfs:subClassOf	BTO:0000887
BTO:0004026	rdfs:subClassOf	BTO:0004086
BTO:0004027	rdfs:subClassOf	BTO:0001926
BTO:0004028	rdfs:subClassOf	BTO:0001926
BTO:0004029	rdfs:subClassOf	BTO:0001926
BTO:0004030	rdfs:subClassOf	BTO:0001926
BTO:0004031	rdfs:subClassOf	BTO:0001926
BTO:0004032	rdfs:subClassOf	BTO:0000938
BTO:0004033	rdfs:subClassOf	BTO:0000938
BTO:0004034	rdfs:subClassOf	BTO:0000811
BTO:0004036	rdfs:subClassOf	BTO:0000811
BTO:0004039	rdfs:subClassOf	BTO:0000811
BTO:0004040	rdfs:subClassOf	BTO:0000811
BTO:0004041	rdfs:subClassOf	BTO:0001487
BTO:0004042	rdfs:subClassOf	BTO:0001487
BTO:0004043	rdfs:subClassOf	BTO:0001487
BTO:0004044	rdfs:subClassOf	BTO:0000938
BTO:0004045	rdfs:subClassOf	BTO:0001490
BTO:0004049	rdfs:subClassOf	BTO:0000737
BTO:0004049	rdfs:subClassOf	BTO:0003212
BTO:0004051	rdfs:subClassOf	BTO:0001037
BTO:0004052	rdfs:subClassOf	BTO:0002666
BTO:0004053	rdfs:subClassOf	BTO:0000089
BTO:0004056	rdfs:subClassOf	BTO:0001479
BTO:0004057	rdfs:subClassOf	BTO:0000659
BTO:0004058	rdfs:subClassOf	BTO:0001581
BTO:0004059	rdfs:subClassOf	BTO:0000188
BTO:0004060	rdfs:subClassOf	BTO:0003742
BTO:0004062	rdfs:subClassOf	BTO:0000849
BTO:0004063	rdfs:subClassOf	BTO:0000759
BTO:0004064	rdfs:subClassOf	BTO:0004063
BTO:0004070	rdfs:subClassOf	BTO:0003809
BTO:0004071	rdfs:subClassOf	BTO:0001289
BTO:0004072	rdfs:subClassOf	BTO:0002024
BTO:0004073	rdfs:subClassOf	BTO:0000947
BTO:0004077	rdfs:subClassOf	BTO:0004078
BTO:0004078	rdfs:subClassOf	BTO:0002553
BTO:0004079	rdfs:subClassOf	BTO:0004078
BTO:0004080	rdfs:subClassOf	BTO:0004078
BTO:0004081	rdfs:subClassOf	BTO:0004078
BTO:0004082	rdfs:subClassOf	BTO:0004078
BTO:0004083	rdfs:subClassOf	BTO:0004078
BTO:0004084	rdfs:subClassOf	BTO:0000722
BTO:0004085	rdfs:subClassOf	BTO:0004078
BTO:0004086	rdfs:subClassOf	BTO:0000356
BTO:0004086	rdfs:subClassOf	BTO:0003568
BTO:0004088	rdfs:subClassOf	BTO:0001426
BTO:0004088	rdfs:subClassOf	BTO:0003100
BTO:0004089	rdfs:subClassOf	BTO:0001426
BTO:0004089	rdfs:subClassOf	BTO:0003097
BTO:0004090	rdfs:subClassOf	BTO:0003081
BTO:0004091	rdfs:subClassOf	BTO:0001086
BTO:0004092	rdfs:subClassOf	BTO:0003494
BTO:0004093	rdfs:subClassOf	BTO:0004092
BTO:0004094	rdfs:subClassOf	BTO:0001023
BTO:0004095	rdfs:subClassOf	BTO:0000977
BTO:0004096	rdfs:subClassOf	BTO:0001854
BTO:0004101	rdfs:subClassOf	BTO:0000713
BTO:0004102	rdfs:subClassOf	BTO:0000938
BTO:0004103	rdfs:subClassOf	BTO:0000713
BTO:0004103	rdfs:subClassOf	BTO:0005525
BTO:0004105	rdfs:subClassOf	BTO:0002145
BTO:0004106	rdfs:subClassOf	BTO:0001897
BTO:0004111	rdfs:subClassOf	BTO:0001533
BTO:0004112	rdfs:subClassOf	BTO:0003236
BTO:0004115	rdfs:subClassOf	BTO:0004114
BTO:0004117	rdfs:subClassOf	BTO:0001413
BTO:0004118	rdfs:subClassOf	BTO:0001200
BTO:0004120	rdfs:subClassOf	BTO:0000938
BTO:0004121	rdfs:subClassOf	BTO:0001521
BTO:0004122	rdfs:subClassOf	BTO:0002064
BTO:0004123	rdfs:subClassOf	BTO:0003296
BTO:0004124	rdfs:subClassOf	BTO:0000792
BTO:0004127	rdfs:subClassOf	BTO:0000816
BTO:0004128	rdfs:subClassOf	BTO:0000393
BTO:0004128	rdfs:subClassOf	BTO:0001653
BTO:0004129	rdfs:subClassOf	BTO:0000977
BTO:0004130	rdfs:subClassOf	BTO:0004482
BTO:0004131	rdfs:subClassOf	BTO:0004130
BTO:0004132	rdfs:subClassOf	BTO:0004130
BTO:0004133	rdfs:subClassOf	BTO:0004130
BTO:0004134	rdfs:subClassOf	BTO:0004130
BTO:0004135	rdfs:subClassOf	BTO:0004130
BTO:0004136	rdfs:subClassOf	BTO:0001883
BTO:0004137	rdfs:subClassOf	BTO:0002580
BTO:0004138	rdfs:subClassOf	BTO:0000452
BTO:0004139	rdfs:subClassOf	BTO:0001668
BTO:0004142	rdfs:subClassOf	BTO:0000578
BTO:0004146	rdfs:subClassOf	BTO:0001616
BTO:0004151	rdfs:subClassOf	BTO:0002171
BTO:0004152	rdfs:subClassOf	BTO:0000849
BTO:0004153	rdfs:subClassOf	BTO:0002553
BTO:0004154	rdfs:subClassOf	BTO:0002553
BTO:0004155	rdfs:subClassOf	BTO:0002553
BTO:0004156	rdfs:subClassOf	BTO:0002553
BTO:0004157	rdfs:subClassOf	BTO:0002553
BTO:0004158	rdfs:subClassOf	BTO:0002553
BTO:0004159	rdfs:subClassOf	BTO:0002553
BTO:0004160	rdfs:subClassOf	BTO:0002553
BTO:0004161	rdfs:subClassOf	BTO:0001619
BTO:0004162	rdfs:subClassOf	BTO:0000849
BTO:0004163	rdfs:subClassOf	BTO:0001913
BTO:0004165	rdfs:subClassOf	BTO:0001980
BTO:0004166	rdfs:subClassOf	BTO:0000453
BTO:0004167	rdfs:subClassOf	BTO:0001176
BTO:0004168	rdfs:subClassOf	BTO:0000578
BTO:0004171	rdfs:subClassOf	BTO:0002504
BTO:0004172	rdfs:subClassOf	BTO:0002504
BTO:0004173	rdfs:subClassOf	BTO:0002504
BTO:0004174	rdfs:subClassOf	BTO:0002504
BTO:0004175	rdfs:subClassOf	BTO:0001883
BTO:0004176	rdfs:subClassOf	BTO:0001883
BTO:0004177	rdfs:subClassOf	BTO:0002580
BTO:0004178	rdfs:subClassOf	BTO:0004254
BTO:0004179	rdfs:subClassOf	BTO:0004086
BTO:0004180	rdfs:subClassOf	BTO:0000306
BTO:0004183	rdfs:subClassOf	BTO:0002768
BTO:0004184	rdfs:subClassOf	BTO:0004049
BTO:0004185	rdfs:subClassOf	BTO:0001037
BTO:0004188	rdfs:subClassOf	BTO:0001949
BTO:0004198	rdfs:subClassOf	BTO:0001262
BTO:0004199	rdfs:subClassOf	BTO:0000255
BTO:0004200	rdfs:subClassOf	BTO:0004199
BTO:0004201	rdfs:subClassOf	BTO:0004785
BTO:0004202	rdfs:subClassOf	BTO:0004201
BTO:0004203	rdfs:subClassOf	BTO:0000003
BTO:0004204	rdfs:subClassOf	BTO:0002024
BTO:0004205	rdfs:subClassOf	BTO:0004204
BTO:0004206	rdfs:subClassOf	BTO:0002580
BTO:0004207	rdfs:subClassOf	BTO:0003192
BTO:0004208	rdfs:subClassOf	BTO:0000811
BTO:0004210	rdfs:subClassOf	BTO:0000279
BTO:0004211	rdfs:subClassOf	BTO:0001237
BTO:0004212	rdfs:subClassOf	BTO:0001501
BTO:0004213	rdfs:subClassOf	BTO:0001530
BTO:0004214	rdfs:subClassOf	BTO:0001530
BTO:0004215	rdfs:subClassOf	BTO:0001530
BTO:0004216	rdfs:subClassOf	BTO:0000407
BTO:0004217	rdfs:subClassOf	BTO:0000932
BTO:0004218	rdfs:subClassOf	BTO:0000932
BTO:0004219	rdfs:subClassOf	BTO:0003205
BTO:0004220	rdfs:subClassOf	BTO:0004219
BTO:0004221	rdfs:subClassOf	BTO:0000383
BTO:0004222	rdfs:subClassOf	BTO:0001530
BTO:0004223	rdfs:subClassOf	BTO:0000180
BTO:0004223	rdfs:subClassOf	BTO:0001289
BTO:0004224	rdfs:subClassOf	BTO:0000315
BTO:0004225	rdfs:subClassOf	BTO:0000938
BTO:0004226	rdfs:subClassOf	BTO:0000224
BTO:0004227	rdfs:subClassOf	BTO:0004201
BTO:0004228	rdfs:subClassOf	BTO:0000785
BTO:0004230	rdfs:subClassOf	BTO:0004513
BTO:0004231	rdfs:subClassOf	BTO:0000067
BTO:0004233	rdfs:subClassOf	BTO:0000849
BTO:0004234	rdfs:subClassOf	BTO:0003192
BTO:0004238	rdfs:subClassOf	BTO:0000421
BTO:0004239	rdfs:subClassOf	BTO:0004238
BTO:0004244	rdfs:subClassOf	BTO:0004243
BTO:0004246	rdfs:subClassOf	BTO:0000811
BTO:0004247	rdfs:subClassOf	BTO:0000811
BTO:0004248	rdfs:subClassOf	BTO:0000067
BTO:0004253	rdfs:subClassOf	BTO:0001243
BTO:0004255	rdfs:subClassOf	BTO:0000372
BTO:0004256	rdfs:subClassOf	BTO:0000140
BTO:0004257	rdfs:subClassOf	BTO:0004255
BTO:0004258	rdfs:subClassOf	BTO:0002372
BTO:0004258	rdfs:subClassOf	BTO:0005120
BTO:0004260	rdfs:subClassOf	BTO:0004255
BTO:0004261	rdfs:subClassOf	BTO:0002372
BTO:0004261	rdfs:subClassOf	BTO:0004255
BTO:0004262	rdfs:subClassOf	BTO:0000938
BTO:0004266	rdfs:subClassOf	BTO:0003324
BTO:0004269	rdfs:subClassOf	BTO:0004254
BTO:0004270	rdfs:subClassOf	BTO:0002666
BTO:0004273	rdfs:subClassOf	BTO:0004272
BTO:0004275	rdfs:subClassOf	BTO:0001377
BTO:0004276	rdfs:subClassOf	BTO:0001377
BTO:0004278	rdfs:subClassOf	BTO:0003393
BTO:0004279	rdfs:subClassOf	BTO:0003393
BTO:0004281	rdfs:subClassOf	BTO:0000741
BTO:0004282	rdfs:subClassOf	BTO:0001912
BTO:0004283	rdfs:subClassOf	BTO:0000383
BTO:0004284	rdfs:subClassOf	BTO:0000383
BTO:0004286	rdfs:subClassOf	BTO:0001271
BTO:0004287	rdfs:subClassOf	BTO:0001479
BTO:0004288	rdfs:subClassOf	BTO:0001479
BTO:0004289	rdfs:subClassOf	BTO:0001479
BTO:0004292	rdfs:subClassOf	BTO:0000235
BTO:0004293	rdfs:subClassOf	BTO:0000393
BTO:0004294	rdfs:subClassOf	BTO:0001176
BTO:0004295	rdfs:subClassOf	BTO:0001854
BTO:0004296	rdfs:subClassOf	BTO:0001854
BTO:0004305	rdfs:subClassOf	BTO:0000677
BTO:0004306	rdfs:subClassOf	BTO:0003250
BTO:0004307	rdfs:subClassOf	BTO:0000573
BTO:0004308	rdfs:subClassOf	BTO:0001581
BTO:0004309	rdfs:subClassOf	BTO:0001912
BTO:0004311	rdfs:subClassOf	BTO:0001912
BTO:0004312	rdfs:subClassOf	BTO:0004086
BTO:0004313	rdfs:subClassOf	BTO:0001619
BTO:0004314	rdfs:subClassOf	BTO:0001619
BTO:0004316	rdfs:subClassOf	BTO:0000792
BTO:0004318	rdfs:subClassOf	BTO:0002929
BTO:0004318	rdfs:subClassOf	BTO:0002931
BTO:0004319	rdfs:subClassOf	BTO:0000578
BTO:0004320	rdfs:subClassOf	BTO:0000578
BTO:0004321	rdfs:subClassOf	BTO:0001619
BTO:0004325	rdfs:subClassOf	BTO:0004324
BTO:0004326	rdfs:subClassOf	BTO:0001530
BTO:0004327	rdfs:subClassOf	BTO:0002062
BTO:0004328	rdfs:subClassOf	BTO:0001359
BTO:0004329	rdfs:subClassOf	BTO:0001359
BTO:0004330	rdfs:subClassOf	BTO:0001359
BTO:0004331	rdfs:subClassOf	BTO:0001359
BTO:0004332	rdfs:subClassOf	BTO:0001359
BTO:0004333	rdfs:subClassOf	BTO:0001926
BTO:0004334	rdfs:subClassOf	BTO:0001008
BTO:0004336	rdfs:subClassOf	BTO:0000224
BTO:0004337	rdfs:subClassOf	BTO:0000224
BTO:0004340	rdfs:subClassOf	BTO:0001479
BTO:0004349	rdfs:subClassOf	BTO:0002452
BTO:0004358	rdfs:subClassOf	BTO:0004190
BTO:0004359	rdfs:subClassOf	BTO:0000476
BTO:0004360	rdfs:subClassOf	BTO:0000680
BTO:0004361	rdfs:subClassOf	BTO:0001384
BTO:0004362	rdfs:subClassOf	BTO:0000643
BTO:0004363	rdfs:subClassOf	BTO:0000604
BTO:0004363	rdfs:subClassOf	BTO:0004365
BTO:0004367	rdfs:subClassOf	BTO:0002452
BTO:0004369	rdfs:subClassOf	BTO:0004368
BTO:0004370	rdfs:subClassOf	BTO:0004368
BTO:0004371	rdfs:subClassOf	BTO:0004368
BTO:0004372	rdfs:subClassOf	BTO:0004368
BTO:0004373	rdfs:subClassOf	BTO:0002452
BTO:0004374	rdfs:subClassOf	BTO:0004373
BTO:0004377	rdfs:subClassOf	BTO:0000284
BTO:0004382	rdfs:subClassOf	BTO:0000416
BTO:0004386	rdfs:subClassOf	BTO:0004385
BTO:0004387	rdfs:subClassOf	BTO:0004385
BTO:0004388	rdfs:subClassOf	BTO:0004385
BTO:0004391	rdfs:subClassOf	BTO:0004389
BTO:0004393	rdfs:subClassOf	BTO:0000470
BTO:0004395	rdfs:subClassOf	BTO:0001102
BTO:0004397	rdfs:subClassOf	BTO:0000932
BTO:0004399	rdfs:subClassOf	BTO:0004398
BTO:0004400	rdfs:subClassOf	BTO:0003150
BTO:0004401	rdfs:subClassOf	BTO:0001660
BTO:0004404	rdfs:subClassOf	BTO:0000773
BTO:0004405	rdfs:subClassOf	BTO:0001522
BTO:0004406	rdfs:subClassOf	BTO:0000811
BTO:0004407	rdfs:subClassOf	BTO:0002062
BTO:0004408	rdfs:subClassOf	BTO:0002008
BTO:0004409	rdfs:subClassOf	BTO:0002008
BTO:0004410	rdfs:subClassOf	BTO:0002008
BTO:0004411	rdfs:subClassOf	BTO:0002008
BTO:0004413	rdfs:subClassOf	BTO:0001581
BTO:0004414	rdfs:subClassOf	BTO:0001581
BTO:0004415	rdfs:subClassOf	BTO:0000849
BTO:0004416	rdfs:subClassOf	BTO:0001825
BTO:0004417	rdfs:subClassOf	BTO:0004416
BTO:0004419	rdfs:subClassOf	BTO:0001255
BTO:0004421	rdfs:subClassOf	BTO:0000416
BTO:0004424	rdfs:subClassOf	BTO:0000811
BTO:0004426	rdfs:subClassOf	BTO:0002553
BTO:0004427	rdfs:subClassOf	BTO:0002206
BTO:0004428	rdfs:subClassOf	BTO:0000578
BTO:0004429	rdfs:subClassOf	BTO:0000181
BTO:0004430	rdfs:subClassOf	BTO:0004398
BTO:0004432	rdfs:subClassOf	BTO:0004431
BTO:0004433	rdfs:subClassOf	BTO:0003640
BTO:0004434	rdfs:subClassOf	BTO:0002768
BTO:0004435	rdfs:subClassOf	BTO:0002555
BTO:0004436	rdfs:subClassOf	BTO:0002555
BTO:0004437	rdfs:subClassOf	BTO:0002555
BTO:0004438	rdfs:subClassOf	BTO:0002024
BTO:0004439	rdfs:subClassOf	BTO:0000790
BTO:0004440	rdfs:subClassOf	BTO:0004438
BTO:0004441	rdfs:subClassOf	BTO:0004438
BTO:0004442	rdfs:subClassOf	BTO:0004438
BTO:0004443	rdfs:subClassOf	BTO:0004438
BTO:0004444	rdfs:subClassOf	BTO:0001949
BTO:0004445	rdfs:subClassOf	BTO:0002022
BTO:0004448	rdfs:subClassOf	BTO:0001530
BTO:0004450	rdfs:subClassOf	BTO:0001530
BTO:0004451	rdfs:subClassOf	BTO:0001530
BTO:0004452	rdfs:subClassOf	BTO:0001530
BTO:0004453	rdfs:subClassOf	BTO:0001530
BTO:0004454	rdfs:subClassOf	BTO:0001530
BTO:0004455	rdfs:subClassOf	BTO:0001530
BTO:0004456	rdfs:subClassOf	BTO:0001530
BTO:0004457	rdfs:subClassOf	BTO:0001530
BTO:0004458	rdfs:subClassOf	BTO:0001530
BTO:0004459	rdfs:subClassOf	BTO:0001530
BTO:0004460	rdfs:subClassOf	BTO:0001619
BTO:0004461	rdfs:subClassOf	BTO:0002428
BTO:0004464	rdfs:subClassOf	BTO:0004398
BTO:0004465	rdfs:subClassOf	BTO:0002580
BTO:0004467	rdfs:subClassOf	BTO:0000427
BTO:0004468	rdfs:subClassOf	BTO:0000416
BTO:0004471	rdfs:subClassOf	BTO:0000578
BTO:0004472	rdfs:subClassOf	BTO:0002904
BTO:0004478	rdfs:subClassOf	BTO:0000848
BTO:0004480	rdfs:subClassOf	BTO:0000416
BTO:0004481	rdfs:subClassOf	BTO:0004091
BTO:0004482	rdfs:subClassOf	BTO:0004129
BTO:0004483	rdfs:subClassOf	BTO:0003661
BTO:0004485	rdfs:subClassOf	BTO:0000977
BTO:0004486	rdfs:subClassOf	BTO:0000977
BTO:0004487	rdfs:subClassOf	BTO:0000811
BTO:0004488	rdfs:subClassOf	BTO:0000932
BTO:0004489	rdfs:subClassOf	BTO:0002817
BTO:0004490	rdfs:subClassOf	BTO:0000161
BTO:0004490	rdfs:subClassOf	BTO:0001242
BTO:0004491	rdfs:subClassOf	BTO:0001555
BTO:0004493	rdfs:subClassOf	BTO:0001088
BTO:0004493	rdfs:subClassOf	BTO:0001120
BTO:0004494	rdfs:subClassOf	BTO:0004493
BTO:0004495	rdfs:subClassOf	BTO:0003346
BTO:0004497	rdfs:subClassOf	BTO:0002062
BTO:0004498	rdfs:subClassOf	BTO:0003221
BTO:0004499	rdfs:subClassOf	BTO:0002398
BTO:0004500	rdfs:subClassOf	BTO:0001581
BTO:0004501	rdfs:subClassOf	BTO:0001432
BTO:0004502	rdfs:subClassOf	BTO:0000170
BTO:0004503	rdfs:subClassOf	BTO:0000214
BTO:0004504	rdfs:subClassOf	BTO:0004501
BTO:0004505	rdfs:subClassOf	BTO:0000603
BTO:0004506	rdfs:subClassOf	BTO:0001530
BTO:0004507	rdfs:subClassOf	BTO:0001973
BTO:0004510	rdfs:subClassOf	BTO:0001023
BTO:0004511	rdfs:subClassOf	BTO:0004510
BTO:0004512	rdfs:subClassOf	BTO:0004510
BTO:0004513	rdfs:subClassOf	BTO:0004229
BTO:0004514	rdfs:subClassOf	BTO:0004513
BTO:0004515	rdfs:subClassOf	BTO:0004398
BTO:0004516	rdfs:subClassOf	BTO:0004398
BTO:0004517	rdfs:subClassOf	BTO:0004398
BTO:0004518	rdfs:subClassOf	BTO:0001979
BTO:0004520	rdfs:subClassOf	BTO:0000782
BTO:0004521	rdfs:subClassOf	BTO:0001242
BTO:0004522	rdfs:subClassOf	BTO:0004229
BTO:0004523	rdfs:subClassOf	BTO:0004522
BTO:0004524	rdfs:subClassOf	BTO:0000416
BTO:0004524	rdfs:subClassOf	BTO:0000514
BTO:0004525	rdfs:subClassOf	BTO:0000421
BTO:0004527	rdfs:subClassOf	BTO:0003623
BTO:0004529	rdfs:subClassOf	BTO:0002267
BTO:0004530	rdfs:subClassOf	BTO:0004398
BTO:0004531	rdfs:subClassOf	BTO:0000720
BTO:0004532	rdfs:subClassOf	BTO:0003213
BTO:0004545	rdfs:subClassOf	BTO:0002658
BTO:0004546	rdfs:subClassOf	BTO:0002024
BTO:0004546	rdfs:subClassOf	BTO:0004439
BTO:0004547	rdfs:subClassOf	BTO:0001289
BTO:0004548	rdfs:subClassOf	BTO:0000784
BTO:0004549	rdfs:subClassOf	BTO:0000784
BTO:0004550	rdfs:subClassOf	BTO:0004548
BTO:0004551	rdfs:subClassOf	BTO:0002062
BTO:0004552	rdfs:subClassOf	BTO:0002817
BTO:0004553	rdfs:subClassOf	BTO:0003036
BTO:0004562	rdfs:subClassOf	BTO:0004561
BTO:0004563	rdfs:subClassOf	BTO:0004561
BTO:0004564	rdfs:subClassOf	BTO:0004561
BTO:0004566	rdfs:subClassOf	BTO:0001964
BTO:0004567	rdfs:subClassOf	BTO:0003633
BTO:0004568	rdfs:subClassOf	BTO:0000421
BTO:0004571	rdfs:subClassOf	BTO:0000794
BTO:0004574	rdfs:subClassOf	BTO:0003123
BTO:0004575	rdfs:subClassOf	BTO:0000680
BTO:0004577	rdfs:subClassOf	BTO:0004578
BTO:0004579	rdfs:subClassOf	BTO:0001379
BTO:0004580	rdfs:subClassOf	BTO:0000201
BTO:0004581	rdfs:subClassOf	BTO:0000201
BTO:0004583	rdfs:subClassOf	BTO:0000383
BTO:0004584	rdfs:subClassOf	BTO:0001545
BTO:0004585	rdfs:subClassOf	BTO:0001545
BTO:0004586	rdfs:subClassOf	BTO:0000284
BTO:0004587	rdfs:subClassOf	BTO:0001033
BTO:0004588	rdfs:subClassOf	BTO:0002211
BTO:0004589	rdfs:subClassOf	BTO:0002211
BTO:0004591	rdfs:subClassOf	BTO:0004590
BTO:0004594	rdfs:subClassOf	BTO:0001033
BTO:0004595	rdfs:subClassOf	BTO:0002334
BTO:0004596	rdfs:subClassOf	BTO:0004597
BTO:0004597	rdfs:subClassOf	BTO:0001044
BTO:0004598	rdfs:subClassOf	BTO:0002428
BTO:0004599	rdfs:subClassOf	BTO:0002428
BTO:0004600	rdfs:subClassOf	BTO:0002428
BTO:0004601	rdfs:subClassOf	BTO:0002428
BTO:0004602	rdfs:subClassOf	BTO:0003246
BTO:0004603	rdfs:subClassOf	BTO:0002022
BTO:0004604	rdfs:subClassOf	BTO:0001537
BTO:0004609	rdfs:subClassOf	BTO:0004610
BTO:0004611	rdfs:subClassOf	BTO:0002202
BTO:0004612	rdfs:subClassOf	BTO:0000849
BTO:0004614	rdfs:subClassOf	BTO:0004482
BTO:0004615	rdfs:subClassOf	BTO:0002042
BTO:0004618	rdfs:subClassOf	BTO:0000849
BTO:0004619	rdfs:subClassOf	BTO:0001883
BTO:0004620	rdfs:subClassOf	BTO:0001883
BTO:0004621	rdfs:subClassOf	BTO:0001883
BTO:0004622	rdfs:subClassOf	BTO:0001883
BTO:0004623	rdfs:subClassOf	BTO:0001883
BTO:0004624	rdfs:subClassOf	BTO:0000846
BTO:0004625	rdfs:subClassOf	BTO:0002042
BTO:0004626	rdfs:subClassOf	BTO:0001853
BTO:0004631	rdfs:subClassOf	BTO:0000393
BTO:0004633	rdfs:subClassOf	BTO:0002326
BTO:0004634	rdfs:subClassOf	BTO:0000497
BTO:0004635	rdfs:subClassOf	BTO:0004243
BTO:0004636	rdfs:subClassOf	BTO:0000393
BTO:0004636	rdfs:subClassOf	BTO:0001694
BTO:0004638	rdfs:subClassOf	BTO:0000765
BTO:0004639	rdfs:subClassOf	BTO:0001581
BTO:0004640	rdfs:subClassOf	BTO:0001619
BTO:0004642	rdfs:subClassOf	BTO:0001103
BTO:0004643	rdfs:subClassOf	BTO:0001479
BTO:0004644	rdfs:subClassOf	BTO:0001479
BTO:0004645	rdfs:subClassOf	BTO:0001479
BTO:0004646	rdfs:subClassOf	BTO:0001479
BTO:0004647	rdfs:subClassOf	BTO:0001479
BTO:0004648	rdfs:subClassOf	BTO:0001479
BTO:0004650	rdfs:subClassOf	BTO:0004649
BTO:0004651	rdfs:subClassOf	BTO:0004649
BTO:0004652	rdfs:subClassOf	BTO:0004649
BTO:0004653	rdfs:subClassOf	BTO:0004649
BTO:0004655	rdfs:subClassOf	BTO:0002932
BTO:0004656	rdfs:subClassOf	BTO:0001690
BTO:0004657	rdfs:subClassOf	BTO:0000876
BTO:0004658	rdfs:subClassOf	BTO:0000707
BTO:0004659	rdfs:subClassOf	BTO:0000634
BTO:0004660	rdfs:subClassOf	BTO:0001373
BTO:0004661	rdfs:subClassOf	BTO:0001853
BTO:0004664	rdfs:subClassOf	BTO:0004663
BTO:0004665	rdfs:subClassOf	BTO:0000573
BTO:0004673	rdfs:subClassOf	BTO:0000135
BTO:0004674	rdfs:subClassOf	BTO:0000135
BTO:0004676	rdfs:subClassOf	BTO:0002191
BTO:0004679	rdfs:subClassOf	BTO:0002441
BTO:0004681	rdfs:subClassOf	BTO:0003096
BTO:0004689	rdfs:subClassOf	BTO:0000518
BTO:0004690	rdfs:subClassOf	BTO:0001085
BTO:0004692	rdfs:subClassOf	BTO:0001085
BTO:0004705	rdfs:subClassOf	BTO:0000839
BTO:0004706	rdfs:subClassOf	BTO:0004707
BTO:0004707	rdfs:subClassOf	BTO:0001686
BTO:0004709	rdfs:subClassOf	BTO:0001886
BTO:0004710	rdfs:subClassOf	BTO:0001175
BTO:0004711	rdfs:subClassOf	BTO:0000282
BTO:0004713	rdfs:subClassOf	BTO:0000497
BTO:0004714	rdfs:subClassOf	BTO:0001387
BTO:0004715	rdfs:subClassOf	BTO:0001387
BTO:0004716	rdfs:subClassOf	BTO:0000775
BTO:0004717	rdfs:subClassOf	BTO:0000775
BTO:0004719	rdfs:subClassOf	BTO:0000431
BTO:0004721	rdfs:subClassOf	BTO:0002042
BTO:0004722	rdfs:subClassOf	BTO:0004625
BTO:0004723	rdfs:subClassOf	BTO:0002042
BTO:0004725	rdfs:subClassOf	BTO:0000452
BTO:0004726	rdfs:subClassOf	BTO:0000142
BTO:0004727	rdfs:subClassOf	BTO:0000142
BTO:0004729	rdfs:subClassOf	BTO:0000775
BTO:0004729	rdfs:subClassOf	BTO:0001025
BTO:0004732	rdfs:subClassOf	BTO:0000801
BTO:0004733	rdfs:subClassOf	BTO:0001043
BTO:0004734	rdfs:subClassOf	BTO:0004086
BTO:0004735	rdfs:subClassOf	BTO:0001573
BTO:0004736	rdfs:subClassOf	BTO:0003210
BTO:0004737	rdfs:subClassOf	BTO:0001912
BTO:0004738	rdfs:subClassOf	BTO:0003883
BTO:0004739	rdfs:subClassOf	BTO:0003210
BTO:0004740	rdfs:subClassOf	BTO:0003874
BTO:0004741	rdfs:subClassOf	BTO:0003874
BTO:0004745	rdfs:subClassOf	BTO:0000899
BTO:0004746	rdfs:subClassOf	BTO:0001621
BTO:0004747	rdfs:subClassOf	BTO:0004746
BTO:0004750	rdfs:subClassOf	BTO:0001581
BTO:0004751	rdfs:subClassOf	BTO:0001581
BTO:0004752	rdfs:subClassOf	BTO:0002064
BTO:0004753	rdfs:subClassOf	BTO:0001619
BTO:0004756	rdfs:subClassOf	BTO:0000766
BTO:0004757	rdfs:subClassOf	BTO:0000766
BTO:0004758	rdfs:subClassOf	BTO:0001176
BTO:0004759	rdfs:subClassOf	BTO:0001176
BTO:0004760	rdfs:subClassOf	BTO:0000264
BTO:0004760	rdfs:subClassOf	BTO:0000846
BTO:0004762	rdfs:subClassOf	BTO:0000947
BTO:0004763	rdfs:subClassOf	BTO:0000797
BTO:0004764	rdfs:subClassOf	BTO:0000797
BTO:0004765	rdfs:subClassOf	BTO:0001883
BTO:0004766	rdfs:subClassOf	BTO:0001883
BTO:0004767	rdfs:subClassOf	BTO:0001883
BTO:0004768	rdfs:subClassOf	BTO:0001883
BTO:0004769	rdfs:subClassOf	BTO:0000284
BTO:0004770	rdfs:subClassOf	BTO:0001876
BTO:0004772	rdfs:subClassOf	BTO:0003874
BTO:0004773	rdfs:subClassOf	BTO:0003420
BTO:0004775	rdfs:subClassOf	BTO:0004868
BTO:0004776	rdfs:subClassOf	BTO:0000938
BTO:0004777	rdfs:subClassOf	BTO:0001216
BTO:0004778	rdfs:subClassOf	BTO:0000938
BTO:0004779	rdfs:subClassOf	BTO:0001801
BTO:0004781	rdfs:subClassOf	BTO:0000383
BTO:0004783	rdfs:subClassOf	BTO:0003212
BTO:0004784	rdfs:subClassOf	BTO:0002245
BTO:0004785	rdfs:subClassOf	BTO:0000400
BTO:0004786	rdfs:subClassOf	BTO:0004785
BTO:0004787	rdfs:subClassOf	BTO:0004785
BTO:0004788	rdfs:subClassOf	BTO:0004785
BTO:0004790	rdfs:subClassOf	BTO:0002334
BTO:0004791	rdfs:subClassOf	BTO:0001188
BTO:0004791	rdfs:subClassOf	BTO:0005525
BTO:0004792	rdfs:subClassOf	BTO:0002245
BTO:0004792	rdfs:subClassOf	BTO:0005481
BTO:0004793	rdfs:subClassOf	BTO:0000782
BTO:0004794	rdfs:subClassOf	BTO:0000782
BTO:0004795	rdfs:subClassOf	BTO:0003213
BTO:0004796	rdfs:subClassOf	BTO:0002868
BTO:0004797	rdfs:subClassOf	BTO:0000961
BTO:0004798	rdfs:subClassOf	BTO:0000080
BTO:0004800	rdfs:subClassOf	BTO:0000174
BTO:0004801	rdfs:subClassOf	BTO:0000947
BTO:0004801	rdfs:subClassOf	BTO:0002632
BTO:0004802	rdfs:subClassOf	BTO:0000811
BTO:0004805	rdfs:subClassOf	BTO:0003960
BTO:0004813	rdfs:subClassOf	BTO:0002206
BTO:0004814	rdfs:subClassOf	BTO:0001518
BTO:0004814	rdfs:subClassOf	BTO:0001522
BTO:0004815	rdfs:subClassOf	BTO:0001912
BTO:0004817	rdfs:subClassOf	BTO:0000612
BTO:0004818	rdfs:subClassOf	BTO:0003183
BTO:0004819	rdfs:subClassOf	BTO:0003183
BTO:0004820	rdfs:subClassOf	BTO:0003183
BTO:0004821	rdfs:subClassOf	BTO:0003183
BTO:0004822	rdfs:subClassOf	BTO:0001436
BTO:0004823	rdfs:subClassOf	BTO:0001911
BTO:0004824	rdfs:subClassOf	BTO:0002553
BTO:0004825	rdfs:subClassOf	BTO:0002553
BTO:0004826	rdfs:subClassOf	BTO:0002245
BTO:0004828	rdfs:subClassOf	BTO:0000787
BTO:0004829	rdfs:subClassOf	BTO:0004324
BTO:0004831	rdfs:subClassOf	BTO:0004830
BTO:0004832	rdfs:subClassOf	BTO:0000356
BTO:0004833	rdfs:subClassOf	BTO:0001407
BTO:0004833	rdfs:subClassOf	BTO:0002058
BTO:0004838	rdfs:subClassOf	BTO:0001260
BTO:0004839	rdfs:subClassOf	BTO:0001260
BTO:0004840	rdfs:subClassOf	BTO:0000811
BTO:0004841	rdfs:subClassOf	BTO:0001911
BTO:0004842	rdfs:subClassOf	BTO:0003212
BTO:0004844	rdfs:subClassOf	BTO:0002606
BTO:0004845	rdfs:subClassOf	BTO:0004324
BTO:0004846	rdfs:subClassOf	BTO:0003209
BTO:0004848	rdfs:subClassOf	BTO:0000794
BTO:0004852	rdfs:subClassOf	BTO:0001882
BTO:0004854	rdfs:subClassOf	BTO:0003883
BTO:0004855	rdfs:subClassOf	BTO:0003883
BTO:0004856	rdfs:subClassOf	BTO:0000584
BTO:0004856	rdfs:subClassOf	BTO:0001326
BTO:0004857	rdfs:subClassOf	BTO:0000854
BTO:0004858	rdfs:subClassOf	BTO:0003209
BTO:0004859	rdfs:subClassOf	BTO:0001876
BTO:0004860	rdfs:subClassOf	BTO:0001530
BTO:0004862	rdfs:subClassOf	BTO:0004861
BTO:0004864	rdfs:subClassOf	BTO:0003581
BTO:0004865	rdfs:subClassOf	BTO:0000816
BTO:0004868	rdfs:subClassOf	BTO:0000104
BTO:0004869	rdfs:subClassOf	BTO:0002629
BTO:0004870	rdfs:subClassOf	BTO:0002144
BTO:0004871	rdfs:subClassOf	BTO:0000932
BTO:0004872	rdfs:subClassOf	BTO:0004785
BTO:0004873	rdfs:subClassOf	BTO:0004438
BTO:0004875	rdfs:subClassOf	BTO:0001040
BTO:0004878	rdfs:subClassOf	BTO:0000887
BTO:0004879	rdfs:subClassOf	BTO:0000711
BTO:0004880	rdfs:subClassOf	BTO:0000711
BTO:0004883	rdfs:subClassOf	BTO:0000811
BTO:0004884	rdfs:subClassOf	BTO:0000224
BTO:0004885	rdfs:subClassOf	BTO:0000407
BTO:0004886	rdfs:subClassOf	BTO:0002553
BTO:0004887	rdfs:subClassOf	BTO:0002553
BTO:0004888	rdfs:subClassOf	BTO:0001581
BTO:0004889	rdfs:subClassOf	BTO:0000797
BTO:0004890	rdfs:subClassOf	BTO:0000797
BTO:0004891	rdfs:subClassOf	BTO:0002202
BTO:0004896	rdfs:subClassOf	BTO:0002768
BTO:0004899	rdfs:subClassOf	BTO:0003960
BTO:0004900	rdfs:subClassOf	BTO:0000901
BTO:0004902	rdfs:subClassOf	BTO:0000925
BTO:0004902	rdfs:subClassOf	BTO:0000938
BTO:0004907	rdfs:subClassOf	BTO:0000099
BTO:0004908	rdfs:subClassOf	BTO:0004907
BTO:0004912	rdfs:subClassOf	BTO:0001479
BTO:0004915	rdfs:subClassOf	BTO:0004086
BTO:0004919	rdfs:subClassOf	BTO:0004086
BTO:0004921	rdfs:subClassOf	BTO:0004229
BTO:0004922	rdfs:subClassOf	BTO:0001882
BTO:0004922	rdfs:subClassOf	BTO:0003804
BTO:0004922	rdfs:subClassOf	BTO:0004883
BTO:0004923	rdfs:subClassOf	BTO:0001882
BTO:0004923	rdfs:subClassOf	BTO:0003804
BTO:0004923	rdfs:subClassOf	BTO:0004883
BTO:0004924	rdfs:subClassOf	BTO:0001882
BTO:0004924	rdfs:subClassOf	BTO:0003804
BTO:0004924	rdfs:subClassOf	BTO:0004883
BTO:0004925	rdfs:subClassOf	BTO:0001882
BTO:0004925	rdfs:subClassOf	BTO:0003804
BTO:0004925	rdfs:subClassOf	BTO:0004883
BTO:0004926	rdfs:subClassOf	BTO:0002144
BTO:0004927	rdfs:subClassOf	BTO:0002144
BTO:0004928	rdfs:subClassOf	BTO:0005932
BTO:0004929	rdfs:subClassOf	BTO:0001882
BTO:0004930	rdfs:subClassOf	BTO:0001882
BTO:0004931	rdfs:subClassOf	BTO:0001619
BTO:0004932	rdfs:subClassOf	BTO:0000383
BTO:0004933	rdfs:subClassOf	BTO:0000603
BTO:0004934	rdfs:subClassOf	BTO:0000603
BTO:0004935	rdfs:subClassOf	BTO:0000603
BTO:0004936	rdfs:subClassOf	BTO:0000603
BTO:0004937	rdfs:subClassOf	BTO:0000603
BTO:0004938	rdfs:subClassOf	BTO:0000603
BTO:0004939	rdfs:subClassOf	BTO:0000603
BTO:0004940	rdfs:subClassOf	BTO:0000603
BTO:0004941	rdfs:subClassOf	BTO:0000603
BTO:0004942	rdfs:subClassOf	BTO:0000603
BTO:0004943	rdfs:subClassOf	BTO:0000603
BTO:0004944	rdfs:subClassOf	BTO:0000603
BTO:0004945	rdfs:subClassOf	BTO:0000603
BTO:0004946	rdfs:subClassOf	BTO:0000603
BTO:0004947	rdfs:subClassOf	BTO:0000603
BTO:0004948	rdfs:subClassOf	BTO:0000603
BTO:0004949	rdfs:subClassOf	BTO:0000603
BTO:0004950	rdfs:subClassOf	BTO:0000603
BTO:0004951	rdfs:subClassOf	BTO:0002144
BTO:0004953	rdfs:subClassOf	BTO:0000787
BTO:0004954	rdfs:subClassOf	BTO:0000766
BTO:0004958	rdfs:subClassOf	BTO:0001926
BTO:0004960	rdfs:subClassOf	BTO:0004961
BTO:0004961	rdfs:subClassOf	BTO:0000737
BTO:0004962	rdfs:subClassOf	BTO:0001271
BTO:0004962	rdfs:subClassOf	BTO:0001549
BTO:0004963	rdfs:subClassOf	BTO:0001271
BTO:0004964	rdfs:subClassOf	BTO:0002144
BTO:0004964	rdfs:subClassOf	BTO:0002504
BTO:0004965	rdfs:subClassOf	BTO:0003209
BTO:0004969	rdfs:subClassOf	BTO:0006415
BTO:0004970	rdfs:subClassOf	BTO:0006415
BTO:0004971	rdfs:subClassOf	BTO:0001619
BTO:0004972	rdfs:subClassOf	BTO:0004973
BTO:0004973	rdfs:subClassOf	BTO:0000104
BTO:0004974	rdfs:subClassOf	BTO:0000785
BTO:0004979	rdfs:subClassOf	BTO:0001104
BTO:0004980	rdfs:subClassOf	BTO:0000848
BTO:0004981	rdfs:subClassOf	BTO:0001518
BTO:0004982	rdfs:subClassOf	BTO:0000535
BTO:0004983	rdfs:subClassOf	BTO:0000067
BTO:0004984	rdfs:subClassOf	BTO:0001043
BTO:0004985	rdfs:subClassOf	BTO:0001393
BTO:0004986	rdfs:subClassOf	BTO:0000787
BTO:0004987	rdfs:subClassOf	BTO:0000787
BTO:0004988	rdfs:subClassOf	BTO:0000787
BTO:0004989	rdfs:subClassOf	BTO:0001171
BTO:0004990	rdfs:subClassOf	BTO:0002868
BTO:0004991	rdfs:subClassOf	BTO:0003192
BTO:0004992	rdfs:subClassOf	BTO:0002868
BTO:0004993	rdfs:subClassOf	BTO:0003776
BTO:0004994	rdfs:subClassOf	BTO:0002130
BTO:0004995	rdfs:subClassOf	BTO:0001772
BTO:0004996	rdfs:subClassOf	BTO:0001220
BTO:0004997	rdfs:subClassOf	BTO:0001220
BTO:0004999	rdfs:subClassOf	BTO:0001260
BTO:0005000	rdfs:subClassOf	BTO:0001260
BTO:0005001	rdfs:subClassOf	BTO:0003123
BTO:0005002	rdfs:subClassOf	BTO:0003123
BTO:0005004	rdfs:subClassOf	BTO:0003907
BTO:0005005	rdfs:subClassOf	BTO:0004868
BTO:0005007	rdfs:subClassOf	BTO:0001756
BTO:0005010	rdfs:subClassOf	BTO:0001756
BTO:0005014	rdfs:subClassOf	BTO:0000744
BTO:0005015	rdfs:subClassOf	BTO:0001911
BTO:0005016	rdfs:subClassOf	BTO:0000150
BTO:0005017	rdfs:subClassOf	BTO:0005016
BTO:0005018	rdfs:subClassOf	BTO:0005016
BTO:0005019	rdfs:subClassOf	BTO:0000070
BTO:0005020	rdfs:subClassOf	BTO:0003420
BTO:0005021	rdfs:subClassOf	BTO:0005020
BTO:0005022	rdfs:subClassOf	BTO:0001912
BTO:0005023	rdfs:subClassOf	BTO:0003249
BTO:0005024	rdfs:subClassOf	BTO:0001260
BTO:0005027	rdfs:subClassOf	BTO:0002062
BTO:0005028	rdfs:subClassOf	BTO:0002062
BTO:0005031	rdfs:subClassOf	BTO:0000773
BTO:0005032	rdfs:subClassOf	BTO:0001914
BTO:0005033	rdfs:subClassOf	BTO:0000849
BTO:0005036	rdfs:subClassOf	BTO:0001586
BTO:0005037	rdfs:subClassOf	BTO:0003225
BTO:0005039	rdfs:subClassOf	BTO:0002709
BTO:0005040	rdfs:subClassOf	BTO:0002709
BTO:0005042	rdfs:subClassOf	BTO:0000849
BTO:0005046	rdfs:subClassOf	BTO:0000256
BTO:0005047	rdfs:subClassOf	BTO:0000356
BTO:0005048	rdfs:subClassOf	BTO:0000356
BTO:0005049	rdfs:subClassOf	BTO:0000167
BTO:0005049	rdfs:subClassOf	BTO:0001033
BTO:0005050	rdfs:subClassOf	BTO:0005049
BTO:0005051	rdfs:subClassOf	BTO:0003296
BTO:0005052	rdfs:subClassOf	BTO:0003296
BTO:0005056	rdfs:subClassOf	BTO:0000578
BTO:0005057	rdfs:subClassOf	BTO:0000578
BTO:0005058	rdfs:subClassOf	BTO:0004868
BTO:0005060	rdfs:subClassOf	BTO:0000849
BTO:0005062	rdfs:subClassOf	BTO:0000849
BTO:0005063	rdfs:subClassOf	BTO:0000849
BTO:0005064	rdfs:subClassOf	BTO:0000849
BTO:0005065	rdfs:subClassOf	BTO:0001958
BTO:0005067	rdfs:subClassOf	BTO:0000375
BTO:0005067	rdfs:subClassOf	BTO:0002024
BTO:0005068	rdfs:subClassOf	BTO:0000003
BTO:0005072	rdfs:subClassOf	BTO:0000932
BTO:0005073	rdfs:subClassOf	BTO:0000932
BTO:0005077	rdfs:subClassOf	BTO:0000161
BTO:0005079	rdfs:subClassOf	BTO:0001555
BTO:0005080	rdfs:subClassOf	BTO:0000356
BTO:0005082	rdfs:subClassOf	BTO:0002979
BTO:0005096	rdfs:subClassOf	BTO:0002666
BTO:0005097	rdfs:subClassOf	BTO:0002666
BTO:0005098	rdfs:subClassOf	BTO:0005097
BTO:0005099	rdfs:subClassOf	BTO:0005097
BTO:0005102	rdfs:subClassOf	BTO:0000786
BTO:0005103	rdfs:subClassOf	BTO:0000932
BTO:0005104	rdfs:subClassOf	BTO:0001479
BTO:0005105	rdfs:subClassOf	BTO:0001479
BTO:0005106	rdfs:subClassOf	BTO:0001479
BTO:0005107	rdfs:subClassOf	BTO:0001479
BTO:0005108	rdfs:subClassOf	BTO:0001479
BTO:0005112	rdfs:subClassOf	BTO:0001033
BTO:0005113	rdfs:subClassOf	BTO:0001033
BTO:0005114	rdfs:subClassOf	BTO:0001033
BTO:0005116	rdfs:subClassOf	BTO:0002773
BTO:0005118	rdfs:subClassOf	BTO:0005117
BTO:0005119	rdfs:subClassOf	BTO:0002423
BTO:0005124	rdfs:subClassOf	BTO:0000021
BTO:0005125	rdfs:subClassOf	BTO:0000021
BTO:0005126	rdfs:subClassOf	BTO:0001033
BTO:0005132	rdfs:subClassOf	BTO:0001260
BTO:0005133	rdfs:subClassOf	BTO:0001619
BTO:0005135	rdfs:subClassOf	BTO:0001359
BTO:0005136	rdfs:subClassOf	BTO:0001581
BTO:0005138	rdfs:subClassOf	BTO:0001926
BTO:0005139	rdfs:subClassOf	BTO:0003894
BTO:0005143	rdfs:subClassOf	BTO:0003209
BTO:0005144	rdfs:subClassOf	BTO:0003209
BTO:0005146	rdfs:subClassOf	BTO:0003209
BTO:0005147	rdfs:subClassOf	BTO:0003209
BTO:0005148	rdfs:subClassOf	BTO:0003209
BTO:0005149	rdfs:subClassOf	BTO:0003209
BTO:0005150	rdfs:subClassOf	BTO:0001260
BTO:0005151	rdfs:subClassOf	BTO:0000823
BTO:0005160	rdfs:subClassOf	BTO:0001980
BTO:0005161	rdfs:subClassOf	BTO:0003209
BTO:0005162	rdfs:subClassOf	BTO:0003209
BTO:0005163	rdfs:subClassOf	BTO:0004438
BTO:0005164	rdfs:subClassOf	BTO:0002428
BTO:0005165	rdfs:subClassOf	BTO:0002428
BTO:0005166	rdfs:subClassOf	BTO:0002428
BTO:0005167	rdfs:subClassOf	BTO:0002024
BTO:0005168	rdfs:subClassOf	BTO:0001574
BTO:0005169	rdfs:subClassOf	BTO:0003124
BTO:0005171	rdfs:subClassOf	BTO:0000787
BTO:0005174	rdfs:subClassOf	BTO:0000849
BTO:0005175	rdfs:subClassOf	BTO:0000794
BTO:0005176	rdfs:subClassOf	BTO:0004973
BTO:0005177	rdfs:subClassOf	BTO:0000264
BTO:0005178	rdfs:subClassOf	BTO:0002398
BTO:0005179	rdfs:subClassOf	BTO:0001521
BTO:0005181	rdfs:subClassOf	BTO:0001664
BTO:0005182	rdfs:subClassOf	BTO:0000811
BTO:0005183	rdfs:subClassOf	BTO:0000811
BTO:0005184	rdfs:subClassOf	BTO:0001531
BTO:0005187	rdfs:subClassOf	BTO:0004522
BTO:0005188	rdfs:subClassOf	BTO:0000671
BTO:0005189	rdfs:subClassOf	BTO:0000671
BTO:0005190	rdfs:subClassOf	BTO:0002058
BTO:0005191	rdfs:subClassOf	BTO:0000794
BTO:0005194	rdfs:subClassOf	BTO:0001182
BTO:0005198	rdfs:subClassOf	BTO:0002666
BTO:0005200	rdfs:subClassOf	BTO:0005201
BTO:0005202	rdfs:subClassOf	BTO:0000159
BTO:0005203	rdfs:subClassOf	BTO:0003578
BTO:0005204	rdfs:subClassOf	BTO:0005203
BTO:0005205	rdfs:subClassOf	BTO:0000573
BTO:0005206	rdfs:subClassOf	BTO:0005205
BTO:0005209	rdfs:subClassOf	BTO:0001479
BTO:0005210	rdfs:subClassOf	BTO:0000214
BTO:0005211	rdfs:subClassOf	BTO:0000473
BTO:0005218	rdfs:subClassOf	BTO:0000460
BTO:0005223	rdfs:subClassOf	BTO:0001897
BTO:0005224	rdfs:subClassOf	BTO:0001242
BTO:0005224	rdfs:subClassOf	BTO:0004324
BTO:0005226	rdfs:subClassOf	BTO:0000021
BTO:0005227	rdfs:subClassOf	BTO:0000400
BTO:0005228	rdfs:subClassOf	BTO:0002030
BTO:0005228	rdfs:subClassOf	BTO:0002144
BTO:0005229	rdfs:subClassOf	BTO:0000400
BTO:0005231	rdfs:subClassOf	BTO:0001479
BTO:0005232	rdfs:subClassOf	BTO:0001479
BTO:0005233	rdfs:subClassOf	BTO:0001479
BTO:0005234	rdfs:subClassOf	BTO:0001479
BTO:0005235	rdfs:subClassOf	BTO:0001479
BTO:0005236	rdfs:subClassOf	BTO:0001479
BTO:0005237	rdfs:subClassOf	BTO:0001479
BTO:0005241	rdfs:subClassOf	BTO:0000375
BTO:0005242	rdfs:subClassOf	BTO:0003213
BTO:0005243	rdfs:subClassOf	BTO:0001911
BTO:0005244	rdfs:subClassOf	BTO:0002008
BTO:0005245	rdfs:subClassOf	BTO:0002008
BTO:0005246	rdfs:subClassOf	BTO:0002008
BTO:0005247	rdfs:subClassOf	BTO:0002008
BTO:0005249	rdfs:subClassOf	BTO:0004961
BTO:0005250	rdfs:subClassOf	BTO:0003960
BTO:0005252	rdfs:subClassOf	BTO:0000711
BTO:0005253	rdfs:subClassOf	BTO:0000932
BTO:0005254	rdfs:subClassOf	BTO:0000932
BTO:0005255	rdfs:subClassOf	BTO:0001522
BTO:0005256	rdfs:subClassOf	BTO:0001971
BTO:0005259	rdfs:subClassOf	BTO:0000790
BTO:0005260	rdfs:subClassOf	BTO:0005261
BTO:0005264	rdfs:subClassOf	BTO:0000551
BTO:0005269	rdfs:subClassOf	BTO:0005268
BTO:0005270	rdfs:subClassOf	BTO:0000453
BTO:0005272	rdfs:subClassOf	BTO:0000713
BTO:0005273	rdfs:subClassOf	BTO:0001188
BTO:0005274	rdfs:subClassOf	BTO:0003987
BTO:0005276	rdfs:subClassOf	BTO:0000375
BTO:0005277	rdfs:subClassOf	BTO:0000899
BTO:0005278	rdfs:subClassOf	BTO:0000707
BTO:0005280	rdfs:subClassOf	BTO:0001479
BTO:0005281	rdfs:subClassOf	BTO:0001103
BTO:0005284	rdfs:subClassOf	BTO:0000773
BTO:0005285	rdfs:subClassOf	BTO:0001619
BTO:0005286	rdfs:subClassOf	BTO:0004243
BTO:0005287	rdfs:subClassOf	BTO:0001437
BTO:0005289	rdfs:subClassOf	BTO:0001913
BTO:0005290	rdfs:subClassOf	BTO:0001619
BTO:0005291	rdfs:subClassOf	BTO:0001479
BTO:0005292	rdfs:subClassOf	BTO:0002553
BTO:0005293	rdfs:subClassOf	BTO:0001911
BTO:0005293	rdfs:subClassOf	BTO:0002553
BTO:0005294	rdfs:subClassOf	BTO:0001911
BTO:0005294	rdfs:subClassOf	BTO:0002553
BTO:0005295	rdfs:subClassOf	BTO:0004086
BTO:0005298	rdfs:subClassOf	BTO:0000849
BTO:0005300	rdfs:subClassOf	BTO:0002666
BTO:0005301	rdfs:subClassOf	BTO:0002290
BTO:0005301	rdfs:subClassOf	BTO:0002398
BTO:0005302	rdfs:subClassOf	BTO:0000811
BTO:0005303	rdfs:subClassOf	BTO:0001971
BTO:0005304	rdfs:subClassOf	BTO:0001479
BTO:0005305	rdfs:subClassOf	BTO:0000628
BTO:0005306	rdfs:subClassOf	BTO:0001479
BTO:0005307	rdfs:subClassOf	BTO:0004324
BTO:0005308	rdfs:subClassOf	BTO:0004078
BTO:0005309	rdfs:subClassOf	BTO:0001958
BTO:0005310	rdfs:subClassOf	BTO:0001958
BTO:0005311	rdfs:subClassOf	BTO:0001530
BTO:0005312	rdfs:subClassOf	BTO:0002503
BTO:0005315	rdfs:subClassOf	BTO:0005314
BTO:0005316	rdfs:subClassOf	BTO:0005315
BTO:0005317	rdfs:subClassOf	BTO:0000578
BTO:0005318	rdfs:subClassOf	BTO:0003840
BTO:0005319	rdfs:subClassOf	BTO:0000535
BTO:0005321	rdfs:subClassOf	BTO:0000264
BTO:0005322	rdfs:subClassOf	BTO:0004178
BTO:0005323	rdfs:subClassOf	BTO:0001479
BTO:0005324	rdfs:subClassOf	BTO:0001479
BTO:0005325	rdfs:subClassOf	BTO:0001479
BTO:0005326	rdfs:subClassOf	BTO:0001479
BTO:0005327	rdfs:subClassOf	BTO:0001479
BTO:0005328	rdfs:subClassOf	BTO:0001479
BTO:0005329	rdfs:subClassOf	BTO:0001479
BTO:0005330	rdfs:subClassOf	BTO:0001479
BTO:0005331	rdfs:subClassOf	BTO:0001479
BTO:0005332	rdfs:subClassOf	BTO:0002580
BTO:0005333	rdfs:subClassOf	BTO:0002130
BTO:0005334	rdfs:subClassOf	BTO:0000849
BTO:0005335	rdfs:subClassOf	BTO:0000849
BTO:0005336	rdfs:subClassOf	BTO:0000849
BTO:0005337	rdfs:subClassOf	BTO:0000849
BTO:0005338	rdfs:subClassOf	BTO:0000849
BTO:0005339	rdfs:subClassOf	BTO:0000849
BTO:0005340	rdfs:subClassOf	BTO:0000849
BTO:0005341	rdfs:subClassOf	BTO:0000849
BTO:0005342	rdfs:subClassOf	BTO:0000849
BTO:0005343	rdfs:subClassOf	BTO:0000849
BTO:0005344	rdfs:subClassOf	BTO:0000849
BTO:0005345	rdfs:subClassOf	BTO:0000849
BTO:0005346	rdfs:subClassOf	BTO:0000849
BTO:0005347	rdfs:subClassOf	BTO:0000849
BTO:0005348	rdfs:subClassOf	BTO:0000849
BTO:0005349	rdfs:subClassOf	BTO:0000849
BTO:0005350	rdfs:subClassOf	BTO:0000849
BTO:0005353	rdfs:subClassOf	BTO:0000407
BTO:0005354	rdfs:subClassOf	BTO:0000407
BTO:0005355	rdfs:subClassOf	BTO:0000407
BTO:0005356	rdfs:subClassOf	BTO:0000407
BTO:0005357	rdfs:subClassOf	BTO:0000407
BTO:0005358	rdfs:subClassOf	BTO:0000407
BTO:0005359	rdfs:subClassOf	BTO:0000407
BTO:0005360	rdfs:subClassOf	BTO:0002144
BTO:0005361	rdfs:subClassOf	BTO:0000431
BTO:0005363	rdfs:subClassOf	BTO:0000407
BTO:0005366	rdfs:subClassOf	BTO:0002206
BTO:0005368	rdfs:subClassOf	BTO:0000356
BTO:0005369	rdfs:subClassOf	BTO:0000407
BTO:0005370	rdfs:subClassOf	BTO:0002144
BTO:0005373	rdfs:subClassOf	BTO:0002979
BTO:0005374	rdfs:subClassOf	BTO:0000375
BTO:0005374	rdfs:subClassOf	BTO:0005375
BTO:0005376	rdfs:subClassOf	BTO:0001971
BTO:0005377	rdfs:subClassOf	BTO:0002267
BTO:0005378	rdfs:subClassOf	BTO:0002267
BTO:0005379	rdfs:subClassOf	BTO:0002267
BTO:0005380	rdfs:subClassOf	BTO:0002267
BTO:0005381	rdfs:subClassOf	BTO:0002267
BTO:0005382	rdfs:subClassOf	BTO:0002267
BTO:0005383	rdfs:subClassOf	BTO:0002267
BTO:0005384	rdfs:subClassOf	BTO:0002267
BTO:0005386	rdfs:subClassOf	BTO:0002202
BTO:0005387	rdfs:subClassOf	BTO:0005932
BTO:0005389	rdfs:subClassOf	BTO:0005932
BTO:0005390	rdfs:subClassOf	BTO:0005932
BTO:0005395	rdfs:subClassOf	BTO:0001971
BTO:0005396	rdfs:subClassOf	BTO:0000711
BTO:0005398	rdfs:subClassOf	BTO:0001521
BTO:0005399	rdfs:subClassOf	BTO:0000407
BTO:0005400	rdfs:subClassOf	BTO:0001033
BTO:0005405	rdfs:subClassOf	BTO:0001262
BTO:0005407	rdfs:subClassOf	BTO:0001479
BTO:0005408	rdfs:subClassOf	BTO:0001479
BTO:0005409	rdfs:subClassOf	BTO:0001479
BTO:0005410	rdfs:subClassOf	BTO:0001479
BTO:0005411	rdfs:subClassOf	BTO:0001479
BTO:0005412	rdfs:subClassOf	BTO:0001479
BTO:0005413	rdfs:subClassOf	BTO:0001479
BTO:0005415	rdfs:subClassOf	BTO:0000886
BTO:0005417	rdfs:subClassOf	BTO:0005362
BTO:0005418	rdfs:subClassOf	BTO:0005528
BTO:0005419	rdfs:subClassOf	BTO:0005362
BTO:0005420	rdfs:subClassOf	BTO:0005362
BTO:0005421	rdfs:subClassOf	BTO:0005362
BTO:0005422	rdfs:subClassOf	BTO:0006230
BTO:0005424	rdfs:subClassOf	BTO:0003183
BTO:0005425	rdfs:subClassOf	BTO:0002202
BTO:0005426	rdfs:subClassOf	BTO:0000932
BTO:0005427	rdfs:subClassOf	BTO:0000849
BTO:0005428	rdfs:subClassOf	BTO:0000849
BTO:0005430	rdfs:subClassOf	BTO:0000787
BTO:0005431	rdfs:subClassOf	BTO:0000782
BTO:0005433	rdfs:subClassOf	BTO:0001479
BTO:0005434	rdfs:subClassOf	BTO:0001479
BTO:0005435	rdfs:subClassOf	BTO:0001479
BTO:0005436	rdfs:subClassOf	BTO:0000628
BTO:0005439	rdfs:subClassOf	BTO:0002206
BTO:0005440	rdfs:subClassOf	BTO:0001911
BTO:0005441	rdfs:subClassOf	BTO:0001188
BTO:0005442	rdfs:subClassOf	BTO:0002206
BTO:0005443	rdfs:subClassOf	BTO:0000787
BTO:0005444	rdfs:subClassOf	BTO:0004791
BTO:0005447	rdfs:subClassOf	BTO:0000849
BTO:0005448	rdfs:subClassOf	BTO:0000224
BTO:0005449	rdfs:subClassOf	BTO:0000578
BTO:0005450	rdfs:subClassOf	BTO:0000711
BTO:0005451	rdfs:subClassOf	BTO:0002171
BTO:0005452	rdfs:subClassOf	BTO:0002632
BTO:0005453	rdfs:subClassOf	BTO:0002008
BTO:0005454	rdfs:subClassOf	BTO:0000081
BTO:0005456	rdfs:subClassOf	BTO:0005457
BTO:0005457	rdfs:subClassOf	BTO:0003183
BTO:0005458	rdfs:subClassOf	BTO:0001530
BTO:0005459	rdfs:subClassOf	BTO:0000787
BTO:0005460	rdfs:subClassOf	BTO:0002632
BTO:0005460	rdfs:subClassOf	BTO:0004830
BTO:0005461	rdfs:subClassOf	BTO:0002202
BTO:0005464	rdfs:subClassOf	BTO:0001526
BTO:0005465	rdfs:subClassOf	BTO:0000852
BTO:0005466	rdfs:subClassOf	BTO:0000787
BTO:0005467	rdfs:subClassOf	BTO:0000578
BTO:0005470	rdfs:subClassOf	BTO:0000794
BTO:0005472	rdfs:subClassOf	BTO:0000453
BTO:0005474	rdfs:subClassOf	BTO:0000224
BTO:0005475	rdfs:subClassOf	BTO:0005932
BTO:0005476	rdfs:subClassOf	BTO:0005932
BTO:0005477	rdfs:subClassOf	BTO:0005932
BTO:0005478	rdfs:subClassOf	BTO:0005932
BTO:0005479	rdfs:subClassOf	BTO:0005932
BTO:0005480	rdfs:subClassOf	BTO:0000849
BTO:0005481	rdfs:subClassOf	BTO:0000375
BTO:0005482	rdfs:subClassOf	BTO:0005481
BTO:0005483	rdfs:subClassOf	BTO:0000887
BTO:0005485	rdfs:subClassOf	BTO:0004324
BTO:0005486	rdfs:subClassOf	BTO:0000794
BTO:0005487	rdfs:subClassOf	BTO:0000794
BTO:0005489	rdfs:subClassOf	BTO:0005488
BTO:0005490	rdfs:subClassOf	BTO:0000727
BTO:0005491	rdfs:subClassOf	BTO:0001883
BTO:0005492	rdfs:subClassOf	BTO:0001045
BTO:0005493	rdfs:subClassOf	BTO:0000353
BTO:0005494	rdfs:subClassOf	BTO:0003858
BTO:0005495	rdfs:subClassOf	BTO:0000773
BTO:0005496	rdfs:subClassOf	BTO:0003183
BTO:0005498	rdfs:subClassOf	BTO:0005497
BTO:0005499	rdfs:subClassOf	BTO:0002206
BTO:0005500	rdfs:subClassOf	BTO:0000794
BTO:0005501	rdfs:subClassOf	BTO:0002206
BTO:0005503	rdfs:subClassOf	BTO:0001260
BTO:0005504	rdfs:subClassOf	BTO:0001285
BTO:0005506	rdfs:subClassOf	BTO:0001479
BTO:0005507	rdfs:subClassOf	BTO:0001479
BTO:0005508	rdfs:subClassOf	BTO:0001479
BTO:0005509	rdfs:subClassOf	BTO:0001479
BTO:0005510	rdfs:subClassOf	BTO:0001479
BTO:0005512	rdfs:subClassOf	BTO:0001156
BTO:0005513	rdfs:subClassOf	BTO:0000707
BTO:0005514	rdfs:subClassOf	BTO:0002309
BTO:0005515	rdfs:subClassOf	BTO:0000713
BTO:0005516	rdfs:subClassOf	BTO:0001468
BTO:0005517	rdfs:subClassOf	BTO:0000214
BTO:0005518	rdfs:subClassOf	BTO:0001911
BTO:0005519	rdfs:subClassOf	BTO:0003099
BTO:0005520	rdfs:subClassOf	BTO:0003099
BTO:0005521	rdfs:subClassOf	BTO:0000773
BTO:0005523	rdfs:subClassOf	BTO:0001479
BTO:0005527	rdfs:subClassOf	BTO:0004791
BTO:0005529	rdfs:subClassOf	BTO:0001395
BTO:0005530	rdfs:subClassOf	BTO:0005529
BTO:0005531	rdfs:subClassOf	BTO:0001395
BTO:0005532	rdfs:subClassOf	BTO:0001233
BTO:0005534	rdfs:subClassOf	BTO:0000938
BTO:0005535	rdfs:subClassOf	BTO:0002008
BTO:0005536	rdfs:subClassOf	BTO:0001479
BTO:0005537	rdfs:subClassOf	BTO:0001479
BTO:0005538	rdfs:subClassOf	BTO:0001479
BTO:0005539	rdfs:subClassOf	BTO:0001479
BTO:0005540	rdfs:subClassOf	BTO:0001479
BTO:0005541	rdfs:subClassOf	BTO:0001479
BTO:0005542	rdfs:subClassOf	BTO:0005525
BTO:0005544	rdfs:subClassOf	BTO:0000604
BTO:0005544	rdfs:subClassOf	BTO:0001533
BTO:0005550	rdfs:subClassOf	BTO:0003209
BTO:0005552	rdfs:subClassOf	BTO:0000140
BTO:0005554	rdfs:subClassOf	BTO:0000786
BTO:0005557	rdfs:subClassOf	BTO:0002144
BTO:0005560	rdfs:subClassOf	BTO:0002572
BTO:0005561	rdfs:subClassOf	BTO:0002572
BTO:0005562	rdfs:subClassOf	BTO:0003123
BTO:0005563	rdfs:subClassOf	BTO:0000315
BTO:0005564	rdfs:subClassOf	BTO:0001522
BTO:0005567	rdfs:subClassOf	BTO:0000604
BTO:0005567	rdfs:subClassOf	BTO:0001577
BTO:0005568	rdfs:subClassOf	BTO:0000886
BTO:0005569	rdfs:subClassOf	BTO:0001858
BTO:0005570	rdfs:subClassOf	BTO:0005569
BTO:0005571	rdfs:subClassOf	BTO:0002637
BTO:0005572	rdfs:subClassOf	BTO:0002817
BTO:0005573	rdfs:subClassOf	BTO:0002817
BTO:0005578	rdfs:subClassOf	BTO:0005577
BTO:0005579	rdfs:subClassOf	BTO:0001545
BTO:0005580	rdfs:subClassOf	BTO:0001407
BTO:0005582	rdfs:subClassOf	BTO:0003349
BTO:0005583	rdfs:subClassOf	BTO:0000737
BTO:0005584	rdfs:subClassOf	BTO:0001271
BTO:0005585	rdfs:subClassOf	BTO:0000535
BTO:0005590	rdfs:subClassOf	BTO:0000167
BTO:0005590	rdfs:subClassOf	BTO:0001967
BTO:0005593	rdfs:subClassOf	BTO:0003954
BTO:0005594	rdfs:subClassOf	BTO:0000037
BTO:0005595	rdfs:subClassOf	BTO:0003916
BTO:0005597	rdfs:subClassOf	BTO:0000801
BTO:0005605	rdfs:subClassOf	BTO:0000551
BTO:0005605	rdfs:subClassOf	BTO:0001407
BTO:0005606	rdfs:subClassOf	BTO:0000146
BTO:0005607	rdfs:subClassOf	BTO:0000782
BTO:0005608	rdfs:subClassOf	BTO:0001143
BTO:0005613	rdfs:subClassOf	BTO:0002278
BTO:0005614	rdfs:subClassOf	BTO:0002278
BTO:0005615	rdfs:subClassOf	BTO:0001616
BTO:0005616	rdfs:subClassOf	BTO:0001971
BTO:0005617	rdfs:subClassOf	BTO:0001971
BTO:0005619	rdfs:subClassOf	BTO:0001243
BTO:0005620	rdfs:subClassOf	BTO:0003560
BTO:0005622	rdfs:subClassOf	BTO:0001971
BTO:0005624	rdfs:subClassOf	BTO:0005623
BTO:0005627	rdfs:subClassOf	BTO:0000421
BTO:0005628	rdfs:subClassOf	BTO:0000444
BTO:0005629	rdfs:subClassOf	BTO:0002606
BTO:0005630	rdfs:subClassOf	BTO:0000497
BTO:0005631	rdfs:subClassOf	BTO:0001926
BTO:0005632	rdfs:subClassOf	BTO:0001300
BTO:0005633	rdfs:subClassOf	BTO:0001300
BTO:0005634	rdfs:subClassOf	BTO:0000161
BTO:0005635	rdfs:subClassOf	BTO:0001479
BTO:0005636	rdfs:subClassOf	BTO:0001479
BTO:0005637	rdfs:subClassOf	BTO:0005577
BTO:0005638	rdfs:subClassOf	BTO:0005637
BTO:0005639	rdfs:subClassOf	BTO:0005637
BTO:0005640	rdfs:subClassOf	BTO:0000452
BTO:0005642	rdfs:subClassOf	BTO:0001479
BTO:0005643	rdfs:subClassOf	BTO:0001479
BTO:0005644	rdfs:subClassOf	BTO:0001479
BTO:0005645	rdfs:subClassOf	BTO:0001479
BTO:0005646	rdfs:subClassOf	BTO:0001479
BTO:0005647	rdfs:subClassOf	BTO:0001479
BTO:0005648	rdfs:subClassOf	BTO:0001479
BTO:0005649	rdfs:subClassOf	BTO:0001479
BTO:0005650	rdfs:subClassOf	BTO:0001479
BTO:0005651	rdfs:subClassOf	BTO:0001479
BTO:0005652	rdfs:subClassOf	BTO:0001479
BTO:0005653	rdfs:subClassOf	BTO:0001479
BTO:0005654	rdfs:subClassOf	BTO:0000938
BTO:0005654	rdfs:subClassOf	BTO:0001262
BTO:0005655	rdfs:subClassOf	BTO:0002417
BTO:0005656	rdfs:subClassOf	BTO:0001996
BTO:0005661	rdfs:subClassOf	BTO:0001262
BTO:0005663	rdfs:subClassOf	BTO:0001479
BTO:0005664	rdfs:subClassOf	BTO:0000797
BTO:0005665	rdfs:subClassOf	BTO:0000797
BTO:0005667	rdfs:subClassOf	BTO:0002206
BTO:0005668	rdfs:subClassOf	BTO:0002206
BTO:0005670	rdfs:subClassOf	BTO:0003858
BTO:0005671	rdfs:subClassOf	BTO:0002285
BTO:0005674	rdfs:subClassOf	BTO:0001616
BTO:0005676	rdfs:subClassOf	BTO:0000243
BTO:0005679	rdfs:subClassOf	BTO:0003939
BTO:0005680	rdfs:subClassOf	BTO:0003939
BTO:0005681	rdfs:subClassOf	BTO:0001188
BTO:0005682	rdfs:subClassOf	BTO:0001926
BTO:0005683	rdfs:subClassOf	BTO:0002936
BTO:0005684	rdfs:subClassOf	BTO:0001519
BTO:0005685	rdfs:subClassOf	BTO:0001479
BTO:0005686	rdfs:subClassOf	BTO:0001479
BTO:0005687	rdfs:subClassOf	BTO:0001479
BTO:0005688	rdfs:subClassOf	BTO:0000034
BTO:0005691	rdfs:subClassOf	BTO:0000383
BTO:0005693	rdfs:subClassOf	BTO:0001656
BTO:0005694	rdfs:subClassOf	BTO:0000713
BTO:0005695	rdfs:subClassOf	BTO:0000233
BTO:0005696	rdfs:subClassOf	BTO:0000078
BTO:0005697	rdfs:subClassOf	BTO:0005699
BTO:0005698	rdfs:subClassOf	BTO:0005699
BTO:0005700	rdfs:subClassOf	BTO:0001479
BTO:0005701	rdfs:subClassOf	BTO:0001479
BTO:0005702	rdfs:subClassOf	BTO:0001479
BTO:0005703	rdfs:subClassOf	BTO:0001479
BTO:0005704	rdfs:subClassOf	BTO:0000522
BTO:0005707	rdfs:subClassOf	BTO:0005708
BTO:0005709	rdfs:subClassOf	BTO:0000849
BTO:0005710	rdfs:subClassOf	BTO:0000849
BTO:0005711	rdfs:subClassOf	BTO:0000849
BTO:0005712	rdfs:subClassOf	BTO:0000849
BTO:0005713	rdfs:subClassOf	BTO:0000849
BTO:0005714	rdfs:subClassOf	BTO:0000849
BTO:0005715	rdfs:subClassOf	BTO:0000849
BTO:0005716	rdfs:subClassOf	BTO:0000849
BTO:0005717	rdfs:subClassOf	BTO:0000849
BTO:0005718	rdfs:subClassOf	BTO:0000849
BTO:0005719	rdfs:subClassOf	BTO:0000849
BTO:0005720	rdfs:subClassOf	BTO:0001883
BTO:0005722	rdfs:subClassOf	BTO:0001488
BTO:0005723	rdfs:subClassOf	BTO:0000202
BTO:0005724	rdfs:subClassOf	BTO:0000872
BTO:0005727	rdfs:subClassOf	BTO:0000383
BTO:0005729	rdfs:subClassOf	BTO:0001037
BTO:0005730	rdfs:subClassOf	BTO:0001479
BTO:0005731	rdfs:subClassOf	BTO:0001479
BTO:0005732	rdfs:subClassOf	BTO:0001479
BTO:0005733	rdfs:subClassOf	BTO:0001479
BTO:0005734	rdfs:subClassOf	BTO:0001479
BTO:0005735	rdfs:subClassOf	BTO:0001479
BTO:0005736	rdfs:subClassOf	BTO:0000224
BTO:0005737	rdfs:subClassOf	BTO:0003124
BTO:0005738	rdfs:subClassOf	BTO:0003124
BTO:0005741	rdfs:subClassOf	BTO:0000852
BTO:0005742	rdfs:subClassOf	BTO:0005740
BTO:0005743	rdfs:subClassOf	BTO:0000720
BTO:0005744	rdfs:subClassOf	BTO:0000720
BTO:0005745	rdfs:subClassOf	BTO:0001883
BTO:0005747	rdfs:subClassOf	BTO:0000849
BTO:0005748	rdfs:subClassOf	BTO:0000356
BTO:0005755	rdfs:subClassOf	BTO:0005754
BTO:0005756	rdfs:subClassOf	BTO:0002770
BTO:0005757	rdfs:subClassOf	BTO:0002817
BTO:0005758	rdfs:subClassOf	BTO:0002428
BTO:0005759	rdfs:subClassOf	BTO:0001120
BTO:0005763	rdfs:subClassOf	BTO:0001479
BTO:0005764	rdfs:subClassOf	BTO:0001479
BTO:0005771	rdfs:subClassOf	BTO:0005770
BTO:0005773	rdfs:subClassOf	BTO:0000578
BTO:0005774	rdfs:subClassOf	BTO:0000849
BTO:0005775	rdfs:subClassOf	BTO:0002580
BTO:0005776	rdfs:subClassOf	BTO:0000711
BTO:0005779	rdfs:subClassOf	BTO:0002553
BTO:0005780	rdfs:subClassOf	BTO:0000849
BTO:0005782	rdfs:subClassOf	BTO:0002931
BTO:0005783	rdfs:subClassOf	BTO:0000452
BTO:0005784	rdfs:subClassOf	BTO:0002322
BTO:0005785	rdfs:subClassOf	BTO:0000174
BTO:0005786	rdfs:subClassOf	BTO:0000787
BTO:0005787	rdfs:subClassOf	BTO:0005300
BTO:0005789	rdfs:subClassOf	BTO:0001156
BTO:0005790	rdfs:subClassOf	BTO:0000725
BTO:0005792	rdfs:subClassOf	BTO:0005791
BTO:0005793	rdfs:subClassOf	BTO:0005791
BTO:0005795	rdfs:subClassOf	BTO:0000372
BTO:0005796	rdfs:subClassOf	BTO:0001882
BTO:0005797	rdfs:subClassOf	BTO:0001882
BTO:0005798	rdfs:subClassOf	BTO:0001882
BTO:0005799	rdfs:subClassOf	BTO:0001076
BTO:0005800	rdfs:subClassOf	BTO:0002600
BTO:0005806	rdfs:subClassOf	BTO:0001356
BTO:0005807	rdfs:subClassOf	BTO:0000932
BTO:0005808	rdfs:subClassOf	BTO:0000932
BTO:0005809	rdfs:subClassOf	BTO:0005737
BTO:0005811	rdfs:subClassOf	BTO:0000713
BTO:0005812	rdfs:subClassOf	BTO:0001176
BTO:0005818	rdfs:subClassOf	BTO:0000811
BTO:0005819	rdfs:subClassOf	BTO:0000938
BTO:0005820	rdfs:subClassOf	BTO:0000690
BTO:0005820	rdfs:subClassOf	BTO:0000947
BTO:0005820	rdfs:subClassOf	BTO:0003694
BTO:0005821	rdfs:subClassOf	BTO:0000762
BTO:0005825	rdfs:subClassOf	BTO:0000518
BTO:0005826	rdfs:subClassOf	BTO:0001619
BTO:0005827	rdfs:subClassOf	BTO:0000578
BTO:0005831	rdfs:subClassOf	BTO:0005830
BTO:0005832	rdfs:subClassOf	BTO:0005831
BTO:0005834	rdfs:subClassOf	BTO:0005835
BTO:0005836	rdfs:subClassOf	BTO:0001911
BTO:0005837	rdfs:subClassOf	BTO:0002553
BTO:0005840	rdfs:subClassOf	BTO:0000161
BTO:0005845	rdfs:subClassOf	BTO:0005844
BTO:0005848	rdfs:subClassOf	BTO:0000849
BTO:0005850	rdfs:subClassOf	BTO:0001023
BTO:0005851	rdfs:subClassOf	BTO:0001023
BTO:0005852	rdfs:subClassOf	BTO:0000811
BTO:0005853	rdfs:subClassOf	BTO:0005852
BTO:0005855	rdfs:subClassOf	BTO:0000786
BTO:0005859	rdfs:subClassOf	BTO:0000711
BTO:0005861	rdfs:subClassOf	BTO:0002130
BTO:0005862	rdfs:subClassOf	BTO:0001479
BTO:0005863	rdfs:subClassOf	BTO:0001479
BTO:0005864	rdfs:subClassOf	BTO:0001479
BTO:0005869	rdfs:subClassOf	BTO:0000707
BTO:0005870	rdfs:subClassOf	BTO:0002290
BTO:0005871	rdfs:subClassOf	BTO:0000782
BTO:0005872	rdfs:subClassOf	BTO:0000932
BTO:0005874	rdfs:subClassOf	BTO:0005873
BTO:0005877	rdfs:subClassOf	BTO:0000604
BTO:0005878	rdfs:subClassOf	BTO:0001521
BTO:0005879	rdfs:subClassOf	BTO:0001521
BTO:0005880	rdfs:subClassOf	BTO:0000711
BTO:0005881	rdfs:subClassOf	BTO:0000711
BTO:0005882	rdfs:subClassOf	BTO:0001237
BTO:0005883	rdfs:subClassOf	BTO:0000849
BTO:0005886	rdfs:subClassOf	BTO:0000486
BTO:0005887	rdfs:subClassOf	BTO:0000067
BTO:0005888	rdfs:subClassOf	BTO:0000711
BTO:0005889	rdfs:subClassOf	BTO:0000578
BTO:0005891	rdfs:subClassOf	BTO:0000707
BTO:0005891	rdfs:subClassOf	BTO:0001773
BTO:0005892	rdfs:subClassOf	BTO:0002285
BTO:0005895	rdfs:subClassOf	BTO:0000849
BTO:0005896	rdfs:subClassOf	BTO:0000849
BTO:0005897	rdfs:subClassOf	BTO:0000849
BTO:0005898	rdfs:subClassOf	BTO:0000849
BTO:0005899	rdfs:subClassOf	BTO:0000849
BTO:0005900	rdfs:subClassOf	BTO:0001479
BTO:0005901	rdfs:subClassOf	BTO:0001262
BTO:0005902	rdfs:subClassOf	BTO:0001616
BTO:0005903	rdfs:subClassOf	BTO:0002553
BTO:0005904	rdfs:subClassOf	BTO:0002580
BTO:0005905	rdfs:subClassOf	BTO:0002580
BTO:0005906	rdfs:subClassOf	BTO:0000787
BTO:0005907	rdfs:subClassOf	BTO:0002424
BTO:0005908	rdfs:subClassOf	BTO:0002380
BTO:0005909	rdfs:subClassOf	BTO:0002580
BTO:0005910	rdfs:subClassOf	BTO:0002580
BTO:0005912	rdfs:subClassOf	BTO:0000727
BTO:0005913	rdfs:subClassOf	BTO:0000741
BTO:0005914	rdfs:subClassOf	BTO:0000741
BTO:0005915	rdfs:subClassOf	BTO:0002553
BTO:0005916	rdfs:subClassOf	BTO:0001883
BTO:0005917	rdfs:subClassOf	BTO:0000787
BTO:0005918	rdfs:subClassOf	BTO:0000787
BTO:0005919	rdfs:subClassOf	BTO:0000727
BTO:0005920	rdfs:subClassOf	BTO:0000955
BTO:0005921	rdfs:subClassOf	BTO:0005920
BTO:0005922	rdfs:subClassOf	BTO:0005921
BTO:0005923	rdfs:subClassOf	BTO:0005921
BTO:0005924	rdfs:subClassOf	BTO:0005921
BTO:0005925	rdfs:subClassOf	BTO:0005921
BTO:0005926	rdfs:subClassOf	BTO:0005921
BTO:0005927	rdfs:subClassOf	BTO:0005921
BTO:0005928	rdfs:subClassOf	BTO:0001883
BTO:0005929	rdfs:subClassOf	BTO:0001575
BTO:0005932	rdfs:subClassOf	BTO:0000356
BTO:0005933	rdfs:subClassOf	BTO:0005932
BTO:0005934	rdfs:subClassOf	BTO:0001656
BTO:0005935	rdfs:subClassOf	BTO:0001479
BTO:0005938	rdfs:subClassOf	BTO:0000397
BTO:0005939	rdfs:subClassOf	BTO:0000357
BTO:0005940	rdfs:subClassOf	BTO:0000357
BTO:0005941	rdfs:subClassOf	BTO:0000357
BTO:0005942	rdfs:subClassOf	BTO:0000357
BTO:0005943	rdfs:subClassOf	BTO:0001487
BTO:0005944	rdfs:subClassOf	BTO:0001456
BTO:0005945	rdfs:subClassOf	BTO:0001487
BTO:0005946	rdfs:subClassOf	BTO:0001289
BTO:0005946	rdfs:subClassOf	BTO:0002773
BTO:0005947	rdfs:subClassOf	BTO:0002024
BTO:0005947	rdfs:subClassOf	BTO:0003645
BTO:0005948	rdfs:subClassOf	BTO:0005947
BTO:0005949	rdfs:subClassOf	BTO:0001530
BTO:0005950	rdfs:subClassOf	BTO:0005949
BTO:0005951	rdfs:subClassOf	BTO:0005949
BTO:0005952	rdfs:subClassOf	BTO:0005949
BTO:0005953	rdfs:subClassOf	BTO:0005949
BTO:0005954	rdfs:subClassOf	BTO:0005949
BTO:0005955	rdfs:subClassOf	BTO:0005949
BTO:0005956	rdfs:subClassOf	BTO:0001958
BTO:0005957	rdfs:subClassOf	BTO:0000357
BTO:0005958	rdfs:subClassOf	BTO:0000475
BTO:0005961	rdfs:subClassOf	BTO:0001619
BTO:0005963	rdfs:subClassOf	BTO:0004086
BTO:0005964	rdfs:subClassOf	BTO:0003452
BTO:0005966	rdfs:subClassOf	BTO:0002206
BTO:0005967	rdfs:subClassOf	BTO:0001913
BTO:0005968	rdfs:subClassOf	BTO:0002027
BTO:0005969	rdfs:subClassOf	BTO:0002027
BTO:0005970	rdfs:subClassOf	BTO:0000093
BTO:0005971	rdfs:subClassOf	BTO:0001479
BTO:0005973	rdfs:subClassOf	BTO:0005418
BTO:0005974	rdfs:subClassOf	BTO:0002206
BTO:0005975	rdfs:subClassOf	BTO:0002206
BTO:0005976	rdfs:subClassOf	BTO:0002206
BTO:0005977	rdfs:subClassOf	BTO:0002206
BTO:0005978	rdfs:subClassOf	BTO:0002206
BTO:0005979	rdfs:subClassOf	BTO:0002206
BTO:0005980	rdfs:subClassOf	BTO:0000357
BTO:0005982	rdfs:subClassOf	BTO:0002398
BTO:0005983	rdfs:subClassOf	BTO:0001479
BTO:0005984	rdfs:subClassOf	BTO:0001479
BTO:0005985	rdfs:subClassOf	BTO:0001278
BTO:0005986	rdfs:subClassOf	BTO:0005838
BTO:0005987	rdfs:subClassOf	BTO:0000578
BTO:0005992	rdfs:subClassOf	BTO:0001300
BTO:0005993	rdfs:subClassOf	BTO:0000887
BTO:0005995	rdfs:subClassOf	BTO:0002709
BTO:0005997	rdfs:subClassOf	BTO:0005996
BTO:0005998	rdfs:subClassOf	BTO:0001503
BTO:0005999	rdfs:subClassOf	BTO:0005998
BTO:0006001	rdfs:subClassOf	BTO:0005949
BTO:0006002	rdfs:subClassOf	BTO:0006001
BTO:0006003	rdfs:subClassOf	BTO:0006001
BTO:0006004	rdfs:subClassOf	BTO:0006001
BTO:0006005	rdfs:subClassOf	BTO:0000925
BTO:0006006	rdfs:subClassOf	BTO:0002373
BTO:0006007	rdfs:subClassOf	BTO:0000849
BTO:0006009	rdfs:subClassOf	BTO:0003960
BTO:0006013	rdfs:subClassOf	BTO:0000312
BTO:0006014	rdfs:subClassOf	BTO:0000852
BTO:0006015	rdfs:subClassOf	BTO:0000816
BTO:0006016	rdfs:subClassOf	BTO:0002212
BTO:0006020	rdfs:subClassOf	BTO:0000254
BTO:0006021	rdfs:subClassOf	BTO:0004078
BTO:0006022	rdfs:subClassOf	BTO:0002553
BTO:0006023	rdfs:subClassOf	BTO:0004078
BTO:0006024	rdfs:subClassOf	BTO:0000762
BTO:0006025	rdfs:subClassOf	BTO:0000762
BTO:0006026	rdfs:subClassOf	BTO:0001967
BTO:0006027	rdfs:subClassOf	BTO:0002202
BTO:0006028	rdfs:subClassOf	BTO:0001911
BTO:0006030	rdfs:subClassOf	BTO:0002211
BTO:0006031	rdfs:subClassOf	BTO:0001209
BTO:0006032	rdfs:subClassOf	BTO:0000741
BTO:0006033	rdfs:subClassOf	BTO:0002675
BTO:0006037	rdfs:subClassOf	BTO:0006036
BTO:0006038	rdfs:subClassOf	BTO:0004078
BTO:0006039	rdfs:subClassOf	BTO:0001912
BTO:0006039	rdfs:subClassOf	BTO:0004086
BTO:0006040	rdfs:subClassOf	BTO:0000858
BTO:0006041	rdfs:subClassOf	BTO:0004086
BTO:0006042	rdfs:subClassOf	BTO:0002553
BTO:0006045	rdfs:subClassOf	BTO:0000819
BTO:0006046	rdfs:subClassOf	BTO:0006045
BTO:0006047	rdfs:subClassOf	BTO:0000224
BTO:0006052	rdfs:subClassOf	BTO:0000932
BTO:0006053	rdfs:subClassOf	BTO:0000932
BTO:0006054	rdfs:subClassOf	BTO:0000932
BTO:0006055	rdfs:subClassOf	BTO:0000932
BTO:0006056	rdfs:subClassOf	BTO:0000932
BTO:0006059	rdfs:subClassOf	BTO:0001581
BTO:0006060	rdfs:subClassOf	BTO:0001581
BTO:0006061	rdfs:subClassOf	BTO:0001581
BTO:0006062	rdfs:subClassOf	BTO:0001581
BTO:0006063	rdfs:subClassOf	BTO:0000104
BTO:0006066	rdfs:subClassOf	BTO:0000947
BTO:0006066	rdfs:subClassOf	BTO:0002871
BTO:0006067	rdfs:subClassOf	BTO:0001479
BTO:0006068	rdfs:subClassOf	BTO:0001479
BTO:0006070	rdfs:subClassOf	BTO:0000578
BTO:0006072	rdfs:subClassOf	BTO:0000885
BTO:0006074	rdfs:subClassOf	BTO:0003960
BTO:0006075	rdfs:subClassOf	BTO:0000947
BTO:0006079	rdfs:subClassOf	BTO:0006078
BTO:0006080	rdfs:subClassOf	BTO:0006079
BTO:0006081	rdfs:subClassOf	BTO:0006079
BTO:0006084	rdfs:subClassOf	BTO:0001079
BTO:0006085	rdfs:subClassOf	BTO:0002709
BTO:0006086	rdfs:subClassOf	BTO:0003436
BTO:0006088	rdfs:subClassOf	BTO:0001619
BTO:0006089	rdfs:subClassOf	BTO:0001619
BTO:0006090	rdfs:subClassOf	BTO:0004086
BTO:0006092	rdfs:subClassOf	BTO:0000183
BTO:0006093	rdfs:subClassOf	BTO:0000628
BTO:0006094	rdfs:subClassOf	BTO:0000628
BTO:0006096	rdfs:subClassOf	BTO:0001479
BTO:0006097	rdfs:subClassOf	BTO:0001413
BTO:0006098	rdfs:subClassOf	BTO:0000034
BTO:0006102	rdfs:subClassOf	BTO:0005787
BTO:0006103	rdfs:subClassOf	BTO:0005787
BTO:0006104	rdfs:subClassOf	BTO:0005787
BTO:0006105	rdfs:subClassOf	BTO:0005787
BTO:0006106	rdfs:subClassOf	BTO:0000178
BTO:0006106	rdfs:subClassOf	BTO:0000592
BTO:0006110	rdfs:subClassOf	BTO:0000801
BTO:0006111	rdfs:subClassOf	BTO:0000801
BTO:0006112	rdfs:subClassOf	BTO:0003298
BTO:0006113	rdfs:subClassOf	BTO:0001171
BTO:0006115	rdfs:subClassOf	BTO:0001262
BTO:0006116	rdfs:subClassOf	BTO:0001810
BTO:0006117	rdfs:subClassOf	BTO:0001250
BTO:0006119	rdfs:subClassOf	BTO:0000322
BTO:0006120	rdfs:subClassOf	BTO:0001335
BTO:0006123	rdfs:subClassOf	BTO:0005949
BTO:0006124	rdfs:subClassOf	BTO:0000773
BTO:0006125	rdfs:subClassOf	BTO:0000773
BTO:0006126	rdfs:subClassOf	BTO:0000773
BTO:0006127	rdfs:subClassOf	BTO:0004791
BTO:0006131	rdfs:subClassOf	BTO:0002008
BTO:0006133	rdfs:subClassOf	BTO:0001171
BTO:0006134	rdfs:subClassOf	BTO:0002008
BTO:0006135	rdfs:subClassOf	BTO:0003960
BTO:0006136	rdfs:subClassOf	BTO:0003960
BTO:0006137	rdfs:subClassOf	BTO:0002245
BTO:0006138	rdfs:subClassOf	BTO:0000236
BTO:0006139	rdfs:subClassOf	BTO:0003960
BTO:0006140	rdfs:subClassOf	BTO:0004199
BTO:0006141	rdfs:subClassOf	BTO:0002411
BTO:0006142	rdfs:subClassOf	BTO:0000849
BTO:0006144	rdfs:subClassOf	BTO:0000849
BTO:0006145	rdfs:subClassOf	BTO:0000849
BTO:0006146	rdfs:subClassOf	BTO:0001479
BTO:0006147	rdfs:subClassOf	BTO:0000224
BTO:0006148	rdfs:subClassOf	BTO:0003298
BTO:0006148	rdfs:subClassOf	BTO:0006155
BTO:0006150	rdfs:subClassOf	BTO:0001690
BTO:0006151	rdfs:subClassOf	BTO:0001384
BTO:0006152	rdfs:subClassOf	BTO:0001490
BTO:0006155	rdfs:subClassOf	BTO:0002881
BTO:0006156	rdfs:subClassOf	BTO:0006155
BTO:0006162	rdfs:subClassOf	BTO:0000081
BTO:0006163	rdfs:subClassOf	BTO:0005819
BTO:0006164	rdfs:subClassOf	BTO:0003861
BTO:0006166	rdfs:subClassOf	BTO:0003664
BTO:0006167	rdfs:subClassOf	BTO:0003664
BTO:0006168	rdfs:subClassOf	BTO:0003664
BTO:0006169	rdfs:subClassOf	BTO:0003664
BTO:0006171	rdfs:subClassOf	BTO:0000842
BTO:0006174	rdfs:subClassOf	BTO:0001262
BTO:0006175	rdfs:subClassOf	BTO:0006178
BTO:0006176	rdfs:subClassOf	BTO:0006178
BTO:0006177	rdfs:subClassOf	BTO:0006178
BTO:0006178	rdfs:subClassOf	BTO:0002495
BTO:0006181	rdfs:subClassOf	BTO:0001490
BTO:0006182	rdfs:subClassOf	BTO:0000574
BTO:0006183	rdfs:subClassOf	BTO:0000574
BTO:0006187	rdfs:subClassOf	BTO:0000089
BTO:0006188	rdfs:subClassOf	BTO:0000089
BTO:0006189	rdfs:subClassOf	BTO:0002161
BTO:0006190	rdfs:subClassOf	BTO:0001490
BTO:0006191	rdfs:subClassOf	BTO:0000410
BTO:0006191	rdfs:subClassOf	BTO:0000964
BTO:0006192	rdfs:subClassOf	BTO:0005729
BTO:0006193	rdfs:subClassOf	BTO:0000135
BTO:0006194	rdfs:subClassOf	BTO:0000135
BTO:0006195	rdfs:subClassOf	BTO:0002428
BTO:0006197	rdfs:subClassOf	BTO:0002428
BTO:0006200	rdfs:subClassOf	BTO:0002768
BTO:0006201	rdfs:subClassOf	BTO:0002889
BTO:0006202	rdfs:subClassOf	BTO:0002768
BTO:0006203	rdfs:subClassOf	BTO:0002332
BTO:0006204	rdfs:subClassOf	BTO:0000383
BTO:0006205	rdfs:subClassOf	BTO:0000938
BTO:0006206	rdfs:subClassOf	BTO:0000322
BTO:0006209	rdfs:subClassOf	BTO:0005020
BTO:0006211	rdfs:subClassOf	BTO:0003209
BTO:0006212	rdfs:subClassOf	BTO:0003420
BTO:0006213	rdfs:subClassOf	BTO:0000932
BTO:0006214	rdfs:subClassOf	BTO:0000383
BTO:0006215	rdfs:subClassOf	BTO:0000383
BTO:0006217	rdfs:subClassOf	BTO:0003858
BTO:0006218	rdfs:subClassOf	BTO:0001912
BTO:0006218	rdfs:subClassOf	BTO:0004086
BTO:0006219	rdfs:subClassOf	BTO:0000202
BTO:0006220	rdfs:subClassOf	BTO:0004086
BTO:0006221	rdfs:subClassOf	BTO:0000711
BTO:0006223	rdfs:subClassOf	BTO:0000315
BTO:0006224	rdfs:subClassOf	BTO:0006225
BTO:0006225	rdfs:subClassOf	BTO:0002871
BTO:0006226	rdfs:subClassOf	BTO:0006225
BTO:0006227	rdfs:subClassOf	BTO:0002202
BTO:0006228	rdfs:subClassOf	BTO:0000906
BTO:0006229	rdfs:subClassOf	BTO:0000906
BTO:0006230	rdfs:subClassOf	BTO:0001479
BTO:0006231	rdfs:subClassOf	BTO:0006230
BTO:0006232	rdfs:subClassOf	BTO:0006230
BTO:0006233	rdfs:subClassOf	BTO:0001479
BTO:0006234	rdfs:subClassOf	BTO:0001479
BTO:0006235	rdfs:subClassOf	BTO:0001479
BTO:0006236	rdfs:subClassOf	BTO:0001479
BTO:0006237	rdfs:subClassOf	BTO:0001479
BTO:0006238	rdfs:subClassOf	BTO:0004502
BTO:0006243	rdfs:subClassOf	BTO:0000443
BTO:0006246	rdfs:subClassOf	BTO:0005201
BTO:0006247	rdfs:subClassOf	BTO:0002008
BTO:0006249	rdfs:subClassOf	BTO:0000800
BTO:0006250	rdfs:subClassOf	BTO:0000106
BTO:0006253	rdfs:subClassOf	BTO:0000811
BTO:0006256	rdfs:subClassOf	BTO:0000284
BTO:0006257	rdfs:subClassOf	BTO:0001262
BTO:0006258	rdfs:subClassOf	BTO:0001262
BTO:0006259	rdfs:subClassOf	BTO:0000707
BTO:0006260	rdfs:subClassOf	BTO:0000453
BTO:0006263	rdfs:subClassOf	BTO:0006262
BTO:0006266	rdfs:subClassOf	BTO:0006267
BTO:0006268	rdfs:subClassOf	BTO:0006267
BTO:0006269	rdfs:subClassOf	BTO:0006270
BTO:0006270	rdfs:subClassOf	BTO:0003596
BTO:0006272	rdfs:subClassOf	BTO:0006271
BTO:0006273	rdfs:subClassOf	BTO:0006271
BTO:0006274	rdfs:subClassOf	BTO:0006271
BTO:0006276	rdfs:subClassOf	BTO:0001407
BTO:0006279	rdfs:subClassOf	BTO:0000671
BTO:0006281	rdfs:subClassOf	BTO:0000578
BTO:0006282	rdfs:subClassOf	BTO:0000161
BTO:0006282	rdfs:subClassOf	BTO:0001958
BTO:0006283	rdfs:subClassOf	BTO:0003953
BTO:0006285	rdfs:subClassOf	BTO:0001911
BTO:0006286	rdfs:subClassOf	BTO:0000468
BTO:0006287	rdfs:subClassOf	BTO:0000792
BTO:0006288	rdfs:subClassOf	BTO:0000792
BTO:0006291	rdfs:subClassOf	BTO:0001958
BTO:0006292	rdfs:subClassOf	BTO:0000669
BTO:0006293	rdfs:subClassOf	BTO:0004254
BTO:0006296	rdfs:subClassOf	BTO:0001333
BTO:0006298	rdfs:subClassOf	BTO:0001664
BTO:0006299	rdfs:subClassOf	BTO:0000166
BTO:0006300	rdfs:subClassOf	BTO:0004304
BTO:0006302	rdfs:subClassOf	BTO:0002658
BTO:0006303	rdfs:subClassOf	BTO:0000849
BTO:0006304	rdfs:subClassOf	BTO:0004086
BTO:0006305	rdfs:subClassOf	BTO:0000116
BTO:0006306	rdfs:subClassOf	BTO:0000522
BTO:0006307	rdfs:subClassOf	BTO:0002868
BTO:0006308	rdfs:subClassOf	BTO:0002868
BTO:0006312	rdfs:subClassOf	BTO:0000722
BTO:0006313	rdfs:subClassOf	BTO:0001188
BTO:0006314	rdfs:subClassOf	BTO:0001262
BTO:0006315	rdfs:subClassOf	BTO:0001262
BTO:0006316	rdfs:subClassOf	BTO:0000713
BTO:0006318	rdfs:subClassOf	BTO:0001479
BTO:0006319	rdfs:subClassOf	BTO:0001479
BTO:0006321	rdfs:subClassOf	BTO:0004229
BTO:0006323	rdfs:subClassOf	BTO:0001479
BTO:0006324	rdfs:subClassOf	BTO:0001479
BTO:0006325	rdfs:subClassOf	BTO:0001479
BTO:0006332	rdfs:subClassOf	BTO:0005949
BTO:0006334	rdfs:subClassOf	BTO:0001555
BTO:0006335	rdfs:subClassOf	BTO:0006334
BTO:0006336	rdfs:subClassOf	BTO:0006334
BTO:0006337	rdfs:subClassOf	BTO:0003871
BTO:0006338	rdfs:subClassOf	BTO:0001806
BTO:0006345	rdfs:subClassOf	BTO:0004254
BTO:0006347	rdfs:subClassOf	BTO:0006078
BTO:0006348	rdfs:subClassOf	BTO:0000958
BTO:0006348	rdfs:subClassOf	BTO:0002666
BTO:0006349	rdfs:subClassOf	BTO:0000958
BTO:0006349	rdfs:subClassOf	BTO:0002666
BTO:0006350	rdfs:subClassOf	BTO:0000284
BTO:0006351	rdfs:subClassOf	BTO:0000526
BTO:0006352	rdfs:subClassOf	BTO:0000801
BTO:0006353	rdfs:subClassOf	BTO:0002062
BTO:0006355	rdfs:subClassOf	BTO:0000183
BTO:0006356	rdfs:subClassOf	BTO:0000680
BTO:0006358	rdfs:subClassOf	BTO:0000161
BTO:0006358	rdfs:subClassOf	BTO:0001242
BTO:0006358	rdfs:subClassOf	BTO:0001958
BTO:0006359	rdfs:subClassOf	BTO:0001883
BTO:0006360	rdfs:subClassOf	BTO:0001289
BTO:0006361	rdfs:subClassOf	BTO:0000811
BTO:0006362	rdfs:subClassOf	BTO:0003581
BTO:0006363	rdfs:subClassOf	BTO:0001102
BTO:0006364	rdfs:subClassOf	BTO:0002904
BTO:0006364	rdfs:subClassOf	BTO:0006365
BTO:0006366	rdfs:subClassOf	BTO:0001946
BTO:0006366	rdfs:subClassOf	BTO:0006367
BTO:0006367	rdfs:subClassOf	BTO:0000452
BTO:0006368	rdfs:subClassOf	BTO:0002709
BTO:0006370	rdfs:subClassOf	BTO:0000671
BTO:0006371	rdfs:subClassOf	BTO:0003578
BTO:0006372	rdfs:subClassOf	BTO:0003960
BTO:0006373	rdfs:subClassOf	BTO:0003960
BTO:0006375	rdfs:subClassOf	BTO:0000727
BTO:0006376	rdfs:subClassOf	BTO:0000383
BTO:0006377	rdfs:subClassOf	BTO:0002062
BTO:0006378	rdfs:subClassOf	BTO:0000353
BTO:0006378	rdfs:subClassOf	BTO:0001242
BTO:0006383	rdfs:subClassOf	BTO:0000932
BTO:0006384	rdfs:subClassOf	BTO:0000400
BTO:0006385	rdfs:subClassOf	BTO:0006384
BTO:0006386	rdfs:subClassOf	BTO:0006384
BTO:0006388	rdfs:subClassOf	BTO:0001262
BTO:0006389	rdfs:subClassOf	BTO:0000938
BTO:0006390	rdfs:subClassOf	BTO:0003349
BTO:0006391	rdfs:subClassOf	BTO:0000707
BTO:0006392	rdfs:subClassOf	BTO:0001242
BTO:0006394	rdfs:subClassOf	BTO:0004493
BTO:0006395	rdfs:subClassOf	BTO:0004086
BTO:0006396	rdfs:subClassOf	BTO:0003221
BTO:0006397	rdfs:subClassOf	BTO:0003324
BTO:0006399	rdfs:subClassOf	BTO:0000161
BTO:0006399	rdfs:subClassOf	BTO:0001242
BTO:0006400	rdfs:subClassOf	BTO:0005738
BTO:0006401	rdfs:subClassOf	BTO:0000801
BTO:0006402	rdfs:subClassOf	BTO:0000003
BTO:0006403	rdfs:subClassOf	BTO:0000003
BTO:0006406	rdfs:subClassOf	BTO:0003210
BTO:0006408	rdfs:subClassOf	BTO:0000407
BTO:0006412	rdfs:subClassOf	BTO:0000737
BTO:0006413	rdfs:subClassOf	BTO:0006412
BTO:0006414	rdfs:subClassOf	BTO:0001518
BTO:0006415	rdfs:subClassOf	BTO:0001882
BTO:0006419	rdfs:subClassOf	BTO:0000453
BTO:0006420	rdfs:subClassOf	BTO:0000407
BTO:0006421	rdfs:subClassOf	BTO:0000407
BTO:0006423	rdfs:subClassOf	BTO:0000977
BTO:0006424	rdfs:subClassOf	BTO:0000977
BTO:0006425	rdfs:subClassOf	BTO:0000977
BTO:0006426	rdfs:subClassOf	BTO:0000977
BTO:0006427	rdfs:subClassOf	BTO:0000977
BTO:0006429	rdfs:subClassOf	BTO:0000443
BTO:0006430	rdfs:subClassOf	BTO:0000443
BTO:0006433	rdfs:subClassOf	BTO:0001227
BTO:0006435	rdfs:subClassOf	BTO:0003804
BTO:0006436	rdfs:subClassOf	BTO:0003804
BTO:0006437	rdfs:subClassOf	BTO:0003804
BTO:0006438	rdfs:subClassOf	BTO:0004078
BTO:0006440	rdfs:subClassOf	BTO:0002205
BTO:0006441	rdfs:subClassOf	BTO:0004086
BTO:0006442	rdfs:subClassOf	BTO:0001911
BTO:0006443	rdfs:subClassOf	BTO:0002008
BTO:0006444	rdfs:subClassOf	BTO:0001518
BTO:0006445	rdfs:subClassOf	BTO:0002891
BTO:0006446	rdfs:subClassOf	BTO:0001619
BTO:0006447	rdfs:subClassOf	BTO:0000356
BTO:0006448	rdfs:subClassOf	BTO:0000453
BTO:0006449	rdfs:subClassOf	BTO:0000453
BTO:0006450	rdfs:subClassOf	BTO:0000578
BTO:0006455	rdfs:subClassOf	BTO:0000224
BTO:0006456	rdfs:subClassOf	BTO:0000183
BTO:0006457	rdfs:subClassOf	BTO:0002868
BTO:0006459	rdfs:subClassOf	BTO:0000727
BTO:0006460	rdfs:subClassOf	BTO:0000727
BTO:0006461	rdfs:subClassOf	BTO:0000899
BTO:0006462	rdfs:subClassOf	BTO:0006365
BTO:0006463	rdfs:subClassOf	BTO:0001518
BTO:0006464	rdfs:subClassOf	BTO:0000362
BTO:0006465	rdfs:subClassOf	BTO:0002666
BTO:0006466	rdfs:subClassOf	BTO:0001911
BTO:0006469	rdfs:subClassOf	BTO:0006468
BTO:0006471	rdfs:subClassOf	BTO:0000224
BTO:0006472	rdfs:subClassOf	BTO:0000453
BTO:0006474	rdfs:subClassOf	BTO:0001188
BTO:0006475	rdfs:subClassOf	BTO:0001581
BTO:0006477	rdfs:subClassOf	BTO:0003452
BTO:0006480	rdfs:subClassOf	BTO:0001518
BTO:0006482	rdfs:subClassOf	BTO:0000787
BTO:0006483	rdfs:subClassOf	BTO:0001530
BTO:0006485	rdfs:subClassOf	BTO:0001521
BTO:0006486	rdfs:subClassOf	BTO:0003431
BTO:0006487	rdfs:subClassOf	BTO:0001491
BTO:0006488	rdfs:subClassOf	BTO:0002322
BTO:0006490	rdfs:subClassOf	BTO:0000787
BTO:0006491	rdfs:subClassOf	BTO:0000787
BTO:0006493	rdfs:subClassOf	BTO:0003745
BTO:0006494	rdfs:subClassOf	BTO:0000459
BTO:0006496	rdfs:subClassOf	BTO:0002222
BTO:0006497	rdfs:subClassOf	BTO:0000932
BTO:0006498	rdfs:subClassOf	BTO:0000932
BTO:0006500	rdfs:subClassOf	BTO:0006499
BTO:0006501	rdfs:subClassOf	BTO:0000782
BTO:0006508	rdfs:subClassOf	BTO:0003210
BTO:0006509	rdfs:subClassOf	BTO:0000578
BTO:0006510	rdfs:subClassOf	BTO:0004482
BTO:0006511	rdfs:subClassOf	BTO:0000797
BTO:0006512	rdfs:subClassOf	BTO:0001911
BTO:0006514	rdfs:subClassOf	BTO:0000721
BTO:0006515	rdfs:subClassOf	BTO:0000721
BTO:0006518	rdfs:subClassOf	BTO:0000999
BTO:0006519	rdfs:subClassOf	BTO:0003841
BTO:0006520	rdfs:subClassOf	BTO:0001883
BTO:0006521	rdfs:subClassOf	BTO:0000456
BTO:0006522	rdfs:subClassOf	BTO:0000707
BTO:0006523	rdfs:subClassOf	BTO:0004044
BTO:0006524	rdfs:subClassOf	BTO:0002206
BTO:0006525	rdfs:subClassOf	BTO:0002206
BTO:0006526	rdfs:subClassOf	BTO:0002206
BTO:0006527	rdfs:subClassOf	BTO:0000356
BTO:0006528	rdfs:subClassOf	BTO:0000356
BTO:0006529	rdfs:subClassOf	BTO:0002206
BTO:0006530	rdfs:subClassOf	BTO:0000356
BTO:0006531	rdfs:subClassOf	BTO:0002062
BTO:0006533	rdfs:subClassOf	BTO:0001262
BTO:0006536	rdfs:subClassOf	BTO:0006535
BTO:0006537	rdfs:subClassOf	BTO:0006001
BTO:0006538	rdfs:subClassOf	BTO:0006001
BTO:0006539	rdfs:subClassOf	BTO:0002206
BTO:0006541	rdfs:subClassOf	BTO:0002206
BTO:0006542	rdfs:subClassOf	BTO:0004229
BTO:0006543	rdfs:subClassOf	BTO:0001530
BTO:0006544	rdfs:subClassOf	BTO:0001530
BTO:0006545	rdfs:subClassOf	BTO:0001530
BTO:0006546	rdfs:subClassOf	BTO:0001530
BTO:0006547	rdfs:subClassOf	BTO:0000794
BTO:0006548	rdfs:subClassOf	BTO:0001560
BTO:0006549	rdfs:subClassOf	BTO:0000067
BTO:0006550	rdfs:subClassOf	BTO:0000737
BTO:0006551	rdfs:subClassOf	BTO:0002891
BTO:0006552	rdfs:subClassOf	BTO:0001616
BTO:0006553	rdfs:subClassOf	BTO:0002211
BTO:0006554	rdfs:subClassOf	BTO:0004086
BTO:0006555	rdfs:subClassOf	BTO:0002600
BTO:0006558	rdfs:subClassOf	BTO:0001407
BTO:0006558	rdfs:subClassOf	BTO:0002058
BTO:0006559	rdfs:subClassOf	BTO:0002064
BTO:0006560	rdfs:subClassOf	BTO:0001242
BTO:0006560	rdfs:subClassOf	BTO:0002891
BTO:0006561	rdfs:subClassOf	BTO:0004270
BTO:0006562	rdfs:subClassOf	BTO:0003212
BTO:0006564	rdfs:subClassOf	BTO:0002206
BTO:0006565	rdfs:subClassOf	BTO:0002206
BTO:0006566	rdfs:subClassOf	BTO:0001926
BTO:0006567	rdfs:subClassOf	BTO:0001485
CHEBI:23367	rdfs:subClassOf	CHEBI:24431
CHEBI:24432	rdfs:subClassOf	CHEBI:50906
CHEBI:24632	rdfs:subClassOf	CHEBI:33245
CHEBI:25944	rdfs:subClassOf	CHEBI:33232
CHEBI:33232	rdfs:subClassOf	CHEBI:50906
CHEBI:33245	rdfs:subClassOf	CHEBI:37175
CHEBI:33245	rdfs:subClassOf	CHEBI:50860
CHEBI:33250	rdfs:subClassOf	CHEBI:24431
CHEBI:33290	rdfs:subClassOf	CHEBI:52211
CHEBI:33292	rdfs:subClassOf	CHEBI:33232
CHEBI:33521	rdfs:subClassOf	CHEBI:33250
CHEBI:33579	rdfs:subClassOf	CHEBI:23367
CHEBI:33582	rdfs:subClassOf	CHEBI:33675
CHEBI:33608	rdfs:subClassOf	CHEBI:33674
CHEBI:33674	rdfs:subClassOf	CHEBI:33579
CHEBI:33675	rdfs:subClassOf	CHEBI:33579
CHEBI:33692	rdfs:subClassOf	CHEBI:33608
CHEBI:33692	rdfs:subClassOf	CHEBI:37577
CHEBI:36357	rdfs:subClassOf	CHEBI:23367
CHEBI:37175	rdfs:subClassOf	CHEBI:33692
CHEBI:37577	rdfs:subClassOf	CHEBI:36357
CHEBI:50860	rdfs:subClassOf	CHEBI:33582
CHEBI:52211	rdfs:subClassOf	CHEBI:24432
CHEBI:5631	rdfs:subClassOf	CHEBI:33521
ENVO:00000000	rdfs:subClassOf	ENVO:01000813
ENVO:00000001	rdfs:subClassOf	ENVO:00000067
ENVO:00000002	rdfs:subClassOf	ENVO:00000000
ENVO:00000003	rdfs:subClassOf	ENVO:0010001
ENVO:00000004	rdfs:subClassOf	ENVO:01003020
ENVO:00000005	rdfs:subClassOf	ENVO:00000004
ENVO:00000006	rdfs:subClassOf	ENVO:00000004
ENVO:00000007	rdfs:subClassOf	ENVO:00000004
ENVO:00000008	rdfs:subClassOf	ENVO:00000004
ENVO:00000009	rdfs:subClassOf	ENVO:00000123
ENVO:00000010	rdfs:subClassOf	ENVO:00000070
ENVO:00000011	rdfs:subClassOf	ENVO:00000002
ENVO:00000012	rdfs:subClassOf	ENVO:00000000
ENVO:00000013	rdfs:subClassOf	ENVO:01001884
ENVO:00000014	rdfs:subClassOf	ENVO:00000029
ENVO:00000015	rdfs:subClassOf	ENVO:00001999
ENVO:00000015	rdfs:subClassOf	ENVO:01001319
ENVO:00000016	rdfs:subClassOf	ENVO:00001999
ENVO:00000016	rdfs:subClassOf	ENVO:01001319
ENVO:00000017	rdfs:subClassOf	ENVO:00000012
ENVO:00000019	rdfs:subClassOf	ENVO:00000020
ENVO:00000019	rdfs:subClassOf	ENVO:01001319
ENVO:00000020	rdfs:subClassOf	ENVO:01000617
ENVO:00000021	rdfs:subClassOf	ENVO:00000020
ENVO:00000021	rdfs:subClassOf	ENVO:01001320
ENVO:00000022	rdfs:subClassOf	ENVO:00000023
ENVO:00000023	rdfs:subClassOf	ENVO:00000029
ENVO:00000025	rdfs:subClassOf	ENVO:00000377
ENVO:00000026	rdfs:subClassOf	ENVO:00000002
ENVO:00000027	rdfs:subClassOf	ENVO:01001884
ENVO:00000028	rdfs:subClassOf	ENVO:00000284
ENVO:00000029	rdfs:subClassOf	ENVO:01000618
ENVO:00000030	rdfs:subClassOf	ENVO:00000067
ENVO:00000031	rdfs:subClassOf	ENVO:00000100
ENVO:00000032	rdfs:subClassOf	ENVO:00000137
ENVO:00000033	rdfs:subClassOf	ENVO:01000617
ENVO:00000034	rdfs:subClassOf	ENVO:01001308
ENVO:00000035	rdfs:subClassOf	ENVO:01001209
ENVO:00000036	rdfs:subClassOf	ENVO:00000014
ENVO:00000037	rdfs:subClassOf	ENVO:00000121
ENVO:00000038	rdfs:subClassOf	ENVO:01000325
ENVO:00000039	rdfs:subClassOf	ENVO:00000137
ENVO:00000040	rdfs:subClassOf	ENVO:01000618
ENVO:00000040	rdfs:subClassOf	ENVO:01001308
ENVO:00000041	rdfs:subClassOf	ENVO:00000412
ENVO:00000042	rdfs:subClassOf	ENVO:00000014
ENVO:00000043	rdfs:subClassOf	ENVO:01001305
ENVO:00000044	rdfs:subClassOf	ENVO:01001209
ENVO:00000045	rdfs:subClassOf	ENVO:00000063
ENVO:00000046	rdfs:subClassOf	ENVO:00000002
ENVO:00000048	rdfs:subClassOf	ENVO:00000014
ENVO:00000050	rdfs:subClassOf	ENVO:00000051
ENVO:00000051	rdfs:subClassOf	ENVO:00000027
ENVO:00000052	rdfs:subClassOf	ENVO:01001062
ENVO:00000053	rdfs:subClassOf	ENVO:00000035
ENVO:00000054	rdfs:subClassOf	ENVO:00000035
ENVO:00000055	rdfs:subClassOf	ENVO:00000033
ENVO:00000056	rdfs:subClassOf	ENVO:01000617
ENVO:00000057	rdfs:subClassOf	ENVO:00000230
ENVO:00000058	rdfs:subClassOf	ENVO:00000020
ENVO:00000058	rdfs:subClassOf	ENVO:00000061
ENVO:00000059	rdfs:subClassOf	ENVO:00000022
ENVO:00000059	rdfs:subClassOf	ENVO:00000060
ENVO:00000060	rdfs:subClassOf	ENVO:00000023
ENVO:00000060	rdfs:subClassOf	ENVO:00000061
ENVO:00000061	rdfs:subClassOf	ENVO:00000063
ENVO:00000062	rdfs:subClassOf	ENVO:01000408
ENVO:00000063	rdfs:subClassOf	ENVO:01000685
ENVO:00000064	rdfs:subClassOf	ENVO:01001272
ENVO:00000065	rdfs:subClassOf	ENVO:00000010
ENVO:00000066	rdfs:subClassOf	ENVO:00000068
ENVO:00000067	rdfs:subClassOf	ENVO:01001884
ENVO:00000068	rdfs:subClassOf	ENVO:03000117
ENVO:00000069	rdfs:subClassOf	ENVO:00000023
ENVO:00000070	rdfs:subClassOf	ENVO:01000813
ENVO:00000070	rdfs:subClassOf	ENVO:01001813
ENVO:00000071	rdfs:subClassOf	ENVO:00000067
ENVO:00000072	rdfs:subClassOf	ENVO:00000014
ENVO:00000073	rdfs:subClassOf	ENVO:00000070
ENVO:00000074	rdfs:subClassOf	ENVO:01000467
ENVO:00000075	rdfs:subClassOf	ENVO:00000010
ENVO:00000076	rdfs:subClassOf	ENVO:00000070
ENVO:00000077	rdfs:subClassOf	ENVO:01001828
ENVO:00000078	rdfs:subClassOf	ENVO:00000077
ENVO:00000079	rdfs:subClassOf	ENVO:00000014
ENVO:00000080	rdfs:subClassOf	ENVO:00000478
ENVO:00000081	rdfs:subClassOf	ENVO:00000477
ENVO:00000082	rdfs:subClassOf	ENVO:00000478
ENVO:00000083	rdfs:subClassOf	ENVO:00000477
ENVO:00000084	rdfs:subClassOf	ENVO:01001884
ENVO:00000085	rdfs:subClassOf	ENVO:00000133
ENVO:00000086	rdfs:subClassOf	ENVO:01001884
ENVO:00000087	rdfs:subClassOf	ENVO:00002000
ENVO:00000088	rdfs:subClassOf	ENVO:00000087
ENVO:00000089	rdfs:subClassOf	ENVO:00000087
ENVO:00000090	rdfs:subClassOf	ENVO:00000086
ENVO:00000091	rdfs:subClassOf	ENVO:01001884
ENVO:00000092	rdfs:subClassOf	ENVO:00000091
ENVO:00000093	rdfs:subClassOf	ENVO:00000091
ENVO:00000094	rdfs:subClassOf	ENVO:01001884
ENVO:00000096	rdfs:subClassOf	ENVO:00000514
ENVO:00000097	rdfs:subClassOf	ENVO:01000752
ENVO:00000098	rdfs:subClassOf	ENVO:01000635
ENVO:00000099	rdfs:subClassOf	ENVO:00000098
ENVO:00000100	rdfs:subClassOf	ENVO:03000015
ENVO:00000101	rdfs:subClassOf	ENVO:00000386
ENVO:00000103	rdfs:subClassOf	ENVO:00000098
ENVO:00000104	rdfs:subClassOf	ENVO:00000012
ENVO:00000105	rdfs:subClassOf	ENVO:01001309
ENVO:00000105	rdfs:subClassOf	ENVO:01001477
ENVO:00000105	rdfs:subClassOf	ENVO:01001483
ENVO:00000106	rdfs:subClassOf	ENVO:01001305
ENVO:00000107	rdfs:subClassOf	ENVO:01001305
ENVO:00000108	rdfs:subClassOf	ENVO:01001206
ENVO:00000109	rdfs:subClassOf	ENVO:01001305
ENVO:00000110	rdfs:subClassOf	ENVO:00000322
ENVO:00000111	rdfs:subClassOf	ENVO:00000109
ENVO:00000112	rdfs:subClassOf	ENVO:01001305
ENVO:00000114	rdfs:subClassOf	ENVO:01000352
ENVO:00000115	rdfs:subClassOf	ENVO:00000117
ENVO:00000116	rdfs:subClassOf	ENVO:00000117
ENVO:00000117	rdfs:subClassOf	ENVO:00000078
ENVO:00000117	rdfs:subClassOf	ENVO:01000813
ENVO:00000118	rdfs:subClassOf	ENVO:00000117
ENVO:00000119	rdfs:subClassOf	ENVO:01001243
ENVO:00000120	rdfs:subClassOf	ENVO:00000117
ENVO:00000121	rdfs:subClassOf	ENVO:00000070
ENVO:00000121	rdfs:subClassOf	ENVO:00000395
ENVO:00000122	rdfs:subClassOf	ENVO:00000064
ENVO:00000124	rdfs:subClassOf	ENVO:00000123
ENVO:00000125	rdfs:subClassOf	ENVO:00000027
ENVO:00000126	rdfs:subClassOf	ENVO:00000125
ENVO:00000127	rdfs:subClassOf	ENVO:01001884
ENVO:00000128	rdfs:subClassOf	ENVO:00000100
ENVO:00000129	rdfs:subClassOf	ENVO:00000100
ENVO:00000130	rdfs:subClassOf	ENVO:01001899
ENVO:00000132	rdfs:subClassOf	ENVO:00000133
ENVO:00000133	rdfs:subClassOf	ENVO:01001691
ENVO:00000134	rdfs:subClassOf	ENVO:00010483
ENVO:00000135	rdfs:subClassOf	ENVO:00000004
ENVO:00000136	rdfs:subClassOf	ENVO:00000135
ENVO:00000137	rdfs:subClassOf	ENVO:00000475
ENVO:00000138	rdfs:subClassOf	ENVO:00000137
ENVO:00000139	rdfs:subClassOf	ENVO:00000037
ENVO:00000140	rdfs:subClassOf	ENVO:00000037
ENVO:00000141	rdfs:subClassOf	ENVO:00002000
ENVO:00000142	rdfs:subClassOf	ENVO:00000141
ENVO:00000143	rdfs:subClassOf	ENVO:00000142
ENVO:00000145	rdfs:subClassOf	ENVO:01001547
ENVO:00000146	rdfs:subClassOf	ENVO:01000352
ENVO:00000147	rdfs:subClassOf	ENVO:01000067
ENVO:00000148	rdfs:subClassOf	ENVO:01001784
ENVO:00000149	rdfs:subClassOf	ENVO:01001899
ENVO:00000150	rdfs:subClassOf	ENVO:01000143
ENVO:00000151	rdfs:subClassOf	ENVO:00000196
ENVO:00000152	rdfs:subClassOf	ENVO:00000023
ENVO:00000153	rdfs:subClassOf	ENVO:01001784
ENVO:00000154	rdfs:subClassOf	ENVO:01000449
ENVO:00000155	rdfs:subClassOf	ENVO:00000248
ENVO:00000156	rdfs:subClassOf	ENVO:01001304
ENVO:00000157	rdfs:subClassOf	ENVO:01001884
ENVO:00000158	rdfs:subClassOf	ENVO:00000010
ENVO:00000159	rdfs:subClassOf	ENVO:00000117
ENVO:00000160	rdfs:subClassOf	ENVO:00000117
ENVO:00000161	rdfs:subClassOf	ENVO:00000117
ENVO:00000162	rdfs:subClassOf	ENVO:00000117
ENVO:00000163	rdfs:subClassOf	ENVO:00000117
ENVO:00000164	rdfs:subClassOf	ENVO:00000117
ENVO:00000165	rdfs:subClassOf	ENVO:00000020
ENVO:00000166	rdfs:subClassOf	ENVO:00000222
ENVO:00000167	rdfs:subClassOf	ENVO:00000012
ENVO:00000168	rdfs:subClassOf	ENVO:00000012
ENVO:00000169	rdfs:subClassOf	ENVO:00000100
ENVO:00000170	rdfs:subClassOf	ENVO:00000083
ENVO:00000171	rdfs:subClassOf	ENVO:00000129
ENVO:00000172	rdfs:subClassOf	ENVO:00000097
ENVO:00000173	rdfs:subClassOf	ENVO:00000097
ENVO:00000174	rdfs:subClassOf	ENVO:01001884
ENVO:00000175	rdfs:subClassOf	ENVO:01001884
ENVO:00000176	rdfs:subClassOf	ENVO:01001886
ENVO:00000177	rdfs:subClassOf	ENVO:01001884
ENVO:00000178	rdfs:subClassOf	ENVO:00000012
ENVO:00000178	rdfs:subClassOf	ENVO:00000070
ENVO:00000178	rdfs:subClassOf	ENVO:00002000
ENVO:00000179	rdfs:subClassOf	ENVO:01001491
ENVO:00000180	rdfs:subClassOf	ENVO:00000477
ENVO:00000181	rdfs:subClassOf	ENVO:00000480
ENVO:00000182	rdfs:subClassOf	ENVO:01001491
ENVO:00000183	rdfs:subClassOf	ENVO:00000097
ENVO:00000184	rdfs:subClassOf	ENVO:00000248
ENVO:00000185	rdfs:subClassOf	ENVO:00000044
ENVO:00000186	rdfs:subClassOf	ENVO:00000044
ENVO:00000187	rdfs:subClassOf	ENVO:00000044
ENVO:00000188	rdfs:subClassOf	ENVO:00000044
ENVO:00000189	rdfs:subClassOf	ENVO:00000044
ENVO:00000190	rdfs:subClassOf	ENVO:00000104
ENVO:00000191	rdfs:subClassOf	ENVO:01001784
ENVO:00000192	rdfs:subClassOf	ENVO:00000230
ENVO:00000193	rdfs:subClassOf	ENVO:00000117
ENVO:00000194	rdfs:subClassOf	ENVO:01000814
ENVO:00000195	rdfs:subClassOf	ENVO:00000309
ENVO:00000195	rdfs:subClassOf	ENVO:01001884
ENVO:00000196	rdfs:subClassOf	ENVO:01000296
ENVO:00000197	rdfs:subClassOf	ENVO:00000020
ENVO:00000198	rdfs:subClassOf	ENVO:00000488
ENVO:00000199	rdfs:subClassOf	ENVO:00000020
ENVO:00000200	rdfs:subClassOf	ENVO:00000488
ENVO:00000201	rdfs:subClassOf	ENVO:00000020
ENVO:00000202	rdfs:subClassOf	ENVO:00000020
ENVO:00000203	rdfs:subClassOf	ENVO:01001092
ENVO:00000204	rdfs:subClassOf	ENVO:00000027
ENVO:00000205	rdfs:subClassOf	ENVO:00000027
ENVO:00000206	rdfs:subClassOf	ENVO:01000295
ENVO:00000207	rdfs:subClassOf	ENVO:01000295
ENVO:00000208	rdfs:subClassOf	ENVO:01000295
ENVO:00000209	rdfs:subClassOf	ENVO:01000295
ENVO:00000210	rdfs:subClassOf	ENVO:01000295
ENVO:00000211	rdfs:subClassOf	ENVO:00000210
ENVO:00000212	rdfs:subClassOf	ENVO:00000210
ENVO:00000213	rdfs:subClassOf	ENVO:00000210
ENVO:00000214	rdfs:subClassOf	ENVO:00000210
ENVO:00000215	rdfs:subClassOf	ENVO:00000027
ENVO:00000216	rdfs:subClassOf	ENVO:01000667
ENVO:00000217	rdfs:subClassOf	ENVO:00000216
ENVO:00000218	rdfs:subClassOf	ENVO:01000122
ENVO:00000219	rdfs:subClassOf	ENVO:00000016
ENVO:00000220	rdfs:subClassOf	ENVO:01001784
ENVO:00000221	rdfs:subClassOf	ENVO:00000098
ENVO:00000222	rdfs:subClassOf	ENVO:00000098
ENVO:00000223	rdfs:subClassOf	ENVO:00002000
ENVO:00000224	rdfs:subClassOf	ENVO:00000045
ENVO:00000225	rdfs:subClassOf	ENVO:00000045
ENVO:00000226	rdfs:subClassOf	ENVO:00000045
ENVO:00000228	rdfs:subClassOf	ENVO:00000045
ENVO:00000229	rdfs:subClassOf	ENVO:00000045
ENVO:00000230	rdfs:subClassOf	ENVO:01001209
ENVO:00000231	rdfs:subClassOf	ENVO:00000243
ENVO:00000232	rdfs:subClassOf	ENVO:00000044
ENVO:00000233	rdfs:subClassOf	ENVO:01001209
ENVO:00000234	rdfs:subClassOf	ENVO:00000023
ENVO:00000235	rdfs:subClassOf	ENVO:00000232
ENVO:00000236	rdfs:subClassOf	ENVO:00000243
ENVO:00000237	rdfs:subClassOf	ENVO:00000236
ENVO:00000238	rdfs:subClassOf	ENVO:00000236
ENVO:00000239	rdfs:subClassOf	ENVO:00000243
ENVO:00000240	rdfs:subClassOf	ENVO:01001209
ENVO:00000241	rdfs:subClassOf	ENVO:00000192
ENVO:00000242	rdfs:subClassOf	ENVO:00000192
ENVO:00000243	rdfs:subClassOf	ENVO:01001209
ENVO:00000244	rdfs:subClassOf	ENVO:00000086
ENVO:00000245	rdfs:subClassOf	ENVO:00000514
ENVO:00000246	rdfs:subClassOf	ENVO:00000514
ENVO:00000247	rdfs:subClassOf	ENVO:01000667
ENVO:00000248	rdfs:subClassOf	ENVO:00000100
ENVO:00000249	rdfs:subClassOf	ENVO:00000177
ENVO:00000250	rdfs:subClassOf	ENVO:00000177
ENVO:00000251	rdfs:subClassOf	ENVO:00000177
ENVO:00000252	rdfs:subClassOf	ENVO:00000177
ENVO:00000253	rdfs:subClassOf	ENVO:00000086
ENVO:00000254	rdfs:subClassOf	ENVO:00000086
ENVO:00000255	rdfs:subClassOf	ENVO:00000086
ENVO:00000256	rdfs:subClassOf	ENVO:00000309
ENVO:00000256	rdfs:subClassOf	ENVO:01001884
ENVO:00000257	rdfs:subClassOf	ENVO:01000352
ENVO:00000258	rdfs:subClassOf	ENVO:00000086
ENVO:00000259	rdfs:subClassOf	ENVO:00000086
ENVO:00000260	rdfs:subClassOf	ENVO:00000106
ENVO:00000261	rdfs:subClassOf	ENVO:00000106
ENVO:00000262	rdfs:subClassOf	ENVO:00000106
ENVO:00000263	rdfs:subClassOf	ENVO:00000067
ENVO:00000264	rdfs:subClassOf	ENVO:00000081
ENVO:00000265	rdfs:subClassOf	ENVO:00000264
ENVO:00000266	rdfs:subClassOf	ENVO:00000077
ENVO:00000266	rdfs:subClassOf	ENVO:01001206
ENVO:00000267	rdfs:subClassOf	ENVO:00000169
ENVO:00000268	rdfs:subClassOf	ENVO:00000501
ENVO:00000269	rdfs:subClassOf	ENVO:00000221
ENVO:00000270	rdfs:subClassOf	ENVO:00000033
ENVO:00000271	rdfs:subClassOf	ENVO:00000196
ENVO:00000272	rdfs:subClassOf	ENVO:00000012
ENVO:00000273	rdfs:subClassOf	ENVO:00002000
ENVO:00000274	rdfs:subClassOf	ENVO:00002000
ENVO:00000275	rdfs:subClassOf	ENVO:01000649
ENVO:00000276	rdfs:subClassOf	ENVO:00000083
ENVO:00000277	rdfs:subClassOf	ENVO:00000309
ENVO:00000277	rdfs:subClassOf	ENVO:01001884
ENVO:00000278	rdfs:subClassOf	ENVO:00000395
ENVO:00000279	rdfs:subClassOf	ENVO:01000296
ENVO:00000280	rdfs:subClassOf	ENVO:00002000
ENVO:00000281	rdfs:subClassOf	ENVO:00000280
ENVO:00000282	rdfs:subClassOf	ENVO:00000283
ENVO:00000283	rdfs:subClassOf	ENVO:00000176
ENVO:00000284	rdfs:subClassOf	ENVO:02000110
ENVO:00000285	rdfs:subClassOf	ENVO:00010504
ENVO:00000286	rdfs:subClassOf	ENVO:01001884
ENVO:00000287	rdfs:subClassOf	ENVO:01001491
ENVO:00000288	rdfs:subClassOf	ENVO:00000117
ENVO:00000289	rdfs:subClassOf	ENVO:00000176
ENVO:00000289	rdfs:subClassOf	ENVO:01001884
ENVO:00000290	rdfs:subClassOf	ENVO:00000309
ENVO:00000290	rdfs:subClassOf	ENVO:01001884
ENVO:00000291	rdfs:subClassOf	ENVO:00000309
ENVO:00000291	rdfs:subClassOf	ENVO:01001884
ENVO:00000292	rdfs:subClassOf	ENVO:00000191
ENVO:00000293	rdfs:subClassOf	ENVO:00000292
ENVO:00000294	rdfs:subClassOf	ENVO:00000077
ENVO:00000295	rdfs:subClassOf	ENVO:01001873
ENVO:00000296	rdfs:subClassOf	ENVO:00000117
ENVO:00000297	rdfs:subClassOf	ENVO:00000114
ENVO:00000298	rdfs:subClassOf	ENVO:01001345
ENVO:00000298	rdfs:subClassOf	ENVO:01001546
ENVO:00000299	rdfs:subClassOf	ENVO:01000352
ENVO:00000299	rdfs:subClassOf	ENVO:03000110
ENVO:00000300	rdfs:subClassOf	ENVO:01001305
ENVO:00000301	rdfs:subClassOf	ENVO:00000300
ENVO:00000302	rdfs:subClassOf	ENVO:00000100
ENVO:00000303	rdfs:subClassOf	ENVO:01000687
ENVO:00000304	rdfs:subClassOf	ENVO:01001884
ENVO:00000305	rdfs:subClassOf	ENVO:01001781
ENVO:00000305	rdfs:subClassOf	ENVO:01001884
ENVO:00000306	rdfs:subClassOf	ENVO:00000167
ENVO:00000307	rdfs:subClassOf	ENVO:01001547
ENVO:00000308	rdfs:subClassOf	ENVO:00000100
ENVO:00000309	rdfs:subClassOf	ENVO:01001886
ENVO:00000310	rdfs:subClassOf	ENVO:01001071
ENVO:00000311	rdfs:subClassOf	ENVO:00000309
ENVO:00000311	rdfs:subClassOf	ENVO:01001884
ENVO:00000312	rdfs:subClassOf	ENVO:00000086
ENVO:00000313	rdfs:subClassOf	ENVO:00000309
ENVO:00000313	rdfs:subClassOf	ENVO:01001884
ENVO:00000314	rdfs:subClassOf	ENVO:00000012
ENVO:00000315	rdfs:subClassOf	ENVO:00000314
ENVO:00000316	rdfs:subClassOf	ENVO:01001201
ENVO:00000317	rdfs:subClassOf	ENVO:01000617
ENVO:00000318	rdfs:subClassOf	ENVO:01001201
ENVO:00000319	rdfs:subClassOf	ENVO:01001201
ENVO:00000320	rdfs:subClassOf	ENVO:01000667
ENVO:00000321	rdfs:subClassOf	ENVO:00000067
ENVO:00000322	rdfs:subClassOf	ENVO:01000361
ENVO:00000323	rdfs:subClassOf	ENVO:00000067
ENVO:00000324	rdfs:subClassOf	ENVO:00000067
ENVO:00000325	rdfs:subClassOf	ENVO:00000309
ENVO:00000325	rdfs:subClassOf	ENVO:01001884
ENVO:00000326	rdfs:subClassOf	ENVO:00000067
ENVO:00000327	rdfs:subClassOf	ENVO:01000255
ENVO:00000328	rdfs:subClassOf	ENVO:01001275
ENVO:00000328	rdfs:subClassOf	ENVO:01001684
ENVO:00000329	rdfs:subClassOf	ENVO:01001784
ENVO:00000330	rdfs:subClassOf	ENVO:00000327
ENVO:00000331	rdfs:subClassOf	ENVO:00000327
ENVO:00000332	rdfs:subClassOf	ENVO:00000309
ENVO:00000332	rdfs:subClassOf	ENVO:00002184
ENVO:00000333	rdfs:subClassOf	ENVO:00000175
ENVO:00000334	rdfs:subClassOf	ENVO:00000175
ENVO:00000335	rdfs:subClassOf	ENVO:00000175
ENVO:00000336	rdfs:subClassOf	ENVO:00000175
ENVO:00000338	rdfs:subClassOf	ENVO:02000019
ENVO:00000339	rdfs:subClassOf	ENVO:01001687
ENVO:00000340	rdfs:subClassOf	ENVO:01003002
ENVO:00000341	rdfs:subClassOf	ENVO:00000339
ENVO:00000342	rdfs:subClassOf	ENVO:00000176
ENVO:00000342	rdfs:subClassOf	ENVO:01001884
ENVO:00000343	rdfs:subClassOf	ENVO:01003002
ENVO:00000344	rdfs:subClassOf	ENVO:00000191
ENVO:00000344	rdfs:subClassOf	ENVO:00000340
ENVO:00000345	rdfs:subClassOf	ENVO:00000191
ENVO:00000345	rdfs:subClassOf	ENVO:00000340
ENVO:00000346	rdfs:subClassOf	ENVO:00000191
ENVO:00000346	rdfs:subClassOf	ENVO:00000340
ENVO:00000347	rdfs:subClassOf	ENVO:00000340
ENVO:00000348	rdfs:subClassOf	ENVO:00000340
ENVO:00000349	rdfs:subClassOf	ENVO:00010622
ENVO:00000350	rdfs:subClassOf	ENVO:00000247
ENVO:00000351	rdfs:subClassOf	ENVO:00000220
ENVO:00000352	rdfs:subClassOf	ENVO:00000351
ENVO:00000353	rdfs:subClassOf	ENVO:00000351
ENVO:00000354	rdfs:subClassOf	ENVO:01001851
ENVO:00000355	rdfs:subClassOf	ENVO:00000354
ENVO:00000356	rdfs:subClassOf	ENVO:00000398
ENVO:00000357	rdfs:subClassOf	ENVO:00000010
ENVO:00000358	rdfs:subClassOf	ENVO:01001567
ENVO:00000359	rdfs:subClassOf	ENVO:01000951
ENVO:00000360	rdfs:subClassOf	ENVO:00000358
ENVO:00000361	rdfs:subClassOf	ENVO:00000358
ENVO:00000362	rdfs:subClassOf	ENVO:00000358
ENVO:00000363	rdfs:subClassOf	ENVO:00000358
ENVO:00000364	rdfs:subClassOf	ENVO:00000374
ENVO:00000365	rdfs:subClassOf	ENVO:00000363
ENVO:00000366	rdfs:subClassOf	ENVO:00000358
ENVO:00000367	rdfs:subClassOf	ENVO:01001169
ENVO:00000368	rdfs:subClassOf	ENVO:00000098
ENVO:00000369	rdfs:subClassOf	ENVO:01000617
ENVO:00000369	rdfs:subClassOf	ENVO:01001308
ENVO:00000370	rdfs:subClassOf	ENVO:00000247
ENVO:00000371	rdfs:subClassOf	ENVO:00000247
ENVO:00000372	rdfs:subClassOf	ENVO:00000403
ENVO:00000374	rdfs:subClassOf	ENVO:00000358
ENVO:00000375	rdfs:subClassOf	ENVO:01001567
ENVO:00000376	rdfs:subClassOf	ENVO:00000358
ENVO:00000377	rdfs:subClassOf	ENVO:00000020
ENVO:00000377	rdfs:subClassOf	ENVO:00000070
ENVO:00000378	rdfs:subClassOf	ENVO:00000025
ENVO:00000379	rdfs:subClassOf	ENVO:01000452
ENVO:00000380	rdfs:subClassOf	ENVO:01001547
ENVO:00000380	rdfs:subClassOf	UBERON:0000061
ENVO:00000381	rdfs:subClassOf	ENVO:00000176
ENVO:00000382	rdfs:subClassOf	ENVO:00000304
ENVO:00000383	rdfs:subClassOf	ENVO:00000501
ENVO:00000384	rdfs:subClassOf	ENVO:00000383
ENVO:00000385	rdfs:subClassOf	ENVO:00000479
ENVO:00000385	rdfs:subClassOf	ENVO:01001308
ENVO:00000386	rdfs:subClassOf	ENVO:00000385
ENVO:00000387	rdfs:subClassOf	ENVO:00000549
ENVO:00000389	rdfs:subClassOf	ENVO:01001209
ENVO:00000390	rdfs:subClassOf	ENVO:01001489
ENVO:00000391	rdfs:subClassOf	ENVO:00000174
ENVO:00000392	rdfs:subClassOf	ENVO:01001345
ENVO:00000392	rdfs:subClassOf	ENVO:01001547
ENVO:00000393	rdfs:subClassOf	ENVO:00000137
ENVO:00000394	rdfs:subClassOf	ENVO:00000395
ENVO:00000395	rdfs:subClassOf	ENVO:00000309
ENVO:00000396	rdfs:subClassOf	ENVO:00000395
ENVO:00000397	rdfs:subClassOf	ENVO:00000395
ENVO:00000398	rdfs:subClassOf	ENVO:00000094
ENVO:00000398	rdfs:subClassOf	ENVO:00000176
ENVO:00000399	rdfs:subClassOf	ENVO:00000398
ENVO:00000400	rdfs:subClassOf	ENVO:00000398
ENVO:00000401	rdfs:subClassOf	ENVO:00000398
ENVO:00000402	rdfs:subClassOf	ENVO:00000247
ENVO:00000403	rdfs:subClassOf	ENVO:00000247
ENVO:00000404	rdfs:subClassOf	ENVO:00000247
ENVO:00000406	rdfs:subClassOf	ENVO:00000550
ENVO:00000407	rdfs:subClassOf	ENVO:00000247
ENVO:00000408	rdfs:subClassOf	ENVO:00000247
ENVO:00000409	rdfs:subClassOf	ENVO:01000067
ENVO:00000410	rdfs:subClassOf	ENVO:00000176
ENVO:00000410	rdfs:subClassOf	ENVO:01001884
ENVO:00000411	rdfs:subClassOf	ENVO:00000010
ENVO:00000412	rdfs:subClassOf	ENVO:00000029
ENVO:00000413	rdfs:subClassOf	ENVO:00000176
ENVO:00000413	rdfs:subClassOf	ENVO:01001884
ENVO:00000414	rdfs:subClassOf	ENVO:01001884
ENVO:00000415	rdfs:subClassOf	ENVO:00000091
ENVO:00000416	rdfs:subClassOf	ENVO:00000170
ENVO:00000417	rdfs:subClassOf	ENVO:00000415
ENVO:00000418	rdfs:subClassOf	ENVO:00000100
ENVO:00000419	rdfs:subClassOf	ENVO:00000176
ENVO:00000419	rdfs:subClassOf	ENVO:01001884
ENVO:00000420	rdfs:subClassOf	ENVO:00000167
ENVO:00000421	rdfs:subClassOf	ENVO:01001884
ENVO:00000422	rdfs:subClassOf	ENVO:00000175
ENVO:00000423	rdfs:subClassOf	ENVO:00000098
ENVO:00000424	rdfs:subClassOf	ENVO:00000098
ENVO:00000426	rdfs:subClassOf	ENVO:01001378
ENVO:00000427	rdfs:subClassOf	ENVO:01001477
ENVO:00000428	rdfs:subClassOf	ENVO:01000813
ENVO:00000428	rdfs:subClassOf	ENVO:01001110
ENVO:00000429	rdfs:subClassOf	ENVO:00000283
ENVO:00000430	rdfs:subClassOf	ENVO:01001884
ENVO:00000431	rdfs:subClassOf	ENVO:00000082
ENVO:00000432	rdfs:subClassOf	ENVO:00000477
ENVO:00000433	rdfs:subClassOf	ENVO:00000508
ENVO:00000434	rdfs:subClassOf	ENVO:00000086
ENVO:00000435	rdfs:subClassOf	ENVO:00000488
ENVO:00000436	rdfs:subClassOf	ENVO:00000248
ENVO:00000437	rdfs:subClassOf	ENVO:00000436
ENVO:00000438	rdfs:subClassOf	ENVO:00000309
ENVO:00000438	rdfs:subClassOf	ENVO:01001884
ENVO:00000439	rdfs:subClassOf	ENVO:00000100
ENVO:00000440	rdfs:subClassOf	ENVO:00000067
ENVO:00000441	rdfs:subClassOf	ENVO:00000283
ENVO:00000442	rdfs:subClassOf	ENVO:00000409
ENVO:00000443	rdfs:subClassOf	ENVO:00000025
ENVO:00000444	rdfs:subClassOf	ENVO:01000352
ENVO:00000445	rdfs:subClassOf	ENVO:00000072
ENVO:00000446	rdfs:subClassOf	ENVO:00000428
ENVO:00000446	rdfs:subClassOf	ENVO:01001790
ENVO:00000447	rdfs:subClassOf	ENVO:00002030
ENVO:00000447	rdfs:subClassOf	ENVO:01001788
ENVO:00000448	rdfs:subClassOf	ENVO:00000025
ENVO:00000449	rdfs:subClassOf	ENVO:00000025
ENVO:00000450	rdfs:subClassOf	ENVO:00000025
ENVO:00000451	rdfs:subClassOf	ENVO:00000377
ENVO:00000452	rdfs:subClassOf	ENVO:00000020
ENVO:00000453	rdfs:subClassOf	ENVO:01000617
ENVO:00000454	rdfs:subClassOf	ENVO:00000387
ENVO:00000455	rdfs:subClassOf	ENVO:00000020
ENVO:00000456	rdfs:subClassOf	ENVO:00000133
ENVO:00000457	rdfs:subClassOf	ENVO:00000133
ENVO:00000458	rdfs:subClassOf	ENVO:00000133
ENVO:00000459	rdfs:subClassOf	ENVO:00000133
ENVO:00000460	rdfs:subClassOf	ENVO:00000086
ENVO:00000461	rdfs:subClassOf	ENVO:00000514
ENVO:00000462	rdfs:subClassOf	ENVO:00000354
ENVO:00000463	rdfs:subClassOf	ENVO:01001884
ENVO:00000464	rdfs:subClassOf	ENVO:00000070
ENVO:00000464	rdfs:subClassOf	ENVO:00000463
ENVO:00000465	rdfs:subClassOf	ENVO:00000463
ENVO:00000467	rdfs:subClassOf	ENVO:03501129
ENVO:00000468	rdfs:subClassOf	ENVO:00000074
ENVO:00000469	rdfs:subClassOf	ENVO:00000070
ENVO:00000470	rdfs:subClassOf	ENVO:00000074
ENVO:00000471	rdfs:subClassOf	ENVO:00000074
ENVO:00000472	rdfs:subClassOf	ENVO:00000029
ENVO:00000473	rdfs:subClassOf	ENVO:00000284
ENVO:00000474	rdfs:subClassOf	ENVO:00000002
ENVO:00000475	rdfs:subClassOf	ENVO:00000012
ENVO:00000476	rdfs:subClassOf	ENVO:00000475
ENVO:00000477	rdfs:subClassOf	ENVO:00000176
ENVO:00000478	rdfs:subClassOf	ENVO:01000352
ENVO:00000479	rdfs:subClassOf	ENVO:00000029
ENVO:00000480	rdfs:subClassOf	ENVO:01001886
ENVO:00000481	rdfs:subClassOf	ENVO:00000176
ENVO:00000482	rdfs:subClassOf	ENVO:01001378
ENVO:00000483	rdfs:subClassOf	ENVO:00000063
ENVO:00000483	rdfs:subClassOf	ENVO:01001308
ENVO:00000484	rdfs:subClassOf	ENVO:01001581
ENVO:00000485	rdfs:subClassOf	ENVO:00000304
ENVO:00000487	rdfs:subClassOf	ENVO:00000488
ENVO:00000488	rdfs:subClassOf	ENVO:00000020
ENVO:00000489	rdfs:subClassOf	ENVO:01001568
ENVO:00000490	rdfs:subClassOf	ENVO:00000023
ENVO:00000491	rdfs:subClassOf	ENVO:00000023
ENVO:00000492	rdfs:subClassOf	ENVO:00000023
ENVO:00000493	rdfs:subClassOf	ENVO:00000023
ENVO:00000494	rdfs:subClassOf	ENVO:00000023
ENVO:00000495	rdfs:subClassOf	ENVO:00000023
ENVO:00000496	rdfs:subClassOf	ENVO:00000309
ENVO:00000496	rdfs:subClassOf	ENVO:01001884
ENVO:00000497	rdfs:subClassOf	ENVO:00000427
ENVO:00000498	rdfs:subClassOf	ENVO:01000659
ENVO:00000498	rdfs:subClassOf	ENVO:01000671
ENVO:00000499	rdfs:subClassOf	ENVO:00000309
ENVO:00000500	rdfs:subClassOf	ENVO:00005803
ENVO:00000501	rdfs:subClassOf	ENVO:00000191
ENVO:00000501	rdfs:subClassOf	ENVO:01001311
ENVO:00000501	rdfs:subClassOf	ENVO:01001483
ENVO:00000502	rdfs:subClassOf	ENVO:00000387
ENVO:00000503	rdfs:subClassOf	ENVO:00000202
ENVO:00000503	rdfs:subClassOf	ENVO:00000387
ENVO:00000504	rdfs:subClassOf	ENVO:00000549
ENVO:00000505	rdfs:subClassOf	ENVO:00000036
ENVO:00000505	rdfs:subClassOf	ENVO:00000061
ENVO:00000506	rdfs:subClassOf	ENVO:00000549
ENVO:00000507	rdfs:subClassOf	ENVO:00000479
ENVO:00000508	rdfs:subClassOf	ENVO:01001884
ENVO:00000509	rdfs:subClassOf	ENVO:00000508
ENVO:00000510	rdfs:subClassOf	ENVO:01001886
ENVO:00000511	rdfs:subClassOf	ENVO:00000044
ENVO:00000512	rdfs:subClassOf	ENVO:00000501
ENVO:00000513	rdfs:subClassOf	ENVO:00000501
ENVO:00000514	rdfs:subClassOf	ENVO:00000309
ENVO:00000515	rdfs:subClassOf	ENVO:00000474
ENVO:00000516	rdfs:subClassOf	ENVO:00000176
ENVO:00000516	rdfs:subClassOf	ENVO:01001884
ENVO:00000517	rdfs:subClassOf	ENVO:00000023
ENVO:00000518	rdfs:subClassOf	ENVO:00000479
ENVO:00000519	rdfs:subClassOf	ENVO:00000077
ENVO:00000519	rdfs:subClassOf	ENVO:00000508
ENVO:00000520	rdfs:subClassOf	ENVO:01001884
ENVO:00000521	rdfs:subClassOf	ENVO:00000520
ENVO:00000522	rdfs:subClassOf	ENVO:00000066
ENVO:00000523	rdfs:subClassOf	ENVO:00000395
ENVO:00000524	rdfs:subClassOf	ENVO:00000309
ENVO:00000524	rdfs:subClassOf	ENVO:01001884
ENVO:00000525	rdfs:subClassOf	ENVO:00000023
ENVO:00000526	rdfs:subClassOf	ENVO:01001884
ENVO:00000527	rdfs:subClassOf	ENVO:00000176
ENVO:00000527	rdfs:subClassOf	ENVO:01001884
ENVO:00000528	rdfs:subClassOf	ENVO:00000283
ENVO:00000529	rdfs:subClassOf	ENVO:00000283
ENVO:00000530	rdfs:subClassOf	ENVO:00002000
ENVO:00000531	rdfs:subClassOf	ENVO:00000309
ENVO:00000531	rdfs:subClassOf	ENVO:01001884
ENVO:00000532	rdfs:subClassOf	ENVO:00000504
ENVO:00000533	rdfs:subClassOf	ENVO:00000309
ENVO:00000533	rdfs:subClassOf	ENVO:01001884
ENVO:00000534	rdfs:subClassOf	ENVO:00000309
ENVO:00000534	rdfs:subClassOf	ENVO:01001884
ENVO:00000535	rdfs:subClassOf	ENVO:00000074
ENVO:00000536	rdfs:subClassOf	ENVO:00000309
ENVO:00000537	rdfs:subClassOf	ENVO:00000176
ENVO:00000537	rdfs:subClassOf	ENVO:01001884
ENVO:00000538	rdfs:subClassOf	ENVO:01001884
ENVO:00000539	rdfs:subClassOf	ENVO:00000309
ENVO:00000540	rdfs:subClassOf	ENVO:00000019
ENVO:00000540	rdfs:subClassOf	ENVO:01001321
ENVO:00000541	rdfs:subClassOf	ENVO:00000033
ENVO:00000541	rdfs:subClassOf	ENVO:01001321
ENVO:00000542	rdfs:subClassOf	ENVO:00000176
ENVO:00000542	rdfs:subClassOf	ENVO:01001884
ENVO:00000543	rdfs:subClassOf	ENVO:00000309
ENVO:00000543	rdfs:subClassOf	ENVO:01001884
ENVO:00000544	rdfs:subClassOf	ENVO:00000121
ENVO:00000545	rdfs:subClassOf	ENVO:00000091
ENVO:00000546	rdfs:subClassOf	ENVO:00002007
ENVO:00000547	rdfs:subClassOf	ENVO:00000033
ENVO:00000548	rdfs:subClassOf	ENVO:00000191
ENVO:00000548	rdfs:subClassOf	ENVO:01000352
ENVO:00000549	rdfs:subClassOf	ENVO:00000309
ENVO:00000549	rdfs:subClassOf	ENVO:01001884
ENVO:00000550	rdfs:subClassOf	ENVO:00000080
ENVO:00000551	rdfs:subClassOf	ENVO:00000291
ENVO:00000552	rdfs:subClassOf	ENVO:01001781
ENVO:00000552	rdfs:subClassOf	ENVO:01001884
ENVO:00000553	rdfs:subClassOf	ENVO:00000074
ENVO:00000554	rdfs:subClassOf	ENVO:00000074
ENVO:00000555	rdfs:subClassOf	ENVO:00000074
ENVO:00000556	rdfs:subClassOf	ENVO:00000074
ENVO:00000557	rdfs:subClassOf	ENVO:00000074
ENVO:00000558	rdfs:subClassOf	ENVO:00000074
ENVO:00000559	rdfs:subClassOf	ENVO:00000002
ENVO:00000560	rdfs:subClassOf	ENVO:00000559
ENVO:00000561	rdfs:subClassOf	ENVO:00000002
ENVO:00000562	rdfs:subClassOf	ENVO:00000002
ENVO:00000563	rdfs:subClassOf	ENVO:00000010
ENVO:00000565	rdfs:subClassOf	ENVO:00000070
ENVO:00000566	rdfs:subClassOf	ENVO:00000565
ENVO:00000567	rdfs:subClassOf	ENVO:00000100
ENVO:00000856	rdfs:subClassOf	ENVO:01000658
ENVO:00000873	rdfs:subClassOf	ENVO:00002030
ENVO:00000873	rdfs:subClassOf	ENVO:01001789
ENVO:00000887	rdfs:subClassOf	ENVO:01000253
ENVO:00000888	rdfs:subClassOf	ENVO:01000253
ENVO:00000889	rdfs:subClassOf	ENVO:01000253
ENVO:00000890	rdfs:subClassOf	ENVO:01000253
ENVO:00000891	rdfs:subClassOf	ENVO:01000252
ENVO:00000892	rdfs:subClassOf	ENVO:01000252
ENVO:00000893	rdfs:subClassOf	ENVO:00000873
ENVO:00001995	rdfs:subClassOf	ENVO:01000814
ENVO:00001996	rdfs:subClassOf	ENVO:00000029
ENVO:00001997	rdfs:subClassOf	ENVO:00001996
ENVO:00001998	rdfs:subClassOf	ENVO:00010483
ENVO:00001998	rdfs:subClassOf	ENVO:01000813
ENVO:00001999	rdfs:subClassOf	ENVO:01000617
ENVO:00002000	rdfs:subClassOf	ENVO:01001886
ENVO:00002001	rdfs:subClassOf	ENVO:00002186
ENVO:00002001	rdfs:subClassOf	ENVO:00002264
ENVO:00002003	rdfs:subClassOf	ENVO:02000022
ENVO:00002005	rdfs:subClassOf	ENVO:01000797
ENVO:00002006	rdfs:subClassOf	ENVO:01000815
ENVO:00002007	rdfs:subClassOf	ENVO:01000060
ENVO:00002008	rdfs:subClassOf	ENVO:01000060
ENVO:00002008	rdfs:subClassOf	ENVO:01000814
ENVO:00002010	rdfs:subClassOf	ENVO:00002006
ENVO:00002011	rdfs:subClassOf	ENVO:00002006
ENVO:00002012	rdfs:subClassOf	ENVO:00002010
ENVO:00002013	rdfs:subClassOf	ENVO:00001995
ENVO:00002014	rdfs:subClassOf	ENVO:00002013
ENVO:00002015	rdfs:subClassOf	ENVO:00001995
ENVO:00002016	rdfs:subClassOf	ENVO:00001995
ENVO:00002017	rdfs:subClassOf	ENVO:00001995
ENVO:00002018	rdfs:subClassOf	ENVO:00002001
ENVO:00002019	rdfs:subClassOf	ENVO:00002010
ENVO:00002030	rdfs:subClassOf	ENVO:00000428
ENVO:00002030	rdfs:subClassOf	ENVO:01001787
ENVO:00002033	rdfs:subClassOf	ENVO:01001814
ENVO:00002034	rdfs:subClassOf	ENVO:01000549
ENVO:00002035	rdfs:subClassOf	ENVO:01001687
ENVO:00002040	rdfs:subClassOf	ENVO:01000155
ENVO:00002040	rdfs:subClassOf	ENVO:01000814
ENVO:00002040	rdfs:subClassOf	FOODON:03420148
ENVO:00002042	rdfs:subClassOf	ENVO:00002006
ENVO:00002043	rdfs:subClassOf	ENVO:00002272
ENVO:00002044	rdfs:subClassOf	ENVO:0010001
ENVO:00002045	rdfs:subClassOf	ENVO:00002007
ENVO:00002046	rdfs:subClassOf	ENVO:00002044
ENVO:00002047	rdfs:subClassOf	ENVO:02000022
ENVO:00002048	rdfs:subClassOf	ENVO:00002049
ENVO:00002049	rdfs:subClassOf	ENVO:00002035
ENVO:00002050	rdfs:subClassOf	ENVO:00002049
ENVO:00002051	rdfs:subClassOf	ENVO:00002035
ENVO:00002052	rdfs:subClassOf	ENVO:00002035
ENVO:00002053	rdfs:subClassOf	ENVO:00002016
ENVO:00002054	rdfs:subClassOf	ENVO:00002053
ENVO:00002055	rdfs:subClassOf	ENVO:01000271
ENVO:00002056	rdfs:subClassOf	ENVO:01000271
ENVO:00002057	rdfs:subClassOf	ENVO:00002044
ENVO:00002058	rdfs:subClassOf	ENVO:00002044
ENVO:00002059	rdfs:subClassOf	ENVO:00002044
ENVO:00002060	rdfs:subClassOf	ENVO:00002176
ENVO:00002061	rdfs:subClassOf	ENVO:00002204
ENVO:00002063	rdfs:subClassOf	ENVO:01001477
ENVO:00002112	rdfs:subClassOf	ENVO:00001996
ENVO:00002113	rdfs:subClassOf	ENVO:03000033
ENVO:00002114	rdfs:subClassOf	ENVO:00002007
ENVO:00002115	rdfs:subClassOf	ENVO:00002202
ENVO:00002116	rdfs:subClassOf	ENVO:00003082
ENVO:00002117	rdfs:subClassOf	ENVO:00002116
ENVO:00002118	rdfs:subClassOf	ENVO:01000017
ENVO:00002119	rdfs:subClassOf	ENVO:00000051
ENVO:00002119	rdfs:subClassOf	ENVO:01001894
ENVO:00002120	rdfs:subClassOf	ENVO:00000051
ENVO:00002120	rdfs:subClassOf	ENVO:01001898
ENVO:00002121	rdfs:subClassOf	ENVO:00000019
ENVO:00002122	rdfs:subClassOf	ENVO:01000001
ENVO:00002123	rdfs:subClassOf	ENVO:01001816
ENVO:00002124	rdfs:subClassOf	ENVO:00002123
ENVO:00002125	rdfs:subClassOf	ENVO:00002124
ENVO:00002126	rdfs:subClassOf	ENVO:00002123
ENVO:00002127	rdfs:subClassOf	ENVO:00002007
ENVO:00002128	rdfs:subClassOf	ENVO:00000126
ENVO:00002129	rdfs:subClassOf	ENVO:00002044
ENVO:00002130	rdfs:subClassOf	ENVO:01000283
ENVO:00002131	rdfs:subClassOf	ENVO:01000283
ENVO:00002132	rdfs:subClassOf	ENVO:00002269
ENVO:00002132	rdfs:subClassOf	ENVO:01000813
ENVO:00002133	rdfs:subClassOf	ENVO:01000001
ENVO:00002134	rdfs:subClassOf	ENVO:00002045
ENVO:00002134	rdfs:subClassOf	ENVO:00002127
ENVO:00002135	rdfs:subClassOf	ENVO:00002040
ENVO:00002136	rdfs:subClassOf	ENVO:00002135
ENVO:00002137	rdfs:subClassOf	ENVO:00000045
ENVO:00002138	rdfs:subClassOf	ENVO:01000017
ENVO:00002138	rdfs:subClassOf	ENVO:01000813
ENVO:00002139	rdfs:subClassOf	ENVO:00000339
ENVO:00002140	rdfs:subClassOf	ENVO:00000339
ENVO:00002141	rdfs:subClassOf	ENVO:00002006
ENVO:00002142	rdfs:subClassOf	ENVO:00002141
ENVO:00002143	rdfs:subClassOf	ENVO:01001888
ENVO:00002144	rdfs:subClassOf	ENVO:00000191
ENVO:00002144	rdfs:subClassOf	ENVO:01001311
ENVO:00002144	rdfs:subClassOf	ENVO:01001483
ENVO:00002145	rdfs:subClassOf	ENVO:00003081
ENVO:00002146	rdfs:subClassOf	ENVO:00002116
ENVO:00002147	rdfs:subClassOf	ENVO:00000546
ENVO:00002148	rdfs:subClassOf	ENVO:00002138
ENVO:00002149	rdfs:subClassOf	ENVO:00002010
ENVO:00002150	rdfs:subClassOf	ENVO:00002149
ENVO:00002152	rdfs:subClassOf	ENVO:00002123
ENVO:00002153	rdfs:subClassOf	ENVO:00002152
ENVO:00002154	rdfs:subClassOf	ENVO:00002114
ENVO:00002155	rdfs:subClassOf	ENVO:00002154
ENVO:00002156	rdfs:subClassOf	ENVO:01001264
ENVO:00002157	rdfs:subClassOf	ENVO:01000008
ENVO:00002158	rdfs:subClassOf	ENVO:00002011
ENVO:00002158	rdfs:subClassOf	ENVO:01000813
ENVO:00002159	rdfs:subClassOf	ENVO:00002006
ENVO:00002160	rdfs:subClassOf	ENVO:01000001
ENVO:00002160	rdfs:subClassOf	ENVO:01000813
ENVO:00002164	rdfs:subClassOf	ENVO:01000814
ENVO:00002167	rdfs:subClassOf	ENVO:00000076
ENVO:00002168	rdfs:subClassOf	ENVO:00000076
ENVO:00002169	rdfs:subClassOf	ENVO:00000076
ENVO:00002170	rdfs:subClassOf	ENVO:03501300
ENVO:00002171	rdfs:subClassOf	ENVO:00002170
ENVO:00002173	rdfs:subClassOf	ENVO:03501134
ENVO:00002176	rdfs:subClassOf	ENVO:00002044
ENVO:00002177	rdfs:subClassOf	ENVO:00002176
ENVO:00002178	rdfs:subClassOf	ENVO:01000408
ENVO:00002179	rdfs:subClassOf	ENVO:00002007
ENVO:00002180	rdfs:subClassOf	ENVO:00002202
ENVO:00002181	rdfs:subClassOf	ENVO:00000051
ENVO:00002181	rdfs:subClassOf	ENVO:01001897
ENVO:00002182	rdfs:subClassOf	ENVO:00002202
ENVO:00002183	rdfs:subClassOf	ENVO:00003074
ENVO:00002184	rdfs:subClassOf	ENVO:01001886
ENVO:00002185	rdfs:subClassOf	ENVO:00002184
ENVO:00002186	rdfs:subClassOf	ENVO:00002006
ENVO:00002191	rdfs:subClassOf	ENVO:00010483
ENVO:00002192	rdfs:subClassOf	ENVO:00002191
ENVO:00002193	rdfs:subClassOf	ENVO:00002001
ENVO:00002194	rdfs:subClassOf	ENVO:00002006
ENVO:00002195	rdfs:subClassOf	ENVO:00001997
ENVO:00002196	rdfs:subClassOf	ENVO:00010622
ENVO:00002197	rdfs:subClassOf	ENVO:00002196
ENVO:00002198	rdfs:subClassOf	ENVO:00002196
ENVO:00002199	rdfs:subClassOf	ENVO:00000091
ENVO:00002200	rdfs:subClassOf	ENVO:01001557
ENVO:00002201	rdfs:subClassOf	ENVO:00002202
ENVO:00002202	rdfs:subClassOf	ENVO:00002114
ENVO:00002203	rdfs:subClassOf	ENVO:00002114
ENVO:00002204	rdfs:subClassOf	ENVO:00000002
ENVO:00002205	rdfs:subClassOf	ENVO:00000533
ENVO:00002206	rdfs:subClassOf	ENVO:00002267
ENVO:00002206	rdfs:subClassOf	ENVO:01000813
ENVO:00002207	rdfs:subClassOf	ENVO:00002206
ENVO:00002209	rdfs:subClassOf	ENVO:00000546
ENVO:00002210	rdfs:subClassOf	ENVO:00002126
ENVO:00002211	rdfs:subClassOf	ENVO:00002124
ENVO:00002212	rdfs:subClassOf	ENVO:00002044
ENVO:00002213	rdfs:subClassOf	ENVO:00002124
ENVO:00002214	rdfs:subClassOf	ENVO:00003861
ENVO:00002215	rdfs:subClassOf	ENVO:00002214
ENVO:00002221	rdfs:subClassOf	ENVO:01001222
ENVO:00002222	rdfs:subClassOf	ENVO:00002221
ENVO:00002223	rdfs:subClassOf	ENVO:00002006
ENVO:00002224	rdfs:subClassOf	ENVO:00002006
ENVO:00002225	rdfs:subClassOf	ENVO:00002006
ENVO:00002226	rdfs:subClassOf	ENVO:00000070
ENVO:00002226	rdfs:subClassOf	ENVO:03000117
ENVO:00002228	rdfs:subClassOf	ENVO:00002011
ENVO:00002228	rdfs:subClassOf	ENVO:01000813
ENVO:00002229	rdfs:subClassOf	ENVO:00001998
ENVO:00002230	rdfs:subClassOf	ENVO:00001998
ENVO:00002230	rdfs:subClassOf	ENVO:0010001
ENVO:00002231	rdfs:subClassOf	ENVO:00001998
ENVO:00002232	rdfs:subClassOf	ENVO:00001998
ENVO:00002233	rdfs:subClassOf	ENVO:00001998
ENVO:00002234	rdfs:subClassOf	ENVO:01001397
ENVO:00002235	rdfs:subClassOf	ENVO:00001998
ENVO:00002236	rdfs:subClassOf	ENVO:01001526
ENVO:00002237	rdfs:subClassOf	ENVO:00001998
ENVO:00002238	rdfs:subClassOf	ENVO:00001998
ENVO:00002239	rdfs:subClassOf	ENVO:00001998
ENVO:00002240	rdfs:subClassOf	ENVO:00001998
ENVO:00002241	rdfs:subClassOf	ENVO:00001998
ENVO:00002242	rdfs:subClassOf	ENVO:00001998
ENVO:00002243	rdfs:subClassOf	ENVO:00001998
ENVO:00002244	rdfs:subClassOf	ENVO:00001998
ENVO:00002245	rdfs:subClassOf	ENVO:00001998
ENVO:00002246	rdfs:subClassOf	ENVO:00001998
ENVO:00002247	rdfs:subClassOf	ENVO:00001998
ENVO:00002248	rdfs:subClassOf	ENVO:00001998
ENVO:00002249	rdfs:subClassOf	ENVO:00001998
ENVO:00002250	rdfs:subClassOf	ENVO:00001998
ENVO:00002251	rdfs:subClassOf	ENVO:00001998
ENVO:00002252	rdfs:subClassOf	ENVO:00001998
ENVO:00002253	rdfs:subClassOf	ENVO:00001998
ENVO:00002254	rdfs:subClassOf	ENVO:00001998
ENVO:00002255	rdfs:subClassOf	ENVO:00001998
ENVO:00002256	rdfs:subClassOf	ENVO:00001998
ENVO:00002257	rdfs:subClassOf	ENVO:00001998
ENVO:00002258	rdfs:subClassOf	ENVO:00001998
ENVO:00002259	rdfs:subClassOf	ENVO:00001998
ENVO:00002260	rdfs:subClassOf	ENVO:00005786
ENVO:00002261	rdfs:subClassOf	ENVO:00001998
ENVO:00002262	rdfs:subClassOf	ENVO:00001998
ENVO:00002263	rdfs:subClassOf	ENVO:00001998
ENVO:00002264	rdfs:subClassOf	ENVO:00010483
ENVO:00002266	rdfs:subClassOf	ENVO:01000371
ENVO:00002267	rdfs:subClassOf	ENVO:00002264
ENVO:00002268	rdfs:subClassOf	ENVO:00000044
ENVO:00002269	rdfs:subClassOf	ENVO:01000258
ENVO:00002270	rdfs:subClassOf	ENVO:01000258
ENVO:00002271	rdfs:subClassOf	ENVO:00002214
ENVO:00002272	rdfs:subClassOf	ENVO:00003861
ENVO:00002273	rdfs:subClassOf	ENVO:00001998
ENVO:00002274	rdfs:subClassOf	ENVO:00001998
ENVO:00002275	rdfs:subClassOf	ENVO:00001998
ENVO:00002276	rdfs:subClassOf	ENVO:00002873
ENVO:00002277	rdfs:subClassOf	ENVO:01000275
ENVO:00002450	rdfs:subClassOf	ENVO:01000275
ENVO:00002869	rdfs:subClassOf	ENVO:0010003
ENVO:00002870	rdfs:subClassOf	ENVO:00003074
ENVO:00002870	rdfs:subClassOf	ENVO:0010001
ENVO:00002870	rdfs:subClassOf	ENVO:01000814
ENVO:00002871	rdfs:subClassOf	ENVO:00001998
ENVO:00002872	rdfs:subClassOf	ENVO:00002264
ENVO:00002873	rdfs:subClassOf	ENVO:01000373
ENVO:00002874	rdfs:subClassOf	ENVO:00003074
ENVO:00002875	rdfs:subClassOf	ENVO:00002116
ENVO:00002926	rdfs:subClassOf	ENVO:01000262
ENVO:00002982	rdfs:subClassOf	ENVO:01000060
ENVO:00002983	rdfs:subClassOf	ENVO:00002985
ENVO:00002984	rdfs:subClassOf	ENVO:00002985
ENVO:00002985	rdfs:subClassOf	ENVO:01000815
ENVO:00002985	rdfs:subClassOf	ENVO:2000045
ENVO:00003030	rdfs:subClassOf	ENVO:0010003
ENVO:00003031	rdfs:subClassOf	ENVO:03501300
ENVO:00003032	rdfs:subClassOf	ENVO:00003031
ENVO:00003033	rdfs:subClassOf	ENVO:00002170
ENVO:00003040	rdfs:subClassOf	ENVO:01000417
ENVO:00003041	rdfs:subClassOf	ENVO:00003040
ENVO:00003042	rdfs:subClassOf	ENVO:00003040
ENVO:00003043	rdfs:subClassOf	ENVO:00002272
ENVO:00003044	rdfs:subClassOf	ENVO:00002012
ENVO:00003045	rdfs:subClassOf	ENVO:00003044
ENVO:00003064	rdfs:subClassOf	ENVO:00002011
ENVO:00003065	rdfs:subClassOf	ENVO:00002006
ENVO:00003071	rdfs:subClassOf	ENVO:00003030
ENVO:00003081	rdfs:subClassOf	ENVO:00002116
ENVO:00003082	rdfs:subClassOf	ENVO:00001998
ENVO:00003083	rdfs:subClassOf	ENVO:00003082
ENVO:00003084	rdfs:subClassOf	ENVO:00003082
ENVO:00003085	rdfs:subClassOf	ENVO:00003082
ENVO:00003086	rdfs:subClassOf	ENVO:00003082
ENVO:00003087	rdfs:subClassOf	ENVO:00003082
ENVO:00003088	rdfs:subClassOf	ENVO:00003082
ENVO:00003089	rdfs:subClassOf	ENVO:00003082
ENVO:00003090	rdfs:subClassOf	ENVO:00003082
ENVO:00003091	rdfs:subClassOf	ENVO:00003082
ENVO:00003092	rdfs:subClassOf	ENVO:00003082
ENVO:00003093	rdfs:subClassOf	ENVO:00003082
ENVO:00003094	rdfs:subClassOf	ENVO:00003082
ENVO:00003095	rdfs:subClassOf	ENVO:00003082
ENVO:00003096	rdfs:subClassOf	ENVO:00002011
ENVO:00003097	rdfs:subClassOf	ENVO:00002006
ENVO:00003323	rdfs:subClassOf	ENVO:00003861
ENVO:00003859	rdfs:subClassOf	ENVO:00003031
ENVO:00003860	rdfs:subClassOf	ENVO:00003031
ENVO:00003861	rdfs:subClassOf	ENVO:00000073
ENVO:00003862	rdfs:subClassOf	ENVO:00003861
ENVO:00003863	rdfs:subClassOf	ENVO:00003861
ENVO:00003864	rdfs:subClassOf	ENVO:00003861
ENVO:00003869	rdfs:subClassOf	ENVO:0010003
ENVO:00003870	rdfs:subClassOf	ENVO:00003869
ENVO:00003884	rdfs:subClassOf	ENVO:00003031
ENVO:00003885	rdfs:subClassOf	ENVO:00003861
ENVO:00003893	rdfs:subClassOf	ENVO:00003074
ENVO:00003894	rdfs:subClassOf	ENVO:00003893
ENVO:00003895	rdfs:subClassOf	ENVO:00003074
ENVO:00003896	rdfs:subClassOf	ENVO:00003895
ENVO:00003900	rdfs:subClassOf	ENVO:00003071
ENVO:00003903	rdfs:subClassOf	ENVO:00002985
ENVO:00003908	rdfs:subClassOf	ENVO:00002192
ENVO:00003911	rdfs:subClassOf	ENVO:00003885
ENVO:00003914	rdfs:subClassOf	ENVO:00003082
ENVO:00003919	rdfs:subClassOf	ENVO:00000469
ENVO:00003927	rdfs:subClassOf	ENVO:00003031
ENVO:00003930	rdfs:subClassOf	ENVO:00010483
ENVO:00003963	rdfs:subClassOf	ENVO:01001222
ENVO:00003964	rdfs:subClassOf	ENVO:00003963
ENVO:00003965	rdfs:subClassOf	ENVO:00002129
ENVO:00003967	rdfs:subClassOf	ENVO:01000420
ENVO:00003968	rdfs:subClassOf	ENVO:00003074
ENVO:00003978	rdfs:subClassOf	ENVO:00003030
ENVO:00003982	rdfs:subClassOf	ENVO:00002053
ENVO:00004638	rdfs:subClassOf	ENVO:00003861
ENVO:00004683	rdfs:subClassOf	ENVO:00000086
ENVO:00005738	rdfs:subClassOf	ENVO:00010483
ENVO:00005739	rdfs:subClassOf	ENVO:00005738
ENVO:00005740	rdfs:subClassOf	ENVO:00002259
ENVO:00005740	rdfs:subClassOf	ENVO:00005755
ENVO:00005741	rdfs:subClassOf	ENVO:00001998
ENVO:00005742	rdfs:subClassOf	ENVO:00001998
ENVO:00005743	rdfs:subClassOf	ENVO:00001998
ENVO:00005744	rdfs:subClassOf	ENVO:00002263
ENVO:00005745	rdfs:subClassOf	ENVO:00000011
ENVO:00005746	rdfs:subClassOf	ENVO:00005750
ENVO:00005747	rdfs:subClassOf	ENVO:00001998
ENVO:00005748	rdfs:subClassOf	ENVO:00001998
ENVO:00005749	rdfs:subClassOf	ENVO:00001998
ENVO:00005750	rdfs:subClassOf	ENVO:00001998
ENVO:00005751	rdfs:subClassOf	ENVO:00001998
ENVO:00005752	rdfs:subClassOf	ENVO:00001998
ENVO:00005753	rdfs:subClassOf	ENVO:00003082
ENVO:00005754	rdfs:subClassOf	ENVO:00001998
ENVO:00005755	rdfs:subClassOf	ENVO:00001998
ENVO:00005756	rdfs:subClassOf	ENVO:00001998
ENVO:00005757	rdfs:subClassOf	ENVO:00003082
ENVO:00005758	rdfs:subClassOf	ENVO:00002871
ENVO:00005759	rdfs:subClassOf	ENVO:00002871
ENVO:00005759	rdfs:subClassOf	ENVO:00005740
ENVO:00005760	rdfs:subClassOf	ENVO:00001998
ENVO:00005761	rdfs:subClassOf	ENVO:00001998
ENVO:00005762	rdfs:subClassOf	ENVO:00003082
ENVO:00005763	rdfs:subClassOf	ENVO:00003082
ENVO:00005764	rdfs:subClassOf	ENVO:00001998
ENVO:00005765	rdfs:subClassOf	ENVO:00005747
ENVO:00005765	rdfs:subClassOf	ENVO:01001526
ENVO:00005766	rdfs:subClassOf	ENVO:00001998
ENVO:00005767	rdfs:subClassOf	ENVO:00001998
ENVO:00005768	rdfs:subClassOf	ENVO:00001998
ENVO:00005769	rdfs:subClassOf	ENVO:00002261
ENVO:00005769	rdfs:subClassOf	ENVO:00005786
ENVO:00005770	rdfs:subClassOf	ENVO:00002261
ENVO:00005771	rdfs:subClassOf	ENVO:00001998
ENVO:00005772	rdfs:subClassOf	ENVO:00005749
ENVO:00005773	rdfs:subClassOf	ENVO:00001998
ENVO:00005774	rdfs:subClassOf	ENVO:00002243
ENVO:00005775	rdfs:subClassOf	ENVO:00002116
ENVO:00005776	rdfs:subClassOf	ENVO:00003082
ENVO:00005776	rdfs:subClassOf	ENVO:00005740
ENVO:00005777	rdfs:subClassOf	ENVO:00005750
ENVO:00005778	rdfs:subClassOf	ENVO:00001998
ENVO:00005779	rdfs:subClassOf	ENVO:00002263
ENVO:00005780	rdfs:subClassOf	ENVO:00001998
ENVO:00005781	rdfs:subClassOf	ENVO:00001998
ENVO:00005782	rdfs:subClassOf	ENVO:00001998
ENVO:00005783	rdfs:subClassOf	ENVO:00002261
ENVO:00005784	rdfs:subClassOf	ENVO:00002261
ENVO:00005786	rdfs:subClassOf	ENVO:00001998
ENVO:00005787	rdfs:subClassOf	ENVO:00002261
ENVO:00005788	rdfs:subClassOf	ENVO:00002259
ENVO:00005788	rdfs:subClassOf	ENVO:00005749
ENVO:00005789	rdfs:subClassOf	ENVO:00002259
ENVO:00005790	rdfs:subClassOf	ENVO:00001998
ENVO:00005791	rdfs:subClassOf	ENVO:00002006
ENVO:00005792	rdfs:subClassOf	ENVO:00002006
ENVO:00005793	rdfs:subClassOf	ENVO:00002006
ENVO:00005794	rdfs:subClassOf	ENVO:00003930
ENVO:00005795	rdfs:subClassOf	ENVO:01000001
ENVO:00005795	rdfs:subClassOf	ENVO:01000813
ENVO:00005796	rdfs:subClassOf	ENVO:00002044
ENVO:00005797	rdfs:subClassOf	ENVO:01000001
ENVO:00005797	rdfs:subClassOf	ENVO:01000813
ENVO:00005798	rdfs:subClassOf	ENVO:01000017
ENVO:00005798	rdfs:subClassOf	ENVO:01000813
ENVO:00005799	rdfs:subClassOf	ENVO:01000017
ENVO:00005800	rdfs:subClassOf	ENVO:01000017
ENVO:00005800	rdfs:subClassOf	ENVO:01000813
ENVO:00005801	rdfs:subClassOf	ENVO:01000813
ENVO:00005801	rdfs:subClassOf	ENVO:01001110
ENVO:00005802	rdfs:subClassOf	ENVO:00001998
ENVO:00005803	rdfs:subClassOf	ENVO:01001813
ENVO:00005804	rdfs:subClassOf	ENVO:00005803
ENVO:00005805	rdfs:subClassOf	ENVO:00005803
ENVO:00009686	rdfs:subClassOf	ENVO:00000176
ENVO:00009686	rdfs:subClassOf	ENVO:01001884
ENVO:00009725	rdfs:subClassOf	ENVO:00000133
ENVO:00009726	rdfs:subClassOf	ENVO:01000667
ENVO:00010005	rdfs:subClassOf	ENVO:09200005
ENVO:00010442	rdfs:subClassOf	ENVO:00000002
ENVO:00010504	rdfs:subClassOf	ENVO:01001684
ENVO:00010505	rdfs:subClassOf	ENVO:00010483
ENVO:00010506	rdfs:subClassOf	ENVO:00010483
ENVO:00010621	rdfs:subClassOf	ENVO:00003074
ENVO:00010622	rdfs:subClassOf	ENVO:01001816
ENVO:00010623	rdfs:subClassOf	ENVO:00002016
ENVO:00010624	rdfs:subClassOf	ENVO:00000011
ENVO:00010625	rdfs:subClassOf	ENVO:00000011
ENVO:00011764	rdfs:subClassOf	ENVO:00000469
ENVO:00012408	rdfs:subClassOf	ENVO:01001275
ENVO:00012411	rdfs:subClassOf	ENVO:00000067
ENVO:0010001	rdfs:subClassOf	ENVO:00010483
ENVO:0010003	rdfs:subClassOf	ENVO:0010001
ENVO:0010162	rdfs:subClassOf	ENVO:00000128
ENVO:0010163	rdfs:subClassOf	ENVO:0010162
ENVO:01000000	rdfs:subClassOf	ENVO:01000814
ENVO:01000000	rdfs:subClassOf	ENVO:04000008
ENVO:01000001	rdfs:subClassOf	ENVO:00010483
ENVO:01000002	rdfs:subClassOf	ENVO:00000026
ENVO:01000003	rdfs:subClassOf	ENVO:00000026
ENVO:01000004	rdfs:subClassOf	ENVO:01000047
ENVO:01000005	rdfs:subClassOf	ENVO:00000147
ENVO:01000006	rdfs:subClassOf	ENVO:01000005
ENVO:01000007	rdfs:subClassOf	ENVO:01001814
ENVO:01000008	rdfs:subClassOf	ENVO:01000549
ENVO:01000016	rdfs:subClassOf	ENVO:01000060
ENVO:01000017	rdfs:subClassOf	ENVO:01000060
ENVO:01000018	rdfs:subClassOf	ENVO:01000814
ENVO:01000019	rdfs:subClassOf	ENVO:00000191
ENVO:01000019	rdfs:subClassOf	ENVO:01001311
ENVO:01000019	rdfs:subClassOf	ENVO:01001483
ENVO:01000020	rdfs:subClassOf	ENVO:00000447
ENVO:01000022	rdfs:subClassOf	ENVO:00000447
ENVO:01000023	rdfs:subClassOf	ENVO:00000447
ENVO:01000024	rdfs:subClassOf	ENVO:00000447
ENVO:01000025	rdfs:subClassOf	ENVO:01000024
ENVO:01000026	rdfs:subClassOf	ENVO:01000024
ENVO:01000027	rdfs:subClassOf	ENVO:01000024
ENVO:01000028	rdfs:subClassOf	ENVO:01000024
ENVO:01000029	rdfs:subClassOf	ENVO:01000024
ENVO:01000030	rdfs:subClassOf	ENVO:01000024
ENVO:01000032	rdfs:subClassOf	ENVO:01000023
ENVO:01000033	rdfs:subClassOf	ENVO:01000023
ENVO:01000034	rdfs:subClassOf	ENVO:01000033
ENVO:01000035	rdfs:subClassOf	ENVO:01000033
ENVO:01000036	rdfs:subClassOf	ENVO:01000033
ENVO:01000037	rdfs:subClassOf	ENVO:01000033
ENVO:01000038	rdfs:subClassOf	ENVO:01000033
ENVO:01000039	rdfs:subClassOf	ENVO:01000033
ENVO:01000040	rdfs:subClassOf	ENVO:01000033
ENVO:01000041	rdfs:subClassOf	ENVO:01000032
ENVO:01000042	rdfs:subClassOf	ENVO:01000032
ENVO:01000043	rdfs:subClassOf	ENVO:01000032
ENVO:01000045	rdfs:subClassOf	ENVO:00000447
ENVO:01000046	rdfs:subClassOf	ENVO:00000447
ENVO:01000047	rdfs:subClassOf	ENVO:00000447
ENVO:01000047	rdfs:subClassOf	ENVO:01001833
ENVO:01000048	rdfs:subClassOf	ENVO:00000447
ENVO:01000049	rdfs:subClassOf	ENVO:01000029
ENVO:01000050	rdfs:subClassOf	ENVO:01000029
ENVO:01000051	rdfs:subClassOf	ENVO:01000030
ENVO:01000052	rdfs:subClassOf	ENVO:01000030
ENVO:01000053	rdfs:subClassOf	ENVO:01000030
ENVO:01000054	rdfs:subClassOf	ENVO:01000030
ENVO:01000057	rdfs:subClassOf	ENVO:2000004
ENVO:01000058	rdfs:subClassOf	ENVO:00000104
ENVO:01000059	rdfs:subClassOf	ENVO:01001378
ENVO:01000060	rdfs:subClassOf	ENVO:00010483
ENVO:01000061	rdfs:subClassOf	ENVO:01000295
ENVO:01000062	rdfs:subClassOf	ENVO:01000067
ENVO:01000063	rdfs:subClassOf	ENVO:01000155
ENVO:01000064	rdfs:subClassOf	ENVO:01000067
ENVO:01000065	rdfs:subClassOf	ENVO:01000686
ENVO:01000065	rdfs:subClassOf	ENVO:01001308
ENVO:01000066	rdfs:subClassOf	ENVO:01001201
ENVO:01000067	rdfs:subClassOf	ENVO:01001607
ENVO:01000068	rdfs:subClassOf	ENVO:01000067
ENVO:01000069	rdfs:subClassOf	ENVO:01000067
ENVO:01000070	rdfs:subClassOf	ENVO:00002007
ENVO:01000071	rdfs:subClassOf	ENVO:01000258
ENVO:01000072	rdfs:subClassOf	ENVO:01000299
ENVO:01000073	rdfs:subClassOf	ENVO:01000686
ENVO:01000074	rdfs:subClassOf	ENVO:01000067
ENVO:01000075	rdfs:subClassOf	ENVO:00002269
ENVO:01000075	rdfs:subClassOf	ENVO:01001676
ENVO:01000076	rdfs:subClassOf	ENVO:00002270
ENVO:01000076	rdfs:subClassOf	ENVO:01001676
ENVO:01000077	rdfs:subClassOf	ENVO:01000259
ENVO:01000077	rdfs:subClassOf	ENVO:01000325
ENVO:01000077	rdfs:subClassOf	ENVO:01001308
ENVO:01000077	rdfs:subClassOf	ENVO:01001676
ENVO:01000078	rdfs:subClassOf	ENVO:01000260
ENVO:01000078	rdfs:subClassOf	ENVO:01001676
ENVO:01000079	rdfs:subClassOf	ENVO:01001674
ENVO:01000080	rdfs:subClassOf	ENVO:01000325
ENVO:01000080	rdfs:subClassOf	ENVO:01001308
ENVO:01000080	rdfs:subClassOf	ENVO:01001696
ENVO:01000081	rdfs:subClassOf	ENVO:01000325
ENVO:01000081	rdfs:subClassOf	ENVO:01001308
ENVO:01000081	rdfs:subClassOf	ENVO:01001694
ENVO:01000082	rdfs:subClassOf	ENVO:00002007
ENVO:01000083	rdfs:subClassOf	ENVO:01000325
ENVO:01000083	rdfs:subClassOf	ENVO:01001308
ENVO:01000083	rdfs:subClassOf	ENVO:01001695
ENVO:01000084	rdfs:subClassOf	ENVO:01000071
ENVO:01000085	rdfs:subClassOf	ENVO:01000071
ENVO:01000086	rdfs:subClassOf	ENVO:01000071
ENVO:01000087	rdfs:subClassOf	ENVO:01000071
ENVO:01000088	rdfs:subClassOf	ENVO:01000071
ENVO:01000089	rdfs:subClassOf	ENVO:01000071
ENVO:01000090	rdfs:subClassOf	ENVO:01000071
ENVO:01000091	rdfs:subClassOf	ENVO:01000071
ENVO:01000092	rdfs:subClassOf	ENVO:01000071
ENVO:01000093	rdfs:subClassOf	ENVO:01000071
ENVO:01000094	rdfs:subClassOf	ENVO:01000071
ENVO:01000095	rdfs:subClassOf	ENVO:01000071
ENVO:01000096	rdfs:subClassOf	ENVO:01000071
ENVO:01000097	rdfs:subClassOf	ENVO:01000071
ENVO:01000098	rdfs:subClassOf	ENVO:01000067
ENVO:01000099	rdfs:subClassOf	ENVO:01000067
ENVO:01000100	rdfs:subClassOf	ENVO:01000099
ENVO:01000101	rdfs:subClassOf	ENVO:01000099
ENVO:01000102	rdfs:subClassOf	ENVO:01000099
ENVO:01000103	rdfs:subClassOf	ENVO:01000101
ENVO:01000104	rdfs:subClassOf	ENVO:01000102
ENVO:01000106	rdfs:subClassOf	ENVO:01000075
ENVO:01000107	rdfs:subClassOf	ENVO:01000075
ENVO:01000108	rdfs:subClassOf	ENVO:01000686
ENVO:01000109	rdfs:subClassOf	ENVO:01000686
ENVO:01000110	rdfs:subClassOf	ENVO:00002007
ENVO:01000111	rdfs:subClassOf	ENVO:00002007
ENVO:01000112	rdfs:subClassOf	ENVO:01000110
ENVO:01000113	rdfs:subClassOf	ENVO:00002007
ENVO:01000114	rdfs:subClassOf	ENVO:00002007
ENVO:01000115	rdfs:subClassOf	ENVO:00002007
ENVO:01000116	rdfs:subClassOf	ENVO:00002007
ENVO:01000117	rdfs:subClassOf	ENVO:00002007
ENVO:01000118	rdfs:subClassOf	ENVO:00002007
ENVO:01000119	rdfs:subClassOf	ENVO:00002007
ENVO:01000120	rdfs:subClassOf	ENVO:00002007
ENVO:01000121	rdfs:subClassOf	ENVO:00002007
ENVO:01000122	rdfs:subClassOf	ENVO:00000215
ENVO:01000123	rdfs:subClassOf	ENVO:01000029
ENVO:01000124	rdfs:subClassOf	ENVO:01001201
ENVO:01000125	rdfs:subClassOf	ENVO:01000407
ENVO:01000126	rdfs:subClassOf	ENVO:01001201
ENVO:01000127	rdfs:subClassOf	ENVO:01000024
ENVO:01000128	rdfs:subClassOf	ENVO:01000047
ENVO:01000129	rdfs:subClassOf	ENVO:01001885
ENVO:01000130	rdfs:subClassOf	ENVO:01001308
ENVO:01000131	rdfs:subClassOf	ENVO:00002007
ENVO:01000132	rdfs:subClassOf	ENVO:00002007
ENVO:01000133	rdfs:subClassOf	ENVO:00002007
ENVO:01000134	rdfs:subClassOf	ENVO:00002141
ENVO:01000135	rdfs:subClassOf	ENVO:00002045
ENVO:01000136	rdfs:subClassOf	ENVO:00000191
ENVO:01000136	rdfs:subClassOf	ENVO:00000339
ENVO:01000137	rdfs:subClassOf	ENVO:01000549
ENVO:01000138	rdfs:subClassOf	ENVO:01000137
ENVO:01000139	rdfs:subClassOf	ENVO:00002033
ENVO:01000140	rdfs:subClassOf	ENVO:01000139
ENVO:01000141	rdfs:subClassOf	ENVO:01000139
ENVO:01000142	rdfs:subClassOf	ENVO:01000138
ENVO:01000143	rdfs:subClassOf	ENVO:01001899
ENVO:01000144	rdfs:subClassOf	ENVO:01000143
ENVO:01000145	rdfs:subClassOf	ENVO:01000143
ENVO:01000146	rdfs:subClassOf	ENVO:01000143
ENVO:01000147	rdfs:subClassOf	ENVO:01000143
ENVO:01000148	rdfs:subClassOf	ENVO:01000143
ENVO:01000149	rdfs:subClassOf	ENVO:01000143
ENVO:01000150	rdfs:subClassOf	ENVO:00000130
ENVO:01000150	rdfs:subClassOf	ENVO:01000143
ENVO:01000151	rdfs:subClassOf	ENVO:00002045
ENVO:01000152	rdfs:subClassOf	ENVO:00002045
ENVO:01000153	rdfs:subClassOf	ENVO:00002045
ENVO:01000154	rdfs:subClassOf	ENVO:00002045
ENVO:01000155	rdfs:subClassOf	ENVO:00010483
ENVO:01000156	rdfs:subClassOf	ENVO:01000155
ENVO:01000157	rdfs:subClassOf	ENVO:01000155
ENVO:01000158	rdfs:subClassOf	ENVO:01001103
ENVO:01000160	rdfs:subClassOf	ENVO:00000514
ENVO:01000161	rdfs:subClassOf	ENVO:01000143
ENVO:01000162	rdfs:subClassOf	ENVO:01001814
ENVO:01000163	rdfs:subClassOf	ENVO:01000162
ENVO:01000164	rdfs:subClassOf	ENVO:01000162
ENVO:01000165	rdfs:subClassOf	ENVO:01000162
ENVO:01000166	rdfs:subClassOf	ENVO:01000162
ENVO:01000167	rdfs:subClassOf	ENVO:01000164
ENVO:01000168	rdfs:subClassOf	ENVO:01000164
ENVO:01000169	rdfs:subClassOf	ENVO:01000168
ENVO:01000170	rdfs:subClassOf	ENVO:01000168
ENVO:01000171	rdfs:subClassOf	ENVO:01000168
ENVO:01000172	rdfs:subClassOf	ENVO:01000168
ENVO:01000173	rdfs:subClassOf	ENVO:00002006
ENVO:01000174	rdfs:subClassOf	ENVO:00000446
ENVO:01000174	rdfs:subClassOf	ENVO:01001243
ENVO:01000175	rdfs:subClassOf	ENVO:00000446
ENVO:01000176	rdfs:subClassOf	ENVO:00000446
ENVO:01000177	rdfs:subClassOf	ENVO:00000446
ENVO:01000177	rdfs:subClassOf	ENVO:01001206
ENVO:01000178	rdfs:subClassOf	ENVO:01000175
ENVO:01000179	rdfs:subClassOf	ENVO:00000428
ENVO:01000179	rdfs:subClassOf	ENVO:01001780
ENVO:01000180	rdfs:subClassOf	ENVO:00000446
ENVO:01000180	rdfs:subClassOf	ENVO:01001370
ENVO:01000181	rdfs:subClassOf	ENVO:00000446
ENVO:01000182	rdfs:subClassOf	ENVO:01000179
ENVO:01000182	rdfs:subClassOf	ENVO:01001831
ENVO:01000183	rdfs:subClassOf	ENVO:01000179
ENVO:01000183	rdfs:subClassOf	ENVO:01001830
ENVO:01000184	rdfs:subClassOf	ENVO:01000179
ENVO:01000184	rdfs:subClassOf	ENVO:01001832
ENVO:01000185	rdfs:subClassOf	ENVO:01000179
ENVO:01000185	rdfs:subClassOf	ENVO:01001836
ENVO:01000186	rdfs:subClassOf	ENVO:01000179
ENVO:01000186	rdfs:subClassOf	ENVO:01000339
ENVO:01000187	rdfs:subClassOf	ENVO:01000178
ENVO:01000187	rdfs:subClassOf	ENVO:01001832
ENVO:01000188	rdfs:subClassOf	ENVO:01000178
ENVO:01000188	rdfs:subClassOf	ENVO:01001830
ENVO:01000189	rdfs:subClassOf	ENVO:01000178
ENVO:01000189	rdfs:subClassOf	ENVO:01001831
ENVO:01000190	rdfs:subClassOf	ENVO:01000178
ENVO:01000191	rdfs:subClassOf	ENVO:01000177
ENVO:01000191	rdfs:subClassOf	ENVO:01001809
ENVO:01000191	rdfs:subClassOf	ENVO:01001832
ENVO:01000192	rdfs:subClassOf	ENVO:01000177
ENVO:01000192	rdfs:subClassOf	ENVO:01001806
ENVO:01000192	rdfs:subClassOf	ENVO:01001830
ENVO:01000193	rdfs:subClassOf	ENVO:01000177
ENVO:01000193	rdfs:subClassOf	ENVO:01001811
ENVO:01000193	rdfs:subClassOf	ENVO:01001831
ENVO:01000194	rdfs:subClassOf	ENVO:01000177
ENVO:01000194	rdfs:subClassOf	ENVO:01001808
ENVO:01000194	rdfs:subClassOf	ENVO:01001836
ENVO:01000195	rdfs:subClassOf	ENVO:01000177
ENVO:01000195	rdfs:subClassOf	ENVO:01001807
ENVO:01000196	rdfs:subClassOf	ENVO:01000174
ENVO:01000196	rdfs:subClassOf	ENVO:01000433
ENVO:01000197	rdfs:subClassOf	ENVO:01000174
ENVO:01000197	rdfs:subClassOf	ENVO:01000430
ENVO:01000198	rdfs:subClassOf	ENVO:01000174
ENVO:01000198	rdfs:subClassOf	ENVO:01000431
ENVO:01000199	rdfs:subClassOf	ENVO:01000174
ENVO:01000199	rdfs:subClassOf	ENVO:01001791
ENVO:01000199	rdfs:subClassOf	ENVO:01001833
ENVO:01000200	rdfs:subClassOf	ENVO:01000197
ENVO:01000200	rdfs:subClassOf	ENVO:01001792
ENVO:01000200	rdfs:subClassOf	ENVO:01001830
ENVO:01000201	rdfs:subClassOf	ENVO:01000197
ENVO:01000201	rdfs:subClassOf	ENVO:01001793
ENVO:01000201	rdfs:subClassOf	ENVO:01001832
ENVO:01000202	rdfs:subClassOf	ENVO:01000197
ENVO:01000202	rdfs:subClassOf	ENVO:01001794
ENVO:01000202	rdfs:subClassOf	ENVO:01001831
ENVO:01000204	rdfs:subClassOf	ENVO:01000203
ENVO:01000205	rdfs:subClassOf	ENVO:01000203
ENVO:01000206	rdfs:subClassOf	ENVO:01000203
ENVO:01000207	rdfs:subClassOf	ENVO:01000205
ENVO:01000208	rdfs:subClassOf	ENVO:01000222
ENVO:01000208	rdfs:subClassOf	ENVO:01001833
ENVO:01000209	rdfs:subClassOf	ENVO:01000196
ENVO:01000209	rdfs:subClassOf	ENVO:01001804
ENVO:01000209	rdfs:subClassOf	ENVO:01001832
ENVO:01000210	rdfs:subClassOf	ENVO:01000196
ENVO:01000210	rdfs:subClassOf	ENVO:01000399
ENVO:01000210	rdfs:subClassOf	ENVO:01001830
ENVO:01000211	rdfs:subClassOf	ENVO:01000196
ENVO:01000211	rdfs:subClassOf	ENVO:01001805
ENVO:01000211	rdfs:subClassOf	ENVO:01001831
ENVO:01000212	rdfs:subClassOf	ENVO:01000198
ENVO:01000212	rdfs:subClassOf	ENVO:01001796
ENVO:01000212	rdfs:subClassOf	ENVO:01001831
ENVO:01000213	rdfs:subClassOf	ENVO:01000176
ENVO:01000213	rdfs:subClassOf	ENVO:01001832
ENVO:01000214	rdfs:subClassOf	ENVO:01000176
ENVO:01000214	rdfs:subClassOf	ENVO:01001830
ENVO:01000215	rdfs:subClassOf	ENVO:01000176
ENVO:01000215	rdfs:subClassOf	ENVO:01001831
ENVO:01000216	rdfs:subClassOf	ENVO:01000176
ENVO:01000216	rdfs:subClassOf	ENVO:01001836
ENVO:01000217	rdfs:subClassOf	ENVO:01000213
ENVO:01000217	rdfs:subClassOf	ENVO:01001833
ENVO:01000218	rdfs:subClassOf	ENVO:01000176
ENVO:01000219	rdfs:subClassOf	ENVO:00000446
ENVO:01000219	rdfs:subClassOf	ENVO:01001828
ENVO:01000220	rdfs:subClassOf	ENVO:01000175
ENVO:01000220	rdfs:subClassOf	ENVO:01001830
ENVO:01000221	rdfs:subClassOf	ENVO:01000175
ENVO:01000221	rdfs:subClassOf	ENVO:01001831
ENVO:01000222	rdfs:subClassOf	ENVO:01000175
ENVO:01000222	rdfs:subClassOf	ENVO:01001832
ENVO:01000223	rdfs:subClassOf	ENVO:01000178
ENVO:01000223	rdfs:subClassOf	ENVO:01001836
ENVO:01000224	rdfs:subClassOf	ENVO:01000191
ENVO:01000224	rdfs:subClassOf	ENVO:01001810
ENVO:01000224	rdfs:subClassOf	ENVO:01001833
ENVO:01000225	rdfs:subClassOf	ENVO:01000201
ENVO:01000225	rdfs:subClassOf	ENVO:01001801
ENVO:01000226	rdfs:subClassOf	ENVO:01000201
ENVO:01000226	rdfs:subClassOf	ENVO:01001802
ENVO:01000227	rdfs:subClassOf	ENVO:01000200
ENVO:01000227	rdfs:subClassOf	ENVO:01001799
ENVO:01000228	rdfs:subClassOf	ENVO:01000200
ENVO:01000228	rdfs:subClassOf	ENVO:01001800
ENVO:01000229	rdfs:subClassOf	ENVO:01000187
ENVO:01000229	rdfs:subClassOf	ENVO:01001833
ENVO:01000230	rdfs:subClassOf	ENVO:01000203
ENVO:01000231	rdfs:subClassOf	ENVO:02000140
ENVO:01000232	rdfs:subClassOf	ENVO:01000231
ENVO:01000233	rdfs:subClassOf	ENVO:01000231
ENVO:01000234	rdfs:subClassOf	ENVO:01000231
ENVO:01000235	rdfs:subClassOf	ENVO:01000231
ENVO:01000236	rdfs:subClassOf	ENVO:00002013
ENVO:01000237	rdfs:subClassOf	ENVO:00000300
ENVO:01000238	rdfs:subClassOf	ENVO:01000203
ENVO:01000239	rdfs:subClassOf	ENVO:01001245
ENVO:01000240	rdfs:subClassOf	ENVO:01001245
ENVO:01000241	rdfs:subClassOf	ENVO:01000240
ENVO:01000242	rdfs:subClassOf	ENVO:00000300
ENVO:01000243	rdfs:subClassOf	ENVO:00000339
ENVO:01000244	rdfs:subClassOf	ENVO:01000240
ENVO:01000245	rdfs:subClassOf	ENVO:01000219
ENVO:01000245	rdfs:subClassOf	ENVO:01001244
ENVO:01000246	rdfs:subClassOf	ENVO:00000428
ENVO:01000246	rdfs:subClassOf	ENVO:01000773
ENVO:01000247	rdfs:subClassOf	ENVO:01000219
ENVO:01000248	rdfs:subClassOf	ENVO:00000428
ENVO:01000248	rdfs:subClassOf	ENVO:01000658
ENVO:01000249	rdfs:subClassOf	ENVO:01000248
ENVO:01000250	rdfs:subClassOf	ENVO:01000196
ENVO:01000250	rdfs:subClassOf	ENVO:01001834
ENVO:01000251	rdfs:subClassOf	ENVO:01000203
ENVO:01000252	rdfs:subClassOf	ENVO:00000873
ENVO:01000253	rdfs:subClassOf	ENVO:00000873
ENVO:01000255	rdfs:subClassOf	ENVO:01001884
ENVO:01000256	rdfs:subClassOf	ENVO:01000814
ENVO:01000257	rdfs:subClassOf	ENVO:01000122
ENVO:01000258	rdfs:subClassOf	ENVO:01001679
ENVO:01000259	rdfs:subClassOf	ENVO:01000258
ENVO:01000260	rdfs:subClassOf	ENVO:01000813
ENVO:01000260	rdfs:subClassOf	ENVO:01001675
ENVO:01000262	rdfs:subClassOf	ENVO:00000027
ENVO:01000263	rdfs:subClassOf	ENVO:01000262
ENVO:01000265	rdfs:subClassOf	ENVO:01000262
ENVO:01000266	rdfs:subClassOf	ENVO:01000797
ENVO:01000267	rdfs:subClassOf	ENVO:01001678
ENVO:01000268	rdfs:subClassOf	ENVO:01000266
ENVO:01000269	rdfs:subClassOf	ENVO:01000271
ENVO:01000270	rdfs:subClassOf	ENVO:01000271
ENVO:01000271	rdfs:subClassOf	ENVO:00002016
ENVO:01000272	rdfs:subClassOf	ENVO:01000271
ENVO:01000273	rdfs:subClassOf	ENVO:00002053
ENVO:01000274	rdfs:subClassOf	ENVO:00002017
ENVO:01000275	rdfs:subClassOf	ENVO:00000309
ENVO:01000276	rdfs:subClassOf	ENVO:01000813
ENVO:01000276	rdfs:subClassOf	ENVO:01001110
ENVO:01000277	rdfs:subClassOf	ENVO:01001125
ENVO:01000278	rdfs:subClassOf	ENVO:00000309
ENVO:01000278	rdfs:subClassOf	ENVO:01001884
ENVO:01000279	rdfs:subClassOf	ENVO:01001547
ENVO:01000280	rdfs:subClassOf	ENVO:01000813
ENVO:01000280	rdfs:subClassOf	ENVO:01001110
ENVO:01000282	rdfs:subClassOf	ENVO:01001275
ENVO:01000283	rdfs:subClassOf	ENVO:01000325
ENVO:01000283	rdfs:subClassOf	ENVO:01001308
ENVO:01000284	rdfs:subClassOf	ENVO:00000020
ENVO:01000285	rdfs:subClassOf	ENVO:00000020
ENVO:01000286	rdfs:subClassOf	ENVO:01000285
ENVO:01000287	rdfs:subClassOf	ENVO:01000285
ENVO:01000288	rdfs:subClassOf	ENVO:01000285
ENVO:01000289	rdfs:subClassOf	ENVO:01000288
ENVO:01000290	rdfs:subClassOf	ENVO:01000288
ENVO:01000291	rdfs:subClassOf	ENVO:01000287
ENVO:01000292	rdfs:subClassOf	ENVO:01000287
ENVO:01000293	rdfs:subClassOf	ENVO:01001687
ENVO:01000293	rdfs:subClassOf	ENVO:03000110
ENVO:01000294	rdfs:subClassOf	ENVO:01000667
ENVO:01000295	rdfs:subClassOf	ENVO:01000325
ENVO:01000295	rdfs:subClassOf	ENVO:01001308
ENVO:01000296	rdfs:subClassOf	ENVO:00000191
ENVO:01000296	rdfs:subClassOf	ENVO:01001311
ENVO:01000296	rdfs:subClassOf	ENVO:01001483
ENVO:01000297	rdfs:subClassOf	ENVO:00000022
ENVO:01000297	rdfs:subClassOf	ENVO:03605007
ENVO:01000298	rdfs:subClassOf	ENVO:00002000
ENVO:01000299	rdfs:subClassOf	ENVO:01001479
ENVO:01000300	rdfs:subClassOf	ENVO:01000299
ENVO:01000301	rdfs:subClassOf	ENVO:00002019
ENVO:01000301	rdfs:subClassOf	ENVO:01000813
ENVO:01000302	rdfs:subClassOf	ENVO:01001884
ENVO:01000303	rdfs:subClassOf	ENVO:01000254
ENVO:01000304	rdfs:subClassOf	ENVO:01000997
ENVO:01000305	rdfs:subClassOf	ENVO:01000997
ENVO:01000306	rdfs:subClassOf	ENVO:01000317
ENVO:01000307	rdfs:subClassOf	ENVO:01000317
ENVO:01000307	rdfs:subClassOf	ENVO:01001040
ENVO:01000308	rdfs:subClassOf	ENVO:01000254
ENVO:01000309	rdfs:subClassOf	ENVO:01000254
ENVO:01000310	rdfs:subClassOf	ENVO:01000314
ENVO:01000311	rdfs:subClassOf	ENVO:01000313
ENVO:01000312	rdfs:subClassOf	ENVO:01000313
ENVO:01000313	rdfs:subClassOf	ENVO:01000254
ENVO:01000314	rdfs:subClassOf	ENVO:01000997
ENVO:01000315	rdfs:subClassOf	ENVO:01000997
ENVO:01000316	rdfs:subClassOf	ENVO:01000997
ENVO:01000317	rdfs:subClassOf	ENVO:01000997
ENVO:01000317	rdfs:subClassOf	ENVO:01000998
ENVO:01000318	rdfs:subClassOf	ENVO:01000305
ENVO:01000319	rdfs:subClassOf	ENVO:00002000
ENVO:01000320	rdfs:subClassOf	ENVO:01000254
ENVO:01000320	rdfs:subClassOf	ENVO:01000813
ENVO:01000321	rdfs:subClassOf	ENVO:01000307
ENVO:01000322	rdfs:subClassOf	ENVO:01000307
ENVO:01000323	rdfs:subClassOf	ENVO:01000543
ENVO:01000323	rdfs:subClassOf	ENVO:01000544
ENVO:01000324	rdfs:subClassOf	ENVO:01001483
ENVO:01000325	rdfs:subClassOf	ENVO:01001273
ENVO:01000326	rdfs:subClassOf	ENVO:01000325
ENVO:01000327	rdfs:subClassOf	ENVO:00000233
ENVO:01000328	rdfs:subClassOf	ENVO:00000233
ENVO:01000329	rdfs:subClassOf	ENVO:01000328
ENVO:01000330	rdfs:subClassOf	ENVO:01000327
ENVO:01000331	rdfs:subClassOf	ENVO:00000233
ENVO:01000332	rdfs:subClassOf	ENVO:00002000
ENVO:01000333	rdfs:subClassOf	ENVO:00002000
ENVO:01000334	rdfs:subClassOf	ENVO:00002000
ENVO:01000335	rdfs:subClassOf	ENVO:01000355
ENVO:01000336	rdfs:subClassOf	ENVO:01000355
ENVO:01000337	rdfs:subClassOf	ENVO:01000355
ENVO:01000338	rdfs:subClassOf	ENVO:01000355
ENVO:01000338	rdfs:subClassOf	UBERON:0001062
ENVO:01000339	rdfs:subClassOf	ENVO:00000428
ENVO:01000339	rdfs:subClassOf	ENVO:01001703
ENVO:01000340	rdfs:subClassOf	ENVO:01000343
ENVO:01000341	rdfs:subClassOf	ENVO:01000343
ENVO:01000342	rdfs:subClassOf	ENVO:01000343
ENVO:01000343	rdfs:subClassOf	ENVO:01000203
ENVO:01000344	rdfs:subClassOf	ENVO:01000343
ENVO:01000345	rdfs:subClassOf	ENVO:01000342
ENVO:01000346	rdfs:subClassOf	ENVO:01000342
ENVO:01000347	rdfs:subClassOf	ENVO:01000240
ENVO:01000348	rdfs:subClassOf	ENVO:00000114
ENVO:01000349	rdfs:subClassOf	ENVO:01000155
ENVO:01000350	rdfs:subClassOf	ENVO:01000017
ENVO:01000352	rdfs:subClassOf	ENVO:01000813
ENVO:01000353	rdfs:subClassOf	ENVO:01000352
ENVO:01000354	rdfs:subClassOf	ENVO:01000238
ENVO:01000355	rdfs:subClassOf	ENVO:01000281
ENVO:01000356	rdfs:subClassOf	ENVO:00002013
ENVO:01000357	rdfs:subClassOf	ENVO:00002006
ENVO:01000358	rdfs:subClassOf	ENVO:00002006
ENVO:01000359	rdfs:subClassOf	ENVO:01000360
ENVO:01000360	rdfs:subClassOf	ENVO:00000067
ENVO:01000361	rdfs:subClassOf	ENVO:00000067
ENVO:01000362	rdfs:subClassOf	ENVO:00000322
ENVO:01000363	rdfs:subClassOf	ENVO:00000067
ENVO:01000364	rdfs:subClassOf	ENVO:00000067
ENVO:01000365	rdfs:subClassOf	ENVO:00000067
ENVO:01000366	rdfs:subClassOf	ENVO:00000067
ENVO:01000367	rdfs:subClassOf	ENVO:00000067
ENVO:01000368	rdfs:subClassOf	ENVO:00000033
ENVO:01000369	rdfs:subClassOf	ENVO:00000067
ENVO:01000370	rdfs:subClassOf	ENVO:01000203
ENVO:01000371	rdfs:subClassOf	ENVO:00002264
ENVO:01000372	rdfs:subClassOf	ENVO:00002264
ENVO:01000373	rdfs:subClassOf	ENVO:00002264
ENVO:01000374	rdfs:subClassOf	ENVO:01001245
ENVO:01000374	rdfs:subClassOf	ENVO:01001701
ENVO:01000375	rdfs:subClassOf	ENVO:01000204
ENVO:01000376	rdfs:subClassOf	ENVO:01001803
ENVO:01000377	rdfs:subClassOf	ENVO:01000205
ENVO:01000378	rdfs:subClassOf	ENVO:01000205
ENVO:01000379	rdfs:subClassOf	ENVO:01000205
ENVO:01000380	rdfs:subClassOf	ENVO:01000206
ENVO:01000381	rdfs:subClassOf	ENVO:01000206
ENVO:01000382	rdfs:subClassOf	ENVO:00000097
ENVO:01000383	rdfs:subClassOf	ENVO:01000433
ENVO:01000383	rdfs:subClassOf	ENVO:01001805
ENVO:01000384	rdfs:subClassOf	ENVO:01001800
ENVO:01000385	rdfs:subClassOf	ENVO:01001792
ENVO:01000385	rdfs:subClassOf	ENVO:01001805
ENVO:01000386	rdfs:subClassOf	ENVO:01000433
ENVO:01000386	rdfs:subClassOf	ENVO:01001805
ENVO:01000387	rdfs:subClassOf	ENVO:01001792
ENVO:01000388	rdfs:subClassOf	ENVO:01001792
ENVO:01000389	rdfs:subClassOf	ENVO:01001796
ENVO:01000390	rdfs:subClassOf	ENVO:01001796
ENVO:01000391	rdfs:subClassOf	ENVO:01001800
ENVO:01000392	rdfs:subClassOf	ENVO:01000435
ENVO:01000392	rdfs:subClassOf	ENVO:01001803
ENVO:01000393	rdfs:subClassOf	ENVO:01000435
ENVO:01000393	rdfs:subClassOf	ENVO:01001803
ENVO:01000394	rdfs:subClassOf	ENVO:01000432
ENVO:01000394	rdfs:subClassOf	ENVO:01001803
ENVO:01000395	rdfs:subClassOf	ENVO:01000434
ENVO:01000395	rdfs:subClassOf	ENVO:01001805
ENVO:01000396	rdfs:subClassOf	ENVO:01000434
ENVO:01000396	rdfs:subClassOf	ENVO:01001803
ENVO:01000397	rdfs:subClassOf	ENVO:01001794
ENVO:01000398	rdfs:subClassOf	ENVO:01000432
ENVO:01000398	rdfs:subClassOf	ENVO:01001805
ENVO:01000399	rdfs:subClassOf	ENVO:01000433
ENVO:01000399	rdfs:subClassOf	ENVO:01001803
ENVO:01000400	rdfs:subClassOf	ENVO:01001803
ENVO:01000401	rdfs:subClassOf	ENVO:01001797
ENVO:01000402	rdfs:subClassOf	ENVO:01001797
ENVO:01000403	rdfs:subClassOf	ENVO:01001803
ENVO:01000405	rdfs:subClassOf	ENVO:01001089
ENVO:01000405	rdfs:subClassOf	ENVO:01001646
ENVO:01000406	rdfs:subClassOf	ENVO:00010483
ENVO:01000407	rdfs:subClassOf	ENVO:01000317
ENVO:01000407	rdfs:subClassOf	ENVO:01000813
ENVO:01000409	rdfs:subClassOf	ENVO:01000407
ENVO:01000410	rdfs:subClassOf	ENVO:01001201
ENVO:01000411	rdfs:subClassOf	ENVO:01001201
ENVO:01000412	rdfs:subClassOf	ENVO:01001201
ENVO:01000413	rdfs:subClassOf	PO:0000003
ENVO:01000414	rdfs:subClassOf	PO:0000003
ENVO:01000415	rdfs:subClassOf	ENVO:01000405
ENVO:01000416	rdfs:subClassOf	ENVO:01000415
ENVO:01000417	rdfs:subClassOf	ENVO:00000073
ENVO:01000418	rdfs:subClassOf	ENVO:01000417
ENVO:01000418	rdfs:subClassOf	ENVO:01001480
ENVO:01000419	rdfs:subClassOf	ENVO:00000011
ENVO:01000420	rdfs:subClassOf	ENVO:00000070
ENVO:01000421	rdfs:subClassOf	ENVO:01000420
ENVO:01000422	rdfs:subClassOf	ENVO:01000426
ENVO:01000423	rdfs:subClassOf	ENVO:01000426
ENVO:01000424	rdfs:subClassOf	ENVO:00000070
ENVO:01000425	rdfs:subClassOf	ENVO:01000426
ENVO:01000426	rdfs:subClassOf	ENVO:01000420
ENVO:01000427	rdfs:subClassOf	ENVO:00003082
ENVO:01000428	rdfs:subClassOf	ENVO:00000316
ENVO:01000429	rdfs:subClassOf	ENVO:00000068
ENVO:01000430	rdfs:subClassOf	ENVO:01001243
ENVO:01000431	rdfs:subClassOf	ENVO:01001243
ENVO:01000432	rdfs:subClassOf	ENVO:01001243
ENVO:01000433	rdfs:subClassOf	ENVO:01001243
ENVO:01000434	rdfs:subClassOf	ENVO:01001243
ENVO:01000435	rdfs:subClassOf	ENVO:01001243
ENVO:01000436	rdfs:subClassOf	ENVO:01000060
ENVO:01000437	rdfs:subClassOf	ENVO:01000352
ENVO:01000438	rdfs:subClassOf	ENVO:01001476
ENVO:01000439	rdfs:subClassOf	ENVO:00000247
ENVO:01000440	rdfs:subClassOf	ENVO:00000247
ENVO:01000441	rdfs:subClassOf	ENVO:00002013
ENVO:01000442	rdfs:subClassOf	ENVO:00002013
ENVO:01000443	rdfs:subClassOf	ENVO:00000191
ENVO:01000444	rdfs:subClassOf	ENVO:01000231
ENVO:01000445	rdfs:subClassOf	ENVO:01001110
ENVO:01000446	rdfs:subClassOf	ENVO:00000100
ENVO:01000447	rdfs:subClassOf	ENVO:00000002
ENVO:01000448	rdfs:subClassOf	ENVO:01001206
ENVO:01000449	rdfs:subClassOf	ENVO:00000108
ENVO:01000450	rdfs:subClassOf	ENVO:01000443
ENVO:01000450	rdfs:subClassOf	ENVO:01001884
ENVO:01000451	rdfs:subClassOf	ENVO:01000797
ENVO:01000453	rdfs:subClassOf	ENVO:01000455
ENVO:01000454	rdfs:subClassOf	ENVO:01000453
ENVO:01000455	rdfs:subClassOf	ENVO:01000452
ENVO:01000456	rdfs:subClassOf	ENVO:01000457
ENVO:01000457	rdfs:subClassOf	ENVO:00003074
ENVO:01000458	rdfs:subClassOf	ENVO:0010001
ENVO:01000459	rdfs:subClassOf	ENVO:01000458
ENVO:01000460	rdfs:subClassOf	ENVO:00002984
ENVO:01000461	rdfs:subClassOf	ENVO:00003074
ENVO:01000461	rdfs:subClassOf	ENVO:0010001
ENVO:01000461	rdfs:subClassOf	ENVO:01000815
ENVO:01000462	rdfs:subClassOf	ENVO:0010001
ENVO:01000463	rdfs:subClassOf	ENVO:01000462
ENVO:01000464	rdfs:subClassOf	ENVO:01000462
ENVO:01000465	rdfs:subClassOf	ENVO:01000420
ENVO:01000466	rdfs:subClassOf	ENVO:01000467
ENVO:01000467	rdfs:subClassOf	ENVO:00000070
ENVO:01000468	rdfs:subClassOf	ENVO:01000467
ENVO:01000469	rdfs:subClassOf	ENVO:01000465
ENVO:01000470	rdfs:subClassOf	ENVO:01000420
ENVO:01000471	rdfs:subClassOf	ENVO:01000420
ENVO:01000472	rdfs:subClassOf	ENVO:01000420
ENVO:01000473	rdfs:subClassOf	ENVO:0010003
ENVO:01000474	rdfs:subClassOf	ENVO:00003074
ENVO:01000474	rdfs:subClassOf	ENVO:0010001
ENVO:01000474	rdfs:subClassOf	ENVO:01000814
ENVO:01000475	rdfs:subClassOf	ENVO:01000457
ENVO:01000476	rdfs:subClassOf	ENVO:0010001
ENVO:01000477	rdfs:subClassOf	ENVO:01000476
ENVO:01000478	rdfs:subClassOf	ENVO:01000476
ENVO:01000479	rdfs:subClassOf	ENVO:01000476
ENVO:01000480	rdfs:subClassOf	ENVO:01000814
ENVO:01000481	rdfs:subClassOf	ENVO:01000480
ENVO:01000482	rdfs:subClassOf	ENVO:01000481
ENVO:01000483	rdfs:subClassOf	ENVO:01000482
ENVO:01000484	rdfs:subClassOf	ENVO:01000482
ENVO:01000485	rdfs:subClassOf	ENVO:01000481
ENVO:01000486	rdfs:subClassOf	ENVO:00000191
ENVO:01000486	rdfs:subClassOf	ENVO:01001311
ENVO:01000486	rdfs:subClassOf	ENVO:01001483
ENVO:01000487	rdfs:subClassOf	ENVO:01000486
ENVO:01000488	rdfs:subClassOf	ENVO:01000486
ENVO:01000488	rdfs:subClassOf	ENVO:01001271
ENVO:01000489	rdfs:subClassOf	ENVO:01000486
ENVO:01000489	rdfs:subClassOf	ENVO:01001271
ENVO:01000490	rdfs:subClassOf	ENVO:01000486
ENVO:01000491	rdfs:subClassOf	ENVO:01000486
ENVO:01000491	rdfs:subClassOf	ENVO:01001271
ENVO:01000492	rdfs:subClassOf	ENVO:01000486
ENVO:01000493	rdfs:subClassOf	ENVO:01000486
ENVO:01000493	rdfs:subClassOf	ENVO:01001271
ENVO:01000494	rdfs:subClassOf	ENVO:01000469
ENVO:01000495	rdfs:subClassOf	ENVO:00000191
ENVO:01000495	rdfs:subClassOf	ENVO:01000469
ENVO:01000496	rdfs:subClassOf	ENVO:01000469
ENVO:01000497	rdfs:subClassOf	ENVO:01000469
ENVO:01000499	rdfs:subClassOf	ENVO:01000497
ENVO:01000500	rdfs:subClassOf	ENVO:00000191
ENVO:01000500	rdfs:subClassOf	ENVO:01000469
ENVO:01000501	rdfs:subClassOf	ENVO:01000475
ENVO:01000502	rdfs:subClassOf	ENVO:01000475
ENVO:01000503	rdfs:subClassOf	ENVO:01000500
ENVO:01000504	rdfs:subClassOf	ENVO:01000500
ENVO:01000505	rdfs:subClassOf	ENVO:00000176
ENVO:01000505	rdfs:subClassOf	ENVO:01000443
ENVO:01000505	rdfs:subClassOf	ENVO:01001884
ENVO:01000506	rdfs:subClassOf	ENVO:01000469
ENVO:01000507	rdfs:subClassOf	ENVO:00003074
ENVO:01000508	rdfs:subClassOf	ENVO:01000256
ENVO:01000509	rdfs:subClassOf	ENVO:01000469
ENVO:01000510	rdfs:subClassOf	ENVO:01000472
ENVO:01000511	rdfs:subClassOf	ENVO:01000472
ENVO:01000512	rdfs:subClassOf	ENVO:01000472
ENVO:01000513	rdfs:subClassOf	ENVO:01000472
ENVO:01000514	rdfs:subClassOf	ENVO:00003074
ENVO:01000515	rdfs:subClassOf	ENVO:01000472
ENVO:01000516	rdfs:subClassOf	ENVO:01000989
ENVO:01000517	rdfs:subClassOf	ENVO:01000519
ENVO:01000518	rdfs:subClassOf	ENVO:01000525
ENVO:01000519	rdfs:subClassOf	ENVO:01000516
ENVO:01000520	rdfs:subClassOf	ENVO:00003074
ENVO:01000521	rdfs:subClassOf	ENVO:01000659
ENVO:01000522	rdfs:subClassOf	ENVO:00000070
ENVO:01000522	rdfs:subClassOf	ENVO:01001871
ENVO:01000523	rdfs:subClassOf	ENVO:01000517
ENVO:01000524	rdfs:subClassOf	ENVO:00000073
ENVO:01000525	rdfs:subClassOf	ENVO:01001490
ENVO:01000526	rdfs:subClassOf	ENVO:01000525
ENVO:01000527	rdfs:subClassOf	ENVO:01000516
ENVO:01000528	rdfs:subClassOf	ENVO:01000516
ENVO:01000529	rdfs:subClassOf	ENVO:01000516
ENVO:01000530	rdfs:subClassOf	ENVO:01000517
ENVO:01000531	rdfs:subClassOf	ENVO:00000073
ENVO:01000532	rdfs:subClassOf	ENVO:01000531
ENVO:01000533	rdfs:subClassOf	ENVO:01000532
ENVO:01000534	rdfs:subClassOf	ENVO:01000527
ENVO:01000535	rdfs:subClassOf	ENVO:01000517
ENVO:01000536	rdfs:subClassOf	ENVO:00003861
ENVO:01000537	rdfs:subClassOf	ENVO:01000797
ENVO:01000538	rdfs:subClassOf	ENVO:01000543
ENVO:01000539	rdfs:subClassOf	ENVO:01000543
ENVO:01000540	rdfs:subClassOf	ENVO:01000543
ENVO:01000541	rdfs:subClassOf	ENVO:01000543
ENVO:01000542	rdfs:subClassOf	ENVO:01000543
ENVO:01000543	rdfs:subClassOf	ENVO:01001678
ENVO:01000544	rdfs:subClassOf	ENVO:01001677
ENVO:01000545	rdfs:subClassOf	ENVO:01000543
ENVO:01000546	rdfs:subClassOf	ENVO:01000543
ENVO:01000547	rdfs:subClassOf	ENVO:01001276
ENVO:01000548	rdfs:subClassOf	ENVO:00000020
ENVO:01000549	rdfs:subClassOf	ENVO:01001691
ENVO:01000550	rdfs:subClassOf	ENVO:01000528
ENVO:01000551	rdfs:subClassOf	ENVO:00002983
ENVO:01000552	rdfs:subClassOf	ENVO:01000554
ENVO:01000553	rdfs:subClassOf	ENVO:01000558
ENVO:01000554	rdfs:subClassOf	ENVO:01000797
ENVO:01000554	rdfs:subClassOf	ENVO:2000045
ENVO:01000555	rdfs:subClassOf	ENVO:01000552
ENVO:01000556	rdfs:subClassOf	ENVO:01000554
ENVO:01000557	rdfs:subClassOf	ENVO:01000558
ENVO:01000558	rdfs:subClassOf	ENVO:01000815
ENVO:01000558	rdfs:subClassOf	ENVO:2000045
ENVO:01000559	rdfs:subClassOf	ENVO:01000556
ENVO:01000560	rdfs:subClassOf	ENVO:01000155
ENVO:01000560	rdfs:subClassOf	ENVO:01000814
ENVO:01000560	rdfs:subClassOf	ENVO:2000045
ENVO:01000561	rdfs:subClassOf	ENVO:01000566
ENVO:01000562	rdfs:subClassOf	ENVO:01000561
ENVO:01000563	rdfs:subClassOf	ENVO:01000561
ENVO:01000564	rdfs:subClassOf	ENVO:01000563
ENVO:01000565	rdfs:subClassOf	ENVO:00003074
ENVO:01000566	rdfs:subClassOf	ENVO:00003074
ENVO:01000567	rdfs:subClassOf	ENVO:01000565
ENVO:01000568	rdfs:subClassOf	ENVO:01000567
ENVO:01000569	rdfs:subClassOf	ENVO:01000567
ENVO:01000570	rdfs:subClassOf	ENVO:01000568
ENVO:01000571	rdfs:subClassOf	ENVO:01000568
ENVO:01000572	rdfs:subClassOf	ENVO:01000566
ENVO:01000573	rdfs:subClassOf	ENVO:01000572
ENVO:01000574	rdfs:subClassOf	ENVO:01000566
ENVO:01000575	rdfs:subClassOf	ENVO:00010483
ENVO:01000576	rdfs:subClassOf	ENVO:00000077
ENVO:01000577	rdfs:subClassOf	ENVO:00003074
ENVO:01000578	rdfs:subClassOf	ENVO:00003074
ENVO:01000579	rdfs:subClassOf	ENVO:00003074
ENVO:01000580	rdfs:subClassOf	ENVO:00003074
ENVO:01000581	rdfs:subClassOf	ENVO:01000580
ENVO:01000582	rdfs:subClassOf	ENVO:01000580
ENVO:01000583	rdfs:subClassOf	ENVO:00003074
ENVO:01000584	rdfs:subClassOf	ENVO:01000587
ENVO:01000585	rdfs:subClassOf	ENVO:01000584
ENVO:01000586	rdfs:subClassOf	ENVO:01000587
ENVO:01000587	rdfs:subClassOf	ENVO:00003074
ENVO:01000588	rdfs:subClassOf	ENVO:01000589
ENVO:01000589	rdfs:subClassOf	ENVO:01000587
ENVO:01000590	rdfs:subClassOf	ENVO:01000587
ENVO:01000591	rdfs:subClassOf	ENVO:01000587
ENVO:01000592	rdfs:subClassOf	ENVO:01000587
ENVO:01000593	rdfs:subClassOf	ENVO:01000587
ENVO:01000594	rdfs:subClassOf	ENVO:01000587
ENVO:01000595	rdfs:subClassOf	ENVO:01000594
ENVO:01000596	rdfs:subClassOf	ENVO:00003074
ENVO:01000597	rdfs:subClassOf	ENVO:01000566
ENVO:01000598	rdfs:subClassOf	ENVO:00000027
ENVO:01000599	rdfs:subClassOf	ENVO:03605006
ENVO:01000600	rdfs:subClassOf	ENVO:00002011
ENVO:01000601	rdfs:subClassOf	ENVO:01000604
ENVO:01000602	rdfs:subClassOf	ENVO:01000601
ENVO:01000603	rdfs:subClassOf	ENVO:01000602
ENVO:01000604	rdfs:subClassOf	ENVO:00003074
ENVO:01000605	rdfs:subClassOf	ENVO:01000601
ENVO:01000606	rdfs:subClassOf	ENVO:01000604
ENVO:01000607	rdfs:subClassOf	ENVO:01000606
ENVO:01000608	rdfs:subClassOf	ENVO:01000613
ENVO:01000609	rdfs:subClassOf	ENVO:01000601
ENVO:01000609	rdfs:subClassOf	ENVO:01000608
ENVO:01000610	rdfs:subClassOf	ENVO:00003074
ENVO:01000611	rdfs:subClassOf	ENVO:01000601
ENVO:01000612	rdfs:subClassOf	ENVO:01000605
ENVO:01000613	rdfs:subClassOf	ENVO:01000604
ENVO:01000614	rdfs:subClassOf	ENVO:01000604
ENVO:01000615	rdfs:subClassOf	ENVO:01000601
ENVO:01000616	rdfs:subClassOf	ENVO:01000615
ENVO:01000617	rdfs:subClassOf	ENVO:00000063
ENVO:01000618	rdfs:subClassOf	ENVO:00000063
ENVO:01000619	rdfs:subClassOf	ENVO:00010622
ENVO:01000620	rdfs:subClassOf	ENVO:00010622
ENVO:01000621	rdfs:subClassOf	ENVO:00010622
ENVO:01000622	rdfs:subClassOf	ENVO:03000043
ENVO:01000623	rdfs:subClassOf	ENVO:01000622
ENVO:01000624	rdfs:subClassOf	ENVO:01000724
ENVO:01000624	rdfs:subClassOf	ENVO:02500031
ENVO:01000625	rdfs:subClassOf	ENVO:00003074
ENVO:01000626	rdfs:subClassOf	ENVO:01000627
ENVO:01000627	rdfs:subClassOf	ENVO:00000077
ENVO:01000628	rdfs:subClassOf	ENVO:01000155
ENVO:01000628	rdfs:subClassOf	UBERON:0001062
ENVO:01000629	rdfs:subClassOf	ENVO:02500000
ENVO:01000630	rdfs:subClassOf	ENVO:02500000
ENVO:01000631	rdfs:subClassOf	ENVO:01000630
ENVO:01000632	rdfs:subClassOf	ENVO:01000525
ENVO:01000633	rdfs:subClassOf	ENVO:02500008
ENVO:01000633	rdfs:subClassOf	ENVO:02500031
ENVO:01000634	rdfs:subClassOf	ENVO:02500031
ENVO:01000634	rdfs:subClassOf	ENVO:03000010
ENVO:01000635	rdfs:subClassOf	ENVO:01000324
ENVO:01000635	rdfs:subClassOf	ENVO:01001782
ENVO:01000636	rdfs:subClassOf	ENVO:01000324
ENVO:01000636	rdfs:subClassOf	ENVO:01001783
ENVO:01000637	rdfs:subClassOf	ENVO:00010483
ENVO:01000638	rdfs:subClassOf	ENVO:01000639
ENVO:01000639	rdfs:subClassOf	ENVO:01000281
ENVO:01000639	rdfs:subClassOf	ENVO:01000813
ENVO:01000640	rdfs:subClassOf	ENVO:01000639
ENVO:01000641	rdfs:subClassOf	ENVO:01000639
ENVO:01000642	rdfs:subClassOf	ENVO:01000641
ENVO:01000643	rdfs:subClassOf	ENVO:01000641
ENVO:01000644	rdfs:subClassOf	ENVO:01000641
ENVO:01000644	rdfs:subClassOf	ENVO:01001273
ENVO:01000644	rdfs:subClassOf	ENVO:01001477
ENVO:01000645	rdfs:subClassOf	ENVO:00000191
ENVO:01000645	rdfs:subClassOf	ENVO:01000641
ENVO:01000645	rdfs:subClassOf	ENVO:01001275
ENVO:01000646	rdfs:subClassOf	ENVO:00000191
ENVO:01000646	rdfs:subClassOf	ENVO:01000639
ENVO:01000646	rdfs:subClassOf	ENVO:01001275
ENVO:01000647	rdfs:subClassOf	ENVO:01000639
ENVO:01000648	rdfs:subClassOf	ENVO:02000140
ENVO:01000649	rdfs:subClassOf	ENVO:00000309
ENVO:01000650	rdfs:subClassOf	ENVO:00000395
ENVO:01000651	rdfs:subClassOf	ENVO:00000394
ENVO:01000652	rdfs:subClassOf	ENVO:01000650
ENVO:01000653	rdfs:subClassOf	ENVO:01000658
ENVO:01000654	rdfs:subClassOf	ENVO:00000499
ENVO:01000655	rdfs:subClassOf	ENVO:01000634
ENVO:01000656	rdfs:subClassOf	ENVO:01000634
ENVO:01000657	rdfs:subClassOf	ENVO:01000738
ENVO:01000658	rdfs:subClassOf	ENVO:01001829
ENVO:01000659	rdfs:subClassOf	ENVO:01000525
ENVO:01000660	rdfs:subClassOf	ENVO:01000814
ENVO:01000661	rdfs:subClassOf	ENVO:00001995
ENVO:01000662	rdfs:subClassOf	ENVO:00001995
ENVO:01000663	rdfs:subClassOf	ENVO:00001995
ENVO:01000664	rdfs:subClassOf	ENVO:00000398
ENVO:01000666	rdfs:subClassOf	ENVO:01000813
ENVO:01000666	rdfs:subClassOf	ENVO:01003020
ENVO:01000667	rdfs:subClassOf	ENVO:00000191
ENVO:01000668	rdfs:subClassOf	ENVO:01000667
ENVO:01000669	rdfs:subClassOf	ENVO:01000668
ENVO:01000670	rdfs:subClassOf	ENVO:01000667
ENVO:01000671	rdfs:subClassOf	ENVO:01000525
ENVO:01000672	rdfs:subClassOf	ENVO:01000667
ENVO:01000673	rdfs:subClassOf	ENVO:01000667
ENVO:01000674	rdfs:subClassOf	ENVO:01000667
ENVO:01000675	rdfs:subClassOf	ENVO:01003020
ENVO:01000676	rdfs:subClassOf	ENVO:00002005
ENVO:01000677	rdfs:subClassOf	ENVO:03000010
ENVO:01000678	rdfs:subClassOf	ENVO:01000677
ENVO:01000679	rdfs:subClassOf	ENVO:01000678
ENVO:01000680	rdfs:subClassOf	ENVO:00000020
ENVO:01000681	rdfs:subClassOf	ENVO:01000508
ENVO:01000682	rdfs:subClassOf	ENVO:03000006
ENVO:01000683	rdfs:subClassOf	ENVO:03000006
ENVO:01000684	rdfs:subClassOf	ENVO:03000006
ENVO:01000685	rdfs:subClassOf	ENVO:01001476
ENVO:01000686	rdfs:subClassOf	ENVO:01000685
ENVO:01000687	rdfs:subClassOf	ENVO:01001784
ENVO:01000688	rdfs:subClassOf	ENVO:01000687
ENVO:01000689	rdfs:subClassOf	ENVO:01000981
ENVO:01000690	rdfs:subClassOf	ENVO:03000010
ENVO:01000691	rdfs:subClassOf	ENVO:01000696
ENVO:01000692	rdfs:subClassOf	ENVO:01000690
ENVO:01000693	rdfs:subClassOf	ENVO:01000690
ENVO:01000694	rdfs:subClassOf	ENVO:03000010
ENVO:01000695	rdfs:subClassOf	ENVO:01000690
ENVO:01000696	rdfs:subClassOf	ENVO:01000690
ENVO:01000697	rdfs:subClassOf	ENVO:01000696
ENVO:01000698	rdfs:subClassOf	ENVO:01000696
ENVO:01000699	rdfs:subClassOf	ENVO:01000697
ENVO:01000700	rdfs:subClassOf	ENVO:01000692
ENVO:01000701	rdfs:subClassOf	ENVO:02000090
ENVO:01000702	rdfs:subClassOf	ENVO:01000875
ENVO:01000703	rdfs:subClassOf	ENVO:01000875
ENVO:01000704	rdfs:subClassOf	ENVO:02500031
ENVO:01000704	rdfs:subClassOf	ENVO:02500034
ENVO:01000705	rdfs:subClassOf	ENVO:02500005
ENVO:01000706	rdfs:subClassOf	ENVO:02500028
ENVO:01000707	rdfs:subClassOf	ENVO:02500002
ENVO:01000708	rdfs:subClassOf	ENVO:02500002
ENVO:01000709	rdfs:subClassOf	ENVO:02500002
ENVO:01000710	rdfs:subClassOf	ENVO:00000063
ENVO:01000711	rdfs:subClassOf	ENVO:01000710
ENVO:01000712	rdfs:subClassOf	ENVO:01000710
ENVO:01000713	rdfs:subClassOf	ENVO:01000710
ENVO:01000714	rdfs:subClassOf	ENVO:01000711
ENVO:01000715	rdfs:subClassOf	ENVO:01000689
ENVO:01000716	rdfs:subClassOf	ENVO:01000707
ENVO:01000717	rdfs:subClassOf	ENVO:02500002
ENVO:01000718	rdfs:subClassOf	ENVO:02500002
ENVO:01000719	rdfs:subClassOf	ENVO:01000720
ENVO:01000720	rdfs:subClassOf	ENVO:01000723
ENVO:01000720	rdfs:subClassOf	ENVO:02500031
ENVO:01000721	rdfs:subClassOf	ENVO:01000720
ENVO:01000722	rdfs:subClassOf	ENVO:00002006
ENVO:01000723	rdfs:subClassOf	ENVO:03000043
ENVO:01000724	rdfs:subClassOf	ENVO:01001510
ENVO:01000725	rdfs:subClassOf	ENVO:01000875
ENVO:01000726	rdfs:subClassOf	ENVO:01001510
ENVO:01000727	rdfs:subClassOf	ENVO:03000043
ENVO:01000728	rdfs:subClassOf	ENVO:01001093
ENVO:01000729	rdfs:subClassOf	ENVO:03000010
ENVO:01000730	rdfs:subClassOf	ENVO:01000981
ENVO:01000731	rdfs:subClassOf	ENVO:00000094
ENVO:01000732	rdfs:subClassOf	ENVO:01000526
ENVO:01000732	rdfs:subClassOf	ENVO:01000671
ENVO:01000733	rdfs:subClassOf	ENVO:01000659
ENVO:01000734	rdfs:subClassOf	ENVO:01000525
ENVO:01000735	rdfs:subClassOf	ENVO:01000525
ENVO:01000736	rdfs:subClassOf	ENVO:01000525
ENVO:01000737	rdfs:subClassOf	ENVO:01000525
ENVO:01000738	rdfs:subClassOf	ENVO:03000010
ENVO:01000739	rdfs:subClassOf	ENVO:01000813
ENVO:01000739	rdfs:subClassOf	ENVO:01001110
ENVO:01000740	rdfs:subClassOf	ENVO:01000746
ENVO:01000741	rdfs:subClassOf	ENVO:02500000
ENVO:01000742	rdfs:subClassOf	ENVO:03000093
ENVO:01000743	rdfs:subClassOf	ENVO:01000952
ENVO:01000744	rdfs:subClassOf	ENVO:01001480
ENVO:01000745	rdfs:subClassOf	ENVO:01000746
ENVO:01000746	rdfs:subClassOf	ENVO:01000813
ENVO:01000746	rdfs:subClassOf	ENVO:01003020
ENVO:01000747	rdfs:subClassOf	ENVO:01001275
ENVO:01000748	rdfs:subClassOf	ENVO:01000639
ENVO:01000749	rdfs:subClassOf	ENVO:01000639
ENVO:01000750	rdfs:subClassOf	ENVO:01000639
ENVO:01000751	rdfs:subClassOf	ENVO:00001995
ENVO:01000752	rdfs:subClassOf	ENVO:01001199
ENVO:01000754	rdfs:subClassOf	ENVO:00000176
ENVO:01000754	rdfs:subClassOf	ENVO:01001884
ENVO:01000754	rdfs:subClassOf	ENVO:03000110
ENVO:01000755	rdfs:subClassOf	ENVO:01001478
ENVO:01000760	rdfs:subClassOf	ENVO:01001008
ENVO:01000761	rdfs:subClassOf	ENVO:01001428
ENVO:01000762	rdfs:subClassOf	ENVO:01001829
ENVO:01000763	rdfs:subClassOf	ENVO:01000762
ENVO:01000764	rdfs:subClassOf	ENVO:01001829
ENVO:01000765	rdfs:subClassOf	ENVO:01001829
ENVO:01000766	rdfs:subClassOf	ENVO:01001829
ENVO:01000767	rdfs:subClassOf	ENVO:01001829
ENVO:01000768	rdfs:subClassOf	ENVO:01001243
ENVO:01000769	rdfs:subClassOf	ENVO:01000742
ENVO:01000770	rdfs:subClassOf	ENVO:01000451
ENVO:01000771	rdfs:subClassOf	ENVO:00000064
ENVO:01000772	rdfs:subClassOf	ENVO:01001200
ENVO:01000773	rdfs:subClassOf	ENVO:01001829
ENVO:01000774	rdfs:subClassOf	ENVO:00000020
ENVO:01000775	rdfs:subClassOf	ENVO:00000020
ENVO:01000776	rdfs:subClassOf	ENVO:01001687
ENVO:01000777	rdfs:subClassOf	ENVO:06105010
ENVO:01000778	rdfs:subClassOf	ENVO:00000358
ENVO:01000779	rdfs:subClassOf	ENVO:00000070
ENVO:01000780	rdfs:subClassOf	ENVO:00000064
ENVO:01000781	rdfs:subClassOf	ENVO:00000073
ENVO:01000782	rdfs:subClassOf	ENVO:00003074
ENVO:01000782	rdfs:subClassOf	ENVO:01000813
ENVO:01000783	rdfs:subClassOf	ENVO:01000782
ENVO:01000784	rdfs:subClassOf	ENVO:01000765
ENVO:01000786	rdfs:subClassOf	ENVO:01000839
ENVO:01000787	rdfs:subClassOf	ENVO:01000788
ENVO:01000788	rdfs:subClassOf	ENVO:01000786
ENVO:01000789	rdfs:subClassOf	ENVO:01000797
ENVO:01000790	rdfs:subClassOf	ENVO:01000789
ENVO:01000791	rdfs:subClassOf	ENVO:01001292
ENVO:01000792	rdfs:subClassOf	ENVO:01001747
ENVO:01000793	rdfs:subClassOf	ENVO:01000792
ENVO:01000793	rdfs:subClassOf	ENVO:02500003
ENVO:01000794	rdfs:subClassOf	ENVO:01000796
ENVO:01000795	rdfs:subClassOf	ENVO:01000792
ENVO:01000796	rdfs:subClassOf	ENVO:01001747
ENVO:01000797	rdfs:subClassOf	ENVO:02000140
ENVO:01000798	rdfs:subClassOf	ENVO:02000140
ENVO:01000799	rdfs:subClassOf	ENVO:01000804
ENVO:01000800	rdfs:subClassOf	ENVO:01000799
ENVO:01000801	rdfs:subClassOf	ENVO:01000799
ENVO:01000801	rdfs:subClassOf	ENVO:01001686
ENVO:01000802	rdfs:subClassOf	ENVO:01000799
ENVO:01000803	rdfs:subClassOf	ENVO:01000809
ENVO:01000805	rdfs:subClassOf	ENVO:01000804
ENVO:01000806	rdfs:subClassOf	ENVO:01000804
ENVO:01000807	rdfs:subClassOf	ENVO:01000804
ENVO:01000808	rdfs:subClassOf	ENVO:01000809
ENVO:01000809	rdfs:subClassOf	ENVO:01000799
ENVO:01000810	rdfs:subClassOf	ENVO:01000267
ENVO:01000811	rdfs:subClassOf	ENVO:01000810
ENVO:01000812	rdfs:subClassOf	ENVO:00000191
ENVO:01000812	rdfs:subClassOf	ENVO:01001311
ENVO:01000812	rdfs:subClassOf	ENVO:01001483
ENVO:01000814	rdfs:subClassOf	ENVO:00010483
ENVO:01000815	rdfs:subClassOf	ENVO:02000140
ENVO:01000816	rdfs:subClassOf	ENVO:01001199
ENVO:01000817	rdfs:subClassOf	ENVO:01000813
ENVO:01000819	rdfs:subClassOf	ENVO:01001477
ENVO:01000820	rdfs:subClassOf	ENVO:01000813
ENVO:01000821	rdfs:subClassOf	ENVO:01000813
ENVO:01000822	rdfs:subClassOf	ENVO:01000813
ENVO:01000823	rdfs:subClassOf	ENVO:01000813
ENVO:01000824	rdfs:subClassOf	ENVO:00000020
ENVO:01000824	rdfs:subClassOf	ENVO:01001320
ENVO:01000825	rdfs:subClassOf	ENVO:01000420
ENVO:01000826	rdfs:subClassOf	ENVO:01000825
ENVO:01000827	rdfs:subClassOf	ENVO:01000825
ENVO:01000828	rdfs:subClassOf	ENVO:00002005
ENVO:01000829	rdfs:subClassOf	ENVO:01000828
ENVO:01000830	rdfs:subClassOf	ENVO:01000703
ENVO:01000831	rdfs:subClassOf	ENVO:01001690
ENVO:01000832	rdfs:subClassOf	ENVO:01000831
ENVO:01000833	rdfs:subClassOf	ENVO:01000831
ENVO:01000834	rdfs:subClassOf	ENVO:01000832
ENVO:01000834	rdfs:subClassOf	ENVO:01000833
ENVO:01000835	rdfs:subClassOf	ENVO:01000831
ENVO:01000836	rdfs:subClassOf	ENVO:01000833
ENVO:01000836	rdfs:subClassOf	ENVO:01000835
ENVO:01000837	rdfs:subClassOf	ENVO:01000703
ENVO:01000838	rdfs:subClassOf	ENVO:00010505
ENVO:01000839	rdfs:subClassOf	ENVO:01000840
ENVO:01000839	rdfs:subClassOf	ENVO:01001654
ENVO:01000840	rdfs:subClassOf	ENVO:03000043
ENVO:01000841	rdfs:subClassOf	ENVO:01000840
ENVO:01000841	rdfs:subClassOf	ENVO:01001654
ENVO:01000842	rdfs:subClassOf	ENVO:01000844
ENVO:01000843	rdfs:subClassOf	ENVO:01001305
ENVO:01000844	rdfs:subClassOf	ENVO:01001088
ENVO:01000844	rdfs:subClassOf	ENVO:01001652
ENVO:01000845	rdfs:subClassOf	ENVO:01000814
ENVO:01000846	rdfs:subClassOf	ENVO:01000845
ENVO:01000847	rdfs:subClassOf	ENVO:01000277
ENVO:01000848	rdfs:subClassOf	ENVO:01001305
ENVO:01000849	rdfs:subClassOf	ENVO:01000848
ENVO:01000850	rdfs:subClassOf	ENVO:01000845
ENVO:01000851	rdfs:subClassOf	ENVO:01000850
ENVO:01000852	rdfs:subClassOf	ENVO:01001795
ENVO:01000853	rdfs:subClassOf	ENVO:01000256
ENVO:01000854	rdfs:subClassOf	ENVO:01000049
ENVO:01000854	rdfs:subClassOf	ENVO:01001830
ENVO:01000855	rdfs:subClassOf	ENVO:01001305
ENVO:01000856	rdfs:subClassOf	ENVO:01000046
ENVO:01000856	rdfs:subClassOf	ENVO:01001831
ENVO:01000857	rdfs:subClassOf	ENVO:01000047
ENVO:01000858	rdfs:subClassOf	ENVO:00000447
ENVO:01000859	rdfs:subClassOf	ENVO:01000858
ENVO:01000859	rdfs:subClassOf	ENVO:01001830
ENVO:01000860	rdfs:subClassOf	ENVO:01000858
ENVO:01000860	rdfs:subClassOf	ENVO:01001831
ENVO:01000861	rdfs:subClassOf	ENVO:01001293
ENVO:01000862	rdfs:subClassOf	ENVO:01000325
ENVO:01000862	rdfs:subClassOf	ENVO:01001308
ENVO:01000862	rdfs:subClassOf	ENVO:01001309
ENVO:01000862	rdfs:subClassOf	ENVO:01001483
ENVO:01000863	rdfs:subClassOf	ENVO:00000070
ENVO:01000864	rdfs:subClassOf	ENVO:00000479
ENVO:01000865	rdfs:subClassOf	ENVO:00003074
ENVO:01000866	rdfs:subClassOf	ENVO:01000865
ENVO:01000867	rdfs:subClassOf	ENVO:00003074
ENVO:01000868	rdfs:subClassOf	ENVO:01000813
ENVO:01000868	rdfs:subClassOf	ENVO:01000867
ENVO:01000869	rdfs:subClassOf	ENVO:01001293
ENVO:01000870	rdfs:subClassOf	ENVO:02500000
ENVO:01000871	rdfs:subClassOf	ENVO:01000617
ENVO:01000872	rdfs:subClassOf	ENVO:00002006
ENVO:01000873	rdfs:subClassOf	ENVO:00003074
ENVO:01000874	rdfs:subClassOf	ENVO:01000703
ENVO:01000875	rdfs:subClassOf	ENVO:03000010
ENVO:01000876	rdfs:subClassOf	ENVO:02500000
ENVO:01000877	rdfs:subClassOf	ENVO:01000876
ENVO:01000877	rdfs:subClassOf	ENVO:02500003
ENVO:01000878	rdfs:subClassOf	ENVO:01001294
ENVO:01000879	rdfs:subClassOf	ENVO:01000877
ENVO:01000880	rdfs:subClassOf	ENVO:01000882
ENVO:01000881	rdfs:subClassOf	ENVO:01000877
ENVO:01000882	rdfs:subClassOf	ENVO:01000877
ENVO:01000883	rdfs:subClassOf	ENVO:01001200
ENVO:01000884	rdfs:subClassOf	ENVO:01001269
ENVO:01000885	rdfs:subClassOf	ENVO:01001269
ENVO:01000886	rdfs:subClassOf	ENVO:01001269
ENVO:01000887	rdfs:subClassOf	ENVO:01001305
ENVO:01000888	rdfs:subClassOf	ENVO:00000106
ENVO:01000889	rdfs:subClassOf	ENVO:01001305
ENVO:01000890	rdfs:subClassOf	ENVO:01001305
ENVO:01000891	rdfs:subClassOf	ENVO:01000888
ENVO:01000891	rdfs:subClassOf	ENVO:01001200
ENVO:01000892	rdfs:subClassOf	ENVO:01001305
ENVO:01000893	rdfs:subClassOf	ENVO:00000043
ENVO:01000894	rdfs:subClassOf	ENVO:00000043
ENVO:01000895	rdfs:subClassOf	ENVO:01000703
ENVO:01000896	rdfs:subClassOf	ENVO:01000830
ENVO:01000897	rdfs:subClassOf	ENVO:02500000
ENVO:01000898	rdfs:subClassOf	ENVO:01000897
ENVO:01000898	rdfs:subClassOf	ENVO:02500003
ENVO:01000899	rdfs:subClassOf	ENVO:01000902
ENVO:01000900	rdfs:subClassOf	ENVO:01000902
ENVO:01000901	rdfs:subClassOf	ENVO:01000898
ENVO:01000902	rdfs:subClassOf	ENVO:01000898
ENVO:01000903	rdfs:subClassOf	ENVO:01000881
ENVO:01000904	rdfs:subClassOf	ENVO:01000877
ENVO:01000905	rdfs:subClassOf	ENVO:01000617
ENVO:01000906	rdfs:subClassOf	ENVO:01001436
ENVO:01000907	rdfs:subClassOf	ENVO:00000564
ENVO:01000908	rdfs:subClassOf	ENVO:00000022
ENVO:01000909	rdfs:subClassOf	ENVO:01001311
ENVO:01000910	rdfs:subClassOf	ENVO:00000191
ENVO:01000910	rdfs:subClassOf	ENVO:01000909
ENVO:01000910	rdfs:subClassOf	ENVO:01001483
ENVO:01000911	rdfs:subClassOf	ENVO:00003074
ENVO:01000912	rdfs:subClassOf	ENVO:01001686
ENVO:01000913	rdfs:subClassOf	ENVO:02500003
ENVO:01000913	rdfs:subClassOf	ENVO:02500031
ENVO:01000914	rdfs:subClassOf	ENVO:01001351
ENVO:01000915	rdfs:subClassOf	ENVO:03000016
ENVO:01000916	rdfs:subClassOf	ENVO:01000690
ENVO:01000917	rdfs:subClassOf	ENVO:01000690
ENVO:01000918	rdfs:subClassOf	ENVO:00003040
ENVO:01000919	rdfs:subClassOf	ENVO:01001622
ENVO:01000919	rdfs:subClassOf	ENVO:03000017
ENVO:01000920	rdfs:subClassOf	ENVO:01000727
ENVO:01000920	rdfs:subClassOf	ENVO:02500031
ENVO:01000921	rdfs:subClassOf	ENVO:00003040
ENVO:01000922	rdfs:subClassOf	ENVO:01000625
ENVO:01000923	rdfs:subClassOf	ENVO:00010625
ENVO:01000924	rdfs:subClassOf	ENVO:00000121
ENVO:01000925	rdfs:subClassOf	ENVO:00003861
ENVO:01000926	rdfs:subClassOf	ENVO:00003861
ENVO:01000927	rdfs:subClassOf	ENVO:01001222
ENVO:01000928	rdfs:subClassOf	ENVO:00003863
ENVO:01000929	rdfs:subClassOf	ENVO:2100000
ENVO:01000930	rdfs:subClassOf	ENVO:01001110
ENVO:01000931	rdfs:subClassOf	ENVO:01000930
ENVO:01000932	rdfs:subClassOf	ENVO:03501134
ENVO:01000933	rdfs:subClassOf	ENVO:01000418
ENVO:01000934	rdfs:subClassOf	ENVO:01001222
ENVO:01000935	rdfs:subClassOf	ENVO:00000002
ENVO:01000936	rdfs:subClassOf	ENVO:01000935
ENVO:01000937	rdfs:subClassOf	ENVO:01000935
ENVO:01000938	rdfs:subClassOf	ENVO:00003074
ENVO:01000939	rdfs:subClassOf	ENVO:00010483
ENVO:01000940	rdfs:subClassOf	ENVO:00002006
ENVO:01000941	rdfs:subClassOf	ENVO:01001776
ENVO:01000942	rdfs:subClassOf	ENVO:01000941
ENVO:01000943	rdfs:subClassOf	ENVO:00000083
ENVO:01000944	rdfs:subClassOf	ENVO:01000776
ENVO:01000945	rdfs:subClassOf	ENVO:01000944
ENVO:01000946	rdfs:subClassOf	ENVO:01000944
ENVO:01000947	rdfs:subClassOf	ENVO:01001110
ENVO:01000948	rdfs:subClassOf	ENVO:01000953
ENVO:01000949	rdfs:subClassOf	ENVO:01000240
ENVO:01000950	rdfs:subClassOf	ENVO:01001510
ENVO:01000950	rdfs:subClassOf	ENVO:02500031
ENVO:01000951	rdfs:subClassOf	ENVO:01000254
ENVO:01000952	rdfs:subClassOf	ENVO:01001434
ENVO:01000953	rdfs:subClassOf	ENVO:01000947
ENVO:01000954	rdfs:subClassOf	ENVO:01000813
ENVO:01000954	rdfs:subClassOf	ENVO:01000953
ENVO:01000955	rdfs:subClassOf	ENVO:01000953
ENVO:01000956	rdfs:subClassOf	ENVO:01000955
ENVO:01000957	rdfs:subClassOf	ENVO:01000953
ENVO:01000958	rdfs:subClassOf	ENVO:01000800
ENVO:01000959	rdfs:subClassOf	ENVO:01000810
ENVO:01000960	rdfs:subClassOf	ENVO:01000810
ENVO:01000961	rdfs:subClassOf	ENVO:01000810
ENVO:01000962	rdfs:subClassOf	ENVO:00002016
ENVO:01000963	rdfs:subClassOf	ENVO:00000339
ENVO:01000964	rdfs:subClassOf	ENVO:00002001
ENVO:01000965	rdfs:subClassOf	ENVO:00000070
ENVO:01000966	rdfs:subClassOf	ENVO:01000965
ENVO:01000967	rdfs:subClassOf	ENVO:01000965
ENVO:01000968	rdfs:subClassOf	ENVO:00000070
ENVO:01000969	rdfs:subClassOf	ENVO:01000934
ENVO:01000970	rdfs:subClassOf	ENVO:01000984
ENVO:01000971	rdfs:subClassOf	ENVO:01000602
ENVO:01000972	rdfs:subClassOf	ENVO:01000934
ENVO:01000973	rdfs:subClassOf	ENVO:01001222
ENVO:01000974	rdfs:subClassOf	ENVO:01000973
ENVO:01000975	rdfs:subClassOf	ENVO:00003074
ENVO:01000976	rdfs:subClassOf	ENVO:01000975
ENVO:01000977	rdfs:subClassOf	ENVO:01000976
ENVO:01000978	rdfs:subClassOf	ENVO:01000976
ENVO:01000979	rdfs:subClassOf	ENVO:01000980
ENVO:01000980	rdfs:subClassOf	ENVO:00000549
ENVO:01000981	rdfs:subClassOf	ENVO:01001747
ENVO:01000982	rdfs:subClassOf	ENVO:02500031
ENVO:01000982	rdfs:subClassOf	ENVO:03000010
ENVO:01000983	rdfs:subClassOf	ENVO:01000813
ENVO:01000984	rdfs:subClassOf	ENVO:00002222
ENVO:01000985	rdfs:subClassOf	ENVO:00000002
ENVO:01000986	rdfs:subClassOf	ENVO:01000985
ENVO:01000987	rdfs:subClassOf	ENVO:00000002
ENVO:01000988	rdfs:subClassOf	ENVO:00002222
ENVO:01000989	rdfs:subClassOf	ENVO:00003074
ENVO:01000990	rdfs:subClassOf	ENVO:01000989
ENVO:01000991	rdfs:subClassOf	ENVO:01000989
ENVO:01000992	rdfs:subClassOf	ENVO:01000989
ENVO:01000994	rdfs:subClassOf	ENVO:01000993
ENVO:01000994	rdfs:subClassOf	ENVO:02500027
ENVO:01000995	rdfs:subClassOf	ENVO:00000278
ENVO:01000997	rdfs:subClassOf	ENVO:01000254
ENVO:01000998	rdfs:subClassOf	ENVO:01000254
ENVO:01000999	rdfs:subClassOf	ENVO:01000254
ENVO:01001000	rdfs:subClassOf	ENVO:01000254
ENVO:01001001	rdfs:subClassOf	ENVO:01001000
ENVO:01001002	rdfs:subClassOf	ENVO:01001000
ENVO:01001003	rdfs:subClassOf	ENVO:01000997
ENVO:01001004	rdfs:subClassOf	ENVO:00005792
ENVO:01001005	rdfs:subClassOf	ENVO:01001006
ENVO:01001006	rdfs:subClassOf	ENVO:01001009
ENVO:01001007	rdfs:subClassOf	ENVO:01001006
ENVO:01001009	rdfs:subClassOf	ENVO:01001008
ENVO:01001010	rdfs:subClassOf	ENVO:01001008
ENVO:01001011	rdfs:subClassOf	ENVO:01001009
ENVO:01001012	rdfs:subClassOf	ENVO:00000339
ENVO:01001012	rdfs:subClassOf	ENVO:01001008
ENVO:01001013	rdfs:subClassOf	ENVO:01001006
ENVO:01001014	rdfs:subClassOf	ENVO:01001007
ENVO:01001015	rdfs:subClassOf	ENVO:01001006
ENVO:01001016	rdfs:subClassOf	ENVO:01001009
ENVO:01001017	rdfs:subClassOf	ENVO:01001009
ENVO:01001018	rdfs:subClassOf	ENVO:00002224
ENVO:01001019	rdfs:subClassOf	ENVO:01000548
ENVO:01001020	rdfs:subClassOf	ENVO:00000019
ENVO:01001021	rdfs:subClassOf	ENVO:00000020
ENVO:01001022	rdfs:subClassOf	ENVO:00000020
ENVO:01001023	rdfs:subClassOf	ENVO:01001852
ENVO:01001024	rdfs:subClassOf	ENVO:01001023
ENVO:01001025	rdfs:subClassOf	ENVO:01001024
ENVO:01001026	rdfs:subClassOf	ENVO:01001023
ENVO:01001027	rdfs:subClassOf	ENVO:01001023
ENVO:01001028	rdfs:subClassOf	ENVO:00002007
ENVO:01001029	rdfs:subClassOf	ENVO:01000998
ENVO:01001030	rdfs:subClassOf	ENVO:2100000
ENVO:01001031	rdfs:subClassOf	ENVO:01000254
ENVO:01001032	rdfs:subClassOf	ENVO:01000998
ENVO:01001032	rdfs:subClassOf	ENVO:01001110
ENVO:01001033	rdfs:subClassOf	ENVO:2100000
ENVO:01001034	rdfs:subClassOf	ENVO:01000998
ENVO:01001034	rdfs:subClassOf	ENVO:01001110
ENVO:01001035	rdfs:subClassOf	ENVO:01000998
ENVO:01001035	rdfs:subClassOf	ENVO:01001110
ENVO:01001036	rdfs:subClassOf	ENVO:00002007
ENVO:01001037	rdfs:subClassOf	ENVO:00002010
ENVO:01001038	rdfs:subClassOf	ENVO:00002010
ENVO:01001039	rdfs:subClassOf	ENVO:00002010
ENVO:01001040	rdfs:subClassOf	ENVO:01000314
ENVO:01001040	rdfs:subClassOf	ENVO:01000998
ENVO:01001041	rdfs:subClassOf	ENVO:01001000
ENVO:01001041	rdfs:subClassOf	ENVO:2100000
ENVO:01001042	rdfs:subClassOf	ENVO:01000317
ENVO:01001043	rdfs:subClassOf	ENVO:01000307
ENVO:01001044	rdfs:subClassOf	ENVO:01000813
ENVO:01001044	rdfs:subClassOf	ENVO:01000997
ENVO:01001044	rdfs:subClassOf	ENVO:01000998
ENVO:01001045	rdfs:subClassOf	ENVO:01000941
ENVO:01001046	rdfs:subClassOf	ENVO:01000254
ENVO:01001047	rdfs:subClassOf	ENVO:01001046
ENVO:01001048	rdfs:subClassOf	ENVO:01000997
ENVO:01001048	rdfs:subClassOf	ENVO:01000998
ENVO:01001049	rdfs:subClassOf	ENVO:01001048
ENVO:01001050	rdfs:subClassOf	ENVO:01001048
ENVO:01001051	rdfs:subClassOf	ENVO:01000998
ENVO:01001051	rdfs:subClassOf	ENVO:01001110
ENVO:01001052	rdfs:subClassOf	ENVO:01000997
ENVO:01001052	rdfs:subClassOf	ENVO:01000998
ENVO:01001053	rdfs:subClassOf	ENVO:01001040
ENVO:01001053	rdfs:subClassOf	ENVO:01001052
ENVO:01001054	rdfs:subClassOf	ENVO:01001052
ENVO:01001055	rdfs:subClassOf	ENVO:01001110
ENVO:01001056	rdfs:subClassOf	ENVO:01000998
ENVO:01001056	rdfs:subClassOf	ENVO:01001110
ENVO:01001057	rdfs:subClassOf	ENVO:01001110
ENVO:01001058	rdfs:subClassOf	ENVO:01001110
ENVO:01001058	rdfs:subClassOf	ENVO:2100000
ENVO:01001059	rdfs:subClassOf	ENVO:02000008
ENVO:01001060	rdfs:subClassOf	ENVO:02000008
ENVO:01001061	rdfs:subClassOf	ENVO:00000052
ENVO:01001062	rdfs:subClassOf	ENVO:00000020
ENVO:01001063	rdfs:subClassOf	ENVO:00002006
ENVO:01001064	rdfs:subClassOf	ENVO:00002006
ENVO:01001065	rdfs:subClassOf	ENVO:01001070
ENVO:01001066	rdfs:subClassOf	ENVO:01001763
ENVO:01001067	rdfs:subClassOf	ENVO:01001066
ENVO:01001068	rdfs:subClassOf	ENVO:01000799
ENVO:01001069	rdfs:subClassOf	ENVO:00010483
ENVO:01001070	rdfs:subClassOf	ENVO:01001062
ENVO:01001071	rdfs:subClassOf	ENVO:00000514
ENVO:01001072	rdfs:subClassOf	ENVO:00000020
ENVO:01001073	rdfs:subClassOf	ENVO:00000020
ENVO:01001074	rdfs:subClassOf	ENVO:00000020
ENVO:01001075	rdfs:subClassOf	ENVO:00000020
ENVO:01001076	rdfs:subClassOf	ENVO:00000020
ENVO:01001077	rdfs:subClassOf	ENVO:00000020
ENVO:01001078	rdfs:subClassOf	ENVO:01001081
ENVO:01001079	rdfs:subClassOf	ENVO:01001078
ENVO:01001080	rdfs:subClassOf	ENVO:01001078
ENVO:01001081	rdfs:subClassOf	ENVO:01000203
ENVO:01001082	rdfs:subClassOf	ENVO:01000452
ENVO:01001083	rdfs:subClassOf	ENVO:02500003
ENVO:01001083	rdfs:subClassOf	ENVO:02500031
ENVO:01001083	rdfs:subClassOf	ENVO:03000009
ENVO:01001084	rdfs:subClassOf	ENVO:03000043
ENVO:01001085	rdfs:subClassOf	ENVO:01001654
ENVO:01001085	rdfs:subClassOf	ENVO:02500003
ENVO:01001086	rdfs:subClassOf	ENVO:01001085
ENVO:01001087	rdfs:subClassOf	ENVO:01001085
ENVO:01001088	rdfs:subClassOf	ENVO:00010505
ENVO:01001088	rdfs:subClassOf	ENVO:02000140
ENVO:01001089	rdfs:subClassOf	ENVO:00010505
ENVO:01001090	rdfs:subClassOf	ENVO:01001086
ENVO:01001091	rdfs:subClassOf	ENVO:01001087
ENVO:01001092	rdfs:subClassOf	ENVO:00000020
ENVO:01001093	rdfs:subClassOf	ENVO:03000010
ENVO:01001094	rdfs:subClassOf	ENVO:01001093
ENVO:01001095	rdfs:subClassOf	ENVO:01001093
ENVO:01001096	rdfs:subClassOf	ENVO:01001093
ENVO:01001097	rdfs:subClassOf	ENVO:00000191
ENVO:01001098	rdfs:subClassOf	ENVO:01000408
ENVO:01001099	rdfs:subClassOf	ENVO:01001098
ENVO:01001100	rdfs:subClassOf	ENVO:01001098
ENVO:01001101	rdfs:subClassOf	ENVO:01001098
ENVO:01001102	rdfs:subClassOf	ENVO:01001094
ENVO:01001103	rdfs:subClassOf	ENVO:01000155
ENVO:01001104	rdfs:subClassOf	ENVO:01001784
ENVO:01001105	rdfs:subClassOf	ENVO:00000020
ENVO:01001106	rdfs:subClassOf	ENVO:00000020
ENVO:01001107	rdfs:subClassOf	ENVO:01001106
ENVO:01001108	rdfs:subClassOf	ENVO:01000692
ENVO:01001109	rdfs:subClassOf	ENVO:01001479
ENVO:01001110	rdfs:subClassOf	ENVO:01000254
ENVO:01001111	rdfs:subClassOf	ENVO:03000117
ENVO:01001112	rdfs:subClassOf	ENVO:02500000
ENVO:01001113	rdfs:subClassOf	ENVO:0010003
ENVO:01001114	rdfs:subClassOf	ENVO:00000077
ENVO:01001115	rdfs:subClassOf	ENVO:00000077
ENVO:01001116	rdfs:subClassOf	ENVO:00003031
ENVO:01001117	rdfs:subClassOf	ENVO:00003031
ENVO:01001118	rdfs:subClassOf	ENVO:00003031
ENVO:01001119	rdfs:subClassOf	ENVO:00003031
ENVO:01001120	rdfs:subClassOf	ENVO:00003074
ENVO:01001121	rdfs:subClassOf	ENVO:01000155
ENVO:01001121	rdfs:subClassOf	ENVO:01000814
ENVO:01001122	rdfs:subClassOf	ENVO:01000800
ENVO:01001122	rdfs:subClassOf	ENVO:01001686
ENVO:01001123	rdfs:subClassOf	ENVO:01001122
ENVO:01001124	rdfs:subClassOf	ENVO:01001122
ENVO:01001125	rdfs:subClassOf	ENVO:01000814
ENVO:01001126	rdfs:subClassOf	ENVO:01001154
ENVO:01001127	rdfs:subClassOf	ENVO:01000800
ENVO:01001127	rdfs:subClassOf	ENVO:01001686
ENVO:01001128	rdfs:subClassOf	ENVO:01001122
ENVO:01001129	rdfs:subClassOf	ENVO:01000799
ENVO:01001130	rdfs:subClassOf	ENVO:02500000
ENVO:01001131	rdfs:subClassOf	ENVO:01001124
ENVO:01001132	rdfs:subClassOf	ENVO:01001122
ENVO:01001133	rdfs:subClassOf	ENVO:01000958
ENVO:01001134	rdfs:subClassOf	ENVO:01000958
ENVO:01001135	rdfs:subClassOf	ENVO:01000958
ENVO:01001136	rdfs:subClassOf	ENVO:01000800
ENVO:01001137	rdfs:subClassOf	ENVO:01000800
ENVO:01001138	rdfs:subClassOf	ENVO:01001125
ENVO:01001139	rdfs:subClassOf	ENVO:01001125
ENVO:01001139	rdfs:subClassOf	ENVO:2000045
ENVO:01001140	rdfs:subClassOf	ENVO:01001125
ENVO:01001141	rdfs:subClassOf	ENVO:01001125
ENVO:01001142	rdfs:subClassOf	ENVO:01000958
ENVO:01001143	rdfs:subClassOf	ENVO:01000800
ENVO:01001144	rdfs:subClassOf	ENVO:01000958
ENVO:01001145	rdfs:subClassOf	ENVO:01000800
ENVO:01001146	rdfs:subClassOf	ENVO:03000010
ENVO:01001147	rdfs:subClassOf	ENVO:01001122
ENVO:01001148	rdfs:subClassOf	ENVO:01000799
ENVO:01001149	rdfs:subClassOf	ENVO:01000799
ENVO:01001150	rdfs:subClassOf	ENVO:01000804
ENVO:01001151	rdfs:subClassOf	ENVO:01001150
ENVO:01001152	rdfs:subClassOf	ENVO:01000800
ENVO:01001153	rdfs:subClassOf	ENVO:01000800
ENVO:01001154	rdfs:subClassOf	ENVO:00010483
ENVO:01001155	rdfs:subClassOf	ENVO:01001154
ENVO:01001156	rdfs:subClassOf	ENVO:00010483
ENVO:01001157	rdfs:subClassOf	ENVO:03000010
ENVO:01001158	rdfs:subClassOf	ENVO:01001157
ENVO:01001159	rdfs:subClassOf	ENVO:01001160
ENVO:01001159	rdfs:subClassOf	ENVO:01001415
ENVO:01001160	rdfs:subClassOf	ENVO:01000293
ENVO:01001160	rdfs:subClassOf	ENVO:01001428
ENVO:01001162	rdfs:subClassOf	ENVO:01001169
ENVO:01001163	rdfs:subClassOf	ENVO:01001169
ENVO:01001165	rdfs:subClassOf	ENVO:01001169
ENVO:01001166	rdfs:subClassOf	ENVO:01001169
ENVO:01001167	rdfs:subClassOf	ENVO:01001110
ENVO:01001168	rdfs:subClassOf	ENVO:01001795
ENVO:01001169	rdfs:subClassOf	ENVO:00000358
ENVO:01001170	rdfs:subClassOf	ENVO:02500026
ENVO:01001170	rdfs:subClassOf	ENVO:02500027
ENVO:01001171	rdfs:subClassOf	ENVO:01001170
ENVO:01001172	rdfs:subClassOf	ENVO:01001169
ENVO:01001174	rdfs:subClassOf	ENVO:01001795
ENVO:01001175	rdfs:subClassOf	ENVO:01001168
ENVO:01001176	rdfs:subClassOf	ENVO:01001002
ENVO:01001176	rdfs:subClassOf	ENVO:01001055
ENVO:01001177	rdfs:subClassOf	ENVO:01001785
ENVO:01001178	rdfs:subClassOf	ENVO:01001785
ENVO:01001179	rdfs:subClassOf	ENVO:01001002
ENVO:01001180	rdfs:subClassOf	ENVO:01000254
ENVO:01001181	rdfs:subClassOf	ENVO:01001311
ENVO:01001182	rdfs:subClassOf	ENVO:01001178
ENVO:01001183	rdfs:subClassOf	ENVO:01001785
ENVO:01001184	rdfs:subClassOf	ENVO:01000203
ENVO:01001185	rdfs:subClassOf	ENVO:00001998
ENVO:01001186	rdfs:subClassOf	ENVO:01000701
ENVO:01001187	rdfs:subClassOf	UBERON:0001555
ENVO:01001188	rdfs:subClassOf	UBERON:0006314
ENVO:01001189	rdfs:subClassOf	ENVO:01000155
ENVO:01001190	rdfs:subClassOf	ENVO:00002200
ENVO:01001191	rdfs:subClassOf	ENVO:01000325
ENVO:01001191	rdfs:subClassOf	ENVO:01001310
ENVO:01001192	rdfs:subClassOf	ENVO:00010504
ENVO:01001193	rdfs:subClassOf	ENVO:01000325
ENVO:01001193	rdfs:subClassOf	ENVO:01000636
ENVO:01001193	rdfs:subClassOf	ENVO:01001310
ENVO:01001193	rdfs:subClassOf	ENVO:01001477
ENVO:01001195	rdfs:subClassOf	ENVO:01000452
ENVO:01001196	rdfs:subClassOf	ENVO:01001195
ENVO:01001197	rdfs:subClassOf	ENVO:01001194
ENVO:01001198	rdfs:subClassOf	ENVO:01001194
ENVO:01001199	rdfs:subClassOf	ENVO:01000408
ENVO:01001199	rdfs:subClassOf	ENVO:01000813
ENVO:01001200	rdfs:subClassOf	ENVO:01001199
ENVO:01001201	rdfs:subClassOf	ENVO:01000813
ENVO:01001202	rdfs:subClassOf	ENVO:00010483
ENVO:01001203	rdfs:subClassOf	ENVO:00002007
ENVO:01001204	rdfs:subClassOf	ENVO:00001995
ENVO:01001205	rdfs:subClassOf	ENVO:03000043
ENVO:01001206	rdfs:subClassOf	ENVO:01001790
ENVO:01001207	rdfs:subClassOf	ENVO:00000078
ENVO:01001207	rdfs:subClassOf	ENVO:01000813
ENVO:01001208	rdfs:subClassOf	ENVO:00000043
ENVO:01001209	rdfs:subClassOf	ENVO:01001110
ENVO:01001210	rdfs:subClassOf	ENVO:02500026
ENVO:01001211	rdfs:subClassOf	ENVO:01001026
ENVO:01001212	rdfs:subClassOf	ENVO:01001211
ENVO:01001212	rdfs:subClassOf	ENVO:21001212
ENVO:01001213	rdfs:subClassOf	ENVO:01001211
ENVO:01001213	rdfs:subClassOf	ENVO:21001213
ENVO:01001214	rdfs:subClassOf	ENVO:01001211
ENVO:01001214	rdfs:subClassOf	ENVO:21001214
ENVO:01001215	rdfs:subClassOf	ENVO:01001211
ENVO:01001215	rdfs:subClassOf	ENVO:21001215
ENVO:01001216	rdfs:subClassOf	ENVO:01001211
ENVO:01001216	rdfs:subClassOf	ENVO:21001216
ENVO:01001217	rdfs:subClassOf	ENVO:01001219
ENVO:01001217	rdfs:subClassOf	ENVO:21001217
ENVO:01001218	rdfs:subClassOf	ENVO:01001219
ENVO:01001218	rdfs:subClassOf	ENVO:21001218
ENVO:01001219	rdfs:subClassOf	ENVO:01001211
ENVO:01001219	rdfs:subClassOf	ENVO:21001219
ENVO:01001220	rdfs:subClassOf	ENVO:01001856
ENVO:01001220	rdfs:subClassOf	ENVO:02500031
ENVO:01001221	rdfs:subClassOf	ENVO:01001222
ENVO:01001222	rdfs:subClassOf	ENVO:00000073
ENVO:01001223	rdfs:subClassOf	ENVO:01000994
ENVO:01001224	rdfs:subClassOf	ENVO:01000420
ENVO:01001225	rdfs:subClassOf	ENVO:01001169
ENVO:01001226	rdfs:subClassOf	ENVO:01000813
ENVO:01001226	rdfs:subClassOf	ENVO:01000951
ENVO:01001227	rdfs:subClassOf	ENVO:01000813
ENVO:01001227	rdfs:subClassOf	ENVO:01000951
ENVO:01001230	rdfs:subClassOf	ENVO:01000046
ENVO:01001230	rdfs:subClassOf	ENVO:01001830
ENVO:01001231	rdfs:subClassOf	ENVO:01000155
ENVO:01001231	rdfs:subClassOf	ENVO:01000814
ENVO:01001232	rdfs:subClassOf	ENVO:01001231
ENVO:01001233	rdfs:subClassOf	ENVO:01001231
ENVO:01001234	rdfs:subClassOf	ENVO:01001231
ENVO:01001235	rdfs:subClassOf	ENVO:01001231
ENVO:01001236	rdfs:subClassOf	ENVO:01001235
ENVO:01001237	rdfs:subClassOf	ENVO:01001231
ENVO:01001238	rdfs:subClassOf	ENVO:01001231
ENVO:01001238	rdfs:subClassOf	ENVO:2000045
ENVO:01001239	rdfs:subClassOf	ENVO:01000813
ENVO:01001239	rdfs:subClassOf	ENVO:01001242
ENVO:01001240	rdfs:subClassOf	ENVO:01000813
ENVO:01001240	rdfs:subClassOf	ENVO:01001242
ENVO:01001241	rdfs:subClassOf	ENVO:01000813
ENVO:01001241	rdfs:subClassOf	ENVO:01001242
ENVO:01001242	rdfs:subClassOf	ENVO:01000355
ENVO:01001243	rdfs:subClassOf	ENVO:01001790
ENVO:01001244	rdfs:subClassOf	ENVO:01001790
ENVO:01001244	rdfs:subClassOf	ENVO:01001828
ENVO:01001245	rdfs:subClassOf	ENVO:01001790
ENVO:01001246	rdfs:subClassOf	ENVO:02500027
ENVO:01001247	rdfs:subClassOf	ENVO:01001246
ENVO:01001248	rdfs:subClassOf	ENVO:01001246
ENVO:01001249	rdfs:subClassOf	ENVO:01001254
ENVO:01001250	rdfs:subClassOf	ENVO:01001254
ENVO:01001251	rdfs:subClassOf	ENVO:01001254
ENVO:01001252	rdfs:subClassOf	ENVO:01001255
ENVO:01001253	rdfs:subClassOf	ENVO:01001255
ENVO:01001254	rdfs:subClassOf	ENVO:01000906
ENVO:01001255	rdfs:subClassOf	ENVO:01000906
ENVO:01001256	rdfs:subClassOf	ENVO:01000905
ENVO:01001256	rdfs:subClassOf	ENVO:01001308
ENVO:01001257	rdfs:subClassOf	ENVO:00002010
ENVO:01001257	rdfs:subClassOf	ENVO:01000813
ENVO:01001258	rdfs:subClassOf	ENVO:01000844
ENVO:01001259	rdfs:subClassOf	ENVO:01001260
ENVO:01001260	rdfs:subClassOf	ENVO:02500027
ENVO:01001260	rdfs:subClassOf	ENVO:02500042
ENVO:01001261	rdfs:subClassOf	ENVO:01001259
ENVO:01001262	rdfs:subClassOf	ENVO:01001259
ENVO:01001263	rdfs:subClassOf	ENVO:01003020
ENVO:01001264	rdfs:subClassOf	ENVO:01003020
ENVO:01001265	rdfs:subClassOf	ENVO:02500036
ENVO:01001266	rdfs:subClassOf	ENVO:01001265
ENVO:01001266	rdfs:subClassOf	ENVO:02500031
ENVO:01001266	rdfs:subClassOf	ENVO:02500039
ENVO:01001267	rdfs:subClassOf	ENVO:00002006
ENVO:01001268	rdfs:subClassOf	ENVO:01001267
ENVO:01001269	rdfs:subClassOf	ENVO:01001200
ENVO:01001270	rdfs:subClassOf	ENVO:01001267
ENVO:01001271	rdfs:subClassOf	ENVO:01001311
ENVO:01001272	rdfs:subClassOf	ENVO:00000010
ENVO:01001273	rdfs:subClassOf	ENVO:01001678
ENVO:01001274	rdfs:subClassOf	ENVO:01000281
ENVO:01001275	rdfs:subClassOf	ENVO:01000281
ENVO:01001276	rdfs:subClassOf	ENVO:01001275
ENVO:01001276	rdfs:subClassOf	ENVO:01001609
ENVO:01001276	rdfs:subClassOf	ENVO:03000110
ENVO:01001277	rdfs:subClassOf	ENVO:00000064
ENVO:01001277	rdfs:subClassOf	ENVO:01001477
ENVO:01001278	rdfs:subClassOf	ENVO:00000064
ENVO:01001279	rdfs:subClassOf	ENVO:01001272
ENVO:01001280	rdfs:subClassOf	ENVO:00000064
ENVO:01001281	rdfs:subClassOf	ENVO:01001272
ENVO:01001282	rdfs:subClassOf	ENVO:00002008
ENVO:01001283	rdfs:subClassOf	ENVO:00002008
ENVO:01001284	rdfs:subClassOf	ENVO:00002008
ENVO:01001285	rdfs:subClassOf	ENVO:00002008
ENVO:01001286	rdfs:subClassOf	ENVO:00002008
ENVO:01001287	rdfs:subClassOf	ENVO:01000786
ENVO:01001288	rdfs:subClassOf	ENVO:02000100
ENVO:01001289	rdfs:subClassOf	ENVO:01001292
ENVO:01001290	rdfs:subClassOf	ENVO:01001292
ENVO:01001291	rdfs:subClassOf	ENVO:03000131
ENVO:01001292	rdfs:subClassOf	ENVO:01000787
ENVO:01001293	rdfs:subClassOf	ENVO:01001305
ENVO:01001294	rdfs:subClassOf	ENVO:01000877
ENVO:01001295	rdfs:subClassOf	ENVO:01001298
ENVO:01001296	rdfs:subClassOf	ENVO:01000877
ENVO:01001297	rdfs:subClassOf	ENVO:01000877
ENVO:01001298	rdfs:subClassOf	ENVO:01001297
ENVO:01001299	rdfs:subClassOf	ENVO:01000408
ENVO:01001300	rdfs:subClassOf	ENVO:01001645
ENVO:01001301	rdfs:subClassOf	ENVO:01000325
ENVO:01001301	rdfs:subClassOf	ENVO:01001308
ENVO:01001302	rdfs:subClassOf	ENVO:01001301
ENVO:01001302	rdfs:subClassOf	ENVO:01001309
ENVO:01001302	rdfs:subClassOf	ENVO:01001483
ENVO:01001304	rdfs:subClassOf	ENVO:01001305
ENVO:01001305	rdfs:subClassOf	ENVO:01001199
ENVO:01001306	rdfs:subClassOf	ENVO:2100000
ENVO:01001308	rdfs:subClassOf	ENVO:01001477
ENVO:01001309	rdfs:subClassOf	ENVO:01001310
ENVO:01001310	rdfs:subClassOf	ENVO:01001273
ENVO:01001310	rdfs:subClassOf	ENVO:01001673
ENVO:01001311	rdfs:subClassOf	ENVO:00010504
ENVO:01001311	rdfs:subClassOf	ENVO:01001275
ENVO:01001312	rdfs:subClassOf	ENVO:01001301
ENVO:01001312	rdfs:subClassOf	ENVO:01001309
ENVO:01001312	rdfs:subClassOf	ENVO:01001483
ENVO:01001313	rdfs:subClassOf	ENVO:01000259
ENVO:01001313	rdfs:subClassOf	ENVO:01001301
ENVO:01001314	rdfs:subClassOf	ENVO:01001301
ENVO:01001315	rdfs:subClassOf	ENVO:01001301
ENVO:01001315	rdfs:subClassOf	ENVO:01001309
ENVO:01001315	rdfs:subClassOf	ENVO:01001483
ENVO:01001316	rdfs:subClassOf	ENVO:01001301
ENVO:01001316	rdfs:subClassOf	ENVO:01001309
ENVO:01001316	rdfs:subClassOf	ENVO:01001483
ENVO:01001317	rdfs:subClassOf	ENVO:01001302
ENVO:01001318	rdfs:subClassOf	ENVO:01001312
ENVO:01001319	rdfs:subClassOf	ENVO:00000063
ENVO:01001320	rdfs:subClassOf	ENVO:00000063
ENVO:01001321	rdfs:subClassOf	ENVO:01001319
ENVO:01001322	rdfs:subClassOf	ENVO:01001301
ENVO:01001323	rdfs:subClassOf	ENVO:01000259
ENVO:01001323	rdfs:subClassOf	ENVO:01001301
ENVO:01001324	rdfs:subClassOf	ENVO:01001313
ENVO:01001325	rdfs:subClassOf	ENVO:01001314
ENVO:01001326	rdfs:subClassOf	ENVO:01001315
ENVO:01001327	rdfs:subClassOf	ENVO:01001316
ENVO:01001328	rdfs:subClassOf	ENVO:01001323
ENVO:01001329	rdfs:subClassOf	ENVO:01001301
ENVO:01001330	rdfs:subClassOf	ENVO:02500009
ENVO:01001331	rdfs:subClassOf	ENVO:02500009
ENVO:01001332	rdfs:subClassOf	ENVO:02500009
ENVO:01001333	rdfs:subClassOf	ENVO:01001342
ENVO:01001334	rdfs:subClassOf	ENVO:03000010
ENVO:01001335	rdfs:subClassOf	ENVO:01000293
ENVO:01001335	rdfs:subClassOf	UBERON:0000061
ENVO:01001336	rdfs:subClassOf	ENVO:01000067
ENVO:01001337	rdfs:subClassOf	ENVO:01001335
ENVO:01001338	rdfs:subClassOf	ENVO:01001341
ENVO:01001339	rdfs:subClassOf	ENVO:01001333
ENVO:01001340	rdfs:subClassOf	ENVO:01001341
ENVO:01001341	rdfs:subClassOf	ENVO:01001201
ENVO:01001342	rdfs:subClassOf	ENVO:01000981
ENVO:01001342	rdfs:subClassOf	ENVO:01000982
ENVO:01001343	rdfs:subClassOf	ENVO:01001333
ENVO:01001344	rdfs:subClassOf	ENVO:01001337
ENVO:01001345	rdfs:subClassOf	ENVO:01000293
ENVO:01001346	rdfs:subClassOf	ENVO:03000010
ENVO:01001347	rdfs:subClassOf	ENVO:01001353
ENVO:01001348	rdfs:subClassOf	ENVO:01000408
ENVO:01001349	rdfs:subClassOf	ENVO:01000408
ENVO:01001350	rdfs:subClassOf	ENVO:01001348
ENVO:01001351	rdfs:subClassOf	ENVO:01001349
ENVO:01001352	rdfs:subClassOf	ENVO:01001350
ENVO:01001353	rdfs:subClassOf	ENVO:01000408
ENVO:01001354	rdfs:subClassOf	ENVO:00000133
ENVO:01001355	rdfs:subClassOf	ENVO:01000408
ENVO:01001356	rdfs:subClassOf	ENVO:01001355
ENVO:01001357	rdfs:subClassOf	ENVO:01001884
ENVO:01001358	rdfs:subClassOf	ENVO:01001082
ENVO:01001359	rdfs:subClassOf	ENVO:01001372
ENVO:01001359	rdfs:subClassOf	ENVO:02500003
ENVO:01001360	rdfs:subClassOf	ENVO:01001371
ENVO:01001360	rdfs:subClassOf	ENVO:01001701
ENVO:01001364	rdfs:subClassOf	ENVO:01001110
ENVO:01001365	rdfs:subClassOf	ENVO:01001368
ENVO:01001365	rdfs:subClassOf	ENVO:02500003
ENVO:01001366	rdfs:subClassOf	ENVO:01001084
ENVO:01001367	rdfs:subClassOf	ENVO:03000010
ENVO:01001368	rdfs:subClassOf	ENVO:02500000
ENVO:01001369	rdfs:subClassOf	ENVO:01000176
ENVO:01001370	rdfs:subClassOf	ENVO:01001790
ENVO:01001371	rdfs:subClassOf	ENVO:01001370
ENVO:01001372	rdfs:subClassOf	ENVO:01001366
ENVO:01001373	rdfs:subClassOf	ENVO:01001368
ENVO:01001376	rdfs:subClassOf	ENVO:01001378
ENVO:01001378	rdfs:subClassOf	ENVO:00000501
ENVO:01001379	rdfs:subClassOf	ENVO:01001376
ENVO:01001380	rdfs:subClassOf	ENVO:01001386
ENVO:01001381	rdfs:subClassOf	ENVO:01001386
ENVO:01001382	rdfs:subClassOf	ENVO:01000813
ENVO:01001382	rdfs:subClassOf	ENVO:01001384
ENVO:01001383	rdfs:subClassOf	ENVO:01001382
ENVO:01001384	rdfs:subClassOf	ENVO:01003020
ENVO:01001385	rdfs:subClassOf	ENVO:01001381
ENVO:01001386	rdfs:subClassOf	ENVO:01000143
ENVO:01001388	rdfs:subClassOf	ENVO:01001379
ENVO:01001389	rdfs:subClassOf	ENVO:01001379
ENVO:01001390	rdfs:subClassOf	ENVO:01001388
ENVO:01001391	rdfs:subClassOf	ENVO:01000155
ENVO:01001392	rdfs:subClassOf	ENVO:01001391
ENVO:01001393	rdfs:subClassOf	ENVO:01001392
ENVO:01001394	rdfs:subClassOf	ENVO:03000009
ENVO:01001395	rdfs:subClassOf	ENVO:01000155
ENVO:01001396	rdfs:subClassOf	ENVO:00002982
ENVO:01001396	rdfs:subClassOf	ENVO:01000813
ENVO:01001397	rdfs:subClassOf	ENVO:00001998
ENVO:01001398	rdfs:subClassOf	ENVO:01001367
ENVO:01001399	rdfs:subClassOf	ENVO:01001398
ENVO:01001399	rdfs:subClassOf	ENVO:02500003
ENVO:01001400	rdfs:subClassOf	ENVO:01001428
ENVO:01001401	rdfs:subClassOf	ENVO:02500003
ENVO:01001402	rdfs:subClassOf	ENVO:01001089
ENVO:01001402	rdfs:subClassOf	ENVO:01001652
ENVO:01001403	rdfs:subClassOf	ENVO:01001401
ENVO:01001404	rdfs:subClassOf	ENVO:01001110
ENVO:01001405	rdfs:subClassOf	ENVO:01000313
ENVO:01001406	rdfs:subClassOf	ENVO:00000469
ENVO:01001407	rdfs:subClassOf	ENVO:01000293
ENVO:01001407	rdfs:subClassOf	ENVO:01001428
ENVO:01001408	rdfs:subClassOf	ENVO:01000293
ENVO:01001408	rdfs:subClassOf	ENVO:01001428
ENVO:01001409	rdfs:subClassOf	ENVO:01001428
ENVO:01001409	rdfs:subClassOf	ENVO:01001690
ENVO:01001410	rdfs:subClassOf	ENVO:01001428
ENVO:01001411	rdfs:subClassOf	ENVO:01001428
ENVO:01001412	rdfs:subClassOf	ENVO:01001428
ENVO:01001412	rdfs:subClassOf	ENVO:01001690
ENVO:01001413	rdfs:subClassOf	ENVO:01001428
ENVO:01001413	rdfs:subClassOf	ENVO:01001690
ENVO:01001414	rdfs:subClassOf	ENVO:01001428
ENVO:01001414	rdfs:subClassOf	ENVO:01001690
ENVO:01001415	rdfs:subClassOf	ENVO:01001428
ENVO:01001416	rdfs:subClassOf	ENVO:01001439
ENVO:01001417	rdfs:subClassOf	ENVO:01001428
ENVO:01001418	rdfs:subClassOf	ENVO:01001160
ENVO:01001419	rdfs:subClassOf	ENVO:01001428
ENVO:01001420	rdfs:subClassOf	ENVO:01001439
ENVO:01001421	rdfs:subClassOf	ENVO:01001160
ENVO:01001422	rdfs:subClassOf	ENVO:01001160
ENVO:01001423	rdfs:subClassOf	ENVO:01001408
ENVO:01001424	rdfs:subClassOf	ENVO:01001412
ENVO:01001425	rdfs:subClassOf	ENVO:01001160
ENVO:01001426	rdfs:subClassOf	ENVO:01001407
ENVO:01001427	rdfs:subClassOf	ENVO:01001409
ENVO:01001428	rdfs:subClassOf	ENVO:01000760
ENVO:01001428	rdfs:subClassOf	ENVO:01001010
ENVO:01001429	rdfs:subClassOf	ENVO:01000743
ENVO:01001430	rdfs:subClassOf	ENVO:01001429
ENVO:01001431	rdfs:subClassOf	ENVO:01001436
ENVO:01001432	rdfs:subClassOf	ENVO:01001431
ENVO:01001433	rdfs:subClassOf	ENVO:01001431
ENVO:01001433	rdfs:subClassOf	ENVO:01001437
ENVO:01001434	rdfs:subClassOf	ENVO:02500027
ENVO:01001435	rdfs:subClassOf	ENVO:02500012
ENVO:01001435	rdfs:subClassOf	ENVO:02500027
ENVO:01001437	rdfs:subClassOf	ENVO:01001436
ENVO:01001438	rdfs:subClassOf	ENVO:01001433
ENVO:01001439	rdfs:subClassOf	ENVO:01001437
ENVO:01001440	rdfs:subClassOf	ENVO:01001437
ENVO:01001441	rdfs:subClassOf	ENVO:01001433
ENVO:01001442	rdfs:subClassOf	ENVO:01001431
ENVO:01001443	rdfs:subClassOf	ENVO:01001436
ENVO:01001444	rdfs:subClassOf	ENVO:01001436
ENVO:01001445	rdfs:subClassOf	ENVO:01001436
ENVO:01001446	rdfs:subClassOf	ENVO:01001436
ENVO:01001447	rdfs:subClassOf	ENVO:01001436
ENVO:01001448	rdfs:subClassOf	ENVO:01001436
ENVO:01001449	rdfs:subClassOf	ENVO:01001436
ENVO:01001450	rdfs:subClassOf	ENVO:01001436
ENVO:01001451	rdfs:subClassOf	ENVO:01001436
ENVO:01001452	rdfs:subClassOf	ENVO:01000739
ENVO:01001453	rdfs:subClassOf	ENVO:00000081
ENVO:01001454	rdfs:subClassOf	ENVO:00000081
ENVO:01001455	rdfs:subClassOf	ENVO:00000081
ENVO:01001456	rdfs:subClassOf	ENVO:00000081
ENVO:01001457	rdfs:subClassOf	ENVO:01000435
ENVO:01001458	rdfs:subClassOf	ENVO:01001088
ENVO:01001458	rdfs:subClassOf	ENVO:01001652
ENVO:01001459	rdfs:subClassOf	ENVO:00000081
ENVO:01001460	rdfs:subClassOf	ENVO:00000081
ENVO:01001461	rdfs:subClassOf	ENVO:01001459
ENVO:01001462	rdfs:subClassOf	ENVO:01001459
ENVO:01001463	rdfs:subClassOf	ENVO:01001459
ENVO:01001464	rdfs:subClassOf	ENVO:01001460
ENVO:01001465	rdfs:subClassOf	ENVO:01001460
ENVO:01001466	rdfs:subClassOf	ENVO:01001460
ENVO:01001467	rdfs:subClassOf	ENVO:00000176
ENVO:01001467	rdfs:subClassOf	ENVO:01001884
ENVO:01001468	rdfs:subClassOf	ENVO:00000230
ENVO:01001468	rdfs:subClassOf	ENVO:01000813
ENVO:01001470	rdfs:subClassOf	ENVO:01001469
ENVO:01001471	rdfs:subClassOf	ENVO:01001470
ENVO:01001472	rdfs:subClassOf	ENVO:01001470
ENVO:01001473	rdfs:subClassOf	ENVO:01001470
ENVO:01001474	rdfs:subClassOf	ENVO:01001470
ENVO:01001475	rdfs:subClassOf	ENVO:01001470
ENVO:01001476	rdfs:subClassOf	ENVO:01001477
ENVO:01001477	rdfs:subClassOf	ENVO:01001479
ENVO:01001477	rdfs:subClassOf	ENVO:01001784
ENVO:01001478	rdfs:subClassOf	ENVO:01001479
ENVO:01001478	rdfs:subClassOf	ENVO:01001784
ENVO:01001479	rdfs:subClassOf	ENVO:01000813
ENVO:01001480	rdfs:subClassOf	ENVO:00000073
ENVO:01001481	rdfs:subClassOf	ENVO:03501204
ENVO:01001482	rdfs:subClassOf	ENVO:01000755
ENVO:01001483	rdfs:subClassOf	ENVO:00010504
ENVO:01001483	rdfs:subClassOf	ENVO:01000813
ENVO:01001484	rdfs:subClassOf	ENVO:01000755
ENVO:01001485	rdfs:subClassOf	ENVO:01001482
ENVO:01001486	rdfs:subClassOf	ENVO:01001482
ENVO:01001487	rdfs:subClassOf	ENVO:01001482
ENVO:01001488	rdfs:subClassOf	ENVO:01000604
ENVO:01001489	rdfs:subClassOf	ENVO:00002000
ENVO:01001490	rdfs:subClassOf	ENVO:00000191
ENVO:01001491	rdfs:subClassOf	ENVO:00000176
ENVO:01001493	rdfs:subClassOf	ENVO:01001492
ENVO:01001494	rdfs:subClassOf	ENVO:01000799
ENVO:01001498	rdfs:subClassOf	ENVO:02500031
ENVO:01001499	rdfs:subClassOf	ENVO:01001170
ENVO:01001500	rdfs:subClassOf	ENVO:02500027
ENVO:01001500	rdfs:subClassOf	ENVO:02500036
ENVO:01001501	rdfs:subClassOf	ENVO:01001026
ENVO:01001502	rdfs:subClassOf	ENVO:01001501
ENVO:01001503	rdfs:subClassOf	ENVO:01001311
ENVO:01001505	rdfs:subClassOf	ENVO:01000180
ENVO:01001505	rdfs:subClassOf	ENVO:01001835
ENVO:01001506	rdfs:subClassOf	ENVO:01000293
ENVO:01001507	rdfs:subClassOf	ENVO:01001345
ENVO:01001507	rdfs:subClassOf	ENVO:01001506
ENVO:01001508	rdfs:subClassOf	ENVO:01001506
ENVO:01001508	rdfs:subClassOf	UBERON:0000061
ENVO:01001509	rdfs:subClassOf	ENVO:01001506
ENVO:01001510	rdfs:subClassOf	ENVO:03000043
ENVO:01001511	rdfs:subClassOf	ENVO:01000277
ENVO:01001511	rdfs:subClassOf	ENVO:02000140
ENVO:01001512	rdfs:subClassOf	ENVO:00002200
ENVO:01001513	rdfs:subClassOf	ENVO:01000277
ENVO:01001514	rdfs:subClassOf	ENVO:01001515
ENVO:01001515	rdfs:subClassOf	ENVO:01001511
ENVO:01001516	rdfs:subClassOf	ENVO:01001515
ENVO:01001517	rdfs:subClassOf	ENVO:01001345
ENVO:01001518	rdfs:subClassOf	ENVO:01001517
ENVO:01001518	rdfs:subClassOf	ENVO:01001536
ENVO:01001519	rdfs:subClassOf	ENVO:01000813
ENVO:01001519	rdfs:subClassOf	ENVO:01003020
ENVO:01001520	rdfs:subClassOf	ENVO:01000813
ENVO:01001520	rdfs:subClassOf	ENVO:01003020
ENVO:01001521	rdfs:subClassOf	ENVO:01000813
ENVO:01001521	rdfs:subClassOf	ENVO:01003020
ENVO:01001522	rdfs:subClassOf	ENVO:01001536
ENVO:01001522	rdfs:subClassOf	UBERON:0000061
ENVO:01001523	rdfs:subClassOf	ENVO:03000063
ENVO:01001524	rdfs:subClassOf	ENVO:01001785
ENVO:01001525	rdfs:subClassOf	ENVO:01000814
ENVO:01001525	rdfs:subClassOf	ENVO:01001526
ENVO:01001526	rdfs:subClassOf	ENVO:00001998
ENVO:01001527	rdfs:subClassOf	ENVO:01001526
ENVO:01001528	rdfs:subClassOf	ENVO:01000814
ENVO:01001528	rdfs:subClassOf	ENVO:01001526
ENVO:01001529	rdfs:subClassOf	ENVO:01001547
ENVO:01001530	rdfs:subClassOf	ENVO:01000293
ENVO:01001531	rdfs:subClassOf	ENVO:00000299
ENVO:01001532	rdfs:subClassOf	ENVO:00000299
ENVO:01001533	rdfs:subClassOf	ENVO:01001334
ENVO:01001534	rdfs:subClassOf	ENVO:00000298
ENVO:01001535	rdfs:subClassOf	ENVO:01001536
ENVO:01001536	rdfs:subClassOf	ENVO:01000293
ENVO:01001537	rdfs:subClassOf	ENVO:00000176
ENVO:01001537	rdfs:subClassOf	ENVO:01001884
ENVO:01001537	rdfs:subClassOf	ENVO:03000110
ENVO:01001538	rdfs:subClassOf	ENVO:00000516
ENVO:01001538	rdfs:subClassOf	ENVO:01001568
ENVO:01001539	rdfs:subClassOf	ENVO:00000458
ENVO:01001540	rdfs:subClassOf	ENVO:00000458
ENVO:01001541	rdfs:subClassOf	ENVO:00000133
ENVO:01001542	rdfs:subClassOf	ENVO:01001311
ENVO:01001543	rdfs:subClassOf	ENVO:01001276
ENVO:01001543	rdfs:subClassOf	ENVO:01001483
ENVO:01001543	rdfs:subClassOf	ENVO:01001542
ENVO:01001545	rdfs:subClassOf	ENVO:01001544
ENVO:01001546	rdfs:subClassOf	ENVO:01001547
ENVO:01001547	rdfs:subClassOf	ENVO:01000293
ENVO:01001548	rdfs:subClassOf	ENVO:01001510
ENVO:01001549	rdfs:subClassOf	ENVO:01001548
ENVO:01001549	rdfs:subClassOf	ENVO:02500031
ENVO:01001550	rdfs:subClassOf	ENVO:01001551
ENVO:01001551	rdfs:subClassOf	ENVO:01001554
ENVO:01001552	rdfs:subClassOf	ENVO:01001551
ENVO:01001553	rdfs:subClassOf	ENVO:01001551
ENVO:01001554	rdfs:subClassOf	ENVO:01001191
ENVO:01001554	rdfs:subClassOf	ENVO:01001308
ENVO:01001554	rdfs:subClassOf	ENVO:01001483
ENVO:01001555	rdfs:subClassOf	ENVO:01001551
ENVO:01001556	rdfs:subClassOf	ENVO:01001517
ENVO:01001557	rdfs:subClassOf	ENVO:01000277
ENVO:01001558	rdfs:subClassOf	ENVO:01003020
ENVO:01001559	rdfs:subClassOf	ENVO:01001609
ENVO:01001560	rdfs:subClassOf	ENVO:00010483
ENVO:01001561	rdfs:subClassOf	ENVO:01000814
ENVO:01001562	rdfs:subClassOf	ENVO:01001561
ENVO:01001563	rdfs:subClassOf	ENVO:01000060
ENVO:01001565	rdfs:subClassOf	ENVO:01001564
ENVO:01001566	rdfs:subClassOf	ENVO:01001027
ENVO:01001567	rdfs:subClassOf	ENVO:01003020
ENVO:01001568	rdfs:subClassOf	ENVO:00000176
ENVO:01001568	rdfs:subClassOf	ENVO:01001884
ENVO:01001570	rdfs:subClassOf	ENVO:01000276
ENVO:01001581	rdfs:subClassOf	ENVO:01000295
ENVO:01001581	rdfs:subClassOf	ENVO:01001554
ENVO:01001582	rdfs:subClassOf	ENVO:01001785
ENVO:01001607	rdfs:subClassOf	ENVO:01001308
ENVO:01001608	rdfs:subClassOf	ENVO:00002983
ENVO:01001609	rdfs:subClassOf	ENVO:01000281
ENVO:01001609	rdfs:subClassOf	ENVO:01000813
ENVO:01001610	rdfs:subClassOf	ENVO:01001609
ENVO:01001611	rdfs:subClassOf	ENVO:01001612
ENVO:01001612	rdfs:subClassOf	ENVO:03000043
ENVO:01001613	rdfs:subClassOf	ENVO:01001611
ENVO:01001614	rdfs:subClassOf	ENVO:00000134
ENVO:01001615	rdfs:subClassOf	ENVO:03000043
ENVO:01001616	rdfs:subClassOf	ENVO:00001998
ENVO:01001617	rdfs:subClassOf	ENVO:03000009
ENVO:01001618	rdfs:subClassOf	ENVO:02500031
ENVO:01001618	rdfs:subClassOf	ENVO:03000009
ENVO:01001619	rdfs:subClassOf	ENVO:02500031
ENVO:01001620	rdfs:subClassOf	ENVO:01000293
ENVO:01001622	rdfs:subClassOf	ENVO:02500000
ENVO:01001623	rdfs:subClassOf	ENVO:01001503
ENVO:01001624	rdfs:subClassOf	ENVO:01001503
ENVO:01001625	rdfs:subClassOf	ENVO:01001370
ENVO:01001625	rdfs:subClassOf	ENVO:01001703
ENVO:01001629	rdfs:subClassOf	ENVO:01001048
ENVO:01001629	rdfs:subClassOf	ENVO:01001788
ENVO:01001630	rdfs:subClassOf	ENVO:01001631
ENVO:01001631	rdfs:subClassOf	ENVO:01000982
ENVO:01001632	rdfs:subClassOf	ENVO:01000982
ENVO:01001633	rdfs:subClassOf	ENVO:02500036
ENVO:01001634	rdfs:subClassOf	ENVO:01001499
ENVO:01001635	rdfs:subClassOf	ENVO:01001171
ENVO:01001636	rdfs:subClassOf	ENVO:01001635
ENVO:01001637	rdfs:subClassOf	ENVO:01001499
ENVO:01001638	rdfs:subClassOf	ENVO:00001998
ENVO:01001639	rdfs:subClassOf	ENVO:01001086
ENVO:01001640	rdfs:subClassOf	ENVO:01001639
ENVO:01001640	rdfs:subClassOf	ENVO:02500031
ENVO:01001644	rdfs:subClassOf	ENVO:00010483
ENVO:01001645	rdfs:subClassOf	ENVO:01001478
ENVO:01001646	rdfs:subClassOf	ENVO:01000814
ENVO:01001647	rdfs:subClassOf	ENVO:01000813
ENVO:01001647	rdfs:subClassOf	ENVO:01001560
ENVO:01001648	rdfs:subClassOf	ENVO:01001647
ENVO:01001649	rdfs:subClassOf	ENVO:00010483
ENVO:01001650	rdfs:subClassOf	ENVO:00010483
ENVO:01001651	rdfs:subClassOf	ENVO:01000436
ENVO:01001652	rdfs:subClassOf	ENVO:00010505
ENVO:01001653	rdfs:subClassOf	ENVO:00000045
ENVO:01001654	rdfs:subClassOf	ENVO:03000043
ENVO:01001655	rdfs:subClassOf	ENVO:02500000
ENVO:01001656	rdfs:subClassOf	ENVO:03000017
ENVO:01001657	rdfs:subClassOf	ENVO:01000917
ENVO:01001658	rdfs:subClassOf	ENVO:01000917
ENVO:01001659	rdfs:subClassOf	ENVO:01001660
ENVO:01001660	rdfs:subClassOf	ENVO:01000982
ENVO:01001661	rdfs:subClassOf	ENVO:01001664
ENVO:01001662	rdfs:subClassOf	ENVO:01001664
ENVO:01001663	rdfs:subClassOf	ENVO:01001664
ENVO:01001664	rdfs:subClassOf	ENVO:01001660
ENVO:01001665	rdfs:subClassOf	ENVO:00000191
ENVO:01001666	rdfs:subClassOf	ENVO:01000982
ENVO:01001668	rdfs:subClassOf	ENVO:01001645
ENVO:01001669	rdfs:subClassOf	ENVO:01000906
ENVO:01001670	rdfs:subClassOf	ENVO:01001669
ENVO:01001671	rdfs:subClassOf	ENVO:00000070
ENVO:01001672	rdfs:subClassOf	ENVO:01000543
ENVO:01001672	rdfs:subClassOf	ENVO:01001683
ENVO:01001673	rdfs:subClassOf	ENVO:00010504
ENVO:01001673	rdfs:subClassOf	ENVO:01001677
ENVO:01001674	rdfs:subClassOf	ENVO:01000258
ENVO:01001675	rdfs:subClassOf	ENVO:01000258
ENVO:01001676	rdfs:subClassOf	ENVO:01000258
ENVO:01001676	rdfs:subClassOf	ENVO:01000813
ENVO:01001677	rdfs:subClassOf	ENVO:01001678
ENVO:01001677	rdfs:subClassOf	ENVO:01001684
ENVO:01001678	rdfs:subClassOf	ENVO:01000281
ENVO:01001679	rdfs:subClassOf	ENVO:01001677
ENVO:01001680	rdfs:subClassOf	ENVO:01001679
ENVO:01001681	rdfs:subClassOf	ENVO:01000543
ENVO:01001681	rdfs:subClassOf	ENVO:01001680
ENVO:01001682	rdfs:subClassOf	ENVO:01001689
ENVO:01001683	rdfs:subClassOf	ENVO:01001673
ENVO:01001684	rdfs:subClassOf	ENVO:01000281
ENVO:01001685	rdfs:subClassOf	ENVO:01001689
ENVO:01001687	rdfs:subClassOf	ENVO:01001686
ENVO:01001688	rdfs:subClassOf	ENVO:01001686
ENVO:01001689	rdfs:subClassOf	ENVO:01001688
ENVO:01001690	rdfs:subClassOf	ENVO:01001688
ENVO:01001691	rdfs:subClassOf	ENVO:01001686
ENVO:01001692	rdfs:subClassOf	ENVO:01001685
ENVO:01001693	rdfs:subClassOf	ENVO:01001274
ENVO:01001694	rdfs:subClassOf	ENVO:01001274
ENVO:01001695	rdfs:subClassOf	ENVO:01001274
ENVO:01001696	rdfs:subClassOf	ENVO:01001274
ENVO:01001697	rdfs:subClassOf	ENVO:01001693
ENVO:01001698	rdfs:subClassOf	ENVO:01001681
ENVO:01001701	rdfs:subClassOf	ENVO:01000254
ENVO:01001702	rdfs:subClassOf	ENVO:01000254
ENVO:01001703	rdfs:subClassOf	ENVO:01000254
ENVO:01001704	rdfs:subClassOf	ENVO:01000254
ENVO:01001705	rdfs:subClassOf	ENVO:01000254
ENVO:01001706	rdfs:subClassOf	ENVO:01001681
ENVO:01001707	rdfs:subClassOf	ENVO:01001681
ENVO:01001708	rdfs:subClassOf	ENVO:01001681
ENVO:01001709	rdfs:subClassOf	ENVO:01001681
ENVO:01001710	rdfs:subClassOf	ENVO:01001681
ENVO:01001711	rdfs:subClassOf	ENVO:01001682
ENVO:01001712	rdfs:subClassOf	ENVO:01000543
ENVO:01001713	rdfs:subClassOf	ENVO:01001681
ENVO:01001714	rdfs:subClassOf	ENVO:01001681
ENVO:01001715	rdfs:subClassOf	ENVO:01001714
ENVO:01001716	rdfs:subClassOf	ENVO:01001714
ENVO:01001717	rdfs:subClassOf	ENVO:01001714
ENVO:01001718	rdfs:subClassOf	ENVO:01001706
ENVO:01001719	rdfs:subClassOf	ENVO:01000793
ENVO:01001720	rdfs:subClassOf	ENVO:01001719
ENVO:01001721	rdfs:subClassOf	ENVO:01001719
ENVO:01001722	rdfs:subClassOf	ENVO:01001720
ENVO:01001723	rdfs:subClassOf	ENVO:02500000
ENVO:01001724	rdfs:subClassOf	ENVO:01001723
ENVO:01001725	rdfs:subClassOf	ENVO:01001723
ENVO:01001725	rdfs:subClassOf	ENVO:02500031
ENVO:01001726	rdfs:subClassOf	ENVO:01001719
ENVO:01001727	rdfs:subClassOf	ENVO:01001726
ENVO:01001728	rdfs:subClassOf	ENVO:01000793
ENVO:01001729	rdfs:subClassOf	ENVO:01000877
ENVO:01001730	rdfs:subClassOf	ENVO:01000793
ENVO:01001731	rdfs:subClassOf	ENVO:01001730
ENVO:01001732	rdfs:subClassOf	ENVO:01000793
ENVO:01001733	rdfs:subClassOf	ENVO:01001732
ENVO:01001734	rdfs:subClassOf	ENVO:01001023
ENVO:01001735	rdfs:subClassOf	ENVO:01001738
ENVO:01001736	rdfs:subClassOf	ENVO:01001738
ENVO:01001737	rdfs:subClassOf	ENVO:01001615
ENVO:01001738	rdfs:subClassOf	ENVO:01001615
ENVO:01001739	rdfs:subClassOf	ENVO:01001612
ENVO:01001740	rdfs:subClassOf	ENVO:01001739
ENVO:01001741	rdfs:subClassOf	ENVO:01001739
ENVO:01001742	rdfs:subClassOf	ENVO:01001612
ENVO:01001743	rdfs:subClassOf	ENVO:01001479
ENVO:01001744	rdfs:subClassOf	ENVO:01001720
ENVO:01001744	rdfs:subClassOf	ENVO:01001721
ENVO:01001745	rdfs:subClassOf	ENVO:01001681
ENVO:01001746	rdfs:subClassOf	ENVO:01001744
ENVO:01001747	rdfs:subClassOf	ENVO:01001334
ENVO:01001748	rdfs:subClassOf	ENVO:01001747
ENVO:01001749	rdfs:subClassOf	ENVO:01000877
ENVO:01001750	rdfs:subClassOf	ENVO:01000793
ENVO:01001751	rdfs:subClassOf	ENVO:01001758
ENVO:01001752	rdfs:subClassOf	ENVO:01001755
ENVO:01001753	rdfs:subClassOf	ENVO:01001755
ENVO:01001754	rdfs:subClassOf	ENVO:01001751
ENVO:01001755	rdfs:subClassOf	ENVO:01001751
ENVO:01001756	rdfs:subClassOf	ENVO:01001754
ENVO:01001757	rdfs:subClassOf	ENVO:01001754
ENVO:01001758	rdfs:subClassOf	ENVO:01001719
ENVO:01001759	rdfs:subClassOf	ENVO:03000010
ENVO:01001760	rdfs:subClassOf	ENVO:01001759
ENVO:01001761	rdfs:subClassOf	ENVO:01001760
ENVO:01001762	rdfs:subClassOf	ENVO:01001760
ENVO:01001763	rdfs:subClassOf	ENVO:01001852
ENVO:01001764	rdfs:subClassOf	ENVO:01001760
ENVO:01001765	rdfs:subClassOf	ENVO:01001760
ENVO:01001766	rdfs:subClassOf	ENVO:01001760
ENVO:01001767	rdfs:subClassOf	ENVO:01001852
ENVO:01001768	rdfs:subClassOf	ENVO:01001767
ENVO:01001769	rdfs:subClassOf	ENVO:01001760
ENVO:01001770	rdfs:subClassOf	ENVO:01000678
ENVO:01001771	rdfs:subClassOf	ENVO:01000678
ENVO:01001772	rdfs:subClassOf	ENVO:01000678
ENVO:01001773	rdfs:subClassOf	ENVO:01000668
ENVO:01001774	rdfs:subClassOf	ENVO:01000678
ENVO:01001775	rdfs:subClassOf	ENVO:01001773
ENVO:01001776	rdfs:subClassOf	ENVO:01000408
ENVO:01001776	rdfs:subClassOf	ENVO:01000813
ENVO:01001777	rdfs:subClassOf	ENVO:01000678
ENVO:01001778	rdfs:subClassOf	ENVO:01000678
ENVO:01001779	rdfs:subClassOf	ENVO:01000678
ENVO:01001780	rdfs:subClassOf	ENVO:01000813
ENVO:01001780	rdfs:subClassOf	ENVO:01001110
ENVO:01001781	rdfs:subClassOf	ENVO:00000191
ENVO:01001782	rdfs:subClassOf	ENVO:01001785
ENVO:01001783	rdfs:subClassOf	ENVO:01001483
ENVO:01001784	rdfs:subClassOf	ENVO:01000813
ENVO:01001785	rdfs:subClassOf	ENVO:00000191
ENVO:01001785	rdfs:subClassOf	ENVO:01001311
ENVO:01001785	rdfs:subClassOf	ENVO:01001483
ENVO:01001786	rdfs:subClassOf	ENVO:00000016
ENVO:01001787	rdfs:subClassOf	ENVO:01000813
ENVO:01001787	rdfs:subClassOf	ENVO:01001110
ENVO:01001788	rdfs:subClassOf	ENVO:01000320
ENVO:01001788	rdfs:subClassOf	ENVO:01001787
ENVO:01001789	rdfs:subClassOf	ENVO:01001787
ENVO:01001790	rdfs:subClassOf	ENVO:01000813
ENVO:01001790	rdfs:subClassOf	ENVO:01000997
ENVO:01001790	rdfs:subClassOf	ENVO:01001110
ENVO:01001791	rdfs:subClassOf	ENVO:01001804
ENVO:01001792	rdfs:subClassOf	ENVO:01000430
ENVO:01001792	rdfs:subClassOf	ENVO:01001803
ENVO:01001793	rdfs:subClassOf	ENVO:01000430
ENVO:01001793	rdfs:subClassOf	ENVO:01001804
ENVO:01001794	rdfs:subClassOf	ENVO:01000430
ENVO:01001794	rdfs:subClassOf	ENVO:01001805
ENVO:01001795	rdfs:subClassOf	ENVO:02500000
ENVO:01001796	rdfs:subClassOf	ENVO:01000431
ENVO:01001796	rdfs:subClassOf	ENVO:01001805
ENVO:01001797	rdfs:subClassOf	ENVO:01000431
ENVO:01001797	rdfs:subClassOf	ENVO:01001803
ENVO:01001798	rdfs:subClassOf	ENVO:01000198
ENVO:01001798	rdfs:subClassOf	ENVO:01001797
ENVO:01001798	rdfs:subClassOf	ENVO:01001830
ENVO:01001799	rdfs:subClassOf	ENVO:01001792
ENVO:01001800	rdfs:subClassOf	ENVO:01001792
ENVO:01001801	rdfs:subClassOf	ENVO:01001793
ENVO:01001802	rdfs:subClassOf	ENVO:01001793
ENVO:01001803	rdfs:subClassOf	ENVO:01001243
ENVO:01001803	rdfs:subClassOf	ENVO:01001701
ENVO:01001804	rdfs:subClassOf	ENVO:01001243
ENVO:01001804	rdfs:subClassOf	ENVO:01001702
ENVO:01001805	rdfs:subClassOf	ENVO:01001243
ENVO:01001805	rdfs:subClassOf	ENVO:01001705
ENVO:01001806	rdfs:subClassOf	ENVO:01001206
ENVO:01001806	rdfs:subClassOf	ENVO:01001701
ENVO:01001807	rdfs:subClassOf	ENVO:01001206
ENVO:01001808	rdfs:subClassOf	ENVO:01001206
ENVO:01001809	rdfs:subClassOf	ENVO:01001206
ENVO:01001809	rdfs:subClassOf	ENVO:01001702
ENVO:01001810	rdfs:subClassOf	ENVO:01001809
ENVO:01001811	rdfs:subClassOf	ENVO:01001206
ENVO:01001812	rdfs:subClassOf	ENVO:01001206
ENVO:01001814	rdfs:subClassOf	ENVO:01001686
ENVO:01001815	rdfs:subClassOf	ENVO:02000007
ENVO:01001816	rdfs:subClassOf	ENVO:00003074
ENVO:01001817	rdfs:subClassOf	ENVO:01001816
ENVO:01001818	rdfs:subClassOf	ENVO:01001817
ENVO:01001819	rdfs:subClassOf	ENVO:01001817
ENVO:01001820	rdfs:subClassOf	ENVO:01000155
ENVO:01001821	rdfs:subClassOf	ENVO:00002007
ENVO:01001822	rdfs:subClassOf	ENVO:01001818
ENVO:01001823	rdfs:subClassOf	ENVO:01001743
ENVO:01001824	rdfs:subClassOf	ENVO:01001795
ENVO:01001825	rdfs:subClassOf	ENVO:01001822
ENVO:01001826	rdfs:subClassOf	ENVO:01001825
ENVO:01001827	rdfs:subClassOf	ENVO:01001824
ENVO:01001828	rdfs:subClassOf	ENVO:01000313
ENVO:01001828	rdfs:subClassOf	ENVO:01001110
ENVO:01001829	rdfs:subClassOf	ENVO:01000813
ENVO:01001829	rdfs:subClassOf	ENVO:01001002
ENVO:01001829	rdfs:subClassOf	ENVO:01001055
ENVO:01001829	rdfs:subClassOf	ENVO:01001828
ENVO:01001830	rdfs:subClassOf	ENVO:00000428
ENVO:01001830	rdfs:subClassOf	ENVO:01001701
ENVO:01001831	rdfs:subClassOf	ENVO:00000428
ENVO:01001831	rdfs:subClassOf	ENVO:01001705
ENVO:01001832	rdfs:subClassOf	ENVO:00000428
ENVO:01001832	rdfs:subClassOf	ENVO:01001702
ENVO:01001833	rdfs:subClassOf	ENVO:01001832
ENVO:01001834	rdfs:subClassOf	ENVO:00000428
ENVO:01001834	rdfs:subClassOf	ENVO:01001704
ENVO:01001835	rdfs:subClassOf	ENVO:00000428
ENVO:01001836	rdfs:subClassOf	ENVO:00000428
ENVO:01001837	rdfs:subClassOf	ENVO:00000428
ENVO:01001838	rdfs:subClassOf	ENVO:00000428
ENVO:01001839	rdfs:subClassOf	ENVO:01001840
ENVO:01001840	rdfs:subClassOf	ENVO:01000997
ENVO:01001841	rdfs:subClassOf	ENVO:00002232
ENVO:01001842	rdfs:subClassOf	ENVO:01001852
ENVO:01001843	rdfs:subClassOf	ENVO:01001842
ENVO:01001844	rdfs:subClassOf	ENVO:09200002
ENVO:01001845	rdfs:subClassOf	ENVO:01001850
ENVO:01001846	rdfs:subClassOf	ENVO:01001845
ENVO:01001847	rdfs:subClassOf	ENVO:01001845
ENVO:01001848	rdfs:subClassOf	ENVO:01001850
ENVO:01001849	rdfs:subClassOf	ENVO:01001845
ENVO:01001850	rdfs:subClassOf	ENVO:01000814
ENVO:01001851	rdfs:subClassOf	ENVO:01000352
ENVO:01001852	rdfs:subClassOf	ENVO:02500000
ENVO:01001854	rdfs:subClassOf	ENVO:01001851
ENVO:01001856	rdfs:subClassOf	ENVO:03000009
ENVO:01001857	rdfs:subClassOf	ENVO:21001214
ENVO:01001859	rdfs:subClassOf	ENVO:09200001
ENVO:01001860	rdfs:subClassOf	ENVO:01000793
ENVO:01001861	rdfs:subClassOf	ENVO:01001026
ENVO:01001864	rdfs:subClassOf	ENVO:01001026
ENVO:01001867	rdfs:subClassOf	ENVO:01001866
ENVO:01001868	rdfs:subClassOf	ENVO:01001867
ENVO:01001869	rdfs:subClassOf	ENVO:00003074
ENVO:01001869	rdfs:subClassOf	ENVO:0010001
ENVO:01001869	rdfs:subClassOf	ENVO:01000815
ENVO:01001870	rdfs:subClassOf	ENVO:00000026
ENVO:01001871	rdfs:subClassOf	ENVO:00000309
ENVO:01001872	rdfs:subClassOf	ENVO:01001871
ENVO:01001873	rdfs:subClassOf	ENVO:00000070
ENVO:01001874	rdfs:subClassOf	ENVO:01001873
ENVO:01001875	rdfs:subClassOf	ENVO:01000698
ENVO:01001876	rdfs:subClassOf	ENVO:01000406
ENVO:01001878	rdfs:subClassOf	ENVO:01001877
ENVO:01001882	rdfs:subClassOf	ENVO:01001845
ENVO:01001883	rdfs:subClassOf	ENVO:01000846
ENVO:01001884	rdfs:subClassOf	ENVO:01001886
ENVO:01001885	rdfs:subClassOf	ENVO:01001886
ENVO:01001886	rdfs:subClassOf	ENVO:00000191
ENVO:01001887	rdfs:subClassOf	ENVO:00003895
ENVO:01001888	rdfs:subClassOf	ENVO:00000125
ENVO:01001889	rdfs:subClassOf	ENVO:00000125
ENVO:01001890	rdfs:subClassOf	ENVO:00000125
ENVO:01001891	rdfs:subClassOf	ENVO:00000125
ENVO:01001893	rdfs:subClassOf	ENVO:00000125
ENVO:01001894	rdfs:subClassOf	ENVO:00000125
ENVO:01001895	rdfs:subClassOf	ENVO:00000125
ENVO:01001896	rdfs:subClassOf	ENVO:00000125
ENVO:01001897	rdfs:subClassOf	ENVO:00000027
ENVO:01001898	rdfs:subClassOf	ENVO:00000027
ENVO:01001899	rdfs:subClassOf	ENVO:00000012
ENVO:01003000	rdfs:subClassOf	ENVO:01000604
ENVO:01003002	rdfs:subClassOf	ENVO:01001687
ENVO:01003003	rdfs:subClassOf	ENVO:01003002
ENVO:01003006	rdfs:subClassOf	ENVO:01003005
ENVO:01003007	rdfs:subClassOf	ENVO:01000982
ENVO:01003007	rdfs:subClassOf	ENVO:01003008
ENVO:01003008	rdfs:subClassOf	ENVO:03000010
ENVO:01003009	rdfs:subClassOf	ENVO:03000010
ENVO:01003010	rdfs:subClassOf	ENVO:03000010
ENVO:01003013	rdfs:subClassOf	ENVO:03000010
ENVO:01003014	rdfs:subClassOf	ENVO:01001852
ENVO:01003015	rdfs:subClassOf	ENVO:01003014
ENVO:01003016	rdfs:subClassOf	ENVO:01003014
ENVO:01003017	rdfs:subClassOf	ENVO:01003016
ENVO:01003018	rdfs:subClassOf	ENVO:01003019
ENVO:01003019	rdfs:subClassOf	ENVO:2000015
ENVO:01003021	rdfs:subClassOf	ENVO:01001645
ENVO:02000000	rdfs:subClassOf	ENVO:00010621
ENVO:02000001	rdfs:subClassOf	ENVO:00003074
ENVO:02000002	rdfs:subClassOf	ENVO:02000001
ENVO:02000003	rdfs:subClassOf	ENVO:01000352
ENVO:02000004	rdfs:subClassOf	ENVO:00010483
ENVO:02000008	rdfs:subClassOf	ENVO:01000155
ENVO:02000009	rdfs:subClassOf	ENVO:02000007
ENVO:02000010	rdfs:subClassOf	ENVO:02000007
ENVO:02000019	rdfs:subClassOf	ENVO:01000155
ENVO:02000020	rdfs:subClassOf	ENVO:02000019
ENVO:02000020	rdfs:subClassOf	UBERON:0001062
ENVO:02000021	rdfs:subClassOf	ENVO:02000019
ENVO:02000022	rdfs:subClassOf	ENVO:00002264
ENVO:02000022	rdfs:subClassOf	ENVO:02000019
ENVO:02000023	rdfs:subClassOf	ENVO:02000019
ENVO:02000024	rdfs:subClassOf	ENVO:02000019
ENVO:02000025	rdfs:subClassOf	ENVO:02000022
ENVO:02000026	rdfs:subClassOf	ENVO:02000019
ENVO:02000027	rdfs:subClassOf	ENVO:02000019
ENVO:02000028	rdfs:subClassOf	ENVO:02000019
ENVO:02000029	rdfs:subClassOf	ENVO:02000019
ENVO:02000029	rdfs:subClassOf	UBERON:0001062
ENVO:02000030	rdfs:subClassOf	ENVO:02000019
ENVO:02000030	rdfs:subClassOf	UBERON:0001062
ENVO:02000031	rdfs:subClassOf	ENVO:02000019
ENVO:02000032	rdfs:subClassOf	ENVO:02000019
ENVO:02000033	rdfs:subClassOf	ENVO:02000019
ENVO:02000033	rdfs:subClassOf	UBERON:0001062
ENVO:02000034	rdfs:subClassOf	ENVO:02000019
ENVO:02000035	rdfs:subClassOf	ENVO:02000019
ENVO:02000036	rdfs:subClassOf	ENVO:02000019
ENVO:02000037	rdfs:subClassOf	ENVO:02000019
ENVO:02000038	rdfs:subClassOf	ENVO:02000019
ENVO:02000039	rdfs:subClassOf	ENVO:02000019
ENVO:02000039	rdfs:subClassOf	UBERON:0001062
ENVO:02000040	rdfs:subClassOf	ENVO:02000019
ENVO:02000041	rdfs:subClassOf	ENVO:02000019
ENVO:02000041	rdfs:subClassOf	UBERON:0001062
ENVO:02000042	rdfs:subClassOf	ENVO:02000019
ENVO:02000043	rdfs:subClassOf	ENVO:00003074
ENVO:02000044	rdfs:subClassOf	ENVO:01000082
ENVO:02000045	rdfs:subClassOf	ENVO:01000082
ENVO:02000046	rdfs:subClassOf	ENVO:01000082
ENVO:02000047	rdfs:subClassOf	FOODON:00002403
ENVO:02000048	rdfs:subClassOf	ENVO:02000047
ENVO:02000048	rdfs:subClassOf	FOODON:00004325
ENVO:02000049	rdfs:subClassOf	ENVO:00001999
ENVO:02000052	rdfs:subClassOf	ENVO:00003074
ENVO:02000053	rdfs:subClassOf	ENVO:0010003
ENVO:02000054	rdfs:subClassOf	ENVO:02000055
ENVO:02000055	rdfs:subClassOf	FOODON:00002403
ENVO:02000058	rdfs:subClassOf	ENVO:02000001
ENVO:02000059	rdfs:subClassOf	ENVO:00001998
ENVO:02000084	rdfs:subClassOf	ENVO:00003031
ENVO:02000090	rdfs:subClassOf	ENVO:01000814
ENVO:02000091	rdfs:subClassOf	ENVO:00002016
ENVO:02000092	rdfs:subClassOf	ENVO:00000076
ENVO:02000093	rdfs:subClassOf	ENVO:00000076
ENVO:02000094	rdfs:subClassOf	ENVO:00001995
ENVO:02000095	rdfs:subClassOf	ENVO:02000094
ENVO:02000096	rdfs:subClassOf	ENVO:02000094
ENVO:02000097	rdfs:subClassOf	ENVO:02000094
ENVO:02000098	rdfs:subClassOf	ENVO:02000094
ENVO:02000099	rdfs:subClassOf	ENVO:00002008
ENVO:02000100	rdfs:subClassOf	ENVO:00002008
ENVO:02000100	rdfs:subClassOf	ENVO:01000256
ENVO:02000101	rdfs:subClassOf	ENVO:00002008
ENVO:02000102	rdfs:subClassOf	ENVO:02000101
ENVO:02000103	rdfs:subClassOf	ENVO:00002008
ENVO:02000104	rdfs:subClassOf	ENVO:00002008
ENVO:02000105	rdfs:subClassOf	ENVO:00002008
ENVO:02000106	rdfs:subClassOf	ENVO:02000101
ENVO:02000107	rdfs:subClassOf	ENVO:02000109
ENVO:02000108	rdfs:subClassOf	ENVO:02000109
ENVO:02000109	rdfs:subClassOf	ENVO:00002008
ENVO:02000110	rdfs:subClassOf	ENVO:00000076
ENVO:02000111	rdfs:subClassOf	ENVO:02000094
ENVO:02000112	rdfs:subClassOf	ENVO:01000797
ENVO:02000113	rdfs:subClassOf	ENVO:02000112
ENVO:02000114	rdfs:subClassOf	ENVO:02000112
ENVO:02000115	rdfs:subClassOf	ENVO:02000112
ENVO:02000116	rdfs:subClassOf	ENVO:02000113
ENVO:02000117	rdfs:subClassOf	ENVO:01000575
ENVO:02000118	rdfs:subClassOf	ENVO:01000575
ENVO:02000119	rdfs:subClassOf	ENVO:00002056
ENVO:02000120	rdfs:subClassOf	ENVO:02000112
ENVO:02000121	rdfs:subClassOf	ENVO:01000785
ENVO:02000122	rdfs:subClassOf	ENVO:01000982
ENVO:02000122	rdfs:subClassOf	ENVO:01003009
ENVO:02000123	rdfs:subClassOf	ENVO:0010001
ENVO:02000123	rdfs:subClassOf	ENVO:01000815
ENVO:02000124	rdfs:subClassOf	ENVO:02000123
ENVO:02000125	rdfs:subClassOf	ENVO:03000010
ENVO:02000126	rdfs:subClassOf	ENVO:02000090
ENVO:02000127	rdfs:subClassOf	ENVO:02000090
ENVO:02000128	rdfs:subClassOf	ENVO:02000127
ENVO:02000129	rdfs:subClassOf	ENVO:02000127
ENVO:02000130	rdfs:subClassOf	ENVO:02000127
ENVO:02000131	rdfs:subClassOf	ENVO:02000127
ENVO:02000132	rdfs:subClassOf	ENVO:00000070
ENVO:02000133	rdfs:subClassOf	ENVO:00000070
ENVO:02000134	rdfs:subClassOf	ENVO:02000137
ENVO:02000135	rdfs:subClassOf	ENVO:02000137
ENVO:02000136	rdfs:subClassOf	ENVO:02000133
ENVO:02000137	rdfs:subClassOf	ENVO:02000133
ENVO:02000138	rdfs:subClassOf	ENVO:00001998
ENVO:02000140	rdfs:subClassOf	ENVO:00010483
ENVO:02000141	rdfs:subClassOf	ENVO:00000070
ENVO:02000142	rdfs:subClassOf	ENVO:02000141
ENVO:02000143	rdfs:subClassOf	ENVO:02000141
ENVO:02000144	rdfs:subClassOf	ENVO:02000141
ENVO:02000147	rdfs:subClassOf	ENVO:02000146
ENVO:02000148	rdfs:subClassOf	ENVO:02000146
ENVO:02000149	rdfs:subClassOf	ENVO:02000146
ENVO:02000150	rdfs:subClassOf	ENVO:01000255
ENVO:02000151	rdfs:subClassOf	ENVO:02000150
ENVO:02500001	rdfs:subClassOf	ENVO:02500005
ENVO:02500002	rdfs:subClassOf	ENVO:01000982
ENVO:02500003	rdfs:subClassOf	ENVO:02500000
ENVO:02500004	rdfs:subClassOf	ENVO:02500003
ENVO:02500005	rdfs:subClassOf	ENVO:01001795
ENVO:02500007	rdfs:subClassOf	ENVO:01001795
ENVO:02500007	rdfs:subClassOf	ENVO:02500031
ENVO:02500008	rdfs:subClassOf	ENVO:02500000
ENVO:02500009	rdfs:subClassOf	ENVO:02500030
ENVO:02500010	rdfs:subClassOf	ENVO:02500009
ENVO:02500011	rdfs:subClassOf	ENVO:02500032
ENVO:02500012	rdfs:subClassOf	ENVO:01001795
ENVO:02500013	rdfs:subClassOf	ENVO:02500032
ENVO:02500014	rdfs:subClassOf	ENVO:01001795
ENVO:02500015	rdfs:subClassOf	ENVO:01001795
ENVO:02500018	rdfs:subClassOf	ENVO:01001795
ENVO:02500021	rdfs:subClassOf	ENVO:01001795
ENVO:02500022	rdfs:subClassOf	ENVO:01001795
ENVO:02500023	rdfs:subClassOf	ENVO:01001795
ENVO:02500024	rdfs:subClassOf	ENVO:02500022
ENVO:02500025	rdfs:subClassOf	ENVO:02500022
ENVO:02500027	rdfs:subClassOf	ENVO:02500000
ENVO:02500028	rdfs:subClassOf	ENVO:01001346
ENVO:02500029	rdfs:subClassOf	ENVO:02500028
ENVO:02500030	rdfs:subClassOf	ENVO:02500000
ENVO:02500031	rdfs:subClassOf	ENVO:02500000
ENVO:02500032	rdfs:subClassOf	ENVO:01001170
ENVO:02500033	rdfs:subClassOf	ENVO:01000982
ENVO:02500034	rdfs:subClassOf	ENVO:01000622
ENVO:02500035	rdfs:subClassOf	ENVO:03000146
ENVO:02500036	rdfs:subClassOf	ENVO:02500000
ENVO:02500037	rdfs:subClassOf	ENVO:02500036
ENVO:02500038	rdfs:subClassOf	ENVO:02500036
ENVO:02500039	rdfs:subClassOf	ENVO:02500036
ENVO:02500040	rdfs:subClassOf	ENVO:02500036
ENVO:02500042	rdfs:subClassOf	ENVO:02500026
ENVO:02500043	rdfs:subClassOf	ENVO:02500041
ENVO:02500044	rdfs:subClassOf	ENVO:02500036
ENVO:03000000	rdfs:subClassOf	ENVO:01000406
ENVO:03000002	rdfs:subClassOf	ENVO:01000406
ENVO:03000003	rdfs:subClassOf	ENVO:03000043
ENVO:03000004	rdfs:subClassOf	ENVO:01000277
ENVO:03000005	rdfs:subClassOf	ENVO:03000004
ENVO:03000005	rdfs:subClassOf	ENVO:03000025
ENVO:03000006	rdfs:subClassOf	ENVO:01001655
ENVO:03000006	rdfs:subClassOf	ENVO:02500028
ENVO:03000007	rdfs:subClassOf	ENVO:01000277
ENVO:03000008	rdfs:subClassOf	ENVO:02500000
ENVO:03000009	rdfs:subClassOf	ENVO:02500000
ENVO:03000010	rdfs:subClassOf	ENVO:02500000
ENVO:03000011	rdfs:subClassOf	ENVO:01001618
ENVO:03000012	rdfs:subClassOf	ENVO:01001533
ENVO:03000012	rdfs:subClassOf	ENVO:01001655
ENVO:03000013	rdfs:subClassOf	ENVO:00000133
ENVO:03000015	rdfs:subClassOf	ENVO:00000309
ENVO:03000016	rdfs:subClassOf	ENVO:02500000
ENVO:03000017	rdfs:subClassOf	ENVO:01000915
ENVO:03000017	rdfs:subClassOf	ENVO:01001655
ENVO:03000017	rdfs:subClassOf	ENVO:02500031
ENVO:03000018	rdfs:subClassOf	ENVO:00000023
ENVO:03000020	rdfs:subClassOf	ENVO:03000010
ENVO:03000021	rdfs:subClassOf	ENVO:01000060
ENVO:03000025	rdfs:subClassOf	ENVO:01000277
ENVO:03000027	rdfs:subClassOf	ENVO:01000406
ENVO:03000029	rdfs:subClassOf	ENVO:01001655
ENVO:03000029	rdfs:subClassOf	ENVO:03000011
ENVO:03000030	rdfs:subClassOf	ENVO:01000917
ENVO:03000030	rdfs:subClassOf	ENVO:01001655
ENVO:03000031	rdfs:subClassOf	ENVO:03000030
ENVO:03000032	rdfs:subClassOf	ENVO:01000917
ENVO:03000033	rdfs:subClassOf	ENVO:00002007
ENVO:03000034	rdfs:subClassOf	ENVO:03000033
ENVO:03000035	rdfs:subClassOf	ENVO:00000020
ENVO:03000036	rdfs:subClassOf	ENVO:03000009
ENVO:03000037	rdfs:subClassOf	ENVO:01000914
ENVO:03000038	rdfs:subClassOf	ENVO:01000060
ENVO:03000039	rdfs:subClassOf	ENVO:03000048
ENVO:03000040	rdfs:subClassOf	ENVO:00000063
ENVO:03000041	rdfs:subClassOf	ENVO:03000110
ENVO:03000041	rdfs:subClassOf	ENVO:03000117
ENVO:03000042	rdfs:subClassOf	ENVO:01001856
ENVO:03000042	rdfs:subClassOf	ENVO:02500031
ENVO:03000043	rdfs:subClassOf	ENVO:02500000
ENVO:03000044	rdfs:subClassOf	ENVO:01000950
ENVO:03000045	rdfs:subClassOf	ENVO:02500031
ENVO:03000045	rdfs:subClassOf	ENVO:03000043
ENVO:03000046	rdfs:subClassOf	ENVO:03000063
ENVO:03000047	rdfs:subClassOf	ENVO:03000056
ENVO:03000048	rdfs:subClassOf	ENVO:03000117
ENVO:03000050	rdfs:subClassOf	ENVO:03000040
ENVO:03000051	rdfs:subClassOf	ENVO:03000040
ENVO:03000053	rdfs:subClassOf	ENVO:00000020
ENVO:03000054	rdfs:subClassOf	ENVO:03000009
ENVO:03000055	rdfs:subClassOf	ENVO:01000726
ENVO:03000055	rdfs:subClassOf	ENVO:02500031
ENVO:03000056	rdfs:subClassOf	ENVO:01000950
ENVO:03000058	rdfs:subClassOf	ENVO:03000044
ENVO:03000059	rdfs:subClassOf	ENVO:03000044
ENVO:03000060	rdfs:subClassOf	ENVO:03000044
ENVO:03000061	rdfs:subClassOf	ENVO:03000044
ENVO:03000062	rdfs:subClassOf	ENVO:03000044
ENVO:03000063	rdfs:subClassOf	ENVO:01000277
ENVO:03000065	rdfs:subClassOf	ENVO:01000293
ENVO:03000066	rdfs:subClassOf	ENVO:03000065
ENVO:03000067	rdfs:subClassOf	ENVO:03000066
ENVO:03000068	rdfs:subClassOf	ENVO:03000066
ENVO:03000069	rdfs:subClassOf	ENVO:03000066
ENVO:03000071	rdfs:subClassOf	ENVO:00002200
ENVO:03000072	rdfs:subClassOf	ENVO:00002200
ENVO:03000073	rdfs:subClassOf	ENVO:00002200
ENVO:03000074	rdfs:subClassOf	ENVO:01001276
ENVO:03000075	rdfs:subClassOf	ENVO:03000063
ENVO:03000076	rdfs:subClassOf	ENVO:00010483
ENVO:03000077	rdfs:subClassOf	ENVO:01001276
ENVO:03000078	rdfs:subClassOf	ENVO:03000056
ENVO:03000079	rdfs:subClassOf	ENVO:03000056
ENVO:03000082	rdfs:subClassOf	ENVO:00000021
ENVO:03000083	rdfs:subClassOf	ENVO:03000082
ENVO:03000084	rdfs:subClassOf	ENVO:01001781
ENVO:03000084	rdfs:subClassOf	ENVO:03000015
ENVO:03000085	rdfs:subClassOf	ENVO:01000635
ENVO:03000086	rdfs:subClassOf	ENVO:01001613
ENVO:03000086	rdfs:subClassOf	ENVO:01001741
ENVO:03000086	rdfs:subClassOf	ENVO:01001742
ENVO:03000086	rdfs:subClassOf	ENVO:02500031
ENVO:03000088	rdfs:subClassOf	ENVO:00000134
ENVO:03000089	rdfs:subClassOf	ENVO:00000514
ENVO:03000090	rdfs:subClassOf	ENVO:01000839
ENVO:03000091	rdfs:subClassOf	ENVO:03000090
ENVO:03000092	rdfs:subClassOf	ENVO:03000010
ENVO:03000093	rdfs:subClassOf	ENVO:03000092
ENVO:03000094	rdfs:subClassOf	ENVO:03000093
ENVO:03000095	rdfs:subClassOf	ENVO:02500000
ENVO:03000097	rdfs:subClassOf	ENVO:03000096
ENVO:03000098	rdfs:subClassOf	ENVO:03000096
ENVO:03000099	rdfs:subClassOf	ENVO:01000723
ENVO:03000101	rdfs:subClassOf	ENVO:03000008
ENVO:03000102	rdfs:subClassOf	ENVO:02500031
ENVO:03000102	rdfs:subClassOf	ENVO:03000101
ENVO:03000103	rdfs:subClassOf	ENVO:03000020
ENVO:03000104	rdfs:subClassOf	ENVO:01001617
ENVO:03000105	rdfs:subClassOf	ENVO:01000690
ENVO:03000106	rdfs:subClassOf	ENVO:01000691
ENVO:03000107	rdfs:subClassOf	ENVO:01000691
ENVO:03000107	rdfs:subClassOf	ENVO:01000982
ENVO:03000108	rdfs:subClassOf	ENVO:01000406
ENVO:03000110	rdfs:subClassOf	ENVO:00000191
ENVO:03000111	rdfs:subClassOf	ENVO:01001691
ENVO:03000112	rdfs:subClassOf	ENVO:03000111
ENVO:03000113	rdfs:subClassOf	ENVO:03000111
ENVO:03000114	rdfs:subClassOf	ENVO:03000113
ENVO:03000115	rdfs:subClassOf	ENVO:03000113
ENVO:03000116	rdfs:subClassOf	ENVO:03000111
ENVO:03000117	rdfs:subClassOf	ENVO:01001886
ENVO:03000118	rdfs:subClassOf	ENVO:03000040
ENVO:03000119	rdfs:subClassOf	ENVO:03000040
ENVO:03000120	rdfs:subClassOf	ENVO:00000198
ENVO:03000121	rdfs:subClassOf	ENVO:02500028
ENVO:03000122	rdfs:subClassOf	ENVO:01000786
ENVO:03000127	rdfs:subClassOf	ENVO:01000830
ENVO:03000127	rdfs:subClassOf	ENVO:01000982
ENVO:03000128	rdfs:subClassOf	ENVO:01001565
ENVO:03000129	rdfs:subClassOf	ENVO:03000096
ENVO:03000130	rdfs:subClassOf	ENVO:01000793
ENVO:03000131	rdfs:subClassOf	ENVO:01001292
ENVO:03000132	rdfs:subClassOf	ENVO:00000444
ENVO:03000133	rdfs:subClassOf	ENVO:0010003
ENVO:03000134	rdfs:subClassOf	ENVO:01000903
ENVO:03000135	rdfs:subClassOf	ENVO:01000903
ENVO:03000136	rdfs:subClassOf	ENVO:01000903
ENVO:03000137	rdfs:subClassOf	ENVO:01000844
ENVO:03000138	rdfs:subClassOf	ENVO:01000293
ENVO:03000138	rdfs:subClassOf	ENVO:01003002
ENVO:03000139	rdfs:subClassOf	ENVO:01000844
ENVO:03000139	rdfs:subClassOf	ENVO:01001089
ENVO:03000140	rdfs:subClassOf	ENVO:01001082
ENVO:03000141	rdfs:subClassOf	ENVO:01001609
ENVO:03000143	rdfs:subClassOf	ENVO:01000813
ENVO:03000144	rdfs:subClassOf	ENVO:03000143
ENVO:03000145	rdfs:subClassOf	ENVO:01001785
ENVO:03000146	rdfs:subClassOf	ENVO:01000982
ENVO:03400001	rdfs:subClassOf	ENVO:00000112
ENVO:03400002	rdfs:subClassOf	ENVO:00000112
ENVO:03400004	rdfs:subClassOf	ENVO:01000895
ENVO:03400005	rdfs:subClassOf	ENVO:01000293
ENVO:03400006	rdfs:subClassOf	ENVO:01000895
ENVO:03400007	rdfs:subClassOf	ENVO:01000881
ENVO:03400008	rdfs:subClassOf	ENVO:01000895
ENVO:03400010	rdfs:subClassOf	ENVO:01001565
ENVO:03400012	rdfs:subClassOf	ENVO:01000293
ENVO:03400014	rdfs:subClassOf	ENVO:01000703
ENVO:03400015	rdfs:subClassOf	ENVO:01000293
ENVO:03400016	rdfs:subClassOf	ENVO:01003020
ENVO:03500001	rdfs:subClassOf	ENVO:00000562
ENVO:03500002	rdfs:subClassOf	ENVO:00000562
ENVO:03500003	rdfs:subClassOf	ENVO:00000565
ENVO:03500004	rdfs:subClassOf	ENVO:01001272
ENVO:03500006	rdfs:subClassOf	ENVO:01000313
ENVO:03500007	rdfs:subClassOf	ENVO:01000997
ENVO:03500008	rdfs:subClassOf	ENVO:01001839
ENVO:03500009	rdfs:subClassOf	ENVO:01000997
ENVO:03500010	rdfs:subClassOf	ENVO:01000997
ENVO:03500011	rdfs:subClassOf	ENVO:01000997
ENVO:03500012	rdfs:subClassOf	ENVO:01001027
ENVO:03500013	rdfs:subClassOf	ENVO:21001214
ENVO:03500014	rdfs:subClassOf	ENVO:21001214
ENVO:03500015	rdfs:subClassOf	ENVO:21001214
ENVO:03501100	rdfs:subClassOf	ENVO:03501105
ENVO:03501101	rdfs:subClassOf	ENVO:01000254
ENVO:03501102	rdfs:subClassOf	ENVO:00003861
ENVO:03501103	rdfs:subClassOf	ENVO:01000601
ENVO:03501104	rdfs:subClassOf	ENVO:01000608
ENVO:03501105	rdfs:subClassOf	ENVO:03501325
ENVO:03501107	rdfs:subClassOf	ENVO:01000604
ENVO:03501108	rdfs:subClassOf	ENVO:03501107
ENVO:03501109	rdfs:subClassOf	ENVO:01000813
ENVO:03501109	rdfs:subClassOf	ENVO:03501108
ENVO:03501111	rdfs:subClassOf	ENVO:01000813
ENVO:03501111	rdfs:subClassOf	ENVO:03501110
ENVO:03501112	rdfs:subClassOf	ENVO:01000611
ENVO:03501113	rdfs:subClassOf	ENVO:03501100
ENVO:03501114	rdfs:subClassOf	ENVO:03501107
ENVO:03501115	rdfs:subClassOf	ENVO:03501109
ENVO:03501116	rdfs:subClassOf	ENVO:03501111
ENVO:03501117	rdfs:subClassOf	ENVO:00000070
ENVO:03501118	rdfs:subClassOf	ENVO:03501117
ENVO:03501119	rdfs:subClassOf	ENVO:00003919
ENVO:03501120	rdfs:subClassOf	ENVO:00000078
ENVO:03501121	rdfs:subClassOf	ENVO:01000420
ENVO:03501122	rdfs:subClassOf	ENVO:00000070
ENVO:03501123	rdfs:subClassOf	ENVO:00003861
ENVO:03501124	rdfs:subClassOf	ENVO:00003861
ENVO:03501125	rdfs:subClassOf	ENVO:01000426
ENVO:03501126	rdfs:subClassOf	ENVO:00000073
ENVO:03501127	rdfs:subClassOf	ENVO:00000073
ENVO:03501128	rdfs:subClassOf	ENVO:01000426
ENVO:03501129	rdfs:subClassOf	ENVO:00000070
ENVO:03501130	rdfs:subClassOf	ENVO:03501129
ENVO:03501131	rdfs:subClassOf	ENVO:03501197
ENVO:03501132	rdfs:subClassOf	ENVO:03501197
ENVO:03501133	rdfs:subClassOf	ENVO:03501197
ENVO:03501134	rdfs:subClassOf	ENVO:00000070
ENVO:03501135	rdfs:subClassOf	ENVO:03501134
ENVO:03501136	rdfs:subClassOf	ENVO:03501134
ENVO:03501137	rdfs:subClassOf	ENVO:03501134
ENVO:03501138	rdfs:subClassOf	ENVO:03501137
ENVO:03501139	rdfs:subClassOf	ENVO:03501137
ENVO:03501140	rdfs:subClassOf	ENVO:03501137
ENVO:03501141	rdfs:subClassOf	ENVO:03501137
ENVO:03501142	rdfs:subClassOf	ENVO:03501137
ENVO:03501143	rdfs:subClassOf	ENVO:03501137
ENVO:03501144	rdfs:subClassOf	ENVO:03501137
ENVO:03501145	rdfs:subClassOf	ENVO:01000426
ENVO:03501146	rdfs:subClassOf	ENVO:03501137
ENVO:03501147	rdfs:subClassOf	ENVO:03501137
ENVO:03501148	rdfs:subClassOf	ENVO:03501137
ENVO:03501149	rdfs:subClassOf	ENVO:03501152
ENVO:03501150	rdfs:subClassOf	ENVO:03501137
ENVO:03501151	rdfs:subClassOf	ENVO:03501137
ENVO:03501152	rdfs:subClassOf	ENVO:03501137
ENVO:03501153	rdfs:subClassOf	ENVO:03501152
ENVO:03501154	rdfs:subClassOf	ENVO:03501152
ENVO:03501155	rdfs:subClassOf	ENVO:01000426
ENVO:03501156	rdfs:subClassOf	ENVO:03501137
ENVO:03501157	rdfs:subClassOf	ENVO:03501103
ENVO:03501158	rdfs:subClassOf	ENVO:03501137
ENVO:03501159	rdfs:subClassOf	ENVO:03501137
ENVO:03501160	rdfs:subClassOf	ENVO:03501152
ENVO:03501161	rdfs:subClassOf	ENVO:03501137
ENVO:03501162	rdfs:subClassOf	ENVO:03501137
ENVO:03501163	rdfs:subClassOf	ENVO:03501137
ENVO:03501164	rdfs:subClassOf	ENVO:03501137
ENVO:03501165	rdfs:subClassOf	ENVO:03501137
ENVO:03501166	rdfs:subClassOf	ENVO:03501137
ENVO:03501167	rdfs:subClassOf	ENVO:03501137
ENVO:03501168	rdfs:subClassOf	ENVO:03501137
ENVO:03501169	rdfs:subClassOf	ENVO:03501137
ENVO:03501170	rdfs:subClassOf	ENVO:03501152
ENVO:03501171	rdfs:subClassOf	ENVO:03501137
ENVO:03501172	rdfs:subClassOf	ENVO:03501137
ENVO:03501173	rdfs:subClassOf	ENVO:03501137
ENVO:03501174	rdfs:subClassOf	ENVO:03501137
ENVO:03501175	rdfs:subClassOf	ENVO:03501137
ENVO:03501176	rdfs:subClassOf	ENVO:03501152
ENVO:03501177	rdfs:subClassOf	ENVO:03501137
ENVO:03501178	rdfs:subClassOf	ENVO:03501137
ENVO:03501179	rdfs:subClassOf	ENVO:03501137
ENVO:03501180	rdfs:subClassOf	ENVO:01000426
ENVO:03501181	rdfs:subClassOf	ENVO:00002173
ENVO:03501182	rdfs:subClassOf	ENVO:03501288
ENVO:03501183	rdfs:subClassOf	ENVO:03501134
ENVO:03501184	rdfs:subClassOf	ENVO:03501183
ENVO:03501185	rdfs:subClassOf	ENVO:03501183
ENVO:03501186	rdfs:subClassOf	ENVO:03501183
ENVO:03501187	rdfs:subClassOf	ENVO:03501183
ENVO:03501188	rdfs:subClassOf	ENVO:03501183
ENVO:03501189	rdfs:subClassOf	ENVO:03501183
ENVO:03501190	rdfs:subClassOf	ENVO:03501183
ENVO:03501191	rdfs:subClassOf	ENVO:03501183
ENVO:03501192	rdfs:subClassOf	ENVO:03501183
ENVO:03501193	rdfs:subClassOf	ENVO:03501134
ENVO:03501194	rdfs:subClassOf	ENVO:01000933
ENVO:03501195	rdfs:subClassOf	ENVO:03501194
ENVO:03501196	rdfs:subClassOf	ENVO:03501194
ENVO:03501197	rdfs:subClassOf	ENVO:00000073
ENVO:03501198	rdfs:subClassOf	ENVO:01000987
ENVO:03501199	rdfs:subClassOf	ENVO:01000987
ENVO:03501200	rdfs:subClassOf	ENVO:03501197
ENVO:03501201	rdfs:subClassOf	ENVO:00000070
ENVO:03501202	rdfs:subClassOf	ENVO:00000070
ENVO:03501203	rdfs:subClassOf	ENVO:03501309
ENVO:03501204	rdfs:subClassOf	ENVO:00000070
ENVO:03501205	rdfs:subClassOf	ENVO:03501204
ENVO:03501206	rdfs:subClassOf	ENVO:01001222
ENVO:03501207	rdfs:subClassOf	ENVO:03501206
ENVO:03501208	rdfs:subClassOf	ENVO:00003074
ENVO:03501209	rdfs:subClassOf	ENVO:01000498
ENVO:03501210	rdfs:subClassOf	ENVO:00003074
ENVO:03501211	rdfs:subClassOf	ENVO:00003074
ENVO:03501212	rdfs:subClassOf	ENVO:01000498
ENVO:03501213	rdfs:subClassOf	ENVO:03501310
ENVO:03501214	rdfs:subClassOf	ENVO:00003074
ENVO:03501215	rdfs:subClassOf	ENVO:03501310
ENVO:03501216	rdfs:subClassOf	ENVO:03501354
ENVO:03501217	rdfs:subClassOf	ENVO:00003895
ENVO:03501218	rdfs:subClassOf	ENVO:01000989
ENVO:03501219	rdfs:subClassOf	ENVO:00003074
ENVO:03501220	rdfs:subClassOf	ENVO:00003074
ENVO:03501221	rdfs:subClassOf	ENVO:01000934
ENVO:03501222	rdfs:subClassOf	ENVO:01000934
ENVO:03501224	rdfs:subClassOf	ENVO:01000934
ENVO:03501225	rdfs:subClassOf	ENVO:01000934
ENVO:03501226	rdfs:subClassOf	ENVO:01000934
ENVO:03501227	rdfs:subClassOf	ENVO:01000934
ENVO:03501228	rdfs:subClassOf	ENVO:01000934
ENVO:03501230	rdfs:subClassOf	ENVO:03501134
ENVO:03501231	rdfs:subClassOf	ENVO:03501134
ENVO:03501232	rdfs:subClassOf	ENVO:01001222
ENVO:03501233	rdfs:subClassOf	ENVO:00003861
ENVO:03501234	rdfs:subClassOf	ENVO:01001221
ENVO:03501235	rdfs:subClassOf	ENVO:00000073
ENVO:03501236	rdfs:subClassOf	ENVO:01001269
ENVO:03501237	rdfs:subClassOf	ENVO:01001199
ENVO:03501238	rdfs:subClassOf	ENVO:00000083
ENVO:03501239	rdfs:subClassOf	ENVO:00000304
ENVO:03501240	rdfs:subClassOf	ENVO:00000098
ENVO:03501241	rdfs:subClassOf	ENVO:00002214
ENVO:03501242	rdfs:subClassOf	ENVO:00000098
ENVO:03501243	rdfs:subClassOf	ENVO:00002221
ENVO:03501244	rdfs:subClassOf	ENVO:00000075
ENVO:03501245	rdfs:subClassOf	ENVO:00000075
ENVO:03501246	rdfs:subClassOf	ENVO:00000075
ENVO:03501247	rdfs:subClassOf	ENVO:00000075
ENVO:03501248	rdfs:subClassOf	ENVO:00000075
ENVO:03501249	rdfs:subClassOf	ENVO:00000075
ENVO:03501250	rdfs:subClassOf	ENVO:00000075
ENVO:03501251	rdfs:subClassOf	ENVO:00003074
ENVO:03501252	rdfs:subClassOf	ENVO:01001117
ENVO:03501253	rdfs:subClassOf	ENVO:0010001
ENVO:03501254	rdfs:subClassOf	ENVO:00003074
ENVO:03501255	rdfs:subClassOf	ENVO:00000002
ENVO:03501256	rdfs:subClassOf	ENVO:00003895
ENVO:03501257	rdfs:subClassOf	ENVO:00000073
ENVO:03501258	rdfs:subClassOf	ENVO:00003040
ENVO:03501259	rdfs:subClassOf	ENVO:00010483
ENVO:03501260	rdfs:subClassOf	ENVO:00003074
ENVO:03501261	rdfs:subClassOf	ENVO:00003074
ENVO:03501262	rdfs:subClassOf	ENVO:00003074
ENVO:03501263	rdfs:subClassOf	ENVO:00003074
ENVO:03501264	rdfs:subClassOf	ENVO:03501263
ENVO:03501265	rdfs:subClassOf	ENVO:01000425
ENVO:03501266	rdfs:subClassOf	ENVO:00003074
ENVO:03501267	rdfs:subClassOf	ENVO:03501263
ENVO:03501268	rdfs:subClassOf	ENVO:00003074
ENVO:03501269	rdfs:subClassOf	ENVO:00003074
ENVO:03501270	rdfs:subClassOf	ENVO:00000073
ENVO:03501271	rdfs:subClassOf	ENVO:00000073
ENVO:03501272	rdfs:subClassOf	ENVO:00000073
ENVO:03501273	rdfs:subClassOf	ENVO:00000073
ENVO:03501274	rdfs:subClassOf	ENVO:01000933
ENVO:03501275	rdfs:subClassOf	ENVO:01001222
ENVO:03501276	rdfs:subClassOf	ENVO:01001222
ENVO:03501277	rdfs:subClassOf	ENVO:00000073
ENVO:03501278	rdfs:subClassOf	ENVO:00000073
ENVO:03501279	rdfs:subClassOf	ENVO:01000933
ENVO:03501280	rdfs:subClassOf	ENVO:00000073
ENVO:03501281	rdfs:subClassOf	ENVO:00000565
ENVO:03501282	rdfs:subClassOf	ENVO:00000010
ENVO:03501283	rdfs:subClassOf	ENVO:00003074
ENVO:03501284	rdfs:subClassOf	ENVO:00003074
ENVO:03501285	rdfs:subClassOf	ENVO:03501284
ENVO:03501286	rdfs:subClassOf	ENVO:00003041
ENVO:03501287	rdfs:subClassOf	ENVO:00003040
ENVO:03501288	rdfs:subClassOf	ENVO:00000070
ENVO:03501289	rdfs:subClassOf	ENVO:03501263
ENVO:03501290	rdfs:subClassOf	ENVO:00002222
ENVO:03501291	rdfs:subClassOf	ENVO:00003074
ENVO:03501292	rdfs:subClassOf	ENVO:00003074
ENVO:03501293	rdfs:subClassOf	ENVO:00003074
ENVO:03501294	rdfs:subClassOf	ENVO:01000536
ENVO:03501295	rdfs:subClassOf	ENVO:01000536
ENVO:03501296	rdfs:subClassOf	ENVO:03501295
ENVO:03501297	rdfs:subClassOf	ENVO:03501295
ENVO:03501298	rdfs:subClassOf	ENVO:00003074
ENVO:03501299	rdfs:subClassOf	ENVO:01000970
ENVO:03501300	rdfs:subClassOf	ENVO:00010483
ENVO:03501301	rdfs:subClassOf	ENVO:01000420
ENVO:03501302	rdfs:subClassOf	ENVO:01001121
ENVO:03501303	rdfs:subClassOf	ENVO:00010483
ENVO:03501304	rdfs:subClassOf	ENVO:01000155
ENVO:03501305	rdfs:subClassOf	ENVO:06105112
ENVO:03501306	rdfs:subClassOf	ENVO:00010483
ENVO:03501307	rdfs:subClassOf	ENVO:01000814
ENVO:03501309	rdfs:subClassOf	ENVO:00000070
ENVO:03501310	rdfs:subClassOf	ENVO:00003074
ENVO:03501311	rdfs:subClassOf	ENVO:01000254
ENVO:03501312	rdfs:subClassOf	ENVO:03501311
ENVO:03501313	rdfs:subClassOf	ENVO:03501312
ENVO:03501318	rdfs:subClassOf	ENVO:01000254
ENVO:03501319	rdfs:subClassOf	ENVO:03501318
ENVO:03501320	rdfs:subClassOf	ENVO:03501318
ENVO:03501321	rdfs:subClassOf	ENVO:03501318
ENVO:03501322	rdfs:subClassOf	ENVO:03501318
ENVO:03501323	rdfs:subClassOf	ENVO:01000313
ENVO:03501324	rdfs:subClassOf	ENVO:0010001
ENVO:03501325	rdfs:subClassOf	ENVO:01000608
ENVO:03501326	rdfs:subClassOf	ENVO:00003074
ENVO:03501327	rdfs:subClassOf	ENVO:03501263
ENVO:03501328	rdfs:subClassOf	ENVO:03501353
ENVO:03501329	rdfs:subClassOf	ENVO:03501353
ENVO:03501330	rdfs:subClassOf	ENVO:03501327
ENVO:03501331	rdfs:subClassOf	ENVO:01000313
ENVO:03501332	rdfs:subClassOf	ENVO:01000313
ENVO:03501333	rdfs:subClassOf	ENVO:01000313
ENVO:03501334	rdfs:subClassOf	ENVO:00000070
ENVO:03501335	rdfs:subClassOf	ENVO:00000070
ENVO:03501336	rdfs:subClassOf	ENVO:00000070
ENVO:03501337	rdfs:subClassOf	ENVO:00000073
ENVO:03501338	rdfs:subClassOf	ENVO:03501334
ENVO:03501339	rdfs:subClassOf	ENVO:01000313
ENVO:03501340	rdfs:subClassOf	ENVO:00000073
ENVO:03501341	rdfs:subClassOf	ENVO:03501134
ENVO:03501342	rdfs:subClassOf	ENVO:01000426
ENVO:03501343	rdfs:subClassOf	ENVO:00000123
ENVO:03501344	rdfs:subClassOf	ENVO:01000744
ENVO:03501345	rdfs:subClassOf	ENVO:01000744
ENVO:03501346	rdfs:subClassOf	ENVO:03501353
ENVO:03501347	rdfs:subClassOf	ENVO:00000073
ENVO:03501348	rdfs:subClassOf	ENVO:03501134
ENVO:03501349	rdfs:subClassOf	ENVO:01001488
ENVO:03501350	rdfs:subClassOf	ENVO:03501134
ENVO:03501351	rdfs:subClassOf	ENVO:03501110
ENVO:03501352	rdfs:subClassOf	ENVO:00003040
ENVO:03501353	rdfs:subClassOf	ENVO:03501327
ENVO:03501354	rdfs:subClassOf	ENVO:00003074
ENVO:03501355	rdfs:subClassOf	ENVO:03501204
ENVO:03501357	rdfs:subClassOf	ENVO:00003074
ENVO:03501359	rdfs:subClassOf	ENVO:00003074
ENVO:03501360	rdfs:subClassOf	ENVO:00003074
ENVO:03501362	rdfs:subClassOf	ENVO:03501356
ENVO:03501363	rdfs:subClassOf	ENVO:00003074
ENVO:03501364	rdfs:subClassOf	ENVO:03501357
ENVO:03501365	rdfs:subClassOf	ENVO:03501356
ENVO:03501366	rdfs:subClassOf	ENVO:03501356
ENVO:03501367	rdfs:subClassOf	ENVO:03501356
ENVO:03501368	rdfs:subClassOf	ENVO:00003074
ENVO:03501369	rdfs:subClassOf	ENVO:01001684
ENVO:03501370	rdfs:subClassOf	ENVO:00002006
ENVO:03510000	rdfs:subClassOf	ENVO:00002008
ENVO:03510001	rdfs:subClassOf	ENVO:03510004
ENVO:03510002	rdfs:subClassOf	ENVO:00003074
ENVO:03510003	rdfs:subClassOf	ENVO:02500000
ENVO:03510004	rdfs:subClassOf	ENVO:00003074
ENVO:03510005	rdfs:subClassOf	ENVO:00003074
ENVO:03510006	rdfs:subClassOf	ENVO:00002984
ENVO:03510007	rdfs:subClassOf	ENVO:00002984
ENVO:03510008	rdfs:subClassOf	ENVO:01000797
ENVO:03510009	rdfs:subClassOf	ENVO:01000797
ENVO:03510010	rdfs:subClassOf	ENVO:00003074
ENVO:03510011	rdfs:subClassOf	ENVO:03510010
ENVO:03510012	rdfs:subClassOf	ENVO:03510010
ENVO:03510013	rdfs:subClassOf	ENVO:03510010
ENVO:03510014	rdfs:subClassOf	ENVO:00003074
ENVO:03510015	rdfs:subClassOf	ENVO:00010483
ENVO:03510016	rdfs:subClassOf	ENVO:00010483
ENVO:03510017	rdfs:subClassOf	ENVO:00003074
ENVO:03510018	rdfs:subClassOf	ENVO:00010483
ENVO:03510019	rdfs:subClassOf	ENVO:2000000
ENVO:03510020	rdfs:subClassOf	ENVO:03510019
ENVO:03510021	rdfs:subClassOf	ENVO:00003074
ENVO:03510022	rdfs:subClassOf	ENVO:03510021
ENVO:03510023	rdfs:subClassOf	ENVO:00010483
ENVO:03510024	rdfs:subClassOf	ENVO:2000000
ENVO:03510025	rdfs:subClassOf	ENVO:2000000
ENVO:03510026	rdfs:subClassOf	ENVO:03510025
ENVO:03510027	rdfs:subClassOf	ENVO:03510025
ENVO:03510028	rdfs:subClassOf	ENVO:03510025
ENVO:03510029	rdfs:subClassOf	ENVO:02000123
ENVO:03510030	rdfs:subClassOf	ENVO:00003074
ENVO:03510031	rdfs:subClassOf	ENVO:02000123
ENVO:03510032	rdfs:subClassOf	ENVO:02000123
ENVO:03510033	rdfs:subClassOf	ENVO:02000123
ENVO:03510034	rdfs:subClassOf	ENVO:00003074
ENVO:03510035	rdfs:subClassOf	ENVO:00003074
ENVO:03510036	rdfs:subClassOf	ENVO:00002008
ENVO:03510037	rdfs:subClassOf	ENVO:00010483
ENVO:03510038	rdfs:subClassOf	ENVO:00010483
ENVO:03510040	rdfs:subClassOf	ENVO:2000000
ENVO:03510041	rdfs:subClassOf	ENVO:03510040
ENVO:03510055	rdfs:subClassOf	ENVO:00003074
ENVO:03510055	rdfs:subClassOf	ENVO:0010001
ENVO:03510055	rdfs:subClassOf	ENVO:2000045
ENVO:03510056	rdfs:subClassOf	ENVO:00003074
ENVO:03510056	rdfs:subClassOf	ENVO:0010001
ENVO:03510056	rdfs:subClassOf	ENVO:01000155
ENVO:03510057	rdfs:subClassOf	ENVO:00003074
ENVO:03510057	rdfs:subClassOf	ENVO:0010001
ENVO:03510058	rdfs:subClassOf	ENVO:00003074
ENVO:03510058	rdfs:subClassOf	ENVO:0010001
ENVO:03510058	rdfs:subClassOf	ENVO:03510065
ENVO:03510060	rdfs:subClassOf	ENVO:00003074
ENVO:03510060	rdfs:subClassOf	ENVO:0010001
ENVO:03510060	rdfs:subClassOf	ENVO:03510065
ENVO:03510061	rdfs:subClassOf	ENVO:00003074
ENVO:03510061	rdfs:subClassOf	ENVO:0010001
ENVO:03510061	rdfs:subClassOf	ENVO:03510065
ENVO:03510062	rdfs:subClassOf	ENVO:00003074
ENVO:03510062	rdfs:subClassOf	ENVO:0010001
ENVO:03510062	rdfs:subClassOf	ENVO:03510065
ENVO:03510064	rdfs:subClassOf	ENVO:00010483
ENVO:03510065	rdfs:subClassOf	ENVO:01000815
ENVO:03510070	rdfs:subClassOf	ENVO:00002264
ENVO:03520000	rdfs:subClassOf	ENVO:01000543
ENVO:03520001	rdfs:subClassOf	ENVO:01000543
ENVO:03520002	rdfs:subClassOf	ENVO:01000543
ENVO:03520003	rdfs:subClassOf	ENVO:01001784
ENVO:03520004	rdfs:subClassOf	ENVO:03520003
ENVO:03520005	rdfs:subClassOf	ENVO:03520003
ENVO:03520006	rdfs:subClassOf	ENVO:01000833
ENVO:03520007	rdfs:subClassOf	ENVO:01000846
ENVO:03600000	rdfs:subClassOf	ENVO:01000420
ENVO:03600001	rdfs:subClassOf	ENVO:00002114
ENVO:03600002	rdfs:subClassOf	ENVO:00002006
ENVO:03600003	rdfs:subClassOf	ENVO:03600014
ENVO:03600004	rdfs:subClassOf	ENVO:00003861
ENVO:03600005	rdfs:subClassOf	ENVO:00003074
ENVO:03600006	rdfs:subClassOf	ENVO:00002264
ENVO:03600007	rdfs:subClassOf	ENVO:02000140
ENVO:03600008	rdfs:subClassOf	ENVO:01000420
ENVO:03600009	rdfs:subClassOf	ENVO:00002006
ENVO:03600010	rdfs:subClassOf	ENVO:00002123
ENVO:03600011	rdfs:subClassOf	ENVO:01001275
ENVO:03600011	rdfs:subClassOf	ENVO:03600030
ENVO:03600012	rdfs:subClassOf	ENVO:03600014
ENVO:03600013	rdfs:subClassOf	ENVO:00010483
ENVO:03600014	rdfs:subClassOf	ENVO:00000070
ENVO:03600015	rdfs:subClassOf	ENVO:00000022
ENVO:03600016	rdfs:subClassOf	ENVO:00001995
ENVO:03600017	rdfs:subClassOf	ENVO:00010483
ENVO:03600018	rdfs:subClassOf	ENVO:03600030
ENVO:03600019	rdfs:subClassOf	ENVO:03600022
ENVO:03600020	rdfs:subClassOf	ENVO:03600031
ENVO:03600021	rdfs:subClassOf	ENVO:00000070
ENVO:03600022	rdfs:subClassOf	ENVO:00003074
ENVO:03600030	rdfs:subClassOf	ENVO:06105266
ENVO:03600031	rdfs:subClassOf	ENVO:03600032
ENVO:03600032	rdfs:subClassOf	ENVO:00000074
ENVO:03600033	rdfs:subClassOf	ENVO:03600053
ENVO:03600034	rdfs:subClassOf	ENVO:00000098
ENVO:03600035	rdfs:subClassOf	ENVO:01000426
ENVO:03600036	rdfs:subClassOf	ENVO:00001998
ENVO:03600037	rdfs:subClassOf	ENVO:00000033
ENVO:03600038	rdfs:subClassOf	ENVO:01001243
ENVO:03600039	rdfs:subClassOf	ENVO:00000070
ENVO:03600039	rdfs:subClassOf	ENVO:01001871
ENVO:03600040	rdfs:subClassOf	ENVO:00003074
ENVO:03600041	rdfs:subClassOf	ENVO:00000020
ENVO:03600042	rdfs:subClassOf	ENVO:00002006
ENVO:03600043	rdfs:subClassOf	ENVO:00000033
ENVO:03600044	rdfs:subClassOf	ENVO:00000078
ENVO:03600045	rdfs:subClassOf	ENVO:00003074
ENVO:03600046	rdfs:subClassOf	ENVO:00003074
ENVO:03600047	rdfs:subClassOf	ENVO:00000033
ENVO:03600047	rdfs:subClassOf	ENVO:00000070
ENVO:03600048	rdfs:subClassOf	ENVO:00003074
ENVO:03600049	rdfs:subClassOf	ENVO:03600046
ENVO:03600050	rdfs:subClassOf	ENVO:01003000
ENVO:03600051	rdfs:subClassOf	ENVO:01000604
ENVO:03600052	rdfs:subClassOf	ENVO:00003074
ENVO:03600053	rdfs:subClassOf	ENVO:00000002
ENVO:03600060	rdfs:subClassOf	ENVO:00003074
ENVO:03600061	rdfs:subClassOf	ENVO:03500005
ENVO:03600062	rdfs:subClassOf	ENVO:00000070
ENVO:03600063	rdfs:subClassOf	ENVO:01000002
ENVO:03600064	rdfs:subClassOf	ENVO:00002016
ENVO:03600065	rdfs:subClassOf	ENVO:00002006
ENVO:03600066	rdfs:subClassOf	ENVO:01000443
ENVO:03600067	rdfs:subClassOf	ENVO:03600008
ENVO:03600068	rdfs:subClassOf	ENVO:01000667
ENVO:03600069	rdfs:subClassOf	ENVO:00005803
ENVO:03600070	rdfs:subClassOf	ENVO:01000071
ENVO:03600071	rdfs:subClassOf	ENVO:00000012
ENVO:03600072	rdfs:subClassOf	ENVO:01000639
ENVO:03600073	rdfs:subClassOf	ENVO:01001785
ENVO:03600074	rdfs:subClassOf	ENVO:00000077
ENVO:03600075	rdfs:subClassOf	ENVO:00003861
ENVO:03600076	rdfs:subClassOf	ENVO:00000070
ENVO:03600077	rdfs:subClassOf	ENVO:00002123
ENVO:03600078	rdfs:subClassOf	ENVO:00003861
ENVO:03600079	rdfs:subClassOf	ENVO:00003074
ENVO:03600080	rdfs:subClassOf	ENVO:00000070
ENVO:03600081	rdfs:subClassOf	ENVO:00002011
ENVO:03600082	rdfs:subClassOf	ENVO:02000140
ENVO:03600083	rdfs:subClassOf	ENVO:01000667
ENVO:03600084	rdfs:subClassOf	ENVO:01000155
ENVO:03600085	rdfs:subClassOf	ENVO:00003074
ENVO:03600086	rdfs:subClassOf	ENVO:00003074
ENVO:03600087	rdfs:subClassOf	ENVO:00000070
ENVO:03600090	rdfs:subClassOf	ENVO:03600039
ENVO:03600091	rdfs:subClassOf	ENVO:01001871
ENVO:03600092	rdfs:subClassOf	ENVO:00000033
ENVO:03600093	rdfs:subClassOf	ENVO:00000070
ENVO:03600094	rdfs:subClassOf	ENVO:00000063
ENVO:03600094	rdfs:subClassOf	ENVO:01001308
ENVO:03600095	rdfs:subClassOf	ENVO:01001308
ENVO:03600096	rdfs:subClassOf	ENVO:03600094
ENVO:03605000	rdfs:subClassOf	ENVO:01000156
ENVO:03605001	rdfs:subClassOf	ENVO:03605000
ENVO:03605002	rdfs:subClassOf	ENVO:03605000
ENVO:03605003	rdfs:subClassOf	ENVO:03605000
ENVO:03605004	rdfs:subClassOf	ENVO:03605000
ENVO:03605005	rdfs:subClassOf	ENVO:03605000
ENVO:03605006	rdfs:subClassOf	ENVO:00002006
ENVO:03605006	rdfs:subClassOf	ENVO:01000813
ENVO:03605007	rdfs:subClassOf	ENVO:00000023
ENVO:03605008	rdfs:subClassOf	ENVO:00000873
ENVO:03605008	rdfs:subClassOf	ENVO:03605009
ENVO:03605009	rdfs:subClassOf	ENVO:01000997
ENVO:03605009	rdfs:subClassOf	ENVO:01001789
ENVO:04000000	rdfs:subClassOf	ENVO:01001548
ENVO:04000001	rdfs:subClassOf	ENVO:01001664
ENVO:04000002	rdfs:subClassOf	ENVO:09200014
ENVO:04000003	rdfs:subClassOf	ENVO:3200071
ENVO:04000007	rdfs:subClassOf	ENVO:00002006
ENVO:04000007	rdfs:subClassOf	ENVO:01000813
ENVO:04000008	rdfs:subClassOf	ENVO:01000155
ENVO:04000008	rdfs:subClassOf	ENVO:01000813
ENVO:04000009	rdfs:subClassOf	ENVO:01001610
ENVO:04000010	rdfs:subClassOf	ENVO:00000191
ENVO:04000010	rdfs:subClassOf	ENVO:01001311
ENVO:04000010	rdfs:subClassOf	ENVO:01001483
ENVO:04000010	rdfs:subClassOf	ENVO:06105266
ENVO:04000011	rdfs:subClassOf	ENVO:04000010
ENVO:04000012	rdfs:subClassOf	ENVO:01000060
ENVO:04000013	rdfs:subClassOf	ENVO:04000012
ENVO:04000014	rdfs:subClassOf	ENVO:04000012
ENVO:04000015	rdfs:subClassOf	ENVO:03000009
ENVO:04000016	rdfs:subClassOf	ENVO:04000015
ENVO:04000017	rdfs:subClassOf	ENVO:04000015
ENVO:04000018	rdfs:subClassOf	ENVO:04000015
ENVO:06105003	rdfs:subClassOf	ENVO:00010483
ENVO:06105006	rdfs:subClassOf	ENVO:01000776
ENVO:06105007	rdfs:subClassOf	ENVO:01000776
ENVO:06105008	rdfs:subClassOf	ENVO:01000776
ENVO:06105009	rdfs:subClassOf	ENVO:01000776
ENVO:06105010	rdfs:subClassOf	ENVO:01000776
ENVO:06105011	rdfs:subClassOf	ENVO:01001477
ENVO:06105013	rdfs:subClassOf	ENVO:06105012
ENVO:06105015	rdfs:subClassOf	ENVO:06105014
ENVO:06105016	rdfs:subClassOf	ENVO:06105101
ENVO:06105021	rdfs:subClassOf	ENVO:03000009
ENVO:06105022	rdfs:subClassOf	ENVO:03000009
ENVO:06105023	rdfs:subClassOf	ENVO:06105022
ENVO:06105024	rdfs:subClassOf	ENVO:09200002
ENVO:06105025	rdfs:subClassOf	ENVO:09200002
ENVO:06105026	rdfs:subClassOf	ENVO:06105006
ENVO:06105027	rdfs:subClassOf	ENVO:02500000
ENVO:06105028	rdfs:subClassOf	ENVO:06105027
ENVO:06105101	rdfs:subClassOf	ENVO:00010483
ENVO:06105102	rdfs:subClassOf	ENVO:01000776
ENVO:06105103	rdfs:subClassOf	ENVO:01000776
ENVO:06105104	rdfs:subClassOf	ENVO:01000776
ENVO:06105105	rdfs:subClassOf	ENVO:01000776
ENVO:06105106	rdfs:subClassOf	ENVO:00000191
ENVO:06105107	rdfs:subClassOf	ENVO:01000813
ENVO:06105107	rdfs:subClassOf	ENVO:03500005
ENVO:06105108	rdfs:subClassOf	ENVO:02500027
ENVO:06105110	rdfs:subClassOf	ENVO:06105106
ENVO:06105111	rdfs:subClassOf	ENVO:06105101
ENVO:06105112	rdfs:subClassOf	ENVO:06105101
ENVO:06105113	rdfs:subClassOf	ENVO:01001436
ENVO:06105114	rdfs:subClassOf	ENVO:02500027
ENVO:06105115	rdfs:subClassOf	ENVO:00003074
ENVO:06105116	rdfs:subClassOf	ENVO:06105117
ENVO:06105117	rdfs:subClassOf	ENVO:06105115
ENVO:06105118	rdfs:subClassOf	ENVO:06105117
ENVO:06105119	rdfs:subClassOf	ENVO:03000043
ENVO:06105120	rdfs:subClassOf	ENVO:02500000
ENVO:06105121	rdfs:subClassOf	ENVO:06105120
ENVO:06105124	rdfs:subClassOf	ENVO:03500005
ENVO:06105125	rdfs:subClassOf	ENVO:01000993
ENVO:06105126	rdfs:subClassOf	ENVO:06105119
ENVO:06105201	rdfs:subClassOf	ENVO:01001483
ENVO:06105202	rdfs:subClassOf	ENVO:03000008
ENVO:06105204	rdfs:subClassOf	ENVO:09200002
ENVO:06105205	rdfs:subClassOf	ENVO:00001998
ENVO:06105211	rdfs:subClassOf	ENVO:00002006
ENVO:06105230	rdfs:subClassOf	ENVO:01000982
ENVO:06105231	rdfs:subClassOf	ENVO:06105230
ENVO:06105233	rdfs:subClassOf	ENVO:06105232
ENVO:06105234	rdfs:subClassOf	ENVO:06105232
ENVO:06105237	rdfs:subClassOf	ENVO:06105236
ENVO:06105238	rdfs:subClassOf	ENVO:00002006
ENVO:06105239	rdfs:subClassOf	ENVO:06105236
ENVO:06105241	rdfs:subClassOf	ENVO:01000982
ENVO:06105241	rdfs:subClassOf	ENVO:01003009
ENVO:06105242	rdfs:subClassOf	ENVO:06105240
ENVO:06105265	rdfs:subClassOf	ENVO:2000015
ENVO:06105266	rdfs:subClassOf	ENVO:01000281
ENVO:06105268	rdfs:subClassOf	ENVO:00002006
ENVO:06105269	rdfs:subClassOf	ENVO:00002006
ENVO:06105272	rdfs:subClassOf	ENVO:01000017
ENVO:06105273	rdfs:subClassOf	ENVO:01000017
ENVO:06105274	rdfs:subClassOf	ENVO:00002258
ENVO:06105274	rdfs:subClassOf	ENVO:00003082
ENVO:06105275	rdfs:subClassOf	ENVO:00002258
ENVO:06105275	rdfs:subClassOf	ENVO:00003082
ENVO:06105276	rdfs:subClassOf	ENVO:06105277
ENVO:06105277	rdfs:subClassOf	ENVO:00002258
ENVO:06105277	rdfs:subClassOf	ENVO:00003082
ENVO:06105278	rdfs:subClassOf	ENVO:06105277
ENVO:06105279	rdfs:subClassOf	ENVO:00002982
ENVO:06105280	rdfs:subClassOf	ENVO:00002982
ENVO:06105300	rdfs:subClassOf	ENVO:01000741
ENVO:06105301	rdfs:subClassOf	ENVO:01000741
ENVO:06105302	rdfs:subClassOf	ENVO:09000026
ENVO:06105303	rdfs:subClassOf	ENVO:09000026
ENVO:06105304	rdfs:subClassOf	ENVO:01003001
ENVO:08000001	rdfs:subClassOf	ENVO:2100003
ENVO:08000002	rdfs:subClassOf	ENVO:2100000
ENVO:09000002	rdfs:subClassOf	ENVO:09000001
ENVO:09000003	rdfs:subClassOf	ENVO:09000001
ENVO:09000005	rdfs:subClassOf	ENVO:09000004
ENVO:09000006	rdfs:subClassOf	ENVO:09000004
ENVO:09000007	rdfs:subClassOf	ENVO:09000004
ENVO:09000008	rdfs:subClassOf	ENVO:09000005
ENVO:09000008	rdfs:subClassOf	ENVO:09000007
ENVO:09000009	rdfs:subClassOf	ENVO:09000006
ENVO:09000009	rdfs:subClassOf	ENVO:09000007
ENVO:09000011	rdfs:subClassOf	ENVO:09000010
ENVO:09000012	rdfs:subClassOf	ENVO:09000010
ENVO:09000014	rdfs:subClassOf	ENVO:09000013
ENVO:09000015	rdfs:subClassOf	ENVO:09000013
ENVO:09000016	rdfs:subClassOf	ENVO:09000013
ENVO:09000017	rdfs:subClassOf	ENVO:09000014
ENVO:09000017	rdfs:subClassOf	ENVO:09000016
ENVO:09000018	rdfs:subClassOf	ENVO:09000015
ENVO:09000018	rdfs:subClassOf	ENVO:09000016
ENVO:09000028	rdfs:subClassOf	ENVO:01000704
ENVO:09000029	rdfs:subClassOf	ENVO:09200002
ENVO:09100001	rdfs:subClassOf	ENVO:09000001
ENVO:09100002	rdfs:subClassOf	ENVO:09000002
ENVO:09100002	rdfs:subClassOf	ENVO:09100001
ENVO:09100003	rdfs:subClassOf	ENVO:09000003
ENVO:09100003	rdfs:subClassOf	ENVO:09100001
ENVO:09100004	rdfs:subClassOf	ENVO:09000010
ENVO:09100005	rdfs:subClassOf	ENVO:09000011
ENVO:09100005	rdfs:subClassOf	ENVO:09100004
ENVO:09100006	rdfs:subClassOf	ENVO:09000012
ENVO:09100006	rdfs:subClassOf	ENVO:09100004
ENVO:09200001	rdfs:subClassOf	ENVO:09200000
ENVO:09200004	rdfs:subClassOf	ENVO:09200009
ENVO:09200008	rdfs:subClassOf	ENVO:09200009
ENVO:09200012	rdfs:subClassOf	ENVO:09200000
ENVO:09200014	rdfs:subClassOf	ENVO:09200000
ENVO:09200020	rdfs:subClassOf	ENVO:3100022
ENVO:09200032	rdfs:subClassOf	ENVO:09200002
ENVO:1000745	rdfs:subClassOf	ENVO:01000703
ENVO:1000746	rdfs:subClassOf	ENVO:01000155
ENVO:1000747	rdfs:subClassOf	ENVO:03000010
ENVO:1000748	rdfs:subClassOf	ENVO:02500000
ENVO:1000749	rdfs:subClassOf	ENVO:00000221
ENVO:1000750	rdfs:subClassOf	ENVO:00000098
ENVO:1000751	rdfs:subClassOf	ENVO:1000750
ENVO:2000000	rdfs:subClassOf	ENVO:00003074
ENVO:2000001	rdfs:subClassOf	ENVO:2000000
ENVO:2000002	rdfs:subClassOf	ENVO:00002043
ENVO:2000003	rdfs:subClassOf	ENVO:00002043
ENVO:2000004	rdfs:subClassOf	ENVO:00000012
ENVO:2000005	rdfs:subClassOf	ENVO:2000004
ENVO:2000006	rdfs:subClassOf	ENVO:00005803
ENVO:2000007	rdfs:subClassOf	ENVO:01000560
ENVO:2000008	rdfs:subClassOf	ENVO:02000091
ENVO:2000009	rdfs:subClassOf	ENVO:02000091
ENVO:2000010	rdfs:subClassOf	ENVO:02000091
ENVO:2000011	rdfs:subClassOf	ENVO:02000091
ENVO:2000012	rdfs:subClassOf	ENVO:02500027
ENVO:2000013	rdfs:subClassOf	ENVO:2000012
ENVO:2000014	rdfs:subClassOf	ENVO:2000012
ENVO:2000016	rdfs:subClassOf	ENVO:2000015
ENVO:2000017	rdfs:subClassOf	ENVO:2000015
ENVO:2000018	rdfs:subClassOf	ENVO:2000015
ENVO:2000020	rdfs:subClassOf	ENVO:2000016
ENVO:2000021	rdfs:subClassOf	ENVO:2000016
ENVO:2000022	rdfs:subClassOf	ENVO:2000016
ENVO:2000023	rdfs:subClassOf	ENVO:2000016
ENVO:2000024	rdfs:subClassOf	ENVO:2000016
ENVO:2000025	rdfs:subClassOf	ENVO:2000016
ENVO:2000026	rdfs:subClassOf	ENVO:2000016
ENVO:2000027	rdfs:subClassOf	ENVO:2000016
ENVO:2000028	rdfs:subClassOf	ENVO:01003019
ENVO:2000028	rdfs:subClassOf	ENVO:2000018
ENVO:2000029	rdfs:subClassOf	ENVO:2000028
ENVO:2000030	rdfs:subClassOf	ENVO:2000016
ENVO:2000031	rdfs:subClassOf	ENVO:2000016
ENVO:2000032	rdfs:subClassOf	ENVO:2000017
ENVO:2000033	rdfs:subClassOf	ENVO:2000028
ENVO:2000034	rdfs:subClassOf	ENVO:2000032
ENVO:2000035	rdfs:subClassOf	ENVO:2000030
ENVO:2000037	rdfs:subClassOf	ENVO:00002214
ENVO:2000038	rdfs:subClassOf	ENVO:2000037
ENVO:2000039	rdfs:subClassOf	ENVO:2000037
ENVO:2000040	rdfs:subClassOf	ENVO:2000038
ENVO:2000041	rdfs:subClassOf	ENVO:00002214
ENVO:2000042	rdfs:subClassOf	ENVO:00002214
ENVO:2000043	rdfs:subClassOf	ENVO:00002214
ENVO:2000044	rdfs:subClassOf	ENVO:02000091
ENVO:2000045	rdfs:subClassOf	ENVO:00010483
ENVO:2000046	rdfs:subClassOf	ENVO:02500009
ENVO:2100000	rdfs:subClassOf	ENVO:01000254
ENVO:2100002	rdfs:subClassOf	ENVO:01001033
ENVO:2100003	rdfs:subClassOf	ENVO:2100004
ENVO:2100004	rdfs:subClassOf	ENVO:2100000
ENVO:2100005	rdfs:subClassOf	ENVO:2100003
ENVO:2100006	rdfs:subClassOf	ENVO:2100004
ENVO:21001212	rdfs:subClassOf	ENVO:01001026
ENVO:21001213	rdfs:subClassOf	ENVO:01001026
ENVO:21001214	rdfs:subClassOf	ENVO:01001026
ENVO:21001215	rdfs:subClassOf	ENVO:01001026
ENVO:21001216	rdfs:subClassOf	ENVO:01001026
ENVO:21001217	rdfs:subClassOf	ENVO:21001219
ENVO:21001218	rdfs:subClassOf	ENVO:21001219
ENVO:21001219	rdfs:subClassOf	ENVO:01001026
ENVO:3100001	rdfs:subClassOf	ENVO:3100026
ENVO:3100003	rdfs:subClassOf	ENVO:3100007
ENVO:3100005	rdfs:subClassOf	ENVO:3100036
ENVO:3100006	rdfs:subClassOf	ENVO:3100007
ENVO:3100008	rdfs:subClassOf	ENVO:3100036
ENVO:3100009	rdfs:subClassOf	ENVO:3100036
ENVO:3100010	rdfs:subClassOf	ENVO:3100036
ENVO:3100012	rdfs:subClassOf	ENVO:3100036
ENVO:3100013	rdfs:subClassOf	ENVO:3100036
ENVO:3100015	rdfs:subClassOf	ENVO:3100026
ENVO:3100022	rdfs:subClassOf	ENVO:03000123
ENVO:3100023	rdfs:subClassOf	ENVO:03000123
ENVO:3100037	rdfs:subClassOf	ENVO:3100022
ENVO:3100038	rdfs:subClassOf	ENVO:3100026
ENVO:3100039	rdfs:subClassOf	ENVO:3100034
ENVO:3100040	rdfs:subClassOf	ENVO:3100004
ENVO:3100041	rdfs:subClassOf	ENVO:3100023
ENVO:3100042	rdfs:subClassOf	ENVO:3100043
ENVO:3100043	rdfs:subClassOf	ENVO:09000009
ENVO:3100047	rdfs:subClassOf	ENVO:3100043
ENVO:3100060	rdfs:subClassOf	ENVO:3100011
ENVO:3200066	rdfs:subClassOf	ENVO:3200071
ENVO:3200067	rdfs:subClassOf	ENVO:3200068
ENVO:3200067	rdfs:subClassOf	ENVO:3200071
ENVO:3200070	rdfs:subClassOf	ENVO:09000027
ENVO:3200070	rdfs:subClassOf	ENVO:3200071
ENVO:3200072	rdfs:subClassOf	ENVO:3200068
ENVO:3200075	rdfs:subClassOf	ENVO:09000026
FOODON:00001002	rdfs:subClassOf	FOODON:00002403
FOODON:00001006	rdfs:subClassOf	FOODON:00001092
FOODON:00001006	rdfs:subClassOf	FOODON:00005501
FOODON:00001013	rdfs:subClassOf	FOODON:00001256
FOODON:00001015	rdfs:subClassOf	FOODON:00001002
FOODON:00001015	rdfs:subClassOf	FOODON:00004331
FOODON:00001045	rdfs:subClassOf	FOODON:00001149
FOODON:00001045	rdfs:subClassOf	FOODON:00001257
FOODON:00001045	rdfs:subClassOf	FOODON:00001878
FOODON:00001073	rdfs:subClassOf	FOODON:00001133
FOODON:00001073	rdfs:subClassOf	FOODON:00001258
FOODON:00001087	rdfs:subClassOf	FOODON:03310387
FOODON:00001087	rdfs:subClassOf	FOODON:03460263
FOODON:00001092	rdfs:subClassOf	FOODON:00004242
FOODON:00001092	rdfs:subClassOf	FOODON:00005502
FOODON:00001093	rdfs:subClassOf	FOODON:00001173
FOODON:00001107	rdfs:subClassOf	FOODON:00001256
FOODON:00001118	rdfs:subClassOf	FOODON:00001107
FOODON:00001133	rdfs:subClassOf	FOODON:00001002
FOODON:00001143	rdfs:subClassOf	FOODON:00001002
FOODON:00001143	rdfs:subClassOf	FOODON:00004336
FOODON:00001144	rdfs:subClassOf	FOODON:00002403
FOODON:00001144	rdfs:subClassOf	FOODON:00004336
FOODON:00001149	rdfs:subClassOf	FOODON:00002373
FOODON:00001172	rdfs:subClassOf	FOODON:00001262
FOODON:00001172	rdfs:subClassOf	FOODON:03460177
FOODON:00001173	rdfs:subClassOf	FOODON:03460177
FOODON:00001174	rdfs:subClassOf	FOODON:00001015
FOODON:00001174	rdfs:subClassOf	FOODON:00002664
FOODON:00001176	rdfs:subClassOf	FOODON:00004242
FOODON:00001176	rdfs:subClassOf	FOODON:00005522
FOODON:00001177	rdfs:subClassOf	FOODON:00001176
FOODON:00001181	rdfs:subClassOf	FOODON:00002645
FOODON:00001183	rdfs:subClassOf	FOODON:00002456
FOODON:00001184	rdfs:subClassOf	FOODON:03420116
FOODON:00001256	rdfs:subClassOf	FOODON:00001092
FOODON:00001256	rdfs:subClassOf	FOODON:00005501
FOODON:00001257	rdfs:subClassOf	FOODON:00001256
FOODON:00001258	rdfs:subClassOf	FOODON:00002501
FOODON:00001258	rdfs:subClassOf	FOODON:00002645
FOODON:00001261	rdfs:subClassOf	FOODON:00001015
FOODON:00001262	rdfs:subClassOf	FOODON:00001015
FOODON:00001264	rdfs:subClassOf	FOODON:00001262
FOODON:00001274	rdfs:subClassOf	FOODON:00001092
FOODON:00001568	rdfs:subClassOf	FOODON:00001714
FOODON:00001595	rdfs:subClassOf	FOODON:00002196
FOODON:00001595	rdfs:subClassOf	FOODON:00004242
FOODON:00001626	rdfs:subClassOf	FOODON:00002645
FOODON:00001635	rdfs:subClassOf	FOODON:00001264
FOODON:00001635	rdfs:subClassOf	FOODON:00002153
FOODON:00001714	rdfs:subClassOf	FOODON:00002403
FOODON:00001771	rdfs:subClassOf	FOODON:00001118
FOODON:00001771	rdfs:subClassOf	FOODON:00001257
FOODON:00001800	rdfs:subClassOf	FOODON:00001256
FOODON:00001800	rdfs:subClassOf	FOODON:03303220
FOODON:00001878	rdfs:subClassOf	FOODON:00001800
FOODON:00001878	rdfs:subClassOf	FOODON:00001879
FOODON:00001879	rdfs:subClassOf	FOODON:00001256
FOODON:00001917	rdfs:subClassOf	FOODON:00001093
FOODON:00001917	rdfs:subClassOf	FOODON:00002151
FOODON:00001974	rdfs:subClassOf	FOODON:00001595
FOODON:00002050	rdfs:subClassOf	FOODON:00002434
FOODON:00002125	rdfs:subClassOf	FOODON:00001626
FOODON:00002125	rdfs:subClassOf	FOODON:03316579
FOODON:00002147	rdfs:subClassOf	FOODON:00002403
FOODON:00002151	rdfs:subClassOf	FOODON:00001173
FOODON:00002151	rdfs:subClassOf	FOODON:00002125
FOODON:00002153	rdfs:subClassOf	FOODON:00001173
FOODON:00002153	rdfs:subClassOf	FOODON:00001261
FOODON:00002158	rdfs:subClassOf	FOODON:00002645
FOODON:00002165	rdfs:subClassOf	FOODON:03317170
FOODON:00002196	rdfs:subClassOf	FOODON:03311737
FOODON:00002250	rdfs:subClassOf	FOODON:00001714
FOODON:00002265	rdfs:subClassOf	FOODON:00001173
FOODON:00002266	rdfs:subClassOf	FOODON:00001635
FOODON:00002266	rdfs:subClassOf	FOODON:00002265
FOODON:00002340	rdfs:subClassOf	FOODON:03301977
FOODON:00002347	rdfs:subClassOf	FOODON:00001917
FOODON:00002350	rdfs:subClassOf	FOODON:00002347
FOODON:00002351	rdfs:subClassOf	FOODON:00001183
FOODON:00002351	rdfs:subClassOf	FOODON:00003395
FOODON:00002373	rdfs:subClassOf	FOODON:00002403
FOODON:00002403	rdfs:subClassOf	ENVO:00010483
FOODON:00002434	rdfs:subClassOf	FOODON:00001143
FOODON:00002434	rdfs:subClassOf	FOODON:00001261
FOODON:00002452	rdfs:subClassOf	FOODON:00003004
FOODON:00002452	rdfs:subClassOf	FOODON:00005522
FOODON:00002454	rdfs:subClassOf	FOODON:00002403
FOODON:00002456	rdfs:subClassOf	FOODON:00001181
FOODON:00002501	rdfs:subClassOf	FOODON:00001002
FOODON:00002574	rdfs:subClassOf	FOODON:02000403
FOODON:00002574	rdfs:subClassOf	FOODON:03530146
FOODON:00002581	rdfs:subClassOf	FOODON:00002452
FOODON:00002581	rdfs:subClassOf	FOODON:00005683
FOODON:00002645	rdfs:subClassOf	FOODON:00002403
FOODON:00002664	rdfs:subClassOf	FOODON:03420228
FOODON:00002819	rdfs:subClassOf	FOODON:00002165
FOODON:00002821	rdfs:subClassOf	FOODON:00002165
FOODON:00003004	rdfs:subClassOf	FOODON:03420164
FOODON:00003004	rdfs:subClassOf	UBERON:0000468
FOODON:00003202	rdfs:subClassOf	FOODON:03301977
FOODON:00003202	rdfs:subClassOf	FOODON:03430130
FOODON:00003366	rdfs:subClassOf	FOODON:00002454
FOODON:00003395	rdfs:subClassOf	FOODON:03316579
FOODON:00003816	rdfs:subClassOf	FOODON:03315308
FOODON:00003816	rdfs:subClassOf	PO:0025496
FOODON:00004242	rdfs:subClassOf	FOODON:00001002
FOODON:00004242	rdfs:subClassOf	FOODON:03420164
FOODON:00004325	rdfs:subClassOf	FOODON:03309997
FOODON:00004328	rdfs:subClassOf	FOODON:03420116
FOODON:00004331	rdfs:subClassOf	FOODON:03420116
FOODON:00004332	rdfs:subClassOf	FOODON:00004328
FOODON:00004332	rdfs:subClassOf	FOODON:03420164
FOODON:00004333	rdfs:subClassOf	FOODON:00004328
FOODON:00004333	rdfs:subClassOf	FOODON:00004331
FOODON:00004336	rdfs:subClassOf	FOODON:03420116
FOODON:00004338	rdfs:subClassOf	FOODON:03530146
FOODON:00004478	rdfs:subClassOf	FOODON:00002574
FOODON:00004478	rdfs:subClassOf	FOODON:00004338
FOODON:00004500	rdfs:subClassOf	FOODON:00001045
FOODON:00004530	rdfs:subClassOf	FOODON:00004332
FOODON:00004530	rdfs:subClassOf	FOODON:02020889
FOODON:00005501	rdfs:subClassOf	FOODON:00005502
FOODON:00005502	rdfs:subClassOf	FOODON:03420164
FOODON:00005522	rdfs:subClassOf	FOODON:03420164
FOODON:00005674	rdfs:subClassOf	FOODON:03000165
FOODON:00005679	rdfs:subClassOf	FOODON:00005674
FOODON:00005680	rdfs:subClassOf	FOODON:00005501
FOODON:00005683	rdfs:subClassOf	FOODON:00005522
FOODON:00005702	rdfs:subClassOf	FOODON:00005683
FOODON:00005703	rdfs:subClassOf	FOODON:00005683
FOODON:00005705	rdfs:subClassOf	FOODON:00005702
FOODON:00005711	rdfs:subClassOf	FOODON:00005705
FOODON:02000403	rdfs:subClassOf	FOODON:00004530
FOODON:02000403	rdfs:subClassOf	FOODON:02010107
FOODON:02010001	rdfs:subClassOf	FOODON:03420164
FOODON:02010001	rdfs:subClassOf	UBERON:0000463
FOODON:02010002	rdfs:subClassOf	UBERON:0002050
FOODON:02010012	rdfs:subClassOf	UBERON:0001913
FOODON:02010107	rdfs:subClassOf	FOODON:00004332
FOODON:02020889	rdfs:subClassOf	FOODON:00005680
FOODON:02020890	rdfs:subClassOf	FOODON:02010001
FOODON:02020890	rdfs:subClassOf	FOODON:02020889
FOODON:02020891	rdfs:subClassOf	FOODON:02010012
FOODON:02020891	rdfs:subClassOf	FOODON:02020890
FOODON:02020979	rdfs:subClassOf	FOODON:00004478
FOODON:02021055	rdfs:subClassOf	FOODON:00005501
FOODON:02022153	rdfs:subClassOf	FOODON:00005703
FOODON:02022154	rdfs:subClassOf	FOODON:02022153
FOODON:02022154	rdfs:subClassOf	FOODON:03412115
FOODON:03000008	rdfs:subClassOf	FOODON:00001184
FOODON:03000165	rdfs:subClassOf	FOODON:00005502
FOODON:03000287	rdfs:subClassOf	FOODON:00001013
FOODON:03000288	rdfs:subClassOf	FOODON:00001183
FOODON:03301033	rdfs:subClassOf	FOODON:00001177
FOODON:03301033	rdfs:subClassOf	FOODON:00001974
FOODON:03301054	rdfs:subClassOf	FOODON:00002351
FOODON:03301467	rdfs:subClassOf	FOODON:00001635
FOODON:03301705	rdfs:subClassOf	FOODON:00001073
FOODON:03301926	rdfs:subClassOf	FOODON:03302148
FOODON:03301977	rdfs:subClassOf	FOODON:00002373
FOODON:03302116	rdfs:subClassOf	FOODON:00001771
FOODON:03302116	rdfs:subClassOf	FOODON:03430130
FOODON:03302148	rdfs:subClassOf	FOODON:00002454
FOODON:03302148	rdfs:subClassOf	FOODON:00002645
FOODON:03302481	rdfs:subClassOf	FOODON:03301054
FOODON:03302715	rdfs:subClassOf	FOODON:00002250
FOODON:03303220	rdfs:subClassOf	FOODON:00002373
FOODON:03304996	rdfs:subClassOf	FOODON:00002266
FOODON:03304996	rdfs:subClassOf	FOODON:03301467
FOODON:03306429	rdfs:subClassOf	FOODON:03311126
FOODON:03306429	rdfs:subClassOf	FOODON:03317170
FOODON:03306632	rdfs:subClassOf	FOODON:00001172
FOODON:03307455	rdfs:subClassOf	FOODON:02020891
FOODON:03307455	rdfs:subClassOf	FOODON:03302116
FOODON:03307455	rdfs:subClassOf	FOODON:03311126
FOODON:03309475	rdfs:subClassOf	FOODON:00001568
FOODON:03309475	rdfs:subClassOf	FOODON:03317170
FOODON:03309772	rdfs:subClassOf	FOODON:00002819
FOODON:03309772	rdfs:subClassOf	FOODON:03306429
FOODON:03309772	rdfs:subClassOf	UBERON:0002107
FOODON:03309997	rdfs:subClassOf	FOODON:00002147
FOODON:03310002	rdfs:subClassOf	FOODON:03304996
FOODON:03310387	rdfs:subClassOf	FOODON:00002664
FOODON:03310898	rdfs:subClassOf	FOODON:00002821
FOODON:03310898	rdfs:subClassOf	FOODON:03306429
FOODON:03310898	rdfs:subClassOf	UBERON:0002113
FOODON:03311126	rdfs:subClassOf	FOODON:00002454
FOODON:03311737	rdfs:subClassOf	FOODON:00002645
FOODON:03315150	rdfs:subClassOf	FOODON:00001257
FOODON:03315272	rdfs:subClassOf	FOODON:00002350
FOODON:03315308	rdfs:subClassOf	FOODON:00001261
FOODON:03315552	rdfs:subClassOf	FOODON:03301977
FOODON:03316061	rdfs:subClassOf	FOODON:02010002
FOODON:03316061	rdfs:subClassOf	FOODON:03315102
FOODON:03316428	rdfs:subClassOf	FOODON:00001149
FOODON:03316428	rdfs:subClassOf	FOODON:03303220
FOODON:03316579	rdfs:subClassOf	FOODON:00002501
FOODON:03317170	rdfs:subClassOf	FOODON:00001006
FOODON:03400352	rdfs:subClassOf	FOODON:03400361
FOODON:03400356	rdfs:subClassOf	FOODON:03400361
FOODON:03400361	rdfs:subClassOf	FOODON:00002403
FOODON:03400777	rdfs:subClassOf	FOODON:03400356
FOODON:03400801	rdfs:subClassOf	FOODON:03400777
FOODON:03400803	rdfs:subClassOf	FOODON:03400801
FOODON:03400874	rdfs:subClassOf	FOODON:03400352
FOODON:03401124	rdfs:subClassOf	FOODON:03400874
FOODON:03401156	rdfs:subClassOf	FOODON:03401124
FOODON:03401895	rdfs:subClassOf	FOODON:03400356
FOODON:03411021	rdfs:subClassOf	FOODON:00003004
FOODON:03411087	rdfs:subClassOf	FOODON:03411134
FOODON:03411134	rdfs:subClassOf	FOODON:00005501
FOODON:03411134	rdfs:subClassOf	FOODON:03411297
FOODON:03411179	rdfs:subClassOf	PO:0000003
FOODON:03411199	rdfs:subClassOf	FOODON:03411179
FOODON:03411222	rdfs:subClassOf	FOODON:03411021
FOODON:03411222	rdfs:subClassOf	FOODON:03411297
FOODON:03411224	rdfs:subClassOf	FOODON:00005711
FOODON:03411224	rdfs:subClassOf	FOODON:03412113
FOODON:03411261	rdfs:subClassOf	FOODON:00004336
FOODON:03411297	rdfs:subClassOf	FOODON:00003004
FOODON:03411301	rdfs:subClassOf	FOODON:00001184
FOODON:03411328	rdfs:subClassOf	FOODON:02021055
FOODON:03411328	rdfs:subClassOf	FOODON:03411134
FOODON:03411345	rdfs:subClassOf	FOODON:00001144
FOODON:03411345	rdfs:subClassOf	FOODON:03411261
FOODON:03411365	rdfs:subClassOf	FOODON:00005674
FOODON:03411365	rdfs:subClassOf	FOODON:03411222
FOODON:03411433	rdfs:subClassOf	FOODON:00002581
FOODON:03411433	rdfs:subClassOf	FOODON:03411021
FOODON:03411581	rdfs:subClassOf	FOODON:00005679
FOODON:03411581	rdfs:subClassOf	FOODON:03411365
FOODON:03411743	rdfs:subClassOf	FOODON:03411301
FOODON:03411824	rdfs:subClassOf	FOODON:03411581
FOODON:03412005	rdfs:subClassOf	FOODON:03411581
FOODON:03412107	rdfs:subClassOf	FOODON:03412115
FOODON:03412112	rdfs:subClassOf	FOODON:03411433
FOODON:03412113	rdfs:subClassOf	FOODON:00005705
FOODON:03412113	rdfs:subClassOf	FOODON:03412112
FOODON:03412115	rdfs:subClassOf	FOODON:00005703
FOODON:03412115	rdfs:subClassOf	FOODON:03411433
FOODON:03412266	rdfs:subClassOf	FOODON:03411301
FOODON:03412345	rdfs:subClassOf	FOODON:03420116
FOODON:03412395	rdfs:subClassOf	FOODON:03411301
FOODON:03412502	rdfs:subClassOf	FOODON:03411301
FOODON:03412872	rdfs:subClassOf	FOODON:03411824
FOODON:03414307	rdfs:subClassOf	FOODON:03412005
FOODON:03414308	rdfs:subClassOf	FOODON:03414307
FOODON:03420110	rdfs:subClassOf	FOODON:03420167
FOODON:03420122	rdfs:subClassOf	FOODON:00004332
FOODON:03420144	rdfs:subClassOf	FOODON:03420148
FOODON:03420148	rdfs:subClassOf	FOODON:00004333
FOODON:03420164	rdfs:subClassOf	FOODON:03420116
FOODON:03420167	rdfs:subClassOf	PO:0025496
FOODON:03420168	rdfs:subClassOf	FOODON:03420122
FOODON:03420178	rdfs:subClassOf	PO:0025496
FOODON:03420194	rdfs:subClassOf	FOODON:02010001
FOODON:03420228	rdfs:subClassOf	FOODON:00001714
FOODON:03420295	rdfs:subClassOf	FOODON:03420110
FOODON:03420295	rdfs:subClassOf	PO:0009010
FOODON:03430130	rdfs:subClassOf	FOODON:00002454
FOODON:03460177	rdfs:subClassOf	FOODON:00001015
FOODON:03460263	rdfs:subClassOf	FOODON:00001174
FOODON:03500010	rdfs:subClassOf	FOODON:00003368
FOODON:03500039	rdfs:subClassOf	FOODON:03500051
FOODON:03500045	rdfs:subClassOf	FOODON:03500051
FOODON:03500051	rdfs:subClassOf	FOODON:03500010
FOODON:03520193	rdfs:subClassOf	ENVO:00000428
FOODON:03520492	rdfs:subClassOf	FOODON:03520193
FOODON:03520493	rdfs:subClassOf	FOODON:03520492
FOODON:03520499	rdfs:subClassOf	FOODON:03520193
FOODON:03520502	rdfs:subClassOf	FOODON:03520499
FOODON:03530146	rdfs:subClassOf	FOODON:00004332
FOODON:03544153	rdfs:subClassOf	FOODON:03401895
FOODON:03544444	rdfs:subClassOf	FOODON:03544153
FOODON:03544453	rdfs:subClassOf	FOODON:03544444
FOODON:03544454	rdfs:subClassOf	FOODON:03544453
GO:0005622	rdfs:subClassOf	GO:0110165
GO:0110165	rdfs:subClassOf	GO:0005575
NCIT:C13347	rdfs:subClassOf	NCIT:C204466
NCIT:C13452	rdfs:subClassOf	NCIT:C33904
NCIT:C14258	rdfs:subClassOf	NCIT:C25796
NCIT:C14376	rdfs:subClassOf	NCIT:C14250
NCIT:C15189	rdfs:subClassOf	NCIT:C18020
NCIT:C161324	rdfs:subClassOf	NCIT:C17005
NCIT:C16203	rdfs:subClassOf	NCIT:C43431
NCIT:C16632	rdfs:subClassOf	NCIT:C20181
NCIT:C16863	rdfs:subClassOf	NCIT:C161324
NCIT:C17005	rdfs:subClassOf	NCIT:C43359
NCIT:C17049	rdfs:subClassOf	NCIT:C161324
NCIT:C171504	rdfs:subClassOf	NCIT:C204466
NCIT:C17649	rdfs:subClassOf	NCIT:C27993
NCIT:C18020	rdfs:subClassOf	NCIT:C25218
NCIT:C180316	rdfs:subClassOf	NCIT:C42614
NCIT:C19157	rdfs:subClassOf	NCIT:C48187
NCIT:C19238	rdfs:subClassOf	NCIT:C97325
NCIT:C19789	rdfs:subClassOf	NCIT:C16863
NCIT:C204466	rdfs:subClassOf	NCIT:C70699
NCIT:C25218	rdfs:subClassOf	NCIT:C16203
NCIT:C25447	rdfs:subClassOf	NCIT:C20189
NCIT:C25796	rdfs:subClassOf	NCIT:C14250
NCIT:C26707	rdfs:subClassOf	NCIT:C26905
NCIT:C26905	rdfs:subClassOf	NCIT:C35708
NCIT:C27993	rdfs:subClassOf	NCIT:C41009
NCIT:C28176	rdfs:subClassOf	NCIT:C14376
NCIT:C32221	rdfs:subClassOf	NCIT:C12219
NCIT:C33446	rdfs:subClassOf	NCIT:C74952
NCIT:C3367	rdfs:subClassOf	NCIT:C7057
NCIT:C33904	rdfs:subClassOf	NCIT:C12219
NCIT:C35708	rdfs:subClassOf	NCIT:C70699
NCIT:C3824	rdfs:subClassOf	NCIT:C3367
NCIT:C38617	rdfs:subClassOf	NCIT:C32221
NCIT:C41009	rdfs:subClassOf	NCIT:C20189
NCIT:C41259	rdfs:subClassOf	NCIT:C17049
NCIT:C41259	rdfs:subClassOf	NCIT:C19789
NCIT:C42614	rdfs:subClassOf	NCIT:C20181
NCIT:C43359	rdfs:subClassOf	NCIT:C20181
NCIT:C43877	rdfs:subClassOf	NCIT:C41259
NCIT:C43963	rdfs:subClassOf	NCIT:C43877
NCIT:C45313	rdfs:subClassOf	NCIT:C20181
NCIT:C48187	rdfs:subClassOf	NCIT:C20181
NCIT:C48957	rdfs:subClassOf	NCIT:C16632
NCIT:C49755	rdfs:subClassOf	NCIT:C19238
NCIT:C50344	rdfs:subClassOf	NCIT:C49755
NCIT:C70699	rdfs:subClassOf	NCIT:C19157
NCIT:C74952	rdfs:subClassOf	NCIT:C38617
NCIT:C77914	rdfs:subClassOf	NCIT:C25796
NCIT:C77916	rdfs:subClassOf	NCIT:C77914
NCIT:C85060	rdfs:subClassOf	NCIT:C27993
NCIT:C88206	rdfs:subClassOf	NCIT:C25447
PATO:0000033	rdfs:subClassOf	PATO:0000070
PATO:0000047	rdfs:subClassOf	PATO:0001995
PATO:0000051	rdfs:subClassOf	PATO:0001241
PATO:0000068	rdfs:subClassOf	PATO:0000001
PATO:0000069	rdfs:subClassOf	PATO:0000068
PATO:0000070	rdfs:subClassOf	PATO:0103000
PATO:0000085	rdfs:subClassOf	PATO:0001995
PATO:0000117	rdfs:subClassOf	PATO:0000051
PATO:0000140	rdfs:subClassOf	PATO:0001018
PATO:0000146	rdfs:subClassOf	PATO:0001018
PATO:0000261	rdfs:subClassOf	PATO:0001995
PATO:0000383	rdfs:subClassOf	PATO:0001894
PATO:0000384	rdfs:subClassOf	PATO:0001894
PATO:0000467	rdfs:subClassOf	PATO:0000070
PATO:0000470	rdfs:subClassOf	PATO:0000467
PATO:0000470	rdfs:subClassOf	PATO:0002300
PATO:0000586	rdfs:subClassOf	PATO:0000117
PATO:0000586	rdfs:subClassOf	PATO:0002305
PATO:0000587	rdfs:subClassOf	PATO:0000117
PATO:0000587	rdfs:subClassOf	PATO:0002303
PATO:0001018	rdfs:subClassOf	PATO:0001241
PATO:0001159	rdfs:subClassOf	PATO:0000033
PATO:0001162	rdfs:subClassOf	PATO:0000470
PATO:0001162	rdfs:subClassOf	PATO:0001159
PATO:0001162	rdfs:subClassOf	PATO:0002305
PATO:0001190	rdfs:subClassOf	PATO:0000261
PATO:0001241	rdfs:subClassOf	PATO:0000001
PATO:0001305	rdfs:subClassOf	PATO:0000146
PATO:0001305	rdfs:subClassOf	PATO:0002305
PATO:0001306	rdfs:subClassOf	PATO:0000146
PATO:0001306	rdfs:subClassOf	PATO:0002303
PATO:0001428	rdfs:subClassOf	PATO:0001842
PATO:0001429	rdfs:subClassOf	PATO:0001428
PATO:0001430	rdfs:subClassOf	PATO:0001428
PATO:0001454	rdfs:subClassOf	PATO:0000085
PATO:0001456	rdfs:subClassOf	PATO:0001454
PATO:0001472	rdfs:subClassOf	PATO:0000587
PATO:0001472	rdfs:subClassOf	PATO:0001595
PATO:0001595	rdfs:subClassOf	PATO:0001708
PATO:0001596	rdfs:subClassOf	PATO:0000586
PATO:0001596	rdfs:subClassOf	PATO:0001595
PATO:0001708	rdfs:subClassOf	PATO:0000117
PATO:0001842	rdfs:subClassOf	PATO:0000033
PATO:0001894	rdfs:subClassOf	PATO:0000047
PATO:0001995	rdfs:subClassOf	PATO:0001241
PATO:0002300	rdfs:subClassOf	PATO:0000069
PATO:0002301	rdfs:subClassOf	PATO:0000069
PATO:0002303	rdfs:subClassOf	PATO:0001241
PATO:0002303	rdfs:subClassOf	PATO:0002301
PATO:0002305	rdfs:subClassOf	PATO:0001241
PATO:0002305	rdfs:subClassOf	PATO:0002300
PATO:0002425	rdfs:subClassOf	PATO:0000140
PATO:0103000	rdfs:subClassOf	PATO:0000001
PO:0000001	rdfs:subClassOf	PO:0025099
PO:0000002	rdfs:subClassOf	PO:0025307
PO:0000003	rdfs:subClassOf	FOODON:00004331
PO:0000003	rdfs:subClassOf	PO:0009011
PO:0000004	rdfs:subClassOf	PO:0009011
PO:0000005	rdfs:subClassOf	PO:0000004
PO:0000005	rdfs:subClassOf	PO:0009002
PO:0000006	rdfs:subClassOf	PO:0000005
PO:0000007	rdfs:subClassOf	PO:0000005
PO:0000008	rdfs:subClassOf	PO:0000005
PO:0000009	rdfs:subClassOf	PO:0000004
PO:0000009	rdfs:subClassOf	PO:0005052
PO:0000010	rdfs:subClassOf	PO:0000004
PO:0000010	rdfs:subClassOf	PO:0009009
PO:0000011	rdfs:subClassOf	PO:0000010
PO:0000011	rdfs:subClassOf	PO:0025302
PO:0000012	rdfs:subClassOf	PO:0025001
PO:0000013	rdfs:subClassOf	PO:0009025
PO:0000014	rdfs:subClassOf	PO:0009025
PO:0000015	rdfs:subClassOf	PO:0025128
PO:0000016	rdfs:subClassOf	PO:0005029
PO:0000017	rdfs:subClassOf	PO:0025128
PO:0000018	rdfs:subClassOf	PO:0025477
PO:0000019	rdfs:subClassOf	PO:0025477
PO:0000021	rdfs:subClassOf	PO:0025128
PO:0000021	rdfs:subClassOf	PO:0025477
PO:0000022	rdfs:subClassOf	PO:0025161
PO:0000025	rdfs:subClassOf	PO:0025001
PO:0000026	rdfs:subClassOf	PO:0000025
PO:0000027	rdfs:subClassOf	PO:0000025
PO:0000030	rdfs:subClassOf	PO:0025269
PO:0000031	rdfs:subClassOf	PO:0005046
PO:0000032	rdfs:subClassOf	PO:0009007
PO:0000033	rdfs:subClassOf	PO:0025228
PO:0000034	rdfs:subClassOf	PO:0009015
PO:0000035	rdfs:subClassOf	PO:0000034
PO:0000036	rdfs:subClassOf	PO:0025206
PO:0000037	rdfs:subClassOf	PO:0025029
PO:0000038	rdfs:subClassOf	PO:0025026
PO:0000039	rdfs:subClassOf	PO:0000034
PO:0000040	rdfs:subClassOf	PO:0003023
PO:0000041	rdfs:subClassOf	PO:0004718
PO:0000042	rdfs:subClassOf	PO:0009005
PO:0000043	rdfs:subClassOf	PO:0003005
PO:0000044	rdfs:subClassOf	PO:0003005
PO:0000045	rdfs:subClassOf	PO:0009005
PO:0000046	rdfs:subClassOf	PO:0000045
PO:0000046	rdfs:subClassOf	PO:0003005
PO:0000047	rdfs:subClassOf	PO:0006016
PO:0000048	rdfs:subClassOf	PO:0000034
PO:0000049	rdfs:subClassOf	PO:0000047
PO:0000049	rdfs:subClassOf	PO:0006019
PO:0000050	rdfs:subClassOf	PO:0000047
PO:0000050	rdfs:subClassOf	PO:0006018
PO:0000051	rdfs:subClassOf	PO:0006016
PO:0000052	rdfs:subClassOf	PO:0000034
PO:0000053	rdfs:subClassOf	PO:0005708
PO:0000054	rdfs:subClassOf	PO:0025206
PO:0000055	rdfs:subClassOf	PO:0009006
PO:0000056	rdfs:subClassOf	PO:0025084
PO:0000057	rdfs:subClassOf	PO:0025084
PO:0000058	rdfs:subClassOf	PO:0000055
PO:0000059	rdfs:subClassOf	PO:0004011
PO:0000060	rdfs:subClassOf	PO:0000059
PO:0000061	rdfs:subClassOf	PO:0000059
PO:0000062	rdfs:subClassOf	PO:0000349
PO:0000063	rdfs:subClassOf	PO:0025258
PO:0000064	rdfs:subClassOf	PO:0025261
PO:0000065	rdfs:subClassOf	PO:0025261
PO:0000066	rdfs:subClassOf	PO:0000074
PO:0000067	rdfs:subClassOf	PO:0009005
PO:0000071	rdfs:subClassOf	PO:0000074
PO:0000074	rdfs:subClassOf	PO:0025030
PO:0000075	rdfs:subClassOf	PO:0025030
PO:0000076	rdfs:subClassOf	PO:0000074
PO:0000077	rdfs:subClassOf	PO:0025030
PO:0000078	rdfs:subClassOf	PO:0025030
PO:0000079	rdfs:subClassOf	PO:0000295
PO:0000082	rdfs:subClassOf	PO:0000295
PO:0000084	rdfs:subClassOf	PO:0025006
PO:0000112	rdfs:subClassOf	PO:0006035
PO:0000115	rdfs:subClassOf	PO:0025165
PO:0000146	rdfs:subClassOf	PO:0009007
PO:0000191	rdfs:subClassOf	PO:0025026
PO:0000198	rdfs:subClassOf	PO:0009089
PO:0000199	rdfs:subClassOf	PO:0009089
PO:0000200	rdfs:subClassOf	PO:0009007
PO:0000201	rdfs:subClassOf	PO:0009007
PO:0000207	rdfs:subClassOf	PO:0006035
PO:0000223	rdfs:subClassOf	PO:0005708
PO:0000224	rdfs:subClassOf	PO:0009013
PO:0000225	rdfs:subClassOf	PO:0009013
PO:0000226	rdfs:subClassOf	PO:0009013
PO:0000229	rdfs:subClassOf	PO:0008028
PO:0000230	rdfs:subClassOf	PO:0009013
PO:0000232	rdfs:subClassOf	PO:0006079
PO:0000244	rdfs:subClassOf	PO:0020019
PO:0000245	rdfs:subClassOf	PO:0020019
PO:0000252	rdfs:subClassOf	PO:0025059
PO:0000256	rdfs:subClassOf	PO:0025164
PO:0000258	rdfs:subClassOf	PO:0005708
PO:0000262	rdfs:subClassOf	PO:0025164
PO:0000263	rdfs:subClassOf	PO:0025164
PO:0000272	rdfs:subClassOf	PO:0005849
PO:0000274	rdfs:subClassOf	PO:0025407
PO:0000282	rdfs:subClassOf	PO:0009011
PO:0000283	rdfs:subClassOf	PO:0025606
PO:0000284	rdfs:subClassOf	PO:0025165
PO:0000289	rdfs:subClassOf	PO:0025406
PO:0000290	rdfs:subClassOf	PO:0025606
PO:0000293	rdfs:subClassOf	PO:0025165
PO:0000295	rdfs:subClassOf	PO:0004011
PO:0000301	rdfs:subClassOf	PO:0000290
PO:0000309	rdfs:subClassOf	PO:0009035
PO:0000332	rdfs:subClassOf	PO:0025165
PO:0000349	rdfs:subClassOf	PO:0004011
PO:0000351	rdfs:subClassOf	PO:0025165
PO:0000352	rdfs:subClassOf	PO:0025030
PO:0000353	rdfs:subClassOf	PO:0025030
PO:0000355	rdfs:subClassOf	PO:0000274
PO:0000372	rdfs:subClassOf	PO:0005849
PO:0000400	rdfs:subClassOf	PO:0000295
PO:0000423	rdfs:subClassOf	PO:0025606
PO:0000431	rdfs:subClassOf	PO:0006204
PO:0001002	rdfs:subClassOf	PO:0025571
PO:0001003	rdfs:subClassOf	PO:0001051
PO:0001004	rdfs:subClassOf	PO:0007605
PO:0001005	rdfs:subClassOf	PO:0001004
PO:0001006	rdfs:subClassOf	PO:0001007
PO:0001007	rdfs:subClassOf	PO:0025602
PO:0001008	rdfs:subClassOf	PO:0001007
PO:0001009	rdfs:subClassOf	PO:0001007
PO:0001010	rdfs:subClassOf	PO:0001007
PO:0001011	rdfs:subClassOf	PO:0001007
PO:0001012	rdfs:subClassOf	PO:0001007
PO:0001013	rdfs:subClassOf	PO:0001007
PO:0001014	rdfs:subClassOf	PO:0001007
PO:0001015	rdfs:subClassOf	PO:0001007
PO:0001016	rdfs:subClassOf	PO:0001007
PO:0001017	rdfs:subClassOf	PO:0001007
PO:0001018	rdfs:subClassOf	PO:0001004
PO:0001019	rdfs:subClassOf	PO:0001051
PO:0001020	rdfs:subClassOf	PO:0001052
PO:0001021	rdfs:subClassOf	PO:0001052
PO:0001023	rdfs:subClassOf	PO:0001052
PO:0001024	rdfs:subClassOf	PO:0001052
PO:0001025	rdfs:subClassOf	PO:0001004
PO:0001026	rdfs:subClassOf	PO:0001004
PO:0001029	rdfs:subClassOf	PO:0001007
PO:0001031	rdfs:subClassOf	PO:0007520
PO:0001032	rdfs:subClassOf	PO:0001004
PO:0001034	rdfs:subClassOf	PO:0001004
PO:0001035	rdfs:subClassOf	PO:0001004
PO:0001036	rdfs:subClassOf	PO:0001004
PO:0001040	rdfs:subClassOf	PO:0001170
PO:0001041	rdfs:subClassOf	PO:0007633
PO:0001042	rdfs:subClassOf	PO:0007633
PO:0001044	rdfs:subClassOf	PO:0007603
PO:0001045	rdfs:subClassOf	PO:0007603
PO:0001047	rdfs:subClassOf	PO:0025579
PO:0001048	rdfs:subClassOf	PO:0025579
PO:0001049	rdfs:subClassOf	PO:0025579
PO:0001050	rdfs:subClassOf	PO:0025579
PO:0001051	rdfs:subClassOf	PO:0025570
PO:0001052	rdfs:subClassOf	PO:0025570
PO:0001053	rdfs:subClassOf	PO:0025570
PO:0001054	rdfs:subClassOf	PO:0025570
PO:0001055	rdfs:subClassOf	PO:0001047
PO:0001056	rdfs:subClassOf	PO:0001047
PO:0001057	rdfs:subClassOf	PO:0001047
PO:0001058	rdfs:subClassOf	PO:0001048
PO:0001059	rdfs:subClassOf	PO:0001007
PO:0001070	rdfs:subClassOf	PO:0001048
PO:0001071	rdfs:subClassOf	PO:0001048
PO:0001072	rdfs:subClassOf	PO:0001049
PO:0001074	rdfs:subClassOf	PO:0001017
PO:0001077	rdfs:subClassOf	PO:0001049
PO:0001078	rdfs:subClassOf	PO:0007631
PO:0001079	rdfs:subClassOf	PO:0001049
PO:0001081	rdfs:subClassOf	PO:0007631
PO:0001083	rdfs:subClassOf	PO:0025530
PO:0001094	rdfs:subClassOf	PO:0007631
PO:0001095	rdfs:subClassOf	PO:0007631
PO:0001096	rdfs:subClassOf	PO:0007633
PO:0001097	rdfs:subClassOf	PO:0028002
PO:0001099	rdfs:subClassOf	PO:0001042
PO:0001170	rdfs:subClassOf	PO:0025571
PO:0001180	rdfs:subClassOf	PO:0007631
PO:0001185	rdfs:subClassOf	PO:0007631
PO:0001378	rdfs:subClassOf	PO:0001044
PO:0001380	rdfs:subClassOf	PO:0001044
PO:0002000	rdfs:subClassOf	PO:0006035
PO:0002002	rdfs:subClassOf	PO:0025028
PO:0002003	rdfs:subClassOf	PO:0000290
PO:0002004	rdfs:subClassOf	PO:0025498
PO:0003000	rdfs:subClassOf	PO:0025001
PO:0003005	rdfs:subClassOf	PO:0000042
PO:0003011	rdfs:subClassOf	PO:0000034
PO:0003015	rdfs:subClassOf	PO:0020135
PO:0003016	rdfs:subClassOf	PO:0020135
PO:0003017	rdfs:subClassOf	PO:0020123
PO:0003018	rdfs:subClassOf	PO:0020123
PO:0003019	rdfs:subClassOf	PO:0020130
PO:0003020	rdfs:subClassOf	PO:0020131
PO:0003021	rdfs:subClassOf	PO:0020130
PO:0003022	rdfs:subClassOf	PO:0020131
PO:0003023	rdfs:subClassOf	PO:0025001
PO:0003024	rdfs:subClassOf	PO:0025073
PO:0004001	rdfs:subClassOf	PO:0025212
PO:0004003	rdfs:subClassOf	PO:0025059
PO:0004006	rdfs:subClassOf	PO:0000076
PO:0004009	rdfs:subClassOf	PO:0004718
PO:0004010	rdfs:subClassOf	PO:0025606
PO:0004011	rdfs:subClassOf	PO:0004010
PO:0004013	rdfs:subClassOf	PO:0025606
PO:0004500	rdfs:subClassOf	PO:0001052
PO:0004501	rdfs:subClassOf	PO:0007606
PO:0004502	rdfs:subClassOf	PO:0007606
PO:0004503	rdfs:subClassOf	PO:0007606
PO:0004504	rdfs:subClassOf	PO:0007619
PO:0004505	rdfs:subClassOf	PO:0001170
PO:0004506	rdfs:subClassOf	PO:0001170
PO:0004507	rdfs:subClassOf	PO:0007631
PO:0004509	rdfs:subClassOf	PO:0000282
PO:0004511	rdfs:subClassOf	PO:0000282
PO:0004512	rdfs:subClassOf	PO:0005848
PO:0004513	rdfs:subClassOf	PO:0005848
PO:0004514	rdfs:subClassOf	PO:0005848
PO:0004515	rdfs:subClassOf	PO:0005848
PO:0004516	rdfs:subClassOf	PO:0005848
PO:0004517	rdfs:subClassOf	PO:0005848
PO:0004518	rdfs:subClassOf	PO:0009007
PO:0004518	rdfs:subClassOf	UBERON:0001062
PO:0004519	rdfs:subClassOf	PO:0025407
PO:0004520	rdfs:subClassOf	PO:0000274
PO:0004521	rdfs:subClassOf	PO:0025407
PO:0004522	rdfs:subClassOf	PO:0005598
PO:0004523	rdfs:subClassOf	PO:0005598
PO:0004524	rdfs:subClassOf	PO:0005043
PO:0004525	rdfs:subClassOf	PO:0000074
PO:0004526	rdfs:subClassOf	PO:0004525
PO:0004527	rdfs:subClassOf	PO:0004525
PO:0004528	rdfs:subClassOf	PO:0004527
PO:0004529	rdfs:subClassOf	PO:0004527
PO:0004530	rdfs:subClassOf	PO:0004528
PO:0004531	rdfs:subClassOf	PO:0004528
PO:0004532	rdfs:subClassOf	PO:0005421
PO:0004533	rdfs:subClassOf	PO:0004532
PO:0004534	rdfs:subClassOf	PO:0004532
PO:0004535	rdfs:subClassOf	PO:0020001
PO:0004536	rdfs:subClassOf	PO:0030114
PO:0004537	rdfs:subClassOf	PO:0025302
PO:0004538	rdfs:subClassOf	PO:0003023
PO:0004539	rdfs:subClassOf	PO:0003023
PO:0004540	rdfs:subClassOf	PO:0025230
PO:0004542	rdfs:subClassOf	PO:0025029
PO:0004543	rdfs:subClassOf	PO:0025029
PO:0004543	rdfs:subClassOf	PO:0025522
PO:0004543	rdfs:subClassOf	UBERON:0001062
PO:0004544	rdfs:subClassOf	PO:0009006
PO:0004545	rdfs:subClassOf	PO:0009006
PO:0004546	rdfs:subClassOf	PO:0004545
PO:0004547	rdfs:subClassOf	PO:0004543
PO:0004548	rdfs:subClassOf	PO:0004543
PO:0004700	rdfs:subClassOf	PO:0025059
PO:0004701	rdfs:subClassOf	PO:0006343
PO:0004702	rdfs:subClassOf	PO:0006343
PO:0004703	rdfs:subClassOf	PO:0025128
PO:0004703	rdfs:subClassOf	PO:0025477
PO:0004704	rdfs:subClassOf	PO:0025128
PO:0004704	rdfs:subClassOf	PO:0025477
PO:0004705	rdfs:subClassOf	PO:0025128
PO:0004705	rdfs:subClassOf	PO:0025477
PO:0004707	rdfs:subClassOf	PO:0025092
PO:0004708	rdfs:subClassOf	PO:0020141
PO:0004708	rdfs:subClassOf	PO:0025099
PO:0004709	rdfs:subClassOf	PO:0000055
PO:0004710	rdfs:subClassOf	PO:0000056
PO:0004710	rdfs:subClassOf	PO:0025072
PO:0004711	rdfs:subClassOf	PO:0000057
PO:0004711	rdfs:subClassOf	PO:0025072
PO:0004712	rdfs:subClassOf	PO:0000058
PO:0004712	rdfs:subClassOf	PO:0004709
PO:0004713	rdfs:subClassOf	PO:0000055
PO:0004714	rdfs:subClassOf	PO:0000056
PO:0004714	rdfs:subClassOf	PO:0025071
PO:0004715	rdfs:subClassOf	PO:0000057
PO:0004715	rdfs:subClassOf	PO:0025071
PO:0004716	rdfs:subClassOf	PO:0000058
PO:0004716	rdfs:subClassOf	PO:0004713
PO:0004717	rdfs:subClassOf	PO:0025212
PO:0004718	rdfs:subClassOf	PO:0025212
PO:0004719	rdfs:subClassOf	PO:0025132
PO:0004721	rdfs:subClassOf	PO:0005708
PO:0004722	rdfs:subClassOf	PO:0005708
PO:0004723	rdfs:subClassOf	PO:0025206
PO:0004724	rdfs:subClassOf	PO:0025001
PO:0004725	rdfs:subClassOf	PO:0025128
PO:0004726	rdfs:subClassOf	PO:0025128
PO:0005001	rdfs:subClassOf	PO:0006343
PO:0005002	rdfs:subClassOf	PO:0006343
PO:0005003	rdfs:subClassOf	PO:0000282
PO:0005004	rdfs:subClassOf	PO:0025001
PO:0005005	rdfs:subClassOf	PO:0025001
PO:0005006	rdfs:subClassOf	PO:0005656
PO:0005010	rdfs:subClassOf	PO:0000030
PO:0005011	rdfs:subClassOf	PO:0025092
PO:0005012	rdfs:subClassOf	PO:0000039
PO:0005013	rdfs:subClassOf	PO:0025178
PO:0005014	rdfs:subClassOf	PO:0005708
PO:0005014	rdfs:subClassOf	PO:0025233
PO:0005015	rdfs:subClassOf	PO:0000252
PO:0005015	rdfs:subClassOf	PO:0025233
PO:0005017	rdfs:subClassOf	PO:0025205
PO:0005018	rdfs:subClassOf	PO:0025206
PO:0005019	rdfs:subClassOf	PO:0025206
PO:0005020	rdfs:subClassOf	PO:0009015
PO:0005021	rdfs:subClassOf	PO:0025018
PO:0005022	rdfs:subClassOf	PO:0009007
PO:0005023	rdfs:subClassOf	PO:0006063
PO:0005024	rdfs:subClassOf	PO:0006063
PO:0005025	rdfs:subClassOf	PO:0005426
PO:0005026	rdfs:subClassOf	PO:0025030
PO:0005027	rdfs:subClassOf	PO:0025030
PO:0005028	rdfs:subClassOf	PO:0025205
PO:0005029	rdfs:subClassOf	PO:0025127
PO:0005029	rdfs:subClassOf	UBERON:0001062
PO:0005030	rdfs:subClassOf	PO:0004509
PO:0005031	rdfs:subClassOf	PO:0025083
PO:0005032	rdfs:subClassOf	PO:0025083
PO:0005039	rdfs:subClassOf	PO:0006344
PO:0005040	rdfs:subClassOf	PO:0006109
PO:0005041	rdfs:subClassOf	PO:0006109
PO:0005043	rdfs:subClassOf	PO:0005417
PO:0005043	rdfs:subClassOf	PO:0025409
PO:0005046	rdfs:subClassOf	PO:0025059
PO:0005047	rdfs:subClassOf	PO:0005046
PO:0005048	rdfs:subClassOf	PO:0005046
PO:0005050	rdfs:subClassOf	PO:0025059
PO:0005051	rdfs:subClassOf	PO:0025059
PO:0005052	rdfs:subClassOf	PO:0009007
PO:0005057	rdfs:subClassOf	PO:0005051
PO:0005058	rdfs:subClassOf	PO:0000252
PO:0005059	rdfs:subClassOf	PO:0000252
PO:0005060	rdfs:subClassOf	PO:0000252
PO:0005352	rdfs:subClassOf	PO:0009015
PO:0005360	rdfs:subClassOf	PO:0009007
PO:0005415	rdfs:subClassOf	PO:0025067
PO:0005417	rdfs:subClassOf	PO:0009015
PO:0005421	rdfs:subClassOf	PO:0025059
PO:0005423	rdfs:subClassOf	PO:0025059
PO:0005426	rdfs:subClassOf	PO:0005421
PO:0005427	rdfs:subClassOf	PO:0025059
PO:0005597	rdfs:subClassOf	PO:0020145
PO:0005598	rdfs:subClassOf	PO:0005597
PO:0005599	rdfs:subClassOf	PO:0005597
PO:0005645	rdfs:subClassOf	PO:0006070
PO:0005647	rdfs:subClassOf	PO:0006070
PO:0005648	rdfs:subClassOf	PO:0006070
PO:0005656	rdfs:subClassOf	PO:0009007
PO:0005660	rdfs:subClassOf	PO:0025001
PO:0005661	rdfs:subClassOf	PO:0005656
PO:0005665	rdfs:subClassOf	PO:0025132
PO:0005669	rdfs:subClassOf	PO:0005656
PO:0005679	rdfs:subClassOf	PO:0009007
PO:0005679	rdfs:subClassOf	UBERON:0001062
PO:0005702	rdfs:subClassOf	PO:0005421
PO:0005708	rdfs:subClassOf	PO:0025059
PO:0005772	rdfs:subClassOf	PO:0005051
PO:0005848	rdfs:subClassOf	PO:0005352
PO:0005848	rdfs:subClassOf	PO:0025409
PO:0005849	rdfs:subClassOf	PO:0005352
PO:0006000	rdfs:subClassOf	PO:0025023
PO:0006001	rdfs:subClassOf	PO:0009008
PO:0006001	rdfs:subClassOf	UBERON:0001062
PO:0006002	rdfs:subClassOf	PO:0009039
PO:0006003	rdfs:subClassOf	PO:0006001
PO:0006004	rdfs:subClassOf	PO:0009039
PO:0006005	rdfs:subClassOf	PO:0025430
PO:0006006	rdfs:subClassOf	PO:0025059
PO:0006007	rdfs:subClassOf	PO:0025059
PO:0006008	rdfs:subClassOf	PO:0006007
PO:0006009	rdfs:subClassOf	PO:0006007
PO:0006010	rdfs:subClassOf	PO:0025606
PO:0006011	rdfs:subClassOf	PO:0020140
PO:0006012	rdfs:subClassOf	PO:0009013
PO:0006013	rdfs:subClassOf	PO:0009007
PO:0006014	rdfs:subClassOf	PO:0030056
PO:0006015	rdfs:subClassOf	PO:0030056
PO:0006016	rdfs:subClassOf	PO:0025157
PO:0006017	rdfs:subClassOf	PO:0009089
PO:0006018	rdfs:subClassOf	PO:0006016
PO:0006019	rdfs:subClassOf	PO:0006016
PO:0006020	rdfs:subClassOf	PO:0020147
PO:0006021	rdfs:subClassOf	PO:0020147
PO:0006022	rdfs:subClassOf	PO:0025059
PO:0006023	rdfs:subClassOf	PO:0025059
PO:0006024	rdfs:subClassOf	PO:0006023
PO:0006025	rdfs:subClassOf	PO:0006023
PO:0006032	rdfs:subClassOf	PO:0025349
PO:0006033	rdfs:subClassOf	PO:0025001
PO:0006034	rdfs:subClassOf	PO:0025001
PO:0006035	rdfs:subClassOf	PO:0005679
PO:0006036	rdfs:subClassOf	PO:0005679
PO:0006039	rdfs:subClassOf	PO:0006036
PO:0006040	rdfs:subClassOf	PO:0025157
PO:0006041	rdfs:subClassOf	PO:0025157
PO:0006042	rdfs:subClassOf	PO:0006036
PO:0006043	rdfs:subClassOf	PO:0005679
PO:0006044	rdfs:subClassOf	PO:0006043
PO:0006045	rdfs:subClassOf	PO:0006043
PO:0006048	rdfs:subClassOf	PO:0005679
PO:0006049	rdfs:subClassOf	PO:0006035
PO:0006049	rdfs:subClassOf	PO:0025233
PO:0006050	rdfs:subClassOf	PO:0006048
PO:0006051	rdfs:subClassOf	PO:0006048
PO:0006052	rdfs:subClassOf	PO:0006041
PO:0006053	rdfs:subClassOf	PO:0006041
PO:0006054	rdfs:subClassOf	PO:0006040
PO:0006055	rdfs:subClassOf	PO:0006040
PO:0006056	rdfs:subClassOf	PO:0006016
PO:0006057	rdfs:subClassOf	PO:0006056
PO:0006058	rdfs:subClassOf	PO:0006056
PO:0006060	rdfs:subClassOf	PO:0025097
PO:0006061	rdfs:subClassOf	PO:0025096
PO:0006062	rdfs:subClassOf	PO:0025096
PO:0006063	rdfs:subClassOf	PO:0025096
PO:0006065	rdfs:subClassOf	PO:0000252
PO:0006066	rdfs:subClassOf	PO:0005421
PO:0006068	rdfs:subClassOf	PO:0005421
PO:0006069	rdfs:subClassOf	PO:0005421
PO:0006070	rdfs:subClassOf	PO:0005426
PO:0006071	rdfs:subClassOf	PO:0006069
PO:0006071	rdfs:subClassOf	PO:0006070
PO:0006072	rdfs:subClassOf	PO:0006068
PO:0006072	rdfs:subClassOf	PO:0006070
PO:0006073	rdfs:subClassOf	PO:0006079
PO:0006075	rdfs:subClassOf	PO:0005417
PO:0006076	rdfs:subClassOf	PO:0006075
PO:0006077	rdfs:subClassOf	PO:0006075
PO:0006079	rdfs:subClassOf	PO:0009013
PO:0006081	rdfs:subClassOf	PO:0020147
PO:0006082	rdfs:subClassOf	PO:0006210
PO:0006083	rdfs:subClassOf	PO:0006210
PO:0006084	rdfs:subClassOf	PO:0009007
PO:0006085	rdfs:subClassOf	PO:0009013
PO:0006088	rdfs:subClassOf	PO:0025606
PO:0006089	rdfs:subClassOf	PO:0025477
PO:0006090	rdfs:subClassOf	PO:0000009
PO:0006091	rdfs:subClassOf	PO:0000009
PO:0006109	rdfs:subClassOf	PO:0005421
PO:0006200	rdfs:subClassOf	PO:0005598
PO:0006201	rdfs:subClassOf	PO:0005598
PO:0006202	rdfs:subClassOf	PO:0025059
PO:0006203	rdfs:subClassOf	PO:0025059
PO:0006204	rdfs:subClassOf	PO:0025606
PO:0006205	rdfs:subClassOf	PO:0004006
PO:0006206	rdfs:subClassOf	PO:0004006
PO:0006207	rdfs:subClassOf	PO:0000353
PO:0006208	rdfs:subClassOf	PO:0000353
PO:0006210	rdfs:subClassOf	PO:0009013
PO:0006211	rdfs:subClassOf	PO:0009007
PO:0006212	rdfs:subClassOf	PO:0009007
PO:0006213	rdfs:subClassOf	PO:0005702
PO:0006214	rdfs:subClassOf	PO:0005702
PO:0006215	rdfs:subClassOf	PO:0005702
PO:0006216	rdfs:subClassOf	PO:0006075
PO:0006218	rdfs:subClassOf	PO:0006048
PO:0006219	rdfs:subClassOf	PO:0006048
PO:0006220	rdfs:subClassOf	PO:0009007
PO:0006221	rdfs:subClassOf	PO:0025031
PO:0006222	rdfs:subClassOf	PO:0025031
PO:0006307	rdfs:subClassOf	PO:0025275
PO:0006308	rdfs:subClassOf	PO:0020145
PO:0006309	rdfs:subClassOf	PO:0009051
PO:0006310	rdfs:subClassOf	PO:0009082
PO:0006310	rdfs:subClassOf	PO:0025600
PO:0006311	rdfs:subClassOf	PO:0006309
PO:0006312	rdfs:subClassOf	PO:0006309
PO:0006313	rdfs:subClassOf	PO:0006310
PO:0006314	rdfs:subClassOf	PO:0006310
PO:0006315	rdfs:subClassOf	PO:0006310
PO:0006316	rdfs:subClassOf	PO:0006310
PO:0006319	rdfs:subClassOf	PO:0009081
PO:0006320	rdfs:subClassOf	PO:0009051
PO:0006321	rdfs:subClassOf	PO:0009081
PO:0006322	rdfs:subClassOf	PO:0009081
PO:0006323	rdfs:subClassOf	PO:0009081
PO:0006324	rdfs:subClassOf	PO:0025104
PO:0006325	rdfs:subClassOf	PO:0005004
PO:0006326	rdfs:subClassOf	PO:0005005
PO:0006327	rdfs:subClassOf	PO:0009108
PO:0006328	rdfs:subClassOf	PO:0006327
PO:0006330	rdfs:subClassOf	PO:0025029
PO:0006330	rdfs:subClassOf	PO:0025395
PO:0006331	rdfs:subClassOf	PO:0025498
PO:0006332	rdfs:subClassOf	PO:0025498
PO:0006333	rdfs:subClassOf	PO:0009007
PO:0006334	rdfs:subClassOf	PO:0025117
PO:0006336	rdfs:subClassOf	PO:0009007
PO:0006338	rdfs:subClassOf	PO:0009025
PO:0006338	rdfs:subClassOf	PO:0025099
PO:0006339	rdfs:subClassOf	PO:0009025
PO:0006340	rdfs:subClassOf	PO:0009025
PO:0006341	rdfs:subClassOf	PO:0009006
PO:0006342	rdfs:subClassOf	PO:0025082
PO:0006342	rdfs:subClassOf	PO:0025131
PO:0006343	rdfs:subClassOf	PO:0004545
PO:0006344	rdfs:subClassOf	PO:0020145
PO:0006346	rdfs:subClassOf	PO:0006073
PO:0006347	rdfs:subClassOf	PO:0006073
PO:0006348	rdfs:subClassOf	PO:0006320
PO:0006349	rdfs:subClassOf	PO:0006320
PO:0006350	rdfs:subClassOf	PO:0006354
PO:0006351	rdfs:subClassOf	PO:0006354
PO:0006352	rdfs:subClassOf	PO:0006354
PO:0006353	rdfs:subClassOf	PO:0006354
PO:0006354	rdfs:subClassOf	PO:0009082
PO:0006354	rdfs:subClassOf	PO:0025599
PO:0006358	rdfs:subClassOf	PO:0006328
PO:0006358	rdfs:subClassOf	PO:0009107
PO:0006360	rdfs:subClassOf	PO:0006328
PO:0006360	rdfs:subClassOf	PO:0009110
PO:0006362	rdfs:subClassOf	PO:0008016
PO:0006362	rdfs:subClassOf	PO:0025233
PO:0006367	rdfs:subClassOf	PO:0009039
PO:0006368	rdfs:subClassOf	PO:0009039
PO:0006369	rdfs:subClassOf	PO:0006002
PO:0006369	rdfs:subClassOf	PO:0006367
PO:0006370	rdfs:subClassOf	PO:0006004
PO:0006370	rdfs:subClassOf	PO:0006368
PO:0006371	rdfs:subClassOf	PO:0006004
PO:0006371	rdfs:subClassOf	PO:0006367
PO:0006372	rdfs:subClassOf	PO:0006002
PO:0006372	rdfs:subClassOf	PO:0006368
PO:0006375	rdfs:subClassOf	PO:0009108
PO:0006375	rdfs:subClassOf	PO:0009109
PO:0006376	rdfs:subClassOf	PO:0009106
PO:0006376	rdfs:subClassOf	PO:0009108
PO:0006377	rdfs:subClassOf	PO:0006327
PO:0006377	rdfs:subClassOf	PO:0009106
PO:0006378	rdfs:subClassOf	PO:0006327
PO:0006378	rdfs:subClassOf	PO:0009109
PO:0006379	rdfs:subClassOf	PO:0006323
PO:0006379	rdfs:subClassOf	PO:0009080
PO:0006380	rdfs:subClassOf	PO:0009080
PO:0006385	rdfs:subClassOf	PO:0006372
PO:0006386	rdfs:subClassOf	PO:0006372
PO:0006387	rdfs:subClassOf	PO:0006370
PO:0006388	rdfs:subClassOf	PO:0006370
PO:0006389	rdfs:subClassOf	PO:0006379
PO:0006390	rdfs:subClassOf	PO:0006379
PO:0006415	rdfs:subClassOf	PO:0006319
PO:0006416	rdfs:subClassOf	PO:0006319
PO:0006417	rdfs:subClassOf	PO:0009053
PO:0006418	rdfs:subClassOf	PO:0009053
PO:0006435	rdfs:subClassOf	PO:0006380
PO:0006436	rdfs:subClassOf	PO:0006380
PO:0006437	rdfs:subClassOf	PO:0006369
PO:0006438	rdfs:subClassOf	PO:0006369
PO:0006439	rdfs:subClassOf	PO:0006371
PO:0006440	rdfs:subClassOf	PO:0006371
PO:0006488	rdfs:subClassOf	PO:0025269
PO:0006501	rdfs:subClassOf	PO:0000146
PO:0006502	rdfs:subClassOf	PO:0000146
PO:0006503	rdfs:subClassOf	PO:0000146
PO:0006504	rdfs:subClassOf	PO:0025186
PO:0006505	rdfs:subClassOf	PO:0025104
PO:0007001	rdfs:subClassOf	PO:0007010
PO:0007002	rdfs:subClassOf	PO:0007041
PO:0007003	rdfs:subClassOf	PO:0007047
PO:0007005	rdfs:subClassOf	PO:0007047
PO:0007006	rdfs:subClassOf	PO:0007047
PO:0007007	rdfs:subClassOf	PO:0007042
PO:0007008	rdfs:subClassOf	PO:0007041
PO:0007009	rdfs:subClassOf	PO:0007042
PO:0007010	rdfs:subClassOf	PO:0025500
PO:0007013	rdfs:subClassOf	PO:0007014
PO:0007014	rdfs:subClassOf	PO:0007006
PO:0007015	rdfs:subClassOf	PO:0007520
PO:0007016	rdfs:subClassOf	PO:0007130
PO:0007017	rdfs:subClassOf	PO:0028002
PO:0007018	rdfs:subClassOf	PO:0007014
PO:0007019	rdfs:subClassOf	PO:0007014
PO:0007022	rdfs:subClassOf	PO:0007057
PO:0007023	rdfs:subClassOf	PO:0007041
PO:0007024	rdfs:subClassOf	PO:0007016
PO:0007025	rdfs:subClassOf	PO:0007041
PO:0007026	rdfs:subClassOf	PO:0007016
PO:0007027	rdfs:subClassOf	PO:0007042
PO:0007028	rdfs:subClassOf	PO:0007014
PO:0007029	rdfs:subClassOf	PO:0007042
PO:0007030	rdfs:subClassOf	PO:0007131
PO:0007031	rdfs:subClassOf	PO:0007010
PO:0007032	rdfs:subClassOf	PO:0007042
PO:0007033	rdfs:subClassOf	PO:0009012
PO:0007034	rdfs:subClassOf	PO:0007016
PO:0007036	rdfs:subClassOf	PO:0007010
PO:0007037	rdfs:subClassOf	PO:0001083
PO:0007038	rdfs:subClassOf	PO:0007010
PO:0007039	rdfs:subClassOf	PO:0025368
PO:0007041	rdfs:subClassOf	PO:0007047
PO:0007042	rdfs:subClassOf	PO:0025500
PO:0007043	rdfs:subClassOf	PO:0007131
PO:0007044	rdfs:subClassOf	PO:0007014
PO:0007045	rdfs:subClassOf	PO:0007134
PO:0007046	rdfs:subClassOf	PO:0007047
PO:0007047	rdfs:subClassOf	PO:0007130
PO:0007048	rdfs:subClassOf	PO:0007041
PO:0007049	rdfs:subClassOf	PO:0007131
PO:0007050	rdfs:subClassOf	PO:0007010
PO:0007051	rdfs:subClassOf	PO:0007014
PO:0007052	rdfs:subClassOf	PO:0007016
PO:0007053	rdfs:subClassOf	PO:0007016
PO:0007054	rdfs:subClassOf	PO:0007131
PO:0007056	rdfs:subClassOf	PO:0007039
PO:0007057	rdfs:subClassOf	PO:0007134
PO:0007058	rdfs:subClassOf	PO:0007039
PO:0007059	rdfs:subClassOf	PO:0007039
PO:0007062	rdfs:subClassOf	PO:0007089
PO:0007063	rdfs:subClassOf	PO:0007133
PO:0007064	rdfs:subClassOf	PO:0007133
PO:0007065	rdfs:subClassOf	PO:0007133
PO:0007066	rdfs:subClassOf	PO:0007089
PO:0007067	rdfs:subClassOf	PO:0007133
PO:0007068	rdfs:subClassOf	PO:0007113
PO:0007070	rdfs:subClassOf	PO:0007089
PO:0007071	rdfs:subClassOf	PO:0007073
PO:0007072	rdfs:subClassOf	PO:0007133
PO:0007073	rdfs:subClassOf	PO:0007134
PO:0007074	rdfs:subClassOf	PO:0007089
PO:0007076	rdfs:subClassOf	PO:0007113
PO:0007077	rdfs:subClassOf	PO:0007073
PO:0007078	rdfs:subClassOf	PO:0007113
PO:0007079	rdfs:subClassOf	PO:0007089
PO:0007080	rdfs:subClassOf	PO:0007073
PO:0007081	rdfs:subClassOf	PO:0007113
PO:0007082	rdfs:subClassOf	PO:0007133
PO:0007083	rdfs:subClassOf	PO:0007133
PO:0007084	rdfs:subClassOf	PO:0007089
PO:0007085	rdfs:subClassOf	PO:0007133
PO:0007086	rdfs:subClassOf	PO:0007089
PO:0007087	rdfs:subClassOf	PO:0007073
PO:0007088	rdfs:subClassOf	PO:0007073
PO:0007089	rdfs:subClassOf	PO:0007112
PO:0007090	rdfs:subClassOf	PO:0007089
PO:0007091	rdfs:subClassOf	PO:0007089
PO:0007092	rdfs:subClassOf	PO:0007089
PO:0007093	rdfs:subClassOf	PO:0007073
PO:0007094	rdfs:subClassOf	PO:0007133
PO:0007095	rdfs:subClassOf	PO:0007133
PO:0007096	rdfs:subClassOf	PO:0007089
PO:0007097	rdfs:subClassOf	PO:0007089
PO:0007098	rdfs:subClassOf	PO:0007133
PO:0007099	rdfs:subClassOf	PO:0007089
PO:0007100	rdfs:subClassOf	PO:0007089
PO:0007101	rdfs:subClassOf	PO:0007133
PO:0007103	rdfs:subClassOf	PO:0007133
PO:0007104	rdfs:subClassOf	PO:0007133
PO:0007106	rdfs:subClassOf	PO:0007133
PO:0007108	rdfs:subClassOf	PO:0007089
PO:0007109	rdfs:subClassOf	PO:0007089
PO:0007110	rdfs:subClassOf	PO:0007073
PO:0007111	rdfs:subClassOf	PO:0007089
PO:0007112	rdfs:subClassOf	PO:0007134
PO:0007113	rdfs:subClassOf	PO:0007112
PO:0007114	rdfs:subClassOf	PO:0007089
PO:0007115	rdfs:subClassOf	PO:0007133
PO:0007116	rdfs:subClassOf	PO:0007133
PO:0007117	rdfs:subClassOf	PO:0007089
PO:0007118	rdfs:subClassOf	PO:0007073
PO:0007119	rdfs:subClassOf	PO:0007133
PO:0007120	rdfs:subClassOf	PO:0007133
PO:0007122	rdfs:subClassOf	PO:0007073
PO:0007123	rdfs:subClassOf	PO:0007133
PO:0007130	rdfs:subClassOf	PO:0028002
PO:0007131	rdfs:subClassOf	PO:0007134
PO:0007132	rdfs:subClassOf	PO:0028002
PO:0007133	rdfs:subClassOf	PO:0007112
PO:0007134	rdfs:subClassOf	PO:0028002
PO:0007135	rdfs:subClassOf	PO:0007039
PO:0007501	rdfs:subClassOf	PO:0007525
PO:0007504	rdfs:subClassOf	PO:0007505
PO:0007505	rdfs:subClassOf	PO:0007520
PO:0007506	rdfs:subClassOf	PO:0007505
PO:0007509	rdfs:subClassOf	PO:0007525
PO:0007510	rdfs:subClassOf	PO:0001031
PO:0007511	rdfs:subClassOf	PO:0007505
PO:0007513	rdfs:subClassOf	PO:0007525
PO:0007516	rdfs:subClassOf	PO:0007525
PO:0007517	rdfs:subClassOf	PO:0007510
PO:0007518	rdfs:subClassOf	PO:0007510
PO:0007519	rdfs:subClassOf	PO:0007520
PO:0007520	rdfs:subClassOf	PO:0025339
PO:0007525	rdfs:subClassOf	PO:0007520
PO:0007527	rdfs:subClassOf	PO:0007520
PO:0007600	rdfs:subClassOf	PO:0025585
PO:0007601	rdfs:subClassOf	PO:0025585
PO:0007602	rdfs:subClassOf	PO:0025585
PO:0007603	rdfs:subClassOf	PO:0025578
PO:0007604	rdfs:subClassOf	PO:0025578
PO:0007605	rdfs:subClassOf	PO:0025578
PO:0007606	rdfs:subClassOf	PO:0025578
PO:0007607	rdfs:subClassOf	PO:0007603
PO:0007608	rdfs:subClassOf	PO:0007604
PO:0007611	rdfs:subClassOf	PO:0007604
PO:0007612	rdfs:subClassOf	PO:0007604
PO:0007613	rdfs:subClassOf	PO:0007605
PO:0007615	rdfs:subClassOf	PO:0025530
PO:0007616	rdfs:subClassOf	PO:0007615
PO:0007618	rdfs:subClassOf	PO:0007606
PO:0007619	rdfs:subClassOf	PO:0007606
PO:0007620	rdfs:subClassOf	PO:0007619
PO:0007621	rdfs:subClassOf	PO:0028003
PO:0007622	rdfs:subClassOf	PO:0004504
PO:0007623	rdfs:subClassOf	PO:0007621
PO:0007624	rdfs:subClassOf	PO:0007621
PO:0007625	rdfs:subClassOf	PO:0007621
PO:0007626	rdfs:subClassOf	PO:0007621
PO:0007627	rdfs:subClassOf	PO:0007621
PO:0007628	rdfs:subClassOf	PO:0007621
PO:0007629	rdfs:subClassOf	PO:0007621
PO:0007631	rdfs:subClassOf	PO:0007134
PO:0007632	rdfs:subClassOf	PO:0001170
PO:0007633	rdfs:subClassOf	PO:0001170
PO:0008001	rdfs:subClassOf	PO:0025498
PO:0008002	rdfs:subClassOf	PO:0025498
PO:0008003	rdfs:subClassOf	PO:0000034
PO:0008005	rdfs:subClassOf	PO:0020020
PO:0008006	rdfs:subClassOf	PO:0025312
PO:0008007	rdfs:subClassOf	PO:0009007
PO:0008008	rdfs:subClassOf	PO:0005360
PO:0008009	rdfs:subClassOf	PO:0009007
PO:0008010	rdfs:subClassOf	PO:0009007
PO:0008011	rdfs:subClassOf	PO:0000034
PO:0008011	rdfs:subClassOf	PO:0025233
PO:0008012	rdfs:subClassOf	PO:0000034
PO:0008013	rdfs:subClassOf	PO:0025206
PO:0008014	rdfs:subClassOf	PO:0000034
PO:0008015	rdfs:subClassOf	PO:0000034
PO:0008015	rdfs:subClassOf	PO:0025233
PO:0008016	rdfs:subClassOf	PO:0020148
PO:0008017	rdfs:subClassOf	PO:0009000
PO:0008018	rdfs:subClassOf	PO:0009025
PO:0008019	rdfs:subClassOf	PO:0025001
PO:0008020	rdfs:subClassOf	PO:0025001
PO:0008021	rdfs:subClassOf	PO:0020138
PO:0008022	rdfs:subClassOf	PO:0020138
PO:0008023	rdfs:subClassOf	PO:0020138
PO:0008024	rdfs:subClassOf	PO:0025001
PO:0008025	rdfs:subClassOf	PO:0025001
PO:0008026	rdfs:subClassOf	PO:0025001
PO:0008027	rdfs:subClassOf	PO:0000051
PO:0008028	rdfs:subClassOf	PO:0020148
PO:0008029	rdfs:subClassOf	PO:0000051
PO:0008030	rdfs:subClassOf	PO:0025606
PO:0008032	rdfs:subClassOf	PO:0025117
PO:0008035	rdfs:subClassOf	PO:0009013
PO:0008036	rdfs:subClassOf	PO:0009013
PO:0008037	rdfs:subClassOf	PO:0000003
PO:0008039	rdfs:subClassOf	PO:0025001
PO:0008040	rdfs:subClassOf	PO:0025128
PO:0008040	rdfs:subClassOf	PO:0025477
PO:0008041	rdfs:subClassOf	PO:0025100
PO:0008042	rdfs:subClassOf	PO:0025102
PO:0008047	rdfs:subClassOf	PO:0000034
PO:0008047	rdfs:subClassOf	PO:0025233
PO:0008048	rdfs:subClassOf	PO:0025233
PO:0009000	rdfs:subClassOf	PO:0025001
PO:0009001	rdfs:subClassOf	PO:0025496
PO:0009001	rdfs:subClassOf	UBERON:0001062
PO:0009002	rdfs:subClassOf	PO:0009011
PO:0009005	rdfs:subClassOf	PO:0025004
PO:0009005	rdfs:subClassOf	UBERON:0001062
PO:0009006	rdfs:subClassOf	PO:0025007
PO:0009007	rdfs:subClassOf	PO:0009011
PO:0009008	rdfs:subClassOf	PO:0025496
PO:0009009	rdfs:subClassOf	PO:0000003
PO:0009010	rdfs:subClassOf	PO:0025496
PO:0009010	rdfs:subClassOf	UBERON:0001062
PO:0009011	rdfs:subClassOf	PO:0025131
PO:0009013	rdfs:subClassOf	PO:0009007
PO:0009015	rdfs:subClassOf	PO:0009007
PO:0009017	rdfs:subClassOf	PO:0009000
PO:0009018	rdfs:subClassOf	PO:0000078
PO:0009020	rdfs:subClassOf	PO:0009013
PO:0009021	rdfs:subClassOf	PO:0009013
PO:0009022	rdfs:subClassOf	PO:0009013
PO:0009023	rdfs:subClassOf	PO:0025224
PO:0009025	rdfs:subClassOf	PO:0025034
PO:0009026	rdfs:subClassOf	PO:0006001
PO:0009027	rdfs:subClassOf	PO:0009026
PO:0009028	rdfs:subClassOf	PO:0009026
PO:0009029	rdfs:subClassOf	PO:0009028
PO:0009029	rdfs:subClassOf	PO:0025395
PO:0009030	rdfs:subClassOf	PO:0009027
PO:0009030	rdfs:subClassOf	PO:0025395
PO:0009031	rdfs:subClassOf	PO:0006001
PO:0009031	rdfs:subClassOf	PO:0025395
PO:0009032	rdfs:subClassOf	PO:0006001
PO:0009032	rdfs:subClassOf	PO:0025395
PO:0009033	rdfs:subClassOf	PO:0006001
PO:0009033	rdfs:subClassOf	PO:0025395
PO:0009034	rdfs:subClassOf	PO:0009055
PO:0009034	rdfs:subClassOf	PO:0025395
PO:0009035	rdfs:subClassOf	PO:0005656
PO:0009036	rdfs:subClassOf	PO:0006001
PO:0009036	rdfs:subClassOf	PO:0025395
PO:0009037	rdfs:subClassOf	PO:0009034
PO:0009038	rdfs:subClassOf	PO:0009034
PO:0009039	rdfs:subClassOf	PO:0009054
PO:0009040	rdfs:subClassOf	PO:0009037
PO:0009041	rdfs:subClassOf	PO:0009037
PO:0009042	rdfs:subClassOf	PO:0006001
PO:0009043	rdfs:subClassOf	PO:0009042
PO:0009044	rdfs:subClassOf	PO:0009042
PO:0009045	rdfs:subClassOf	PO:0009054
PO:0009046	rdfs:subClassOf	PO:0025082
PO:0009046	rdfs:subClassOf	UBERON:0001062
PO:0009047	rdfs:subClassOf	PO:0025029
PO:0009049	rdfs:subClassOf	PO:0025082
PO:0009049	rdfs:subClassOf	PO:0025131
PO:0009051	rdfs:subClassOf	PO:0025082
PO:0009052	rdfs:subClassOf	PO:0030113
PO:0009053	rdfs:subClassOf	PO:0025029
PO:0009054	rdfs:subClassOf	PO:0009055
PO:0009055	rdfs:subClassOf	PO:0006001
PO:0009056	rdfs:subClassOf	PO:0009035
PO:0009057	rdfs:subClassOf	PO:0009035
PO:0009058	rdfs:subClassOf	PO:0025023
PO:0009059	rdfs:subClassOf	PO:0025023
PO:0009060	rdfs:subClassOf	PO:0025023
PO:0009061	rdfs:subClassOf	PO:0025023
PO:0009061	rdfs:subClassOf	UBERON:0001062
PO:0009062	rdfs:subClassOf	PO:0025023
PO:0009062	rdfs:subClassOf	UBERON:0001062
PO:0009063	rdfs:subClassOf	PO:0025023
PO:0009064	rdfs:subClassOf	PO:0025001
PO:0009065	rdfs:subClassOf	PO:0025001
PO:0009066	rdfs:subClassOf	PO:0025007
PO:0009066	rdfs:subClassOf	UBERON:0001062
PO:0009067	rdfs:subClassOf	PO:0025066
PO:0009068	rdfs:subClassOf	PO:0025001
PO:0009069	rdfs:subClassOf	PO:0025007
PO:0009071	rdfs:subClassOf	PO:0025314
PO:0009072	rdfs:subClassOf	PO:0009011
PO:0009073	rdfs:subClassOf	PO:0025001
PO:0009074	rdfs:subClassOf	PO:0025001
PO:0009077	rdfs:subClassOf	PO:0009028
PO:0009077	rdfs:subClassOf	PO:0025395
PO:0009078	rdfs:subClassOf	PO:0009062
PO:0009080	rdfs:subClassOf	PO:0009081
PO:0009081	rdfs:subClassOf	PO:0020122
PO:0009082	rdfs:subClassOf	PO:0009046
PO:0009084	rdfs:subClassOf	PO:0009007
PO:0009085	rdfs:subClassOf	PO:0009007
PO:0009086	rdfs:subClassOf	PO:0009007
PO:0009087	rdfs:subClassOf	PO:0009007
PO:0009088	rdfs:subClassOf	PO:0009007
PO:0009089	rdfs:subClassOf	PO:0009007
PO:0009090	rdfs:subClassOf	FOODON:03420178
PO:0009090	rdfs:subClassOf	PO:0019022
PO:0009090	rdfs:subClassOf	UBERON:0001062
PO:0009100	rdfs:subClassOf	PO:0025023
PO:0009101	rdfs:subClassOf	PO:0006323
PO:0009102	rdfs:subClassOf	PO:0006323
PO:0009103	rdfs:subClassOf	PO:0009107
PO:0009104	rdfs:subClassOf	PO:0009107
PO:0009105	rdfs:subClassOf	PO:0000230
PO:0009106	rdfs:subClassOf	PO:0000230
PO:0009107	rdfs:subClassOf	PO:0009105
PO:0009107	rdfs:subClassOf	PO:0009106
PO:0009108	rdfs:subClassOf	PO:0000230
PO:0009108	rdfs:subClassOf	PO:0008028
PO:0009109	rdfs:subClassOf	PO:0000230
PO:0009110	rdfs:subClassOf	PO:0009105
PO:0009110	rdfs:subClassOf	PO:0009109
PO:0009111	rdfs:subClassOf	PO:0009000
PO:0019018	rdfs:subClassOf	PO:0025004
PO:0019018	rdfs:subClassOf	PO:0025099
PO:0019022	rdfs:subClassOf	PO:0025498
PO:0019023	rdfs:subClassOf	PO:0019022
PO:0019024	rdfs:subClassOf	PO:0009007
PO:0019026	rdfs:subClassOf	PO:0005352
PO:0020001	rdfs:subClassOf	PO:0025078
PO:0020002	rdfs:subClassOf	PO:0025309
PO:0020003	rdfs:subClassOf	PO:0009008
PO:0020003	rdfs:subClassOf	UBERON:0001062
PO:0020004	rdfs:subClassOf	PO:0025097
PO:0020004	rdfs:subClassOf	PO:0025311
PO:0020005	rdfs:subClassOf	PO:0005421
PO:0020006	rdfs:subClassOf	PO:0025066
PO:0020019	rdfs:subClassOf	PO:0025017
PO:0020020	rdfs:subClassOf	PO:0025201
PO:0020021	rdfs:subClassOf	PO:0009007
PO:0020022	rdfs:subClassOf	PO:0020021
PO:0020023	rdfs:subClassOf	PO:0020021
PO:0020024	rdfs:subClassOf	PO:0009007
PO:0020025	rdfs:subClassOf	PO:0025117
PO:0020026	rdfs:subClassOf	PO:0009007
PO:0020027	rdfs:subClassOf	PO:0025001
PO:0020028	rdfs:subClassOf	PO:0025001
PO:0020029	rdfs:subClassOf	PO:0009007
PO:0020030	rdfs:subClassOf	PO:0009025
PO:0020031	rdfs:subClassOf	PO:0000045
PO:0020032	rdfs:subClassOf	PO:0000037
PO:0020032	rdfs:subClassOf	PO:0025099
PO:0020033	rdfs:subClassOf	PO:0009008
PO:0020034	rdfs:subClassOf	PO:0009008
PO:0020035	rdfs:subClassOf	PO:0020142
PO:0020036	rdfs:subClassOf	PO:0009007
PO:0020037	rdfs:subClassOf	PO:0020142
PO:0020038	rdfs:subClassOf	PO:0025066
PO:0020039	rdfs:subClassOf	PO:0025396
PO:0020040	rdfs:subClassOf	PO:0025140
PO:0020041	rdfs:subClassOf	PO:0025001
PO:0020042	rdfs:subClassOf	PO:0009025
PO:0020043	rdfs:subClassOf	PO:0009025
PO:0020044	rdfs:subClassOf	PO:0025001
PO:0020045	rdfs:subClassOf	PO:0020043
PO:0020046	rdfs:subClassOf	PO:0020043
PO:0020047	rdfs:subClassOf	PO:0006204
PO:0020048	rdfs:subClassOf	PO:0025017
PO:0020049	rdfs:subClassOf	PO:0025001
PO:0020050	rdfs:subClassOf	PO:0025066
PO:0020051	rdfs:subClassOf	PO:0025001
PO:0020054	rdfs:subClassOf	PO:0006003
PO:0020055	rdfs:subClassOf	PO:0025066
PO:0020056	rdfs:subClassOf	PO:0009007
PO:0020057	rdfs:subClassOf	PO:0009007
PO:0020058	rdfs:subClassOf	PO:0009007
PO:0020060	rdfs:subClassOf	PO:0019022
PO:0020061	rdfs:subClassOf	PO:0006048
PO:0020062	rdfs:subClassOf	PO:0025001
PO:0020063	rdfs:subClassOf	PO:0025498
PO:0020075	rdfs:subClassOf	PO:0025498
PO:0020090	rdfs:subClassOf	PO:0025026
PO:0020093	rdfs:subClassOf	PO:0025026
PO:0020094	rdfs:subClassOf	PO:0025006
PO:0020096	rdfs:subClassOf	PO:0025001
PO:0020097	rdfs:subClassOf	PO:0025525
PO:0020099	rdfs:subClassOf	PO:0025606
PO:0020100	rdfs:subClassOf	PO:0020142
PO:0020101	rdfs:subClassOf	PO:0025117
PO:0020102	rdfs:subClassOf	PO:0025059
PO:0020103	rdfs:subClassOf	PO:0006340
PO:0020104	rdfs:subClassOf	PO:0025001
PO:0020105	rdfs:subClassOf	PO:0025001
PO:0020106	rdfs:subClassOf	PO:0025001
PO:0020108	rdfs:subClassOf	PO:0025099
PO:0020109	rdfs:subClassOf	PO:0025028
PO:0020110	rdfs:subClassOf	PO:0025099
PO:0020121	rdfs:subClassOf	PO:0009005
PO:0020122	rdfs:subClassOf	PO:0025029
PO:0020123	rdfs:subClassOf	PO:0025095
PO:0020124	rdfs:subClassOf	PO:0025197
PO:0020126	rdfs:subClassOf	PO:0025601
PO:0020127	rdfs:subClassOf	PO:0009005
PO:0020128	rdfs:subClassOf	PO:0025018
PO:0020130	rdfs:subClassOf	PO:0025095
PO:0020131	rdfs:subClassOf	PO:0025095
PO:0020132	rdfs:subClassOf	PO:0025030
PO:0020133	rdfs:subClassOf	PO:0000059
PO:0020135	rdfs:subClassOf	PO:0025119
PO:0020136	rdfs:subClassOf	PO:0025598
PO:0020137	rdfs:subClassOf	PO:0025139
PO:0020138	rdfs:subClassOf	PO:0025348
PO:0020139	rdfs:subClassOf	PO:0025413
PO:0020140	rdfs:subClassOf	PO:0020138
PO:0020141	rdfs:subClassOf	PO:0005004
PO:0020142	rdfs:subClassOf	PO:0005005
PO:0020144	rdfs:subClassOf	PO:0009013
PO:0020145	rdfs:subClassOf	PO:0009013
PO:0020147	rdfs:subClassOf	PO:0006085
PO:0020147	rdfs:subClassOf	PO:0020144
PO:0020148	rdfs:subClassOf	PO:0006079
PO:0020148	rdfs:subClassOf	PO:0020144
PO:0020149	rdfs:subClassOf	PO:0009013
PO:0021004	rdfs:subClassOf	PO:0001083
PO:0025001	rdfs:subClassOf	PO:0025498
PO:0025002	rdfs:subClassOf	PO:0025593
PO:0025003	rdfs:subClassOf	PO:0006343
PO:0025004	rdfs:subClassOf	PO:0009008
PO:0025005	rdfs:subClassOf	PO:0025001
PO:0025006	rdfs:subClassOf	PO:0025606
PO:0025007	rdfs:subClassOf	PO:0025497
PO:0025008	rdfs:subClassOf	PO:0025018
PO:0025009	rdfs:subClassOf	PO:0020128
PO:0025010	rdfs:subClassOf	PO:0025001
PO:0025011	rdfs:subClassOf	PO:0025018
PO:0025012	rdfs:subClassOf	PO:0020128
PO:0025013	rdfs:subClassOf	PO:0025018
PO:0025014	rdfs:subClassOf	PO:0025018
PO:0025015	rdfs:subClassOf	PO:0025018
PO:0025016	rdfs:subClassOf	PO:0025018
PO:0025017	rdfs:subClassOf	PO:0000003
PO:0025018	rdfs:subClassOf	PO:0025005
PO:0025019	rdfs:subClassOf	PO:0025016
PO:0025020	rdfs:subClassOf	PO:0025016
PO:0025021	rdfs:subClassOf	PO:0009058
PO:0025022	rdfs:subClassOf	PO:0025023
PO:0025023	rdfs:subClassOf	PO:0025007
PO:0025024	rdfs:subClassOf	PO:0005004
PO:0025025	rdfs:subClassOf	PO:0025007
PO:0025026	rdfs:subClassOf	PO:0025606
PO:0025028	rdfs:subClassOf	PO:0025099
PO:0025028	rdfs:subClassOf	PO:0025606
PO:0025029	rdfs:subClassOf	PO:0025004
PO:0025030	rdfs:subClassOf	PO:0025606
PO:0025031	rdfs:subClassOf	PO:0025030
PO:0025032	rdfs:subClassOf	PO:0025606
PO:0025033	rdfs:subClassOf	PO:0025606
PO:0025034	rdfs:subClassOf	FOODON:03420144
PO:0025034	rdfs:subClassOf	PO:0006001
PO:0025035	rdfs:subClassOf	PO:0005421
PO:0025036	rdfs:subClassOf	PO:0025035
PO:0025037	rdfs:subClassOf	PO:0025035
PO:0025038	rdfs:subClassOf	PO:0025036
PO:0025039	rdfs:subClassOf	PO:0025036
PO:0025040	rdfs:subClassOf	PO:0004712
PO:0025041	rdfs:subClassOf	PO:0025040
PO:0025042	rdfs:subClassOf	PO:0025040
PO:0025043	rdfs:subClassOf	PO:0005048
PO:0025044	rdfs:subClassOf	PO:0025043
PO:0025045	rdfs:subClassOf	PO:0025043
PO:0025046	rdfs:subClassOf	PO:0000112
PO:0025047	rdfs:subClassOf	PO:0025046
PO:0025048	rdfs:subClassOf	PO:0025046
PO:0025049	rdfs:subClassOf	PO:0025050
PO:0025050	rdfs:subClassOf	PO:0006202
PO:0025051	rdfs:subClassOf	PO:0025050
PO:0025052	rdfs:subClassOf	PO:0006109
PO:0025053	rdfs:subClassOf	PO:0025052
PO:0025054	rdfs:subClassOf	PO:0025052
PO:0025055	rdfs:subClassOf	PO:0005708
PO:0025056	rdfs:subClassOf	PO:0025055
PO:0025057	rdfs:subClassOf	PO:0025055
PO:0025058	rdfs:subClassOf	PO:0005421
PO:0025059	rdfs:subClassOf	PO:0009007
PO:0025060	rdfs:subClassOf	PO:0025498
PO:0025061	rdfs:subClassOf	PO:0025064
PO:0025062	rdfs:subClassOf	PO:0025061
PO:0025063	rdfs:subClassOf	PO:0025061
PO:0025064	rdfs:subClassOf	PO:0025058
PO:0025065	rdfs:subClassOf	PO:0025058
PO:0025066	rdfs:subClassOf	PO:0025001
PO:0025067	rdfs:subClassOf	PO:0025035
PO:0025068	rdfs:subClassOf	PO:0000232
PO:0025069	rdfs:subClassOf	PO:0025068
PO:0025070	rdfs:subClassOf	PO:0025068
PO:0025071	rdfs:subClassOf	PO:0004713
PO:0025071	rdfs:subClassOf	PO:0025084
PO:0025072	rdfs:subClassOf	PO:0004709
PO:0025072	rdfs:subClassOf	PO:0025084
PO:0025073	rdfs:subClassOf	PO:0025029
PO:0025074	rdfs:subClassOf	PO:0025279
PO:0025075	rdfs:subClassOf	PO:0025034
PO:0025076	rdfs:subClassOf	PO:0025072
PO:0025076	rdfs:subClassOf	PO:0025085
PO:0025077	rdfs:subClassOf	PO:0025071
PO:0025077	rdfs:subClassOf	PO:0025085
PO:0025078	rdfs:subClassOf	PO:0009007
PO:0025079	rdfs:subClassOf	PO:0025003
PO:0025080	rdfs:subClassOf	PO:0005005
PO:0025081	rdfs:subClassOf	PO:0025003
PO:0025082	rdfs:subClassOf	PO:0009006
PO:0025083	rdfs:subClassOf	PO:0025082
PO:0025084	rdfs:subClassOf	PO:0000055
PO:0025084	rdfs:subClassOf	PO:0025082
PO:0025085	rdfs:subClassOf	PO:0025084
PO:0025088	rdfs:subClassOf	PO:0009062
PO:0025092	rdfs:subClassOf	PO:0009007
PO:0025093	rdfs:subClassOf	PO:0025092
PO:0025094	rdfs:subClassOf	PO:0009008
PO:0025095	rdfs:subClassOf	PO:0005421
PO:0025096	rdfs:subClassOf	PO:0025157
PO:0025097	rdfs:subClassOf	PO:0025157
PO:0025098	rdfs:subClassOf	PO:0025186
PO:0025099	rdfs:subClassOf	PO:0009011
PO:0025100	rdfs:subClassOf	PO:0025180
PO:0025101	rdfs:subClassOf	PO:0025100
PO:0025102	rdfs:subClassOf	PO:0025119
PO:0025103	rdfs:subClassOf	PO:0025102
PO:0025104	rdfs:subClassOf	PO:0020122
PO:0025105	rdfs:subClassOf	PO:0009081
PO:0025106	rdfs:subClassOf	PO:0009081
PO:0025107	rdfs:subClassOf	PO:0009081
PO:0025108	rdfs:subClassOf	PO:0009081
PO:0025109	rdfs:subClassOf	PO:0009081
PO:0025110	rdfs:subClassOf	PO:0009081
PO:0025111	rdfs:subClassOf	PO:0009081
PO:0025112	rdfs:subClassOf	PO:0025243
PO:0025113	rdfs:subClassOf	PO:0025243
PO:0025114	rdfs:subClassOf	PO:0025243
PO:0025115	rdfs:subClassOf	PO:0025243
PO:0025116	rdfs:subClassOf	PO:0025243
PO:0025117	rdfs:subClassOf	PO:0025131
PO:0025118	rdfs:subClassOf	PO:0025117
PO:0025119	rdfs:subClassOf	PO:0025001
PO:0025120	rdfs:subClassOf	PO:0000084
PO:0025121	rdfs:subClassOf	PO:0000084
PO:0025122	rdfs:subClassOf	PO:0020094
PO:0025123	rdfs:subClassOf	PO:0020094
PO:0025123	rdfs:subClassOf	PO:0025026
PO:0025124	rdfs:subClassOf	PO:0009008
PO:0025125	rdfs:subClassOf	PO:0025124
PO:0025126	rdfs:subClassOf	PO:0025124
PO:0025127	rdfs:subClassOf	PO:0009013
PO:0025128	rdfs:subClassOf	PO:0025127
PO:0025128	rdfs:subClassOf	UBERON:0001062
PO:0025129	rdfs:subClassOf	PO:0025396
PO:0025130	rdfs:subClassOf	PO:0009025
PO:0025132	rdfs:subClassOf	PO:0025117
PO:0025133	rdfs:subClassOf	PO:0025132
PO:0025134	rdfs:subClassOf	PO:0009006
PO:0025135	rdfs:subClassOf	PO:0000049
PO:0025136	rdfs:subClassOf	PO:0009033
PO:0025137	rdfs:subClassOf	PO:0009033
PO:0025138	rdfs:subClassOf	PO:0025021
PO:0025139	rdfs:subClassOf	PO:0025001
PO:0025140	rdfs:subClassOf	PO:0025001
PO:0025141	rdfs:subClassOf	PO:0025001
PO:0025142	rdfs:subClassOf	PO:0025141
PO:0025143	rdfs:subClassOf	PO:0025139
PO:0025144	rdfs:subClassOf	PO:0025139
PO:0025145	rdfs:subClassOf	PO:0025139
PO:0025146	rdfs:subClassOf	PO:0025140
PO:0025147	rdfs:subClassOf	PO:0025140
PO:0025148	rdfs:subClassOf	PO:0025140
PO:0025149	rdfs:subClassOf	PO:0025141
PO:0025150	rdfs:subClassOf	PO:0025141
PO:0025151	rdfs:subClassOf	PO:0025141
PO:0025152	rdfs:subClassOf	PO:0025179
PO:0025153	rdfs:subClassOf	PO:0005003
PO:0025154	rdfs:subClassOf	PO:0025139
PO:0025155	rdfs:subClassOf	PO:0025140
PO:0025156	rdfs:subClassOf	PO:0025141
PO:0025157	rdfs:subClassOf	PO:0006035
PO:0025158	rdfs:subClassOf	PO:0025157
PO:0025159	rdfs:subClassOf	PO:0025158
PO:0025160	rdfs:subClassOf	PO:0025158
PO:0025161	rdfs:subClassOf	PO:0025131
PO:0025162	rdfs:subClassOf	PO:0000282
PO:0025162	rdfs:subClassOf	PO:0009007
PO:0025163	rdfs:subClassOf	PO:0008030
PO:0025164	rdfs:subClassOf	PO:0004013
PO:0025165	rdfs:subClassOf	PO:0004013
PO:0025166	rdfs:subClassOf	PO:0000332
PO:0025167	rdfs:subClassOf	PO:0025166
PO:0025168	rdfs:subClassOf	PO:0025166
PO:0025169	rdfs:subClassOf	PO:0005679
PO:0025170	rdfs:subClassOf	PO:0006036
PO:0025170	rdfs:subClassOf	PO:0025169
PO:0025171	rdfs:subClassOf	PO:0000112
PO:0025171	rdfs:subClassOf	PO:0025169
PO:0025172	rdfs:subClassOf	PO:0025073
PO:0025173	rdfs:subClassOf	PO:0009025
PO:0025174	rdfs:subClassOf	PO:0020041
PO:0025175	rdfs:subClassOf	PO:0006016
PO:0025175	rdfs:subClassOf	PO:0025169
PO:0025176	rdfs:subClassOf	PO:0005003
PO:0025177	rdfs:subClassOf	PO:0005003
PO:0025178	rdfs:subClassOf	PO:0000112
PO:0025179	rdfs:subClassOf	PO:0000112
PO:0025180	rdfs:subClassOf	PO:0025001
PO:0025181	rdfs:subClassOf	PO:0025180
PO:0025182	rdfs:subClassOf	PO:0025186
PO:0025183	rdfs:subClassOf	PO:0006016
PO:0025183	rdfs:subClassOf	PO:0025215
PO:0025184	rdfs:subClassOf	PO:0025157
PO:0025185	rdfs:subClassOf	PO:0000047
PO:0025185	rdfs:subClassOf	PO:0025183
PO:0025186	rdfs:subClassOf	PO:0000282
PO:0025187	rdfs:subClassOf	PO:0025186
PO:0025188	rdfs:subClassOf	PO:0025186
PO:0025189	rdfs:subClassOf	PO:0000051
PO:0025189	rdfs:subClassOf	PO:0025183
PO:0025190	rdfs:subClassOf	PO:0025183
PO:0025191	rdfs:subClassOf	PO:0025183
PO:0025192	rdfs:subClassOf	PO:0025184
PO:0025193	rdfs:subClassOf	PO:0025184
PO:0025194	rdfs:subClassOf	PO:0006085
PO:0025195	rdfs:subClassOf	PO:0025606
PO:0025196	rdfs:subClassOf	PO:0009007
PO:0025197	rdfs:subClassOf	PO:0025001
PO:0025198	rdfs:subClassOf	PO:0025197
PO:0025199	rdfs:subClassOf	PO:0025198
PO:0025200	rdfs:subClassOf	PO:0025198
PO:0025201	rdfs:subClassOf	PO:0025094
PO:0025202	rdfs:subClassOf	PO:0025094
PO:0025203	rdfs:subClassOf	PO:0005020
PO:0025204	rdfs:subClassOf	PO:0005005
PO:0025205	rdfs:subClassOf	PO:0000034
PO:0025206	rdfs:subClassOf	PO:0000034
PO:0025207	rdfs:subClassOf	PO:0025206
PO:0025208	rdfs:subClassOf	PO:0025186
PO:0025209	rdfs:subClassOf	PO:0025186
PO:0025210	rdfs:subClassOf	PO:0006504
PO:0025211	rdfs:subClassOf	PO:0006504
PO:0025212	rdfs:subClassOf	PO:0000332
PO:0025213	rdfs:subClassOf	PO:0025212
PO:0025214	rdfs:subClassOf	PO:0025212
PO:0025215	rdfs:subClassOf	PO:0002000
PO:0025215	rdfs:subClassOf	PO:0025157
PO:0025216	rdfs:subClassOf	PO:0025158
PO:0025216	rdfs:subClassOf	PO:0025215
PO:0025217	rdfs:subClassOf	PO:0025096
PO:0025217	rdfs:subClassOf	PO:0025215
PO:0025218	rdfs:subClassOf	PO:0006041
PO:0025218	rdfs:subClassOf	PO:0025215
PO:0025219	rdfs:subClassOf	PO:0006040
PO:0025219	rdfs:subClassOf	PO:0025215
PO:0025220	rdfs:subClassOf	PO:0025097
PO:0025220	rdfs:subClassOf	PO:0025215
PO:0025221	rdfs:subClassOf	PO:0025184
PO:0025221	rdfs:subClassOf	PO:0025215
PO:0025222	rdfs:subClassOf	PO:0000037
PO:0025223	rdfs:subClassOf	PO:0000037
PO:0025224	rdfs:subClassOf	PO:0025117
PO:0025225	rdfs:subClassOf	PO:0025224
PO:0025226	rdfs:subClassOf	PO:0025224
PO:0025227	rdfs:subClassOf	PO:0009007
PO:0025228	rdfs:subClassOf	PO:0025001
PO:0025229	rdfs:subClassOf	PO:0025228
PO:0025230	rdfs:subClassOf	PO:0009007
PO:0025231	rdfs:subClassOf	PO:0025230
PO:0025233	rdfs:subClassOf	PO:0009007
PO:0025233	rdfs:subClassOf	PO:0025099
PO:0025234	rdfs:subClassOf	PO:0008032
PO:0025235	rdfs:subClassOf	PO:0025234
PO:0025236	rdfs:subClassOf	PO:0000293
PO:0025237	rdfs:subClassOf	PO:0025236
PO:0025238	rdfs:subClassOf	PO:0025133
PO:0025239	rdfs:subClassOf	PO:0025133
PO:0025240	rdfs:subClassOf	PO:0025082
PO:0025241	rdfs:subClassOf	PO:0025082
PO:0025242	rdfs:subClassOf	PO:0025029
PO:0025243	rdfs:subClassOf	PO:0025242
PO:0025244	rdfs:subClassOf	PO:0025242
PO:0025245	rdfs:subClassOf	PO:0006001
PO:0025246	rdfs:subClassOf	PO:0006001
PO:0025247	rdfs:subClassOf	PO:0006001
PO:0025248	rdfs:subClassOf	PO:0025269
PO:0025249	rdfs:subClassOf	PO:0006016
PO:0025250	rdfs:subClassOf	PO:0025249
PO:0025251	rdfs:subClassOf	PO:0025249
PO:0025252	rdfs:subClassOf	PO:0025243
PO:0025253	rdfs:subClassOf	PO:0025243
PO:0025254	rdfs:subClassOf	PO:0025243
PO:0025255	rdfs:subClassOf	PO:0025243
PO:0025256	rdfs:subClassOf	PO:0025181
PO:0025257	rdfs:subClassOf	PO:0025181
PO:0025258	rdfs:subClassOf	PO:0004010
PO:0025259	rdfs:subClassOf	PO:0025276
PO:0025260	rdfs:subClassOf	PO:0025276
PO:0025261	rdfs:subClassOf	PO:0025030
PO:0025262	rdfs:subClassOf	PO:0000030
PO:0025263	rdfs:subClassOf	PO:0025117
PO:0025264	rdfs:subClassOf	PO:0025265
PO:0025265	rdfs:subClassOf	PO:0025263
PO:0025266	rdfs:subClassOf	PO:0025263
PO:0025267	rdfs:subClassOf	PO:0004535
PO:0025268	rdfs:subClassOf	PO:0000030
PO:0025269	rdfs:subClassOf	PO:0025497
PO:0025270	rdfs:subClassOf	PO:0025263
PO:0025272	rdfs:subClassOf	PO:0020001
PO:0025273	rdfs:subClassOf	PO:0025260
PO:0025274	rdfs:subClassOf	PO:0025260
PO:0025275	rdfs:subClassOf	PO:0009013
PO:0025276	rdfs:subClassOf	PO:0025275
PO:0025277	rdfs:subClassOf	PO:0025202
PO:0025278	rdfs:subClassOf	PO:0006003
PO:0025279	rdfs:subClassOf	PO:0000003
PO:0025280	rdfs:subClassOf	PO:0000003
PO:0025281	rdfs:subClassOf	PO:0025280
PO:0025281	rdfs:subClassOf	UBERON:0001062
PO:0025282	rdfs:subClassOf	PO:0025279
PO:0025283	rdfs:subClassOf	PO:0025280
PO:0025284	rdfs:subClassOf	PO:0025028
PO:0025284	rdfs:subClassOf	PO:0030015
PO:0025285	rdfs:subClassOf	PO:0000074
PO:0025286	rdfs:subClassOf	PO:0020033
PO:0025286	rdfs:subClassOf	PO:0025099
PO:0025287	rdfs:subClassOf	PO:0020033
PO:0025288	rdfs:subClassOf	PO:0020034
PO:0025288	rdfs:subClassOf	PO:0025099
PO:0025289	rdfs:subClassOf	PO:0020034
PO:0025290	rdfs:subClassOf	PO:0020100
PO:0025290	rdfs:subClassOf	PO:0025099
PO:0025291	rdfs:subClassOf	PO:0020100
PO:0025292	rdfs:subClassOf	PO:0020035
PO:0025292	rdfs:subClassOf	PO:0025099
PO:0025293	rdfs:subClassOf	PO:0020035
PO:0025294	rdfs:subClassOf	PO:0020037
PO:0025294	rdfs:subClassOf	PO:0025099
PO:0025295	rdfs:subClassOf	PO:0020037
PO:0025296	rdfs:subClassOf	PO:0020031
PO:0025296	rdfs:subClassOf	PO:0025099
PO:0025297	rdfs:subClassOf	PO:0020031
PO:0025298	rdfs:subClassOf	PO:0025269
PO:0025300	rdfs:subClassOf	PO:0004724
PO:0025300	rdfs:subClassOf	PO:0025099
PO:0025301	rdfs:subClassOf	PO:0004724
PO:0025302	rdfs:subClassOf	PO:0009009
PO:0025303	rdfs:subClassOf	PO:0009009
PO:0025304	rdfs:subClassOf	PO:0000010
PO:0025304	rdfs:subClassOf	PO:0025303
PO:0025305	rdfs:subClassOf	PO:0000011
PO:0025306	rdfs:subClassOf	PO:0025001
PO:0025307	rdfs:subClassOf	PO:0025306
PO:0025308	rdfs:subClassOf	PO:0025306
PO:0025309	rdfs:subClassOf	PO:0030049
PO:0025310	rdfs:subClassOf	PO:0030049
PO:0025311	rdfs:subClassOf	PO:0030073
PO:0025312	rdfs:subClassOf	PO:0030073
PO:0025313	rdfs:subClassOf	PO:0025059
PO:0025314	rdfs:subClassOf	PO:0025313
PO:0025315	rdfs:subClassOf	PO:0025313
PO:0025316	rdfs:subClassOf	PO:0025162
PO:0025317	rdfs:subClassOf	PO:0008030
PO:0025318	rdfs:subClassOf	PO:0009007
PO:0025319	rdfs:subClassOf	PO:0008030
PO:0025320	rdfs:subClassOf	PO:0030071
PO:0025321	rdfs:subClassOf	PO:0020141
PO:0025322	rdfs:subClassOf	PO:0025117
PO:0025323	rdfs:subClassOf	PO:0025082
PO:0025324	rdfs:subClassOf	PO:0009032
PO:0025325	rdfs:subClassOf	PO:0009032
PO:0025326	rdfs:subClassOf	PO:0009032
PO:0025327	rdfs:subClassOf	PO:0025023
PO:0025328	rdfs:subClassOf	PO:0009025
PO:0025329	rdfs:subClassOf	PO:0025582
PO:0025330	rdfs:subClassOf	PO:0025581
PO:0025331	rdfs:subClassOf	PO:0025599
PO:0025332	rdfs:subClassOf	PO:0009046
PO:0025333	rdfs:subClassOf	PO:0025328
PO:0025334	rdfs:subClassOf	PO:0025328
PO:0025335	rdfs:subClassOf	PO:0006340
PO:0025335	rdfs:subClassOf	PO:0025333
PO:0025336	rdfs:subClassOf	PO:0008018
PO:0025336	rdfs:subClassOf	PO:0025333
PO:0025337	rdfs:subClassOf	PO:0007033
PO:0025338	rdfs:subClassOf	PO:0009012
PO:0025339	rdfs:subClassOf	PO:0025571
PO:0025340	rdfs:subClassOf	PO:0028003
PO:0025341	rdfs:subClassOf	PO:0028003
PO:0025342	rdfs:subClassOf	PO:0028003
PO:0025343	rdfs:subClassOf	PO:0028003
PO:0025344	rdfs:subClassOf	PO:0025341
PO:0025345	rdfs:subClassOf	PO:0025340
PO:0025346	rdfs:subClassOf	PO:0025341
PO:0025347	rdfs:subClassOf	PO:0025340
PO:0025348	rdfs:subClassOf	PO:0005020
PO:0025349	rdfs:subClassOf	PO:0025001
PO:0025350	rdfs:subClassOf	PO:0025349
PO:0025351	rdfs:subClassOf	PO:0025349
PO:0025352	rdfs:subClassOf	PO:0020040
PO:0025353	rdfs:subClassOf	PO:0004712
PO:0025354	rdfs:subClassOf	PO:0025029
PO:0025355	rdfs:subClassOf	PO:0009006
PO:0025356	rdfs:subClassOf	PO:0009006
PO:0025357	rdfs:subClassOf	PO:0020121
PO:0025358	rdfs:subClassOf	PO:0020121
PO:0025359	rdfs:subClassOf	PO:0025007
PO:0025360	rdfs:subClassOf	PO:0025007
PO:0025361	rdfs:subClassOf	PO:0009025
PO:0025362	rdfs:subClassOf	PO:0020049
PO:0025363	rdfs:subClassOf	PO:0020137
PO:0025364	rdfs:subClassOf	PO:0025073
PO:0025365	rdfs:subClassOf	PO:0025029
PO:0025366	rdfs:subClassOf	PO:0020055
PO:0025367	rdfs:subClassOf	PO:0009042
PO:0025368	rdfs:subClassOf	PO:0009012
PO:0025369	rdfs:subClassOf	PO:0025368
PO:0025370	rdfs:subClassOf	PO:0025369
PO:0025371	rdfs:subClassOf	PO:0025369
PO:0025372	rdfs:subClassOf	PO:0025369
PO:0025373	rdfs:subClassOf	PO:0025369
PO:0025374	rdfs:subClassOf	PO:0001170
PO:0025375	rdfs:subClassOf	PO:0028003
PO:0025376	rdfs:subClassOf	PO:0025342
PO:0025376	rdfs:subClassOf	PO:0025375
PO:0025377	rdfs:subClassOf	PO:0001081
PO:0025377	rdfs:subClassOf	PO:0007132
PO:0025378	rdfs:subClassOf	PO:0019022
PO:0025379	rdfs:subClassOf	PO:0025117
PO:0025380	rdfs:subClassOf	PO:0025379
PO:0025381	rdfs:subClassOf	PO:0025380
PO:0025382	rdfs:subClassOf	PO:0025379
PO:0025383	rdfs:subClassOf	PO:0025117
PO:0025384	rdfs:subClassOf	PO:0025383
PO:0025385	rdfs:subClassOf	PO:0025161
PO:0025386	rdfs:subClassOf	PO:0025161
PO:0025387	rdfs:subClassOf	PO:0025161
PO:0025388	rdfs:subClassOf	PO:0025386
PO:0025389	rdfs:subClassOf	PO:0025386
PO:0025390	rdfs:subClassOf	PO:0020138
PO:0025391	rdfs:subClassOf	PO:0025001
PO:0025392	rdfs:subClassOf	PO:0025391
PO:0025393	rdfs:subClassOf	PO:0025269
PO:0025394	rdfs:subClassOf	PO:0025001
PO:0025395	rdfs:subClassOf	PO:0009008
PO:0025396	rdfs:subClassOf	PO:0025513
PO:0025397	rdfs:subClassOf	PO:0025380
PO:0025398	rdfs:subClassOf	PO:0025382
PO:0025399	rdfs:subClassOf	PO:0025380
PO:0025399	rdfs:subClassOf	PO:0025398
PO:0025400	rdfs:subClassOf	PO:0009013
PO:0025401	rdfs:subClassOf	PO:0025400
PO:0025402	rdfs:subClassOf	PO:0009013
PO:0025403	rdfs:subClassOf	PO:0025402
PO:0025404	rdfs:subClassOf	PO:0009013
PO:0025405	rdfs:subClassOf	PO:0025404
PO:0025406	rdfs:subClassOf	PO:0025606
PO:0025407	rdfs:subClassOf	PO:0000077
PO:0025408	rdfs:subClassOf	PO:0009015
PO:0025409	rdfs:subClassOf	PO:0009015
PO:0025409	rdfs:subClassOf	UBERON:0001062
PO:0025410	rdfs:subClassOf	PO:0025409
PO:0025411	rdfs:subClassOf	PO:0025409
PO:0025412	rdfs:subClassOf	PO:0000074
PO:0025413	rdfs:subClassOf	PO:0020138
PO:0025414	rdfs:subClassOf	PO:0020145
PO:0025415	rdfs:subClassOf	PO:0025406
PO:0025416	rdfs:subClassOf	PO:0005417
PO:0025417	rdfs:subClassOf	PO:0005352
PO:0025418	rdfs:subClassOf	PO:0000077
PO:0025419	rdfs:subClassOf	PO:0000355
PO:0025419	rdfs:subClassOf	PO:0004521
PO:0025420	rdfs:subClassOf	PO:0004520
PO:0025420	rdfs:subClassOf	PO:0004521
PO:0025421	rdfs:subClassOf	PO:0004519
PO:0025421	rdfs:subClassOf	PO:0004521
PO:0025422	rdfs:subClassOf	PO:0000274
PO:0025423	rdfs:subClassOf	PO:0009012
PO:0025424	rdfs:subClassOf	PO:0025423
PO:0025425	rdfs:subClassOf	PO:0025424
PO:0025426	rdfs:subClassOf	PO:0025424
PO:0025427	rdfs:subClassOf	PO:0025425
PO:0025428	rdfs:subClassOf	PO:0009013
PO:0025429	rdfs:subClassOf	PO:0025428
PO:0025430	rdfs:subClassOf	PO:0009013
PO:0025431	rdfs:subClassOf	PO:0025430
PO:0025432	rdfs:subClassOf	PO:0025233
PO:0025432	rdfs:subClassOf	PO:0025430
PO:0025433	rdfs:subClassOf	PO:0009013
PO:0025434	rdfs:subClassOf	PO:0005020
PO:0025435	rdfs:subClassOf	PO:0005599
PO:0025436	rdfs:subClassOf	PO:0005599
PO:0025437	rdfs:subClassOf	PO:0005598
PO:0025438	rdfs:subClassOf	PO:0005598
PO:0025439	rdfs:subClassOf	PO:0025001
PO:0025440	rdfs:subClassOf	PO:0025439
PO:0025441	rdfs:subClassOf	PO:0025439
PO:0025442	rdfs:subClassOf	PO:0025414
PO:0025443	rdfs:subClassOf	PO:0025414
PO:0025444	rdfs:subClassOf	PO:0000290
PO:0025445	rdfs:subClassOf	PO:0000290
PO:0025446	rdfs:subClassOf	PO:0000301
PO:0025447	rdfs:subClassOf	PO:0000301
PO:0025447	rdfs:subClassOf	PO:0025445
PO:0025448	rdfs:subClassOf	PO:0002003
PO:0025449	rdfs:subClassOf	PO:0002003
PO:0025449	rdfs:subClassOf	PO:0025445
PO:0025450	rdfs:subClassOf	PO:0025417
PO:0025451	rdfs:subClassOf	PO:0025417
PO:0025452	rdfs:subClassOf	PO:0025406
PO:0025453	rdfs:subClassOf	PO:0025406
PO:0025454	rdfs:subClassOf	PO:0025415
PO:0025454	rdfs:subClassOf	PO:0025452
PO:0025455	rdfs:subClassOf	PO:0000289
PO:0025455	rdfs:subClassOf	PO:0025452
PO:0025456	rdfs:subClassOf	PO:0025415
PO:0025456	rdfs:subClassOf	PO:0025453
PO:0025457	rdfs:subClassOf	PO:0000289
PO:0025457	rdfs:subClassOf	PO:0025453
PO:0025458	rdfs:subClassOf	PO:0000071
PO:0025458	rdfs:subClassOf	PO:0000078
PO:0025459	rdfs:subClassOf	PO:0000071
PO:0025460	rdfs:subClassOf	PO:0000071
PO:0025461	rdfs:subClassOf	PO:0025445
PO:0025462	rdfs:subClassOf	PO:0025445
PO:0025463	rdfs:subClassOf	PO:0025427
PO:0025464	rdfs:subClassOf	PO:0025469
PO:0025465	rdfs:subClassOf	PO:0025469
PO:0025466	rdfs:subClassOf	PO:0025469
PO:0025467	rdfs:subClassOf	PO:0025466
PO:0025468	rdfs:subClassOf	PO:0025466
PO:0025469	rdfs:subClassOf	PO:0025427
PO:0025470	rdfs:subClassOf	PO:0020030
PO:0025471	rdfs:subClassOf	PO:0020030
PO:0025472	rdfs:subClassOf	PO:0005848
PO:0025473	rdfs:subClassOf	PO:0025472
PO:0025474	rdfs:subClassOf	PO:0025472
PO:0025475	rdfs:subClassOf	PO:0007520
PO:0025476	rdfs:subClassOf	PO:0009005
PO:0025476	rdfs:subClassOf	PO:0025522
PO:0025477	rdfs:subClassOf	PO:0025127
PO:0025478	rdfs:subClassOf	PO:0025477
PO:0025479	rdfs:subClassOf	PO:0005029
PO:0025480	rdfs:subClassOf	PO:0005029
PO:0025481	rdfs:subClassOf	PO:0025127
PO:0025482	rdfs:subClassOf	PO:0025430
PO:0025483	rdfs:subClassOf	PO:0025430
PO:0025484	rdfs:subClassOf	PO:0025430
PO:0025485	rdfs:subClassOf	PO:0025430
PO:0025486	rdfs:subClassOf	PO:0025430
PO:0025487	rdfs:subClassOf	PO:0025128
PO:0025488	rdfs:subClassOf	PO:0025477
PO:0025488	rdfs:subClassOf	PO:0025487
PO:0025489	rdfs:subClassOf	PO:0025487
PO:0025490	rdfs:subClassOf	PO:0020003
PO:0025490	rdfs:subClassOf	PO:0025395
PO:0025491	rdfs:subClassOf	PO:0020003
PO:0025492	rdfs:subClassOf	PO:0000016
PO:0025493	rdfs:subClassOf	PO:0000016
PO:0025494	rdfs:subClassOf	PO:0020121
PO:0025495	rdfs:subClassOf	PO:0020121
PO:0025496	rdfs:subClassOf	PO:0009011
PO:0025497	rdfs:subClassOf	PO:0009011
PO:0025498	rdfs:subClassOf	PO:0009011
PO:0025499	rdfs:subClassOf	PO:0000332
PO:0025500	rdfs:subClassOf	PO:0007130
PO:0025501	rdfs:subClassOf	PO:0001002
PO:0025502	rdfs:subClassOf	PO:0001002
PO:0025503	rdfs:subClassOf	PO:0025501
PO:0025504	rdfs:subClassOf	PO:0025501
PO:0025505	rdfs:subClassOf	PO:0025501
PO:0025506	rdfs:subClassOf	PO:0025501
PO:0025507	rdfs:subClassOf	PO:0025501
PO:0025508	rdfs:subClassOf	PO:0025501
PO:0025509	rdfs:subClassOf	PO:0025606
PO:0025510	rdfs:subClassOf	PO:0004011
PO:0025511	rdfs:subClassOf	PO:0025001
PO:0025512	rdfs:subClassOf	PO:0025269
PO:0025513	rdfs:subClassOf	PO:0025001
PO:0025513	rdfs:subClassOf	PO:0025060
PO:0025514	rdfs:subClassOf	PO:0025001
PO:0025515	rdfs:subClassOf	PO:0025001
PO:0025516	rdfs:subClassOf	PO:0025001
PO:0025517	rdfs:subClassOf	PO:0025514
PO:0025518	rdfs:subClassOf	PO:0025515
PO:0025519	rdfs:subClassOf	PO:0025516
PO:0025520	rdfs:subClassOf	PO:0020138
PO:0025521	rdfs:subClassOf	PO:0025606
PO:0025522	rdfs:subClassOf	PO:0025004
PO:0025523	rdfs:subClassOf	PO:0009005
PO:0025524	rdfs:subClassOf	PO:0025606
PO:0025525	rdfs:subClassOf	PO:0025606
PO:0025526	rdfs:subClassOf	PO:0025525
PO:0025527	rdfs:subClassOf	PO:0025338
PO:0025528	rdfs:subClassOf	PO:0025527
PO:0025529	rdfs:subClassOf	PO:0025528
PO:0025530	rdfs:subClassOf	PO:0025527
PO:0025531	rdfs:subClassOf	PO:0025528
PO:0025532	rdfs:subClassOf	PO:0025527
PO:0025533	rdfs:subClassOf	PO:0025606
PO:0025534	rdfs:subClassOf	PO:0025029
PO:0025535	rdfs:subClassOf	PO:0009007
PO:0025535	rdfs:subClassOf	PO:0025549
PO:0025536	rdfs:subClassOf	PO:0000022
PO:0025537	rdfs:subClassOf	PO:0000282
PO:0025537	rdfs:subClassOf	PO:0025606
PO:0025538	rdfs:subClassOf	PO:0025161
PO:0025539	rdfs:subClassOf	PO:0025538
PO:0025540	rdfs:subClassOf	PO:0025538
PO:0025541	rdfs:subClassOf	PO:0025030
PO:0025542	rdfs:subClassOf	PO:0000076
PO:0025542	rdfs:subClassOf	PO:0025541
PO:0025543	rdfs:subClassOf	PO:0025606
PO:0025544	rdfs:subClassOf	PO:0025543
PO:0025545	rdfs:subClassOf	PO:0025544
PO:0025546	rdfs:subClassOf	PO:0006321
PO:0025547	rdfs:subClassOf	PO:0006321
PO:0025548	rdfs:subClassOf	PO:0006321
PO:0025549	rdfs:subClassOf	PO:0009011
PO:0025550	rdfs:subClassOf	PO:0009011
PO:0025551	rdfs:subClassOf	PO:0025550
PO:0025552	rdfs:subClassOf	PO:0000272
PO:0025553	rdfs:subClassOf	PO:0000272
PO:0025554	rdfs:subClassOf	PO:0000272
PO:0025555	rdfs:subClassOf	PO:0025554
PO:0025556	rdfs:subClassOf	PO:0025554
PO:0025557	rdfs:subClassOf	PO:0000272
PO:0025558	rdfs:subClassOf	PO:0025555
PO:0025559	rdfs:subClassOf	PO:0025555
PO:0025560	rdfs:subClassOf	PO:0025555
PO:0025561	rdfs:subClassOf	PO:0025555
PO:0025562	rdfs:subClassOf	PO:0025555
PO:0025563	rdfs:subClassOf	PO:0025555
PO:0025564	rdfs:subClassOf	PO:0025543
PO:0025565	rdfs:subClassOf	PO:0025539
PO:0025566	rdfs:subClassOf	PO:0025540
PO:0025567	rdfs:subClassOf	PO:0025540
PO:0025568	rdfs:subClassOf	PO:0025539
PO:0025569	rdfs:subClassOf	PO:0009032
PO:0025570	rdfs:subClassOf	PO:0001050
PO:0025571	rdfs:subClassOf	PO:0009012
PO:0025572	rdfs:subClassOf	PO:0001051
PO:0025573	rdfs:subClassOf	PO:0001050
PO:0025574	rdfs:subClassOf	PO:0025570
PO:0025575	rdfs:subClassOf	PO:0025444
PO:0025576	rdfs:subClassOf	PO:0025444
PO:0025577	rdfs:subClassOf	PO:0009034
PO:0025578	rdfs:subClassOf	PO:0025338
PO:0025579	rdfs:subClassOf	PO:0025339
PO:0025580	rdfs:subClassOf	PO:0009058
PO:0025581	rdfs:subClassOf	PO:0009059
PO:0025582	rdfs:subClassOf	PO:0009060
PO:0025583	rdfs:subClassOf	PO:0009032
PO:0025584	rdfs:subClassOf	PO:0009031
PO:0025585	rdfs:subClassOf	PO:0025339
PO:0025586	rdfs:subClassOf	PO:0025606
PO:0025587	rdfs:subClassOf	PO:0009031
PO:0025588	rdfs:subClassOf	PO:0007615
PO:0025589	rdfs:subClassOf	PO:0025142
PO:0025590	rdfs:subClassOf	PO:0006109
PO:0025591	rdfs:subClassOf	PO:0005708
PO:0025592	rdfs:subClassOf	PO:0025586
PO:0025593	rdfs:subClassOf	PO:0000042
PO:0025594	rdfs:subClassOf	PO:0009013
PO:0025595	rdfs:subClassOf	PO:0025594
PO:0025596	rdfs:subClassOf	PO:0025594
PO:0025597	rdfs:subClassOf	PO:0006342
PO:0025598	rdfs:subClassOf	PO:0009049
PO:0025599	rdfs:subClassOf	PO:0009046
PO:0025600	rdfs:subClassOf	PO:0009046
PO:0025601	rdfs:subClassOf	PO:0009049
PO:0025602	rdfs:subClassOf	PO:0028003
PO:0025603	rdfs:subClassOf	PO:0025161
PO:0025604	rdfs:subClassOf	PO:0004013
PO:0025605	rdfs:subClassOf	PO:0000146
PO:0025606	rdfs:subClassOf	PO:0009002
PO:0025607	rdfs:subClassOf	PO:0009006
PO:0025608	rdfs:subClassOf	PO:0000146
PO:0025609	rdfs:subClassOf	PO:0009007
PO:0025610	rdfs:subClassOf	PO:0005057
PO:0025611	rdfs:subClassOf	PO:0025609
PO:0025612	rdfs:subClassOf	PO:0000223
PO:0025613	rdfs:subClassOf	PO:0020038
PO:0025614	rdfs:subClassOf	PO:0009007
PO:0025615	rdfs:subClassOf	PO:0025022
PO:0025616	rdfs:subClassOf	PO:0025001
PO:0025617	rdfs:subClassOf	PO:0025096
PO:0025618	rdfs:subClassOf	PO:0025096
PO:0025619	rdfs:subClassOf	PO:0025001
PO:0025620	rdfs:subClassOf	PO:0025450
PO:0025621	rdfs:subClassOf	PO:0025446
PO:0025622	rdfs:subClassOf	PO:0025448
PO:0025623	rdfs:subClassOf	PO:0025244
PO:0025624	rdfs:subClassOf	PO:0025030
PO:0025625	rdfs:subClassOf	PO:0004011
PO:0025626	rdfs:subClassOf	PO:0025496
PO:0025627	rdfs:subClassOf	PO:0000074
PO:0025628	rdfs:subClassOf	PO:0009001
PO:0028002	rdfs:subClassOf	PO:0007033
PO:0028003	rdfs:subClassOf	PO:0007033
PO:0028004	rdfs:subClassOf	PO:0000037
PO:0028005	rdfs:subClassOf	PO:0025007
PO:0030001	rdfs:subClassOf	PO:0000076
PO:0030002	rdfs:subClassOf	PO:0000076
PO:0030003	rdfs:subClassOf	PO:0005426
PO:0030004	rdfs:subClassOf	PO:0030003
PO:0030005	rdfs:subClassOf	PO:0030003
PO:0030006	rdfs:subClassOf	PO:0025340
PO:0030007	rdfs:subClassOf	PO:0004010
PO:0030008	rdfs:subClassOf	PO:0030015
PO:0030009	rdfs:subClassOf	PO:0030007
PO:0030010	rdfs:subClassOf	PO:0030009
PO:0030011	rdfs:subClassOf	PO:0030009
PO:0030012	rdfs:subClassOf	PO:0030011
PO:0030013	rdfs:subClassOf	PO:0030011
PO:0030013	rdfs:subClassOf	PO:0030019
PO:0030014	rdfs:subClassOf	PO:0030007
PO:0030015	rdfs:subClassOf	PO:0030007
PO:0030016	rdfs:subClassOf	PO:0030010
PO:0030017	rdfs:subClassOf	PO:0025117
PO:0030018	rdfs:subClassOf	PO:0009006
PO:0030018	rdfs:subClassOf	UBERON:0001062
PO:0030019	rdfs:subClassOf	PO:0030009
PO:0030020	rdfs:subClassOf	PO:0025029
PO:0030021	rdfs:subClassOf	PO:0025073
PO:0030021	rdfs:subClassOf	PO:0030020
PO:0030022	rdfs:subClassOf	PO:0009047
PO:0030022	rdfs:subClassOf	PO:0030020
PO:0030023	rdfs:subClassOf	PO:0030010
PO:0030023	rdfs:subClassOf	PO:0030019
PO:0030024	rdfs:subClassOf	PO:0030010
PO:0030024	rdfs:subClassOf	PO:0030015
PO:0030025	rdfs:subClassOf	PO:0030014
PO:0030026	rdfs:subClassOf	PO:0000058
PO:0030026	rdfs:subClassOf	UBERON:0001062
PO:0030027	rdfs:subClassOf	PO:0000003
PO:0030028	rdfs:subClassOf	PO:0009055
PO:0030029	rdfs:subClassOf	PO:0009008
PO:0030030	rdfs:subClassOf	PO:0009055
PO:0030031	rdfs:subClassOf	PO:0025023
PO:0030032	rdfs:subClassOf	PO:0025066
PO:0030033	rdfs:subClassOf	PO:0025066
PO:0030034	rdfs:subClassOf	PO:0025066
PO:0030035	rdfs:subClassOf	PO:0025066
PO:0030036	rdfs:subClassOf	PO:0025066
PO:0030037	rdfs:subClassOf	PO:0025001
PO:0030038	rdfs:subClassOf	PO:0025001
PO:0030039	rdfs:subClassOf	PO:0025001
PO:0030040	rdfs:subClassOf	PO:0025001
PO:0030041	rdfs:subClassOf	PO:0025001
PO:0030042	rdfs:subClassOf	PO:0025001
PO:0030043	rdfs:subClassOf	PO:0025001
PO:0030044	rdfs:subClassOf	PO:0025001
PO:0030045	rdfs:subClassOf	PO:0025030
PO:0030046	rdfs:subClassOf	PO:0030014
PO:0030047	rdfs:subClassOf	PO:0009007
PO:0030048	rdfs:subClassOf	PO:0009007
PO:0030049	rdfs:subClassOf	PO:0025059
PO:0030050	rdfs:subClassOf	PO:0025059
PO:0030051	rdfs:subClassOf	PO:0009007
PO:0030052	rdfs:subClassOf	PO:0025606
PO:0030053	rdfs:subClassOf	PO:0009007
PO:0030054	rdfs:subClassOf	PO:0005421
PO:0030055	rdfs:subClassOf	PO:0030020
PO:0030056	rdfs:subClassOf	PO:0025606
PO:0030057	rdfs:subClassOf	PO:0025606
PO:0030058	rdfs:subClassOf	PO:0025606
PO:0030059	rdfs:subClassOf	PO:0025606
PO:0030060	rdfs:subClassOf	PO:0025316
PO:0030061	rdfs:subClassOf	PO:0009007
PO:0030062	rdfs:subClassOf	PO:0025317
PO:0030063	rdfs:subClassOf	PO:0025318
PO:0030064	rdfs:subClassOf	PO:0025319
PO:0030065	rdfs:subClassOf	PO:0025606
PO:0030066	rdfs:subClassOf	PO:0025132
PO:0030067	rdfs:subClassOf	PO:0030086
PO:0030068	rdfs:subClassOf	PO:0000349
PO:0030069	rdfs:subClassOf	PO:0000112
PO:0030070	rdfs:subClassOf	PO:0025162
PO:0030071	rdfs:subClassOf	PO:0030078
PO:0030072	rdfs:subClassOf	PO:0009007
PO:0030073	rdfs:subClassOf	PO:0005679
PO:0030074	rdfs:subClassOf	PO:0009007
PO:0030075	rdfs:subClassOf	PO:0025001
PO:0030076	rdfs:subClassOf	PO:0025001
PO:0030077	rdfs:subClassOf	PO:0030067
PO:0030078	rdfs:subClassOf	PO:0009011
PO:0030079	rdfs:subClassOf	PO:0030078
PO:0030080	rdfs:subClassOf	PO:0030014
PO:0030081	rdfs:subClassOf	PO:0030046
PO:0030082	rdfs:subClassOf	PO:0030046
PO:0030083	rdfs:subClassOf	PO:0030086
PO:0030084	rdfs:subClassOf	PO:0009007
PO:0030085	rdfs:subClassOf	PO:0025059
PO:0030086	rdfs:subClassOf	PO:0004011
PO:0030087	rdfs:subClassOf	PO:0004011
PO:0030088	rdfs:subClassOf	PO:0020121
PO:0030089	rdfs:subClassOf	PO:0000042
PO:0030090	rdfs:subClassOf	PO:0005047
PO:0030091	rdfs:subClassOf	PO:0009001
PO:0030092	rdfs:subClassOf	PO:0030091
PO:0030093	rdfs:subClassOf	PO:0030091
PO:0030094	rdfs:subClassOf	PO:0030091
PO:0030095	rdfs:subClassOf	PO:0030091
PO:0030096	rdfs:subClassOf	PO:0030091
PO:0030097	rdfs:subClassOf	PO:0030096
PO:0030098	rdfs:subClassOf	PO:0009001
PO:0030099	rdfs:subClassOf	PO:0009001
PO:0030100	rdfs:subClassOf	PO:0009001
PO:0030101	rdfs:subClassOf	PO:0030100
PO:0030102	rdfs:subClassOf	PO:0009001
PO:0030103	rdfs:subClassOf	PO:0009001
PO:0030104	rdfs:subClassOf	PO:0009001
PO:0030105	rdfs:subClassOf	PO:0009001
PO:0030106	rdfs:subClassOf	PO:0009001
PO:0030107	rdfs:subClassOf	PO:0009001
PO:0030108	rdfs:subClassOf	PO:0009001
PO:0030109	rdfs:subClassOf	PO:0030108
PO:0030110	rdfs:subClassOf	PO:0030108
PO:0030111	rdfs:subClassOf	PO:0030108
PO:0030112	rdfs:subClassOf	PO:0025029
PO:0030113	rdfs:subClassOf	PO:0030112
PO:0030114	rdfs:subClassOf	PO:0030112
PO:0030115	rdfs:subClassOf	PO:0009049
PO:0030116	rdfs:subClassOf	PO:0009049
PO:0030117	rdfs:subClassOf	PO:0009049
PO:0030118	rdfs:subClassOf	PO:0009049
PO:0030119	rdfs:subClassOf	PO:0009049
PO:0030120	rdfs:subClassOf	PO:0009049
PO:0030121	rdfs:subClassOf	PO:0009049
PO:0030122	rdfs:subClassOf	PO:0009049
PO:0030123	rdfs:subClassOf	PO:0009049
PO:0030124	rdfs:subClassOf	PO:0009049
PO:0030125	rdfs:subClassOf	PO:0009049
PO:0030126	rdfs:subClassOf	PO:0009049
PO:0030127	rdfs:subClassOf	PO:0009049
PO:0030128	rdfs:subClassOf	PO:0009049
PO:0030129	rdfs:subClassOf	PO:0009049
PO:0030130	rdfs:subClassOf	PO:0009049
PO:0030131	rdfs:subClassOf	PO:0009049
PO:0030132	rdfs:subClassOf	PO:0009049
PO:0030133	rdfs:subClassOf	PO:0009049
PO:0030134	rdfs:subClassOf	PO:0009049
PO:0030135	rdfs:subClassOf	PO:0009049
PO:0030136	rdfs:subClassOf	PO:0009049
UBERON:0000001	rdfs:subClassOf	UBERON:0000465
UBERON:0000002	rdfs:subClassOf	UBERON:0001560
UBERON:0000002	rdfs:subClassOf	UBERON:0005156
UBERON:0000003	rdfs:subClassOf	UBERON:0000161
UBERON:0000004	rdfs:subClassOf	UBERON:0002268
UBERON:0000004	rdfs:subClassOf	UBERON:0004121
UBERON:0000014	rdfs:subClassOf	UBERON:0004121
UBERON:0000014	rdfs:subClassOf	UBERON:0010314
UBERON:0000014	rdfs:subClassOf	UBERON:0034944
UBERON:0000019	rdfs:subClassOf	UBERON:0000047
UBERON:0000019	rdfs:subClassOf	UBERON:0004121
UBERON:0000019	rdfs:subClassOf	UBERON:0010314
UBERON:0000019	rdfs:subClassOf	UBERON:0015212
UBERON:0000020	rdfs:subClassOf	UBERON:0000062
UBERON:0000021	rdfs:subClassOf	UBERON:0013703
UBERON:0000025	rdfs:subClassOf	UBERON:0004111
UBERON:0000026	rdfs:subClassOf	UBERON:0000475
UBERON:0000029	rdfs:subClassOf	UBERON:0005057
UBERON:0000033	rdfs:subClassOf	UBERON:0011676
UBERON:0000042	rdfs:subClassOf	UBERON:0000481
UBERON:0000042	rdfs:subClassOf	UBERON:0004120
UBERON:0000045	rdfs:subClassOf	UBERON:0000061
UBERON:0000047	rdfs:subClassOf	UBERON:0000970
UBERON:0000051	rdfs:subClassOf	UBERON:0002553
UBERON:0000056	rdfs:subClassOf	UBERON:0004120
UBERON:0000056	rdfs:subClassOf	UBERON:0005179
UBERON:0000056	rdfs:subClassOf	UBERON:0006555
UBERON:0000056	rdfs:subClassOf	UBERON:0015212
UBERON:0000057	rdfs:subClassOf	UBERON:0000062
UBERON:0000057	rdfs:subClassOf	UBERON:0004111
UBERON:0000057	rdfs:subClassOf	UBERON:0004120
UBERON:0000058	rdfs:subClassOf	UBERON:0000063
UBERON:0000059	rdfs:subClassOf	UBERON:0004921
UBERON:0000059	rdfs:subClassOf	UBERON:0013765
UBERON:0000060	rdfs:subClassOf	UBERON:0000064
UBERON:0000061	rdfs:subClassOf	UBERON:0000465
UBERON:0000062	rdfs:subClassOf	UBERON:0010000
UBERON:0000063	rdfs:subClassOf	UBERON:0000064
UBERON:0000064	rdfs:subClassOf	UBERON:0010000
UBERON:0000065	rdfs:subClassOf	UBERON:0001005
UBERON:0000069	rdfs:subClassOf	UBERON:0000105
UBERON:0000072	rdfs:subClassOf	UBERON:0013522
UBERON:0000073	rdfs:subClassOf	UBERON:0000481
UBERON:0000075	rdfs:subClassOf	UBERON:0011216
UBERON:0000093	rdfs:subClassOf	UBERON:0000464
UBERON:0000094	rdfs:subClassOf	UBERON:0000062
UBERON:0000101	rdfs:subClassOf	UBERON:0009912
UBERON:0000117	rdfs:subClassOf	UBERON:0000025
UBERON:0000125	rdfs:subClassOf	UBERON:0011215
UBERON:0000159	rdfs:subClassOf	UBERON:0004111
UBERON:0000160	rdfs:subClassOf	UBERON:0004921
UBERON:0000161	rdfs:subClassOf	UBERON:0004111
UBERON:0000162	rdfs:subClassOf	UBERON:0013522
UBERON:0000163	rdfs:subClassOf	UBERON:0000162
UBERON:0000165	rdfs:subClassOf	UBERON:0004921
UBERON:0000166	rdfs:subClassOf	UBERON:0000161
UBERON:0000167	rdfs:subClassOf	UBERON:0002553
UBERON:0000168	rdfs:subClassOf	UBERON:0004921
UBERON:0000170	rdfs:subClassOf	UBERON:0034925
UBERON:0000171	rdfs:subClassOf	UBERON:0000062
UBERON:0000172	rdfs:subClassOf	UBERON:0036017
UBERON:0000173	rdfs:subClassOf	UBERON:0000463
UBERON:0000174	rdfs:subClassOf	UBERON:0000463
UBERON:0000175	rdfs:subClassOf	UBERON:0001087
UBERON:0000178	rdfs:subClassOf	UBERON:0000179
UBERON:0000179	rdfs:subClassOf	UBERON:0006314
UBERON:0000211	rdfs:subClassOf	UBERON:0000062
UBERON:0000315	rdfs:subClassOf	UBERON:0000464
UBERON:0000317	rdfs:subClassOf	UBERON:0001207
UBERON:0000323	rdfs:subClassOf	UBERON:0000922
UBERON:0000341	rdfs:subClassOf	UBERON:0034929
UBERON:0000344	rdfs:subClassOf	UBERON:0004923
UBERON:0000383	rdfs:subClassOf	UBERON:0011216
UBERON:0000403	rdfs:subClassOf	UBERON:0010314
UBERON:0000403	rdfs:subClassOf	UBERON:0034921
UBERON:0000412	rdfs:subClassOf	UBERON:0000479
UBERON:0000446	rdfs:subClassOf	UBERON:0005401
UBERON:0000456	rdfs:subClassOf	UBERON:0000463
UBERON:0000463	rdfs:subClassOf	UBERON:0000001
UBERON:0000463	rdfs:subClassOf	UBERON:0000465
UBERON:0000464	rdfs:subClassOf	UBERON:0000466
UBERON:0000465	rdfs:subClassOf	UBERON:0001062
UBERON:0000466	rdfs:subClassOf	UBERON:0001062
UBERON:0000467	rdfs:subClassOf	UBERON:0000061
UBERON:0000468	rdfs:subClassOf	UBERON:0010000
UBERON:0000473	rdfs:subClassOf	UBERON:0000991
UBERON:0000473	rdfs:subClassOf	UBERON:0003135
UBERON:0000475	rdfs:subClassOf	UBERON:0010000
UBERON:0000476	rdfs:subClassOf	UBERON:0000001
UBERON:0000476	rdfs:subClassOf	UBERON:0000061
UBERON:0000477	rdfs:subClassOf	UBERON:0034923
UBERON:0000478	rdfs:subClassOf	UBERON:0005423
UBERON:0000479	rdfs:subClassOf	UBERON:0010000
UBERON:0000481	rdfs:subClassOf	UBERON:0010000
UBERON:0000483	rdfs:subClassOf	UBERON:0000479
UBERON:0000485	rdfs:subClassOf	UBERON:0000490
UBERON:0000485	rdfs:subClassOf	UBERON:0012274
UBERON:0000487	rdfs:subClassOf	UBERON:0000490
UBERON:0000487	rdfs:subClassOf	UBERON:0006914
UBERON:0000489	rdfs:subClassOf	UBERON:0003103
UBERON:0000490	rdfs:subClassOf	UBERON:0000483
UBERON:0000910	rdfs:subClassOf	UBERON:0006314
UBERON:0000910	rdfs:subClassOf	UBERON:0012112
UBERON:0000912	rdfs:subClassOf	UBERON:0000456
UBERON:0000912	rdfs:subClassOf	UBERON:0006314
UBERON:0000914	rdfs:subClassOf	UBERON:0000475
UBERON:0000915	rdfs:subClassOf	UBERON:0009569
UBERON:0000915	rdfs:subClassOf	UBERON:0011676
UBERON:0000916	rdfs:subClassOf	UBERON:0009569
UBERON:0000922	rdfs:subClassOf	FOODON:02010002
UBERON:0000922	rdfs:subClassOf	UBERON:0000468
UBERON:0000945	rdfs:subClassOf	UBERON:0004921
UBERON:0000945	rdfs:subClassOf	UBERON:0010039
UBERON:0000946	rdfs:subClassOf	UBERON:0003978
UBERON:0000946	rdfs:subClassOf	UBERON:0010313
UBERON:0000948	rdfs:subClassOf	UBERON:0004120
UBERON:0000948	rdfs:subClassOf	UBERON:0005181
UBERON:0000948	rdfs:subClassOf	UBERON:0007100
UBERON:0000948	rdfs:subClassOf	UBERON:0010314
UBERON:0000949	rdfs:subClassOf	UBERON:0015204
UBERON:0000955	rdfs:subClassOf	UBERON:0000062
UBERON:0000955	rdfs:subClassOf	UBERON:0004121
UBERON:0000964	rdfs:subClassOf	UBERON:0010000
UBERON:0000964	rdfs:subClassOf	UBERON:0010313
UBERON:0000965	rdfs:subClassOf	UBERON:0004121
UBERON:0000965	rdfs:subClassOf	UBERON:0005389
UBERON:0000970	rdfs:subClassOf	UBERON:0000020
UBERON:0000974	rdfs:subClassOf	UBERON:0000475
UBERON:0000978	rdfs:subClassOf	UBERON:0006058
UBERON:0000978	rdfs:subClassOf	UBERON:0008784
UBERON:0000982	rdfs:subClassOf	UBERON:0004905
UBERON:0000989	rdfs:subClassOf	UBERON:0004120
UBERON:0000989	rdfs:subClassOf	UBERON:0008811
UBERON:0000990	rdfs:subClassOf	UBERON:0000467
UBERON:0000991	rdfs:subClassOf	UBERON:0003133
UBERON:0000992	rdfs:subClassOf	UBERON:0000991
UBERON:0000992	rdfs:subClassOf	UBERON:0003134
UBERON:0000994	rdfs:subClassOf	UBERON:0000062
UBERON:0000994	rdfs:subClassOf	UBERON:0005156
UBERON:0000995	rdfs:subClassOf	UBERON:0013515
UBERON:0000996	rdfs:subClassOf	UBERON:0004120
UBERON:0000996	rdfs:subClassOf	UBERON:0013515
UBERON:0001000	rdfs:subClassOf	UBERON:0000025
UBERON:0001000	rdfs:subClassOf	UBERON:0005904
UBERON:0001001	rdfs:subClassOf	UBERON:0001002
UBERON:0001001	rdfs:subClassOf	UBERON:0007491
UBERON:0001002	rdfs:subClassOf	UBERON:0000476
UBERON:0001003	rdfs:subClassOf	UBERON:0007376
UBERON:0001003	rdfs:subClassOf	UBERON:3000961
UBERON:0001004	rdfs:subClassOf	UBERON:0000467
UBERON:0001005	rdfs:subClassOf	UBERON:0003103
UBERON:0001005	rdfs:subClassOf	UBERON:0004111
UBERON:0001007	rdfs:subClassOf	UBERON:0000467
UBERON:0001008	rdfs:subClassOf	UBERON:8450002
UBERON:0001009	rdfs:subClassOf	UBERON:0000467
UBERON:0001011	rdfs:subClassOf	UBERON:0000463
UBERON:0001013	rdfs:subClassOf	FOODON:03420122
UBERON:0001013	rdfs:subClassOf	UBERON:0011822
UBERON:0001015	rdfs:subClassOf	UBERON:0011216
UBERON:0001016	rdfs:subClassOf	UBERON:0000467
UBERON:0001032	rdfs:subClassOf	UBERON:0015203
UBERON:0001037	rdfs:subClassOf	UBERON:0000021
UBERON:0001041	rdfs:subClassOf	UBERON:0004921
UBERON:0001042	rdfs:subClassOf	UBERON:0006562
UBERON:0001043	rdfs:subClassOf	UBERON:0000062
UBERON:0001043	rdfs:subClassOf	UBERON:0004921
UBERON:0001043	rdfs:subClassOf	UBERON:0013765
UBERON:0001045	rdfs:subClassOf	UBERON:0004921
UBERON:0001046	rdfs:subClassOf	UBERON:0004921
UBERON:0001051	rdfs:subClassOf	UBERON:0013522
UBERON:0001052	rdfs:subClassOf	UBERON:0004921
UBERON:0001064	rdfs:subClassOf	UBERON:0000025
UBERON:0001064	rdfs:subClassOf	UBERON:0007329
UBERON:0001087	rdfs:subClassOf	UBERON:0036244
UBERON:0001088	rdfs:subClassOf	UBERON:0000174
UBERON:0001089	rdfs:subClassOf	UBERON:0000456
UBERON:0001089	rdfs:subClassOf	UBERON:0006314
UBERON:0001090	rdfs:subClassOf	UBERON:0007779
UBERON:0001090	rdfs:subClassOf	UBERON:0007794
UBERON:0001091	rdfs:subClassOf	UBERON:0003913
UBERON:0001091	rdfs:subClassOf	UBERON:0010314
UBERON:0001093	rdfs:subClassOf	UBERON:0002412
UBERON:0001103	rdfs:subClassOf	UBERON:0003830
UBERON:0001103	rdfs:subClassOf	UBERON:0003831
UBERON:0001132	rdfs:subClassOf	UBERON:0002368
UBERON:0001134	rdfs:subClassOf	UBERON:0002036
UBERON:0001135	rdfs:subClassOf	UBERON:0002385
UBERON:0001136	rdfs:subClassOf	UBERON:0000487
UBERON:0001136	rdfs:subClassOf	UBERON:0012275
UBERON:0001153	rdfs:subClassOf	UBERON:0009854
UBERON:0001154	rdfs:subClassOf	UBERON:0013765
UBERON:0001155	rdfs:subClassOf	UBERON:0004921
UBERON:0001156	rdfs:subClassOf	UBERON:0000168
UBERON:0001157	rdfs:subClassOf	UBERON:0000168
UBERON:0001158	rdfs:subClassOf	UBERON:0000168
UBERON:0001159	rdfs:subClassOf	UBERON:0000168
UBERON:0001173	rdfs:subClassOf	UBERON:0004119
UBERON:0001173	rdfs:subClassOf	UBERON:0013765
UBERON:0001199	rdfs:subClassOf	UBERON:0004786
UBERON:0001204	rdfs:subClassOf	UBERON:0001242
UBERON:0001207	rdfs:subClassOf	UBERON:0001242
UBERON:0001242	rdfs:subClassOf	UBERON:0004786
UBERON:0001255	rdfs:subClassOf	UBERON:0002075
UBERON:0001255	rdfs:subClassOf	UBERON:0004120
UBERON:0001255	rdfs:subClassOf	UBERON:0018707
UBERON:0001264	rdfs:subClassOf	UBERON:0002075
UBERON:0001268	rdfs:subClassOf	UBERON:0007779
UBERON:0001268	rdfs:subClassOf	UBERON:0007794
UBERON:0001268	rdfs:subClassOf	UBERON:0036217
UBERON:0001295	rdfs:subClassOf	UBERON:0019042
UBERON:0001349	rdfs:subClassOf	UBERON:0002553
UBERON:0001351	rdfs:subClassOf	UBERON:0034944
UBERON:0001352	rdfs:subClassOf	UBERON:0004111
UBERON:0001359	rdfs:subClassOf	UBERON:0007779
UBERON:0001419	rdfs:subClassOf	UBERON:0000014
UBERON:0001434	rdfs:subClassOf	UBERON:0011216
UBERON:0001439	rdfs:subClassOf	UBERON:0002481
UBERON:0001443	rdfs:subClassOf	UBERON:0009569
UBERON:0001444	rdfs:subClassOf	UBERON:0000475
UBERON:0001460	rdfs:subClassOf	UBERON:0006058
UBERON:0001460	rdfs:subClassOf	UBERON:0008785
UBERON:0001474	rdfs:subClassOf	FOODON:03420168
UBERON:0001474	rdfs:subClassOf	UBERON:0004765
UBERON:0001484	rdfs:subClassOf	UBERON:0000094
UBERON:0001488	rdfs:subClassOf	UBERON:0003840
UBERON:0001488	rdfs:subClassOf	UBERON:0011139
UBERON:0001555	rdfs:subClassOf	UBERON:0000025
UBERON:0001560	rdfs:subClassOf	UBERON:0034944
UBERON:0001630	rdfs:subClassOf	UBERON:0000062
UBERON:0001630	rdfs:subClassOf	UBERON:0005090
UBERON:0001690	rdfs:subClassOf	UBERON:0000020
UBERON:0001690	rdfs:subClassOf	UBERON:0010314
UBERON:0001691	rdfs:subClassOf	UBERON:0001444
UBERON:0001691	rdfs:subClassOf	UBERON:0015212
UBERON:0001707	rdfs:subClassOf	UBERON:0002553
UBERON:0001723	rdfs:subClassOf	UBERON:0000020
UBERON:0001723	rdfs:subClassOf	UBERON:0013765
UBERON:0001728	rdfs:subClassOf	UBERON:0000072
UBERON:0001729	rdfs:subClassOf	UBERON:0013522
UBERON:0001744	rdfs:subClassOf	UBERON:0034769
UBERON:0001750	rdfs:subClassOf	UBERON:0000467
UBERON:0001751	rdfs:subClassOf	UBERON:0010313
UBERON:0001751	rdfs:subClassOf	UBERON:0010365
UBERON:0001751	rdfs:subClassOf	UBERON:4000013
UBERON:0001752	rdfs:subClassOf	UBERON:0010365
UBERON:0001752	rdfs:subClassOf	UBERON:4000013
UBERON:0001756	rdfs:subClassOf	UBERON:0034921
UBERON:0001763	rdfs:subClassOf	UBERON:0005856
UBERON:0001763	rdfs:subClassOf	UBERON:0007213
UBERON:0001766	rdfs:subClassOf	UBERON:0006311
UBERON:0001770	rdfs:subClassOf	UBERON:0004111
UBERON:0001774	rdfs:subClassOf	UBERON:0005177
UBERON:0001774	rdfs:subClassOf	UBERON:0014892
UBERON:0001797	rdfs:subClassOf	UBERON:0006312
UBERON:0001811	rdfs:subClassOf	UBERON:0000060
UBERON:0001825	rdfs:subClassOf	UBERON:0002553
UBERON:0001826	rdfs:subClassOf	UBERON:0004785
UBERON:0001827	rdfs:subClassOf	UBERON:0000456
UBERON:0001828	rdfs:subClassOf	UBERON:0003729
UBERON:0001836	rdfs:subClassOf	UBERON:0000456
UBERON:0001846	rdfs:subClassOf	UBERON:0034921
UBERON:0001851	rdfs:subClassOf	UBERON:0000064
UBERON:0001866	rdfs:subClassOf	UBERON:0000456
UBERON:0001896	rdfs:subClassOf	UBERON:0000064
UBERON:0001911	rdfs:subClassOf	UBERON:0002365
UBERON:0001911	rdfs:subClassOf	UBERON:0004121
UBERON:0001911	rdfs:subClassOf	UBERON:0019319
UBERON:0001913	rdfs:subClassOf	FOODON:02010001
UBERON:0001913	rdfs:subClassOf	FOODON:03315150
UBERON:0001913	rdfs:subClassOf	UBERON:0006314
UBERON:0001913	rdfs:subClassOf	UBERON:0006539
UBERON:0001914	rdfs:subClassOf	UBERON:0006539
UBERON:0001968	rdfs:subClassOf	UBERON:0000463
UBERON:0001969	rdfs:subClassOf	UBERON:0000179
UBERON:0001970	rdfs:subClassOf	UBERON:0000456
UBERON:0001970	rdfs:subClassOf	UBERON:0006314
UBERON:0001977	rdfs:subClassOf	UBERON:0000179
UBERON:0001987	rdfs:subClassOf	UBERON:0000062
UBERON:0001987	rdfs:subClassOf	UBERON:0005156
UBERON:0001988	rdfs:subClassOf	UBERON:0000174
UBERON:0001994	rdfs:subClassOf	UBERON:0002418
UBERON:0001995	rdfs:subClassOf	UBERON:0002418
UBERON:0002018	rdfs:subClassOf	UBERON:0007616
UBERON:0002020	rdfs:subClassOf	UBERON:0011215
UBERON:0002036	rdfs:subClassOf	UBERON:0002385
UBERON:0002046	rdfs:subClassOf	UBERON:0002368
UBERON:0002046	rdfs:subClassOf	UBERON:0004119
UBERON:0002046	rdfs:subClassOf	UBERON:0010314
UBERON:0002048	rdfs:subClassOf	UBERON:0000171
UBERON:0002048	rdfs:subClassOf	UBERON:0005178
UBERON:0002048	rdfs:subClassOf	UBERON:0015212
UBERON:0002049	rdfs:subClassOf	UBERON:0000477
UBERON:0002050	rdfs:subClassOf	UBERON:0005423
UBERON:0002067	rdfs:subClassOf	UBERON:0004121
UBERON:0002067	rdfs:subClassOf	UBERON:0004923
UBERON:0002067	rdfs:subClassOf	UBERON:0010314
UBERON:0002067	rdfs:subClassOf	UBERON:0013754
UBERON:0002073	rdfs:subClassOf	UBERON:0036150
UBERON:0002074	rdfs:subClassOf	UBERON:0000021
UBERON:0002075	rdfs:subClassOf	UBERON:0005177
UBERON:0002081	rdfs:subClassOf	UBERON:0004120
UBERON:0002081	rdfs:subClassOf	UBERON:0004151
UBERON:0002082	rdfs:subClassOf	UBERON:0004120
UBERON:0002082	rdfs:subClassOf	UBERON:0004151
UBERON:0002097	rdfs:subClassOf	FOODON:03420122
UBERON:0002097	rdfs:subClassOf	UBERON:0000062
UBERON:0002097	rdfs:subClassOf	UBERON:0004121
UBERON:0002097	rdfs:subClassOf	UBERON:0010314
UBERON:0002099	rdfs:subClassOf	UBERON:0003037
UBERON:0002099	rdfs:subClassOf	UBERON:0004120
UBERON:0002100	rdfs:subClassOf	UBERON:0011676
UBERON:0002101	rdfs:subClassOf	UBERON:0004708
UBERON:0002104	rdfs:subClassOf	UBERON:0001032
UBERON:0002106	rdfs:subClassOf	UBERON:0004177
UBERON:0002106	rdfs:subClassOf	UBERON:0005057
UBERON:0002106	rdfs:subClassOf	UBERON:0017672
UBERON:0002107	rdfs:subClassOf	UBERON:0002365
UBERON:0002107	rdfs:subClassOf	UBERON:0004119
UBERON:0002107	rdfs:subClassOf	UBERON:0005172
UBERON:0002107	rdfs:subClassOf	UBERON:0006925
UBERON:0002108	rdfs:subClassOf	UBERON:0004921
UBERON:0002108	rdfs:subClassOf	UBERON:0013765
UBERON:0002110	rdfs:subClassOf	UBERON:0004119
UBERON:0002110	rdfs:subClassOf	UBERON:0013765
UBERON:0002110	rdfs:subClassOf	UBERON:0017672
UBERON:0002110	rdfs:subClassOf	UBERON:0018707
UBERON:0002113	rdfs:subClassOf	UBERON:0000489
UBERON:0002113	rdfs:subClassOf	UBERON:0005172
UBERON:0002113	rdfs:subClassOf	UBERON:0015212
UBERON:0002114	rdfs:subClassOf	UBERON:0004921
UBERON:0002115	rdfs:subClassOf	UBERON:0004921
UBERON:0002116	rdfs:subClassOf	UBERON:0004921
UBERON:0002133	rdfs:subClassOf	UBERON:0000946
UBERON:0002134	rdfs:subClassOf	UBERON:0002133
UBERON:0002134	rdfs:subClassOf	UBERON:0005208
UBERON:0002185	rdfs:subClassOf	UBERON:0000117
UBERON:0002190	rdfs:subClassOf	UBERON:0001013
UBERON:0002190	rdfs:subClassOf	UBERON:0004120
UBERON:0002199	rdfs:subClassOf	UBERON:0010314
UBERON:0002199	rdfs:subClassOf	UBERON:0011216
UBERON:0002217	rdfs:subClassOf	UBERON:0000982
UBERON:0002224	rdfs:subClassOf	UBERON:0000464
UBERON:0002240	rdfs:subClassOf	UBERON:0000489
UBERON:0002240	rdfs:subClassOf	UBERON:0004121
UBERON:0002240	rdfs:subClassOf	UBERON:0005174
UBERON:0002240	rdfs:subClassOf	UBERON:0010314
UBERON:0002268	rdfs:subClassOf	UBERON:0000020
UBERON:0002294	rdfs:subClassOf	UBERON:0011216
UBERON:0002299	rdfs:subClassOf	UBERON:0003215
UBERON:0002308	rdfs:subClassOf	UBERON:0000125
UBERON:0002323	rdfs:subClassOf	UBERON:0002553
UBERON:0002331	rdfs:subClassOf	UBERON:0000478
UBERON:0002356	rdfs:subClassOf	UBERON:0009569
UBERON:0002358	rdfs:subClassOf	UBERON:0000042
UBERON:0002365	rdfs:subClassOf	UBERON:0002530
UBERON:0002367	rdfs:subClassOf	UBERON:0004119
UBERON:0002367	rdfs:subClassOf	UBERON:0010147
UBERON:0002368	rdfs:subClassOf	UBERON:0002530
UBERON:0002370	rdfs:subClassOf	UBERON:0002368
UBERON:0002370	rdfs:subClassOf	UBERON:0004119
UBERON:0002370	rdfs:subClassOf	UBERON:0004177
UBERON:0002370	rdfs:subClassOf	UBERON:0005057
UBERON:0002370	rdfs:subClassOf	UBERON:0005058
UBERON:0002371	rdfs:subClassOf	FOODON:03420122
UBERON:0002371	rdfs:subClassOf	UBERON:0000479
UBERON:0002384	rdfs:subClassOf	UBERON:0000479
UBERON:0002385	rdfs:subClassOf	UBERON:0000479
UBERON:0002385	rdfs:subClassOf	UBERON:0004120
UBERON:0002387	rdfs:subClassOf	UBERON:0002470
UBERON:0002387	rdfs:subClassOf	UBERON:0008784
UBERON:0002393	rdfs:subClassOf	UBERON:0000062
UBERON:0002398	rdfs:subClassOf	UBERON:0002470
UBERON:0002398	rdfs:subClassOf	UBERON:0008785
UBERON:0002402	rdfs:subClassOf	UBERON:0035809
UBERON:0002412	rdfs:subClassOf	UBERON:0002513
UBERON:0002412	rdfs:subClassOf	UBERON:0008001
UBERON:0002412	rdfs:subClassOf	UBERON:0010913
UBERON:0002416	rdfs:subClassOf	UBERON:0000467
UBERON:0002418	rdfs:subClassOf	UBERON:0004755
UBERON:0002450	rdfs:subClassOf	UBERON:0000478
UBERON:0002465	rdfs:subClassOf	UBERON:0000467
UBERON:0002470	rdfs:subClassOf	UBERON:0002529
UBERON:0002481	rdfs:subClassOf	UBERON:0004755
UBERON:0002483	rdfs:subClassOf	UBERON:0002481
UBERON:0002495	rdfs:subClassOf	UBERON:0001474
UBERON:0002513	rdfs:subClassOf	UBERON:0001474
UBERON:0002513	rdfs:subClassOf	UBERON:0010363
UBERON:0002529	rdfs:subClassOf	UBERON:0010538
UBERON:0002530	rdfs:subClassOf	UBERON:0000062
UBERON:0002535	rdfs:subClassOf	UBERON:0000062
UBERON:0002542	rdfs:subClassOf	UBERON:0003102
UBERON:0002548	rdfs:subClassOf	UBERON:0000468
UBERON:0002553	rdfs:subClassOf	UBERON:0000464
UBERON:0002616	rdfs:subClassOf	UBERON:0000073
UBERON:0002616	rdfs:subClassOf	UBERON:0004121
UBERON:0002749	rdfs:subClassOf	UBERON:0002616
UBERON:0002960	rdfs:subClassOf	UBERON:0006331
UBERON:0002960	rdfs:subClassOf	UBERON:0007414
UBERON:0002960	rdfs:subClassOf	UBERON:0009661
UBERON:0003037	rdfs:subClassOf	UBERON:0000061
UBERON:0003102	rdfs:subClassOf	UBERON:0000061
UBERON:0003103	rdfs:subClassOf	UBERON:0000062
UBERON:0003104	rdfs:subClassOf	UBERON:0000479
UBERON:0003126	rdfs:subClassOf	UBERON:0000117
UBERON:0003127	rdfs:subClassOf	UBERON:0001005
UBERON:0003129	rdfs:subClassOf	UBERON:0000075
UBERON:0003129	rdfs:subClassOf	UBERON:0010314
UBERON:0003133	rdfs:subClassOf	UBERON:0000062
UBERON:0003133	rdfs:subClassOf	UBERON:0005156
UBERON:0003134	rdfs:subClassOf	UBERON:0003133
UBERON:0003135	rdfs:subClassOf	UBERON:0003133
UBERON:0003142	rdfs:subClassOf	UBERON:0000468
UBERON:0003143	rdfs:subClassOf	UBERON:0000468
UBERON:0003215	rdfs:subClassOf	UBERON:0000064
UBERON:0003216	rdfs:subClassOf	UBERON:0034921
UBERON:0003217	rdfs:subClassOf	UBERON:0002616
UBERON:0003217	rdfs:subClassOf	UBERON:0005156
UBERON:0003297	rdfs:subClassOf	UBERON:0002530
UBERON:0003339	rdfs:subClassOf	UBERON:0000045
UBERON:0003342	rdfs:subClassOf	UBERON:0001207
UBERON:0003346	rdfs:subClassOf	UBERON:0001207
UBERON:0003350	rdfs:subClassOf	UBERON:0000483
UBERON:0003408	rdfs:subClassOf	UBERON:0002530
UBERON:0003408	rdfs:subClassOf	UBERON:0013765
UBERON:0003528	rdfs:subClassOf	UBERON:0002020
UBERON:0003567	rdfs:subClassOf	UBERON:0003838
UBERON:0003586	rdfs:subClassOf	UBERON:0002384
UBERON:0003657	rdfs:subClassOf	UBERON:0000982
UBERON:0003672	rdfs:subClassOf	UBERON:0034925
UBERON:0003684	rdfs:subClassOf	UBERON:0000464
UBERON:0003729	rdfs:subClassOf	UBERON:0000344
UBERON:0003830	rdfs:subClassOf	UBERON:0001774
UBERON:0003830	rdfs:subClassOf	UBERON:0005181
UBERON:0003831	rdfs:subClassOf	UBERON:0001630
UBERON:0003837	rdfs:subClassOf	UBERON:0003586
UBERON:0003838	rdfs:subClassOf	UBERON:0003586
UBERON:0003840	rdfs:subClassOf	UBERON:0003657
UBERON:0003889	rdfs:subClassOf	UBERON:0004120
UBERON:0003889	rdfs:subClassOf	UBERON:0013515
UBERON:0003889	rdfs:subClassOf	UBERON:0015212
UBERON:0003891	rdfs:subClassOf	UBERON:0000064
UBERON:0003903	rdfs:subClassOf	UBERON:0004177
UBERON:0003903	rdfs:subClassOf	UBERON:0011510
UBERON:0003903	rdfs:subClassOf	UBERON:0013765
UBERON:0003913	rdfs:subClassOf	UBERON:0004765
UBERON:0003916	rdfs:subClassOf	UBERON:0001013
UBERON:0003917	rdfs:subClassOf	UBERON:0000062
UBERON:0003928	rdfs:subClassOf	UBERON:0000058
UBERON:0003937	rdfs:subClassOf	UBERON:0002530
UBERON:0003937	rdfs:subClassOf	UBERON:0005156
UBERON:0003978	rdfs:subClassOf	UBERON:0000064
UBERON:0004004	rdfs:subClassOf	UBERON:0002749
UBERON:0004070	rdfs:subClassOf	UBERON:0004004
UBERON:0004083	rdfs:subClassOf	UBERON:0004070
UBERON:0004111	rdfs:subClassOf	UBERON:0010000
UBERON:0004119	rdfs:subClassOf	UBERON:0000061
UBERON:0004120	rdfs:subClassOf	UBERON:0000061
UBERON:0004121	rdfs:subClassOf	UBERON:0000061
UBERON:0004122	rdfs:subClassOf	UBERON:0000467
UBERON:0004151	rdfs:subClassOf	UBERON:0000064
UBERON:0004151	rdfs:subClassOf	UBERON:0004120
UBERON:0004176	rdfs:subClassOf	UBERON:0003133
UBERON:0004177	rdfs:subClassOf	UBERON:0000062
UBERON:0004177	rdfs:subClassOf	UBERON:0004120
UBERON:0004292	rdfs:subClassOf	UBERON:0003837
UBERON:0004529	rdfs:subClassOf	UBERON:0034768
UBERON:0004708	rdfs:subClassOf	UBERON:0000026
UBERON:0004708	rdfs:subClassOf	UBERON:0010314
UBERON:0004728	rdfs:subClassOf	UBERON:0000069
UBERON:0004755	rdfs:subClassOf	UBERON:0002384
UBERON:0004756	rdfs:subClassOf	UBERON:0004121
UBERON:0004756	rdfs:subClassOf	UBERON:0004765
UBERON:0004756	rdfs:subClassOf	UBERON:0010314
UBERON:0004765	rdfs:subClassOf	UBERON:0000062
UBERON:0004785	rdfs:subClassOf	UBERON:0000344
UBERON:0004786	rdfs:subClassOf	UBERON:0000344
UBERON:0004796	rdfs:subClassOf	UBERON:0006530
UBERON:0004802	rdfs:subClassOf	UBERON:0004807
UBERON:0004802	rdfs:subClassOf	UBERON:0010499
UBERON:0004807	rdfs:subClassOf	UBERON:0000483
UBERON:0004814	rdfs:subClassOf	UBERON:0004802
UBERON:0004882	rdfs:subClassOf	UBERON:0000483
UBERON:0004905	rdfs:subClassOf	UBERON:0034921
UBERON:0004907	rdfs:subClassOf	UBERON:0004921
UBERON:0004921	rdfs:subClassOf	UBERON:0013522
UBERON:0004923	rdfs:subClassOf	UBERON:0000064
UBERON:0005052	rdfs:subClassOf	UBERON:0000945
UBERON:0005057	rdfs:subClassOf	UBERON:0000062
UBERON:0005058	rdfs:subClassOf	UBERON:0002530
UBERON:0005090	rdfs:subClassOf	UBERON:0000061
UBERON:0005156	rdfs:subClassOf	UBERON:0010000
UBERON:0005162	rdfs:subClassOf	UBERON:0000061
UBERON:0005172	rdfs:subClassOf	UBERON:0005173
UBERON:0005173	rdfs:subClassOf	UBERON:0005177
UBERON:0005174	rdfs:subClassOf	UBERON:0000062
UBERON:0005175	rdfs:subClassOf	UBERON:0005181
UBERON:0005177	rdfs:subClassOf	UBERON:0000062
UBERON:0005178	rdfs:subClassOf	UBERON:0002075
UBERON:0005178	rdfs:subClassOf	UBERON:0005181
UBERON:0005179	rdfs:subClassOf	UBERON:0005173
UBERON:0005181	rdfs:subClassOf	UBERON:0005177
UBERON:0005200	rdfs:subClassOf	UBERON:0001911
UBERON:0005200	rdfs:subClassOf	UBERON:0005175
UBERON:0005208	rdfs:subClassOf	UBERON:0003978
UBERON:0005253	rdfs:subClassOf	UBERON:0003104
UBERON:0005253	rdfs:subClassOf	UBERON:0005291
UBERON:0005291	rdfs:subClassOf	UBERON:0000479
UBERON:0005384	rdfs:subClassOf	UBERON:0003350
UBERON:0005384	rdfs:subClassOf	UBERON:0004814
UBERON:0005384	rdfs:subClassOf	UBERON:0019306
UBERON:0005386	rdfs:subClassOf	UBERON:0001826
UBERON:0005389	rdfs:subClassOf	UBERON:0000061
UBERON:0005399	rdfs:subClassOf	UBERON:0003937
UBERON:0005401	rdfs:subClassOf	UBERON:0011300
UBERON:0005409	rdfs:subClassOf	UBERON:0000467
UBERON:0005423	rdfs:subClassOf	UBERON:0000001
UBERON:0005423	rdfs:subClassOf	UBERON:0000465
UBERON:0005669	rdfs:subClassOf	UBERON:0001136
UBERON:0005725	rdfs:subClassOf	UBERON:0005726
UBERON:0005726	rdfs:subClassOf	UBERON:0001032
UBERON:0005856	rdfs:subClassOf	UBERON:0007524
UBERON:0005856	rdfs:subClassOf	UBERON:0011585
UBERON:0005870	rdfs:subClassOf	UBERON:0016566
UBERON:0005904	rdfs:subClassOf	UBERON:0000058
UBERON:0005904	rdfs:subClassOf	UBERON:0005156
UBERON:0005928	rdfs:subClassOf	UBERON:0000003
UBERON:0005928	rdfs:subClassOf	UBERON:0003102
UBERON:0006003	rdfs:subClassOf	UBERON:0000064
UBERON:0006058	rdfs:subClassOf	UBERON:0010758
UBERON:0006311	rdfs:subClassOf	UBERON:0000063
UBERON:0006311	rdfs:subClassOf	UBERON:0004121
UBERON:0006312	rdfs:subClassOf	UBERON:0000463
UBERON:0006314	rdfs:subClassOf	UBERON:0000463
UBERON:0006331	rdfs:subClassOf	UBERON:0002308
UBERON:0006530	rdfs:subClassOf	UBERON:0000456
UBERON:0006530	rdfs:subClassOf	UBERON:0006536
UBERON:0006536	rdfs:subClassOf	UBERON:0022293
UBERON:0006538	rdfs:subClassOf	UBERON:0000463
UBERON:0006539	rdfs:subClassOf	UBERON:0000456
UBERON:0006555	rdfs:subClassOf	UBERON:0000025
UBERON:0006558	rdfs:subClassOf	UBERON:0011216
UBERON:0006562	rdfs:subClassOf	UBERON:0004921
UBERON:0006575	rdfs:subClassOf	UBERON:0000475
UBERON:0006611	rdfs:subClassOf	FOODON:03420168
UBERON:0006611	rdfs:subClassOf	UBERON:0000477
UBERON:0006612	rdfs:subClassOf	UBERON:0000477
UBERON:0006742	rdfs:subClassOf	UBERON:0007651
UBERON:0006834	rdfs:subClassOf	UBERON:0005156
UBERON:0006834	rdfs:subClassOf	UBERON:0013522
UBERON:0006860	rdfs:subClassOf	UBERON:0002075
UBERON:0006860	rdfs:subClassOf	UBERON:0018707
UBERON:0006866	rdfs:subClassOf	UBERON:0004921
UBERON:0006911	rdfs:subClassOf	UBERON:0000463
UBERON:0006914	rdfs:subClassOf	UBERON:0000483
UBERON:0006925	rdfs:subClassOf	UBERON:0002368
UBERON:0006925	rdfs:subClassOf	UBERON:0013765
UBERON:0006956	rdfs:subClassOf	UBERON:0003729
UBERON:0006967	rdfs:subClassOf	UBERON:0006969
UBERON:0006969	rdfs:subClassOf	UBERON:0004529
UBERON:0006972	rdfs:subClassOf	UBERON:0006555
UBERON:0007100	rdfs:subClassOf	UBERON:0015228
UBERON:0007106	rdfs:subClassOf	UBERON:0000478
UBERON:0007106	rdfs:subClassOf	UBERON:0002050
UBERON:0007109	rdfs:subClassOf	UBERON:0001988
UBERON:0007118	rdfs:subClassOf	UBERON:0000479
UBERON:0007213	rdfs:subClassOf	UBERON:0005253
UBERON:0007213	rdfs:subClassOf	UBERON:0014387
UBERON:0007220	rdfs:subClassOf	UBERON:0000105
UBERON:0007311	rdfs:subClassOf	UBERON:0006538
UBERON:0007329	rdfs:subClassOf	UBERON:0003928
UBERON:0007329	rdfs:subClassOf	UBERON:0004119
UBERON:0007330	rdfs:subClassOf	UBERON:3000972
UBERON:0007356	rdfs:subClassOf	UBERON:0013765
UBERON:0007357	rdfs:subClassOf	UBERON:0011953
UBERON:0007358	rdfs:subClassOf	UBERON:0011953
UBERON:0007359	rdfs:subClassOf	UBERON:0011954
UBERON:0007361	rdfs:subClassOf	UBERON:0011954
UBERON:0007362	rdfs:subClassOf	UBERON:0011954
UBERON:0007365	rdfs:subClassOf	UBERON:0011954
UBERON:0007376	rdfs:subClassOf	UBERON:0000483
UBERON:0007376	rdfs:subClassOf	UBERON:0003102
UBERON:0007376	rdfs:subClassOf	UBERON:0010371
UBERON:0007379	rdfs:subClassOf	FOODON:02010002
UBERON:0007379	rdfs:subClassOf	FOODON:03420194
UBERON:0007379	rdfs:subClassOf	UBERON:0002050
UBERON:0007380	rdfs:subClassOf	UBERON:0002542
UBERON:0007380	rdfs:subClassOf	UBERON:0004756
UBERON:0007380	rdfs:subClassOf	UBERON:3000961
UBERON:0007414	rdfs:subClassOf	UBERON:0000125
UBERON:0007491	rdfs:subClassOf	UBERON:0000476
UBERON:0007524	rdfs:subClassOf	UBERON:0003104
UBERON:0007592	rdfs:subClassOf	UBERON:0000485
UBERON:0007592	rdfs:subClassOf	UBERON:0007601
UBERON:0007601	rdfs:subClassOf	UBERON:0000483
UBERON:0007616	rdfs:subClassOf	UBERON:0000042
UBERON:0007651	rdfs:subClassOf	UBERON:0000061
UBERON:0007779	rdfs:subClassOf	UBERON:0006314
UBERON:0007794	rdfs:subClassOf	UBERON:0000456
UBERON:0007794	rdfs:subClassOf	UBERON:0006314
UBERON:0007795	rdfs:subClassOf	UBERON:0001268
UBERON:0007798	rdfs:subClassOf	UBERON:0000467
UBERON:0007808	rdfs:subClassOf	UBERON:0001013
UBERON:0007808	rdfs:subClassOf	UBERON:0003567
UBERON:0007842	rdfs:subClassOf	UBERON:0001474
UBERON:0007844	rdfs:subClassOf	UBERON:0004765
UBERON:0007845	rdfs:subClassOf	UBERON:0002384
UBERON:0007846	rdfs:subClassOf	UBERON:0007845
UBERON:0007846	rdfs:subClassOf	UBERON:0011823
UBERON:0008001	rdfs:subClassOf	UBERON:0001474
UBERON:0008246	rdfs:subClassOf	UBERON:0004921
UBERON:0008250	rdfs:subClassOf	UBERON:0004921
UBERON:0008330	rdfs:subClassOf	UBERON:0001349
UBERON:0008337	rdfs:subClassOf	UBERON:0000475
UBERON:0008784	rdfs:subClassOf	UBERON:0002529
UBERON:0008785	rdfs:subClassOf	UBERON:0002529
UBERON:0008805	rdfs:subClassOf	UBERON:0000093
UBERON:0008811	rdfs:subClassOf	UBERON:0003135
UBERON:0008827	rdfs:subClassOf	UBERON:0011954
UBERON:0008846	rdfs:subClassOf	UBERON:0000211
UBERON:0008897	rdfs:subClassOf	UBERON:0000026
UBERON:0008907	rdfs:subClassOf	UBERON:0004756
UBERON:0008907	rdfs:subClassOf	UBERON:0007842
UBERON:0008955	rdfs:subClassOf	UBERON:0000101
UBERON:0008963	rdfs:subClassOf	UBERON:0009564
UBERON:0008972	rdfs:subClassOf	UBERON:0000064
UBERON:0008982	rdfs:subClassOf	UBERON:0007846
UBERON:0009074	rdfs:subClassOf	UBERON:0034681
UBERON:0009471	rdfs:subClassOf	UBERON:0000064
UBERON:0009564	rdfs:subClassOf	UBERON:0013703
UBERON:0009569	rdfs:subClassOf	UBERON:0000475
UBERON:0009661	rdfs:subClassOf	UBERON:0002308
UBERON:0009719	rdfs:subClassOf	UBERON:0000026
UBERON:0009854	rdfs:subClassOf	UBERON:0004921
UBERON:0009854	rdfs:subClassOf	UBERON:0009856
UBERON:0009856	rdfs:subClassOf	UBERON:0000061
UBERON:0009870	rdfs:subClassOf	UBERON:0004921
UBERON:0009870	rdfs:subClassOf	UBERON:0034944
UBERON:0009912	rdfs:subClassOf	UBERON:0000063
UBERON:0010000	rdfs:subClassOf	UBERON:0000061
UBERON:0010039	rdfs:subClassOf	UBERON:0013765
UBERON:0010143	rdfs:subClassOf	UBERON:0006530
UBERON:0010147	rdfs:subClassOf	UBERON:0005399
UBERON:0010152	rdfs:subClassOf	UBERON:0000912
UBERON:0010230	rdfs:subClassOf	UBERON:0000020
UBERON:0010230	rdfs:subClassOf	UBERON:0004121
UBERON:0010264	rdfs:subClassOf	UBERON:0003408
UBERON:0010264	rdfs:subClassOf	UBERON:0006925
UBERON:0010313	rdfs:subClassOf	UBERON:0004121
UBERON:0010313	rdfs:subClassOf	UBERON:0010314
UBERON:0010314	rdfs:subClassOf	UBERON:0000061
UBERON:0010363	rdfs:subClassOf	UBERON:0004765
UBERON:0010365	rdfs:subClassOf	UBERON:0004755
UBERON:0010371	rdfs:subClassOf	UBERON:0000483
UBERON:0010371	rdfs:subClassOf	UBERON:0004121
UBERON:0010409	rdfs:subClassOf	UBERON:0000063
UBERON:0010498	rdfs:subClassOf	UBERON:0000485
UBERON:0010499	rdfs:subClassOf	UBERON:0007592
UBERON:0010499	rdfs:subClassOf	UBERON:0010498
UBERON:0010516	rdfs:subClassOf	UBERON:0008811
UBERON:0010518	rdfs:subClassOf	UBERON:0010516
UBERON:0010538	rdfs:subClassOf	UBERON:0010758
UBERON:0010754	rdfs:subClassOf	UBERON:0001744
UBERON:0010758	rdfs:subClassOf	UBERON:0000475
UBERON:0010913	rdfs:subClassOf	UBERON:0004765
UBERON:0010996	rdfs:subClassOf	UBERON:0001994
UBERON:0011139	rdfs:subClassOf	UBERON:0002217
UBERON:0011139	rdfs:subClassOf	UBERON:0003657
UBERON:0011150	rdfs:subClassOf	UBERON:0002535
UBERON:0011150	rdfs:subClassOf	UBERON:0004119
UBERON:0011215	rdfs:subClassOf	UBERON:0004121
UBERON:0011215	rdfs:subClassOf	UBERON:0005162
UBERON:0011216	rdfs:subClassOf	UBERON:0010000
UBERON:0011233	rdfs:subClassOf	UBERON:0007616
UBERON:0011256	rdfs:subClassOf	UBERON:0003102
UBERON:0011300	rdfs:subClassOf	UBERON:0010314
UBERON:0011300	rdfs:subClassOf	UBERON:0019264
UBERON:0011510	rdfs:subClassOf	UBERON:0000063
UBERON:0011585	rdfs:subClassOf	UBERON:0000061
UBERON:0011676	rdfs:subClassOf	UBERON:0000475
UBERON:0011803	rdfs:subClassOf	UBERON:0003104
UBERON:0011821	rdfs:subClassOf	UBERON:0002384
UBERON:0011822	rdfs:subClassOf	UBERON:0011821
UBERON:0011822	rdfs:subClassOf	UBERON:0011823
UBERON:0011823	rdfs:subClassOf	UBERON:0002384
UBERON:0011953	rdfs:subClassOf	UBERON:0009870
UBERON:0011954	rdfs:subClassOf	UBERON:0009870
UBERON:0011985	rdfs:subClassOf	UBERON:0001825
UBERON:0011997	rdfs:subClassOf	UBERON:0000481
UBERON:0012112	rdfs:subClassOf	UBERON:0000463
UBERON:0012114	rdfs:subClassOf	UBERON:0036017
UBERON:0012168	rdfs:subClassOf	UBERON:0013755
UBERON:0012274	rdfs:subClassOf	UBERON:0000483
UBERON:0012275	rdfs:subClassOf	UBERON:0000483
UBERON:0012275	rdfs:subClassOf	UBERON:0004120
UBERON:0012317	rdfs:subClassOf	UBERON:0000161
UBERON:0012317	rdfs:subClassOf	UBERON:0005156
UBERON:0012348	rdfs:subClassOf	UBERON:0015790
UBERON:0012422	rdfs:subClassOf	UBERON:0000463
UBERON:0012447	rdfs:subClassOf	UBERON:3000981
UBERON:0012474	rdfs:subClassOf	UBERON:0009854
UBERON:0012644	rdfs:subClassOf	UBERON:0000062
UBERON:0013119	rdfs:subClassOf	UBERON:0002075
UBERON:0013119	rdfs:subClassOf	UBERON:0004177
UBERON:0013119	rdfs:subClassOf	UBERON:0005057
UBERON:0013198	rdfs:subClassOf	UBERON:0018657
UBERON:0013216	rdfs:subClassOf	UBERON:0000481
UBERON:0013488	rdfs:subClassOf	UBERON:0001013
UBERON:0013488	rdfs:subClassOf	UBERON:0002190
UBERON:0013515	rdfs:subClassOf	UBERON:0005156
UBERON:0013515	rdfs:subClassOf	UBERON:0013522
UBERON:0013522	rdfs:subClassOf	UBERON:0000064
UBERON:0013630	rdfs:subClassOf	UBERON:0001474
UBERON:0013702	rdfs:subClassOf	UBERON:0000475
UBERON:0013703	rdfs:subClassOf	UBERON:0004529
UBERON:0013703	rdfs:subClassOf	UBERON:0006003
UBERON:0013754	rdfs:subClassOf	UBERON:0004923
UBERON:0013755	rdfs:subClassOf	UBERON:0000178
UBERON:0013765	rdfs:subClassOf	UBERON:0000062
UBERON:0014387	rdfs:subClassOf	UBERON:0003104
UBERON:0014387	rdfs:subClassOf	UBERON:0010313
UBERON:0014454	rdfs:subClassOf	UBERON:0007808
UBERON:0014858	rdfs:subClassOf	UBERON:0000105
UBERON:0014892	rdfs:subClassOf	UBERON:0001630
UBERON:0014895	rdfs:subClassOf	UBERON:0005090
UBERON:0015203	rdfs:subClassOf	UBERON:0034923
UBERON:0015204	rdfs:subClassOf	UBERON:0015203
UBERON:0015212	rdfs:subClassOf	UBERON:0000061
UBERON:0015228	rdfs:subClassOf	UBERON:0003103
UBERON:0015230	rdfs:subClassOf	UBERON:0007100
UBERON:0015232	rdfs:subClassOf	UBERON:0006562
UBERON:0015232	rdfs:subClassOf	UBERON:0013765
UBERON:0015757	rdfs:subClassOf	UBERON:0000479
UBERON:0015790	rdfs:subClassOf	UBERON:0001419
UBERON:0016446	rdfs:subClassOf	UBERON:0001037
UBERON:0016482	rdfs:subClassOf	UBERON:0000463
UBERON:0016484	rdfs:subClassOf	UBERON:0016482
UBERON:0016485	rdfs:subClassOf	UBERON:0016482
UBERON:0016486	rdfs:subClassOf	UBERON:0000051
UBERON:0016487	rdfs:subClassOf	UBERON:0000051
UBERON:0016552	rdfs:subClassOf	UBERON:0000912
UBERON:0016566	rdfs:subClassOf	UBERON:0036215
UBERON:0017672	rdfs:subClassOf	UBERON:0002075
UBERON:0017672	rdfs:subClassOf	UBERON:0005172
UBERON:0018657	rdfs:subClassOf	UBERON:0000476
UBERON:0018707	rdfs:subClassOf	UBERON:0000489
UBERON:0018707	rdfs:subClassOf	UBERON:0009856
UBERON:0019042	rdfs:subClassOf	UBERON:0000344
UBERON:0019042	rdfs:subClassOf	UBERON:0005156
UBERON:0019264	rdfs:subClassOf	UBERON:0003528
UBERON:0019304	rdfs:subClassOf	UBERON:0000483
UBERON:0019306	rdfs:subClassOf	UBERON:0019304
UBERON:0019315	rdfs:subClassOf	UBERON:0001866
UBERON:0019319	rdfs:subClassOf	UBERON:0002365
UBERON:0019319	rdfs:subClassOf	UBERON:0003297
UBERON:0022275	rdfs:subClassOf	UBERON:0000064
UBERON:0022276	rdfs:subClassOf	UBERON:0022275
UBERON:0022277	rdfs:subClassOf	UBERON:0022275
UBERON:0022293	rdfs:subClassOf	UBERON:0000463
UBERON:0034681	rdfs:subClassOf	UBERON:0000062
UBERON:0034768	rdfs:subClassOf	UBERON:0000061
UBERON:0034769	rdfs:subClassOf	UBERON:0015757
UBERON:0034921	rdfs:subClassOf	UBERON:0010000
UBERON:0034923	rdfs:subClassOf	UBERON:0000465
UBERON:0034925	rdfs:subClassOf	UBERON:0000465
UBERON:0034929	rdfs:subClassOf	UBERON:0010000
UBERON:0034929	rdfs:subClassOf	UBERON:0010314
UBERON:0034944	rdfs:subClassOf	UBERON:0000064
UBERON:0035809	rdfs:subClassOf	UBERON:0002553
UBERON:0035818	rdfs:subClassOf	UBERON:0001013
UBERON:0035963	rdfs:subClassOf	UBERON:0006314
UBERON:0036017	rdfs:subClassOf	UBERON:0000463
UBERON:0036150	rdfs:subClassOf	UBERON:0000063
UBERON:0036215	rdfs:subClassOf	UBERON:0000001
UBERON:0036215	rdfs:subClassOf	UBERON:0000465
UBERON:0036217	rdfs:subClassOf	UBERON:0006314
UBERON:0036243	rdfs:subClassOf	UBERON:0006314
UBERON:0036244	rdfs:subClassOf	UBERON:0007779
UBERON:2000165	rdfs:subClassOf	UBERON:0002616
UBERON:2000356	rdfs:subClassOf	UBERON:0008907
UBERON:2001995	rdfs:subClassOf	UBERON:0003102
UBERON:3000961	rdfs:subClassOf	UBERON:0003102
UBERON:3000972	rdfs:subClassOf	UBERON:3000961
UBERON:3000981	rdfs:subClassOf	UBERON:3000961
UBERON:3010636	rdfs:subClassOf	UBERON:0000476
UBERON:3010636	rdfs:subClassOf	UBERON:0000478
UBERON:3011040	rdfs:subClassOf	UBERON:0002050
UBERON:4000013	rdfs:subClassOf	UBERON:0004755
UBERON:4300194	rdfs:subClassOf	UBERON:0000062
UBERON:6000016	rdfs:subClassOf	UBERON:0000914
UBERON:6000017	rdfs:subClassOf	UBERON:6000016
UBERON:6000154	rdfs:subClassOf	UBERON:0000914
UBERON:6000167	rdfs:subClassOf	UBERON:6000016
UBERON:6000167	rdfs:subClassOf	UBERON:6000154
UBERON:6000168	rdfs:subClassOf	UBERON:6000017
UBERON:6000168	rdfs:subClassOf	UBERON:6000167
UBERON:6001729	rdfs:subClassOf	UBERON:0000914
UBERON:6001742	rdfs:subClassOf	UBERON:6000016
UBERON:6001742	rdfs:subClassOf	UBERON:6001729
UBERON:6001743	rdfs:subClassOf	UBERON:6000017
UBERON:6001743	rdfs:subClassOf	UBERON:6001742
UBERON:6003006	rdfs:subClassOf	UBERON:0000914
UBERON:6003019	rdfs:subClassOf	UBERON:6000016
UBERON:6003019	rdfs:subClassOf	UBERON:6003006
UBERON:6003020	rdfs:subClassOf	UBERON:6000017
UBERON:6003020	rdfs:subClassOf	UBERON:6003019
UBERON:6003626	rdfs:subClassOf	UBERON:0003339
UBERON:6003626	rdfs:subClassOf	UBERON:0004121
UBERON:6005043	rdfs:subClassOf	UBERON:0003127
UBERON:6110636	rdfs:subClassOf	UBERON:6003626
UBERON:8420000	rdfs:subClassOf	UBERON:0016446
UBERON:8450002	rdfs:subClassOf	UBERON:0000467
UBERON:8480046	rdfs:subClassOf	UBERON:0001199
mesh:D000038	rdfs:subClassOf	mesh:D013492
mesh:D000068357	rdfs:subClassOf	mesh:D004777
mesh:D000076624	rdfs:subClassOf	mesh:D004779
mesh:D000083422	rdfs:subClassOf	mesh:D064307
mesh:D000818	rdfs:subClassOf	mesh:D056890
mesh:D001525	rdfs:subClassOf	mesh:D004191
mesh:D003063	rdfs:subClassOf	mesh:D007448
mesh:D004777	rdfs:subClassOf	mesh:D004778
mesh:D004777	rdfs:subClassOf	mesh:D055669
mesh:D004779	rdfs:subClassOf	mesh:D004777
mesh:D004779	rdfs:subClassOf	mesh:D012939
mesh:D004779	rdfs:subClassOf	mesh:D012942
mesh:D004787	rdfs:subClassOf	mesh:D011634
mesh:D006262	rdfs:subClassOf	mesh:D011154
mesh:D007249	rdfs:subClassOf	mesh:D010335
mesh:D007448	rdfs:subClassOf	mesh:D000818
mesh:D008511	rdfs:subClassOf	mesh:D006281
mesh:D009059	rdfs:subClassOf	mesh:D009057
mesh:D009792	rdfs:subClassOf	mesh:D005842
mesh:D009792	rdfs:subClassOf	mesh:D012623
mesh:D009792	rdfs:subClassOf	mesh:D055593
mesh:D010335	rdfs:subClassOf	mesh:D013568
mesh:D010510	rdfs:subClassOf	mesh:D009059
mesh:D010514	rdfs:subClassOf	mesh:D010518
mesh:D010518	rdfs:subClassOf	mesh:D010510
mesh:D010933	rdfs:subClassOf	mesh:D059001
mesh:D011634	rdfs:subClassOf	mesh:D004778
mesh:D011634	rdfs:subClassOf	mesh:D006262
mesh:D011634	rdfs:subClassOf	mesh:D008511
mesh:D012623	rdfs:subClassOf	mesh:D000068357
mesh:D012939	rdfs:subClassOf	mesh:D012961
mesh:D012942	rdfs:subClassOf	mesh:D001525
mesh:D012961	rdfs:subClassOf	mesh:D012942
mesh:D013492	rdfs:subClassOf	mesh:D007239
mesh:D013492	rdfs:subClassOf	mesh:D007249
mesh:D014866	rdfs:subClassOf	mesh:D004787
mesh:D014866	rdfs:subClassOf	mesh:D045424
mesh:D015048	rdfs:subClassOf	mesh:D010933
mesh:D017753	rdfs:subClassOf	mesh:D004777
mesh:D019669	rdfs:subClassOf	mesh:D057949
mesh:D037421	rdfs:subClassOf	mesh:D003063
mesh:D044002	rdfs:subClassOf	mesh:D019669
mesh:D044003	rdfs:subClassOf	mesh:D044002
mesh:D044822	rdfs:subClassOf	mesh:D017753
mesh:D055593	rdfs:subClassOf	mesh:D055585
mesh:D055669	rdfs:subClassOf	mesh:D001686
mesh:D057948	rdfs:subClassOf	mesh:D056890
mesh:D057949	rdfs:subClassOf	mesh:D057948
mesh:D058448	rdfs:subClassOf	mesh:D044822
mesh:D059001	rdfs:subClassOf	mesh:D009792
mesh:D059001	rdfs:subClassOf	mesh:D056891
mesh:D062611	rdfs:subClassOf	mesh:D014866
mesh:D064307	rdfs:subClassOf	mesh:D008827
mesh:D064307	rdfs:subClassOf	mesh:D058448
