prego_id	ontology	biolink_category	taxon_count	direct_assertion_count	max_prego_score	channels	prego_synonyms
ENVO:00001998	ENVO	biolink:OntologyClass	8715	11564	4.00727	annotated_genomes_isolates|environmental_samples	ground|grounds|soil|soils|soilses
ENVO:00002030	ENVO	biolink:OntologyClass	8383	9774	4	annotated_genomes_isolates|environmental_samples	aquatic|aquatic biome|aquatics
ENVO:00000446	ENVO	biolink:OntologyClass	7715	8888	4.00735	annotated_genomes_isolates|environmental_samples	terrestrial|terrestrial biome|terrestrial realm|terrestrial realmic|terrestrial realms|terrestrialic|terrestrials
ENVO:00000873	ENVO	biolink:OntologyClass	5856	6338	4	annotated_genomes_isolates|environmental_samples	freshwater|freshwater biome|freshwater realm|freshwater realmic|freshwater realms|freshwaters
ENVO:00002011	ENVO	biolink:OntologyClass	4936	5275	4	annotated_genomes_isolates|environmental_samples	fresh water|fresh waters
ENVO:01000159	ENVO	biolink:OntologyClass	4003	4555	4	environmental_samples	organic feature|organic features
ENVO:00002036	ENVO	biolink:OntologyClass	3869	4453	4	environmental_samples	biotope|biotopes|habitat|habitatic|habitats
ENVO:01000155	ENVO	biolink:OntologyClass	3590	3944	4	annotated_genomes_isolates|environmental_samples	organic material|organic materialic|organic materials
ENVO:00002007	ENVO	biolink:OntologyClass	3153	4207	4	annotated_genomes_isolates|environmental_samples	sediment|sediments
BTO:0001481	BTO	biolink:GrossAnatomicalStructure	3150	3245	4	annotated_genomes_isolates|environmental_samples	Pflanze|Pflanzes|plant|plantae|plantaes|plantic|plants|viridiplantae|viridiplantaes
ENVO:01000313	ENVO	biolink:OntologyClass	3087	3220	4	environmental_samples	anthropogenic environment|anthropogenic environments
ENVO:00000447	ENVO	biolink:OntologyClass	3082	3616	4	annotated_genomes_isolates|environmental_samples	marine|marine biome|marine realm|marine realmic|marine realms|marines|marinous
ENVO:01000007	ENVO	biolink:OntologyClass	3039	3286	4	environmental_samples	microbial feature|microbial features
ENVO:00000078	ENVO	biolink:OntologyClass	2943	3103	4	annotated_genomes_isolates|environmental_samples	farm|farmland|farmlandic|farmlands|farms|farmses|farmsic|farmstead|farmsteadic|farmsteads|ranch|ranches|ranchic
ENVO:00000015	ENVO	biolink:OntologyClass	2942	3304	4	annotated_genomes_isolates|environmental_samples	ocean|ocean region|ocean regional|ocean regions|oceanic|oceans
ENVO:00002041	ENVO	biolink:OntologyClass	2855	4757	4	annotated_genomes_isolates	ground water|ground waters
ENVO:00000111	ENVO	biolink:OntologyClass	2798	2831	4	annotated_genomes_isolates|environmental_samples	copse|copses|deciduous forest|deciduous forests|forest|forest reserve|forest reserves|forests|grove|groves
ENVO:00002006	ENVO	biolink:OntologyClass	2679	2929	4	annotated_genomes_isolates|environmental_samples	water|waters
ENVO:01000204	ENVO	biolink:OntologyClass	2670	2682	4	annotated_genomes_isolates|environmental_samples	tropical|tropicalic|tropicals
ENVO:01000206	ENVO	biolink:OntologyClass	2623	2755	4	environmental_samples	temperate|temperates
ENVO:00000086	ENVO	biolink:OntologyClass	2589	2589	2.34363	environmental_samples	llanos|llanoses|outwash plain|outwash plains|plain|plains
ENVO:01000193	ENVO	biolink:OntologyClass	2543	2587	4	environmental_samples	temperate grassland|temperate grassland biome|temperate grasslandic|temperate grasslands
ENVO:00002005	ENVO	biolink:OntologyClass	2424	2436	4	annotated_genomes_isolates|environmental_samples	air
ENVO:0010001	ENVO	biolink:OntologyClass	2418	2647	4	environmental_samples	anthropogenic environmental material|anthropogenic environmental materialic|anthropogenic environmental materials
ENVO:2100002	ENVO	biolink:OntologyClass	2406	2617	4	environmental_samples	intestine environment|intestine environments
ENVO:00000428	ENVO	biolink:OntologyClass	2394	2549	4	environmental_samples	EcosytemType|EcosytemTypes|biomal|biome|biomes|ecosystem|ecosystems|major habitat type|major habitat types
ENVO:00000114	ENVO	biolink:OntologyClass	2315	2329	4	annotated_genomes_isolates|environmental_samples	field|fields
ENVO:01000156	ENVO	biolink:OntologyClass	2205	2401	4	environmental_samples	biofilm material|biofilm materialic|biofilm materials
ENVO:01000320	ENVO	biolink:OntologyClass	2202	2301	4	environmental_samples	marine environment|marine environments
ENVO:00002982	ENVO	biolink:OntologyClass	2194	2194	3	annotated_genomes_isolates|environmental_samples	clay|clayey|clayeys
ENVO:00002261	ENVO	biolink:OntologyClass	2139	2218	4	annotated_genomes_isolates|environmental_samples	forest soil|forest soils
ENVO:01000200	ENVO	biolink:OntologyClass	2101	2101	1.96116	environmental_samples	tropical broadleaf forest|tropical broadleaf forest biome|tropical broadleaf forests
ENVO:00003031	ENVO	biolink:OntologyClass	2077	2293	4	annotated_genomes_isolates|environmental_samples	animal manure|animal manures
ENVO:01000024	ENVO	biolink:OntologyClass	2067	2067	2.20432	environmental_samples	marine benthic|marine benthic biome|marine benthics
ENVO:00002113	ENVO	biolink:OntologyClass	2065	2155	4	annotated_genomes_isolates|environmental_samples	marine sediment|marine sediments|pelagic sediment {alternative name}
ENVO:00005802	ENVO	biolink:OntologyClass	2036	2038	4	environmental_samples	bulk soil|bulk soils
ENVO:01000249	ENVO	biolink:OntologyClass	1977	1984	4	annotated_genomes_isolates|environmental_samples	urban|urban biome|urbanic|urbans
ENVO:01000180	ENVO	biolink:OntologyClass	1971	2049	4	annotated_genomes_isolates|environmental_samples	tundra|tundra biome|tundral|tundras
ENVO:00002170	ENVO	biolink:OntologyClass	1913	1915	3	annotated_genomes_isolates|environmental_samples	compost|composts
ENVO:00002149	ENVO	biolink:OntologyClass	1887	1949	4	annotated_genomes_isolates|environmental_samples	ocean water|ocean waters|sea water|sea waters
ENVO:00000384	ENVO	biolink:OntologyClass	1822	1822	2.53079	environmental_samples	river bed|river beds|river bottom|river bottoms
ENVO:02000059	ENVO	biolink:OntologyClass	1784	1784	1.64209	environmental_samples	surface soil|surface soils
ENVO:00000887	ENVO	biolink:OntologyClass	1775	1775	2.5246	environmental_samples	Large river|Large river biome|Large rivers|rivers|riverses
ENVO:00002259	ENVO	biolink:OntologyClass	1767	1767	3	annotated_genomes_isolates|environmental_samples	agricultural soil|agricultural soils
ENVO:01000211	ENVO	biolink:OntologyClass	1755	1795	4	environmental_samples	temperate coniferous forest|temperate coniferous forest biome|temperate coniferous forests
ENVO:01000250	ENVO	biolink:OntologyClass	1748	2333	4	environmental_samples	boreal forest|boreal forests|subpolar coniferous forest|subpolar coniferous forest biome|subpolar coniferous forests|taiga|taigal|taigas
ENVO:01000192	ENVO	biolink:OntologyClass	1682	1682	2.20346	environmental_samples	tropical grassland|tropical grassland biome|tropical grasslandic|tropical grasslands
ENVO:01000047	ENVO	biolink:OntologyClass	1625	1629	4	annotated_genomes_isolates|environmental_samples	mediterranean sea|mediterranean sea biome|mediterranean seal|mediterranean seas
ENVO:00000891	ENVO	biolink:OntologyClass	1617	1643	4	environmental_samples	Large lake|Large lake biome|Large lakes
ENVO:00003041	ENVO	biolink:OntologyClass	1617	1618	4	environmental_samples	cow shed|cow sheds
ENVO:00000023	ENVO	biolink:OntologyClass	1608	1686	4	annotated_genomes_isolates|environmental_samples	Creek|Creeks|beck|braided stream|braided streamic|braided streams|brook|brooks|burn (hydrographic)|fork (hydrographic|glacial stream|glacial streamic|glacial streams|lode|millstream|millstreamic|millstreams|stream|stream bend|stream bends|streamic|streams|streamses|streamsic
ENVO:00000209	ENVO	biolink:OntologyClass	1607	1607	4	annotated_genomes_isolates|environmental_samples	epipelagic|epipelagic zone|epipelagics|photic|photic zone|photics
ENVO:01000317	ENVO	biolink:OntologyClass	1553	1553	2.07388	environmental_samples	aquatic environment|aquatic environments
ENVO:00000109	ENVO	biolink:OntologyClass	1525	1525	2.45216	environmental_samples	MangroveForest|MangroveForests|bamboo|bamboos|barrens|barrenses|break|breakic|breaks|brigalow|brigalows|brush|brushes|bush|caatinga|caatingal|caatingas|chanaral|chanaralic|chanarals|coniferous forest|coniferous forests|deciduous forest|deciduous forests|equatorial forest|equatorial forests|equatorial rain forest|equatorial rain forests|garique|gariques|junglar|jungle|jungles|mallee scrub|mallee scrubs|monsoon forest|monsoon forests|mott|motte|mottes|mulga|mulga scrub|mulga scrubs|mulgal|mulgas|pine grove|pine groves|rain forest|rain forests|reforested area|reforested areal|reforested areas|sagebrushes|silva|silval|silvas|stand|standic|stands|thicket|thickets|thorn forest|thorn forests|tropical rain forest|tropical rain forests|wooded area|wooded areal|wooded areas|woodland|woodlandic|woodlands
ENVO:00010483	ENVO	biolink:OntologyClass	1509	1509	2.0043	environmental_samples	environmental material|environmental materialic|environmental materials|portion of environmental material|portion of environmental materialic|portion of environmental materials
ENVO:00000890	ENVO	biolink:OntologyClass	1473	1494	4	environmental_samples	Small river|Small river biome|Small rivers|rivers|riverses
ENVO:00002127	ENVO	biolink:OntologyClass	1445	1445	1.43365	environmental_samples	stream sediment|stream sediments
ENVO:00000395	ENVO	biolink:OntologyClass	1430	1430	1.35739	environmental_samples	WaterChannel|WaterChannels|channel|channels|chutes (hydrographic)|improved channel|improved channels|inlet (hydrographic)|reach (hydrographic)|sea channel|sea channels|sea channelses|seachannel (seafloor)|sound (bodies of water)|stream channel|stream channels|undersea channel|undersea channels
ENVO:00000012	ENVO	biolink:OntologyClass	1427	1427	1.81611	environmental_samples	OVERFALLS|OVERFALLSs|eddy|fluvial feature|fluvial features|hydrographic feature|hydrographic features|marine feature|marine features|overfallses|overfallsic|tidal ripp|tidal ripps
ENVO:00000044	ENVO	biolink:OntologyClass	1419	1419	3	annotated_genomes_isolates|environmental_samples	morass|morasses|morassic|muskeg|muskegs|peat bog|peat bogs|peatland|peatlandic|peatlands|turf
ENVO:01000157	ENVO	biolink:OntologyClass	1377	1377	1.54329	environmental_samples	microbial mat material|microbial mat materialic|microbial mat materials
ENVO:00000150	ENVO	biolink:OntologyClass	1322	1322	2.3477	environmental_samples	coral reef|coral reefs
ENVO:00005774	ENVO	biolink:OntologyClass	1320	1321	4	annotated_genomes_isolates|environmental_samples	peat|peat soil|peat soils
ENVO:00000511	ENVO	biolink:OntologyClass	1316	1316	1.93268	environmental_samples	blanket bog|blanket bogs
ENVO:00000106	ENVO	biolink:OntologyClass	1305	1313	4	annotated_genomes_isolates|environmental_samples	down|downland|downlandic|downlands|downs|downses|glade|glades|grassland|grasslandic|grasslands|grazing area|grazing areal|grazing areas|herbaceous area|herbaceous areal|herbaceous areas|range|ranges
ENVO:00000020	ENVO	biolink:OntologyClass	1300	1442	4	annotated_genomes_isolates|environmental_samples	broad|broadic|broads|catch basin|catch basins|lake|lakes|lakeses|llyn|loch|lochan|lochanic|lochans|lough|loughs|mere|mortlake|mortlakes|open water|open waters|pasteuer lake|pasteuer lakes
ENVO:00000045	ENVO	biolink:OntologyClass	1274	1281	4	annotated_genomes_isolates|environmental_samples	estuaries|estuary
ENVO:00002258	ENVO	biolink:OntologyClass	1204	1204	4	annotated_genomes_isolates	loam|loamies|loams|loamses|loamsic|loamy
ENVO:01000245	ENVO	biolink:OntologyClass	1189	1198	4	environmental_samples	cropland|cropland biome|croplandic|croplands
ENVO:00002018	ENVO	biolink:OntologyClass	1162	1166	4	annotated_genomes_isolates|environmental_samples	sewage|sewages
ENVO:01000020	ENVO	biolink:OntologyClass	1160	1160	3	annotated_genomes_isolates|environmental_samples	estuarine|estuarine biome|estuarines|estuarinous
ENVO:00000022	ENVO	biolink:OntologyClass	1143	1225	4	annotated_genomes_isolates|environmental_samples	braided river|braided rivers|rio|river|riverine|riverines|riverinous|rivers
ENVO:00005801	ENVO	biolink:OntologyClass	1122	1170	4	annotated_genomes_isolates|environmental_samples	rhizosphere|rhizospheres
ENVO:00005792	ENVO	biolink:OntologyClass	1118	1118	1.33759	environmental_samples	subterranean streams|subterranean streamses|subterranean streamsic|subterranean water|subterranean waters|underground water|underground waters
BTO:0001253	BTO	biolink:GrossAnatomicalStructure	1116	1125	4	annotated_genomes_isolates|environmental_samples	skin
ENVO:00000499	ENVO	biolink:OntologyClass	1098	1118	4	annotated_genomes_isolates|environmental_samples	deep|foredeep|foredeeps|trench|trenches|trough|trough (seafloor)|troughs
ENVO:00003040	ENVO	biolink:OntologyClass	1068	1152	4	environmental_samples	animal house|animal houses
ENVO:00003965	ENVO	biolink:OntologyClass	1026	1026	2.34854	environmental_samples	anaerobic digester sludge|anaerobic digester sludges
ENVO:00002019	ENVO	biolink:OntologyClass	1015	1016	3	annotated_genomes_isolates|environmental_samples	brackish water|brackish waters
BTO:0000545	BTO	biolink:GrossAnatomicalStructure	1005	1010	4	annotated_genomes_isolates|environmental_samples	gut
ENVO:00000463	ENVO	biolink:OntologyClass	991	1024	4	annotated_genomes_isolates|environmental_samples	harbor|harbors
ENVO:00002046	ENVO	biolink:OntologyClass	914	932	4	annotated_genomes_isolates|environmental_samples	activated sludge|activated sludges
ENVO:00000486	ENVO	biolink:OntologyClass	909	913	4	annotated_genomes_isolates|environmental_samples	SHOR|coastal shoreline|coastal shorelines|coastal shorelinous|coastline|coastlines|coastlinous|shoreline|shorelines|shorelinous
ENVO:00002043	ENVO	biolink:OntologyClass	902	905	3	annotated_genomes_isolates|environmental_samples	wastewater treatment plant|wastewater treatment plantic|wastewater treatment plants
ENVO:00000097	ENVO	biolink:OntologyClass	892	903	4	annotated_genomes_isolates|environmental_samples	arid region|arid regional|arid regions|desert|deserts
ENVO:00002150	ENVO	biolink:OntologyClass	812	816	4	annotated_genomes_isolates|environmental_samples	coastal water|coastal waters
ENVO:00002044	ENVO	biolink:OntologyClass	803	843	4	annotated_genomes_isolates|environmental_samples	sludge|sludges
BTO:0001188	BTO	biolink:GrossAnatomicalStructure	794	794	4	environmental_samples	root
ENVO:00000297	ENVO	biolink:OntologyClass	704	704	1.59474	environmental_samples	paddy field|paddy fields
ENVO:01000311	ENVO	biolink:OntologyClass	662	670	4	annotated_genomes_isolates|environmental_samples	agricultural region|agricultural regional|agricultural regions|cropland|croplandic|croplands|cultivated area|cultivated areal|cultivated areas|cultivated cropland|cultivated croplandic|cultivated croplands|cultivated environment|cultivated environments|market garden|market gardens|range|ranges|truck farm|truck farmic|truck farms|truck garden|truck gardens
ENVO:00003032	ENVO	biolink:OntologyClass	628	658	4	environmental_samples	fresh animal manure|fresh animal manures
ENVO:00002001	ENVO	biolink:OntologyClass	623	719	4	annotated_genomes_isolates|environmental_samples	waste water|waste waters
BTO:0000628	BTO	biolink:GrossAnatomicalStructure	607	607	4	environmental_samples	flower cluster|flower clusters|inflorescence|inflorescences
ENVO:01000048	ENVO	biolink:OntologyClass	587	851	4	annotated_genomes_isolates|environmental_samples	ocean|ocean biome|oceanic|oceans
BTO:0000166	BTO	biolink:GrossAnatomicalStructure	549	551	4	annotated_genomes_isolates|environmental_samples	blind intestine|blind intestines|blind intestinous|blindgut|blindguts|caeca|caecal|caecum|caecums|ceca|cecal|cecum|cecums|intestinum caeca|intestinum caecal|intestinum caecum|intestinum caecums|intestinum crassum caeca|intestinum crassum caecal|intestinum crassum caecum|intestinum crassum caecums|intestinum crassum ceca|intestinum crassum cecal|intestinum crassum cecum|intestinum crassum cecums
BTO:0000572	BTO	biolink:GrossAnatomicalStructure	540	540	4	annotated_genomes_isolates|environmental_samples	hemolymph|hemolymphs
ENVO:00000207	ENVO	biolink:OntologyClass	533	533	4	annotated_genomes_isolates	OceanLayer|OceanLayers|oceanic|oceanic zone|oceanics
ENVO:01000049	ENVO	biolink:OntologyClass	500	500	2.43853	environmental_samples	marine coral reef|marine coral reef biome|marine coral reefs
ENVO:00005749	ENVO	biolink:OntologyClass	461	463	4	environmental_samples	farm soil|farm soils
ENVO:01000198	ENVO	biolink:OntologyClass	439	463	4	environmental_samples	mixed broadleaf-coniferoal|mixed broadleaf-coniferoi|mixed broadleaf-coniferous|mixed broadleaf-coniferouses|mixed forest|mixed forest biome|mixed forests|mixedwood forests|mixedwood forestses
ENVO:02000049	ENVO	biolink:OntologyClass	432	432	3	annotated_genomes_isolates|environmental_samples	Coastal Waters|Coastal Waterses|coastal water bodies|coastal water body
BTO:0001090	BTO	biolink:GrossAnatomicalStructure	428	431	4	annotated_genomes_isolates|environmental_samples	buccal cavities|buccal cavity|cavitas oris|cavitas orises|cavum oris|cavum orises|mouth|mouth cavities|mouth cavity|mouths|oral cavities|oral cavity|oral fissure|oral fissures|oral vestibular|oral vestibule|oral vestibules|rima oris|rima orises|vestibule of mouth|vestibule of mouths|vestibulum oris|vestibulum orises
ENVO:00000000	ENVO	biolink:OntologyClass	408	415	4	environmental_samples	geographic feature|geographic features|macroscopic spatial feature|macroscopic spatial features
BTO:0000648	BTO	biolink:GrossAnatomicalStructure	404	405	4	annotated_genomes_isolates|environmental_samples	bowel|bowels|colonic goblet cell|colonic goblet cells|colonic goblet cellses|intestinal globet cell|intestinal globet cells|intestine|intestines|intestinous
BTO:0001447	BTO	biolink:GrossAnatomicalStructure	404	404	4	annotated_genomes_isolates|environmental_samples	forearm|forearmic|forearms
ENVO:00012408	ENVO	biolink:OntologyClass	395	396	4	annotated_genomes_isolates|environmental_samples	aquifer|aquifers
BTO:0004668	BTO	biolink:GrossAnatomicalStructure	392	392	4	environmental_samples	hand
ENVO:00002004	ENVO	biolink:OntologyClass	386	386	4	environmental_samples	mesoscopic physical object|mesoscopic physical objects
BTO:0001043	BTO	biolink:GrossAnatomicalStructure	378	387	4	annotated_genomes_isolates|environmental_samples	adult|adult stage|adult stages|adults
ENVO:00000070	ENVO	biolink:OntologyClass	376	376	1.52439	environmental_samples	constructed feature|constructed features
ENVO:00002209	ENVO	biolink:OntologyClass	355	355	4	annotated_genomes_isolates|environmental_samples	saline lake sediment|saline lake sediments|soda lake sediment|soda lake sediments
BTO:0001419	BTO	biolink:GrossAnatomicalStructure	345	350	4	annotated_genomes_isolates|environmental_samples	urine|urines|urinous
BTO:0000713	BTO	biolink:GrossAnatomicalStructure	342	342	4	environmental_samples	leaf
ENVO:00000469	ENVO	biolink:OntologyClass	339	339	1.75033	environmental_samples	research facilities|research facility
ENVO:00002034	ENVO	biolink:OntologyClass	325	325	4	annotated_genomes_isolates|environmental_samples	biofilm|biofilms
ENVO:00002223	ENVO	biolink:OntologyClass	318	318	1.33315	environmental_samples	oligotrophic water|oligotrophic waters
ENVO:01000059	ENVO	biolink:OntologyClass	316	316	2.20432	environmental_samples	sea grass bed|sea grass beds
BTO:0001210	BTO	biolink:GrossAnatomicalStructure	307	307	4	annotated_genomes_isolates|environmental_samples	SGS cell|SGS cells|sgs|sgs cell line|sgs cell lines|sgs cell lineses|sgs cell linous|sgs cellses
ENVO:01000118	ENVO	biolink:OntologyClass	300	300	2.20432	environmental_samples	sandy sediment|sandy sediments
BTO:0001300	BTO	biolink:GrossAnatomicalStructure	285	285	4	annotated_genomes_isolates|environmental_samples	axis|culm|stalkic|stalks|stem
BTO:0001202	BTO	biolink:GrossAnatomicalStructure	283	284	4	annotated_genomes_isolates|environmental_samples	saliva|salival|salivas
BTO:0001713	BTO	biolink:GrossAnatomicalStructure	278	278	4	environmental_samples	back|dorsa|dorsal|dorsum|dorsums
ENVO:01000179	ENVO	biolink:OntologyClass	278	292	4	annotated_genomes_isolates|environmental_samples	desert|desert biome|deserts
ENVO:01000228	ENVO	biolink:OntologyClass	267	267	4	environmental_samples	rain forest|rain forests|rainforest|rainforest biome|rainforests|tropical moist broadleaf forest|tropical moist broadleaf forest biome|tropical moist broadleaf forests
BTO:0005373	BTO	biolink:GrossAnatomicalStructure	256	256	1.75005	environmental_samples	oil|oil secretion|oil secretional|oil secretions
ENVO:00002984	ENVO	biolink:OntologyClass	253	253	4	annotated_genomes_isolates|environmental_samples	crude oil|crude oils|petrolea|petroleal|petroleum|petroleums
ENVO:00000319	ENVO	biolink:OntologyClass	247	247	4	environmental_samples	low tide|low tide line|low tide lines|low tide linous|low tide zone|low tides|lower littoral|lower littoralic|lower littorals
BTO:0005692	BTO	biolink:GrossAnatomicalStructure	246	246	4	environmental_samples	column|columns
BTO:0001385	BTO	biolink:GrossAnatomicalStructure	245	245	4	environmental_samples	tongue|tongues
ENVO:00000051	ENVO	biolink:OntologyClass	243	381	4	annotated_genomes_isolates	hot spring|hot springs|thermal feature|thermal features|thermal spring|thermal springs
BTO:0005810	BTO	biolink:GrossAnatomicalStructure	241	241	3	annotated_genomes_isolates	immune system|immune systems
BTO:0001313	BTO	biolink:GrossAnatomicalStructure	239	239	3	annotated_genomes_isolates|environmental_samples	stylar|style|styles
ENVO:01000219	ENVO	biolink:OntologyClass	239	240	4	environmental_samples	anthropogenic terrestrial|anthropogenic terrestrial biome|anthropogenic terrestrialic|anthropogenic terrestrials
ENVO:00005761	ENVO	biolink:OntologyClass	232	232	4	environmental_samples	meadow soil|meadow soils
ENVO:01000212	ENVO	biolink:OntologyClass	232	232	4	environmental_samples	temperate mixed forest|temperate mixed forest biome|temperate mixed forests
BTO:0001194	BTO	biolink:GrossAnatomicalStructure	231	231	4	annotated_genomes_isolates|environmental_samples	paunch|paunches|rumen|rumens
ENVO:01000105	ENVO	biolink:OntologyClass	231	243	4	environmental_samples	marine benthic feature|marine benthic features
ENVO:01000196	ENVO	biolink:OntologyClass	229	229	1.73866	environmental_samples	coniferous forest|coniferous forest biome|coniferous forests|pine forest|pine forests
BTO:0001228	BTO	biolink:GrossAnatomicalStructure	228	228	3	annotated_genomes_isolates|environmental_samples	seedling|seedlings
BTO:0001278	BTO	biolink:GrossAnatomicalStructure	228	228	3	annotated_genomes_isolates|environmental_samples	spike|spikes
BTO:0000537	BTO	biolink:GrossAnatomicalStructure	226	226	3	annotated_genomes_isolates|environmental_samples	nectar|nectaric|nectars
ENVO:00005750	ENVO	biolink:OntologyClass	222	222	4	environmental_samples	grassland soil|grassland soils
BTO:0000243	BTO	biolink:GrossAnatomicalStructure	218	219	4	annotated_genomes_isolates|environmental_samples	vagina|vaginal|vaginas
BTO:0000301	BTO	biolink:GrossAnatomicalStructure	218	218	4	environmental_samples	crop
BTO:0000620	BTO	biolink:GrossAnatomicalStructure	216	217	4	annotated_genomes_isolates|environmental_samples	distal intestine|distal intestines|distal intestinous|ilea|ileal|ileum|ileums|intestinum ilea|intestinum ileal|intestinum ileum|intestinum ileums|lower intestine|lower intestines|lower intestinous|posterior intestine|posterior intestines|posterior intestinous
BTO:0003084	BTO	biolink:GrossAnatomicalStructure	213	213	4	environmental_samples	lubrication fluid|lubrication fluids|vaginal fluid|vaginal fluids
BTO:0000089	BTO	biolink:GrossAnatomicalStructure	206	213	4	annotated_genomes_isolates|environmental_samples	blood|bloods|whole blood|whole bloods
ENVO:00000892	ENVO	biolink:OntologyClass	203	203	4	environmental_samples	Small lake|Small lake biome|Small lakes
ENVO:00000243	ENVO	biolink:OntologyClass	201	201	4	environmental_samples	freshwater wetland|freshwater wetlandic|freshwater wetlands
BTO:0005516	BTO	biolink:GrossAnatomicalStructure	199	199	4	annotated_genomes_isolates|environmental_samples	wood
ENVO:01000205	ENVO	biolink:OntologyClass	196	196	3	annotated_genomes_isolates	subtropical|subtropicalic|subtropicals
ENVO:00002042	ENVO	biolink:OntologyClass	194	200	4	annotated_genomes_isolates|environmental_samples	surface water|surface waters
ENVO:00000183	ENVO	biolink:OntologyClass	193	193	1.71073	environmental_samples	stony desert|stony deserts
BTO:0002690	BTO	biolink:GrossAnatomicalStructure	188	191	3	annotated_genomes_isolates|environmental_samples	biofilm|biofilms
BTO:0001388	BTO	biolink:GrossAnatomicalStructure	186	186	1.14527	environmental_samples	trachea|tracheal|tracheal tubular|tracheal tubule|tracheal tubules|tracheas|windpipe|windpipes
BTO:0000886	BTO	biolink:GrossAnatomicalStructure	184	185	4	annotated_genomes_isolates|environmental_samples	mucosa|mucosal|mucosas|mucous membrane|mucous membranes|mucous membranous|tunica mucosa|tunica mucosal|tunica mucosas
ENVO:00001999	ENVO	biolink:OntologyClass	171	171	4	environmental_samples	marine water bodies|marine water body
ENVO:00000275	ENVO	biolink:OntologyClass	168	171	4	annotated_genomes_isolates	Trench|Trenches|deep|deep sea trench|deep sea trenches|ocean trench|ocean trenches|undersea trench|undersea trenches|undersea trough|undersea troughs
BTO:0001069	BTO	biolink:GrossAnatomicalStructure	161	161	1.68431	environmental_samples	pitcher|pitchers
ENVO:00001995	ENVO	biolink:OntologyClass	158	158	4	annotated_genomes_isolates|environmental_samples	rock
BTO:0002168	BTO	biolink:GrossAnatomicalStructure	151	153	4	annotated_genomes_isolates|environmental_samples	child|childs|juvenilar|juvenile|juvenile stage|juvenile stages|juveniles|young adult|young adults
BTO:0001307	BTO	biolink:GrossAnatomicalStructure	150	150	4	annotated_genomes_isolates	gaster|gasters|stomach|stomaches|stomachic
ENVO:00002000	ENVO	biolink:OntologyClass	150	150	4	annotated_genomes_isolates|environmental_samples	flank|flankic|flanks|side|slope|slopes
ENVO:00000016	ENVO	biolink:OntologyClass	145	152	4	annotated_genomes_isolates|environmental_samples	closed sea|closed seal|closed seas|marginal sea|marginal seal|marginal seas|open sea|open seal|open seas|open sound|open sounds|open water|open waters|sea
BTO:0002292	BTO	biolink:GrossAnatomicalStructure	140	140	3	annotated_genomes_isolates	flagella|flagellal|flagellum|flagellums
ENVO:00000476	ENVO	biolink:OntologyClass	140	140	4	environmental_samples	lake inlet|lake inlets
ENVO:01000177	ENVO	biolink:OntologyClass	138	138	4	annotated_genomes_isolates|environmental_samples	grassland|grassland biome|grasslandic|grasslands
ENVO:00000134	ENVO	biolink:OntologyClass	135	146	4	annotated_genomes_isolates|environmental_samples	permafrost|permafrosts
ENVO:01000009	ENVO	biolink:OntologyClass	133	133	4	environmental_samples	biotic mesoscopic physical object|biotic mesoscopic physical objects|organic material feature|organic material features
ENVO:00000032	ENVO	biolink:OntologyClass	132	135	4	annotated_genomes_isolates|environmental_samples	Baie|Golfe|Golfes|bahia|bahial|bahias|bay|bays|bight|bights|embayment|embayments|firth|firths|geo|gulf|sea loch|sea loches|sea lough|sea loughs
BTO:0000511	BTO	biolink:GrossAnatomicalStructure	127	129	4	annotated_genomes_isolates|environmental_samples	gastrointestinal tract|gastrointestinal tractic|gastrointestinal tracts
ENVO:00000283	ENVO	biolink:OntologyClass	126	126	3	annotated_genomes_isolates	beach cusp|beach cusps|crest|crests|cuesta|cuestal|cuestas|hogback|hogbackic|hogbacks|ridge|ridges|rise (seafloor)|spur|spur (physiographic)
ENVO:01000001	ENVO	biolink:OntologyClass	126	126	4	annotated_genomes_isolates|environmental_samples	mud|muddies|muddy
BTO:0001493	BTO	biolink:GrossAnatomicalStructure	125	125	3	annotated_genomes_isolates|environmental_samples	Rumpf|Rumpfs|torso|torsoes|trunk|trunks
ENVO:01000199	ENVO	biolink:OntologyClass	124	124	4	environmental_samples	mediterranean forest|mediterranean forest biome|mediterranean forests
ENVO:01000306	ENVO	biolink:OntologyClass	122	125	4	environmental_samples	freshwater environment|freshwater environments
ENVO:01000022	ENVO	biolink:OntologyClass	121	121	4	environmental_samples	marine salt marsh|marine salt marsh biome|marine salt marshes|marine salt marshic
BTO:0000058	BTO	biolink:GrossAnatomicalStructure	114	114	4	annotated_genomes_isolates|environmental_samples	alimentary canal|alimentary canalic|alimentary canals|alimentary tract|alimentary tractic|alimentary tracts|digestive canal|digestive canalic|digestive canals|digestive system|digestive systems|digestive tract|digestive tractic|digestive tracts|digestive tube|digestive tubes
ENVO:01000029	ENVO	biolink:OntologyClass	112	112	4	environmental_samples	marine reef|marine reef biome|marine reefs
ENVO:01000143	ENVO	biolink:OntologyClass	112	112	4	environmental_samples	marine reef|marine reefs
ENVO:00000354	ENVO	biolink:OntologyClass	108	108	4	annotated_genomes_isolates	volcanic|volcanic complex|volcanic field|volcanic fields|volcanic group|volcanic groups|volcanic system|volcanic systems|volcanics
ENVO:00002297	ENVO	biolink:OntologyClass	107	108	4	environmental_samples	environmental feature|environmental features
ENVO:00005747	ENVO	biolink:OntologyClass	105	105	4	environmental_samples	compost soil|compost soils
ENVO:01000305	ENVO	biolink:OntologyClass	105	105	4	environmental_samples	high temperature environment|high temperature environments
ENVO:00002123	ENVO	biolink:OntologyClass	101	102	4	annotated_genomes_isolates|environmental_samples	bioreactor|bioreactors
BTO:0000203	BTO	biolink:GrossAnatomicalStructure	100	101	3	annotated_genomes_isolates	Atmungssystem|Atmungssystems|apparatus respiratorius|apparatus respiratorius s|respiratory system|respiratory systems|respiratory tract|respiratory tractic|respiratory tracts
ENVO:01000134	ENVO	biolink:OntologyClass	99	99	3	annotated_genomes_isolates	hydrothermal fluid|hydrothermal fluids
ENVO:01000236	ENVO	biolink:OntologyClass	99	99	3	annotated_genomes_isolates	basalt|basaltic|basalts
BTO:0005055	BTO	biolink:GrossAnatomicalStructure	97	97	3	annotated_genomes_isolates	scalar|scale|scale tissue|scale tissues|scales
ENVO:00000104	ENVO	biolink:OntologyClass	97	97	3	annotated_genomes_isolates	fan|fork|forks|forkses|furrow|furrows|gap|gullies|gully|hole|hole (seafloor)|ledge|ledges|median valley|median valleys|moat (seafloor)|ocean floor feature|ocean floor features|platform|platforms|province|provinces|ramp|ramp (seafloor)|ravine|ravines|ravinous|ridges|ridgeses|rise|rise (seafloor)|saddlar|saddle|saddles|seafloor feature|seafloor features|shelf edge|shelf edges|spur|subsea feature|subsea features|tongue (seafloor)|undersea bank|undersea bankic|undersea banks|undersea basin|undersea basins|undersea bench|undersea benches|undersea cliff|undersea cliffs|undersea fan|undersea fanic|undersea fans|undersea feature|undersea features|undersea fork|undersea forks|undersea fracture|undersea fracture zone|undersea fractures|undersea furrow|undersea furrows|undersea gap|undersea gapic|undersea gaps|undersea holar|undersea hole|undersea holes|undersea ledge|undersea ledges|undersea levee|undersea levees|undersea median valley|undersea median valleys|undersea moat|undersea moatic|undersea moats|undersea peak|undersea peakic|undersea peaks|undersea pinnaclar|undersea pinnacle|undersea pinnacles|undersea plain|undersea plains|undersea platform|undersea platforms|undersea ramp|undersea rampic|undersea ramps|undersea rise|undersea rises|undersea saddlar|undersea saddle|undersea saddles|undersea shelf|undersea shelf edge|undersea shelf edges|undersea shelf valley|undersea shelf valleys|undersea shelfs|undersea sill|undersea sills|undersea slope|undersea slopes|undersea spur|undersea spurs|undersea terrace|undersea terraces|undersea tongue|undersea tongues|undersea valley|undersea valleys|underwater feature|underwater features
BTO:0000707	BTO	biolink:GrossAnatomicalStructure	96	96	3	annotated_genomes_isolates|environmental_samples	larva|larval|larvas
BTO:0000818	BTO	biolink:GrossAnatomicalStructure	96	96	3	annotated_genomes_isolates	backbone|backbones|backbonous|columna vertebralis|columna vertebralises|dorsal spine|dorsal spines|dorsal spinous|spinal column|spinal columns|spine|spines|spinous|vertebral column|vertebral columns
BTO:0000706	BTO	biolink:GrossAnatomicalStructure	93	93	4	annotated_genomes_isolates|environmental_samples	intestinum crassa|intestinum crassal|intestinum crassum|intestinum crassums|large bowel|large bowels|large intestine|large intestines|large intestinous
BTO:0000507	BTO	biolink:GrossAnatomicalStructure	92	92	4	annotated_genomes_isolates	foregut|foreguts
BTO:0000763	BTO	biolink:GrossAnatomicalStructure	92	93	3	annotated_genomes_isolates	airway globet cell|airway globet cells|lung|lung parenchyma|lung parenchymal|lung parenchymas|parenchyma of lung|parenchyma of lungs
BTO:0001190	BTO	biolink:GrossAnatomicalStructure	91	92	4	annotated_genomes_isolates	nodular|nodule|nodules|root nodular|root nodule|root nodules|root tuberclar|root tubercle|root tubercles
ENVO:00002124	ENVO	biolink:OntologyClass	81	84	4	environmental_samples	anaerobic bioreactor|anaerobic bioreactors
ENVO:01000073	ENVO	biolink:OntologyClass	81	81	1.25361	environmental_samples	marine oligotrophic desert|marine oligotrophic deserts
ENVO:00000303	ENVO	biolink:OntologyClass	79	82	4	annotated_genomes_isolates	CoastalRegion|CoastalRegional|CoastalRegions|Costa|Costal|Costas|Littoral|Littoralic|Littorals|coast|coastal|coastal area|coastal areal|coastal areas|coastal strip|coastal strips|coastalic|coastals|coastic|coasts|rivage|rivages|sea coast|sea coastic|sea coasts
BTO:0001762	BTO	biolink:GrossAnatomicalStructure	78	81	3	annotated_genomes_isolates	neonate|neonates
ENVO:00000215	ENVO	biolink:OntologyClass	78	101	4	annotated_genomes_isolates|environmental_samples	HydrothermalVents|HydrothermalVentses|hydrothermal vent|hydrothermal vents
ENVO:00000367	ENVO	biolink:OntologyClass	76	77	3	annotated_genomes_isolates	State Park|State Parkic|State Parks|national park|national parkic|national parks
BTO:0001308	BTO	biolink:GrossAnatomicalStructure	73	75	3	annotated_genomes_isolates	Magenschleimhaut|Magenschleimhauts|gastric mucosa|gastric mucosal|gastric mucosas|stomach mucosa|stomach mucosal|stomach mucosas|tunica mucosa gastris|tunica mucosa gastrises
ENVO:00000112	ENVO	biolink:OntologyClass	73	73	4	annotated_genomes_isolates|environmental_samples	Arctic land|Arctic landic|Arctic lands|TundraEcosystem|TundraEcosystems|tundra|tundral|tundras
ENVO:00002228	ENVO	biolink:OntologyClass	72	72	4	annotated_genomes_isolates|environmental_samples	pond water|pond waters
ENVO:00000098	ENVO	biolink:OntologyClass	70	70	3	annotated_genomes_isolates	BarrierIsland|BarrierIslandic|BarrierIslands|cay|eyot|holm|island|islandic|islands|islandses|islandsic|isle|islet|islets|key|key (island)
ENVO:00000126	ENVO	biolink:OntologyClass	70	70	4	annotated_genomes_isolates|environmental_samples	sulfur spring|sulfur springs|sulphur spring|sulphur springs
BTO:0000651	BTO	biolink:GrossAnatomicalStructure	69	69	4	annotated_genomes_isolates|environmental_samples	intestinum tenue|intestinum tenues|small intestine|small intestines|small intestinous
BTO:0001244	BTO	biolink:GrossAnatomicalStructure	66	75	3	annotated_genomes_isolates	urinary tract|urinary tractic|urinary tracts
ENVO:00000054	ENVO	biolink:OntologyClass	65	69	4	annotated_genomes_isolates|environmental_samples	saline marsh|saline marshes|saline marshic|salt marsh|salt marshes|salt marshic|salting|saltings|tidal marsh|tidal marshes|tidal marshic
ENVO:01000246	ENVO	biolink:OntologyClass	64	64	4	annotated_genomes_isolates|environmental_samples	village|village biome|villages
BTO:0000269	BTO	biolink:GrossAnatomicalStructure	62	62	1.46786	environmental_samples	colon|colonal|colons
ENVO:00000063	ENVO	biolink:OntologyClass	61	61	4	environmental_samples	aquatic feature|aquatic features|bodies of water|bodies of waters|body of water|body of waters|water bodies|water body
ENVO:00000076	ENVO	biolink:OntologyClass	58	98	4	annotated_genomes_isolates	mine|mined land|mined landic|mined lands
ENVO:00003860	ENVO	biolink:OntologyClass	58	58	4	environmental_samples	pig manure|pig manures
ENVO:01000119	ENVO	biolink:OntologyClass	57	57	1.25528	environmental_samples	silty sediment|silty sediments
ENVO:00000027	ENVO	biolink:OntologyClass	56	56	4	annotated_genomes_isolates	spring|springs
BTO:0000213	BTO	biolink:GrossAnatomicalStructure	53	53	4	environmental_samples	cecum mucosa|cecum mucosal|cecum mucosas
ENVO:00000316	ENVO	biolink:OntologyClass	53	54	4	annotated_genomes_isolates	intertidal|intertidal zone|intertidalic|intertidals|littoral|littoral zone|littoralic|littorals
ENVO:00000033	ENVO	biolink:OntologyClass	52	59	4	annotated_genomes_isolates	POOL|millpond|millponds|pond|ponds|pondses|pool (water body)
ENVO:00002264	ENVO	biolink:OntologyClass	52	53	4	annotated_genomes_isolates	waste|waste areas|waste areases|waste areasic|waste ground|waste grounds|wastes
ENVO:00000043	ENVO	biolink:OntologyClass	50	63	4	annotated_genomes_isolates	EstuarineWetland|EstuarineWetlandic|EstuarineWetlands|LacustrineWetland|LacustrineWetlandic|LacustrineWetlands|MarineWetland|MarineWetlandic|MarineWetlands|PalustrineWetland|PalustrineWetlandic|PalustrineWetlands|RiparianWetland|RiparianWetlandic|RiparianWetlands|TerrestialWetland|TerrestialWetlandic|TerrestialWetlands|WetlandRegion|WetlandRegional|WetlandRegions|back marsh|back marshes|back marshic|backswamp|backswampic|backswamps|barrier flat|barrier flatic|barrier flats|bog|cienaga|cienagal|cienagas|dismal|dismalic|dismals|everglade|everglades|floating marsh|floating marshes|floating marshic|forested wetland|forested wetlandic|forested wetlands|mire|morass|morasses|morassic|muskeg|muskegs|peat cutting area|peat cutting areal|peat cutting areas|quagmire|quagmires|quaking bog|quaking bogs|riparian|riparian area|riparian areal|riparian areas|riparian areases|riparian areasic|riparianic|riparians|slash|slashes|slashic|slough|sloughs|slue|swamp forest|swamp forests|tulelands|tulelandses|tulelandsic|wetland|wetlandic|wetlands
ENVO:00005800	ENVO	biolink:OntologyClass	50	50	4	environmental_samples	desert sand|desert sandic|desert sands
BTO:0000282	BTO	biolink:GrossAnatomicalStructure	48	48	4	environmental_samples	head
ENVO:00000329	ENVO	biolink:OntologyClass	48	48	4	environmental_samples	phreatic|phreatic zone|phreatics|zone of saturation|zone of saturational|zone of saturations
ENVO:00002010	ENVO	biolink:OntologyClass	46	46	4	annotated_genomes_isolates|environmental_samples	saline water|saline waters|salt water|salt waters
BTO:0001297	BTO	biolink:GrossAnatomicalStructure	45	53	3	annotated_genomes_isolates	expectoration|expectorational|expectorations|sputa|sputal|sputum|sputums
ENVO:00000406	ENVO	biolink:OntologyClass	45	45	3	annotated_genomes_isolates	OceanRidge|OceanRidges|mid-ocean ridge|mid-ocean ridges|undersea ridge|undersea ridges
ENVO:00000856	ENVO	biolink:OntologyClass	43	44	4	annotated_genomes_isolates|environmental_samples	city|municipalities|municipality|town|urban|urban area|urban areal|urban areas|urbanic|urbans|village|villages
BTO:0000486	BTO	biolink:GrossAnatomicalStructure	42	43	3	annotated_genomes_isolates	fruit|fruits
ENVO:00000038	ENVO	biolink:OntologyClass	42	42	4	annotated_genomes_isolates|environmental_samples	barrier lagoon|barrier lagoonal|barrier lagoons|lagoon|lagoonal|lagoons|lagoonses|laguna|lagunal|lagunas
ENVO:00000549	ENVO	biolink:OntologyClass	42	42	4	environmental_samples	intermittent body of water|intermittent body of waters|intermittent water bodies|intermittent water body
ENVO:00002045	ENVO	biolink:OntologyClass	42	42	4	annotated_genomes_isolates|environmental_samples	anaerobic sediment|anaerobic sediments|anoxic sediment|anoxic sediments
ENVO:00002224	ENVO	biolink:OntologyClass	42	42	4	environmental_samples	eutrophic water|eutrophic waters
ENVO:00002985	ENVO	biolink:OntologyClass	42	45	4	annotated_genomes_isolates	oil
ENVO:00010506	ENVO	biolink:OntologyClass	42	42	4	environmental_samples	emulsion|emulsional|emulsions
BTO:0000514	BTO	biolink:GrossAnatomicalStructure	41	41	3	annotated_genomes_isolates	germ
BTO:0000142	BTO	biolink:GrossAnatomicalStructure	40	40	4	annotated_genomes_isolates|environmental_samples	brain|brains|encephalon|encephalonal|encephalons
BTO:0000753	BTO	biolink:GrossAnatomicalStructure	39	40	3	annotated_genomes_isolates	lymphoid organ|lymphoid organic|lymphoid organs|lymphoid system|lymphoid systems|lymphoid tissue|lymphoid tissues
BTO:0003120	BTO	biolink:GrossAnatomicalStructure	39	39	1.42024	environmental_samples	arterial plaque|arterial plaques|atheroma cell|atheroma cells|atherosclerotic plaque|atherosclerotic plaques
ENVO:00002191	ENVO	biolink:OntologyClass	39	39	4	environmental_samples	animal litter|animal litters
ENVO:00005794	ENVO	biolink:OntologyClass	39	39	4	environmental_samples	water sca|water scal|water scum|water scums
ENVO:2100003	ENVO	biolink:OntologyClass	39	39	4	environmental_samples	skin environment|skin environments
BTO:0000237	BTO	biolink:GrossAnatomicalStructure	38	42	4	annotated_genomes_isolates	CSF|cerebral spinal fluid|cerebral spinal fluids|cerebrospinal fluid|cerebrospinal fluids|spinal fluid|spinal fluids
BTO:0000751	BTO	biolink:GrossAnatomicalStructure	37	37	4	annotated_genomes_isolates|environmental_samples	PMN cell|PMN cells|PMNC|immune cell|immune cells|leucocyte|leucocytes|leukocyte|leukocytes|polymorphonuclear cell|polymorphonuclear cells|white blood cell|white blood cells
ENVO:00000893	ENVO	biolink:OntologyClass	36	36	4	environmental_samples	Xeric basin|Xeric basin biome|Xeric basins
BTO:0000416	BTO	biolink:GrossAnatomicalStructure	35	35	3	annotated_genomes_isolates	epithelia|epithelial|epithelium|epitheliums
BTO:0000781	BTO	biolink:GrossAnatomicalStructure	34	34	4	annotated_genomes_isolates|environmental_samples	intestinal epithelia|intestinal epithelial|intestinal epithelium|intestinal epitheliums
BTO:0005992	BTO	biolink:GrossAnatomicalStructure	34	34	3	annotated_genomes_isolates|environmental_samples	pseudostem|pseudostems
ENVO:00000019	ENVO	biolink:OntologyClass	34	34	3	annotated_genomes_isolates	salina|salinal|salinas|saline lake|saline lakes|salt lake|salt lakes|salt lakeses|soda lake|soda lakes
ENVO:00002873	ENVO	biolink:OntologyClass	34	34	4	annotated_genomes_isolates|environmental_samples	organic waste|organic wastes
ENVO:01000309	ENVO	biolink:OntologyClass	34	34	1.57638	environmental_samples	cold environment|cold environments
BTO:0001686	BTO	biolink:GrossAnatomicalStructure	33	34	3	annotated_genomes_isolates	articular joint|articular joints|joint|joints
BTO:0000123	BTO	biolink:GrossAnatomicalStructure	32	32	3	annotated_genomes_isolates	bladder|bladders
BTO:0000782	BTO	biolink:GrossAnatomicalStructure	32	32	3	annotated_genomes_isolates	T cell|T cells|T-cell|T-cells|T-lymphocyte|T-lymphocytes
BTO:0005937	BTO	biolink:GrossAnatomicalStructure	32	32	3	annotated_genomes_isolates	intestinal epithelial cell|intestinal epithelial cells|intestinal epithelium cell|intestinal epithelium cells
ENVO:00005803	ENVO	biolink:OntologyClass	32	32	4	environmental_samples	animal habitation|animal habitational|animal habitations|den|nest|nesting areas|nesting areases|nesting areasic
BTO:0000759	BTO	biolink:GrossAnatomicalStructure	31	31	3	annotated_genomes_isolates	liver|livers
ENVO:00000077	ENVO	biolink:OntologyClass	31	31	4	annotated_genomes_isolates|environmental_samples	AgriculturalLands|AgriculturalLandses|AgriculturalLandsic|agricultural areas|agricultural areases|agricultural areasic|agricultural colonies|agricultural colony|agricultural facilities|agricultural facility|agricultural feature|agricultural features|agricultural land|agricultural landic|agricultural lands|agricultural reserve|agricultural reserves|agricultural site|agricultural sites|bailing station|bailing stational|bailing stations|barn|cattle dipping tank|cattle dipping tankic|cattle dipping tanks|corral|corralic|corrals|feedlot|feedlots|grange|granges|grazing allotment|grazing allotments|irrigated field|irrigated fields|nurseries|nursery|pastoral site|pastoral sites|sheepfold|sheepfolds|stockyard|stockyardic|stockyards
ENVO:01000017	ENVO	biolink:OntologyClass	31	35	4	annotated_genomes_isolates	sand|sandies|sands|sandses|sandsic|sandy
ENVO:01000174	ENVO	biolink:OntologyClass	31	31	3	annotated_genomes_isolates	forest|forest biome|forests
BTO:0000671	BTO	biolink:GrossAnatomicalStructure	30	30	4	annotated_genomes_isolates	kidney|kidneys
ENVO:00005740	ENVO	biolink:OntologyClass	30	30	3	annotated_genomes_isolates|environmental_samples	paddy field soil|paddy field soils|rice paddy soil|rice paddy soils
BTO:0001487	BTO	biolink:GrossAnatomicalStructure	29	29	1.45999	environmental_samples	adipose|adipose tissue|adipose tissues|adiposes|bodyfat|bodyfatic|bodyfats|fat|fat tissue|fat tissues
ENVO:00000208	ENVO	biolink:OntologyClass	29	29	4	annotated_genomes_isolates|environmental_samples	pelagic|pelagic zone|pelagics
ENVO:00005778	ENVO	biolink:OntologyClass	29	29	4	annotated_genomes_isolates|environmental_samples	tropical soil|tropical soils
ENVO:00000564	ENVO	biolink:OntologyClass	28	28	4	environmental_samples	archeological site|archeological sites
ENVO:00002061	ENVO	biolink:OntologyClass	28	28	4	environmental_samples	oil spill|oil spills
ENVO:00002185	ENVO	biolink:OntologyClass	28	28	4	annotated_genomes_isolates	oil reservoir|oil reservoirs
BTO:0000828	BTO	biolink:GrossAnatomicalStructure	27	28	3	annotated_genomes_isolates	throat|throatic|throats
ENVO:00000090	ENVO	biolink:OntologyClass	27	27	4	annotated_genomes_isolates	coast plain|coast plains|coastal|coastal plain|coastal plains|coastal zone|coastalic|coastals|offshore area|offshore areal|offshore areas|plain, coast
ENVO:00000115	ENVO	biolink:OntologyClass	27	27	4	environmental_samples	orchard|orchardic|orchards
ENVO:00000291	ENVO	biolink:OntologyClass	27	27	3	annotated_genomes_isolates	Basin|Basins|CATCHMENT|CATCHMENTs|drainage basin|drainage basins
ENVO:00000475	ENVO	biolink:OntologyClass	27	27	3	annotated_genomes_isolates	anse|arm|bight|bights|closed bay|closed bays|firth|firths|gulf|inlet|inlets
BTO:0003906	BTO	biolink:GrossAnatomicalStructure	26	26	3	annotated_genomes_isolates	uroepithelia|uroepithelial|uroepithelium|uroepitheliums|urothelia|urothelial|urothelium|urotheliums
ENVO:01000036	ENVO	biolink:OntologyClass	26	26	4	environmental_samples	oceanic mesopelagic zone|oceanic mesopelagic zone biome|oceanic mesopelagic zones|oceanic mesopelagic zonous
BTO:0003091	BTO	biolink:GrossAnatomicalStructure	25	27	3	annotated_genomes_isolates	genitourinary system|genitourinary systems|genitourinary tract|genitourinary tractic|genitourinary tracts|urogenital system|urogenital systems|urogenital tract|urogenital tractic|urogenital tracts
ENVO:00000091	ENVO	biolink:OntologyClass	24	25	4	annotated_genomes_isolates	beach|beach berm|beach berms|beaches|beacheses|beachic|foreshore flats|foreshore flatses|foreshore flatsic|lagoon beach|lagoon beaches|lagoon beachic|rivage|rivages
ENVO:01000173	ENVO	biolink:OntologyClass	24	24	1.52414	environmental_samples	anoxic water|anoxic waters
BTO:0005655	BTO	biolink:GrossAnatomicalStructure	23	23	3	annotated_genomes_isolates	T helper 17 cell|Th17 cell
ENVO:00000305	ENVO	biolink:OntologyClass	23	23	3	annotated_genomes_isolates	cape|foreland|forelandic|forelands|head|headland|headlandic|headlands|hook|neck|ness|peninsula|peninsulal|peninsulas|point|point (physiographic)|points|pointses|promontgories|promontgory|promontories|promontory|tongue|tongues|winged headland|winged headlandic|winged headlands
BTO:0000801	BTO	biolink:GrossAnatomicalStructure	22	22	3	annotated_genomes_isolates	macrophage|macrophages|macrophagocyte|macrophagocytes|monocyte-derived macrophage|monocyte-derived macrophages
ENVO:00002121	ENVO	biolink:OntologyClass	22	22	3	annotated_genomes_isolates	alkaline salt lake|alkaline salt lakes|soda lake|soda lakes
BTO:0001281	BTO	biolink:GrossAnatomicalStructure	21	21	3	annotated_genomes_isolates	spleen|spleens
ENVO:00002002	ENVO	biolink:OntologyClass	21	21	4	annotated_genomes_isolates|environmental_samples	food product|food products
ENVO:01000254	ENVO	biolink:OntologyClass	21	22	4	annotated_genomes_isolates	environment|environmental system|environmental systems|environments
BTO:0000414	BTO	biolink:GrossAnatomicalStructure	20	20	3	annotated_genomes_isolates	epithelial cell|epithelial cells
BTO:0000463	BTO	biolink:GrossAnatomicalStructure	20	20	3	annotated_genomes_isolates	filament|filaments|stamen filament|stamen filaments
BTO:0000182	BTO	biolink:GrossAnatomicalStructure	19	19	3	annotated_genomes_isolates	HT-29 cell|HT29-CRC cell|ht29|ht29 cell line|ht29 cell lines|ht29 cells
BTO:0000562	BTO	biolink:GrossAnatomicalStructure	19	19	4	annotated_genomes_isolates|environmental_samples	Herz|heart|heartic|hearts
ENVO:00000296	ENVO	biolink:OntologyClass	19	19	3	annotated_genomes_isolates	agricultural site|agricultural sites|rice field|rice fields|rice paddies|rice paddy
ENVO:01000202	ENVO	biolink:OntologyClass	19	19	4	environmental_samples	temperate broadleaf forest|temperate broadleaf forest biome|temperate broadleaf forests
BTO:0000125	BTO	biolink:GrossAnatomicalStructure	18	18	3	annotated_genomes_isolates	blast|blast cell|blast cells|blastic|blasts|hematoblast|hematoblastic|hematoblasts|hematocytoblast|hematocytoblastic|hematocytoblasts|hemocytoblast|hemocytoblastic|hemocytoblasts
BTO:0000398	BTO	biolink:GrossAnatomicalStructure	18	19	3	annotated_genomes_isolates	enterocyte|enterocytes
BTO:0000863	BTO	biolink:GrossAnatomicalStructure	18	18	3	annotated_genomes_isolates|environmental_samples	midgut|midguts
BTO:0001434	BTO	biolink:GrossAnatomicalStructure	18	18	3	annotated_genomes_isolates	vegetative|vegetative cell|vegetative cells|vegetatives
BTO:0004520	BTO	biolink:GrossAnatomicalStructure	18	18	3	annotated_genomes_isolates	T suppressor cell|T suppressor cells|Treg cell|Treg cells|Ts cell|Ts cells|regulatory T-cell|regulatory T-cells|regulatory T-lymphocyte|regulatory T-lymphocytes|suppressor T-cell|suppressor T-cells|suppressor T-lymphocyte|suppressor T-lymphocytes
ENVO:00000100	ENVO	biolink:OntologyClass	18	18	3	annotated_genomes_isolates	chasm|chasmic|chasms|coulee|coulees|dale|glacial gorge|glacial gorges|glacial trough|glacial troughs|glen|goe|gorge|gorges|gulch|gulches|gullies|gully|hollow|hollows|lavaka|lavakal|lavakas|median valley|median valleys|moat|re-entrant|re-entrantic|re-entrants|shelf valley|shelf valleys|strath|strathic|straths|vale|valley|valleys|valleyses
ENVO:00000264	ENVO	biolink:OntologyClass	18	18	3	annotated_genomes_isolates	hills|hillses|knoll|knolls|knollses|mountains|mountainses|range|ranges|seaknoll|seaknolls|seakpeak|seakpeakic|seakpeaks|seamount|seamounts|submarine volcano|submarine volcanoes|undersea hill|undersea hills|undersea knoll|undersea knolls|undersea mound|undersea mounds
ENVO:01000262	ENVO	biolink:OntologyClass	18	18	3	annotated_genomes_isolates|environmental_samples	seep
ENVO:00002055	ENVO	biolink:OntologyClass	17	17	4	environmental_samples	sandstone|sandstones|sandstonous
ENVO:01000127	ENVO	biolink:OntologyClass	17	17	1.41893	environmental_samples	marine cold seep|marine cold seep biome|marine cold seeps
BTO:0000397	BTO	biolink:GrossAnatomicalStructure	16	16	3	annotated_genomes_isolates	tooth|tooths
BTO:0001468	BTO	biolink:GrossAnatomicalStructure	16	16	3	annotated_genomes_isolates	xylem|xylems
BTO:0000131	BTO	biolink:GrossAnatomicalStructure	15	16	3	annotated_genomes_isolates	blood plasma|blood plasmal|blood plasmas|plasma|plasmal|plasmas
BTO:0000450	BTO	biolink:GrossAnatomicalStructure	15	15	3	annotated_genomes_isolates	fiber|fibers
BTO:0000452	BTO	biolink:GrossAnatomicalStructure	15	15	3	annotated_genomes_isolates	fibroblast|fibroblastic|fibroblasts
BTO:0000817	BTO	biolink:GrossAnatomicalStructure	15	15	3	annotated_genomes_isolates	Brustdruese|Brustdrueses|glandula mammaria|glandula mammarial|glandula mammarias|lactiferous gland|lactiferous glandic|lactiferous glands|mamma|mammal|mammary gland|mammary glandic|mammary glands|mammas
ENVO:00003862	ENVO	biolink:OntologyClass	15	17	4	annotated_genomes_isolates	dairies|dairy
BTO:0000662	BTO	biolink:GrossAnatomicalStructure	14	14	3	annotated_genomes_isolates	Nasenrachenraa|Nasenrachenraal|Nasenrachenraum|Nasenrachenraums|nasopharynx|nasopharynxes
BTO:0001058	BTO	biolink:GrossAnatomicalStructure	14	14	3	annotated_genomes_isolates	phloem|phloems
BTO:0001158	BTO	biolink:GrossAnatomicalStructure	14	14	3	annotated_genomes_isolates	intestinum recta|intestinum rectal|intestinum rectum|intestinum rectums|recta|rectal|rectum|rectums
BTO:0002979	BTO	biolink:GrossAnatomicalStructure	14	14	3	annotated_genomes_isolates	secretional|secretions
ENVO:00002012	ENVO	biolink:OntologyClass	14	14	3	annotated_genomes_isolates|environmental_samples	hypersaline water|hypersaline waters
ENVO:00003064	ENVO	biolink:OntologyClass	14	14	4	annotated_genomes_isolates	drinking water|drinking waters
BTO:0000149	BTO	biolink:GrossAnatomicalStructure	13	13	3	annotated_genomes_isolates	breast|breastic|breasts
BTO:0000510	BTO	biolink:GrossAnatomicalStructure	13	13	3	annotated_genomes_isolates	hindgut|hindguts
BTO:0000522	BTO	biolink:GrossAnatomicalStructure	13	13	3	annotated_genomes_isolates	Druese|Drueses|gland|glandic|glands|glandula|glandulal|glandulas
BTO:0001426	BTO	biolink:GrossAnatomicalStructure	13	13	4	annotated_genomes_isolates	urethra|urethral|urethras
ENVO:00000084	ENVO	biolink:OntologyClass	13	13	1.28264	environmental_samples	col|defilar|defile|defiles|mountain pass|mountain passes|mountain passic|notches|pass|saddle (physiographic)|sill (physiographic)
ENVO:00000210	ENVO	biolink:OntologyClass	13	13	4	annotated_genomes_isolates	aphotic|aphotic zone|aphotics
BTO:0000130	BTO	biolink:GrossAnatomicalStructure	12	12	3	annotated_genomes_isolates	neutrophil|neutrophil granulocyte|neutrophil granulocytes|neutrophilic granulocyte|neutrophilic granulocytes|neutrophilic leucocyte|neutrophilic leucocytes|neutrophilic leukocyte|neutrophilic leukocytes|neutrophils
BTO:0000519	BTO	biolink:GrossAnatomicalStructure	12	12	3	annotated_genomes_isolates	gingiva|gingival|gingivas|gum
BTO:0001540	BTO	biolink:GrossAnatomicalStructure	12	12	3	annotated_genomes_isolates	beaker cell|beaker cells|caliciform cell|caliciform cells|chalice cell|chalice cells|goblet cell|goblet cells
ENVO:00000081	ENVO	biolink:OntologyClass	12	12	3	annotated_genomes_isolates	cerro|cerroes|cordillera|cordilleral|cordilleras|foothill|foothills|knoll|knolls|montane|montanes|montanous|mountain|mountainoal|mountainoi|mountainous|mountainouses|mountains
ENVO:00000216	ENVO	biolink:OntologyClass	12	12	1.24293	environmental_samples	fumarolar|fumarole|fumaroles
ENVO:00000218	ENVO	biolink:OntologyClass	12	12	4	annotated_genomes_isolates|environmental_samples	active chimney|active chimneys|black smoker|black smokers|oceanic vent|oceanic vents|sea vent|sea vents
BTO:0000424	BTO	biolink:GrossAnatomicalStructure	11	11	3	annotated_genomes_isolates	RBC|erythrocyte|erythrocytes|red blood cell|red blood cells|red blood corpusclar|red blood corpuscle|red blood corpuscles
BTO:0000784	BTO	biolink:GrossAnatomicalStructure	11	12	3	annotated_genomes_isolates	lymph gland|lymph glandic|lymph glands|lymph node|lymph nodes
BTO:0002173	BTO	biolink:GrossAnatomicalStructure	11	11	3	annotated_genomes_isolates	tuberclar|tubercle|tubercles
ENVO:00000083	ENVO	biolink:OntologyClass	11	11	3	annotated_genomes_isolates	cerro|cerroes|hill|hillies|hillock|hillocks|hills|hillses|hilly|hilly areas|hilly areases|hilly areasic|knoll|knolls
BTO:0000155	BTO	biolink:GrossAnatomicalStructure	10	10	3	annotated_genomes_isolates	BAL cell|BAL cells|bronchioalveolar lavage|bronchioalveolar lavage s|bronchioalveolar lavages|bronchoalveolar lavage fluid|bronchoalveolar lavage fluids
BTO:0000227	BTO	biolink:GrossAnatomicalStructure	10	11	3	annotated_genomes_isolates	CNS|central nervous system|central nervous systems|cerebrospinal axis|cerebrospinal axises|neuraxis|neuraxises
BTO:0000338	BTO	biolink:GrossAnatomicalStructure	10	10	3	annotated_genomes_isolates	bacterial plaque|bacterial plaques|dental plaque|dental plaques
BTO:0001142	BTO	biolink:GrossAnatomicalStructure	10	10	4	annotated_genomes_isolates	fruit pulp|fruit pulps|pulp
ENVO:00002015	ENVO	biolink:OntologyClass	10	10	4	environmental_samples	volcanic rock|volcanic rocks
ENVO:00002276	ENVO	biolink:OntologyClass	10	10	4	annotated_genomes_isolates	animal waste|animal wastes
ENVO:01000316	ENVO	biolink:OntologyClass	10	10	4	environmental_samples	alkaline environment|alkaline environments
BTO:0000464	BTO	biolink:GrossAnatomicalStructure	9	9	3	annotated_genomes_isolates	flagellate|flagellates
BTO:0000574	BTO	biolink:GrossAnatomicalStructure	9	9	3	annotated_genomes_isolates	blood cell|blood cells|haematopoietic cell|haematopoietic cells|haemopoietic cell|haemopoietic cells|hematopoietic cell|hematopoietic cells|hemopoietic cell|hemopoietic cells
BTO:0001170	BTO	biolink:GrossAnatomicalStructure	9	9	3	annotated_genomes_isolates	resting cell|resting cells
BTO:0001444	BTO	biolink:GrossAnatomicalStructure	9	9	3	annotated_genomes_isolates	Vero cell|Vero cells|vero|vero cell line|vero cell lines|vero cell lineses|vero cell linous|vero cellses
BTO:0002099	BTO	biolink:GrossAnatomicalStructure	9	9	3	annotated_genomes_isolates	auris media|auris medial|auris medias|middle ear|middle earic|middle ears
BTO:0004669	BTO	biolink:GrossAnatomicalStructure	9	9	3	annotated_genomes_isolates	digits|finger|fingers|forelimb digit|forelimb digits
ENVO:01000046	ENVO	biolink:OntologyClass	9	9	4	annotated_genomes_isolates	marginal sea|marginal sea biome|marginal seal|marginal seas
BTO:0000858	BTO	biolink:GrossAnatomicalStructure	8	8	3	annotated_genomes_isolates	mesophyll|mesophylls
BTO:0001230	BTO	biolink:GrossAnatomicalStructure	8	8	3	annotated_genomes_isolates	semen|semens|seminal fluid|seminal fluids|sperm|sperms
BTO:0001376	BTO	biolink:GrossAnatomicalStructure	8	8	3	annotated_genomes_isolates	thigh|thighs
BTO:0001400	BTO	biolink:GrossAnatomicalStructure	8	8	3	annotated_genomes_isolates	tuber|tubers
BTO:0001486	BTO	biolink:GrossAnatomicalStructure	8	8	3	annotated_genomes_isolates	Skelettsystem|Skelettsystems|skeletal system|skeletal systems|skeleton|skeletonal|skeletons
BTO:0001653	BTO	biolink:GrossAnatomicalStructure	8	8	3	annotated_genomes_isolates	lung epithelia|lung epithelial|lung epithelium|lung epitheliums|pulmonary epithelia|pulmonary epithelial|pulmonary epithelium|pulmonary epitheliums
ENVO:00000055	ENVO	biolink:OntologyClass	8	8	3	annotated_genomes_isolates	saline evaporation pond|saline evaporation ponds|salt evaporation pond|salt evaporation ponds|salt pond|salt ponds|salt pondses|saltern|salterns
ENVO:00000133	ENVO	biolink:OntologyClass	8	13	4	annotated_genomes_isolates	RockGlacier|RockGlaciers|glacier|glaciers|rock glacier|rock glaciers
ENVO:00000562	ENVO	biolink:OntologyClass	8	8	3	annotated_genomes_isolates	park
ENVO:00002040	ENVO	biolink:OntologyClass	8	8	4	annotated_genomes_isolates	wood
ENVO:00002117	ENVO	biolink:OntologyClass	8	8	3	annotated_genomes_isolates	creosote contaminated soil|creosote contaminated soils
BTO:0000365	BTO	biolink:GrossAnatomicalStructure	7	7	3	annotated_genomes_isolates	anterior intestine|anterior intestines|anterior intestinous|duodena|duodenal|duodenum|duodenums|proximal intestine|proximal intestines|proximal intestinous|upper intestine|upper intestines|upper intestinous
BTO:0000775	BTO	biolink:GrossAnatomicalStructure	7	7	3	annotated_genomes_isolates	lymphocyte|lymphocytes
BTO:0003415	BTO	biolink:GrossAnatomicalStructure	7	7	3	annotated_genomes_isolates	conjunctiva|conjunctival|conjunctivas
BTO:0005312	BTO	biolink:GrossAnatomicalStructure	7	7	3	annotated_genomes_isolates	amoeba|amoebal|amoebas
ENVO:00000182	ENVO	biolink:OntologyClass	7	7	3	annotated_genomes_isolates	highland|highlandic|highlands|intermontane plateau|intermontane plateaus|plateau|plateaus|table mountain|table mountains|tableknoll|tableknolls|tableland|tablelandic|tablelands|upland|uplandic|uplands
ENVO:00000485	ENVO	biolink:OntologyClass	7	7	4	environmental_samples	sea shore|sea shores
ENVO:01000042	ENVO	biolink:OntologyClass	7	7	4	environmental_samples	neritic epipelagic zone|neritic epipelagic zone biome|neritic epipelagic zones|neritic epipelagic zonous
ENVO:01000277	ENVO	biolink:OntologyClass	7	7	4	annotated_genomes_isolates	ice
BTO:0000469	BTO	biolink:GrossAnatomicalStructure	6	6	3	annotated_genomes_isolates|environmental_samples	flower|flowers
BTO:0000546	BTO	biolink:GrossAnatomicalStructure	6	6	3	annotated_genomes_isolates	gut mucosa|gut mucosal|gut mucosas
BTO:0001203	BTO	biolink:GrossAnatomicalStructure	6	6	3	annotated_genomes_isolates	salivary gland|salivary glandic|salivary glands
BTO:0001424	BTO	biolink:GrossAnatomicalStructure	6	6	3	annotated_genomes_isolates	uteral|uteri|uterus|uteruses|womb
BTO:0001938	BTO	biolink:GrossAnatomicalStructure	6	6	3	annotated_genomes_isolates	U2 osteosarcoma cell|U2-OS cell|u2os|u2os cell line|u2os cell lines|u2os cells
BTO:0001947	BTO	biolink:GrossAnatomicalStructure	6	6	3	annotated_genomes_isolates	HRT-18 cell|hrt18|hrt18 cell line|hrt18 cell lines|hrt18 cells
BTO:0001980	BTO	biolink:GrossAnatomicalStructure	6	6	3	annotated_genomes_isolates	glandula sebaceae|glandula sebaceaes|sebaceous folliclar|sebaceous follicle|sebaceous follicles|sebaceous gland|sebaceous glandic|sebaceous glands
BTO:0002045	BTO	biolink:GrossAnatomicalStructure	6	6	3	annotated_genomes_isolates	capillaries|capillary
BTO:0003132	BTO	biolink:GrossAnatomicalStructure	6	6	3	annotated_genomes_isolates	microsporidian|microsporidianic|microsporidians
ENVO:00000031	ENVO	biolink:OntologyClass	6	6	3	annotated_genomes_isolates	arroyo|arroyos|nullah|nullahic|nullahs|wadi|wadi bend|wadi bends|wadi junction|wadi junctional|wadi junctions|wadis|wadises
ENVO:00000067	ENVO	biolink:OntologyClass	6	6	4	annotated_genomes_isolates	cave|cavern|caverns|caves|caveses|grotto|grottoes|notches
ENVO:00000206	ENVO	biolink:OntologyClass	6	6	4	annotated_genomes_isolates	neritic|neritic zone|neritics
ENVO:00000247	ENVO	biolink:OntologyClass	6	6	3	annotated_genomes_isolates	volcano|volcanoes
ENVO:00000477	ENVO	biolink:OntologyClass	6	6	3	annotated_genomes_isolates	cerrito|cerritoes|cerro|cerroes|dome|hillock|hillocks|inselberg|inselbergs|knob|knoll|knolls|koppje|koppjes|mount|mounts
ENVO:00002157	ENVO	biolink:OntologyClass	6	6	1.13934	environmental_samples	stromatolite mat|stromatolite matic|stromatolite mats
ENVO:00002173	ENVO	biolink:OntologyClass	6	6	3	annotated_genomes_isolates	hospital|hospitalic|hospitals
ENVO:00002213	ENVO	biolink:OntologyClass	6	6	1.11189	environmental_samples	anaerobic sludge blanket reactor|anaerobic sludge blanket reactors
ENVO:00002272	ENVO	biolink:OntologyClass	6	6	1.12414	environmental_samples	WWTP|waste treatment plant|waste treatment plantic|waste treatment plants
ENVO:00003043	ENVO	biolink:OntologyClass	6	6	3	annotated_genomes_isolates	sewage plant|sewage plantic|sewage plants
BTO:0000091	BTO	biolink:GrossAnatomicalStructure	5	5	3	annotated_genomes_isolates	ascites|ascites fluid|ascites fluids|asciteses|ascitic fluid|ascitic fluids
BTO:0000303	BTO	biolink:GrossAnatomicalStructure	5	5	3	annotated_genomes_isolates	crown gall|crown gallic|crown galls
BTO:0000447	BTO	biolink:GrossAnatomicalStructure	5	5	3	annotated_genomes_isolates	feather|feathers
BTO:0000659	BTO	biolink:GrossAnatomicalStructure	5	5	3	annotated_genomes_isolates	juice|juices
BTO:0000956	BTO	biolink:GrossAnatomicalStructure	5	5	3	annotated_genomes_isolates	gut epithelia|gut epithelial|gut epithelium|gut epitheliums
BTO:0000976	BTO	biolink:GrossAnatomicalStructure	5	5	3	annotated_genomes_isolates	HEp-2 cell|hep2|hep2 cell line|hep2 cell lines|hep2 cells
BTO:0001025	BTO	biolink:GrossAnatomicalStructure	5	5	3	annotated_genomes_isolates	PBM cell|PBM cells|PBMC|PBMC cell|PBMC cells|peripheral blood mononuclear cell|peripheral blood mononuclear cells
BTO:0001129	BTO	biolink:GrossAnatomicalStructure	5	5	3	annotated_genomes_isolates	prostate|prostate gland|prostate glandic|prostate glands|prostates
BTO:0002990	BTO	biolink:GrossAnatomicalStructure	5	5	3	annotated_genomes_isolates	gastric ulcer|gastric ulcers
ENVO:00000128	ENVO	biolink:OntologyClass	5	5	3	annotated_genomes_isolates	dry valley|dry valleys
ENVO:00000533	ENVO	biolink:OntologyClass	5	5	4	annotated_genomes_isolates	disposal site|disposal sites|landfill|landfills
ENVO:00002118	ENVO	biolink:OntologyClass	5	5	3	annotated_genomes_isolates	sea sand|sea sandic|sea sands
ENVO:00002179	ENVO	biolink:OntologyClass	5	5	4	annotated_genomes_isolates|environmental_samples	intertidal sediment|intertidal sediments
ENVO:00002265	ENVO	biolink:OntologyClass	5	5	4	annotated_genomes_isolates	agricultural waste|agricultural wastes
BTO:0000081	BTO	biolink:GrossAnatomicalStructure	4	4	3	annotated_genomes_isolates	Geschlechtsorgan|Geschlechtsorganic|Geschlechtsorgans|animal reproductive system|animal reproductive systems|genital system|genital systems|genitalia|genitalial|genitalias|organa genitalia|organa genitalial|organa genitalias|reproductive system|reproductive systems|reproductive tissue|reproductive tissues|reproductive tract|reproductive tractic|reproductive tracts
BTO:0000141	BTO	biolink:GrossAnatomicalStructure	4	4	3	annotated_genomes_isolates	bone marrow|bone marrows|medulla of bone|medulla of bones|medulla of bonous|medulla ossea|medulla osseal|medulla osseas|medulla ossia|medulla ossial|medulla ossium|medulla ossiums
BTO:0000195	BTO	biolink:GrossAnatomicalStructure	4	4	3	annotated_genomes_isolates	CACO-2 cell|caco2|caco2 cell line|caco2 cell lines|caco2 cells
BTO:0000379	BTO	biolink:GrossAnatomicalStructure	4	4	3	annotated_genomes_isolates	embryos
BTO:0000917	BTO	biolink:GrossAnatomicalStructure	4	4	3	annotated_genomes_isolates	needlar|needle|needles
BTO:0000975	BTO	biolink:GrossAnatomicalStructure	4	4	3	annotated_genomes_isolates	ovaries|ovary
BTO:0000980	BTO	biolink:GrossAnatomicalStructure	4	5	3	annotated_genomes_isolates	fallopian tube|fallopian tubes|oviduct|oviducts|salpinx|salpinxes|tuba uterina|tuba uterinae|tuba uterinaes|tuba uterinal|tuba uterinas|uterine tube|uterine tubes
BTO:0001432	BTO	biolink:GrossAnatomicalStructure	4	4	3	annotated_genomes_isolates	vascular tissue|vascular tissues
BTO:0001477	BTO	biolink:GrossAnatomicalStructure	4	4	3	annotated_genomes_isolates	light organ|light organic|light organs|photogenic organ|photogenic organic|photogenic organs|photophore|photophores
BTO:0001600	BTO	biolink:GrossAnatomicalStructure	4	4	3	annotated_genomes_isolates	cuticlar|cuticle|cuticles|cuticula|cuticulal|cuticulas
BTO:0001822	BTO	biolink:GrossAnatomicalStructure	4	4	3	annotated_genomes_isolates	SCN|suprachiasmatic nuclear|suprachiasmatic nuclei|suprachiasmatic nucleus|suprachiasmatic nucleuses
BTO:0001965	BTO	biolink:GrossAnatomicalStructure	4	4	3	annotated_genomes_isolates	cadaver|cadavers|carcass|carcasses|carcassic|dead bodies|dead body
BTO:0002305	BTO	biolink:GrossAnatomicalStructure	4	4	3	annotated_genomes_isolates	holdfast|holdfastic|holdfasts|scolex|scolexes
BTO:0003969	BTO	biolink:GrossAnatomicalStructure	4	4	3	annotated_genomes_isolates	ORS|hair follicle outer root sheath|hair follicle outer root sheathic|hair follicle outer root sheaths|outer root sheath|outer root sheathic|outer root sheaths
BTO:0004300	BTO	biolink:GrossAnatomicalStructure	4	4	3	annotated_genomes_isolates	mammary epithelial cell|mammary epithelial cells
ENVO:00000035	ENVO	biolink:OntologyClass	4	4	3	annotated_genomes_isolates	marsh|marshes|marshic|marshies|marshland|marshlandic|marshlands|marshy|marshy areas|marshy areases|marshy areasic
ENVO:00000167	ENVO	biolink:OntologyClass	4	4	3	annotated_genomes_isolates	Shoal|Shoalic|ball|bank (hydrographic)|banks (seafloor)|bar|bar (physiographic)|barrier beach|barrier beaches|barrier beachic|bay bar|bay baric|bay barrier|bay barriers|bay bars|bay head bar|bay head baric|bay head bars|baymouth bar|baymouth baric|baymouth bars|cuspate bar|cuspate baric|cuspate bars|cuspate spit|cuspate spits|hook|hooked spit|hooked spits|longshore bar|longshore baric|longshore bars|marsh bar|marsh baric|marsh bars|offshore bar|offshore baric|offshore bars|point|points|recurved spit|recurved spits|sand bank|sand bankic|sand banks|sand bar|sand baric|sand bars|sand hom|sand homs|sand lobe|sand lobes|sand spit|sand spits|sandbar|sandbaric|sandbars|shoal patches|shoal patcheses|shoals|shoalses|shoalsic|tongue|tongue (seafloor)|tongues|transverse bar|transverse baric|transverse bars|undersea shoal|undersea shoalic|undersea shoals
ENVO:00000213	ENVO	biolink:OntologyClass	4	4	4	annotated_genomes_isolates	mesopelagic|mesopelagic zone|mesopelagics
ENVO:00000262	ENVO	biolink:OntologyClass	4	4	3	annotated_genomes_isolates	pampa|pampal|pampas|pampases|pampasic|puszta|pusztal|pusztas|steppe|steppes
ENVO:00000393	ENVO	biolink:OntologyClass	4	4	3	annotated_genomes_isolates	sound|sound (body of water)|sounds
ENVO:00002114	ENVO	biolink:OntologyClass	4	4	4	annotated_genomes_isolates	contaminated sediment|contaminated sediments
ENVO:00002168	ENVO	biolink:OntologyClass	4	4	3	annotated_genomes_isolates|environmental_samples	gold mine|gold mines|gold minous
ENVO:01000034	ENVO	biolink:OntologyClass	4	4	1.13534	environmental_samples	oceanic sea surface microlayer|oceanic sea surface microlayer biome|oceanic sea surface microlayers
ENVO:01000066	ENVO	biolink:OntologyClass	4	4	3	annotated_genomes_isolates	dead|dead zone|marine anoxic|marine anoxic zone|marine anoxics
ENVO:01000161	ENVO	biolink:OntologyClass	4	4	1.3019	environmental_samples	marine sponge reef|marine sponge reefs
ENVO:01000207	ENVO	biolink:OntologyClass	4	4	3	annotated_genomes_isolates	mediterranean|mediterraneanic|mediterraneans
BTO:0000090	BTO	biolink:GrossAnatomicalStructure	3	3	3	annotated_genomes_isolates	ascidian|ascidianic|ascidians|sea squirt|sea squirts
BTO:0000109	BTO	biolink:GrossAnatomicalStructure	3	3	3	annotated_genomes_isolates	bacteroid|bacteroids
BTO:0000121	BTO	biolink:GrossAnatomicalStructure	3	3	3	annotated_genomes_isolates	bile|fel|gall
BTO:0000271	BTO	biolink:GrossAnatomicalStructure	3	3	3	annotated_genomes_isolates	colon mucosa|colon mucosal|colon mucosas|colonic mucosa|colonic mucosal|colonic mucosas
BTO:0000286	BTO	biolink:GrossAnatomicalStructure	3	3	3	annotated_genomes_isolates	cornea|corneal|corneas
BTO:0000320	BTO	biolink:GrossAnatomicalStructure	3	3	3	annotated_genomes_isolates	cyst
BTO:0000377	BTO	biolink:GrossAnatomicalStructure	3	3	3	annotated_genomes_isolates	elementary bodies|elementary body
BTO:0000518	BTO	biolink:GrossAnatomicalStructure	3	3	3	annotated_genomes_isolates	branchia|branchial|branchial tissue|branchial tissues|branchias|gill
BTO:0000535	BTO	biolink:GrossAnatomicalStructure	3	3	3	annotated_genomes_isolates	gamete|gametes|germ cell|germ cells
BTO:0000605	BTO	biolink:GrossAnatomicalStructure	3	3	3	annotated_genomes_isolates	honey|honeys
BTO:0000646	BTO	biolink:GrossAnatomicalStructure	3	3	3	annotated_genomes_isolates	distal colon|distal colonal|distal colons|left colon|left colonal|left colons
BTO:0000664	BTO	biolink:GrossAnatomicalStructure	3	3	3	annotated_genomes_isolates	K-562 cell|K-562/S cell|K562s cell|K562wt cell|k562|k562 cell line|k562 cell lines|k562 cells
BTO:0000776	BTO	biolink:GrossAnatomicalStructure	3	3	3	annotated_genomes_isolates	B cell|B cells|B-cell|B-cells|B-lymphocyte|B-lymphocytes
BTO:0001060	BTO	biolink:GrossAnatomicalStructure	3	3	3	annotated_genomes_isolates	photoreceptor|photoreceptor cell|photoreceptor cells|photoreceptors
BTO:0001078	BTO	biolink:GrossAnatomicalStructure	3	3	3	annotated_genomes_isolates	placenta|placental|placentas
BTO:0001176	BTO	biolink:GrossAnatomicalStructure	3	3	3	annotated_genomes_isolates	endothelial cell|endothelial cells
BTO:0001191	BTO	biolink:GrossAnatomicalStructure	3	3	3	annotated_genomes_isolates	root tip|root tips
BTO:0001201	BTO	biolink:GrossAnatomicalStructure	3	3	3	annotated_genomes_isolates	rosette|rosettes
BTO:0001287	BTO	biolink:GrossAnatomicalStructure	3	3	3	annotated_genomes_isolates	sporangia|sporangial|sporangium|sporangiums
BTO:0001339	BTO	biolink:GrossAnatomicalStructure	3	3	3	annotated_genomes_isolates	synovia|synovial|synovial fluid|synovial fluids|synovias
BTO:0001370	BTO	biolink:GrossAnatomicalStructure	3	3	3	annotated_genomes_isolates	THP-1 cell|thp1|thp1 cell line|thp1 cell lines|thp1 cells
BTO:0001551	BTO	biolink:GrossAnatomicalStructure	3	3	3	annotated_genomes_isolates	free-living state|free-living states
BTO:0001886	BTO	biolink:GrossAnatomicalStructure	3	3	3	annotated_genomes_isolates	primordia|primordial|primordium|primordiums
BTO:0002196	BTO	biolink:GrossAnatomicalStructure	3	3	3	annotated_genomes_isolates	A10 cell|a10|a10 cell line|a10 cell lines|a10 cells
BTO:0004299	BTO	biolink:GrossAnatomicalStructure	3	3	3	annotated_genomes_isolates	lung epithelial cell|lung epithelial cells|pulmonary epithelial cell|pulmonary epithelial cells
BTO:0005436	BTO	biolink:GrossAnatomicalStructure	3	3	3	annotated_genomes_isolates	paniclar|panicle|panicles
ENVO:00000014	ENVO	biolink:OntologyClass	3	3	3	annotated_genomes_isolates	canal|canal bend|canal bends|canalic|canals|drain (channel)|irrigation system|irrigation systems|lateral|lateralic|laterals
ENVO:00000029	ENVO	biolink:OntologyClass	3	3	3	annotated_genomes_isolates	awawa|awawal|awawas|barranca|barrancal|barrancas|beck|branch|branches|branchic|brook|brooks|course|courses|culvert|culverts|draw|dredged channel|dredged channels|fork|gulch|gulches|gullies|gully|gutter|gutters|kill|lode|moat|narrows|narrows (hydrographic)|narrowses|overflow channel|overflow channels|passage|passages|pup|race|ravine|ravines|ravinous|reach|reaches|reachic|rivulet|rivulets|run|runnel|runnels|seaway|seaways|spillway|spillways|tideway|tideways|wash|water courses|water courseses|water gap|water gapic|water gaps|watercourse|watercourses|waterway|waterways
ENVO:00000039	ENVO	biolink:OntologyClass	3	3	3	annotated_genomes_isolates	fiord|fiords|fjord|fjords|fjordses|loch
ENVO:00000050	ENVO	biolink:OntologyClass	3	3	3	annotated_genomes_isolates	geyser|geysers
ENVO:00000064	ENVO	biolink:OntologyClass	3	3	3	annotated_genomes_isolates	accessway|accessways|alley|alleys|avenue|avenues|board walk|board walkic|board walks|boulevard|boulevardic|boulevards|caravan route|caravan routes|cart track|cart trackic|cart tracks|drive|drives|drove|droves|farm lane|farm lanes|farm lanous|freeway|freeways|highway|highways|intersection|intersectional|intersections|lane|parkway|parkways|road|road bend|road bends|road junction|road junctional|road junctions|roadway|roadways|street|streets|thorofare|thorofares|thoroughfare|thoroughfares|thruway|thruways|traffic circlar|traffic circle|traffic circles|turnpike|turnpikes
ENVO:00000096	ENVO	biolink:OntologyClass	3	3	3	annotated_genomes_isolates	caldera|calderal|calderas
ENVO:00000166	ENVO	biolink:OntologyClass	3	3	3	annotated_genomes_isolates	ISLAND REEF|ISLAND REEFs|REEF, ISLAND|atoll|atolls|coral atoll|coral atolls
ENVO:00000363	ENVO	biolink:OntologyClass	3	3	3	annotated_genomes_isolates	natural preserve|natural preserves|natural reserve|natural reserves|nature preserve|nature preserves|nature reserve|nature reserves|protected reserves|protected reserveses
ENVO:00000383	ENVO	biolink:OntologyClass	3	3	4	environmental_samples	dry stream bed|dry stream beds|stream bed|stream beds|stream bottom|stream bottoms
ENVO:00001997	ENVO	biolink:OntologyClass	3	3	4	annotated_genomes_isolates	acid mine drainage|acid mine drainages|acid rock drainage|acid rock drainages
ENVO:00002120	ENVO	biolink:OntologyClass	3	3	3	annotated_genomes_isolates	acid hot spring|acid hot springs|acidic hot spring|acidic hot springs
ENVO:00002192	ENVO	biolink:OntologyClass	3	3	4	environmental_samples	poultry litter|poultry litters
ENVO:00003030	ENVO	biolink:OntologyClass	3	3	4	annotated_genomes_isolates	silage|silages
ENVO:01000008	ENVO	biolink:OntologyClass	3	3	4	annotated_genomes_isolates	microbial mat|microbial matic|microbial mats
BTO:0000018	BTO	biolink:GrossAnatomicalStructure	2	2	3	annotated_genomes_isolates	A-549 cell|NCI-A549 cell|a549|a549 cell line|a549 cell lines|a549 cells
BTO:0000047	BTO	biolink:GrossAnatomicalStructure	2	2	3	annotated_genomes_isolates	adrenal|adrenal capsular|adrenal capsule|adrenal capsules|adrenal gland|adrenal glandic|adrenal glands|adrenalic|adrenals|atrabiliary capsular|atrabiliary capsule|atrabiliary capsules|epinephros|epinephroses|glandula suprarenalis|glandula suprarenalises|paranephros|paranephroses|suprarenal capsular|suprarenal capsule|suprarenal capsules|suprarenal gland|suprarenal glandic|suprarenal glands
BTO:0000060	BTO	biolink:GrossAnatomicalStructure	2	2	3	annotated_genomes_isolates	air sac|air sacic|air sacs|alveolal|alveoli|alveolis|alveolus|alveoluses
BTO:0000079	BTO	biolink:GrossAnatomicalStructure	2	2	3	annotated_genomes_isolates	anther|anthers
BTO:0000088	BTO	biolink:GrossAnatomicalStructure	2	2	3	annotated_genomes_isolates	CV system|CV systems|Herz und Gefaesssystem|Herz und Gefaesssystems|cardiovascular system|cardiovascular systems|circulatory system|circulatory systems
BTO:0000266	BTO	biolink:GrossAnatomicalStructure	2	2	3	annotated_genomes_isolates	cob|corn cob|corn cobs|corncob|corncobs|maize cob|maize cobs
BTO:0000339	BTO	biolink:GrossAnatomicalStructure	2	2	3	annotated_genomes_isolates	dental pulp|dental pulp cell|dental pulp cells|dental pulps
BTO:0000367	BTO	biolink:GrossAnatomicalStructure	2	2	3	annotated_genomes_isolates	duodenal mucosa|duodenal mucosal|duodenal mucosas|duodenum mucosa|duodenum mucosal|duodenum mucosas
BTO:0000493	BTO	biolink:GrossAnatomicalStructure	2	2	3	annotated_genomes_isolates	gall bladder|gall bladders
BTO:0000500	BTO	biolink:GrossAnatomicalStructure	2	2	3	annotated_genomes_isolates	gastric epithelia|gastric epithelial|gastric epithelium|gastric epitheliums|stomach epithelia|stomach epithelial|stomach epithelium|stomach epitheliums
BTO:0000536	BTO	biolink:GrossAnatomicalStructure	2	2	3	annotated_genomes_isolates	gracilis|gracilis musclar|gracilis muscle|gracilis muscles|gracilises
BTO:0000553	BTO	biolink:GrossAnatomicalStructure	2	2	3	annotated_genomes_isolates	peripheral blood|peripheral bloods
BTO:0000567	BTO	biolink:GrossAnatomicalStructure	2	2	3	annotated_genomes_isolates	HeLa cell|HeLa cells|hela|hela cell line|hela cell lines|hela cell lineses|hela cell linous|hela cellses
BTO:0000586	BTO	biolink:GrossAnatomicalStructure	2	2	3	annotated_genomes_isolates	carcinoma cell, colon|colon cancer cell|colon cancer cells|colon carcinoma cell|colon carcinoma cells|colonic cancer cell|colonic cancer cells|colonic carcinoma cell|colonic carcinoma cells
BTO:0000597	BTO	biolink:GrossAnatomicalStructure	2	2	3	annotated_genomes_isolates	hepatopancreas|hepatopancreases|hepatopancreasic|midgut gland|midgut glandic|midgut glands
BTO:0000600	BTO	biolink:GrossAnatomicalStructure	2	2	3	annotated_genomes_isolates	heterocyst|heterocysts
BTO:0000667	BTO	biolink:GrossAnatomicalStructure	2	2	3	annotated_genomes_isolates	keratinocyte|keratinocytes|malpighian cell|malpighian cells
BTO:0000719	BTO	biolink:GrossAnatomicalStructure	2	2	3	annotated_genomes_isolates	leaf blade|leaf blades|leaf lamina|leaf laminal|leaf laminas
BTO:0000876	BTO	biolink:GrossAnatomicalStructure	2	2	3	annotated_genomes_isolates	monocyte|monocytes|mononuclear leukocyte|mononuclear leukocytes|nongranular leukocyte|nongranular leukocytes
BTO:0000901	BTO	biolink:GrossAnatomicalStructure	2	2	3	annotated_genomes_isolates	myocardia|myocardial|myocardium|myocardiums
BTO:0000954	BTO	biolink:GrossAnatomicalStructure	2	2	3	annotated_genomes_isolates	nymph|nymphs
BTO:0000959	BTO	biolink:GrossAnatomicalStructure	2	2	3	annotated_genomes_isolates	esophagal|esophagi|esophagus|esophaguses|gullet|gullets|oesophagal|oesophagi|oesophagus|oesophaguses
BTO:0001031	BTO	biolink:GrossAnatomicalStructure	2	2	3	annotated_genomes_isolates	peritoneal fluid|peritoneal fluids
BTO:0001044	BTO	biolink:GrossAnatomicalStructure	2	2	3	annotated_genomes_isolates	phagocyte|phagocytes
BTO:0001268	BTO	biolink:GrossAnatomicalStructure	2	2	3	annotated_genomes_isolates	somatic cell|somatic cells
BTO:0001368	BTO	biolink:GrossAnatomicalStructure	2	2	3	annotated_genomes_isolates	chest|chests|thorax|thoraxes|thoraxic
BTO:0001383	BTO	biolink:GrossAnatomicalStructure	2	2	3	annotated_genomes_isolates	alveolar bone|alveolar bones|alveolar bonous
BTO:0001395	BTO	biolink:GrossAnatomicalStructure	2	2	3	annotated_genomes_isolates	trichomal|trichome|trichomes
BTO:0001457	BTO	biolink:GrossAnatomicalStructure	2	2	3	annotated_genomes_isolates	hip
BTO:0001472	BTO	biolink:GrossAnatomicalStructure	2	2	3	annotated_genomes_isolates	peritonea|peritoneal|peritoneum|peritoneums
BTO:0001591	BTO	biolink:GrossAnatomicalStructure	2	2	3	annotated_genomes_isolates	PA-1 cell|pa1|pa1 cell line|pa1 cell lines|pa1 cells
BTO:0001816	BTO	biolink:GrossAnatomicalStructure	2	2	3	annotated_genomes_isolates	stem nodular|stem nodule|stem nodules
BTO:0002096	BTO	biolink:GrossAnatomicalStructure	2	2	3	annotated_genomes_isolates	cavitas nasalis|cavitas nasalises|cavitas nasi|cavitas nasis|nasal cavities|nasal cavity
BTO:0002100	BTO	biolink:GrossAnatomicalStructure	2	2	3	annotated_genomes_isolates	auris externa|auris external|auris externas|external ear|external earic|external ears|outer ear|outer earic|outer ears
BTO:0002278	BTO	biolink:GrossAnatomicalStructure	2	2	3	annotated_genomes_isolates	macrophage cell line|macrophage cell lines|macrophage cell linous
BTO:0002502	BTO	biolink:GrossAnatomicalStructure	2	2	3	annotated_genomes_isolates	kinetoplastid|kinetoplastids
BTO:0002670	BTO	biolink:GrossAnatomicalStructure	2	2	3	annotated_genomes_isolates	MGN|medial geniculate nuclear|medial geniculate nuclei|medial geniculate nucleus|medial geniculate nucleuses|nuclei corporis geniculati medialis|nuclei corporis geniculati medialises|nuclei of medial geniculate bodies|nuclei of medial geniculate body
BTO:0003165	BTO	biolink:GrossAnatomicalStructure	2	2	3	annotated_genomes_isolates	cervical adenocarcinoma cell|cervical adenocarcinoma cells|cervix adenocarcinoma cell|cervix adenocarcinoma cells|uterine cervix adenocarcinoma cell|uterine cervix adenocarcinoma cells
BTO:0003659	BTO	biolink:GrossAnatomicalStructure	2	2	3	annotated_genomes_isolates	secretory cell|secretory cells
BTO:0003680	BTO	biolink:GrossAnatomicalStructure	2	2	3	annotated_genomes_isolates	Mo-B cell|Mo-B cells|mob|mob cell line|mob cell lines|mob cell lineses|mob cell linous|mob cells|mob cellses
BTO:0004057	BTO	biolink:GrossAnatomicalStructure	2	2	3	annotated_genomes_isolates	fruit juice|fruit juices
BTO:0004493	BTO	biolink:GrossAnatomicalStructure	2	2	3	annotated_genomes_isolates	gastric epithelial cell line|gastric epithelial cell lines|gastric epithelial cell linous|gastric epithelium cell line|gastric epithelium cell lines|gastric epithelium cell linous
BTO:0004857	BTO	biolink:GrossAnatomicalStructure	2	2	3	annotated_genomes_isolates	ookinete|ookinetes
BTO:0005030	BTO	biolink:GrossAnatomicalStructure	2	2	3	annotated_genomes_isolates	HeLa-229 cell|hela229|hela229 cell line|hela229 cell lines|hela229 cells
BTO:0005257	BTO	biolink:GrossAnatomicalStructure	2	2	3	annotated_genomes_isolates	oropharynx|oropharynxes
BTO:0005441	BTO	biolink:GrossAnatomicalStructure	2	2	3	annotated_genomes_isolates	lateral root|lateral roots
ENVO:00000011	ENVO	biolink:OntologyClass	2	2	3	annotated_genomes_isolates	garden|gardens
ENVO:00000025	ENVO	biolink:OntologyClass	2	2	3	annotated_genomes_isolates	covered reservoir|covered reservoirs|reservoir|reservoirs
ENVO:00000040	ENVO	biolink:OntologyClass	2	2	3	annotated_genomes_isolates	cascade|cascades|cataract|cataractic|cataracts|fall|falls|fallses|fallsic|force|forces|linn|waterfall|waterfallic|waterfalls|waterfallses|waterfallsic
ENVO:00000138	ENVO	biolink:OntologyClass	2	2	3	annotated_genomes_isolates	cove
ENVO:00000192	ENVO	biolink:OntologyClass	2	2	3	annotated_genomes_isolates	mudflat|mudflatic|mudflats
ENVO:00000217	ENVO	biolink:OntologyClass	2	2	3	annotated_genomes_isolates	solfatara|solfataral|solfataras
ENVO:00000241	ENVO	biolink:OntologyClass	2	2	3	annotated_genomes_isolates	FLAT|tidal flat|tidal flatic|tidal flats|tidal mudflat|tidal mudflatic|tidal mudflats
ENVO:00000266	ENVO	biolink:OntologyClass	2	2	3	annotated_genomes_isolates	grazing area|grazing areal|grazing areas|livestock-grazed areas|livestock-grazed areases|livestock-grazed areasic|pasture|pastures
ENVO:00000369	ENVO	biolink:OntologyClass	2	2	1.10314	environmental_samples	brine pool|brine poolic|brine pools|marine brine pool|marine brine poolic|marine brine pools
ENVO:00000394	ENVO	biolink:OntologyClass	2	2	3	annotated_genomes_isolates	strait|straits
ENVO:00002130	ENVO	biolink:OntologyClass	2	2	4	annotated_genomes_isolates	hypolimnion|hypolimnional|hypolimnions
ENVO:00002141	ENVO	biolink:OntologyClass	2	2	4	annotated_genomes_isolates	leachate|leachates
ENVO:00003044	ENVO	biolink:OntologyClass	2	2	3	annotated_genomes_isolates	brine|brines|brinous
ENVO:01000026	ENVO	biolink:OntologyClass	2	2	4	environmental_samples	marine bathyal zone|marine bathyal zone biome|marine bathyal zones|marine bathyal zonous
ENVO:01000294	ENVO	biolink:OntologyClass	2	2	4	annotated_genomes_isolates	crevice|crevices
BTO:0000020	BTO	biolink:GrossAnatomicalStructure	1	1	3	annotated_genomes_isolates	abdomen|abdomens|abdominal cavities|abdominal cavity
BTO:0000025	BTO	biolink:GrossAnatomicalStructure	1	1	3	annotated_genomes_isolates	amniotic cavities|amniotic cavity
BTO:0000062	BTO	biolink:GrossAnatomicalStructure	1	1	3	annotated_genomes_isolates	Leishman-Donovan bodies|Leishman-Donovan body|aflagellate form|aflagellate forms|amastigote|amastigotes|leishmanial form|leishmanial forms|micromastigote|micromastigotes|spheromastigote|spheromastigotes
BTO:0000068	BTO	biolink:GrossAnatomicalStructure	1	1	3	annotated_genomes_isolates	acqua amnii|acqua amniis|amniotic fluid|amniotic fluids|liquor amnii|liquor amniis
BTO:0000082	BTO	biolink:GrossAnatomicalStructure	1	1	3	annotated_genomes_isolates	male genital organ|male genital organic|male genital organs|male genital system|male genital systems|male genitalia|male genitalial|male genitalias|male reproductive system|male reproductive systems|systema genitale masculina|systema genitale masculinal|systema genitale masculinum|systema genitale masculinums
BTO:0000083	BTO	biolink:GrossAnatomicalStructure	1	1	3	annotated_genomes_isolates	female genital system|female genital systems|female genitalia|female genitalial|female genitalias|female reproductive system|female reproductive systems|gynaecological tissue|gynaecological tissues|systema genitale feminina|systema genitale femininal|systema genitale femininum|systema genitale femininums
BTO:0000120	BTO	biolink:GrossAnatomicalStructure	1	1	3	annotated_genomes_isolates	BHK-21 cell|BHK-21/C13 cell|baby hamster kidney cell|baby hamster kidney cells|bhk21|bhk21 cell line|bhk21 cell lines|bhk21 cells
BTO:0000122	BTO	biolink:GrossAnatomicalStructure	1	1	3	annotated_genomes_isolates	bile duct|bile ducts|biliary duct|biliary ducts|gall duct|gall ducts
BTO:0000138	BTO	biolink:GrossAnatomicalStructure	1	1	3	annotated_genomes_isolates	mesencephalon|mesencephalonal|mesencephalons|midbrain|midbrains
BTO:0000144	BTO	biolink:GrossAnatomicalStructure	1	1	3	annotated_genomes_isolates	meninges|meningeses|meninx|meninxes
BTO:0000146	BTO	biolink:GrossAnatomicalStructure	1	1	3	annotated_genomes_isolates	brain stem|brain stems|truncus encephalical|truncus encephalici|truncus encephalicus|truncus encephalicuses
BTO:0000159	BTO	biolink:GrossAnatomicalStructure	1	1	3	annotated_genomes_isolates	bulb
BTO:0000176	BTO	biolink:GrossAnatomicalStructure	1	1	3	annotated_genomes_isolates	basal cell epithelioma cell|basal cell epithelioma cells|carcinoma cell|carcinoma cells|epithelial cancer cell|epithelial cancer cells|epithelial carcinoma cell|epithelial carcinoma cells|malignant epithelioma cell|malignant epithelioma cells
BTO:0000208	BTO	biolink:GrossAnatomicalStructure	1	1	3	annotated_genomes_isolates	caryopsis|caryopsises|grain|grains
BTO:0000232	BTO	biolink:GrossAnatomicalStructure	1	1	3	annotated_genomes_isolates	cerebella|cerebellal|cerebellum|cerebellums
BTO:0000255	BTO	biolink:GrossAnatomicalStructure	1	1	3	annotated_genomes_isolates	brain cell line|brain cell lines|brain cell linous
BTO:0000318	BTO	biolink:GrossAnatomicalStructure	1	1	3	annotated_genomes_isolates	CV-1 cell|cv1|cv1 cell line|cv1 cell lines|cv1 cells
BTO:0000341	BTO	biolink:GrossAnatomicalStructure	1	1	3	annotated_genomes_isolates	diaphragm|diaphragm musclar|diaphragm muscle|diaphragm muscles|diaphragmic|diaphragms|midriff|midriffs|phren|phrens|thoracic diaphragm|thoracic diaphragmic|thoracic diaphragms
BTO:0000343	BTO	biolink:GrossAnatomicalStructure	1	1	3	annotated_genomes_isolates	renal tubular|renal tubule|renal tubules
BTO:0000376	BTO	biolink:GrossAnatomicalStructure	1	1	3	annotated_genomes_isolates	electric organ|electric organic|electric organs
BTO:0000399	BTO	biolink:GrossAnatomicalStructure	1	1	3	annotated_genomes_isolates	eosinocyte|eosinocytes|eosinophil|eosinophil granulocyte|eosinophil granulocytes|eosinophilic leucocyte|eosinophilic leucocytes|eosinophilic leukocyte|eosinophilic leukocytes|eosinophils
BTO:0000404	BTO	biolink:GrossAnatomicalStructure	1	1	3	annotated_genomes_isolates	epidermis|epidermises
BTO:0000421	BTO	biolink:GrossAnatomicalStructure	1	1	3	annotated_genomes_isolates	Bindegewebe|Bindegewebes|connective tissue|connective tissues
BTO:0000480	BTO	biolink:GrossAnatomicalStructure	1	1	3	annotated_genomes_isolates	forestomach|forestomaches|forestomachic
BTO:0000501	BTO	biolink:GrossAnatomicalStructure	1	1	3	annotated_genomes_isolates	gastric juice|gastric juices|succus gastrical|succus gastrici|succus gastricus|succus gastricuses
BTO:0000534	BTO	biolink:GrossAnatomicalStructure	1	1	3	annotated_genomes_isolates	gonad|gonadic|gonads|sexual gland|sexual glandic|sexual glands
BTO:0000561	BTO	biolink:GrossAnatomicalStructure	1	1	3	annotated_genomes_isolates	caudal lobe|caudal lobes|lobe caudalis cerebelli|lobe caudalis cerebellis|middle lobe|middle lobes|posterior lobe|posterior lobes
BTO:0000599	BTO	biolink:GrossAnatomicalStructure	1	1	3	annotated_genomes_isolates	Hep-G2 cell|hepg2|hepg2 cell line|hepg2 cell lines|hepg2 cells
BTO:0000642	BTO	biolink:GrossAnatomicalStructure	1	1	3	annotated_genomes_isolates	intestinal mucosa|intestinal mucosal|intestinal mucosas
BTO:0000649	BTO	biolink:GrossAnatomicalStructure	1	1	3	annotated_genomes_isolates	proximal colon|proximal colonal|proximal colons|right colon|right colonal|right colons
BTO:0000657	BTO	biolink:GrossAnatomicalStructure	1	1	3	annotated_genomes_isolates	intestinum jejuna|intestinum jejunal|intestinum jejunum|intestinum jejunums|jejuna|jejunal|jejunum|jejunums|mid intestine|mid intestines|mid intestinous|middle intestine|middle intestines|middle intestinous
BTO:0000669	BTO	biolink:GrossAnatomicalStructure	1	1	3	annotated_genomes_isolates	embryonic cell line|embryonic cell lines|embryonic cell linous
BTO:0000710	BTO	biolink:GrossAnatomicalStructure	1	1	3	annotated_genomes_isolates	latex|latex milk|latex milks|latexes
BTO:0000731	BTO	biolink:GrossAnatomicalStructure	1	1	3	annotated_genomes_isolates	ALL cell|ALL cells|acute lymphoblastic leukemia cell|acute lymphoblastic leukemia cells|acute lymphocytic leukemia cell|acute lymphocytic leukemia cells
BTO:0000737	BTO	biolink:GrossAnatomicalStructure	1	1	3	annotated_genomes_isolates	leukemia cell line|leukemia cell lines|leukemia cell linous
BTO:0000738	BTO	biolink:GrossAnatomicalStructure	1	1	3	annotated_genomes_isolates	HL-60 cell|hl60|hl60 cell line|hl60 cell lines|hl60 cells
BTO:0000769	BTO	biolink:GrossAnatomicalStructure	1	1	3	annotated_genomes_isolates	nodi lymphoidei submandibulares|nodi lymphoidei submandibulareses|submandibular lymph node|submandibular lymph nodes
BTO:0000804	BTO	biolink:GrossAnatomicalStructure	1	1	3	annotated_genomes_isolates	J-774A.1 cell|j774a.1|j774a.1 cell line|j774a.1 cell lines|j774a.1 cells
BTO:0000845	BTO	biolink:GrossAnatomicalStructure	1	1	3	annotated_genomes_isolates	meiocyte|meiocytes|meiotic cell|meiotic cells
BTO:0000846	BTO	biolink:GrossAnatomicalStructure	1	1	3	annotated_genomes_isolates	erythroleukemia cell line|erythroleukemia cell lines|erythroleukemia cell linous|erythroleukemic cell line|erythroleukemic cell lines|erythroleukemic cell linous
BTO:0000849	BTO	biolink:GrossAnatomicalStructure	1	1	3	annotated_genomes_isolates	melanoma cell line|melanoma cell lines|melanoma cell linous
BTO:0000852	BTO	biolink:GrossAnatomicalStructure	1	1	3	annotated_genomes_isolates	meristem|meristems
BTO:0000856	BTO	biolink:GrossAnatomicalStructure	1	1	3	annotated_genomes_isolates	mesocarp|mesocarpic|mesocarps
BTO:0000888	BTO	biolink:GrossAnatomicalStructure	1	1	3	annotated_genomes_isolates	muscle cell|muscle cells|muscle fiber|muscle fibers|muscle fibre|muscle fibres|myocyte|myocytes
BTO:0000923	BTO	biolink:GrossAnatomicalStructure	1	1	3	annotated_genomes_isolates	nephridia|nephridial|nephridium|nephridiums
BTO:0000953	BTO	biolink:GrossAnatomicalStructure	1	1	3	annotated_genomes_isolates	nurse cell|nurse cells
BTO:0000964	BTO	biolink:GrossAnatomicalStructure	1	1	3	annotated_genomes_isolates	oocytes
BTO:0000968	BTO	biolink:GrossAnatomicalStructure	1	1	3	annotated_genomes_isolates	osteoclast|osteoclastic|osteoclasts
BTO:0000973	BTO	biolink:GrossAnatomicalStructure	1	1	3	annotated_genomes_isolates	respiratory mucosa|respiratory mucosal|respiratory mucosas
BTO:0000984	BTO	biolink:GrossAnatomicalStructure	1	1	3	annotated_genomes_isolates	P-388D1 cell|p388d1|p388d1 cell line|p388d1 cell lines|p388d1 cells
BTO:0000988	BTO	biolink:GrossAnatomicalStructure	1	1	3	annotated_genomes_isolates	pancreas|pancreases|pancreasic
BTO:0001009	BTO	biolink:GrossAnatomicalStructure	1	1	3	annotated_genomes_isolates	PC-12 cell|pc12|pc12 cell line|pc12 cell lines|pc12 cells|pheochromocytoma 12 cell
BTO:0001028	BTO	biolink:GrossAnatomicalStructure	1	1	3	annotated_genomes_isolates	PNS|peripheral nervous system|peripheral nervous systems
BTO:0001037	BTO	biolink:GrossAnatomicalStructure	1	1	3	annotated_genomes_isolates	sensory cell|sensory cells|sensory neuron|sensory neuronal|sensory neurons
BTO:0001047	BTO	biolink:GrossAnatomicalStructure	1	1	3	annotated_genomes_isolates	mucous membrane of the pharynx|mucous membrane of the pharynxes|pharyngeal mucosa|pharyngeal mucosal|pharyngeal mucosas
BTO:0001049	BTO	biolink:GrossAnatomicalStructure	1	1	3	annotated_genomes_isolates	pharynx|pharynxes
BTO:0001085	BTO	biolink:GrossAnatomicalStructure	1	1	3	annotated_genomes_isolates	Gefaesssystem|Gefaesssystems|vascular system|vascular systems
BTO:0001086	BTO	biolink:GrossAnatomicalStructure	1	1	3	annotated_genomes_isolates	ES cell|ES cells|embryonic stem cell|embryonic stem cells
BTO:0001097	BTO	biolink:GrossAnatomicalStructure	1	1	3	annotated_genomes_isolates	male generative cell|male generative cells|pollen|pollen grain|pollen grains|pollens
BTO:0001102	BTO	biolink:GrossAnatomicalStructure	1	1	3	annotated_genomes_isolates	blood vessel|blood vessels
BTO:0001113	BTO	biolink:GrossAnatomicalStructure	1	1	3	annotated_genomes_isolates	foreskin|foreskins|prepuce|prepuces
BTO:0001130	BTO	biolink:GrossAnatomicalStructure	1	1	3	annotated_genomes_isolates	prostate cancer cell|prostate cancer cells|prostate carcinoma cell|prostate carcinoma cells|prostate gland cancer cell|prostate gland cancer cells|prostate tumor cell|prostate tumor cells|prostate tumour cell|prostate tumour cells
BTO:0001166	BTO	biolink:GrossAnatomicalStructure	1	1	3	annotated_genomes_isolates	kidney cortex|kidney cortexes|renal cortex|renal cortexes
BTO:0001168	BTO	biolink:GrossAnatomicalStructure	1	1	3	annotated_genomes_isolates	rennet|rennets
BTO:0001172	BTO	biolink:GrossAnatomicalStructure	1	1	3	annotated_genomes_isolates	reticulate bodies|reticulate body
BTO:0001174	BTO	biolink:GrossAnatomicalStructure	1	1	3	annotated_genomes_isolates	lymphoreticular system|lymphoreticular systems|reticuloendothelial system|reticuloendothelial systems
BTO:0001192	BTO	biolink:GrossAnatomicalStructure	1	1	3	annotated_genomes_isolates	rootlet|rootlets
BTO:0001196	BTO	biolink:GrossAnatomicalStructure	1	1	3	annotated_genomes_isolates	IPLB-SF-21-AE cell|SF-21 cell|Sf21AE cell|sf21|sf21 cell line|sf21 cell lines|sf21 cells
BTO:0001220	BTO	biolink:GrossAnatomicalStructure	1	1	3	annotated_genomes_isolates	Schwann cell|Schwann cells|neurolemmocyte|neurolemmocytes
BTO:0001277	BTO	biolink:GrossAnatomicalStructure	1	1	3	annotated_genomes_isolates	male gamete|male gametes|mature sperm cell|mature sperm cells|sperm cell|sperm cells|spermatozoan|spermatozoanic|spermatozoans|spermatozoon|spermatozoonal|spermatozoons|zoosperm|zoosperms
BTO:0001279	BTO	biolink:GrossAnatomicalStructure	1	1	3	annotated_genomes_isolates	medulla spinalis|medulla spinalises|spinal cord|spinal cords|spinal medulla|spinal medullal|spinal medullas
BTO:0001347	BTO	biolink:GrossAnatomicalStructure	1	1	3	annotated_genomes_isolates	tadpolar|tadpole|tadpoles
BTO:0001387	BTO	biolink:GrossAnatomicalStructure	1	1	3	annotated_genomes_isolates	Mandel|Mandels|tonsil|tonsils
BTO:0001412	BTO	biolink:GrossAnatomicalStructure	1	1	3	annotated_genomes_isolates	U-937 cell|u937|u937 cell line|u937 cell lines|u937 cells
BTO:0001421	BTO	biolink:GrossAnatomicalStructure	1	1	3	annotated_genomes_isolates	cervix|cervix of uteral|cervix of uteri|cervix of uterus|cervix of uteruses|cervixes|neck of uteral|neck of uteri|neck of uterus|neck of uteruses|uterine cervix|uterine cervixes
BTO:0001470	BTO	biolink:GrossAnatomicalStructure	1	1	3	annotated_genomes_isolates	epidermal cell|epidermal cells
BTO:0001522	BTO	biolink:GrossAnatomicalStructure	1	1	3	annotated_genomes_isolates	B-cell line|B-cell lines|B-cell linous|B-lymphocyte cell line|B-lymphocyte cell lines|B-lymphocyte cell linous
BTO:0001565	BTO	biolink:GrossAnatomicalStructure	1	1	3	annotated_genomes_isolates	HT-29-MTX cell
BTO:0001593	BTO	biolink:GrossAnatomicalStructure	1	1	3	annotated_genomes_isolates	osteoblast|osteoblastic|osteoblasts
BTO:0001613	BTO	biolink:GrossAnatomicalStructure	1	1	3	annotated_genomes_isolates	colorecta|colorectal|colorectum|colorectums
BTO:0001658	BTO	biolink:GrossAnatomicalStructure	1	1	3	annotated_genomes_isolates	aerial bodies|aerial body|aerial part|aerial partic|aerial parts|aerial tissue|aerial tissues
BTO:0001664	BTO	biolink:GrossAnatomicalStructure	1	1	3	annotated_genomes_isolates	hepatoblastoma cell line|hepatoblastoma cell lines|hepatoblastoma cell linous
BTO:0001701	BTO	biolink:GrossAnatomicalStructure	1	1	3	annotated_genomes_isolates	carapace|carapaces
BTO:0001707	BTO	biolink:GrossAnatomicalStructure	1	1	3	annotated_genomes_isolates	body cavities|body cavity|celom|celoms|coelom|coelomal|coelome|coelomes|coeloms
BTO:0001709	BTO	biolink:GrossAnatomicalStructure	1	1	3	annotated_genomes_isolates	colon epithelia|colon epithelial|colon epithelium|colon epitheliums|colonic epithelia|colonic epithelial|colonic epithelium|colonic epitheliums
BTO:0001743	BTO	biolink:GrossAnatomicalStructure	1	1	3	annotated_genomes_isolates	jejunal epithelia|jejunal epithelial|jejunal epithelium|jejunal epitheliums
BTO:0001758	BTO	biolink:GrossAnatomicalStructure	1	1	3	annotated_genomes_isolates	ocellal|ocelli|ocellus|ocelluses
BTO:0001773	BTO	biolink:GrossAnatomicalStructure	1	1	3	annotated_genomes_isolates	oocyst|oocysts
BTO:0001780	BTO	biolink:GrossAnatomicalStructure	1	1	3	annotated_genomes_isolates	gastric parietal cell|gastric parietal cells|oxyntic cell|oxyntic cells|parietal cell|parietal cells
BTO:0001791	BTO	biolink:GrossAnatomicalStructure	1	1	3	annotated_genomes_isolates	pleura|pleural|pleural tissue|pleural tissues|pleuras
BTO:0001809	BTO	biolink:GrossAnatomicalStructure	1	1	3	annotated_genomes_isolates	scalp|scalpic|scalps
BTO:0001911	BTO	biolink:GrossAnatomicalStructure	1	1	3	annotated_genomes_isolates	lung adenocarcinoma cell line|lung adenocarcinoma cell lines|lung adenocarcinoma cell linous
BTO:0001949	BTO	biolink:GrossAnatomicalStructure	1	1	3	annotated_genomes_isolates	HUVEC|HUVEC cell|HUVEC cells|HUVECs|human umbilical cord endothelial cell|human umbilical cord endothelial cells|human umbilical vein endothelial cell|human umbilical vein endothelial cells|huvec cell line|huvec cell lines|huvec cell lineses|huvec cell linous|huvec cellses
BTO:0001957	BTO	biolink:GrossAnatomicalStructure	1	1	3	annotated_genomes_isolates	MC3T3-E1 cell|mc3t3e1|mc3t3e1 cell line|mc3t3e1 cell lines|mc3t3e1 cells
BTO:0002072	BTO	biolink:GrossAnatomicalStructure	1	1	3	annotated_genomes_isolates	squamous epithelia|squamous epithelial|squamous epithelium|squamous epitheliums
BTO:0002136	BTO	biolink:GrossAnatomicalStructure	1	1	3	annotated_genomes_isolates	NB-4 cell|nb4|nb4 cell line|nb4 cell lines|nb4 cells
BTO:0002246	BTO	biolink:GrossAnatomicalStructure	1	1	3	annotated_genomes_isolates	globus pallidal|globus pallidi|globus pallidus|globus palliduses|pale bodies|pale body|paleostriata|paleostriatal|paleostriatum|paleostriatums|pallida|pallidal|pallidum|pallidums
BTO:0002254	BTO	biolink:GrossAnatomicalStructure	1	1	3	annotated_genomes_isolates	hct116|hct116 cell line|hct116 cell lines|hct116 cells|vas efferens|vas efferenses|vasa efferentia|vasa efferential|vasa efferentias
BTO:0002330	BTO	biolink:GrossAnatomicalStructure	1	1	3	annotated_genomes_isolates	lamina propria|lamina proprial|lamina proprias|tunica propria|tunica proprial|tunica proprias
BTO:0002397	BTO	biolink:GrossAnatomicalStructure	1	1	3	annotated_genomes_isolates	prostate epithelia|prostate epithelial|prostate epithelium|prostate epitheliums|prostate gland epithelia|prostate gland epithelial|prostate gland epithelium|prostate gland epitheliums|prostatic epithelia|prostatic epithelial|prostatic epithelium|prostatic epitheliums
BTO:0002480	BTO	biolink:GrossAnatomicalStructure	1	1	3	annotated_genomes_isolates	plumal|plume|plumes
BTO:0002489	BTO	biolink:GrossAnatomicalStructure	1	1	3	annotated_genomes_isolates	promyelocytic leukemia cell line|promyelocytic leukemia cell lines|promyelocytic leukemia cell linous
BTO:0002656	BTO	biolink:GrossAnatomicalStructure	1	1	3	annotated_genomes_isolates	drepanocyte|drepanocytes|meniscocyte|meniscocytes|sickle cell|sickle cells
BTO:0002674	BTO	biolink:GrossAnatomicalStructure	1	1	3	annotated_genomes_isolates	MGB|medial geniculate bodies|medial geniculate body
BTO:0002728	BTO	biolink:GrossAnatomicalStructure	1	1	3	annotated_genomes_isolates	BCP-1 cell
BTO:0002854	BTO	biolink:GrossAnatomicalStructure	1	1	3	annotated_genomes_isolates	corn silk|corn silks|silk
BTO:0003108	BTO	biolink:GrossAnatomicalStructure	1	1	3	annotated_genomes_isolates	ChaGo-K-1 cell|cl1|cl1 cell|cl1 cell line|cl1 cell lines|cl1 cells
BTO:0003121	BTO	biolink:GrossAnatomicalStructure	1	1	3	annotated_genomes_isolates	villal|villi|villus|villuses
BTO:0003123	BTO	biolink:GrossAnatomicalStructure	1	1	3	annotated_genomes_isolates	MVEC cell|MVEC cells|microvascular endothelial cell|microvascular endothelial cells
BTO:0003129	BTO	biolink:GrossAnatomicalStructure	1	1	3	annotated_genomes_isolates	HBMEC|HBMECs|human brain microvascular endothelial cell|human brain microvascular endothelial cells
BTO:0003167	BTO	biolink:GrossAnatomicalStructure	1	1	3	annotated_genomes_isolates	143B cell|143BTK cell|143b|143b cell line|143b cell lines|143b cells
BTO:0003280	BTO	biolink:GrossAnatomicalStructure	1	1	3	annotated_genomes_isolates	sessile cell|sessile cells
BTO:0003292	BTO	biolink:GrossAnatomicalStructure	1	1	3	annotated_genomes_isolates	RAW-264 cell|RAW-264.7 cell|raw264|raw264 cell|raw264 cell line|raw264 cell lines|raw264 cells|raw264.7|raw264.7 cell line|raw264.7 cell lines|raw264.7 cells
BTO:0003434	BTO	biolink:GrossAnatomicalStructure	1	1	3	annotated_genomes_isolates	choanoflagellate|choanoflagellates|choanomastigote|choanomastigotes|collared flagellate|collared flagellate s
BTO:0003594	BTO	biolink:GrossAnatomicalStructure	1	1	3	annotated_genomes_isolates	hypnozoite|hypnozoites
BTO:0003799	BTO	biolink:GrossAnatomicalStructure	1	1	3	annotated_genomes_isolates	glandular secretory trichomal|glandular secretory trichome|glandular secretory trichomes|glandular trichomal|glandular trichome|glandular trichomes|secretory trichomal|secretory trichome|secretory trichomes
BTO:0003833	BTO	biolink:GrossAnatomicalStructure	1	1	3	annotated_genomes_isolates	buccal mucosa|buccal mucosal|buccal mucosas
BTO:0003861	BTO	biolink:GrossAnatomicalStructure	1	1	3	annotated_genomes_isolates	inflammatory cell|inflammatory cells
BTO:0004041	BTO	biolink:GrossAnatomicalStructure	1	1	3	annotated_genomes_isolates	abdominal adipose tissue|abdominal adipose tissues|abdominal fat|abdominal fatic|abdominal fats|intra-abdominal fat|intra-abdominal fatic|intra-abdominal fats|organ fat|organ fatic|organ fats|visceral adipose tissue|visceral adipose tissues|visceral fat|visceral fatic|visceral fats
BTO:0004093	BTO	biolink:GrossAnatomicalStructure	1	1	3	annotated_genomes_isolates	EPC cell|endothelial progenitor cell|endothelial progenitor cells|epc|epc cell line|epc cell lines|epc cell lineses|epc cell linous|epc cells|epc cellses
BTO:0004108	BTO	biolink:GrossAnatomicalStructure	1	1	3	annotated_genomes_isolates	G cell|G cells|g cell line|g cell lines|g cell lineses|g cell linous|g cellses
BTO:0004305	BTO	biolink:GrossAnatomicalStructure	1	1	3	annotated_genomes_isolates	hairy root|hairy roots
BTO:0004404	BTO	biolink:GrossAnatomicalStructure	1	1	3	annotated_genomes_isolates	BL-3 cell|bl3|bl3 cell line|bl3 cell lines|bl3 cells
BTO:0004525	BTO	biolink:GrossAnatomicalStructure	1	1	3	annotated_genomes_isolates	sub-tegumental tissue|sub-tegumental tissues|subcutaneous tissue|subcutaneous tissues|subtegumental tissue|subtegumental tissues
BTO:0004628	BTO	biolink:GrossAnatomicalStructure	1	1	3	annotated_genomes_isolates	aortic valve|aortic valves
BTO:0004659	BTO	biolink:GrossAnatomicalStructure	1	1	3	annotated_genomes_isolates	exoskeleton|exoskeletonal|exoskeletons|shells
BTO:0004687	BTO	biolink:GrossAnatomicalStructure	1	1	3	annotated_genomes_isolates	orbit|orbits
BTO:0004983	BTO	biolink:GrossAnatomicalStructure	1	1	3	annotated_genomes_isolates	MA-104 cell|ma104|ma104 cell line|ma104 cell lines|ma104 cells
BTO:0004998	BTO	biolink:GrossAnatomicalStructure	1	1	3	annotated_genomes_isolates	gingival epithelia|gingival epithelial|gingival epithelium|gingival epitheliums
BTO:0005053	BTO	biolink:GrossAnatomicalStructure	1	1	3	annotated_genomes_isolates	midgut epithelia|midgut epithelial|midgut epithelium|midgut epitheliums
BTO:0005189	BTO	biolink:GrossAnatomicalStructure	1	1	3	annotated_genomes_isolates	head kidney|head kidneys
BTO:0005445	BTO	biolink:GrossAnatomicalStructure	1	1	3	annotated_genomes_isolates	rectal epithelia|rectal epithelial|rectal epithelium|rectal epitheliums|rectum epithelia|rectum epithelial|rectum epithelium|rectum epitheliums
ENVO:00000021	ENVO	biolink:OntologyClass	1	1	3	annotated_genomes_isolates	freshwater lake|freshwater lakes
ENVO:00000037	ENVO	biolink:OntologyClass	1	1	3	annotated_genomes_isolates	agricultural drain|agricultural drains|ditch|ditches|drain|drains
ENVO:00000057	ENVO	biolink:OntologyClass	1	1	4	annotated_genomes_isolates	MangroveForest|MangroveForests|mangal|mangalic|mangals|mangrove swamp|mangrove swampic|mangrove swamps
ENVO:00000065	ENVO	biolink:OntologyClass	1	1	3	annotated_genomes_isolates	railroad|railroadic|railroads|railway|railways
ENVO:00000068	ENVO	biolink:OntologyClass	1	1	3	annotated_genomes_isolates	natural tunnel|natural tunnels|tunnel|tunnels
ENVO:00000073	ENVO	biolink:OntologyClass	1	1	3	annotated_genomes_isolates	building|buildings|houses|houseses
ENVO:00000074	ENVO	biolink:OntologyClass	1	1	3	annotated_genomes_isolates	barrage|barrages|dam|dam site|dam sites
ENVO:00000075	ENVO	biolink:OntologyClass	1	1	3	annotated_genomes_isolates	bridge|bridges|covered bridge|covered bridges|footbridge|footbridges|overpass|overpasses|overpassic
ENVO:00000117	ENVO	biolink:OntologyClass	1	1	3	annotated_genomes_isolates	agricultural site|agricultural sites|plantation|plantation field|plantation fields|plantational|plantations
ENVO:00000122	ENVO	biolink:OntologyClass	1	1	3	annotated_genomes_isolates	footpath|footpathic|footpaths|path|track|trackic|tracks|trail|trails
ENVO:00000141	ENVO	biolink:OntologyClass	1	1	3	annotated_genomes_isolates	bank
ENVO:00000151	ENVO	biolink:OntologyClass	1	1	3	annotated_genomes_isolates	sabkha|sabkhal|sabkhas
ENVO:00000169	ENVO	biolink:OntologyClass	1	1	3	annotated_genomes_isolates	barranca|barrancal|barrancas|canyon|canyonal|canyons|defilar|defile|defiles|flume (natural)|gorge|gorges|quebrada|quebradal|quebradas
ENVO:00000173	ENVO	biolink:OntologyClass	1	1	3	annotated_genomes_isolates	rock desert|rock deserts|rocky desert|rocky deserts
ENVO:00000196	ENVO	biolink:OntologyClass	1	1	3	annotated_genomes_isolates	alkaline flat|alkaline flatic|alkaline flats|kavir|kavirs|playa|playal|playas|salina|salinal|salinas
ENVO:00000199	ENVO	biolink:OntologyClass	1	1	3	annotated_genomes_isolates	meromictic lake|meromictic lakes
ENVO:00000232	ENVO	biolink:OntologyClass	1	1	4	annotated_genomes_isolates	fen
ENVO:00000233	ENVO	biolink:OntologyClass	1	1	4	annotated_genomes_isolates	swamp|swampic|swampies|swamps|swampy
ENVO:00000234	ENVO	biolink:OntologyClass	1	1	3	annotated_genomes_isolates	bahia|bahial|bahias|bayou|bayous|embayment|embayments
ENVO:00000255	ENVO	biolink:OntologyClass	1	1	3	annotated_genomes_isolates	bottomland|bottomlandic|bottomlands|flood plain|flood plains
ENVO:00000261	ENVO	biolink:OntologyClass	1	1	3	annotated_genomes_isolates	savanna|savannah|savannahic|savannahs|savannal|savannas
ENVO:00000302	ENVO	biolink:OntologyClass	1	1	3	annotated_genomes_isolates	rift|rift valley|rift valleys|rift zone
ENVO:00000360	ENVO	biolink:OntologyClass	1	1	3	annotated_genomes_isolates	national forest|national forests
ENVO:00000364	ENVO	biolink:OntologyClass	1	1	3	annotated_genomes_isolates	national wildlife refuge|national wildlife refuges
ENVO:00000373	ENVO	biolink:OntologyClass	1	1	3	annotated_genomes_isolates	geothermal field|geothermal fields
ENVO:00000381	ENVO	biolink:OntologyClass	1	1	3	annotated_genomes_isolates	massif|massifs
ENVO:00000402	ENVO	biolink:OntologyClass	1	1	4	annotated_genomes_isolates	mud volcano|mud volcanoes
ENVO:00000418	ENVO	biolink:OntologyClass	1	1	3	annotated_genomes_isolates	drowned river valley|drowned river valleys|drowned valley|drowned valleys|ria
ENVO:00000455	ENVO	biolink:OntologyClass	1	1	3	annotated_genomes_isolates	corrie loch|corrie loches|tarn
ENVO:00000480	ENVO	biolink:OntologyClass	1	1	3	annotated_genomes_isolates	ahu|ice peak|ice peakic|ice peaks|mountain crest|mountain crests|mountain summit|mountain summits|peak|peaks|peakses|peaksic|summit|summits
ENVO:00000501	ENVO	biolink:OntologyClass	1	1	3	annotated_genomes_isolates	bed
ENVO:00000546	ENVO	biolink:OntologyClass	1	1	3	annotated_genomes_isolates	SedimentLayer|SedimentLayers|lake sediment|lake sediments
ENVO:00002033	ENVO	biolink:OntologyClass	1	1	3	annotated_genomes_isolates	carcass|carcasses|carcassic|corpse|corpses
ENVO:00002116	ENVO	biolink:OntologyClass	1	1	3	annotated_genomes_isolates	contaminated soil|contaminated soils
ENVO:00002119	ENVO	biolink:OntologyClass	1	1	3	annotated_genomes_isolates	alkaline hot spring|alkaline hot springs
ENVO:00002129	ENVO	biolink:OntologyClass	1	1	3	annotated_genomes_isolates	anaerobic sludge|anaerobic sludges
ENVO:00002131	ENVO	biolink:OntologyClass	1	1	4	annotated_genomes_isolates	epilimnion|epilimnional|epilimnions
ENVO:00002133	ENVO	biolink:OntologyClass	1	1	3	annotated_genomes_isolates	anaerobic mud|anaerobic muds|anoxic mud|anoxic muds
ENVO:00002137	ENVO	biolink:OntologyClass	1	1	3	annotated_genomes_isolates	brackish estuaries|brackish estuary
ENVO:00002138	ENVO	biolink:OntologyClass	1	1	3	annotated_genomes_isolates	beach sand|beach sandic|beach sands
ENVO:00002142	ENVO	biolink:OntologyClass	1	1	3	annotated_genomes_isolates	borax leachate|borax leachates
ENVO:00002147	ENVO	biolink:OntologyClass	1	1	3	annotated_genomes_isolates	coal mine lake sediment|coal mine lake sediments
ENVO:00002148	ENVO	biolink:OntologyClass	1	1	3	annotated_genomes_isolates	coarse beach sand|coarse beach sandic|coarse beach sands
ENVO:00002152	ENVO	biolink:OntologyClass	1	1	3	annotated_genomes_isolates	biofilter|biofilters
ENVO:00002153	ENVO	biolink:OntologyClass	1	1	3	annotated_genomes_isolates	compost biofilter|compost biofilters
ENVO:00002156	ENVO	biolink:OntologyClass	1	1	3	annotated_genomes_isolates	Superfund site|Superfund sites
ENVO:00002158	ENVO	biolink:OntologyClass	1	1	3	annotated_genomes_isolates	ditch water|ditch waters
ENVO:00002160	ENVO	biolink:OntologyClass	1	1	3	annotated_genomes_isolates	estuarine mud|estuarine muds
ENVO:00002182	ENVO	biolink:OntologyClass	1	1	3	annotated_genomes_isolates	nitrobenzene contaminated sediment|nitrobenzene contaminated sediments
ENVO:00002196	ENVO	biolink:OntologyClass	1	1	3	annotated_genomes_isolates	aquaria|aquarial|aquarium|aquariums
ENVO:00002215	ENVO	biolink:OntologyClass	1	1	3	annotated_genomes_isolates	geothermal power plant|geothermal power plantic|geothermal power plants
ENVO:00002226	ENVO	biolink:OntologyClass	1	1	3	annotated_genomes_isolates	boreholar|borehole|boreholes
ENVO:00002235	ENVO	biolink:OntologyClass	1	1	3	annotated_genomes_isolates	cambisol|cambisolic|cambisols
ENVO:00002263	ENVO	biolink:OntologyClass	1	1	3	annotated_genomes_isolates	garden soil|garden soils
ENVO:00003908	ENVO	biolink:OntologyClass	1	1	3	annotated_genomes_isolates	poultry deep litter|poultry deep litters
ENVO:00005779	ENVO	biolink:OntologyClass	1	1	3	annotated_genomes_isolates	vegetable garden soil|vegetable garden soils
ENVO:00005780	ENVO	biolink:OntologyClass	1	1	3	annotated_genomes_isolates	greenhouse soil|greenhouse soils
ENVO:00010625	ENVO	biolink:OntologyClass	1	1	3	annotated_genomes_isolates	zoo|zoological garden|zoological gardens|zoological park|zoological parkic|zoological parks
ENVO:01000003	ENVO	biolink:OntologyClass	1	1	4	annotated_genomes_isolates	oil well|oil wells
ENVO:01000129	ENVO	biolink:OntologyClass	1	1	4	environmental_samples	marine hydrothermal vent chimney|marine hydrothermal vent chimneys
ENVO:01000181	ENVO	biolink:OntologyClass	1	1	3	annotated_genomes_isolates	mangrove|mangrove biome|mangroves
ENVO:01000252	ENVO	biolink:OntologyClass	1	1	3	annotated_genomes_isolates	freshwater lake|freshwater lake biome|freshwater lakes
ENVO:01000255	ENVO	biolink:OntologyClass	1	1	3	annotated_genomes_isolates	mineral deposit|mineral deposits|ore deposit|ore deposits
