prego_id	rank	taxon_id	taxon_label	prego_score	direct_flag	channels	corroborated_by
BTO:0000018	1	NCBITaxon:1194085	Staphylococcus aureus subsp. aureus SA40	3	TRUE	annotated_genomes_isolates	
BTO:0000018	2	NCBITaxon:1201010	Staphylococcus aureus subsp. aureus SA957	3	TRUE	annotated_genomes_isolates	
BTO:0000020	1	NCBITaxon:1125980	Vibrio harveyi CAIM 1792	3	TRUE	annotated_genomes_isolates	
BTO:0000025	1	NCBITaxon:2098	Metamycoplasma hominis	3	TRUE	annotated_genomes_isolates	
BTO:0000047	1	NCBITaxon:243365	Chromobacterium violaceum ATCC 12472	3	TRUE	annotated_genomes_isolates	
BTO:0000047	2	NCBITaxon:331112	Escherichia coli HS	3	TRUE	annotated_genomes_isolates	
BTO:0000058	1	NCBITaxon:1263	Ruminococcus	4	TRUE	environmental_samples	
BTO:0000058	2	NCBITaxon:1265	Ruminococcus flavefaciens	4	TRUE	environmental_samples	
BTO:0000058	3	NCBITaxon:1380	Atopobium	4	TRUE	environmental_samples	
BTO:0000058	4	NCBITaxon:1485	Clostridium	4	TRUE	environmental_samples	
BTO:0000058	5	NCBITaxon:171549	Bacteroidales	4	TRUE	environmental_samples	
BTO:0000058	6	NCBITaxon:185761	Corynebacterium spheniscorum	4	TRUE	annotated_genomes_isolates	
BTO:0000058	7	NCBITaxon:186802	Eubacteriales	4	TRUE	environmental_samples	
BTO:0000058	8	NCBITaxon:186803	Lachnospiraceae	4	TRUE	environmental_samples	
BTO:0000058	9	NCBITaxon:1869227	bacterium	4	TRUE	environmental_samples	
BTO:0000058	10	NCBITaxon:2	Bacteria	4	TRUE	environmental_samples	
BTO:0000058	11	NCBITaxon:28211	Alphaproteobacteria	4	TRUE	environmental_samples	
BTO:0000058	12	NCBITaxon:31979	Clostridiaceae	4	TRUE	environmental_samples	
BTO:0000058	13	NCBITaxon:33042	Coprococcus	4	TRUE	environmental_samples	
BTO:0000058	14	NCBITaxon:541000		4	TRUE	environmental_samples	
BTO:0000058	15	NCBITaxon:629395		4	TRUE	environmental_samples	
BTO:0000058	16	NCBITaxon:766	Rickettsiales	4	TRUE	environmental_samples	
BTO:0000058	17	NCBITaxon:830	Butyrivibrio	4	TRUE	environmental_samples	
BTO:0000058	18	NCBITaxon:84107	Coriobacteriaceae	4	TRUE	environmental_samples	
BTO:0000058	19	NCBITaxon:1219065	Vibrio proteolyticus NBRC 13287	3	TRUE	annotated_genomes_isolates	
BTO:0000058	20	NCBITaxon:1219071	Vibrio harveyi NBRC 15634 = ATCC 14126 = KCTC 12724	3	TRUE	annotated_genomes_isolates	
BTO:0000058	21	NCBITaxon:1304	Streptococcus salivarius	3	TRUE	annotated_genomes_isolates	
BTO:0000058	22	NCBITaxon:1347420	Aeromonas veronii Hm21	3	TRUE	annotated_genomes_isolates	
BTO:0000058	23	NCBITaxon:1433126	Mucinivorans hirudinis	3	TRUE	annotated_genomes_isolates	
BTO:0000058	24	NCBITaxon:1437605	Bifidobacterium actinocoloniiforme DSM 22766	3	TRUE	annotated_genomes_isolates	
BTO:0000058	25	NCBITaxon:214092	Yersinia pestis CO92	3	TRUE	annotated_genomes_isolates	
BTO:0000060	1	NCBITaxon:1204724	Escherichia coli IMT2125	3	TRUE	annotated_genomes_isolates	
BTO:0000060	2	NCBITaxon:475609	Escherichia coli chi7122	3	TRUE	annotated_genomes_isolates	
BTO:0000062	1	NCBITaxon:353153	Trypanosoma cruzi strain CL Brener	3	TRUE	annotated_genomes_isolates	
BTO:0000068	1	NCBITaxon:2098	Metamycoplasma hominis	3	TRUE	annotated_genomes_isolates	
BTO:0000079	1	NCBITaxon:1423	Bacillus subtilis	3	TRUE	annotated_genomes_isolates	
BTO:0000079	2	NCBITaxon:269621	Microbotryum intermedium	3	TRUE	annotated_genomes_isolates	
BTO:0000081	1	NCBITaxon:1306407	Treponema phagedenis 4A	3	TRUE	annotated_genomes_isolates	
BTO:0000081	2	NCBITaxon:1382230	Asaia platycodi SF2.1	3	TRUE	annotated_genomes_isolates	
BTO:0000081	3	NCBITaxon:187101	Sneathia vaginalis	3	TRUE	annotated_genomes_isolates	
BTO:0000081	4	NCBITaxon:2098	Metamycoplasma hominis	3	TRUE	annotated_genomes_isolates	
BTO:0000082	1	NCBITaxon:1382230	Asaia platycodi SF2.1	3	TRUE	annotated_genomes_isolates	
BTO:0000083	1	NCBITaxon:1382230	Asaia platycodi SF2.1	3	TRUE	annotated_genomes_isolates	
BTO:0000088	1	NCBITaxon:1276220	Spiroplasma taiwanense CT-1	3	TRUE	annotated_genomes_isolates	
BTO:0000088	2	NCBITaxon:1276221	Spiroplasma diminutum CUAS-1	3	TRUE	annotated_genomes_isolates	
BTO:0000089	1	NCBITaxon:1094555	Bartonella elizabethae F9251 = ATCC 49927	4	TRUE	annotated_genomes_isolates	
BTO:0000089	2	NCBITaxon:1120932	Actinotignum schaalii DSM 15541	4	TRUE	annotated_genomes_isolates	
BTO:0000089	3	NCBITaxon:1121020	Haematomicrobium sanguinis DSM 21259	4	TRUE	annotated_genomes_isolates	
BTO:0000089	4	NCBITaxon:1121098	Phocaeicola massiliensis B84634 = Timone 84634 = DSM 17679 = JCM 13223	4	TRUE	annotated_genomes_isolates	
BTO:0000089	5	NCBITaxon:1122173	Leptotrichia trevisanii DSM 22070	4	TRUE	annotated_genomes_isolates	
BTO:0000089	6	NCBITaxon:1122921	Paenibacillus massiliensis 2301065 = DSM 16942	4	TRUE	annotated_genomes_isolates	
BTO:0000089	7	NCBITaxon:1122925	Paenibacillus sanguinis 2301083 = DSM 16941	4	TRUE	annotated_genomes_isolates	
BTO:0000089	8	NCBITaxon:1122931		4	TRUE	annotated_genomes_isolates	
BTO:0000089	9	NCBITaxon:1122988	Hoylesella nanceiensis DSM 19126 = JCM 15639	4	TRUE	annotated_genomes_isolates	
BTO:0000089	10	NCBITaxon:1123034	Psychrobacter phenylpyruvicus DSM 7000 = NBRC 102152	4	TRUE	annotated_genomes_isolates	
BTO:0000089	11	NCBITaxon:1267000	Metamycoplasma hominis ATCC 27545	4	TRUE	annotated_genomes_isolates	
BTO:0000089	12	NCBITaxon:1304	Streptococcus salivarius	4	TRUE	annotated_genomes_isolates	
BTO:0000089	13	NCBITaxon:1336208	Roseomonas gilardii subsp. rosea ATCC BAA-691	4	TRUE	annotated_genomes_isolates	
BTO:0000089	14	NCBITaxon:1408438	Hutsoniella sourekii ATCC 700629	4	TRUE	annotated_genomes_isolates	
BTO:0000089	15	NCBITaxon:1408440	Gemella sanguinis ATCC 700632	4	TRUE	annotated_genomes_isolates	
BTO:0000089	16	NCBITaxon:1408452	Mycobacterium genavense ATCC 51234	4	TRUE	annotated_genomes_isolates	
BTO:0000089	17	NCBITaxon:1448136	Roseomonas mucosa ATCC BAA-692	4	TRUE	annotated_genomes_isolates	
BTO:0000089	18	NCBITaxon:147802	Lactobacillus iners	4	TRUE	environmental_samples	
BTO:0000089	19	NCBITaxon:154288	Turicibacter sanguinis	4	TRUE	annotated_genomes_isolates	
BTO:0000089	20	NCBITaxon:1578	Lactobacillus	4	TRUE	environmental_samples	
BTO:0000089	21	NCBITaxon:1601	Ligilactobacillus agilis	4	TRUE	environmental_samples	
BTO:0000089	22	NCBITaxon:168808	Sneathia	4	TRUE	environmental_samples	
BTO:0000089	23	NCBITaxon:1707330		4	TRUE	annotated_genomes_isolates	
BTO:0000089	24	NCBITaxon:171549	Bacteroidales	4	TRUE	environmental_samples	
BTO:0000089	25	NCBITaxon:186802	Eubacteriales	4	TRUE	environmental_samples	
BTO:0000090	1	NCBITaxon:1290553	Halocynthiibacter namhaensis	3	TRUE	annotated_genomes_isolates	
BTO:0000090	2	NCBITaxon:1333660	Endozoicomonas atrinae	3	TRUE	annotated_genomes_isolates	
BTO:0000090	3	NCBITaxon:7719		3	TRUE	annotated_genomes_isolates	
BTO:0000091	1	NCBITaxon:1096995	Acinetobacter baumannii BJAB07104	3	TRUE	annotated_genomes_isolates	
BTO:0000091	2	NCBITaxon:1096996	Acinetobacter baumannii BJAB0715	3	TRUE	annotated_genomes_isolates	
BTO:0000091	3	NCBITaxon:1096997	Acinetobacter baumannii BJAB0868	3	TRUE	annotated_genomes_isolates	
BTO:0000091	4	NCBITaxon:1231058	Vibrio diabolicus E0666	3	TRUE	annotated_genomes_isolates	
BTO:0000091	5	NCBITaxon:401472	Corynebacterium ureicelerivorans	3	TRUE	annotated_genomes_isolates	
BTO:0000109	1	NCBITaxon:114615	Bradyrhizobium sp. ORS 278	3	TRUE	annotated_genomes_isolates	
BTO:0000109	2	NCBITaxon:1245469	Bradyrhizobium oligotrophicum S58	3	TRUE	annotated_genomes_isolates	
BTO:0000109	3	NCBITaxon:438753	Azorhizobium caulinodans ORS 571	3	TRUE	annotated_genomes_isolates	
BTO:0000120	1	NCBITaxon:1810840	Piscirickettsiaceae bacterium NZ-RLO1	3	TRUE	annotated_genomes_isolates	
BTO:0000121	1	NCBITaxon:282199	Nereida ignava	3	TRUE	annotated_genomes_isolates	
BTO:0000121	2	NCBITaxon:440512		3	TRUE	annotated_genomes_isolates	
BTO:0000121	3	NCBITaxon:470	Acinetobacter baumannii	3	TRUE	annotated_genomes_isolates	
BTO:0000122	1	NCBITaxon:257758	Streptococcus pseudopneumoniae	3	TRUE	annotated_genomes_isolates	
BTO:0000123	1	NCBITaxon:1206108	Escherichia coli J96	3	TRUE	annotated_genomes_isolates	
BTO:0000123	2	NCBITaxon:1286329	Escherichia coli TOP379	3	TRUE	annotated_genomes_isolates	
BTO:0000123	3	NCBITaxon:1286330	Escherichia coli TOP382-1	3	TRUE	annotated_genomes_isolates	
BTO:0000123	4	NCBITaxon:1286331	Escherichia coli TOP382-2	3	TRUE	annotated_genomes_isolates	
BTO:0000123	5	NCBITaxon:1286332	Escherichia coli TOP382-3	3	TRUE	annotated_genomes_isolates	
BTO:0000123	6	NCBITaxon:1286333	Escherichia coli TOP291	3	TRUE	annotated_genomes_isolates	
BTO:0000123	7	NCBITaxon:1286334	Escherichia coli TOP293-1	3	TRUE	annotated_genomes_isolates	
BTO:0000123	8	NCBITaxon:1286335	Escherichia coli TOP293-2	3	TRUE	annotated_genomes_isolates	
BTO:0000123	9	NCBITaxon:1286336	Escherichia coli TOP293-3	3	TRUE	annotated_genomes_isolates	
BTO:0000123	10	NCBITaxon:1286337	Escherichia coli TOP293-4	3	TRUE	annotated_genomes_isolates	
BTO:0000123	11	NCBITaxon:1286338	Escherichia coli TOP498	3	TRUE	annotated_genomes_isolates	
BTO:0000123	12	NCBITaxon:1286339	Escherichia coli TOP550-1	3	TRUE	annotated_genomes_isolates	
BTO:0000123	13	NCBITaxon:1286340	Escherichia coli TOP550-2	3	TRUE	annotated_genomes_isolates	
BTO:0000123	14	NCBITaxon:1286341	Escherichia coli TOP550-3	3	TRUE	annotated_genomes_isolates	
BTO:0000123	15	NCBITaxon:1286342	Escherichia coli TOP550-4	3	TRUE	annotated_genomes_isolates	
BTO:0000123	16	NCBITaxon:1286343	Escherichia coli TOP2386	3	TRUE	annotated_genomes_isolates	
BTO:0000123	17	NCBITaxon:1286344	Escherichia coli TOP2396-1	3	TRUE	annotated_genomes_isolates	
BTO:0000123	18	NCBITaxon:1286345	Escherichia coli TOP2396-2	3	TRUE	annotated_genomes_isolates	
BTO:0000123	19	NCBITaxon:1286346	Escherichia coli TOP2396-3	3	TRUE	annotated_genomes_isolates	
BTO:0000123	20	NCBITaxon:1286347	Escherichia coli TOP2515	3	TRUE	annotated_genomes_isolates	
BTO:0000123	21	NCBITaxon:1286348	Escherichia coli TOP2522-1	3	TRUE	annotated_genomes_isolates	
BTO:0000123	22	NCBITaxon:1286350	Escherichia coli TOP2652	3	TRUE	annotated_genomes_isolates	
BTO:0000123	23	NCBITaxon:1286351	Escherichia coli TOP2662-1	3	TRUE	annotated_genomes_isolates	
BTO:0000123	24	NCBITaxon:1286352	Escherichia coli TOP2662-2	3	TRUE	annotated_genomes_isolates	
BTO:0000123	25	NCBITaxon:1286353	Escherichia coli TOP2662-3	3	TRUE	annotated_genomes_isolates	
BTO:0000125	1	NCBITaxon:1123383	Pseudothermotoga elfii DSM 9442 = NBRC 107921	3	TRUE	annotated_genomes_isolates	
BTO:0000125	2	NCBITaxon:1123384	Pseudothermotoga hypogea DSM 11164 = NBRC 106472	3	TRUE	annotated_genomes_isolates	
BTO:0000125	3	NCBITaxon:1189612	Indibacter alkaliphilus LW1	3	TRUE	annotated_genomes_isolates	
BTO:0000125	4	NCBITaxon:1322346	Glaesserella parasuis ZJ0906	3	TRUE	annotated_genomes_isolates	
BTO:0000125	5	NCBITaxon:1408159	Pseudothermotoga caldifontis AZM44c09	3	TRUE	annotated_genomes_isolates	
BTO:0000125	6	NCBITaxon:1408160	Thermotoga profunda AZM34c06	3	TRUE	annotated_genomes_isolates	
BTO:0000125	7	NCBITaxon:1497681	Paenilisteria newyorkensis	3	TRUE	annotated_genomes_isolates	
BTO:0000125	8	NCBITaxon:1552123	Listeria booriae	3	TRUE	annotated_genomes_isolates	
BTO:0000125	9	NCBITaxon:1585974	Beduini massiliensis	3	TRUE	annotated_genomes_isolates	
BTO:0000125	10	NCBITaxon:187452	Pediococcus claussenii	3	TRUE	annotated_genomes_isolates	
BTO:0000125	11	NCBITaxon:240427	Secundilactobacillus paracollinoides	3	TRUE	annotated_genomes_isolates	
BTO:0000125	12	NCBITaxon:375175	Loigolactobacillus backii	3	TRUE	annotated_genomes_isolates	
BTO:0000125	13	NCBITaxon:478010	Microterricola pindariensis	3	TRUE	annotated_genomes_isolates	
BTO:0000125	14	NCBITaxon:51663	Pediococcus damnosus	3	TRUE	annotated_genomes_isolates	
BTO:0000125	15	NCBITaxon:53444	Fructilactobacillus lindneri	3	TRUE	annotated_genomes_isolates	
BTO:0000125	16	NCBITaxon:562	Escherichia coli	3	TRUE	annotated_genomes_isolates	
BTO:0000125	17	NCBITaxon:582	Morganella morganii	3	TRUE	annotated_genomes_isolates	
BTO:0000125	18	NCBITaxon:758793	Caballeronia insecticola	3	TRUE	annotated_genomes_isolates	
BTO:0000130	1	NCBITaxon:1194085	Staphylococcus aureus subsp. aureus SA40	3	TRUE	annotated_genomes_isolates	
BTO:0000130	2	NCBITaxon:1201010	Staphylococcus aureus subsp. aureus SA957	3	TRUE	annotated_genomes_isolates	
BTO:0000130	3	NCBITaxon:1221451	Staphylococcus aureus subsp. aureus 120	3	TRUE	annotated_genomes_isolates	
BTO:0000130	4	NCBITaxon:1221452	Staphylococcus aureus subsp. aureus 333	3	TRUE	annotated_genomes_isolates	
BTO:0000130	5	NCBITaxon:1221453	Staphylococcus aureus subsp. aureus 3989	3	TRUE	annotated_genomes_isolates	
BTO:0000130	6	NCBITaxon:1329902	Mannheimia haemolytica MhBrain2012	3	TRUE	annotated_genomes_isolates	
BTO:0000130	7	NCBITaxon:1367494	Pseudomonas aeruginosa PAO1-VE13	3	TRUE	annotated_genomes_isolates	
BTO:0000130	8	NCBITaxon:1679001	Pasteurellaceae bacterium NI1060	3	TRUE	annotated_genomes_isolates	
BTO:0000130	9	NCBITaxon:243365	Chromobacterium violaceum ATCC 12472	3	TRUE	annotated_genomes_isolates	
BTO:0000130	10	NCBITaxon:354242	Campylobacter jejuni subsp. jejuni 81-176	3	TRUE	annotated_genomes_isolates	
BTO:0000130	11	NCBITaxon:573	Klebsiella pneumoniae	3	TRUE	annotated_genomes_isolates	
BTO:0000130	12	NCBITaxon:72407	Klebsiella pneumoniae subsp. pneumoniae	3	TRUE	annotated_genomes_isolates	
BTO:0000131	1	NCBITaxon:1322345	Escherichia coli ATCC 25922	3	TRUE	annotated_genomes_isolates	
BTO:0000131	2	NCBITaxon:1415606	Bifidobacterium animalis subsp. lactis CECT 8145	3	TRUE	annotated_genomes_isolates	
BTO:0000131	3	NCBITaxon:1718	Corynebacterium glutamicum	3	TRUE	annotated_genomes_isolates	
BTO:0000131	4	NCBITaxon:203119	Acetivibrio thermocellus ATCC 27405	3	TRUE	annotated_genomes_isolates	
BTO:0000131	5	NCBITaxon:214092	Yersinia pestis CO92	3	TRUE	annotated_genomes_isolates	
BTO:0000131	6	NCBITaxon:273075	Thermoplasma acidophilum DSM 1728	3	TRUE	annotated_genomes_isolates	
BTO:0000131	7	NCBITaxon:287	Pseudomonas aeruginosa	3	TRUE	annotated_genomes_isolates	
BTO:0000131	8	NCBITaxon:316407	Escherichia coli str. K-12 substr. W3110	3	TRUE	annotated_genomes_isolates	
BTO:0000131	9	NCBITaxon:32002	Achromobacter denitrificans	3	TRUE	annotated_genomes_isolates	
BTO:0000131	10	NCBITaxon:354242	Campylobacter jejuni subsp. jejuni 81-176	3	TRUE	annotated_genomes_isolates	
BTO:0000131	11	NCBITaxon:47885	Pseudomonas oryzihabitans	3	TRUE	annotated_genomes_isolates	
BTO:0000131	12	NCBITaxon:51665	Aerococcus urinaeequi	3	TRUE	annotated_genomes_isolates	
BTO:0000131	13	NCBITaxon:525919	Anaerococcus prevotii DSM 20548	3	TRUE	annotated_genomes_isolates	
BTO:0000131	14	NCBITaxon:76759	Pseudomonas monteilii	3	TRUE	annotated_genomes_isolates	
BTO:0000131	15	NCBITaxon:83655	Leclercia adecarboxylata	3	TRUE	annotated_genomes_isolates	
BTO:0000138	1	NCBITaxon:1329902	Mannheimia haemolytica MhBrain2012	3	TRUE	annotated_genomes_isolates	
BTO:0000141	1	NCBITaxon:1341644	Pseudomonas aeruginosa WS136	3	TRUE	annotated_genomes_isolates	
BTO:0000141	2	NCBITaxon:220341	Salmonella enterica subsp. enterica serovar Typhi str. CT18	3	TRUE	annotated_genomes_isolates	
BTO:0000141	3	NCBITaxon:306537	Corynebacterium jeikeium K411	3	TRUE	annotated_genomes_isolates	
BTO:0000141	4	NCBITaxon:61645	Enterobacter asburiae	3	TRUE	annotated_genomes_isolates	
BTO:0000142	1	NCBITaxon:12455		4	TRUE	annotated_genomes_isolates	
BTO:0000142	2	NCBITaxon:147802	Lactobacillus iners	4	TRUE	environmental_samples	
BTO:0000142	3	NCBITaxon:1578	Lactobacillus	4	TRUE	environmental_samples	
BTO:0000142	4	NCBITaxon:1601	Ligilactobacillus agilis	4	TRUE	environmental_samples	
BTO:0000142	5	NCBITaxon:168808	Sneathia	4	TRUE	environmental_samples	
BTO:0000142	6	NCBITaxon:2701	Gardnerella	4	TRUE	environmental_samples	
BTO:0000142	7	NCBITaxon:82135	Fannyhessea vaginae	4	TRUE	environmental_samples	
BTO:0000142	8	NCBITaxon:838	Prevotella	4	TRUE	environmental_samples	
BTO:0000142	9	NCBITaxon:84107	Coriobacteriaceae	4	TRUE	environmental_samples	
BTO:0000142	10	NCBITaxon:1117644	Mycoplasmopsis canis PG 14	3	TRUE	annotated_genomes_isolates	
BTO:0000142	11	NCBITaxon:1131452	Mycoplasmopsis canis UF31	3	TRUE	annotated_genomes_isolates	
BTO:0000142	12	NCBITaxon:1131453	Mycoplasmopsis canis UF33	3	TRUE	annotated_genomes_isolates	
BTO:0000142	13	NCBITaxon:1131454	Mycoplasmopsis canis UFG1	3	TRUE	annotated_genomes_isolates	
BTO:0000142	14	NCBITaxon:1131455	Mycoplasmopsis canis UFG4	3	TRUE	annotated_genomes_isolates	
BTO:0000142	15	NCBITaxon:1133849	Nocardia brasiliensis ATCC 700358	3	TRUE	annotated_genomes_isolates	
BTO:0000142	16	NCBITaxon:1177117	Vreelandella stevensii S18214	3	TRUE	annotated_genomes_isolates	
BTO:0000142	17	NCBITaxon:1189613	Staphylococcus massiliensis CCUG 55927	3	TRUE	annotated_genomes_isolates	
BTO:0000142	18	NCBITaxon:1214102	Mycolicibacterium fortuitum subsp. fortuitum DSM 46621 = ATCC 6841 = JCM 6387	3	TRUE	annotated_genomes_isolates	
BTO:0000142	19	NCBITaxon:1328	Streptococcus anginosus	3	TRUE	annotated_genomes_isolates	
BTO:0000142	20	NCBITaxon:1348	Streptococcus parauberis	3	TRUE	annotated_genomes_isolates	
BTO:0000142	21	NCBITaxon:1392869	Escherichia coli K1	3	TRUE	annotated_genomes_isolates	
BTO:0000142	22	NCBITaxon:1639	Listeria monocytogenes	3	TRUE	annotated_genomes_isolates	
BTO:0000142	23	NCBITaxon:1680	Bifidobacterium adolescentis	3	TRUE	annotated_genomes_isolates	
BTO:0000142	24	NCBITaxon:1683	Bifidobacterium angulatum	3	TRUE	annotated_genomes_isolates	
BTO:0000142	25	NCBITaxon:169963	Listeria monocytogenes EGD-e	3	TRUE	annotated_genomes_isolates	
BTO:0000144	1	NCBITaxon:1313	Streptococcus pneumoniae	3	TRUE	annotated_genomes_isolates	
BTO:0000146	1	NCBITaxon:1329902	Mannheimia haemolytica MhBrain2012	3	TRUE	annotated_genomes_isolates	
BTO:0000149	1	NCBITaxon:1157946	Streptococcus salivarius PS4	3	TRUE	annotated_genomes_isolates	
BTO:0000149	2	NCBITaxon:1193128	Parascardovia denticolens IPLA 20019	3	TRUE	annotated_genomes_isolates	
BTO:0000149	3	NCBITaxon:1199187	Mycobacterium avium subsp. paratuberculosis MAP4	3	TRUE	annotated_genomes_isolates	
BTO:0000149	4	NCBITaxon:1271862	Salmonella enterica subsp. enterica serovar Typhimurium var. 5- str. CFSAN001921	3	TRUE	annotated_genomes_isolates	
BTO:0000149	5	NCBITaxon:1590	Lactiplantibacillus plantarum	3	TRUE	annotated_genomes_isolates	
BTO:0000149	6	NCBITaxon:161879	Corynebacterium kroppenstedtii	3	TRUE	annotated_genomes_isolates	
BTO:0000149	7	NCBITaxon:1679	Bifidobacterium longum subsp. longum	3	TRUE	annotated_genomes_isolates	
BTO:0000149	8	NCBITaxon:1682	Bifidobacterium longum subsp. infantis	3	TRUE	annotated_genomes_isolates	
BTO:0000149	9	NCBITaxon:205913	Bifidobacterium longum DJO10A	3	TRUE	annotated_genomes_isolates	
BTO:0000149	10	NCBITaxon:28026	Bifidobacterium pseudocatenulatum	3	TRUE	annotated_genomes_isolates	
BTO:0000149	11	NCBITaxon:391904	Bifidobacterium longum subsp. infantis ATCC 15697 = JCM 1222 = DSM 20088	3	TRUE	annotated_genomes_isolates	
BTO:0000149	12	NCBITaxon:439842	Salmonella enterica subsp. enterica serovar Kentucky str. CVM29188	3	TRUE	annotated_genomes_isolates	
BTO:0000149	13	NCBITaxon:484020	Bifidobacterium bifidum BGN4	3	TRUE	annotated_genomes_isolates	
BTO:0000155	1	NCBITaxon:1162284	Mycobacteroides abscessus M24	3	TRUE	annotated_genomes_isolates	
BTO:0000155	2	NCBITaxon:1162288	Mycobacteroides abscessus M154	3	TRUE	annotated_genomes_isolates	
BTO:0000155	3	NCBITaxon:1220554	Actinomadura chibensis NBRC 106107	3	TRUE	annotated_genomes_isolates	
BTO:0000155	4	NCBITaxon:1718	Corynebacterium glutamicum	3	TRUE	annotated_genomes_isolates	
BTO:0000155	5	NCBITaxon:287	Pseudomonas aeruginosa	3	TRUE	annotated_genomes_isolates	
BTO:0000155	6	NCBITaxon:32002	Achromobacter denitrificans	3	TRUE	annotated_genomes_isolates	
BTO:0000155	7	NCBITaxon:47885	Pseudomonas oryzihabitans	3	TRUE	annotated_genomes_isolates	
BTO:0000155	8	NCBITaxon:51665	Aerococcus urinaeequi	3	TRUE	annotated_genomes_isolates	
BTO:0000155	9	NCBITaxon:76759	Pseudomonas monteilii	3	TRUE	annotated_genomes_isolates	
BTO:0000155	10	NCBITaxon:83655	Leclercia adecarboxylata	3	TRUE	annotated_genomes_isolates	
BTO:0000159	1	NCBITaxon:1085628	Streptomyces sp. Wigar10	3	TRUE	annotated_genomes_isolates	
BTO:0000166	1	NCBITaxon:100176	Papillibacter cinnamivorans	4	TRUE	environmental_samples	
BTO:0000166	2	NCBITaxon:100883	Coprobacillus	4	TRUE	environmental_samples	
BTO:0000166	3	NCBITaxon:102106	Collinsella	4	TRUE	environmental_samples	
BTO:0000166	4	NCBITaxon:102234	Cyanobacterium	4	TRUE	environmental_samples	
BTO:0000166	5	NCBITaxon:1032526	Pedosphaera	4	TRUE	environmental_samples	
BTO:0000166	6	NCBITaxon:1091138		4	TRUE	environmental_samples	
BTO:0000166	7	NCBITaxon:109326	Anaerovorax	4	TRUE	environmental_samples	
BTO:0000166	8	NCBITaxon:1117	Cyanobacteriota	4	TRUE	environmental_samples	
BTO:0000166	9	NCBITaxon:113286	Pseudoramibacter	4	TRUE	environmental_samples	
BTO:0000166	10	NCBITaxon:117563	Granulicatella	4	TRUE	environmental_samples	
BTO:0000166	11	NCBITaxon:118747	Bulleidia	4	TRUE	environmental_samples	
BTO:0000166	12	NCBITaxon:119852	Oscillospira	4	TRUE	environmental_samples	
BTO:0000166	13	NCBITaxon:1249	Weissella paramesenteroides	4	TRUE	environmental_samples	
BTO:0000166	14	NCBITaxon:1253	Pediococcus	4	TRUE	environmental_samples	
BTO:0000166	15	NCBITaxon:1263	Ruminococcus	4	TRUE	environmental_samples	
BTO:0000166	16	NCBITaxon:1265	Ruminococcus flavefaciens	4	TRUE	environmental_samples	
BTO:0000166	17	NCBITaxon:1266	Sarcina	4	TRUE	environmental_samples	
BTO:0000166	18	NCBITaxon:1268	Micrococcaceae	4	TRUE	environmental_samples	
BTO:0000166	19	NCBITaxon:1269	Micrococcus	4	TRUE	environmental_samples	
BTO:0000166	20	NCBITaxon:1279	Staphylococcus	4	TRUE	environmental_samples	
BTO:0000166	21	NCBITaxon:1280	Staphylococcus aureus	4	TRUE	environmental_samples	
BTO:0000166	22	NCBITaxon:1282	Staphylococcus epidermidis	4	TRUE	environmental_samples	
BTO:0000166	23	NCBITaxon:128827	Erysipelotrichaceae	4	TRUE	environmental_samples	
BTO:0000166	24	NCBITaxon:1296	Mammaliicoccus sciuri	4	TRUE	environmental_samples	
BTO:0000166	25	NCBITaxon:1300	Streptococcaceae	4	TRUE	environmental_samples	
BTO:0000176	1	NCBITaxon:1150864	Micromonospora lupini str. Lupac 08	3	TRUE	annotated_genomes_isolates	
BTO:0000182	1	NCBITaxon:1254439	Bifidobacterium thermophilum RBL67	3	TRUE	annotated_genomes_isolates	
BTO:0000182	2	NCBITaxon:1352	Enterococcus faecium	3	TRUE	annotated_genomes_isolates	
BTO:0000182	3	NCBITaxon:135569	Helicobacter apodemus	3	TRUE	annotated_genomes_isolates	
BTO:0000182	4	NCBITaxon:1408441	Helicobacter bilis ATCC 51630	3	TRUE	annotated_genomes_isolates	
BTO:0000182	5	NCBITaxon:1548018	Helicobacter saguini	3	TRUE	annotated_genomes_isolates	
BTO:0000182	6	NCBITaxon:1548147	Helicobacter sp. MIT 03-1614	3	TRUE	annotated_genomes_isolates	
BTO:0000182	7	NCBITaxon:1548148	Helicobacter sp. MIT 03-1616	3	TRUE	annotated_genomes_isolates	
BTO:0000182	8	NCBITaxon:1548149	Helicobacter sp. MIT 05-5293	3	TRUE	annotated_genomes_isolates	
BTO:0000182	9	NCBITaxon:1548150	Helicobacter sp. MIT 05-5294	3	TRUE	annotated_genomes_isolates	
BTO:0000182	10	NCBITaxon:1548151	Helicobacter sp. MIT 11-5569	3	TRUE	annotated_genomes_isolates	
BTO:0000182	11	NCBITaxon:1548153	Campylobacter sp. MIT 97-5078	3	TRUE	annotated_genomes_isolates	
BTO:0000182	12	NCBITaxon:1590	Lactiplantibacillus plantarum	3	TRUE	annotated_genomes_isolates	
BTO:0000182	13	NCBITaxon:1677920	Helicobacter jaachi	3	TRUE	annotated_genomes_isolates	
BTO:0000182	14	NCBITaxon:1682	Bifidobacterium longum subsp. infantis	3	TRUE	annotated_genomes_isolates	
BTO:0000182	15	NCBITaxon:216	Helicobacter muridarum	3	TRUE	annotated_genomes_isolates	
BTO:0000182	16	NCBITaxon:37372	Helicobacter bilis	3	TRUE	annotated_genomes_isolates	
BTO:0000182	17	NCBITaxon:471858	Helicobacter magdeburgensis	3	TRUE	annotated_genomes_isolates	
BTO:0000182	18	NCBITaxon:50960	Helicobacter trogontum	3	TRUE	annotated_genomes_isolates	
BTO:0000182	19	NCBITaxon:76936	Helicobacter typhlonius	3	TRUE	annotated_genomes_isolates	
BTO:0000195	1	NCBITaxon:1205679	Bifidobacterium longum subsp. longum CECT 7347	3	TRUE	annotated_genomes_isolates	
BTO:0000195	2	NCBITaxon:1392869	Escherichia coli K1	3	TRUE	annotated_genomes_isolates	
BTO:0000195	3	NCBITaxon:1580	Levilactobacillus brevis	3	TRUE	annotated_genomes_isolates	
BTO:0000195	4	NCBITaxon:557433	Limosilactobacillus reuteri subsp. reuteri JCM 1112	3	TRUE	annotated_genomes_isolates	
BTO:0000203	1	NCBITaxon:1001714	Mycobacteroides abscessus subsp. massiliense CCUG 48898 = JCM 15300	3	TRUE	annotated_genomes_isolates	
BTO:0000203	2	NCBITaxon:1100833	Chlamydia trachomatis F/SWFPminus	3	TRUE	annotated_genomes_isolates	
BTO:0000203	3	NCBITaxon:1110697	Nocardia asteroides NBRC 15531	3	TRUE	annotated_genomes_isolates	
BTO:0000203	4	NCBITaxon:1117322	Glaesserella parasuis str. Nagasaki	3	TRUE	annotated_genomes_isolates	
BTO:0000203	5	NCBITaxon:1138429	Glaesserella parasuis gx033	3	TRUE	annotated_genomes_isolates	
BTO:0000203	6	NCBITaxon:1162288	Mycobacteroides abscessus M154	3	TRUE	annotated_genomes_isolates	
BTO:0000203	7	NCBITaxon:1206724	Nocardia brasiliensis NBRC 14402	3	TRUE	annotated_genomes_isolates	
BTO:0000203	8	NCBITaxon:1213463	Mycoplasmoides pneumoniae 19294	3	TRUE	annotated_genomes_isolates	
BTO:0000203	9	NCBITaxon:1230480	Escherichia coli EC302/04	3	TRUE	annotated_genomes_isolates	
BTO:0000203	10	NCBITaxon:1233262	Mycoplasmoides pneumoniae PO1	3	TRUE	annotated_genomes_isolates	
BTO:0000203	11	NCBITaxon:1236904	Mycoplasmoides pneumoniae PI 1428	3	TRUE	annotated_genomes_isolates	
BTO:0000203	12	NCBITaxon:1238993	Mycoplasmoides pneumoniae M129-B7	3	TRUE	annotated_genomes_isolates	
BTO:0000203	13	NCBITaxon:1261125	Mannheimia haemolytica serotype 6 str. H23	3	TRUE	annotated_genomes_isolates	
BTO:0000203	14	NCBITaxon:1263756	Mycoplasmoides pneumoniae 54089	3	TRUE	annotated_genomes_isolates	
BTO:0000203	15	NCBITaxon:1263757	Mycoplasmoides pneumoniae 54524	3	TRUE	annotated_genomes_isolates	
BTO:0000203	16	NCBITaxon:1263758	Mycoplasmoides pneumoniae 51494	3	TRUE	annotated_genomes_isolates	
BTO:0000203	17	NCBITaxon:1263760	Mycoplasmoides pneumoniae 85138	3	TRUE	annotated_genomes_isolates	
BTO:0000203	18	NCBITaxon:1263761	Mycoplasmoides pneumoniae 39443	3	TRUE	annotated_genomes_isolates	
BTO:0000203	19	NCBITaxon:1263762	Mycoplasmoides pneumoniae 85084	3	TRUE	annotated_genomes_isolates	
BTO:0000203	20	NCBITaxon:1263763	Mycoplasmoides pneumoniae M1139	3	TRUE	annotated_genomes_isolates	
BTO:0000203	21	NCBITaxon:1263835	Mycoplasmoides pneumoniae MAC	3	TRUE	annotated_genomes_isolates	
BTO:0000203	22	NCBITaxon:1275966	Glaesserella parasuis SW114	3	TRUE	annotated_genomes_isolates	
BTO:0000203	23	NCBITaxon:1275967	Glaesserella parasuis MN-H	3	TRUE	annotated_genomes_isolates	
BTO:0000203	24	NCBITaxon:1275968	Glaesserella parasuis 12939	3	TRUE	annotated_genomes_isolates	
BTO:0000203	25	NCBITaxon:1275969	Glaesserella parasuis 84-15995	3	TRUE	annotated_genomes_isolates	
BTO:0000208	1	NCBITaxon:1329250	Weissella oryzae SG25	3	TRUE	annotated_genomes_isolates	
BTO:0000213	1	NCBITaxon:119852	Oscillospira	4	TRUE	environmental_samples	
BTO:0000213	2	NCBITaxon:1263	Ruminococcus	4	TRUE	environmental_samples	
BTO:0000213	3	NCBITaxon:128827	Erysipelotrichaceae	4	TRUE	environmental_samples	
BTO:0000213	4	NCBITaxon:135569	Helicobacter apodemus	4	TRUE	environmental_samples	
BTO:0000213	5	NCBITaxon:1578	Lactobacillus	4	TRUE	environmental_samples	
BTO:0000213	6	NCBITaxon:1598	Limosilactobacillus reuteri	4	TRUE	environmental_samples	
BTO:0000213	7	NCBITaxon:171549	Bacteroidales	4	TRUE	environmental_samples	
BTO:0000213	8	NCBITaxon:171550	Rikenellaceae	4	TRUE	environmental_samples	
BTO:0000213	9	NCBITaxon:186802	Eubacteriales	4	TRUE	environmental_samples	
BTO:0000213	10	NCBITaxon:186803	Lachnospiraceae	4	TRUE	environmental_samples	
BTO:0000213	11	NCBITaxon:189330	Dorea	4	TRUE	environmental_samples	
BTO:0000213	12	NCBITaxon:194924	Desulfovibrionaceae	4	TRUE	environmental_samples	
BTO:0000213	13	NCBITaxon:209	Helicobacter	4	TRUE	environmental_samples	
BTO:0000213	14	NCBITaxon:2353	Flexispira	4	TRUE	environmental_samples	
BTO:0000213	15	NCBITaxon:248039	Mucispirillum schaedleri	4	TRUE	environmental_samples	
BTO:0000213	16	NCBITaxon:283168	Odoribacter	4	TRUE	environmental_samples	
BTO:0000213	17	NCBITaxon:31979	Clostridiaceae	4	TRUE	environmental_samples	
BTO:0000213	18	NCBITaxon:33038	Mediterraneibacter gnavus	4	TRUE	environmental_samples	
BTO:0000213	19	NCBITaxon:33042	Coprococcus	4	TRUE	environmental_samples	
BTO:0000213	20	NCBITaxon:375288	Parabacteroides	4	TRUE	environmental_samples	
BTO:0000213	21	NCBITaxon:40544	Sutterella	4	TRUE	environmental_samples	
BTO:0000213	22	NCBITaxon:447020	Adlercreutzia	4	TRUE	environmental_samples	
BTO:0000213	23	NCBITaxon:51514	Dehalobacterium	4	TRUE	environmental_samples	
BTO:0000213	24	NCBITaxon:541000		4	TRUE	environmental_samples	
BTO:0000213	25	NCBITaxon:543	Enterobacteriaceae	4	TRUE	environmental_samples	
BTO:0000227	1	NCBITaxon:1095955	Treponema pallidum subsp. pallidum str. Sea 81-4	3	TRUE	annotated_genomes_isolates	
BTO:0000227	2	NCBITaxon:1126011	Listeria monocytogenes 07PF0776	3	TRUE	annotated_genomes_isolates	
BTO:0000227	3	NCBITaxon:1292046	Desulfobulbus sp. oral taxon 041 str. Dsb1-5	3	TRUE	annotated_genomes_isolates	
BTO:0000227	4	NCBITaxon:1639	Listeria monocytogenes	3	TRUE	annotated_genomes_isolates	
BTO:0000227	5	NCBITaxon:272563	Clostridioides difficile 630	3	TRUE	annotated_genomes_isolates	
BTO:0000227	6	NCBITaxon:280871	Mycolicibacterium llatzerense	3	TRUE	annotated_genomes_isolates	
BTO:0000227	7	NCBITaxon:314724	Borrelia turicatae 91E135	3	TRUE	annotated_genomes_isolates	
BTO:0000227	8	NCBITaxon:539221		3	TRUE	annotated_genomes_isolates	
BTO:0000227	9	NCBITaxon:553198	Propionibacterium acidifaciens F0233	3	TRUE	annotated_genomes_isolates	
BTO:0000227	10	NCBITaxon:83262	Mycobacteroides immunogenum	3	TRUE	annotated_genomes_isolates	
BTO:0000232	1	NCBITaxon:1329902	Mannheimia haemolytica MhBrain2012	3	TRUE	annotated_genomes_isolates	
BTO:0000237	1	NCBITaxon:1121103	Balneatrix alpica DSM 16621	4	TRUE	annotated_genomes_isolates	
BTO:0000237	2	NCBITaxon:1096995	Acinetobacter baumannii BJAB07104	3	TRUE	annotated_genomes_isolates	
BTO:0000237	3	NCBITaxon:1096996	Acinetobacter baumannii BJAB0715	3	TRUE	annotated_genomes_isolates	
BTO:0000237	4	NCBITaxon:1096997	Acinetobacter baumannii BJAB0868	3	TRUE	annotated_genomes_isolates	
BTO:0000237	5	NCBITaxon:1213463	Mycoplasmoides pneumoniae 19294	3	TRUE	annotated_genomes_isolates	
BTO:0000237	6	NCBITaxon:122587	Neisseria meningitidis Z2491	3	TRUE	annotated_genomes_isolates	
BTO:0000237	7	NCBITaxon:1233262	Mycoplasmoides pneumoniae PO1	3	TRUE	annotated_genomes_isolates	
BTO:0000237	8	NCBITaxon:1236904	Mycoplasmoides pneumoniae PI 1428	3	TRUE	annotated_genomes_isolates	
BTO:0000237	9	NCBITaxon:1238993	Mycoplasmoides pneumoniae M129-B7	3	TRUE	annotated_genomes_isolates	
BTO:0000237	10	NCBITaxon:1263756	Mycoplasmoides pneumoniae 54089	3	TRUE	annotated_genomes_isolates	
BTO:0000237	11	NCBITaxon:1263757	Mycoplasmoides pneumoniae 54524	3	TRUE	annotated_genomes_isolates	
BTO:0000237	12	NCBITaxon:1263758	Mycoplasmoides pneumoniae 51494	3	TRUE	annotated_genomes_isolates	
BTO:0000237	13	NCBITaxon:1263760	Mycoplasmoides pneumoniae 85138	3	TRUE	annotated_genomes_isolates	
BTO:0000237	14	NCBITaxon:1263761	Mycoplasmoides pneumoniae 39443	3	TRUE	annotated_genomes_isolates	
BTO:0000237	15	NCBITaxon:1263762	Mycoplasmoides pneumoniae 85084	3	TRUE	annotated_genomes_isolates	
BTO:0000237	16	NCBITaxon:1263763	Mycoplasmoides pneumoniae M1139	3	TRUE	annotated_genomes_isolates	
BTO:0000237	17	NCBITaxon:1263835	Mycoplasmoides pneumoniae MAC	3	TRUE	annotated_genomes_isolates	
BTO:0000237	18	NCBITaxon:1280940	Mycoplasmoides pneumoniae M2592	3	TRUE	annotated_genomes_isolates	
BTO:0000237	19	NCBITaxon:1313	Streptococcus pneumoniae	3	TRUE	annotated_genomes_isolates	
BTO:0000237	20	NCBITaxon:1315977	Mycobacterium tuberculosis PR08	3	TRUE	annotated_genomes_isolates	
BTO:0000237	21	NCBITaxon:1408179	Streptococcus pneumoniae A026	3	TRUE	annotated_genomes_isolates	
BTO:0000237	22	NCBITaxon:1472682	Psychrobacter sp. 310(2012)	3	TRUE	annotated_genomes_isolates	
BTO:0000237	23	NCBITaxon:1643450	Devosia sp. H5989	3	TRUE	annotated_genomes_isolates	
BTO:0000237	24	NCBITaxon:1747766	Mycobacterium sp. NAZ190054	3	TRUE	annotated_genomes_isolates	
BTO:0000237	25	NCBITaxon:1773	Mycobacterium tuberculosis	3	TRUE	annotated_genomes_isolates	
BTO:0000243	1	NCBITaxon:117563	Granulicatella	4	TRUE	environmental_samples	
BTO:0000243	2	NCBITaxon:1261	Peptostreptococcus anaerobius	4	TRUE	environmental_samples	
BTO:0000243	3	NCBITaxon:1270	Micrococcus luteus	4	TRUE	environmental_samples	
BTO:0000243	4	NCBITaxon:1279	Staphylococcus	4	TRUE	environmental_samples	
BTO:0000243	5	NCBITaxon:1280	Staphylococcus aureus	4	TRUE	environmental_samples	
BTO:0000243	6	NCBITaxon:1282	Staphylococcus epidermidis	4	TRUE	environmental_samples	
BTO:0000243	7	NCBITaxon:1283	Staphylococcus haemolyticus	4	TRUE	environmental_samples	
BTO:0000243	8	NCBITaxon:1301	Streptococcus	4	TRUE	environmental_samples	
BTO:0000243	9	NCBITaxon:1311	Streptococcus agalactiae	4	TRUE	environmental_samples	
BTO:0000243	10	NCBITaxon:1328	Streptococcus anginosus	4	TRUE	environmental_samples	
BTO:0000243	11	NCBITaxon:1350	Enterococcus	4	TRUE	environmental_samples	
BTO:0000243	12	NCBITaxon:135621	Pseudomonadaceae	4	TRUE	environmental_samples	
BTO:0000243	13	NCBITaxon:1357	Lactococcus	4	TRUE	environmental_samples	
BTO:0000243	14	NCBITaxon:1375	Aerococcus	4	TRUE	environmental_samples	
BTO:0000243	15	NCBITaxon:1378	Gemella	4	TRUE	environmental_samples	
BTO:0000243	16	NCBITaxon:1380	Atopobium	4	TRUE	environmental_samples	
BTO:0000243	17	NCBITaxon:1386	Bacillus <firmicutes>	4	TRUE	environmental_samples	
BTO:0000243	18	NCBITaxon:147802	Lactobacillus iners	4	TRUE	environmental_samples	
BTO:0000243	19	NCBITaxon:1485	Clostridium	4	TRUE	environmental_samples	
BTO:0000243	20	NCBITaxon:150022	Finegoldia	4	TRUE	environmental_samples	
BTO:0000243	21	NCBITaxon:1578	Lactobacillus	4	TRUE	environmental_samples	
BTO:0000243	22	NCBITaxon:1598	Limosilactobacillus reuteri	4	TRUE	environmental_samples	
BTO:0000243	23	NCBITaxon:1601	Ligilactobacillus agilis	4	TRUE	environmental_samples	
BTO:0000243	24	NCBITaxon:162289	Peptoniphilus	4	TRUE	environmental_samples	
BTO:0000243	25	NCBITaxon:162290	Gallicola	4	TRUE	environmental_samples	
BTO:0000255	1	NCBITaxon:1392869	Escherichia coli K1	3	TRUE	annotated_genomes_isolates	
BTO:0000266	1	NCBITaxon:1110509	Methanothrix harundinacea 6Ac	3	TRUE	annotated_genomes_isolates	
BTO:0000266	2	NCBITaxon:1245026	Heyndrickxia coagulans XZL9	3	TRUE	annotated_genomes_isolates	
BTO:0000269	1	NCBITaxon:119852	Oscillospira	1.46786	TRUE	environmental_samples	
BTO:0000269	2	NCBITaxon:186802	Eubacteriales	1.46786	TRUE	environmental_samples	
BTO:0000269	3	NCBITaxon:186803	Lachnospiraceae	1.46786	TRUE	environmental_samples	
BTO:0000269	4	NCBITaxon:33038	Mediterraneibacter gnavus	1.46786	TRUE	environmental_samples	
BTO:0000269	5	NCBITaxon:33042	Coprococcus	1.46786	TRUE	environmental_samples	
BTO:0000269	6	NCBITaxon:541000		1.46786	TRUE	environmental_samples	
BTO:0000269	7	NCBITaxon:816	Bacteroides	1.46786	TRUE	environmental_samples	
BTO:0000269	8	NCBITaxon:1578	Lactobacillus	1.45701	TRUE	environmental_samples	
BTO:0000269	9	NCBITaxon:171549	Bacteroidales	1.45701	TRUE	environmental_samples	
BTO:0000269	10	NCBITaxon:171550	Rikenellaceae	1.45701	TRUE	environmental_samples	
BTO:0000269	11	NCBITaxon:1263	Ruminococcus	1.446	TRUE	environmental_samples	
BTO:0000269	12	NCBITaxon:838	Prevotella	1.446	TRUE	environmental_samples	
BTO:0000269	13	NCBITaxon:85831	Bacteroides acidifaciens	1.446	TRUE	environmental_samples	
BTO:0000269	14	NCBITaxon:189330	Dorea	1.41191	TRUE	environmental_samples	
BTO:0000269	15	NCBITaxon:375288	Parabacteroides	1.41191	TRUE	environmental_samples	
BTO:0000269	16	NCBITaxon:51514	Dehalobacterium	1.41191	TRUE	environmental_samples	
BTO:0000269	17	NCBITaxon:572511	Blautia	1.41191	TRUE	environmental_samples	
BTO:0000269	18	NCBITaxon:830	Butyrivibrio	1.40018	TRUE	environmental_samples	
BTO:0000269	19	NCBITaxon:1485	Clostridium	1.37613	TRUE	environmental_samples	
BTO:0000269	20	NCBITaxon:171552	Prevotellaceae	1.37613	TRUE	environmental_samples	
BTO:0000269	21	NCBITaxon:248039	Mucispirillum schaedleri	1.37613	TRUE	environmental_samples	
BTO:0000269	22	NCBITaxon:102234	Cyanobacterium	1.33849	TRUE	environmental_samples	
BTO:0000269	23	NCBITaxon:1117	Cyanobacteriota	1.33849	TRUE	environmental_samples	
BTO:0000269	24	NCBITaxon:872	Desulfovibrio	1.33849	TRUE	environmental_samples	
BTO:0000269	25	NCBITaxon:31979	Clostridiaceae	1.32549	TRUE	environmental_samples	
BTO:0000271	1	NCBITaxon:1292046	Desulfobulbus sp. oral taxon 041 str. Dsb1-5	3	TRUE	annotated_genomes_isolates	
BTO:0000271	2	NCBITaxon:411459	Blautia obeum ATCC 29174	3	TRUE	annotated_genomes_isolates	
BTO:0000271	3	NCBITaxon:411460	[Ruminococcus] torques ATCC 27756	3	TRUE	annotated_genomes_isolates	
BTO:0000282	1	NCBITaxon:102234	Cyanobacterium	4	TRUE	environmental_samples	
BTO:0000282	2	NCBITaxon:1117	Cyanobacteriota	4	TRUE	environmental_samples	
BTO:0000282	3	NCBITaxon:117563	Granulicatella	4	TRUE	environmental_samples	
BTO:0000282	4	NCBITaxon:1279	Staphylococcus	4	TRUE	environmental_samples	
BTO:0000282	5	NCBITaxon:1301	Streptococcus	4	TRUE	environmental_samples	
BTO:0000282	6	NCBITaxon:1716	Corynebacterium	4	TRUE	environmental_samples	
BTO:0000282	7	NCBITaxon:32008	Burkholderia	4	TRUE	environmental_samples	
BTO:0000282	8	NCBITaxon:469	Acinetobacter	4	TRUE	environmental_samples	
BTO:0000282	9	NCBITaxon:475	Moraxella	4	TRUE	environmental_samples	
BTO:0000282	10	NCBITaxon:48736	Ralstonia	4	TRUE	environmental_samples	
BTO:0000282	11	NCBITaxon:68287	Mesorhizobium	4	TRUE	environmental_samples	
BTO:0000282	12	NCBITaxon:68892	Streptococcus infantis	4	TRUE	environmental_samples	
BTO:0000282	13	NCBITaxon:69277	Phyllobacteriaceae	4	TRUE	environmental_samples	
BTO:0000282	14	NCBITaxon:712	Pasteurellaceae	4	TRUE	environmental_samples	
BTO:0000282	15	NCBITaxon:724	Haemophilus	4	TRUE	environmental_samples	
BTO:0000282	16	NCBITaxon:727	Haemophilus influenzae	4	TRUE	environmental_samples	
BTO:0000282	17	NCBITaxon:75682	Oxalobacteraceae	4	TRUE	environmental_samples	
BTO:0000282	18	NCBITaxon:1578	Lactobacillus	1.79042	TRUE	environmental_samples	
BTO:0000282	19	NCBITaxon:1867933	Aggregatibacter pneumotropica (nom. nud.)	1.77924	TRUE	environmental_samples	
BTO:0000282	20	NCBITaxon:1386	Bacillus <firmicutes>	1.76788	TRUE	environmental_samples	
BTO:0000282	21	NCBITaxon:55087		1.76788	TRUE	environmental_samples	
BTO:0000282	22	NCBITaxon:665874	Limnohabitans	1.70823	TRUE	environmental_samples	
BTO:0000282	23	NCBITaxon:374	Bradyrhizobium	1.69569	TRUE	environmental_samples	
BTO:0000282	24	NCBITaxon:713	Actinobacillus	1.6432	TRUE	environmental_samples	
BTO:0000282	25	NCBITaxon:468	Moraxellaceae	1.60117	TRUE	environmental_samples	
BTO:0000286	1	NCBITaxon:1400868	Pseudomonas aeruginosa VRFPA04	3	TRUE	annotated_genomes_isolates	
BTO:0000286	2	NCBITaxon:287	Pseudomonas aeruginosa	3	TRUE	annotated_genomes_isolates	
BTO:0000286	3	NCBITaxon:86105	Candidatus Jidaibacter acanthamoebae	3	TRUE	annotated_genomes_isolates	
BTO:0000301	1	NCBITaxon:1107	Chloroflexus	4	TRUE	environmental_samples	
BTO:0000301	2	NCBITaxon:1154585	Gaiellaceae	4	TRUE	environmental_samples	
BTO:0000301	3	NCBITaxon:1234	Nitrospira	4	TRUE	environmental_samples	
BTO:0000301	4	NCBITaxon:1268	Micrococcaceae	4	TRUE	environmental_samples	
BTO:0000301	5	NCBITaxon:135616	Piscirickettsiaceae	4	TRUE	environmental_samples	
BTO:0000301	6	NCBITaxon:13687	Sphingomonas	4	TRUE	environmental_samples	
BTO:0000301	7	NCBITaxon:1386	Bacillus <firmicutes>	4	TRUE	environmental_samples	
BTO:0000301	8	NCBITaxon:142182	Gemmatimonadota	4	TRUE	environmental_samples	
BTO:0000301	9	NCBITaxon:174951	Ramlibacter	4	TRUE	environmental_samples	
BTO:0000301	10	NCBITaxon:1860	Geodermatophilus	4	TRUE	environmental_samples	
BTO:0000301	11	NCBITaxon:186650	Microvirga	4	TRUE	environmental_samples	
BTO:0000301	12	NCBITaxon:1869227	bacterium	4	TRUE	environmental_samples	
BTO:0000301	13	NCBITaxon:1883	Streptomyces	4	TRUE	environmental_samples	
BTO:0000301	14	NCBITaxon:2	Bacteria	4	TRUE	environmental_samples	
BTO:0000301	15	NCBITaxon:20	Phenylobacterium	4	TRUE	environmental_samples	
BTO:0000301	16	NCBITaxon:200795	Chloroflexota	4	TRUE	environmental_samples	
BTO:0000301	17	NCBITaxon:203682	Planctomycetota	4	TRUE	environmental_samples	
BTO:0000301	18	NCBITaxon:203683	Planctomycetia	4	TRUE	environmental_samples	
BTO:0000301	19	NCBITaxon:203693	Nitrospiria	4	TRUE	environmental_samples	
BTO:0000301	20	NCBITaxon:2037	Actinomycetales	4	TRUE	environmental_samples	
BTO:0000301	21	NCBITaxon:204432	Terriglobia	4	TRUE	environmental_samples	
BTO:0000301	22	NCBITaxon:2062	Streptomycetaceae	4	TRUE	environmental_samples	
BTO:0000301	23	NCBITaxon:213465	Syntrophobacteraceae	4	TRUE	environmental_samples	
BTO:0000301	24	NCBITaxon:219685	Gemmatimonadia	4	TRUE	environmental_samples	
BTO:0000301	25	NCBITaxon:233189	Anaerolinea	4	TRUE	environmental_samples	
BTO:0000303	1	NCBITaxon:1281779	Agrobacterium tumefaciens str. Cherry 2E-2-2	3	TRUE	annotated_genomes_isolates	
BTO:0000303	2	NCBITaxon:1368418	Rhizobium nepotum 39/7	3	TRUE	annotated_genomes_isolates	
BTO:0000303	3	NCBITaxon:1585697	Agrobacterium arsenijevicii	3	TRUE	annotated_genomes_isolates	
BTO:0000303	4	NCBITaxon:358	Agrobacterium tumefaciens	3	TRUE	annotated_genomes_isolates	
BTO:0000303	5	NCBITaxon:555793	Novosphingobium sp. Rr 2-17	3	TRUE	annotated_genomes_isolates	
BTO:0000318	1	NCBITaxon:316407	Escherichia coli str. K-12 substr. W3110	3	TRUE	annotated_genomes_isolates	
BTO:0000320	1	NCBITaxon:266809	Thalassobacter stenotrophicus	3	TRUE	annotated_genomes_isolates	
BTO:0000320	2	NCBITaxon:414684	Rhodospirillum centenum SW	3	TRUE	annotated_genomes_isolates	
BTO:0000320	3	NCBITaxon:461836	Thecamonas trahens ATCC 50062	3	TRUE	annotated_genomes_isolates	
BTO:0000338	1	NCBITaxon:1403829	Streptococcus mutans PKUSS-HG01	3	TRUE	annotated_genomes_isolates	
BTO:0000338	2	NCBITaxon:1404260	Streptococcus mutans PKUSS-LG01	3	TRUE	annotated_genomes_isolates	
BTO:0000338	3	NCBITaxon:1408287	Fusobacterium nucleatum W1481	3	TRUE	annotated_genomes_isolates	
BTO:0000338	4	NCBITaxon:1759399	Streptococcus sp. A12	3	TRUE	annotated_genomes_isolates	
BTO:0000338	5	NCBITaxon:1851395	Actinomyces sp. Chiba101	3	TRUE	annotated_genomes_isolates	
BTO:0000338	6	NCBITaxon:243275	Treponema denticola ATCC 35405	3	TRUE	annotated_genomes_isolates	
BTO:0000338	7	NCBITaxon:29466	Veillonella parvula	3	TRUE	annotated_genomes_isolates	
BTO:0000338	8	NCBITaxon:35703	Citrobacter amalonaticus	3	TRUE	annotated_genomes_isolates	
BTO:0000338	9	NCBITaxon:388919	Streptococcus sanguinis SK36	3	TRUE	annotated_genomes_isolates	
BTO:0000338	10	NCBITaxon:467705	Streptococcus gordonii str. Challis substr. CH1	3	TRUE	annotated_genomes_isolates	
BTO:0000339	1	NCBITaxon:1203258	Lacticaseibacillus rhamnosus LRHMDP2	3	TRUE	annotated_genomes_isolates	
BTO:0000339	2	NCBITaxon:1203259	Lacticaseibacillus rhamnosus LRHMDP3	3	TRUE	annotated_genomes_isolates	
BTO:0000341	1	NCBITaxon:340197	Escherichia coli F11	3	TRUE	annotated_genomes_isolates	
BTO:0000343	1	NCBITaxon:758847	Leptospira santarosai serovar Shermani str. LT 821	3	TRUE	annotated_genomes_isolates	
BTO:0000365	1	NCBITaxon:102618	Helicobacter pylori NCTC 11637 = CCUG 17874 = ATCC 43504 = JCM 12093	3	TRUE	annotated_genomes_isolates	
BTO:0000365	2	NCBITaxon:1037411	Lactobacillus johnsonii pf01	3	TRUE	annotated_genomes_isolates	
BTO:0000365	3	NCBITaxon:210	Helicobacter pylori	3	TRUE	annotated_genomes_isolates	
BTO:0000365	4	NCBITaxon:221109	Oceanobacillus iheyensis HTE831	3	TRUE	annotated_genomes_isolates	
BTO:0000365	5	NCBITaxon:544405	Helicobacter pylori 98-10	3	TRUE	annotated_genomes_isolates	
BTO:0000365	6	NCBITaxon:544406	Helicobacter pylori B128	3	TRUE	annotated_genomes_isolates	
BTO:0000365	7	NCBITaxon:592205	Helicobacter pylori B38	3	TRUE	annotated_genomes_isolates	
BTO:0000367	1	NCBITaxon:71999	Kocuria palustris	3	TRUE	annotated_genomes_isolates	
BTO:0000367	2	NCBITaxon:767452	Serinicoccus chungangensis	3	TRUE	annotated_genomes_isolates	
BTO:0000376	1	NCBITaxon:316407	Escherichia coli str. K-12 substr. W3110	3	TRUE	annotated_genomes_isolates	
BTO:0000377	1	NCBITaxon:1444712	Candidatus Rubidus massiliensis	3	TRUE	annotated_genomes_isolates	
BTO:0000377	2	NCBITaxon:83552	Parachlamydia acanthamoebae	3	TRUE	annotated_genomes_isolates	
BTO:0000377	3	NCBITaxon:83555	Chlamydia abortus	3	TRUE	annotated_genomes_isolates	
BTO:0000379	1	NCBITaxon:107806	Buchnera aphidicola str. APS (Acyrthosiphon pisum)	3	TRUE	annotated_genomes_isolates	
BTO:0000379	2	NCBITaxon:1379786	Wolbachia pipientis wVitA	3	TRUE	annotated_genomes_isolates	
BTO:0000379	3	NCBITaxon:1402163	Wolbachia endosymbiont wPip_Mol of Culex molestus	3	TRUE	annotated_genomes_isolates	
BTO:0000379	4	NCBITaxon:391735	Verminephrobacter eiseniae EF01-2	3	TRUE	annotated_genomes_isolates	
BTO:0000397	1	NCBITaxon:1114965	Streptococcus parasanguinis FW213	3	TRUE	annotated_genomes_isolates	
BTO:0000397	2	NCBITaxon:1123317	Streptococcus sobrinus DSM 20742 = ATCC 33478	3	TRUE	annotated_genomes_isolates	
BTO:0000397	3	NCBITaxon:1257037	Streptococcus mutans 5DC8	3	TRUE	annotated_genomes_isolates	
BTO:0000397	4	NCBITaxon:1257038	Streptococcus mutans KK21	3	TRUE	annotated_genomes_isolates	
BTO:0000397	5	NCBITaxon:1257039	Streptococcus mutans KK23	3	TRUE	annotated_genomes_isolates	
BTO:0000397	6	NCBITaxon:1257040	Streptococcus mutans AC4446	3	TRUE	annotated_genomes_isolates	
BTO:0000397	7	NCBITaxon:1257041	Streptococcus mutans ATCC 25175	3	TRUE	annotated_genomes_isolates	
BTO:0000397	8	NCBITaxon:1257042	Streptococcus mutans NCTC 11060	3	TRUE	annotated_genomes_isolates	
BTO:0000397	9	NCBITaxon:1292046	Desulfobulbus sp. oral taxon 041 str. Dsb1-5	3	TRUE	annotated_genomes_isolates	
BTO:0000397	10	NCBITaxon:1297534	Streptococcus oralis subsp. dentisani 7746	3	TRUE	annotated_genomes_isolates	
BTO:0000397	11	NCBITaxon:1297857	Streptococcus oralis subsp. dentisani 7747	3	TRUE	annotated_genomes_isolates	
BTO:0000397	12	NCBITaxon:1408286	Parvimonas micra A293	3	TRUE	annotated_genomes_isolates	
BTO:0000397	13	NCBITaxon:210007	Streptococcus mutans UA159	3	TRUE	annotated_genomes_isolates	
BTO:0000397	14	NCBITaxon:411465	Parvimonas micra ATCC 33270	3	TRUE	annotated_genomes_isolates	
BTO:0000397	15	NCBITaxon:467705	Streptococcus gordonii str. Challis substr. CH1	3	TRUE	annotated_genomes_isolates	
BTO:0000397	16	NCBITaxon:699248	Streptococcus ratti FA-1 = DSM 20564	3	TRUE	annotated_genomes_isolates	
BTO:0000398	1	NCBITaxon:1126911	Escherichia coli C639_08	3	TRUE	annotated_genomes_isolates	
BTO:0000398	2	NCBITaxon:1126932	Escherichia coli C844_97	3	TRUE	annotated_genomes_isolates	
BTO:0000398	3	NCBITaxon:1169863	Escherichia coli NCCP15657	3	TRUE	annotated_genomes_isolates	
BTO:0000398	4	NCBITaxon:1205679	Bifidobacterium longum subsp. longum CECT 7347	3	TRUE	annotated_genomes_isolates	
BTO:0000398	5	NCBITaxon:1288492	Enterococcus durans IPLA 655	3	TRUE	annotated_genomes_isolates	
BTO:0000398	6	NCBITaxon:1297617	Intestinimonas butyriciproducens	3	TRUE	annotated_genomes_isolates	
BTO:0000398	7	NCBITaxon:1436000	Edwardsiella anguillarum ET080729	3	TRUE	annotated_genomes_isolates	
BTO:0000398	8	NCBITaxon:1436301	Edwardsiella anguillarum ET070829	3	TRUE	annotated_genomes_isolates	
BTO:0000398	9	NCBITaxon:208962	Escherichia albertii	3	TRUE	annotated_genomes_isolates	
BTO:0000398	10	NCBITaxon:386585	Escherichia coli O157:H7 str. Sakai	3	TRUE	annotated_genomes_isolates	
BTO:0000398	11	NCBITaxon:397448	Escherichia coli O119:H6	3	TRUE	annotated_genomes_isolates	
BTO:0000398	12	NCBITaxon:562	Escherichia coli	3	TRUE	annotated_genomes_isolates	
BTO:0000398	13	NCBITaxon:574521	Escherichia coli O127:H6 str. E2348/69	3	TRUE	annotated_genomes_isolates	
BTO:0000398	14	NCBITaxon:636	Edwardsiella tarda	3	TRUE	annotated_genomes_isolates	
BTO:0000398	15	NCBITaxon:670484	Citrobacter freundii str. ballerup 7851/39	3	TRUE	annotated_genomes_isolates	
BTO:0000398	16	NCBITaxon:670895	Escherichia coli EPEC11	3	TRUE	annotated_genomes_isolates	
BTO:0000398	17	NCBITaxon:670899	Escherichia coli RN587/1	3	TRUE	annotated_genomes_isolates	
BTO:0000398	18	NCBITaxon:754088	Escherichia coli STEC_H.I.8	3	TRUE	annotated_genomes_isolates	
BTO:0000399	1	NCBITaxon:243365	Chromobacterium violaceum ATCC 12472	3	TRUE	annotated_genomes_isolates	
BTO:0000404	1	NCBITaxon:1261128	Pantoea agglomerans 299R	3	TRUE	annotated_genomes_isolates	
BTO:0000414	1	NCBITaxon:1118964	Mesomycoplasma hyorhinis SK76	3	TRUE	annotated_genomes_isolates	
BTO:0000414	2	NCBITaxon:1130798	Limosilactobacillus mucosae LM1	3	TRUE	annotated_genomes_isolates	
BTO:0000414	3	NCBITaxon:1254439	Bifidobacterium thermophilum RBL67	3	TRUE	annotated_genomes_isolates	
BTO:0000414	4	NCBITaxon:1292039	Cutibacterium acnes P6	3	TRUE	annotated_genomes_isolates	
BTO:0000414	5	NCBITaxon:1313	Streptococcus pneumoniae	3	TRUE	annotated_genomes_isolates	
BTO:0000414	6	NCBITaxon:1314	Streptococcus pyogenes	3	TRUE	annotated_genomes_isolates	
BTO:0000414	7	NCBITaxon:1321369	Staphylococcus aureus Bmb9393	3	TRUE	annotated_genomes_isolates	
BTO:0000414	8	NCBITaxon:137591	Weissella cibaria	3	TRUE	annotated_genomes_isolates	
BTO:0000414	9	NCBITaxon:1381124	Limosilactobacillus fermentum 3872	3	TRUE	annotated_genomes_isolates	
BTO:0000414	10	NCBITaxon:1398	Heyndrickxia coagulans	3	TRUE	annotated_genomes_isolates	
BTO:0000414	11	NCBITaxon:1423	Bacillus subtilis	3	TRUE	annotated_genomes_isolates	
BTO:0000414	12	NCBITaxon:1590	Lactiplantibacillus plantarum	3	TRUE	annotated_genomes_isolates	
BTO:0000414	13	NCBITaxon:257314	Lactobacillus johnsonii NCC 533	3	TRUE	annotated_genomes_isolates	
BTO:0000414	14	NCBITaxon:398000	Campylobacter jejuni subsp. jejuni CG8486	3	TRUE	annotated_genomes_isolates	
BTO:0000414	15	NCBITaxon:412965	Candidatus Vesicomyidisocius calyptogenae	3	TRUE	annotated_genomes_isolates	
BTO:0000414	16	NCBITaxon:562	Escherichia coli	3	TRUE	annotated_genomes_isolates	
BTO:0000414	17	NCBITaxon:813	Chlamydia trachomatis	3	TRUE	annotated_genomes_isolates	
BTO:0000414	18	NCBITaxon:941323	Escherichia coli VR50	3	TRUE	annotated_genomes_isolates	
BTO:0000414	19	NCBITaxon:945555	Acinetobacter baumannii WM99c	3	TRUE	annotated_genomes_isolates	
BTO:0000414	20	NCBITaxon:945556	Acinetobacter baumannii D1279779	3	TRUE	annotated_genomes_isolates	
BTO:0000416	1	NCBITaxon:1224749	Exiguobacterium sp. ZWU0009	3	TRUE	annotated_genomes_isolates	
BTO:0000416	2	NCBITaxon:1254439	Bifidobacterium thermophilum RBL67	3	TRUE	annotated_genomes_isolates	
BTO:0000416	3	NCBITaxon:1292046	Desulfobulbus sp. oral taxon 041 str. Dsb1-5	3	TRUE	annotated_genomes_isolates	
BTO:0000416	4	NCBITaxon:1314958	Parachlamydiaceae bacterium HS-T3	3	TRUE	annotated_genomes_isolates	
BTO:0000416	5	NCBITaxon:1351	Enterococcus faecalis	3	TRUE	annotated_genomes_isolates	
BTO:0000416	6	NCBITaxon:135569	Helicobacter apodemus	3	TRUE	annotated_genomes_isolates	
BTO:0000416	7	NCBITaxon:1408441	Helicobacter bilis ATCC 51630	3	TRUE	annotated_genomes_isolates	
BTO:0000416	8	NCBITaxon:1548018	Helicobacter saguini	3	TRUE	annotated_genomes_isolates	
BTO:0000416	9	NCBITaxon:1548147	Helicobacter sp. MIT 03-1614	3	TRUE	annotated_genomes_isolates	
BTO:0000416	10	NCBITaxon:1548148	Helicobacter sp. MIT 03-1616	3	TRUE	annotated_genomes_isolates	
BTO:0000416	11	NCBITaxon:1548149	Helicobacter sp. MIT 05-5293	3	TRUE	annotated_genomes_isolates	
BTO:0000416	12	NCBITaxon:1548150	Helicobacter sp. MIT 05-5294	3	TRUE	annotated_genomes_isolates	
BTO:0000416	13	NCBITaxon:1548151	Helicobacter sp. MIT 11-5569	3	TRUE	annotated_genomes_isolates	
BTO:0000416	14	NCBITaxon:1548153	Campylobacter sp. MIT 97-5078	3	TRUE	annotated_genomes_isolates	
BTO:0000416	15	NCBITaxon:1598	Limosilactobacillus reuteri	3	TRUE	annotated_genomes_isolates	
BTO:0000416	16	NCBITaxon:1677920	Helicobacter jaachi	3	TRUE	annotated_genomes_isolates	
BTO:0000416	17	NCBITaxon:1796613	Bacteroides caecimuris	3	TRUE	annotated_genomes_isolates	
BTO:0000416	18	NCBITaxon:1796616	Blautia pseudococcoides	3	TRUE	annotated_genomes_isolates	
BTO:0000416	19	NCBITaxon:1796646	Muribaculum intestinale	3	TRUE	annotated_genomes_isolates	
BTO:0000416	20	NCBITaxon:1834196	Lachnoclostridium sp. YL32	3	TRUE	annotated_genomes_isolates	
BTO:0000416	21	NCBITaxon:1834198	Hungateiclostridiaceae bacterium KB18	3	TRUE	annotated_genomes_isolates	
BTO:0000416	22	NCBITaxon:1834205	Burkholderiales bacterium YL45	3	TRUE	annotated_genomes_isolates	
BTO:0000416	23	NCBITaxon:1834207	Erysipelotrichaceae bacterium I46	3	TRUE	annotated_genomes_isolates	
BTO:0000416	24	NCBITaxon:216	Helicobacter muridarum	3	TRUE	annotated_genomes_isolates	
BTO:0000416	25	NCBITaxon:239935	Akkermansia muciniphila	3	TRUE	annotated_genomes_isolates	
BTO:0000421	1	NCBITaxon:1125980	Vibrio harveyi CAIM 1792	3	TRUE	annotated_genomes_isolates	
BTO:0000424	1	NCBITaxon:1212765	Candidatus Mycoplasma haematolamae str. Purdue	3	TRUE	annotated_genomes_isolates	
BTO:0000424	2	NCBITaxon:283165	Bartonella quintana str. Toulouse	3	TRUE	annotated_genomes_isolates	
BTO:0000424	3	NCBITaxon:283166	Bartonella henselae str. Houston-1	3	TRUE	annotated_genomes_isolates	
BTO:0000424	4	NCBITaxon:316407	Escherichia coli str. K-12 substr. W3110	3	TRUE	annotated_genomes_isolates	
BTO:0000424	5	NCBITaxon:320483	Anaplasma marginale str. Florida	3	TRUE	annotated_genomes_isolates	
BTO:0000424	6	NCBITaxon:394935	Chromobacterium haemolyticum	3	TRUE	annotated_genomes_isolates	
BTO:0000424	7	NCBITaxon:5866	Babesia bigemina	3	TRUE	annotated_genomes_isolates	
BTO:0000424	8	NCBITaxon:591023	Actinobacillus minor 202	3	TRUE	annotated_genomes_isolates	
BTO:0000424	9	NCBITaxon:637911	Actinobacillus minor NM305	3	TRUE	annotated_genomes_isolates	
BTO:0000424	10	NCBITaxon:68886	Theileria orientalis	3	TRUE	annotated_genomes_isolates	
BTO:0000424	11	NCBITaxon:708248	Mycoplasma suis KI3806	3	TRUE	annotated_genomes_isolates	
BTO:0000447	1	NCBITaxon:1199154	Lysobacter sp. A03	3	TRUE	annotated_genomes_isolates	
BTO:0000447	2	NCBITaxon:1230477	Bacillus subtilis S1-4	3	TRUE	annotated_genomes_isolates	
BTO:0000447	3	NCBITaxon:1297799	Meiothermus ruber H328	3	TRUE	annotated_genomes_isolates	
BTO:0000447	4	NCBITaxon:2423	Fervidobacterium islandicum	3	TRUE	annotated_genomes_isolates	
BTO:0000447	5	NCBITaxon:243274	Thermotoga maritima MSB8	3	TRUE	annotated_genomes_isolates	
BTO:0000450	1	NCBITaxon:1007096	Oscillibacter ruminantium GH1	3	TRUE	annotated_genomes_isolates	
BTO:0000450	2	NCBITaxon:115991		3	TRUE	annotated_genomes_isolates	
BTO:0000450	3	NCBITaxon:1341157	Ruminococcus flavefaciens 007c	3	TRUE	annotated_genomes_isolates	
BTO:0000450	4	NCBITaxon:1538552	Clostridium sp. NCR	3	TRUE	annotated_genomes_isolates	
BTO:0000450	5	NCBITaxon:1913114		3	TRUE	annotated_genomes_isolates	
BTO:0000450	6	NCBITaxon:1913117		3	TRUE	annotated_genomes_isolates	
BTO:0000450	7	NCBITaxon:407392		3	TRUE	annotated_genomes_isolates	
BTO:0000450	8	NCBITaxon:5306		3	TRUE	annotated_genomes_isolates	
BTO:0000450	9	NCBITaxon:641112	Ruminococcus flavefaciens FD-1	3	TRUE	annotated_genomes_isolates	
BTO:0000450	10	NCBITaxon:66711		3	TRUE	annotated_genomes_isolates	
BTO:0000450	11	NCBITaxon:699370		3	TRUE	annotated_genomes_isolates	
BTO:0000450	12	NCBITaxon:869724		3	TRUE	annotated_genomes_isolates	
BTO:0000450	13	NCBITaxon:869725		3	TRUE	annotated_genomes_isolates	
BTO:0000450	14	NCBITaxon:869726		3	TRUE	annotated_genomes_isolates	
BTO:0000450	15	NCBITaxon:948870		3	TRUE	annotated_genomes_isolates	
BTO:0000452	1	NCBITaxon:1273539	Streptococcus iniae IUSA1	3	TRUE	annotated_genomes_isolates	
BTO:0000452	2	NCBITaxon:1296536	Enterobacter hormaechei subsp. xiangfangensis	3	TRUE	annotated_genomes_isolates	
BTO:0000452	3	NCBITaxon:1409927	Acinetobacter baumannii MRSN 7339	3	TRUE	annotated_genomes_isolates	
BTO:0000452	4	NCBITaxon:1409961	Klebsiella pneumoniae MRSN 1319	3	TRUE	annotated_genomes_isolates	
BTO:0000452	5	NCBITaxon:152142	Mycolicibacterium holsaticum	3	TRUE	annotated_genomes_isolates	
BTO:0000452	6	NCBITaxon:1776	Mycolicibacterium flavescens	3	TRUE	annotated_genomes_isolates	
BTO:0000452	7	NCBITaxon:1778	Mycobacterium gordonae	3	TRUE	annotated_genomes_isolates	
BTO:0000452	8	NCBITaxon:1798	Mycolicibacillus trivialis	3	TRUE	annotated_genomes_isolates	
BTO:0000452	9	NCBITaxon:190304	Fusobacterium nucleatum subsp. nucleatum ATCC 25586	3	TRUE	annotated_genomes_isolates	
BTO:0000452	10	NCBITaxon:243061	Mycobacterium sherrisii	3	TRUE	annotated_genomes_isolates	
BTO:0000452	11	NCBITaxon:243161	Chlamydia muridarum str. Nigg	3	TRUE	annotated_genomes_isolates	
BTO:0000452	12	NCBITaxon:28445	Mycobacterium intermedium	3	TRUE	annotated_genomes_isolates	
BTO:0000452	13	NCBITaxon:29313	Mycobacterium shimoidei	3	TRUE	annotated_genomes_isolates	
BTO:0000452	14	NCBITaxon:39693	Mycolicibacterium porcinum	3	TRUE	annotated_genomes_isolates	
BTO:0000452	15	NCBITaxon:647227	Chlamydia muridarum str. Weiss	3	TRUE	annotated_genomes_isolates	
BTO:0000463	1	NCBITaxon:1054942	Candidatus Arthromitus sp. SFB-1	3	TRUE	annotated_genomes_isolates	
BTO:0000463	2	NCBITaxon:1054943	Candidatus Arthromitus sp. SFB-2	3	TRUE	annotated_genomes_isolates	
BTO:0000463	3	NCBITaxon:1145276	Lysinibacillus varians	3	TRUE	annotated_genomes_isolates	
BTO:0000463	4	NCBITaxon:1348334	Lyngbya aestuarii BL J	3	TRUE	annotated_genomes_isolates	
BTO:0000463	5	NCBITaxon:1353537	Thioclava pacifica DSM 10166	3	TRUE	annotated_genomes_isolates	
BTO:0000463	6	NCBITaxon:1387353	Paludisphaera borealis	3	TRUE	annotated_genomes_isolates	
BTO:0000463	7	NCBITaxon:1389006	Shimia sp. SK013	3	TRUE	annotated_genomes_isolates	
BTO:0000463	8	NCBITaxon:1574623	Lyngbya confervoides BDU141951	3	TRUE	annotated_genomes_isolates	
BTO:0000463	9	NCBITaxon:173	Leptospira interrogans	3	TRUE	annotated_genomes_isolates	
BTO:0000463	10	NCBITaxon:1806508	Candidatus Promineifilum breve	3	TRUE	annotated_genomes_isolates	
BTO:0000463	11	NCBITaxon:1827136	Candidatus Marithrix sp. Canyon 246	3	TRUE	annotated_genomes_isolates	
BTO:0000463	12	NCBITaxon:314345	Mariprofundus ferrooxydans PV-1	3	TRUE	annotated_genomes_isolates	
BTO:0000463	13	NCBITaxon:316274	Herpetosiphon aurantiacus DSM 785	3	TRUE	annotated_genomes_isolates	
BTO:0000463	14	NCBITaxon:316407	Escherichia coli str. K-12 substr. W3110	3	TRUE	annotated_genomes_isolates	
BTO:0000463	15	NCBITaxon:320483	Anaplasma marginale str. Florida	3	TRUE	annotated_genomes_isolates	
BTO:0000463	16	NCBITaxon:388467	Planktothrix agardhii NIVA-CYA 126/8	3	TRUE	annotated_genomes_isolates	
BTO:0000463	17	NCBITaxon:471854	Dyadobacter fermentans DSM 18053	3	TRUE	annotated_genomes_isolates	
BTO:0000463	18	NCBITaxon:479433	Catenulispora acidiphila DSM 44928	3	TRUE	annotated_genomes_isolates	
BTO:0000463	19	NCBITaxon:485918	Chitinophaga pinensis DSM 2588	3	TRUE	annotated_genomes_isolates	
BTO:0000463	20	NCBITaxon:61592	Corynebacterium durum	3	TRUE	annotated_genomes_isolates	
BTO:0000464	1	NCBITaxon:1208918	Candidatus Kinetoplastidibacterium crithidiae TCC036E	3	TRUE	annotated_genomes_isolates	
BTO:0000464	2	NCBITaxon:1208919	Candidatus Kinetoplastidibacterium desouzai TCC079E	3	TRUE	annotated_genomes_isolates	
BTO:0000464	3	NCBITaxon:1208920	Candidatus Kinetoplastidibacterium stringomonadis TCC290E	3	TRUE	annotated_genomes_isolates	
BTO:0000464	4	NCBITaxon:1208921	Candidatus Kinetoplastidibacterium galati TCC219	3	TRUE	annotated_genomes_isolates	
BTO:0000464	5	NCBITaxon:1208922	Candidatus Kinetoplastidibacterium blastocrithidiae TCC012E	3	TRUE	annotated_genomes_isolates	
BTO:0000464	6	NCBITaxon:1402208	Ligilactobacillus ruminis DPC 6832	3	TRUE	annotated_genomes_isolates	
BTO:0000464	7	NCBITaxon:1408281	Endomicrobium proavitum	3	TRUE	annotated_genomes_isolates	
BTO:0000464	8	NCBITaxon:1623	Ligilactobacillus ruminis	3	TRUE	annotated_genomes_isolates	
BTO:0000464	9	NCBITaxon:192222	Campylobacter jejuni subsp. jejuni NCTC 11168 = ATCC 700819	3	TRUE	annotated_genomes_isolates	
BTO:0000469	1	NCBITaxon:1161919	Erwinia piriflorinigrans CFBP 5888	3	TRUE	annotated_genomes_isolates	
BTO:0000469	2	NCBITaxon:1225184	Pantoea sp. A4	3	TRUE	annotated_genomes_isolates	
BTO:0000469	3	NCBITaxon:15945		1.03652	TRUE	environmental_samples	
BTO:0000469	4	NCBITaxon:35493		1.03652	TRUE	environmental_samples	
BTO:0000469	5	NCBITaxon:3950		1.03652	TRUE	environmental_samples	
BTO:0000469	6	NCBITaxon:4432		1.03652	TRUE	environmental_samples	
BTO:0000480	1	NCBITaxon:1392836	Lachnospiraceae bacterium TWA4	3	TRUE	annotated_genomes_isolates	
BTO:0000486	1	NCBITaxon:1027397	Erwinia amylovora ACW56400	3	TRUE	annotated_genomes_isolates	
BTO:0000486	2	NCBITaxon:1042399	Lactobacillus delbrueckii subsp. bulgaricus CNCM I-1632	3	TRUE	annotated_genomes_isolates	
BTO:0000486	3	NCBITaxon:1042400	Lactobacillus delbrueckii subsp. bulgaricus CNCM I-1519	3	TRUE	annotated_genomes_isolates	
BTO:0000486	4	NCBITaxon:1042402	Lactococcus lactis subsp. lactis CNCM I-1631	3	TRUE	annotated_genomes_isolates	
BTO:0000486	5	NCBITaxon:1042404	Streptococcus thermophilus CNCM I-1630	3	TRUE	annotated_genomes_isolates	
BTO:0000486	6	NCBITaxon:1211480		3	TRUE	annotated_genomes_isolates	
BTO:0000486	7	NCBITaxon:1231624	Asaia bogorensis NBRC 16594	3	TRUE	annotated_genomes_isolates	
BTO:0000486	8	NCBITaxon:1232713	Xanthomonas euvesicatoria pv. viticola LMG 965	3	TRUE	annotated_genomes_isolates	
BTO:0000486	9	NCBITaxon:1235990	Candidatus Pantoea carbekii	3	TRUE	annotated_genomes_isolates	
BTO:0000486	10	NCBITaxon:1239783	Bacillus atrophaeus UCMB-5137	3	TRUE	annotated_genomes_isolates	
BTO:0000486	11	NCBITaxon:1283291	Pseudomonas sp. URMO17WK12:I11	3	TRUE	annotated_genomes_isolates	
BTO:0000486	12	NCBITaxon:1327988	Lactiplantibacillus plantarum 16	3	TRUE	annotated_genomes_isolates	
BTO:0000486	13	NCBITaxon:1348660	Serratia plymuthica S13	3	TRUE	annotated_genomes_isolates	
BTO:0000486	14	NCBITaxon:1358	Lactococcus lactis	3	TRUE	annotated_genomes_isolates	
BTO:0000486	15	NCBITaxon:1390075	Cronobacter turicensis z508	3	TRUE	annotated_genomes_isolates	
BTO:0000486	16	NCBITaxon:1390380	Cronobacter turicensis z610	3	TRUE	annotated_genomes_isolates	
BTO:0000486	17	NCBITaxon:1405499	Franconibacter helveticus 1159	3	TRUE	annotated_genomes_isolates	
BTO:0000486	18	NCBITaxon:1406	Paenibacillus polymyxa	3	TRUE	annotated_genomes_isolates	
BTO:0000486	19	NCBITaxon:1406822	Franconibacter pulveris 1160	3	TRUE	annotated_genomes_isolates	
BTO:0000486	20	NCBITaxon:1406823	Franconibacter pulveris 601	3	TRUE	annotated_genomes_isolates	
BTO:0000486	21	NCBITaxon:1429916	Afipia sp. P52-10	3	TRUE	annotated_genomes_isolates	
BTO:0000486	22	NCBITaxon:148814	Apilactobacillus kunkeei	3	TRUE	annotated_genomes_isolates	
BTO:0000486	23	NCBITaxon:153496	Kozakia baliensis	3	TRUE	annotated_genomes_isolates	
BTO:0000486	24	NCBITaxon:1639	Listeria monocytogenes	3	TRUE	annotated_genomes_isolates	
BTO:0000486	25	NCBITaxon:190485	Xanthomonas campestris pv. campestris str. ATCC 33913	3	TRUE	annotated_genomes_isolates	
BTO:0000493	1	NCBITaxon:1124991	Morganella morganii subsp. morganii KT	3	TRUE	annotated_genomes_isolates	
BTO:0000493	2	NCBITaxon:1363	Lactococcus garvieae	3	TRUE	annotated_genomes_isolates	
BTO:0000500	1	NCBITaxon:499171	Helicobacter pylori HPKX_438_AG0C1	3	TRUE	annotated_genomes_isolates	
BTO:0000500	2	NCBITaxon:499172	Helicobacter pylori HPKX_438_CA4C1	3	TRUE	annotated_genomes_isolates	
BTO:0000501	1	NCBITaxon:210	Helicobacter pylori	3	TRUE	annotated_genomes_isolates	
BTO:0000507	1	NCBITaxon:1120918	Acetitomaculum ruminis DSM 5522	4	TRUE	annotated_genomes_isolates	
BTO:0000507	2	NCBITaxon:1120997	Anaerovibrio lipolyticus DSM 3074	4	TRUE	annotated_genomes_isolates	
BTO:0000507	3	NCBITaxon:1121131	Butyrivibrio fibrisolvens DSM 3071	4	TRUE	annotated_genomes_isolates	
BTO:0000507	4	NCBITaxon:1121132	Butyrivibrio hungatei DSM 14810	4	TRUE	annotated_genomes_isolates	
BTO:0000507	5	NCBITaxon:1121296	[Clostridium] aminophilum DSM 10710	4	TRUE	annotated_genomes_isolates	
BTO:0000507	6	NCBITaxon:1121303	Ruminiclostridium cellobioparum DSM 1351 = ATCC 15832	4	TRUE	annotated_genomes_isolates	
BTO:0000507	7	NCBITaxon:1122973	Porphyromonas levii DSM 23370	4	TRUE	annotated_genomes_isolates	
BTO:0000507	8	NCBITaxon:1122978	Segatella albensis DSM 11370 = JCM 12258	4	TRUE	annotated_genomes_isolates	
BTO:0000507	9	NCBITaxon:1123012	Pseudobutyrivibrio xylanivorans DSM 14809	4	TRUE	annotated_genomes_isolates	
BTO:0000507	10	NCBITaxon:1123243	Schwartzia succinivorans DSM 10502	4	TRUE	annotated_genomes_isolates	
BTO:0000507	11	NCBITaxon:1123250	Selenomonas bovis DSM 23594	4	TRUE	annotated_genomes_isolates	
BTO:0000507	12	NCBITaxon:1123323	Succiniclasticum ruminis DSM 9236	4	TRUE	annotated_genomes_isolates	
BTO:0000507	13	NCBITaxon:1123324	Succinivibrio dextrinosolvens DSM 3072	4	TRUE	annotated_genomes_isolates	
BTO:0000507	14	NCBITaxon:1265507	Succinimonas amylolytica DSM 2873	4	TRUE	annotated_genomes_isolates	
BTO:0000507	15	NCBITaxon:1280706	Selenomonas ruminantium subsp. ruminantium ATCC 12561	4	TRUE	annotated_genomes_isolates	
BTO:0000507	16	NCBITaxon:1282887	Lachnospira multipara ATCC 19207	4	TRUE	annotated_genomes_isolates	
BTO:0000507	17	NCBITaxon:1335	Streptococcus equinus	4	TRUE	annotated_genomes_isolates	
BTO:0000507	18	NCBITaxon:1336236	Ruminococcus flavefaciens ATCC 19208	4	TRUE	annotated_genomes_isolates	
BTO:0000507	19	NCBITaxon:1336241	Eubacterium xylanophilum ATCC 35991	4	TRUE	annotated_genomes_isolates	
BTO:0000507	20	NCBITaxon:1353	Enterococcus gallinarum	4	TRUE	annotated_genomes_isolates	
BTO:0000507	21	NCBITaxon:1360	Lactococcus lactis subsp. lactis	4	TRUE	annotated_genomes_isolates	
BTO:0000507	22	NCBITaxon:1384064	Levilactobacillus brevis AG48	4	TRUE	annotated_genomes_isolates	
BTO:0000507	23	NCBITaxon:1384065	Hominimerdicola alba AD2013	4	TRUE	annotated_genomes_isolates	
BTO:0000507	24	NCBITaxon:1384066	Ruminococcus flavefaciens AE3010	4	TRUE	annotated_genomes_isolates	
BTO:0000507	25	NCBITaxon:1384067	Pediococcus acidilactici AGR20	4	TRUE	annotated_genomes_isolates	
BTO:0000510	1	NCBITaxon:1074889	Blattabacterium sp. (Mastotermes darwiniensis) str. MADAR	3	TRUE	annotated_genomes_isolates	
BTO:0000510	2	NCBITaxon:1075399	Blattabacterium sp. (Cryptocercus punctulatus) str. Cpu	3	TRUE	annotated_genomes_isolates	
BTO:0000510	3	NCBITaxon:1147128	Bifidobacterium asteroides PRL2011	3	TRUE	annotated_genomes_isolates	
BTO:0000510	4	NCBITaxon:1346286	Indolivaga macrotermitis	3	TRUE	annotated_genomes_isolates	
BTO:0000510	5	NCBITaxon:1387197	Candidatus Schmidhempelia bombi str. Bimp	3	TRUE	annotated_genomes_isolates	
BTO:0000510	6	NCBITaxon:1392007	Ligilactobacillus equi DPC 6820	3	TRUE	annotated_genomes_isolates	
BTO:0000510	7	NCBITaxon:1410916	Salmonella enterica subsp. enterica serovar Cerro str. CFSAN001588	3	TRUE	annotated_genomes_isolates	
BTO:0000510	8	NCBITaxon:172045	Elizabethkingia miricola	3	TRUE	annotated_genomes_isolates	
BTO:0000510	9	NCBITaxon:278956	Opitutaceae bacterium TAV1	3	TRUE	annotated_genomes_isolates	
BTO:0000510	10	NCBITaxon:445932	Elusimicrobium minutum Pei191	3	TRUE	annotated_genomes_isolates	
BTO:0000510	11	NCBITaxon:537288	Megasphaera sp. DJF_B143	3	TRUE	annotated_genomes_isolates	
BTO:0000510	12	NCBITaxon:760011	Parasphaerochaeta coccoides DSM 17374	3	TRUE	annotated_genomes_isolates	
BTO:0000510	13	NCBITaxon:794903	Opitutaceae bacterium TAV5	3	TRUE	annotated_genomes_isolates	
BTO:0000511	1	NCBITaxon:171549	Bacteroidales	4	TRUE	environmental_samples	
BTO:0000511	2	NCBITaxon:186802	Eubacteriales	4	TRUE	environmental_samples	
BTO:0000511	3	NCBITaxon:1001583	Levilactobacillus brevis KB290	3	TRUE	annotated_genomes_isolates	
BTO:0000511	4	NCBITaxon:1036177	Lactiplantibacillus plantarum subsp. plantarum NC8	3	TRUE	annotated_genomes_isolates	
BTO:0000511	5	NCBITaxon:1037411	Lactobacillus johnsonii pf01	3	TRUE	annotated_genomes_isolates	
BTO:0000511	6	NCBITaxon:1080071	Streptococcus orisasini	3	TRUE	annotated_genomes_isolates	
BTO:0000511	7	NCBITaxon:1088720	Lacticaseibacillus rhamnosus ATCC 8530	3	TRUE	annotated_genomes_isolates	
BTO:0000511	8	NCBITaxon:1121107	Bifidobacterium choerinum DSM 20434	3	TRUE	annotated_genomes_isolates	
BTO:0000511	9	NCBITaxon:1121108	Bifidobacterium magnum DSM 20222	3	TRUE	annotated_genomes_isolates	
BTO:0000511	10	NCBITaxon:1121109	Bifidobacterium minimum DSM 20102	3	TRUE	annotated_genomes_isolates	
BTO:0000511	11	NCBITaxon:1121110	Bifidobacterium subtile DSM 20096	3	TRUE	annotated_genomes_isolates	
BTO:0000511	12	NCBITaxon:1121111	Bifidobacterium thermacidophilum subsp. thermacidophilum DSM 15837	3	TRUE	annotated_genomes_isolates	
BTO:0000511	13	NCBITaxon:1121112	Bifidobacterium tsurumiense DSM 17777	3	TRUE	annotated_genomes_isolates	
BTO:0000511	14	NCBITaxon:1124982	Treponema sp. JC4	3	TRUE	annotated_genomes_isolates	
BTO:0000511	15	NCBITaxon:1147128	Bifidobacterium asteroides PRL2011	3	TRUE	annotated_genomes_isolates	
BTO:0000511	16	NCBITaxon:1150423	Bifidobacterium dentium JCM 1195 = DSM 20436	3	TRUE	annotated_genomes_isolates	
BTO:0000511	17	NCBITaxon:1150460	Bifidobacterium catenulatum subsp. kashiwanohense JCM 15439 = DSM 21854	3	TRUE	annotated_genomes_isolates	
BTO:0000511	18	NCBITaxon:1150461	Bifidobacterium scardovii JCM 12489 = DSM 13734	3	TRUE	annotated_genomes_isolates	
BTO:0000511	19	NCBITaxon:1167697	Enterococcus faecium LCT-EF90	3	TRUE	annotated_genomes_isolates	
BTO:0000511	20	NCBITaxon:1172204	Paraclostridium sordellii 8483	3	TRUE	annotated_genomes_isolates	
BTO:0000511	21	NCBITaxon:1178528	Enterococcus faecium LCT-EF128	3	TRUE	annotated_genomes_isolates	
BTO:0000511	22	NCBITaxon:1192196	Bacillus subtilis subsp. subtilis str. BSP1	3	TRUE	annotated_genomes_isolates	
BTO:0000511	23	NCBITaxon:1254439	Bifidobacterium thermophilum RBL67	3	TRUE	annotated_genomes_isolates	
BTO:0000511	24	NCBITaxon:1273133	Ligilactobacillus salivarius cp400	3	TRUE	annotated_genomes_isolates	
BTO:0000511	25	NCBITaxon:1288492	Enterococcus durans IPLA 655	3	TRUE	annotated_genomes_isolates	
BTO:0000514	1	NCBITaxon:1232438	Clostridiales bacterium VE202-01	3	TRUE	annotated_genomes_isolates	
BTO:0000514	2	NCBITaxon:1232439	Clostridiales bacterium VE202-03	3	TRUE	annotated_genomes_isolates	
BTO:0000514	3	NCBITaxon:1232440	Hungatella hathewayi VE202-04	3	TRUE	annotated_genomes_isolates	
BTO:0000514	4	NCBITaxon:1232442	Clostridiales bacterium VE202-06	3	TRUE	annotated_genomes_isolates	
BTO:0000514	5	NCBITaxon:1232443	Clostridiales bacterium VE202-13	3	TRUE	annotated_genomes_isolates	
BTO:0000514	6	NCBITaxon:1232444	Clostridiales bacterium VE202-15	3	TRUE	annotated_genomes_isolates	
BTO:0000514	7	NCBITaxon:1232445	Clostridiales bacterium VE202-16	3	TRUE	annotated_genomes_isolates	
BTO:0000514	8	NCBITaxon:1232446	Clostridiales bacterium VE202-18	3	TRUE	annotated_genomes_isolates	
BTO:0000514	9	NCBITaxon:1232447	Clostridiales bacterium VE202-09	3	TRUE	annotated_genomes_isolates	
BTO:0000514	10	NCBITaxon:1232448	Clostridiales bacterium VE202-07	3	TRUE	annotated_genomes_isolates	
BTO:0000514	11	NCBITaxon:1232449	Clostridiales bacterium VE202-08	3	TRUE	annotated_genomes_isolates	
BTO:0000514	12	NCBITaxon:1232452	Clostridiales bacterium VE202-14	3	TRUE	annotated_genomes_isolates	
BTO:0000514	13	NCBITaxon:1232453	Clostridiales bacterium VE202-21	3	TRUE	annotated_genomes_isolates	
BTO:0000514	14	NCBITaxon:1232454	Clostridiales bacterium VE202-26	3	TRUE	annotated_genomes_isolates	
BTO:0000514	15	NCBITaxon:1232457	Clostridiales bacterium VE202-27	3	TRUE	annotated_genomes_isolates	
BTO:0000514	16	NCBITaxon:1232458	Clostridiales bacterium VE202-29	3	TRUE	annotated_genomes_isolates	
BTO:0000514	17	NCBITaxon:1232460	Clostridiales bacterium VE202-28	3	TRUE	annotated_genomes_isolates	
BTO:0000514	18	NCBITaxon:1697779	Clostridia bacterium UC5.1-1F7	3	TRUE	annotated_genomes_isolates	
BTO:0000514	19	NCBITaxon:1697780	Clostridia bacterium UC5.1-1D2	3	TRUE	annotated_genomes_isolates	
BTO:0000514	20	NCBITaxon:1697781	Clostridia bacterium UC5.1-2E3	3	TRUE	annotated_genomes_isolates	
BTO:0000514	21	NCBITaxon:1697782	Clostridia bacterium UC5.1-1A9	3	TRUE	annotated_genomes_isolates	
BTO:0000514	22	NCBITaxon:1697783	Clostridia bacterium UC5.1-1F8	3	TRUE	annotated_genomes_isolates	
BTO:0000514	23	NCBITaxon:1697784	Clostridia bacterium UC5.1-1D4	3	TRUE	annotated_genomes_isolates	
BTO:0000514	24	NCBITaxon:1697785	Clostridia bacterium UC5.1-2D9	3	TRUE	annotated_genomes_isolates	
BTO:0000514	25	NCBITaxon:1697786	Clostridia bacterium UC5.1-2E1	3	TRUE	annotated_genomes_isolates	
BTO:0000518	1	NCBITaxon:1034807	Flavobacterium branchiophilum FL-15	3	TRUE	annotated_genomes_isolates	
BTO:0000518	2	NCBITaxon:1303921	endosymbiont of Bathymodiolus septemdierum str. Myojin knoll	3	TRUE	annotated_genomes_isolates	
BTO:0000518	3	NCBITaxon:412965	Candidatus Vesicomyidisocius calyptogenae	3	TRUE	annotated_genomes_isolates	
BTO:0000519	1	NCBITaxon:1290995	Treponema pedis isoM1224	3	TRUE	annotated_genomes_isolates	
BTO:0000519	2	NCBITaxon:1290998	Treponema pedis str. T M1	3	TRUE	annotated_genomes_isolates	
BTO:0000519	3	NCBITaxon:1290999	Treponema pedis str. B 683	3	TRUE	annotated_genomes_isolates	
BTO:0000519	4	NCBITaxon:1291000	Treponema pedis isoM1111	3	TRUE	annotated_genomes_isolates	
BTO:0000519	5	NCBITaxon:1291001	Treponema pedis isoE1186	3	TRUE	annotated_genomes_isolates	
BTO:0000519	6	NCBITaxon:1291002	Treponema pedis isoM1220	3	TRUE	annotated_genomes_isolates	
BTO:0000519	7	NCBITaxon:1291379	Treponema pedis str. T A4	3	TRUE	annotated_genomes_isolates	
BTO:0000519	8	NCBITaxon:1292046	Desulfobulbus sp. oral taxon 041 str. Dsb1-5	3	TRUE	annotated_genomes_isolates	
BTO:0000519	9	NCBITaxon:1408286	Parvimonas micra A293	3	TRUE	annotated_genomes_isolates	
BTO:0000519	10	NCBITaxon:1679001	Pasteurellaceae bacterium NI1060	3	TRUE	annotated_genomes_isolates	
BTO:0000519	11	NCBITaxon:242619	Porphyromonas gingivalis W83	3	TRUE	annotated_genomes_isolates	
BTO:0000519	12	NCBITaxon:553184	Lancefieldella rimae ATCC 49626	3	TRUE	annotated_genomes_isolates	
BTO:0000522	1	NCBITaxon:1002340	Leisingera sp. ANG1	3	TRUE	annotated_genomes_isolates	
BTO:0000522	2	NCBITaxon:1577895	Leisingera sp. ANG-M1	3	TRUE	annotated_genomes_isolates	
BTO:0000522	3	NCBITaxon:1577896	Leisingera sp. ANG-Vp	3	TRUE	annotated_genomes_isolates	
BTO:0000522	4	NCBITaxon:1577897	Leisingera sp. ANG-DT	3	TRUE	annotated_genomes_isolates	
BTO:0000522	5	NCBITaxon:1577898	Leisingera sp. ANG-S	3	TRUE	annotated_genomes_isolates	
BTO:0000522	6	NCBITaxon:1577899	Leisingera sp. ANG-S3	3	TRUE	annotated_genomes_isolates	
BTO:0000522	7	NCBITaxon:1577900	Leisingera sp. ANG-M6	3	TRUE	annotated_genomes_isolates	
BTO:0000522	8	NCBITaxon:1577901	Leisingera sp. ANG-S5	3	TRUE	annotated_genomes_isolates	
BTO:0000522	9	NCBITaxon:1577902	Leisingera sp. ANG-M7	3	TRUE	annotated_genomes_isolates	
BTO:0000522	10	NCBITaxon:1577903	Ruegeria sp. ANG-R	3	TRUE	annotated_genomes_isolates	
BTO:0000522	11	NCBITaxon:1577904	Ruegeria sp. ANG-S4	3	TRUE	annotated_genomes_isolates	
BTO:0000522	12	NCBITaxon:1577905	Tateyamaria sp. ANG-S1	3	TRUE	annotated_genomes_isolates	
BTO:0000522	13	NCBITaxon:398579	Shewanella pealeana ATCC 700345	3	TRUE	annotated_genomes_isolates	
BTO:0000534	1	NCBITaxon:100901	Wolbachia endosymbiont of Onchocerca ochengi	3	TRUE	annotated_genomes_isolates	
BTO:0000535	1	NCBITaxon:3068		3	TRUE	annotated_genomes_isolates	
BTO:0000535	2	NCBITaxon:400682		3	TRUE	annotated_genomes_isolates	
BTO:0000535	3	NCBITaxon:439495	Pseudovibrio sp. JE062	3	TRUE	annotated_genomes_isolates	
BTO:0000536	1	NCBITaxon:1266370	Nitrospina gracilis 3/211	3	TRUE	annotated_genomes_isolates	
BTO:0000536	2	NCBITaxon:382638	Helicobacter acinonychis str. Sheeba	3	TRUE	annotated_genomes_isolates	
BTO:0000537	1	NCBITaxon:208223	Kosakonia cowanii	3	TRUE	annotated_genomes_isolates	
BTO:0000537	2	NCBITaxon:121719	Pannonibacter phragmitetus	1.52354	TRUE	environmental_samples	
BTO:0000537	3	NCBITaxon:1268	Micrococcaceae	1.52354	TRUE	environmental_samples	
BTO:0000537	4	NCBITaxon:1279	Staphylococcus	1.52354	TRUE	environmental_samples	
BTO:0000537	5	NCBITaxon:13159	Mycoplana	1.52354	TRUE	environmental_samples	
BTO:0000537	6	NCBITaxon:135621	Pseudomonadaceae	1.52354	TRUE	environmental_samples	
BTO:0000537	7	NCBITaxon:13687	Sphingomonas	1.52354	TRUE	environmental_samples	
BTO:0000537	8	NCBITaxon:1386	Bacillus <firmicutes>	1.52354	TRUE	environmental_samples	
BTO:0000537	9	NCBITaxon:1661425		1.52354	TRUE	environmental_samples	
BTO:0000537	10	NCBITaxon:1716	Corynebacterium	1.52354	TRUE	environmental_samples	
BTO:0000537	11	NCBITaxon:1827	Rhodococcus <high G+C Gram-positive bacteria>	1.52354	TRUE	environmental_samples	
BTO:0000537	12	NCBITaxon:20	Phenylobacterium	1.52354	TRUE	environmental_samples	
BTO:0000537	13	NCBITaxon:2037	Actinomycetales	1.52354	TRUE	environmental_samples	
BTO:0000537	14	NCBITaxon:225324	Enhydrobacter aerosaccus	1.52354	TRUE	environmental_samples	
BTO:0000537	15	NCBITaxon:237	Flavobacterium	1.52354	TRUE	environmental_samples	
BTO:0000537	16	NCBITaxon:249411		1.52354	TRUE	environmental_samples	
BTO:0000537	17	NCBITaxon:255475	Aurantimonadaceae	1.52354	TRUE	environmental_samples	
BTO:0000537	18	NCBITaxon:261933	Pleomorphomonas	1.52354	TRUE	environmental_samples	
BTO:0000537	19	NCBITaxon:265	Paracoccus <a-proteobacteria>	1.52354	TRUE	environmental_samples	
BTO:0000537	20	NCBITaxon:28067	Rubrivivax	1.52354	TRUE	environmental_samples	
BTO:0000537	21	NCBITaxon:28090	Acinetobacter lwoffii	1.52354	TRUE	environmental_samples	
BTO:0000537	22	NCBITaxon:28216	Betaproteobacteria	1.52354	TRUE	environmental_samples	
BTO:0000537	23	NCBITaxon:283	Comamonas	1.52354	TRUE	environmental_samples	
BTO:0000537	24	NCBITaxon:28498		1.52354	TRUE	environmental_samples	
BTO:0000537	25	NCBITaxon:286	Pseudomonas	1.52354	TRUE	environmental_samples	
BTO:0000545	1	NCBITaxon:100883	Coprobacillus	4	TRUE	environmental_samples	
BTO:0000545	2	NCBITaxon:100884	Coprobacillus cateniformis	4	TRUE	environmental_samples	
BTO:0000545	3	NCBITaxon:1010	Sphingobacterium mizutaii	4	TRUE	environmental_samples	
BTO:0000545	4	NCBITaxon:1016	Capnocytophaga	4	TRUE	environmental_samples	
BTO:0000545	5	NCBITaxon:1018	Capnocytophaga ochracea	4	TRUE	environmental_samples	
BTO:0000545	6	NCBITaxon:102106	Collinsella	4	TRUE	environmental_samples	
BTO:0000545	7	NCBITaxon:102234	Cyanobacterium	4	TRUE	environmental_samples	
BTO:0000545	8	NCBITaxon:1030	Thiothrix	4	TRUE	environmental_samples	
BTO:0000545	9	NCBITaxon:1032526	Pedosphaera	4	TRUE	environmental_samples	
BTO:0000545	10	NCBITaxon:1046	Chromatiaceae	4	TRUE	environmental_samples	
BTO:0000545	11	NCBITaxon:1060	Rhodobacter	4	TRUE	environmental_samples	
BTO:0000545	12	NCBITaxon:106589	Cupriavidus	4	TRUE	environmental_samples	
BTO:0000545	13	NCBITaxon:106649	Acinetobacter guillouiae	4	TRUE	environmental_samples	
BTO:0000545	14	NCBITaxon:108061		4	TRUE	environmental_samples	
BTO:0000545	15	NCBITaxon:1080709	Methanomassiliicoccus	4	TRUE	environmental_samples	
BTO:0000545	16	NCBITaxon:108981	Acinetobacter schindleri	4	TRUE	environmental_samples	
BTO:0000545	17	NCBITaxon:109326	Anaerovorax	4	TRUE	environmental_samples	
BTO:0000545	18	NCBITaxon:1107	Chloroflexus	4	TRUE	environmental_samples	
BTO:0000545	19	NCBITaxon:1117	Cyanobacteriota	4	TRUE	environmental_samples	
BTO:0000545	20	NCBITaxon:112002	Psychrobacter pacificensis	4	TRUE	environmental_samples	
BTO:0000545	21	NCBITaxon:1129771	Leptotrichiaceae	4	TRUE	environmental_samples	
BTO:0000545	22	NCBITaxon:113286	Pseudoramibacter	4	TRUE	environmental_samples	
BTO:0000545	23	NCBITaxon:1134404	Ignavibacteriota	4	TRUE	annotated_genomes_isolates	
BTO:0000545	24	NCBITaxon:114248	Tepidimonas	4	TRUE	environmental_samples	
BTO:0000545	25	NCBITaxon:1147159	Ornithinibacillus scapharcae	4	TRUE	environmental_samples	
BTO:0000546	1	NCBITaxon:1297579	Fusobacterium nucleatum CC53	3	TRUE	annotated_genomes_isolates	
BTO:0000546	2	NCBITaxon:1457191	Lacticaseibacillus rhamnosus E800	3	TRUE	annotated_genomes_isolates	
BTO:0000546	3	NCBITaxon:1457395	Lacticaseibacillus rhamnosus PEL5	3	TRUE	annotated_genomes_isolates	
BTO:0000546	4	NCBITaxon:1457396	Lacticaseibacillus rhamnosus PEL6	3	TRUE	annotated_genomes_isolates	
BTO:0000546	5	NCBITaxon:216599	Shigella sonnei 53G	3	TRUE	annotated_genomes_isolates	
BTO:0000546	6	NCBITaxon:420247	Methanobrevibacter smithii ATCC 35061	3	TRUE	annotated_genomes_isolates	
BTO:0000553	1	NCBITaxon:1205679	Bifidobacterium longum subsp. longum CECT 7347	3	TRUE	annotated_genomes_isolates	
BTO:0000553	2	NCBITaxon:243365	Chromobacterium violaceum ATCC 12472	3	TRUE	annotated_genomes_isolates	
BTO:0000561	1	NCBITaxon:1773	Mycobacterium tuberculosis	3	TRUE	annotated_genomes_isolates	
BTO:0000562	1	NCBITaxon:147802	Lactobacillus iners	4	TRUE	environmental_samples	
BTO:0000562	2	NCBITaxon:1578	Lactobacillus	4	TRUE	environmental_samples	
BTO:0000562	3	NCBITaxon:1601	Ligilactobacillus agilis	4	TRUE	environmental_samples	
BTO:0000562	4	NCBITaxon:168808	Sneathia	4	TRUE	environmental_samples	
BTO:0000562	5	NCBITaxon:2701	Gardnerella	4	TRUE	environmental_samples	
BTO:0000562	6	NCBITaxon:286	Pseudomonas	4	TRUE	environmental_samples	
BTO:0000562	7	NCBITaxon:82135	Fannyhessea vaginae	4	TRUE	environmental_samples	
BTO:0000562	8	NCBITaxon:838	Prevotella	4	TRUE	environmental_samples	
BTO:0000562	9	NCBITaxon:84107	Coriobacteriaceae	4	TRUE	environmental_samples	
BTO:0000562	10	NCBITaxon:1069530	Candidatus Paraburkholderia schumanniana	3	TRUE	annotated_genomes_isolates	
BTO:0000562	11	NCBITaxon:1133849	Nocardia brasiliensis ATCC 700358	3	TRUE	annotated_genomes_isolates	
BTO:0000562	12	NCBITaxon:1177117	Vreelandella stevensii S18214	3	TRUE	annotated_genomes_isolates	
BTO:0000562	13	NCBITaxon:169963	Listeria monocytogenes EGD-e	3	TRUE	annotated_genomes_isolates	
BTO:0000562	14	NCBITaxon:1712031	Streptobacillus notomytis	3	TRUE	annotated_genomes_isolates	
BTO:0000562	15	NCBITaxon:272626	Listeria innocua Clip11262	3	TRUE	annotated_genomes_isolates	
BTO:0000562	16	NCBITaxon:314724	Borrelia turicatae 91E135	3	TRUE	annotated_genomes_isolates	
BTO:0000562	17	NCBITaxon:316407	Escherichia coli str. K-12 substr. W3110	3	TRUE	annotated_genomes_isolates	
BTO:0000562	18	NCBITaxon:1301	Streptococcus	1.6845	TRUE	environmental_samples	
BTO:0000562	19	NCBITaxon:2050	Mobiluncus	1.63473	TRUE	environmental_samples	
BTO:0000567	1	NCBITaxon:216895	Vibrio vulnificus CMCP6	3	TRUE	annotated_genomes_isolates	
BTO:0000567	2	NCBITaxon:397448	Escherichia coli O119:H6	3	TRUE	annotated_genomes_isolates	
BTO:0000572	1	NCBITaxon:1007	Saprospira	4	TRUE	environmental_samples	
BTO:0000572	2	NCBITaxon:102234	Cyanobacterium	4	TRUE	environmental_samples	
BTO:0000572	3	NCBITaxon:1030	Thiothrix	4	TRUE	environmental_samples	
BTO:0000572	4	NCBITaxon:1041	Erythrobacter	4	TRUE	environmental_samples	
BTO:0000572	5	NCBITaxon:104267	Tenacibaculum	4	TRUE	environmental_samples	
BTO:0000572	6	NCBITaxon:1046	Chromatiaceae	4	TRUE	environmental_samples	
BTO:0000572	7	NCBITaxon:1060	Rhodobacter	4	TRUE	environmental_samples	
BTO:0000572	8	NCBITaxon:106589	Cupriavidus	4	TRUE	environmental_samples	
BTO:0000572	9	NCBITaxon:1090	Chlorobiota	4	TRUE	environmental_samples	
BTO:0000572	10	NCBITaxon:109166	Desulfofrigus	4	TRUE	environmental_samples	
BTO:0000572	11	NCBITaxon:109168	Desulfotalea	4	TRUE	environmental_samples	
BTO:0000572	12	NCBITaxon:1101	Prosthecochloris	4	TRUE	environmental_samples	
BTO:0000572	13	NCBITaxon:1117	Cyanobacteriota	4	TRUE	environmental_samples	
BTO:0000572	14	NCBITaxon:1123225	Spongiispira norvegica	4	TRUE	environmental_samples	
BTO:0000572	15	NCBITaxon:1129	Synechococcus	4	TRUE	environmental_samples	
BTO:0000572	16	NCBITaxon:114248	Tepidimonas	4	TRUE	environmental_samples	
BTO:0000572	17	NCBITaxon:118968	Coxiellaceae	4	TRUE	environmental_samples	
BTO:0000572	18	NCBITaxon:118969	Legionellales	4	TRUE	environmental_samples	
BTO:0000572	19	NCBITaxon:119045	Methylobacteriaceae	4	TRUE	environmental_samples	
BTO:0000572	20	NCBITaxon:1217908	Octadecabacter antarcticus	4	TRUE	environmental_samples	
BTO:0000572	21	NCBITaxon:1224	Pseudomonadota	4	TRUE	environmental_samples	
BTO:0000572	22	NCBITaxon:1236	Gammaproteobacteria	4	TRUE	environmental_samples	
BTO:0000572	23	NCBITaxon:1270	Micrococcus luteus	4	TRUE	environmental_samples	
BTO:0000572	24	NCBITaxon:1279	Staphylococcus	4	TRUE	environmental_samples	
BTO:0000572	25	NCBITaxon:1280	Staphylococcus aureus	4	TRUE	environmental_samples	
BTO:0000574	1	NCBITaxon:152142	Mycolicibacterium holsaticum	3	TRUE	annotated_genomes_isolates	
BTO:0000574	2	NCBITaxon:1776	Mycolicibacterium flavescens	3	TRUE	annotated_genomes_isolates	
BTO:0000574	3	NCBITaxon:1778	Mycobacterium gordonae	3	TRUE	annotated_genomes_isolates	
BTO:0000574	4	NCBITaxon:1798	Mycolicibacillus trivialis	3	TRUE	annotated_genomes_isolates	
BTO:0000574	5	NCBITaxon:243061	Mycobacterium sherrisii	3	TRUE	annotated_genomes_isolates	
BTO:0000574	6	NCBITaxon:28445	Mycobacterium intermedium	3	TRUE	annotated_genomes_isolates	
BTO:0000574	7	NCBITaxon:29313	Mycobacterium shimoidei	3	TRUE	annotated_genomes_isolates	
BTO:0000574	8	NCBITaxon:39693	Mycolicibacterium porcinum	3	TRUE	annotated_genomes_isolates	
BTO:0000574	9	NCBITaxon:5851	Plasmodium knowlesi strain H	3	TRUE	annotated_genomes_isolates	
BTO:0000586	1	NCBITaxon:1150864	Micromonospora lupini str. Lupac 08	3	TRUE	annotated_genomes_isolates	
BTO:0000586	2	NCBITaxon:444103	Streptomyces sp. CNQ-509	3	TRUE	annotated_genomes_isolates	
BTO:0000597	1	NCBITaxon:1427984	Candidatus Hepatoplasma crinochetorum Av	3	TRUE	annotated_genomes_isolates	
BTO:0000597	2	NCBITaxon:295596	Candidatus Hepatoplasma crinochetorum	3	TRUE	annotated_genomes_isolates	
BTO:0000599	1	NCBITaxon:316407	Escherichia coli str. K-12 substr. W3110	3	TRUE	annotated_genomes_isolates	
BTO:0000600	1	NCBITaxon:224013	Nostoc piscinale CENA21	3	TRUE	annotated_genomes_isolates	
BTO:0000600	2	NCBITaxon:63737	Nostoc punctiforme PCC 73102	3	TRUE	annotated_genomes_isolates	
BTO:0000605	1	NCBITaxon:1423768	Apilactobacillus kunkeei DSM 12361 = ATCC 700308	3	TRUE	annotated_genomes_isolates	
BTO:0000605	2	NCBITaxon:148814	Apilactobacillus kunkeei	3	TRUE	annotated_genomes_isolates	
BTO:0000605	3	NCBITaxon:1570330	Bacillus sp. BH072	3	TRUE	annotated_genomes_isolates	
BTO:0000620	1	NCBITaxon:114627	Alkaliphilus	4	TRUE	environmental_samples	
BTO:0000620	2	NCBITaxon:119852	Oscillospira	4	TRUE	environmental_samples	
BTO:0000620	3	NCBITaxon:1263	Ruminococcus	4	TRUE	environmental_samples	
BTO:0000620	4	NCBITaxon:1279	Staphylococcus	4	TRUE	environmental_samples	
BTO:0000620	5	NCBITaxon:1280	Staphylococcus aureus	4	TRUE	environmental_samples	
BTO:0000620	6	NCBITaxon:1301	Streptococcus	4	TRUE	environmental_samples	
BTO:0000620	7	NCBITaxon:135621	Pseudomonadaceae	4	TRUE	environmental_samples	
BTO:0000620	8	NCBITaxon:1357	Lactococcus	4	TRUE	environmental_samples	
BTO:0000620	9	NCBITaxon:13687	Sphingomonas	4	TRUE	environmental_samples	
BTO:0000620	10	NCBITaxon:137838	Clostridium neonatale	4	TRUE	environmental_samples	
BTO:0000620	11	NCBITaxon:1485	Clostridium	4	TRUE	environmental_samples	
BTO:0000620	12	NCBITaxon:1502	Clostridium perfringens	4	TRUE	environmental_samples	
BTO:0000620	13	NCBITaxon:1578	Lactobacillus	4	TRUE	environmental_samples	
BTO:0000620	14	NCBITaxon:1598	Limosilactobacillus reuteri	4	TRUE	environmental_samples	
BTO:0000620	15	NCBITaxon:1633	Limosilactobacillus vaginalis	4	TRUE	environmental_samples	
BTO:0000620	16	NCBITaxon:1678	Bifidobacterium	4	TRUE	environmental_samples	
BTO:0000620	17	NCBITaxon:1694	Bifidobacterium pseudolongum	4	TRUE	environmental_samples	
BTO:0000620	18	NCBITaxon:171549	Bacteroidales	4	TRUE	environmental_samples	
BTO:0000620	19	NCBITaxon:171550	Rikenellaceae	4	TRUE	environmental_samples	
BTO:0000620	20	NCBITaxon:1716	Corynebacterium	4	TRUE	environmental_samples	
BTO:0000620	21	NCBITaxon:186802	Eubacteriales	4	TRUE	environmental_samples	
BTO:0000620	22	NCBITaxon:186803	Lachnospiraceae	4	TRUE	environmental_samples	
BTO:0000620	23	NCBITaxon:186804	Peptostreptococcaceae	4	TRUE	environmental_samples	
BTO:0000620	24	NCBITaxon:189330	Dorea	4	TRUE	environmental_samples	
BTO:0000620	25	NCBITaxon:194924	Desulfovibrionaceae	4	TRUE	environmental_samples	
BTO:0000628	1	NCBITaxon:10	Cellvibrio	4	TRUE	environmental_samples	
BTO:0000628	2	NCBITaxon:1004301	Flavihumibacter	4	TRUE	environmental_samples	
BTO:0000628	3	NCBITaxon:1005038	Fimbriimonas	4	TRUE	environmental_samples	
BTO:0000628	4	NCBITaxon:1011	Sporocytophaga	4	TRUE	environmental_samples	
BTO:0000628	5	NCBITaxon:102234	Cyanobacterium	4	TRUE	environmental_samples	
BTO:0000628	6	NCBITaxon:1032526	Pedosphaera	4	TRUE	environmental_samples	
BTO:0000628	7	NCBITaxon:1033	Afipia	4	TRUE	environmental_samples	
BTO:0000628	8	NCBITaxon:103728	Actinokineospora diospyrosa	4	TRUE	environmental_samples	
BTO:0000628	9	NCBITaxon:1042312	Armatimonadia	4	TRUE	environmental_samples	
BTO:0000628	10	NCBITaxon:1042314	Armatimonadaceae	4	TRUE	environmental_samples	
BTO:0000628	11	NCBITaxon:1060	Rhodobacter	4	TRUE	environmental_samples	
BTO:0000628	12	NCBITaxon:106589	Cupriavidus	4	TRUE	environmental_samples	
BTO:0000628	13	NCBITaxon:1071	Rhodopila globiformis	4	TRUE	environmental_samples	
BTO:0000628	14	NCBITaxon:1077257	Chthonomonadia	4	TRUE	environmental_samples	
BTO:0000628	15	NCBITaxon:1077264	Chthonomonadaceae	4	TRUE	environmental_samples	
BTO:0000628	16	NCBITaxon:1090	Chlorobiota	4	TRUE	environmental_samples	
BTO:0000628	17	NCBITaxon:1107	Chloroflexus	4	TRUE	environmental_samples	
BTO:0000628	18	NCBITaxon:1117	Cyanobacteriota	4	TRUE	environmental_samples	
BTO:0000628	19	NCBITaxon:114248	Tepidimonas	4	TRUE	environmental_samples	
BTO:0000628	20	NCBITaxon:1147159	Ornithinibacillus scapharcae	4	TRUE	environmental_samples	
BTO:0000628	21	NCBITaxon:115336	Actinomadura vinacea	4	TRUE	environmental_samples	
BTO:0000628	22	NCBITaxon:1154584	Gaiellales	4	TRUE	environmental_samples	
BTO:0000628	23	NCBITaxon:1154585	Gaiellaceae	4	TRUE	environmental_samples	
BTO:0000628	24	NCBITaxon:1162	Nostocaceae	4	TRUE	environmental_samples	
BTO:0000628	25	NCBITaxon:1177	Nostoc	4	TRUE	environmental_samples	
BTO:0000642	1	NCBITaxon:272621	Lactobacillus acidophilus NCFM	3	TRUE	annotated_genomes_isolates	
BTO:0000646	1	NCBITaxon:1131757	Pseudomonas aeruginosa MPAO1/P1	3	TRUE	annotated_genomes_isolates	
BTO:0000646	2	NCBITaxon:1131758	Pseudomonas aeruginosa MPAO1/P2	3	TRUE	annotated_genomes_isolates	
BTO:0000646	3	NCBITaxon:1254439	Bifidobacterium thermophilum RBL67	3	TRUE	annotated_genomes_isolates	
BTO:0000648	1	NCBITaxon:100883	Coprobacillus	4	TRUE	environmental_samples	
BTO:0000648	2	NCBITaxon:102106	Collinsella	4	TRUE	environmental_samples	
BTO:0000648	3	NCBITaxon:102234	Cyanobacterium	4	TRUE	environmental_samples	
BTO:0000648	4	NCBITaxon:109326	Anaerovorax	4	TRUE	environmental_samples	
BTO:0000648	5	NCBITaxon:1117	Cyanobacteriota	4	TRUE	environmental_samples	
BTO:0000648	6	NCBITaxon:117563	Granulicatella	4	TRUE	environmental_samples	
BTO:0000648	7	NCBITaxon:118747	Bulleidia	4	TRUE	environmental_samples	
BTO:0000648	8	NCBITaxon:119852	Oscillospira	4	TRUE	environmental_samples	
BTO:0000648	9	NCBITaxon:119853	Oscillospira guilliermondii	4	TRUE	environmental_samples	
BTO:0000648	10	NCBITaxon:1243	Leuconostoc	4	TRUE	environmental_samples	
BTO:0000648	11	NCBITaxon:1263	Ruminococcus	4	TRUE	environmental_samples	
BTO:0000648	12	NCBITaxon:1265	Ruminococcus flavefaciens	4	TRUE	environmental_samples	
BTO:0000648	13	NCBITaxon:1266	Sarcina	4	TRUE	environmental_samples	
BTO:0000648	14	NCBITaxon:1279	Staphylococcus	4	TRUE	environmental_samples	
BTO:0000648	15	NCBITaxon:128827	Erysipelotrichaceae	4	TRUE	environmental_samples	
BTO:0000648	16	NCBITaxon:1301	Streptococcus	4	TRUE	environmental_samples	
BTO:0000648	17	NCBITaxon:1328	Streptococcus anginosus	4	TRUE	environmental_samples	
BTO:0000648	18	NCBITaxon:1350	Enterococcus	4	TRUE	environmental_samples	
BTO:0000648	19	NCBITaxon:135621	Pseudomonadaceae	4	TRUE	environmental_samples	
BTO:0000648	20	NCBITaxon:1357	Lactococcus	4	TRUE	environmental_samples	
BTO:0000648	21	NCBITaxon:135858	Catenibacterium	4	TRUE	environmental_samples	
BTO:0000648	22	NCBITaxon:1378	Gemella	4	TRUE	environmental_samples	
BTO:0000648	23	NCBITaxon:1380	Atopobium	4	TRUE	environmental_samples	
BTO:0000648	24	NCBITaxon:138074	Serratia symbiotica	4	TRUE	environmental_samples	
BTO:0000648	25	NCBITaxon:1385	Caryophanales	4	TRUE	environmental_samples	
BTO:0000649	1	NCBITaxon:1254439	Bifidobacterium thermophilum RBL67	3	TRUE	annotated_genomes_isolates	
BTO:0000651	1	NCBITaxon:1301	Streptococcus	4	TRUE	environmental_samples	
BTO:0000651	2	NCBITaxon:1578	Lactobacillus	4	TRUE	environmental_samples	
BTO:0000651	3	NCBITaxon:1598	Limosilactobacillus reuteri	4	TRUE	environmental_samples	
BTO:0000651	4	NCBITaxon:171549	Bacteroidales	4	TRUE	environmental_samples	
BTO:0000651	5	NCBITaxon:186802	Eubacteriales	4	TRUE	environmental_samples	
BTO:0000651	6	NCBITaxon:35493		4	TRUE	environmental_samples	
BTO:0000651	7	NCBITaxon:543	Enterobacteriaceae	4	TRUE	environmental_samples	
BTO:0000651	8	NCBITaxon:1161102	Pasteurella multocida subsp. multocida VTCCBAA264	3	TRUE	annotated_genomes_isolates	
BTO:0000651	9	NCBITaxon:1304	Streptococcus salivarius	3	TRUE	annotated_genomes_isolates	
BTO:0000651	10	NCBITaxon:1316254	Veillonella parvula HSIVP1	3	TRUE	annotated_genomes_isolates	
BTO:0000651	11	NCBITaxon:1316408	Streptococcus sp. HSISM1	3	TRUE	annotated_genomes_isolates	
BTO:0000651	12	NCBITaxon:1316409	Streptococcus sp. HSISB1	3	TRUE	annotated_genomes_isolates	
BTO:0000651	13	NCBITaxon:1316410	Streptococcus sp. HSISS1	3	TRUE	annotated_genomes_isolates	
BTO:0000651	14	NCBITaxon:1316411	Streptococcus sp. HSISS2	3	TRUE	annotated_genomes_isolates	
BTO:0000651	15	NCBITaxon:1316412	Streptococcus sp. HSISS3	3	TRUE	annotated_genomes_isolates	
BTO:0000651	16	NCBITaxon:1316414	Enterococcus sp. HSIEG1	3	TRUE	annotated_genomes_isolates	
BTO:0000651	17	NCBITaxon:354242	Campylobacter jejuni subsp. jejuni 81-176	3	TRUE	annotated_genomes_isolates	
BTO:0000651	18	NCBITaxon:49082	Candidatus Neoarthromitus	1.78003	TRUE	environmental_samples	
BTO:0000651	19	NCBITaxon:528	Ochrobactrum	1.76655	TRUE	environmental_samples	
BTO:0000651	20	NCBITaxon:80864	Comamonadaceae	1.75281	TRUE	environmental_samples	
BTO:0000651	21	NCBITaxon:186803	Lachnospiraceae	1.66437	TRUE	environmental_samples	
BTO:0000651	22	NCBITaxon:1661425		1.64852	TRUE	environmental_samples	
BTO:0000651	23	NCBITaxon:1827	Rhodococcus <high G+C Gram-positive bacteria>	1.64852	TRUE	environmental_samples	
BTO:0000651	24	NCBITaxon:33882	Microbacterium	1.64852	TRUE	environmental_samples	
BTO:0000651	25	NCBITaxon:40323	Stenotrophomonas	1.64852	TRUE	environmental_samples	
BTO:0000657	1	NCBITaxon:1205679	Bifidobacterium longum subsp. longum CECT 7347	3	TRUE	annotated_genomes_isolates	
BTO:0000659	1	NCBITaxon:1046596	Liquorilactobacillus mali KCTC 3596 = DSM 20444	3	TRUE	annotated_genomes_isolates	
BTO:0000659	2	NCBITaxon:1327988	Lactiplantibacillus plantarum 16	3	TRUE	annotated_genomes_isolates	
BTO:0000659	3	NCBITaxon:1364	Pseudolactococcus piscium	3	TRUE	annotated_genomes_isolates	
BTO:0000659	4	NCBITaxon:562	Escherichia coli	3	TRUE	annotated_genomes_isolates	
BTO:0000659	5	NCBITaxon:935295	Leuconostoc pseudomesenteroides KCTC 3652	3	TRUE	annotated_genomes_isolates	
BTO:0000662	1	NCBITaxon:1261125	Mannheimia haemolytica serotype 6 str. H23	3	TRUE	annotated_genomes_isolates	
BTO:0000662	2	NCBITaxon:1266729	Bordetella holmesii F627	3	TRUE	annotated_genomes_isolates	
BTO:0000662	3	NCBITaxon:1281885	Bordetella holmesii H558	3	TRUE	annotated_genomes_isolates	
BTO:0000662	4	NCBITaxon:1314	Streptococcus pyogenes	3	TRUE	annotated_genomes_isolates	
BTO:0000662	5	NCBITaxon:1315307	Streptococcus pneumoniae MNZ11b	3	TRUE	annotated_genomes_isolates	
BTO:0000662	6	NCBITaxon:1315308	Streptococcus pneumoniae MNZ14	3	TRUE	annotated_genomes_isolates	
BTO:0000662	7	NCBITaxon:1315309	Streptococcus pneumoniae MNZ37	3	TRUE	annotated_genomes_isolates	
BTO:0000662	8	NCBITaxon:1315310	Streptococcus pneumoniae MNZ41	3	TRUE	annotated_genomes_isolates	
BTO:0000662	9	NCBITaxon:1315311	Streptococcus pneumoniae MNZ85	3	TRUE	annotated_genomes_isolates	
BTO:0000662	10	NCBITaxon:272831	Neisseria meningitidis FAM18	3	TRUE	annotated_genomes_isolates	
BTO:0000662	11	NCBITaxon:386891	Moraxella bovoculi	3	TRUE	annotated_genomes_isolates	
BTO:0000662	12	NCBITaxon:480	Moraxella catarrhalis	3	TRUE	annotated_genomes_isolates	
BTO:0000662	13	NCBITaxon:546263	Neisseria elongata subsp. glycolytica ATCC 29315	3	TRUE	annotated_genomes_isolates	
BTO:0000662	14	NCBITaxon:75985	Mannheimia haemolytica	3	TRUE	annotated_genomes_isolates	
BTO:0000664	1	NCBITaxon:1055524	Burkholderia cenocepacia H111	3	TRUE	annotated_genomes_isolates	
BTO:0000664	2	NCBITaxon:985076	Burkholderia cenocepacia K56-2Valvano	3	TRUE	annotated_genomes_isolates	
BTO:0000664	3	NCBITaxon:985077	Burkholderia cenocepacia BC7	3	TRUE	annotated_genomes_isolates	
BTO:0000667	1	NCBITaxon:1155079	Staphylococcus aureus subsp. aureus DR10	3	TRUE	annotated_genomes_isolates	
BTO:0000667	2	NCBITaxon:1155084	Staphylococcus aureus subsp. aureus 71193	3	TRUE	annotated_genomes_isolates	
BTO:0000669	1	NCBITaxon:1462938	Rickettsia tamurae subsp. buchneri	3	TRUE	annotated_genomes_isolates	
BTO:0000671	1	NCBITaxon:361581	Tenacibaculum discolor	4	TRUE	annotated_genomes_isolates	
BTO:0000671	2	NCBITaxon:420404	Epilithonimonas hominis	4	TRUE	annotated_genomes_isolates	
BTO:0000671	3	NCBITaxon:1174530		3	TRUE	annotated_genomes_isolates	
BTO:0000671	4	NCBITaxon:1206108	Escherichia coli J96	3	TRUE	annotated_genomes_isolates	
BTO:0000671	5	NCBITaxon:1224742	Vibrio campbellii CAIM 519 = NBRC 15631 = ATCC 25920	3	TRUE	annotated_genomes_isolates	
BTO:0000671	6	NCBITaxon:1260132	Streptococcus parauberis KCTC 11980BP	3	TRUE	annotated_genomes_isolates	
BTO:0000671	7	NCBITaxon:1267754	Corynebacterium urealyticum DSM 7111	3	TRUE	annotated_genomes_isolates	
BTO:0000671	8	NCBITaxon:1273539	Streptococcus iniae IUSA1	3	TRUE	annotated_genomes_isolates	
BTO:0000671	9	NCBITaxon:1311	Streptococcus agalactiae	3	TRUE	annotated_genomes_isolates	
BTO:0000671	10	NCBITaxon:1452724	Flavobacterium psychrophilum FPG3	3	TRUE	annotated_genomes_isolates	
BTO:0000671	11	NCBITaxon:152142	Mycolicibacterium holsaticum	3	TRUE	annotated_genomes_isolates	
BTO:0000671	12	NCBITaxon:173	Leptospira interrogans	3	TRUE	annotated_genomes_isolates	
BTO:0000671	13	NCBITaxon:1776	Mycolicibacterium flavescens	3	TRUE	annotated_genomes_isolates	
BTO:0000671	14	NCBITaxon:1778	Mycobacterium gordonae	3	TRUE	annotated_genomes_isolates	
BTO:0000671	15	NCBITaxon:1798	Mycolicibacillus trivialis	3	TRUE	annotated_genomes_isolates	
BTO:0000671	16	NCBITaxon:1799529	Leptospira sp. ZV016	3	TRUE	annotated_genomes_isolates	
BTO:0000671	17	NCBITaxon:1871025	Ndongobacter massiliensis	3	TRUE	annotated_genomes_isolates	
BTO:0000671	18	NCBITaxon:221109	Oceanobacillus iheyensis HTE831	3	TRUE	annotated_genomes_isolates	
BTO:0000671	19	NCBITaxon:243061	Mycobacterium sherrisii	3	TRUE	annotated_genomes_isolates	
BTO:0000671	20	NCBITaxon:28183	Leptospira santarosai	3	TRUE	annotated_genomes_isolates	
BTO:0000671	21	NCBITaxon:28445	Mycobacterium intermedium	3	TRUE	annotated_genomes_isolates	
BTO:0000671	22	NCBITaxon:29313	Mycobacterium shimoidei	3	TRUE	annotated_genomes_isolates	
BTO:0000671	23	NCBITaxon:316407	Escherichia coli str. K-12 substr. W3110	3	TRUE	annotated_genomes_isolates	
BTO:0000671	24	NCBITaxon:328971	Leptospira borgpetersenii serovar Hardjo	3	TRUE	annotated_genomes_isolates	
BTO:0000671	25	NCBITaxon:340197	Escherichia coli F11	3	TRUE	annotated_genomes_isolates	
BTO:0000706	1	NCBITaxon:1005999	Leminorella grimontii ATCC 33999 = DSM 5078	4	TRUE	annotated_genomes_isolates	
BTO:0000706	2	NCBITaxon:1034346	Dielma fastidiosa	4	TRUE	annotated_genomes_isolates	
BTO:0000706	3	NCBITaxon:1077285	Bacteroides faecis MAJ27	4	TRUE	annotated_genomes_isolates	
BTO:0000706	4	NCBITaxon:1121114	Blautia producta ATCC 27340 = DSM 2950	4	TRUE	annotated_genomes_isolates	
BTO:0000706	5	NCBITaxon:1121115	Blautia wexlerae DSM 19850	4	TRUE	annotated_genomes_isolates	
BTO:0000706	6	NCBITaxon:1121308	Clostridioides difficile ATCC 9689 = DSM 1296	4	TRUE	annotated_genomes_isolates	
BTO:0000706	7	NCBITaxon:1121333	Thomasclavelia saccharogumia DSM 17460	4	TRUE	annotated_genomes_isolates	
BTO:0000706	8	NCBITaxon:1122155	Lactonifactor longoviformis DSM 17459	4	TRUE	annotated_genomes_isolates	
BTO:0000706	9	NCBITaxon:1123075	Ruminococcus gauvreauii DSM 19829	4	TRUE	annotated_genomes_isolates	
BTO:0000706	10	NCBITaxon:1123263	Solobacterium moorei DSM 22971	4	TRUE	annotated_genomes_isolates	
BTO:0000706	11	NCBITaxon:1175296	Methanomassiliicoccus luminyensis B10	4	TRUE	annotated_genomes_isolates	
BTO:0000706	12	NCBITaxon:1227482	Halorubrum lipolyticum DSM 21995	4	TRUE	annotated_genomes_isolates	
BTO:0000706	13	NCBITaxon:1236689	Candidatus Methanomethylophilus alvi Mx1201	4	TRUE	annotated_genomes_isolates	
BTO:0000706	14	NCBITaxon:1263	Ruminococcus	4	TRUE	environmental_samples	
BTO:0000706	15	NCBITaxon:1384063	Mediterraneibacter gnavus AGR2154	4	TRUE	annotated_genomes_isolates	
BTO:0000706	16	NCBITaxon:1392497	Clostridioides mangenotii LM2	4	TRUE	annotated_genomes_isolates	
BTO:0000706	17	NCBITaxon:1408360	Campylobacter jejuni subsp. doylei ATCC 49349	4	TRUE	annotated_genomes_isolates	
BTO:0000706	18	NCBITaxon:1408478	Vibrio cholerae ATCC 14035	4	TRUE	annotated_genomes_isolates	
BTO:0000706	19	NCBITaxon:1449345	Helicobacter rodentium ATCC 700285	4	TRUE	annotated_genomes_isolates	
BTO:0000706	20	NCBITaxon:168384	Marvinbryantia formatexigens	4	TRUE	annotated_genomes_isolates	
BTO:0000706	21	NCBITaxon:171549	Bacteroidales	4	TRUE	environmental_samples	
BTO:0000706	22	NCBITaxon:186802	Eubacteriales	4	TRUE	environmental_samples	
BTO:0000706	23	NCBITaxon:186803	Lachnospiraceae	4	TRUE	environmental_samples	
BTO:0000706	24	NCBITaxon:186804	Peptostreptococcaceae	4	TRUE	environmental_samples	
BTO:0000706	25	NCBITaxon:1945871	Hallerella porci	4	TRUE	annotated_genomes_isolates	
BTO:0000707	1	NCBITaxon:1173062	Acinetobacter sp. HA	3	TRUE	annotated_genomes_isolates	
BTO:0000707	2	NCBITaxon:1197727	Pseudomonas sp. Ag1	3	TRUE	annotated_genomes_isolates	
BTO:0000707	3	NCBITaxon:1202448	Enterobacter sp. Ag1	3	TRUE	annotated_genomes_isolates	
BTO:0000707	4	NCBITaxon:1232203	Bacillus thuringiensis serovar aizawai str. Leapi01	3	TRUE	annotated_genomes_isolates	
BTO:0000707	5	NCBITaxon:1292046	Desulfobulbus sp. oral taxon 041 str. Dsb1-5	3	TRUE	annotated_genomes_isolates	
BTO:0000707	6	NCBITaxon:1301280		3	TRUE	annotated_genomes_isolates	
BTO:0000707	7	NCBITaxon:1382230	Asaia platycodi SF2.1	3	TRUE	annotated_genomes_isolates	
BTO:0000707	8	NCBITaxon:1408	Bacillus pumilus	3	TRUE	annotated_genomes_isolates	
BTO:0000707	9	NCBITaxon:1408281	Endomicrobium proavitum	3	TRUE	annotated_genomes_isolates	
BTO:0000707	10	NCBITaxon:1417985	Bacillus thuringiensis LM1212	3	TRUE	annotated_genomes_isolates	
BTO:0000707	11	NCBITaxon:1423144	Phaeobacter gallaeciensis DSM 26640	3	TRUE	annotated_genomes_isolates	
BTO:0000707	12	NCBITaxon:1526762	Vibrio sp. B183	3	TRUE	annotated_genomes_isolates	
BTO:0000707	13	NCBITaxon:1532556	Serratia sp. Ag2	3	TRUE	annotated_genomes_isolates	
BTO:0000707	14	NCBITaxon:1560217	Clostridium sp. L74	3	TRUE	annotated_genomes_isolates	
BTO:0000707	15	NCBITaxon:1576596	Pseudovibrio sp. POLY-S9	3	TRUE	annotated_genomes_isolates	
BTO:0000707	16	NCBITaxon:1647102	Vibrio sp. VPAP30	3	TRUE	annotated_genomes_isolates	
BTO:0000707	17	NCBITaxon:1710353	Pseudoalteromonas sp. P1-8	3	TRUE	annotated_genomes_isolates	
BTO:0000707	18	NCBITaxon:1710354	Pseudoalteromonas sp. P1-9	3	TRUE	annotated_genomes_isolates	
BTO:0000707	19	NCBITaxon:1715254	Pseudoalteromonas sp. P1-11	3	TRUE	annotated_genomes_isolates	
BTO:0000707	20	NCBITaxon:1723755	Pseudoalteromonas sp. P1-7a	3	TRUE	annotated_genomes_isolates	
BTO:0000707	21	NCBITaxon:1723756	Pseudoalteromonas sp. P1-13-1a	3	TRUE	annotated_genomes_isolates	
BTO:0000707	22	NCBITaxon:1723757	Pseudoalteromonas sp. P1-16-1b	3	TRUE	annotated_genomes_isolates	
BTO:0000707	23	NCBITaxon:1723758	Pseudoalteromonas sp. P1-25	3	TRUE	annotated_genomes_isolates	
BTO:0000707	24	NCBITaxon:1723759	Pseudoalteromonas sp. P1-26	3	TRUE	annotated_genomes_isolates	
BTO:0000707	25	NCBITaxon:1723760	Pseudoalteromonas sp. P1-30	3	TRUE	annotated_genomes_isolates	
BTO:0000710	1	NCBITaxon:1112204	Gordonia polyisoprenivorans VH2	3	TRUE	annotated_genomes_isolates	
BTO:0000713	1	NCBITaxon:1268	Micrococcaceae	4	TRUE	environmental_samples	
BTO:0000713	2	NCBITaxon:1279	Staphylococcus	4	TRUE	environmental_samples	
BTO:0000713	3	NCBITaxon:13159	Mycoplana	4	TRUE	environmental_samples	
BTO:0000713	4	NCBITaxon:135621	Pseudomonadaceae	4	TRUE	environmental_samples	
BTO:0000713	5	NCBITaxon:13687	Sphingomonas	4	TRUE	environmental_samples	
BTO:0000713	6	NCBITaxon:1385	Caryophanales	4	TRUE	environmental_samples	
BTO:0000713	7	NCBITaxon:1386	Bacillus <firmicutes>	4	TRUE	environmental_samples	
BTO:0000713	8	NCBITaxon:1485	Clostridium	4	TRUE	environmental_samples	
BTO:0000713	9	NCBITaxon:16046		4	TRUE	environmental_samples	
BTO:0000713	10	NCBITaxon:165695	Sphingobium	4	TRUE	environmental_samples	
BTO:0000713	11	NCBITaxon:186817	Bacillaceae	4	TRUE	environmental_samples	
BTO:0000713	12	NCBITaxon:1869227	bacterium	4	TRUE	environmental_samples	
BTO:0000713	13	NCBITaxon:2	Bacteria	4	TRUE	environmental_samples	
BTO:0000713	14	NCBITaxon:2037	Actinomycetales	4	TRUE	environmental_samples	
BTO:0000713	15	NCBITaxon:204432	Terriglobia	4	TRUE	environmental_samples	
BTO:0000713	16	NCBITaxon:255475	Aurantimonadaceae	4	TRUE	environmental_samples	
BTO:0000713	17	NCBITaxon:28216	Betaproteobacteria	4	TRUE	environmental_samples	
BTO:0000713	18	NCBITaxon:286	Pseudomonas	4	TRUE	environmental_samples	
BTO:0000713	19	NCBITaxon:3041		4	TRUE	environmental_samples	
BTO:0000713	20	NCBITaxon:31989	Paracoccaceae	4	TRUE	environmental_samples	
BTO:0000713	21	NCBITaxon:31993	Methylocystaceae	4	TRUE	environmental_samples	
BTO:0000713	22	NCBITaxon:32033	Lysobacteraceae	4	TRUE	environmental_samples	
BTO:0000713	23	NCBITaxon:33882	Microbacterium	4	TRUE	environmental_samples	
BTO:0000713	24	NCBITaxon:33973	Acidobacterium	4	TRUE	environmental_samples	
BTO:0000713	25	NCBITaxon:34073	Variovorax paradoxus	4	TRUE	environmental_samples	
BTO:0000719	1	NCBITaxon:1716175	Pseudoalteromonas sp. UCD-33C	3	TRUE	annotated_genomes_isolates	
BTO:0000719	2	NCBITaxon:570156	Pseudoalteromonas lipolytica	3	TRUE	annotated_genomes_isolates	
BTO:0000731	1	NCBITaxon:243365	Chromobacterium violaceum ATCC 12472	3	TRUE	annotated_genomes_isolates	
BTO:0000737	1	NCBITaxon:450851	Phenylobacterium zucineum HLK1	3	TRUE	annotated_genomes_isolates	
BTO:0000738	1	NCBITaxon:212042	Anaplasma phagocytophilum str. HZ	3	TRUE	annotated_genomes_isolates	
BTO:0000751	1	NCBITaxon:1263	Ruminococcus	4	TRUE	environmental_samples	
BTO:0000751	2	NCBITaxon:1485	Clostridium	4	TRUE	environmental_samples	
BTO:0000751	3	NCBITaxon:1578	Lactobacillus	4	TRUE	environmental_samples	
BTO:0000751	4	NCBITaxon:171549	Bacteroidales	4	TRUE	environmental_samples	
BTO:0000751	5	NCBITaxon:186802	Eubacteriales	4	TRUE	environmental_samples	
BTO:0000751	6	NCBITaxon:191303	Turicibacter	4	TRUE	environmental_samples	
BTO:0000751	7	NCBITaxon:248039	Mucispirillum schaedleri	4	TRUE	environmental_samples	
BTO:0000751	8	NCBITaxon:31979	Clostridiaceae	4	TRUE	environmental_samples	
BTO:0000751	9	NCBITaxon:541000		4	TRUE	environmental_samples	
BTO:0000751	10	NCBITaxon:543	Enterobacteriaceae	4	TRUE	environmental_samples	
BTO:0000751	11	NCBITaxon:1205679	Bifidobacterium longum subsp. longum CECT 7347	3	TRUE	annotated_genomes_isolates	
BTO:0000751	12	NCBITaxon:1207542	Bifidobacterium bifidum LMG 13195	3	TRUE	annotated_genomes_isolates	
BTO:0000751	13	NCBITaxon:1292046	Desulfobulbus sp. oral taxon 041 str. Dsb1-5	3	TRUE	annotated_genomes_isolates	
BTO:0000751	14	NCBITaxon:1496	Clostridioides difficile	3	TRUE	annotated_genomes_isolates	
BTO:0000751	15	NCBITaxon:212042	Anaplasma phagocytophilum str. HZ	3	TRUE	annotated_genomes_isolates	
BTO:0000751	16	NCBITaxon:354242	Campylobacter jejuni subsp. jejuni 81-176	3	TRUE	annotated_genomes_isolates	
BTO:0000751	17	NCBITaxon:68886	Theileria orientalis	3	TRUE	annotated_genomes_isolates	
BTO:0000751	18	NCBITaxon:75985	Mannheimia haemolytica	3	TRUE	annotated_genomes_isolates	
BTO:0000751	19	NCBITaxon:186803	Lachnospiraceae	1.78273	TRUE	environmental_samples	
BTO:0000751	20	NCBITaxon:1598	Limosilactobacillus reuteri	1.69324	TRUE	environmental_samples	
BTO:0000751	21	NCBITaxon:33042	Coprococcus	1.69324	TRUE	environmental_samples	
BTO:0000751	22	NCBITaxon:119852	Oscillospira	1.6655	TRUE	environmental_samples	
BTO:0000751	23	NCBITaxon:35493		1.65121	TRUE	environmental_samples	
BTO:0000751	24	NCBITaxon:838	Prevotella	1.62176	TRUE	environmental_samples	
BTO:0000751	25	NCBITaxon:158851	Trabulsiella	1.57521	TRUE	environmental_samples	
BTO:0000753	1	NCBITaxon:1069378		3	TRUE	annotated_genomes_isolates	
BTO:0000753	2	NCBITaxon:1125980	Vibrio harveyi CAIM 1792	3	TRUE	annotated_genomes_isolates	
BTO:0000753	3	NCBITaxon:1191279	Helicobacter pylori FD423	3	TRUE	annotated_genomes_isolates	
BTO:0000753	4	NCBITaxon:1191280	Helicobacter pylori FD430	3	TRUE	annotated_genomes_isolates	
BTO:0000753	5	NCBITaxon:1191281	Helicobacter pylori FD506	3	TRUE	annotated_genomes_isolates	
BTO:0000753	6	NCBITaxon:1191282	Helicobacter pylori FD568	3	TRUE	annotated_genomes_isolates	
BTO:0000753	7	NCBITaxon:1191283	Helicobacter pylori FD577	3	TRUE	annotated_genomes_isolates	
BTO:0000753	8	NCBITaxon:1191284	Helicobacter pylori FD662	3	TRUE	annotated_genomes_isolates	
BTO:0000753	9	NCBITaxon:1191285	Helicobacter pylori FD703	3	TRUE	annotated_genomes_isolates	
BTO:0000753	10	NCBITaxon:1191286	Helicobacter pylori FD719	3	TRUE	annotated_genomes_isolates	
BTO:0000753	11	NCBITaxon:1191287	Helicobacter pylori GC26	3	TRUE	annotated_genomes_isolates	
BTO:0000753	12	NCBITaxon:1191464	Helicobacter pylori FD535	3	TRUE	annotated_genomes_isolates	
BTO:0000753	13	NCBITaxon:1321939	Helicobacter pylori UM037	3	TRUE	annotated_genomes_isolates	
BTO:0000753	14	NCBITaxon:1321940	Helicobacter pylori UM066	3	TRUE	annotated_genomes_isolates	
BTO:0000753	15	NCBITaxon:1352343	Helicobacter pylori UM038	3	TRUE	annotated_genomes_isolates	
BTO:0000753	16	NCBITaxon:1352344	Helicobacter pylori UM085	3	TRUE	annotated_genomes_isolates	
BTO:0000753	17	NCBITaxon:1352345	Helicobacter pylori UM111	3	TRUE	annotated_genomes_isolates	
BTO:0000753	18	NCBITaxon:1352346	Helicobacter pylori UM077	3	TRUE	annotated_genomes_isolates	
BTO:0000753	19	NCBITaxon:1355528	Helicobacter pylori UM065	3	TRUE	annotated_genomes_isolates	
BTO:0000753	20	NCBITaxon:1355529	Helicobacter pylori UM067	3	TRUE	annotated_genomes_isolates	
BTO:0000753	21	NCBITaxon:1355530	Helicobacter pylori UM084	3	TRUE	annotated_genomes_isolates	
BTO:0000753	22	NCBITaxon:1355531	Helicobacter pylori UM114	3	TRUE	annotated_genomes_isolates	
BTO:0000753	23	NCBITaxon:135569	Helicobacter apodemus	3	TRUE	annotated_genomes_isolates	
BTO:0000753	24	NCBITaxon:1365636	Helicobacter pylori UM023	3	TRUE	annotated_genomes_isolates	
BTO:0000753	25	NCBITaxon:1408441	Helicobacter bilis ATCC 51630	3	TRUE	annotated_genomes_isolates	
BTO:0000759	1	NCBITaxon:1032866	Pasteurella multocida subsp. gallicida str. Anand1_poultry	3	TRUE	annotated_genomes_isolates	
BTO:0000759	2	NCBITaxon:1182164	Salmonella enterica subsp. enterica serovar Heidelberg str. CFSAN00322	3	TRUE	annotated_genomes_isolates	
BTO:0000759	3	NCBITaxon:1182167	Salmonella enterica subsp. enterica serovar Heidelberg str. CFSAN00325	3	TRUE	annotated_genomes_isolates	
BTO:0000759	4	NCBITaxon:1182168	Salmonella enterica subsp. enterica serovar Heidelberg str. CFSAN00326	3	TRUE	annotated_genomes_isolates	
BTO:0000759	5	NCBITaxon:1182170	Salmonella enterica subsp. enterica serovar Heidelberg str. CFSAN00328	3	TRUE	annotated_genomes_isolates	
BTO:0000759	6	NCBITaxon:1193292	Klebsiella pneumoniae subsp. pneumoniae 1084	3	TRUE	annotated_genomes_isolates	
BTO:0000759	7	NCBITaxon:1194086	Yersinia enterocolitica subsp. enterocolitica WA-314	3	TRUE	annotated_genomes_isolates	
BTO:0000759	8	NCBITaxon:1195244	Gallibacterium anatis 12656/12	3	TRUE	annotated_genomes_isolates	
BTO:0000759	9	NCBITaxon:1196034	Klebsiella sp. 10982	3	TRUE	annotated_genomes_isolates	
BTO:0000759	10	NCBITaxon:1224749	Exiguobacterium sp. ZWU0009	3	TRUE	annotated_genomes_isolates	
BTO:0000759	11	NCBITaxon:1226633	Fusobacterium necrophorum subsp. funduliforme B35	3	TRUE	annotated_genomes_isolates	
BTO:0000759	12	NCBITaxon:1267897	Klebsiella pneumoniae hvKP1	3	TRUE	annotated_genomes_isolates	
BTO:0000759	13	NCBITaxon:1311757	Escherichia coli ACN001	3	TRUE	annotated_genomes_isolates	
BTO:0000759	14	NCBITaxon:1328	Streptococcus anginosus	3	TRUE	annotated_genomes_isolates	
BTO:0000759	15	NCBITaxon:1334565	Listeria monocytogenes EGD	3	TRUE	annotated_genomes_isolates	
BTO:0000759	16	NCBITaxon:1334629	Myxococcus fulvus 124B02	3	TRUE	annotated_genomes_isolates	
BTO:0000759	17	NCBITaxon:1352	Enterococcus faecium	3	TRUE	annotated_genomes_isolates	
BTO:0000759	18	NCBITaxon:1458279	Staphylococcus aureus USA300-ISMMS1	3	TRUE	annotated_genomes_isolates	
BTO:0000759	19	NCBITaxon:173	Leptospira interrogans	3	TRUE	annotated_genomes_isolates	
BTO:0000759	20	NCBITaxon:1799529	Leptospira sp. ZV016	3	TRUE	annotated_genomes_isolates	
BTO:0000759	21	NCBITaxon:220341	Salmonella enterica subsp. enterica serovar Typhi str. CT18	3	TRUE	annotated_genomes_isolates	
BTO:0000759	22	NCBITaxon:243160	Burkholderia mallei ATCC 23344	3	TRUE	annotated_genomes_isolates	
BTO:0000759	23	NCBITaxon:257758	Streptococcus pseudopneumoniae	3	TRUE	annotated_genomes_isolates	
BTO:0000759	24	NCBITaxon:28183	Leptospira santarosai	3	TRUE	annotated_genomes_isolates	
BTO:0000759	25	NCBITaxon:29491	Aeromonas salmonicida subsp. salmonicida	3	TRUE	annotated_genomes_isolates	
BTO:0000763	1	NCBITaxon:1000561	Pseudomonas aeruginosa AES-1R	3	TRUE	annotated_genomes_isolates	
BTO:0000763	2	NCBITaxon:1087483	Mycobacteroides abscessus 47J26	3	TRUE	annotated_genomes_isolates	
BTO:0000763	3	NCBITaxon:1093787	Pseudomonas aeruginosa DK2	3	TRUE	annotated_genomes_isolates	
BTO:0000763	4	NCBITaxon:1110504	Mycoplasmopsis agalactiae 14628	3	TRUE	annotated_genomes_isolates	
BTO:0000763	5	NCBITaxon:1134459	Pseudomonas aeruginosa PADK2_CF510	3	TRUE	annotated_genomes_isolates	
BTO:0000763	6	NCBITaxon:1138429	Glaesserella parasuis gx033	3	TRUE	annotated_genomes_isolates	
BTO:0000763	7	NCBITaxon:1146882	Pseudomonas aeruginosa PAHM4	3	TRUE	annotated_genomes_isolates	
BTO:0000763	8	NCBITaxon:1166017	Mycobacteroides abscessus CF	3	TRUE	annotated_genomes_isolates	
BTO:0000763	9	NCBITaxon:1191475	Pseudomonas aeruginosa PAO579	3	TRUE	annotated_genomes_isolates	
BTO:0000763	10	NCBITaxon:1206722	Nocardia araoensis NBRC 100135	3	TRUE	annotated_genomes_isolates	
BTO:0000763	11	NCBITaxon:1206730	Nocardia higoensis NBRC 100133	3	TRUE	annotated_genomes_isolates	
BTO:0000763	12	NCBITaxon:1206737	Nocardia pneumoniae NBRC 100136	3	TRUE	annotated_genomes_isolates	
BTO:0000763	13	NCBITaxon:1212491	Legionella fallonii LLAP-10	3	TRUE	annotated_genomes_isolates	
BTO:0000763	14	NCBITaxon:1224142	Actinobacillus pleuropneumoniae S8	3	TRUE	annotated_genomes_isolates	
BTO:0000763	15	NCBITaxon:1280	Staphylococcus aureus	3	TRUE	annotated_genomes_isolates	
BTO:0000763	16	NCBITaxon:1290393	Pasteurella multocida 671/90	3	TRUE	annotated_genomes_isolates	
BTO:0000763	17	NCBITaxon:1311759	Mannheimia haemolytica D171	3	TRUE	annotated_genomes_isolates	
BTO:0000763	18	NCBITaxon:1329902	Mannheimia haemolytica MhBrain2012	3	TRUE	annotated_genomes_isolates	
BTO:0000763	19	NCBITaxon:1329905	Mannheimia haemolytica D35	3	TRUE	annotated_genomes_isolates	
BTO:0000763	20	NCBITaxon:1331042	Pasteurella multocida subsp. multocida P1062	3	TRUE	annotated_genomes_isolates	
BTO:0000763	21	NCBITaxon:1333540	Pseudomonas aeruginosa str. C 763	3	TRUE	annotated_genomes_isolates	
BTO:0000763	22	NCBITaxon:1333541	Pseudomonas aeruginosa str. C 1334	3	TRUE	annotated_genomes_isolates	
BTO:0000763	23	NCBITaxon:1333542	Pseudomonas aeruginosa str. C 1426	3	TRUE	annotated_genomes_isolates	
BTO:0000763	24	NCBITaxon:1333543	Pseudomonas aeruginosa str. C 1433	3	TRUE	annotated_genomes_isolates	
BTO:0000763	25	NCBITaxon:1333544	Pseudomonas aeruginosa str. J 1385	3	TRUE	annotated_genomes_isolates	
BTO:0000769	1	NCBITaxon:1851395	Actinomyces sp. Chiba101	3	TRUE	annotated_genomes_isolates	
BTO:0000775	1	NCBITaxon:1029718	Candidatus Arthromitus sp. SFB-mouse-Japan	3	TRUE	annotated_genomes_isolates	
BTO:0000775	2	NCBITaxon:1133849	Nocardia brasiliensis ATCC 700358	3	TRUE	annotated_genomes_isolates	
BTO:0000775	3	NCBITaxon:243365	Chromobacterium violaceum ATCC 12472	3	TRUE	annotated_genomes_isolates	
BTO:0000775	4	NCBITaxon:333668	Theileria parva strain Muguga	3	TRUE	annotated_genomes_isolates	
BTO:0000775	5	NCBITaxon:354242	Campylobacter jejuni subsp. jejuni 81-176	3	TRUE	annotated_genomes_isolates	
BTO:0000775	6	NCBITaxon:393133	Listeria monocytogenes 10403S	3	TRUE	annotated_genomes_isolates	
BTO:0000775	7	NCBITaxon:68886	Theileria orientalis	3	TRUE	annotated_genomes_isolates	
BTO:0000776	1	NCBITaxon:1133849	Nocardia brasiliensis ATCC 700358	3	TRUE	annotated_genomes_isolates	
BTO:0000776	2	NCBITaxon:1359	Lactococcus cremoris	3	TRUE	annotated_genomes_isolates	
BTO:0000776	3	NCBITaxon:592205	Helicobacter pylori B38	3	TRUE	annotated_genomes_isolates	
BTO:0000781	1	NCBITaxon:1263	Ruminococcus	4	TRUE	environmental_samples	
BTO:0000781	2	NCBITaxon:1485	Clostridium	4	TRUE	environmental_samples	
BTO:0000781	3	NCBITaxon:1578	Lactobacillus	4	TRUE	environmental_samples	
BTO:0000781	4	NCBITaxon:171549	Bacteroidales	4	TRUE	environmental_samples	
BTO:0000781	5	NCBITaxon:186802	Eubacteriales	4	TRUE	environmental_samples	
BTO:0000781	6	NCBITaxon:191303	Turicibacter	4	TRUE	environmental_samples	
BTO:0000781	7	NCBITaxon:248039	Mucispirillum schaedleri	4	TRUE	environmental_samples	
BTO:0000781	8	NCBITaxon:31979	Clostridiaceae	4	TRUE	environmental_samples	
BTO:0000781	9	NCBITaxon:541000		4	TRUE	environmental_samples	
BTO:0000781	10	NCBITaxon:543	Enterobacteriaceae	4	TRUE	environmental_samples	
BTO:0000781	11	NCBITaxon:1205679	Bifidobacterium longum subsp. longum CECT 7347	3	TRUE	annotated_genomes_isolates	
BTO:0000781	12	NCBITaxon:1224749	Exiguobacterium sp. ZWU0009	3	TRUE	annotated_genomes_isolates	
BTO:0000781	13	NCBITaxon:340186	Escherichia coli E110019	3	TRUE	annotated_genomes_isolates	
BTO:0000781	14	NCBITaxon:555970	Bifidobacterium animalis subsp. lactis DSM 10140	3	TRUE	annotated_genomes_isolates	
BTO:0000781	15	NCBITaxon:580050	Bifidobacterium animalis subsp. lactis Bl-04	3	TRUE	annotated_genomes_isolates	
BTO:0000781	16	NCBITaxon:186803	Lachnospiraceae	1.78273	TRUE	environmental_samples	
BTO:0000781	17	NCBITaxon:1598	Limosilactobacillus reuteri	1.69324	TRUE	environmental_samples	
BTO:0000781	18	NCBITaxon:33042	Coprococcus	1.69324	TRUE	environmental_samples	
BTO:0000781	19	NCBITaxon:119852	Oscillospira	1.6655	TRUE	environmental_samples	
BTO:0000781	20	NCBITaxon:35493		1.65121	TRUE	environmental_samples	
BTO:0000781	21	NCBITaxon:838	Prevotella	1.62176	TRUE	environmental_samples	
BTO:0000781	22	NCBITaxon:158851	Trabulsiella	1.57521	TRUE	environmental_samples	
BTO:0000781	23	NCBITaxon:33038	Mediterraneibacter gnavus	1.57521	TRUE	environmental_samples	
BTO:0000781	24	NCBITaxon:171550	Rikenellaceae	1.50806	TRUE	environmental_samples	
BTO:0000781	25	NCBITaxon:186804	Peptostreptococcaceae	1.49025	TRUE	environmental_samples	
BTO:0000782	1	NCBITaxon:11620		3	TRUE	annotated_genomes_isolates	
BTO:0000782	2	NCBITaxon:1195237	Mycobacterium tuberculosis variant bovis BCG str. Frappier	3	TRUE	annotated_genomes_isolates	
BTO:0000782	3	NCBITaxon:1195465	Mycobacterium tuberculosis variant bovis BCG str. Glaxo	3	TRUE	annotated_genomes_isolates	
BTO:0000782	4	NCBITaxon:1195466	Mycobacterium tuberculosis variant bovis BCG str. Moreau	3	TRUE	annotated_genomes_isolates	
BTO:0000782	5	NCBITaxon:1195467	Mycobacterium tuberculosis variant bovis BCG str. Phipps	3	TRUE	annotated_genomes_isolates	
BTO:0000782	6	NCBITaxon:1195468	Mycobacterium tuberculosis variant bovis BCG str. Prague	3	TRUE	annotated_genomes_isolates	
BTO:0000782	7	NCBITaxon:1195469	Mycobacterium tuberculosis variant bovis BCG str. Sweden	3	TRUE	annotated_genomes_isolates	
BTO:0000782	8	NCBITaxon:1205679	Bifidobacterium longum subsp. longum CECT 7347	3	TRUE	annotated_genomes_isolates	
BTO:0000782	9	NCBITaxon:1232438	Clostridiales bacterium VE202-01	3	TRUE	annotated_genomes_isolates	
BTO:0000782	10	NCBITaxon:1232439	Clostridiales bacterium VE202-03	3	TRUE	annotated_genomes_isolates	
BTO:0000782	11	NCBITaxon:1232440	Hungatella hathewayi VE202-04	3	TRUE	annotated_genomes_isolates	
BTO:0000782	12	NCBITaxon:1232442	Clostridiales bacterium VE202-06	3	TRUE	annotated_genomes_isolates	
BTO:0000782	13	NCBITaxon:1232443	Clostridiales bacterium VE202-13	3	TRUE	annotated_genomes_isolates	
BTO:0000782	14	NCBITaxon:1232444	Clostridiales bacterium VE202-15	3	TRUE	annotated_genomes_isolates	
BTO:0000782	15	NCBITaxon:1232445	Clostridiales bacterium VE202-16	3	TRUE	annotated_genomes_isolates	
BTO:0000782	16	NCBITaxon:1232446	Clostridiales bacterium VE202-18	3	TRUE	annotated_genomes_isolates	
BTO:0000782	17	NCBITaxon:1232447	Clostridiales bacterium VE202-09	3	TRUE	annotated_genomes_isolates	
BTO:0000782	18	NCBITaxon:1232448	Clostridiales bacterium VE202-07	3	TRUE	annotated_genomes_isolates	
BTO:0000782	19	NCBITaxon:1232449	Clostridiales bacterium VE202-08	3	TRUE	annotated_genomes_isolates	
BTO:0000782	20	NCBITaxon:1232452	Clostridiales bacterium VE202-14	3	TRUE	annotated_genomes_isolates	
BTO:0000782	21	NCBITaxon:1232453	Clostridiales bacterium VE202-21	3	TRUE	annotated_genomes_isolates	
BTO:0000782	22	NCBITaxon:1232454	Clostridiales bacterium VE202-26	3	TRUE	annotated_genomes_isolates	
BTO:0000782	23	NCBITaxon:1232457	Clostridiales bacterium VE202-27	3	TRUE	annotated_genomes_isolates	
BTO:0000782	24	NCBITaxon:1232458	Clostridiales bacterium VE202-29	3	TRUE	annotated_genomes_isolates	
BTO:0000782	25	NCBITaxon:1232460	Clostridiales bacterium VE202-28	3	TRUE	annotated_genomes_isolates	
BTO:0000784	1	NCBITaxon:1159617	Yersinia pestis INS	3	TRUE	annotated_genomes_isolates	
BTO:0000784	2	NCBITaxon:1162283	Mycobacteroides abscessus subsp. bolletii M18	3	TRUE	annotated_genomes_isolates	
BTO:0000784	3	NCBITaxon:1297579	Fusobacterium nucleatum CC53	3	TRUE	annotated_genomes_isolates	
BTO:0000784	4	NCBITaxon:1765	Mycobacterium tuberculosis variant bovis	3	TRUE	annotated_genomes_isolates	
BTO:0000784	5	NCBITaxon:391165	Granulibacter bethesdensis CGDNIH1	3	TRUE	annotated_genomes_isolates	
BTO:0000784	6	NCBITaxon:439334	Mycobacterium avium subsp. hominissuis	3	TRUE	annotated_genomes_isolates	
BTO:0000784	7	NCBITaxon:471472	Chlamydia trachomatis L2/434/Bu	3	TRUE	annotated_genomes_isolates	
BTO:0000784	8	NCBITaxon:471473	Chlamydia trachomatis L2b/UCH-1/proctitis	3	TRUE	annotated_genomes_isolates	
BTO:0000784	9	NCBITaxon:487514	Mycobacterium kyorinense	3	TRUE	annotated_genomes_isolates	
BTO:0000784	10	NCBITaxon:767465	Mycoplasmopsis bovis HB0801	3	TRUE	annotated_genomes_isolates	
BTO:0000784	11	NCBITaxon:981386	Brucella vulpis	3	TRUE	annotated_genomes_isolates	
BTO:0000801	1	NCBITaxon:1055524	Burkholderia cenocepacia H111	3	TRUE	annotated_genomes_isolates	
BTO:0000801	2	NCBITaxon:1081094	Legionella pneumophila subsp. pneumophila str. Hextuple_2q	3	TRUE	annotated_genomes_isolates	
BTO:0000801	3	NCBITaxon:1081095	Legionella pneumophila subsp. pneumophila str. Hextuple_3a	3	TRUE	annotated_genomes_isolates	
BTO:0000801	4	NCBITaxon:1133849	Nocardia brasiliensis ATCC 700358	3	TRUE	annotated_genomes_isolates	
BTO:0000801	5	NCBITaxon:1212491	Legionella fallonii LLAP-10	3	TRUE	annotated_genomes_isolates	
BTO:0000801	6	NCBITaxon:1214063	Mycobacterium intracellulare M.i.198	3	TRUE	annotated_genomes_isolates	
BTO:0000801	7	NCBITaxon:1227812	Piscirickettsia salmonis LF-89 = ATCC VR-1361	3	TRUE	annotated_genomes_isolates	
BTO:0000801	8	NCBITaxon:1273539	Streptococcus iniae IUSA1	3	TRUE	annotated_genomes_isolates	
BTO:0000801	9	NCBITaxon:1385420	Allofrancisella heilbronnii	3	TRUE	annotated_genomes_isolates	
BTO:0000801	10	NCBITaxon:1392869	Escherichia coli K1	3	TRUE	annotated_genomes_isolates	
BTO:0000801	11	NCBITaxon:1660	Schaalia odontolytica	3	TRUE	annotated_genomes_isolates	
BTO:0000801	12	NCBITaxon:272624	Legionella pneumophila subsp. pneumophila str. Philadelphia 1	3	TRUE	annotated_genomes_isolates	
BTO:0000801	13	NCBITaxon:297245	Legionella pneumophila str. Lens	3	TRUE	annotated_genomes_isolates	
BTO:0000801	14	NCBITaxon:297246	Legionella pneumophila str. Paris	3	TRUE	annotated_genomes_isolates	
BTO:0000801	15	NCBITaxon:435258	Leishmania infantum JPCM5	3	TRUE	annotated_genomes_isolates	
BTO:0000801	16	NCBITaxon:446	Legionella pneumophila	3	TRUE	annotated_genomes_isolates	
BTO:0000801	17	NCBITaxon:451	Legionella micdadei	3	TRUE	annotated_genomes_isolates	
BTO:0000801	18	NCBITaxon:553480	Photorhabdus asymbiotica subsp. asymbiotica ATCC 43949	3	TRUE	annotated_genomes_isolates	
BTO:0000801	19	NCBITaxon:66976	Legionella pneumophila serogroup 1	3	TRUE	annotated_genomes_isolates	
BTO:0000801	20	NCBITaxon:68886	Theileria orientalis	3	TRUE	annotated_genomes_isolates	
BTO:0000801	21	NCBITaxon:717522	Mycobacterium tuberculosis variant bovis BCG str. Mexico	3	TRUE	annotated_genomes_isolates	
BTO:0000801	22	NCBITaxon:869728	Burkholderia thailandensis E555	3	TRUE	annotated_genomes_isolates	
BTO:0000804	1	NCBITaxon:1308539	Klebsiella pneumoniae subsp. pneumoniae ATCC 43816	3	TRUE	annotated_genomes_isolates	
BTO:0000817	1	NCBITaxon:1147128	Bifidobacterium asteroides PRL2011	3	TRUE	annotated_genomes_isolates	
BTO:0000817	2	NCBITaxon:1167694	Escherichia coli O32:H37 str. P4	3	TRUE	annotated_genomes_isolates	
BTO:0000817	3	NCBITaxon:1173689	Escherichia coli VL2874	3	TRUE	annotated_genomes_isolates	
BTO:0000817	4	NCBITaxon:1173690	Escherichia coli VL2732	3	TRUE	annotated_genomes_isolates	
BTO:0000817	5	NCBITaxon:1176728	Escherichia coli K71	3	TRUE	annotated_genomes_isolates	
BTO:0000817	6	NCBITaxon:1292039	Cutibacterium acnes P6	3	TRUE	annotated_genomes_isolates	
BTO:0000817	7	NCBITaxon:1357294	Staphylococcus equorum UMC-CNS-924	3	TRUE	annotated_genomes_isolates	
BTO:0000817	8	NCBITaxon:1358	Lactococcus lactis	3	TRUE	annotated_genomes_isolates	
BTO:0000817	9	NCBITaxon:1448137	Staphylococcus aureus MRSA_CVM43477	3	TRUE	annotated_genomes_isolates	
BTO:0000817	10	NCBITaxon:1507806	Campylobacter fetus subsp. testudinum	3	TRUE	annotated_genomes_isolates	
BTO:0000817	11	NCBITaxon:1580	Levilactobacillus brevis	3	TRUE	annotated_genomes_isolates	
BTO:0000817	12	NCBITaxon:1590	Lactiplantibacillus plantarum	3	TRUE	annotated_genomes_isolates	
BTO:0000817	13	NCBITaxon:32019	Campylobacter fetus subsp. fetus	3	TRUE	annotated_genomes_isolates	
BTO:0000817	14	NCBITaxon:520461	Brucella pinnipedialis B2/94	3	TRUE	annotated_genomes_isolates	
BTO:0000817	15	NCBITaxon:981386	Brucella vulpis	3	TRUE	annotated_genomes_isolates	
BTO:0000818	1	NCBITaxon:1007065	Escherichia coli M15	3	TRUE	annotated_genomes_isolates	
BTO:0000818	2	NCBITaxon:1123016	Stutzerimonas balearica DSM 6083	3	TRUE	annotated_genomes_isolates	
BTO:0000818	3	NCBITaxon:1200302	Photobacterium damselae subsp. piscicida DI21	3	TRUE	annotated_genomes_isolates	
BTO:0000818	4	NCBITaxon:1367847	Paracoccus aminophilus JCM 7686	3	TRUE	annotated_genomes_isolates	
BTO:0000818	5	NCBITaxon:1392848	Escherichia coli M2	3	TRUE	annotated_genomes_isolates	
BTO:0000818	6	NCBITaxon:1392852	Escherichia coli M6	3	TRUE	annotated_genomes_isolates	
BTO:0000818	7	NCBITaxon:1392853	Escherichia coli M7	3	TRUE	annotated_genomes_isolates	
BTO:0000818	8	NCBITaxon:1392855	Escherichia coli M9	3	TRUE	annotated_genomes_isolates	
BTO:0000818	9	NCBITaxon:1392857	Escherichia coli M11	3	TRUE	annotated_genomes_isolates	
BTO:0000818	10	NCBITaxon:1392858	Escherichia coli M12	3	TRUE	annotated_genomes_isolates	
BTO:0000818	11	NCBITaxon:1392859	Escherichia coli M13	3	TRUE	annotated_genomes_isolates	
BTO:0000818	12	NCBITaxon:1392860	Escherichia coli M14	3	TRUE	annotated_genomes_isolates	
BTO:0000818	13	NCBITaxon:1392861	Escherichia coli M16	3	TRUE	annotated_genomes_isolates	
BTO:0000818	14	NCBITaxon:1392862	Escherichia coli M17	3	TRUE	annotated_genomes_isolates	
BTO:0000818	15	NCBITaxon:1392863	Escherichia coli M18	3	TRUE	annotated_genomes_isolates	
BTO:0000818	16	NCBITaxon:1392866	Escherichia coli M21	3	TRUE	annotated_genomes_isolates	
BTO:0000818	17	NCBITaxon:1392867	Escherichia coli M22	3	TRUE	annotated_genomes_isolates	
BTO:0000818	18	NCBITaxon:1392868	Escherichia coli M23	3	TRUE	annotated_genomes_isolates	
BTO:0000818	19	NCBITaxon:1392869	Escherichia coli K1	3	TRUE	annotated_genomes_isolates	
BTO:0000818	20	NCBITaxon:1392871	Escherichia coli WC1	3	TRUE	annotated_genomes_isolates	
BTO:0000818	21	NCBITaxon:1457392	Pseudomonas aeruginosa PA96	3	TRUE	annotated_genomes_isolates	
BTO:0000818	22	NCBITaxon:1471438	Prochlorococcus sp. scB241_526B19	3	TRUE	annotated_genomes_isolates	
BTO:0000818	23	NCBITaxon:1471439	Prochlorococcus sp. scB241_526B22	3	TRUE	annotated_genomes_isolates	
BTO:0000818	24	NCBITaxon:1471498	Prochlorococcus sp. scB243_498N8	3	TRUE	annotated_genomes_isolates	
BTO:0000818	25	NCBITaxon:1471499	Prochlorococcus sp. scB243_498P15	3	TRUE	annotated_genomes_isolates	
BTO:0000828	1	NCBITaxon:1112856	Mycoplasmoides pneumoniae 309	3	TRUE	annotated_genomes_isolates	
BTO:0000828	2	NCBITaxon:1117644	Mycoplasmopsis canis PG 14	3	TRUE	annotated_genomes_isolates	
BTO:0000828	3	NCBITaxon:1131452	Mycoplasmopsis canis UF31	3	TRUE	annotated_genomes_isolates	
BTO:0000828	4	NCBITaxon:1131453	Mycoplasmopsis canis UF33	3	TRUE	annotated_genomes_isolates	
BTO:0000828	5	NCBITaxon:1131454	Mycoplasmopsis canis UFG1	3	TRUE	annotated_genomes_isolates	
BTO:0000828	6	NCBITaxon:1131455	Mycoplasmopsis canis UFG4	3	TRUE	annotated_genomes_isolates	
BTO:0000828	7	NCBITaxon:1303	Streptococcus oralis	3	TRUE	annotated_genomes_isolates	
BTO:0000828	8	NCBITaxon:1305	Streptococcus sanguinis	3	TRUE	annotated_genomes_isolates	
BTO:0000828	9	NCBITaxon:1314	Streptococcus pyogenes	3	TRUE	annotated_genomes_isolates	
BTO:0000828	10	NCBITaxon:1348662	Corynebacterium argentoratense DSM 44202	3	TRUE	annotated_genomes_isolates	
BTO:0000828	11	NCBITaxon:1390076	Streptococcus pyogenes SP1-LAU	3	TRUE	annotated_genomes_isolates	
BTO:0000828	12	NCBITaxon:1390077	Streptococcus pyogenes SP2-LAU	3	TRUE	annotated_genomes_isolates	
BTO:0000828	13	NCBITaxon:1390078	Streptococcus pyogenes SP3-LAU	3	TRUE	annotated_genomes_isolates	
BTO:0000828	14	NCBITaxon:1390079	Streptococcus pyogenes SP4-LAU	3	TRUE	annotated_genomes_isolates	
BTO:0000828	15	NCBITaxon:1390080	Streptococcus pyogenes SP5-LAU	3	TRUE	annotated_genomes_isolates	
BTO:0000828	16	NCBITaxon:1390081	Streptococcus pyogenes SP6-LAU	3	TRUE	annotated_genomes_isolates	
BTO:0000828	17	NCBITaxon:1390082	Streptococcus pyogenes SP7-LAU	3	TRUE	annotated_genomes_isolates	
BTO:0000828	18	NCBITaxon:1390083	Streptococcus pyogenes SP8-LAU	3	TRUE	annotated_genomes_isolates	
BTO:0000828	19	NCBITaxon:1390084	Streptococcus pyogenes SP10-LAU	3	TRUE	annotated_genomes_isolates	
BTO:0000828	20	NCBITaxon:156978	Corynebacterium imitans	3	TRUE	annotated_genomes_isolates	
BTO:0000828	21	NCBITaxon:370551	Streptococcus pyogenes MGAS9429	3	TRUE	annotated_genomes_isolates	
BTO:0000828	22	NCBITaxon:370552	Streptococcus pyogenes MGAS10270	3	TRUE	annotated_genomes_isolates	
BTO:0000828	23	NCBITaxon:370553	Streptococcus pyogenes MGAS2096	3	TRUE	annotated_genomes_isolates	
BTO:0000828	24	NCBITaxon:370554	Streptococcus pyogenes MGAS10750	3	TRUE	annotated_genomes_isolates	
BTO:0000828	25	NCBITaxon:471876	Streptococcus pyogenes NZ131	3	TRUE	annotated_genomes_isolates	
BTO:0000845	1	NCBITaxon:240176	Coprinopsis cinerea okayama7#130	3	TRUE	annotated_genomes_isolates	
BTO:0000846	1	NCBITaxon:450851	Phenylobacterium zucineum HLK1	3	TRUE	annotated_genomes_isolates	
BTO:0000849	1	NCBITaxon:936139	Mesomycoplasma hyorhinis MCLD	3	TRUE	annotated_genomes_isolates	
BTO:0000852	1	NCBITaxon:1034096		3	TRUE	annotated_genomes_isolates	
BTO:0000856	1	NCBITaxon:1358	Lactococcus lactis	3	TRUE	annotated_genomes_isolates	
BTO:0000858	1	NCBITaxon:1069530	Candidatus Paraburkholderia schumanniana	3	TRUE	annotated_genomes_isolates	
BTO:0000858	2	NCBITaxon:1090375	Candidatus Burkholderia pumila	3	TRUE	annotated_genomes_isolates	
BTO:0000858	3	NCBITaxon:1090379	Candidatus Burkholderia brachyanthoides	3	TRUE	annotated_genomes_isolates	
BTO:0000858	4	NCBITaxon:1090471	Candidatus Burkholderia humilis	3	TRUE	annotated_genomes_isolates	
BTO:0000858	5	NCBITaxon:242161	Candidatus Paraburkholderia calva	3	TRUE	annotated_genomes_isolates	
BTO:0000858	6	NCBITaxon:242163	Candidatus Burkholderia verschuerenii	3	TRUE	annotated_genomes_isolates	
BTO:0000858	7	NCBITaxon:383407	Xanthomonas oryzae pv. oryzicola BLS256	3	TRUE	annotated_genomes_isolates	
BTO:0000858	8	NCBITaxon:990315	Xanthomonas campestris pv. raphani 756C	3	TRUE	annotated_genomes_isolates	
BTO:0000863	1	NCBITaxon:1173062	Acinetobacter sp. HA	3	TRUE	annotated_genomes_isolates	
BTO:0000863	2	NCBITaxon:1197727	Pseudomonas sp. Ag1	3	TRUE	annotated_genomes_isolates	
BTO:0000863	3	NCBITaxon:1202448	Enterobacter sp. Ag1	3	TRUE	annotated_genomes_isolates	
BTO:0000863	4	NCBITaxon:1235990	Candidatus Pantoea carbekii	3	TRUE	annotated_genomes_isolates	
BTO:0000863	5	NCBITaxon:1246994	Elizabethkingia anophelis R26	3	TRUE	annotated_genomes_isolates	
BTO:0000863	6	NCBITaxon:1410383	Candidatus Tachikawaea gelatinosa	3	TRUE	annotated_genomes_isolates	
BTO:0000863	7	NCBITaxon:1524467	Serratia sp. Ag1	3	TRUE	annotated_genomes_isolates	
BTO:0000863	8	NCBITaxon:208223	Kosakonia cowanii	3	TRUE	annotated_genomes_isolates	
BTO:0000863	9	NCBITaxon:234826	Anaplasma marginale str. St. Maries	3	TRUE	annotated_genomes_isolates	
BTO:0000863	10	NCBITaxon:6945		3	TRUE	annotated_genomes_isolates	
BTO:0000863	11	NCBITaxon:238	Elizabethkingia meningoseptica	1.4099	TRUE	environmental_samples	
BTO:0000863	12	NCBITaxon:209260	Swaminathania	1.35835	TRUE	environmental_samples	
BTO:0000863	13	NCBITaxon:32033	Lysobacteraceae	1.35835	TRUE	environmental_samples	
BTO:0000863	14	NCBITaxon:543	Enterobacteriaceae	1.33113	TRUE	environmental_samples	
BTO:0000863	15	NCBITaxon:615	Serratia marcescens	1.17707	TRUE	environmental_samples	
BTO:0000863	16	NCBITaxon:84642	Aeromonadaceae	1.14187	TRUE	environmental_samples	
BTO:0000863	17	NCBITaxon:158851	Trabulsiella	1.10487	TRUE	environmental_samples	
BTO:0000863	18	NCBITaxon:32008	Burkholderia	1.06587	TRUE	environmental_samples	
BTO:0000876	1	NCBITaxon:1307	Streptococcus suis	3	TRUE	annotated_genomes_isolates	
BTO:0000876	2	NCBITaxon:68886	Theileria orientalis	3	TRUE	annotated_genomes_isolates	
BTO:0000886	1	NCBITaxon:102234	Cyanobacterium	4	TRUE	environmental_samples	
BTO:0000886	2	NCBITaxon:1117	Cyanobacteriota	4	TRUE	environmental_samples	
BTO:0000886	3	NCBITaxon:117563	Granulicatella	4	TRUE	environmental_samples	
BTO:0000886	4	NCBITaxon:119852	Oscillospira	4	TRUE	environmental_samples	
BTO:0000886	5	NCBITaxon:1263	Ruminococcus	4	TRUE	environmental_samples	
BTO:0000886	6	NCBITaxon:1279	Staphylococcus	4	TRUE	environmental_samples	
BTO:0000886	7	NCBITaxon:128827	Erysipelotrichaceae	4	TRUE	environmental_samples	
BTO:0000886	8	NCBITaxon:1301	Streptococcus	4	TRUE	environmental_samples	
BTO:0000886	9	NCBITaxon:135569	Helicobacter apodemus	4	TRUE	annotated_genomes_isolates|environmental_samples	
BTO:0000886	10	NCBITaxon:1386	Bacillus <firmicutes>	4	TRUE	environmental_samples	
BTO:0000886	11	NCBITaxon:1485	Clostridium	4	TRUE	environmental_samples	
BTO:0000886	12	NCBITaxon:1578	Lactobacillus	4	TRUE	environmental_samples	
BTO:0000886	13	NCBITaxon:1598	Limosilactobacillus reuteri	4	TRUE	environmental_samples	
BTO:0000886	14	NCBITaxon:171549	Bacteroidales	4	TRUE	environmental_samples	
BTO:0000886	15	NCBITaxon:171550	Rikenellaceae	4	TRUE	environmental_samples	
BTO:0000886	16	NCBITaxon:1716	Corynebacterium	4	TRUE	environmental_samples	
BTO:0000886	17	NCBITaxon:186802	Eubacteriales	4	TRUE	environmental_samples	
BTO:0000886	18	NCBITaxon:186803	Lachnospiraceae	4	TRUE	environmental_samples	
BTO:0000886	19	NCBITaxon:189330	Dorea	4	TRUE	environmental_samples	
BTO:0000886	20	NCBITaxon:191303	Turicibacter	4	TRUE	environmental_samples	
BTO:0000886	21	NCBITaxon:194924	Desulfovibrionaceae	4	TRUE	environmental_samples	
BTO:0000886	22	NCBITaxon:209	Helicobacter	4	TRUE	environmental_samples	
BTO:0000886	23	NCBITaxon:2353	Flexispira	4	TRUE	environmental_samples	
BTO:0000886	24	NCBITaxon:248039	Mucispirillum schaedleri	4	TRUE	environmental_samples	
BTO:0000886	25	NCBITaxon:283168	Odoribacter	4	TRUE	environmental_samples	
BTO:0000888	1	NCBITaxon:1125980	Vibrio harveyi CAIM 1792	3	TRUE	annotated_genomes_isolates	
BTO:0000901	1	NCBITaxon:1126011	Listeria monocytogenes 07PF0776	3	TRUE	annotated_genomes_isolates	
BTO:0000901	2	NCBITaxon:386415	Clostridium novyi NT	3	TRUE	annotated_genomes_isolates	
BTO:0000917	1	NCBITaxon:139	Borreliella burgdorferi	3	TRUE	annotated_genomes_isolates	
BTO:0000917	2	NCBITaxon:271848	Burkholderia thailandensis E264	3	TRUE	annotated_genomes_isolates	
BTO:0000917	3	NCBITaxon:343509	Sodalis glossinidius str. 'morsitans'	3	TRUE	annotated_genomes_isolates	
BTO:0000917	4	NCBITaxon:529507	Proteus mirabilis HI4320	3	TRUE	annotated_genomes_isolates	
BTO:0000923	1	NCBITaxon:391735	Verminephrobacter eiseniae EF01-2	3	TRUE	annotated_genomes_isolates	
BTO:0000953	1	NCBITaxon:1594731	Candidatus Westeberhardia cardiocondylae	3	TRUE	annotated_genomes_isolates	
BTO:0000954	1	NCBITaxon:1235990	Candidatus Pantoea carbekii	3	TRUE	annotated_genomes_isolates	
BTO:0000954	2	NCBITaxon:6945		3	TRUE	annotated_genomes_isolates	
BTO:0000956	1	NCBITaxon:1902579	Candidatus Tokpelaia hoelldobleri	3	TRUE	annotated_genomes_isolates	
BTO:0000956	2	NCBITaxon:226186	Bacteroides thetaiotaomicron VPI-5482	3	TRUE	annotated_genomes_isolates	
BTO:0000956	3	NCBITaxon:515619	Agathobacter rectalis ATCC 33656	3	TRUE	annotated_genomes_isolates	
BTO:0000956	4	NCBITaxon:515620	Lachnospira eligens ATCC 27750	3	TRUE	annotated_genomes_isolates	
BTO:0000956	5	NCBITaxon:574521	Escherichia coli O127:H6 str. E2348/69	3	TRUE	annotated_genomes_isolates	
BTO:0000959	1	NCBITaxon:1131757	Pseudomonas aeruginosa MPAO1/P1	3	TRUE	annotated_genomes_isolates	
BTO:0000959	2	NCBITaxon:1131758	Pseudomonas aeruginosa MPAO1/P2	3	TRUE	annotated_genomes_isolates	
BTO:0000964	1	NCBITaxon:1594731	Candidatus Westeberhardia cardiocondylae	3	TRUE	annotated_genomes_isolates	
BTO:0000968	1	NCBITaxon:1679001	Pasteurellaceae bacterium NI1060	3	TRUE	annotated_genomes_isolates	
BTO:0000973	1	NCBITaxon:71421	Haemophilus influenzae Rd KW20	3	TRUE	annotated_genomes_isolates	
BTO:0000975	1	NCBITaxon:1331043	Salmonella enterica subsp. enterica serovar Gallinarum/Pullorum str. FCAV198	3	TRUE	annotated_genomes_isolates	
BTO:0000975	2	NCBITaxon:1410383	Candidatus Tachikawaea gelatinosa	3	TRUE	annotated_genomes_isolates	
BTO:0000975	3	NCBITaxon:1462938	Rickettsia tamurae subsp. buchneri	3	TRUE	annotated_genomes_isolates	
BTO:0000975	4	NCBITaxon:1704307	Candidatus Xiphinematobacter sp. Idaho Grape	3	TRUE	annotated_genomes_isolates	
BTO:0000976	1	NCBITaxon:1314958	Parachlamydiaceae bacterium HS-T3	3	TRUE	annotated_genomes_isolates	
BTO:0000976	2	NCBITaxon:340186	Escherichia coli E110019	3	TRUE	annotated_genomes_isolates	
BTO:0000976	3	NCBITaxon:358709	Escherichia coli 101-1	3	TRUE	annotated_genomes_isolates	
BTO:0000976	4	NCBITaxon:57743	Salmonella enterica subsp. enterica serovar Weltevreden	3	TRUE	annotated_genomes_isolates	
BTO:0000976	5	NCBITaxon:83552	Parachlamydia acanthamoebae	3	TRUE	annotated_genomes_isolates	
BTO:0000980	1	NCBITaxon:1434770	Chlamydia muridarum str. Nigg3 CMUT3-5	3	TRUE	annotated_genomes_isolates	
BTO:0000980	2	NCBITaxon:1434773	Chlamydia muridarum str. Nigg CM972	3	TRUE	annotated_genomes_isolates	
BTO:0000980	3	NCBITaxon:562	Escherichia coli	3	TRUE	annotated_genomes_isolates	
BTO:0000980	4	NCBITaxon:83560	Chlamydia muridarum	3	TRUE	annotated_genomes_isolates	
BTO:0000984	1	NCBITaxon:169963	Listeria monocytogenes EGD-e	3	TRUE	annotated_genomes_isolates	
BTO:0000988	1	NCBITaxon:400946	Wohlfahrtiimonas chitiniclastica	3	TRUE	annotated_genomes_isolates	
BTO:0001009	1	NCBITaxon:53409	Pseudomonas coronafaciens	3	TRUE	annotated_genomes_isolates	
BTO:0001025	1	NCBITaxon:1205679	Bifidobacterium longum subsp. longum CECT 7347	3	TRUE	annotated_genomes_isolates	
BTO:0001025	2	NCBITaxon:1359	Lactococcus cremoris	3	TRUE	annotated_genomes_isolates	
BTO:0001025	3	NCBITaxon:272631	Mycobacterium leprae TN	3	TRUE	annotated_genomes_isolates	
BTO:0001025	4	NCBITaxon:681573	Streptococcus equi subsp. zooepidemicus BHS5	3	TRUE	annotated_genomes_isolates	
BTO:0001025	5	NCBITaxon:741093	Escherichia coli Xuzhou21	3	TRUE	annotated_genomes_isolates	
BTO:0001028	1	NCBITaxon:480418	Mycobacterium lepromatosis	3	TRUE	annotated_genomes_isolates	
BTO:0001031	1	NCBITaxon:1216961	Aeromonas sp. 159	3	TRUE	annotated_genomes_isolates	
BTO:0001031	2	NCBITaxon:1461579	Haemophilus massiliensis	3	TRUE	annotated_genomes_isolates	
BTO:0001037	1	NCBITaxon:7719		3	TRUE	annotated_genomes_isolates	
BTO:0001043	1	NCBITaxon:119852	Oscillospira	4	TRUE	environmental_samples	
BTO:0001043	2	NCBITaxon:1263	Ruminococcus	4	TRUE	environmental_samples	
BTO:0001043	3	NCBITaxon:1279	Staphylococcus	4	TRUE	environmental_samples	
BTO:0001043	4	NCBITaxon:1301	Streptococcus	4	TRUE	environmental_samples	
BTO:0001043	5	NCBITaxon:1485	Clostridium	4	TRUE	environmental_samples	
BTO:0001043	6	NCBITaxon:171549	Bacteroidales	4	TRUE	environmental_samples	
BTO:0001043	7	NCBITaxon:171550	Rikenellaceae	4	TRUE	environmental_samples	
BTO:0001043	8	NCBITaxon:186802	Eubacteriales	4	TRUE	environmental_samples	
BTO:0001043	9	NCBITaxon:186803	Lachnospiraceae	4	TRUE	environmental_samples	
BTO:0001043	10	NCBITaxon:186804	Peptostreptococcaceae	4	TRUE	environmental_samples	
BTO:0001043	11	NCBITaxon:1869227	bacterium	4	TRUE	environmental_samples	
BTO:0001043	12	NCBITaxon:189330	Dorea	4	TRUE	environmental_samples	
BTO:0001043	13	NCBITaxon:2	Bacteria	4	TRUE	environmental_samples	
BTO:0001043	14	NCBITaxon:28050	Lachnospira	4	TRUE	environmental_samples	
BTO:0001043	15	NCBITaxon:283168	Odoribacter	4	TRUE	environmental_samples	
BTO:0001043	16	NCBITaxon:31979	Clostridiaceae	4	TRUE	environmental_samples	
BTO:0001043	17	NCBITaxon:33038	Mediterraneibacter gnavus	4	TRUE	environmental_samples	
BTO:0001043	18	NCBITaxon:33042	Coprococcus	4	TRUE	environmental_samples	
BTO:0001043	19	NCBITaxon:375288	Parabacteroides	4	TRUE	environmental_samples	
BTO:0001043	20	NCBITaxon:39486	Dorea formicigenerans	4	TRUE	environmental_samples	
BTO:0001043	21	NCBITaxon:40544	Sutterella	4	TRUE	environmental_samples	
BTO:0001043	22	NCBITaxon:541000		4	TRUE	environmental_samples	
BTO:0001043	23	NCBITaxon:543	Enterobacteriaceae	4	TRUE	environmental_samples	
BTO:0001043	24	NCBITaxon:572511	Blautia	4	TRUE	environmental_samples	
BTO:0001043	25	NCBITaxon:629395		4	TRUE	environmental_samples	
BTO:0001044	1	NCBITaxon:1367494	Pseudomonas aeruginosa PAO1-VE13	3	TRUE	annotated_genomes_isolates	
BTO:0001044	2	NCBITaxon:391165	Granulibacter bethesdensis CGDNIH1	3	TRUE	annotated_genomes_isolates	
BTO:0001047	1	NCBITaxon:388919	Streptococcus sanguinis SK36	3	TRUE	annotated_genomes_isolates	
BTO:0001049	1	NCBITaxon:388919	Streptococcus sanguinis SK36	3	TRUE	annotated_genomes_isolates	
BTO:0001058	1	NCBITaxon:1009856	Buchnera aphidicola str. USDA (Myzus persicae)	3	TRUE	annotated_genomes_isolates	
BTO:0001058	2	NCBITaxon:1009857	Buchnera aphidicola str. W106 (Myzus persicae)	3	TRUE	annotated_genomes_isolates	
BTO:0001058	3	NCBITaxon:1009858	Buchnera aphidicola str. G002 (Myzus persicae)	3	TRUE	annotated_genomes_isolates	
BTO:0001058	4	NCBITaxon:1009859	Buchnera aphidicola str. F009 (Myzus persicae)	3	TRUE	annotated_genomes_isolates	
BTO:0001058	5	NCBITaxon:1163751	Candidatus Hamiltonella defensa MED (Bemisia tabaci)	3	TRUE	annotated_genomes_isolates	
BTO:0001058	6	NCBITaxon:1261131	Candidatus Liberibacter americanus str. Sao Paulo	3	TRUE	annotated_genomes_isolates	
BTO:0001058	7	NCBITaxon:1265350	Buchnera aphidicola (Aphis glycines)	3	TRUE	annotated_genomes_isolates	
BTO:0001058	8	NCBITaxon:1343076	Candidatus Karelsulcia muelleri str. Sulcia-ALF	3	TRUE	annotated_genomes_isolates	
BTO:0001058	9	NCBITaxon:1343077	Candidatus Nasuia deltocephalinicola str. NAS-ALF	3	TRUE	annotated_genomes_isolates	
BTO:0001058	10	NCBITaxon:1715285	Candidatus Providencia siddallii	3	TRUE	annotated_genomes_isolates	
BTO:0001058	11	NCBITaxon:374463	Baumannia cicadellinicola str. Hc (Homalodisca coagulata)	3	TRUE	annotated_genomes_isolates	
BTO:0001058	12	NCBITaxon:374675	Candidatus Karelsulcia muelleri str. Hc (Homalodisca coagulata)	3	TRUE	annotated_genomes_isolates	
BTO:0001058	13	NCBITaxon:537021	Candidatus Liberibacter asiaticus str. psy62	3	TRUE	annotated_genomes_isolates	
BTO:0001058	14	NCBITaxon:931202	Candidatus Liberibacter asiaticus str. Ishi-1	3	TRUE	annotated_genomes_isolates	
BTO:0001060	1	NCBITaxon:1188	Tolypothrix sp. PCC 7601	3	TRUE	annotated_genomes_isolates	
BTO:0001060	2	NCBITaxon:1751286	Nostoc sp. NIES-3756	3	TRUE	annotated_genomes_isolates	
BTO:0001060	3	NCBITaxon:340177	Chlorobium chlorochromatii CaD3	3	TRUE	annotated_genomes_isolates	
BTO:0001069	1	NCBITaxon:13687	Sphingomonas	1.68431	TRUE	environmental_samples	
BTO:0001069	2	NCBITaxon:28211	Alphaproteobacteria	1.68431	TRUE	environmental_samples	
BTO:0001069	3	NCBITaxon:32033	Lysobacteraceae	1.68431	TRUE	environmental_samples	
BTO:0001069	4	NCBITaxon:35493		1.68431	TRUE	environmental_samples	
BTO:0001069	5	NCBITaxon:356	Hyphomicrobiales	1.68431	TRUE	environmental_samples	
BTO:0001069	6	NCBITaxon:374	Bradyrhizobium	1.68431	TRUE	environmental_samples	
BTO:0001069	7	NCBITaxon:40214	Acinetobacter johnsonii	1.68431	TRUE	environmental_samples	
BTO:0001069	8	NCBITaxon:41294	Nitrobacteraceae	1.68431	TRUE	environmental_samples	
BTO:0001069	9	NCBITaxon:4432		1.68431	TRUE	environmental_samples	
BTO:0001069	10	NCBITaxon:469	Acinetobacter	1.68431	TRUE	environmental_samples	
BTO:0001069	11	NCBITaxon:504481	Sediminibacterium	1.68431	TRUE	environmental_samples	
BTO:0001069	12	NCBITaxon:665874	Limnohabitans	1.68431	TRUE	environmental_samples	
BTO:0001069	13	NCBITaxon:75682	Oxalobacteraceae	1.68431	TRUE	environmental_samples	
BTO:0001069	14	NCBITaxon:76892	Caulobacteraceae	1.68431	TRUE	environmental_samples	
BTO:0001069	15	NCBITaxon:80864	Comamonadaceae	1.68431	TRUE	environmental_samples	
BTO:0001069	16	NCBITaxon:1661425		1.66734	TRUE	environmental_samples	
BTO:0001069	17	NCBITaxon:1827	Rhodococcus <high G+C Gram-positive bacteria>	1.66734	TRUE	environmental_samples	
BTO:0001069	18	NCBITaxon:28216	Betaproteobacteria	1.66734	TRUE	environmental_samples	
BTO:0001069	19	NCBITaxon:33882	Microbacterium	1.66734	TRUE	environmental_samples	
BTO:0001069	20	NCBITaxon:34073	Variovorax paradoxus	1.66734	TRUE	environmental_samples	
BTO:0001069	21	NCBITaxon:41297	Sphingomonadaceae	1.66734	TRUE	environmental_samples	
BTO:0001069	22	NCBITaxon:528	Ochrobactrum	1.66734	TRUE	environmental_samples	
BTO:0001069	23	NCBITaxon:1716	Corynebacterium	1.64995	TRUE	environmental_samples	
BTO:0001069	24	NCBITaxon:28498		1.64995	TRUE	environmental_samples	
BTO:0001069	25	NCBITaxon:48736	Ralstonia	1.64995	TRUE	environmental_samples	
BTO:0001078	1	NCBITaxon:1351836	Brucella melitensis ADMAS-G1	3	TRUE	annotated_genomes_isolates	
BTO:0001078	2	NCBITaxon:1639	Listeria monocytogenes	3	TRUE	annotated_genomes_isolates	
BTO:0001078	3	NCBITaxon:2098	Metamycoplasma hominis	3	TRUE	annotated_genomes_isolates	
BTO:0001085	1	NCBITaxon:526221	Verticillium alfalfae VaMs.102	3	TRUE	annotated_genomes_isolates	
BTO:0001086	1	NCBITaxon:1440054	Vibrio sp. OY15	3	TRUE	annotated_genomes_isolates	
BTO:0001090	1	NCBITaxon:1016	Capnocytophaga	4	TRUE	environmental_samples	
BTO:0001090	2	NCBITaxon:1018	Capnocytophaga ochracea	4	TRUE	environmental_samples	
BTO:0001090	3	NCBITaxon:117563	Granulicatella	4	TRUE	environmental_samples	
BTO:0001090	4	NCBITaxon:118747	Bulleidia	4	TRUE	environmental_samples	
BTO:0001090	5	NCBITaxon:119852	Oscillospira	4	TRUE	environmental_samples	
BTO:0001090	6	NCBITaxon:1243	Leuconostoc	4	TRUE	environmental_samples	
BTO:0001090	7	NCBITaxon:1263	Ruminococcus	4	TRUE	environmental_samples	
BTO:0001090	8	NCBITaxon:1268	Micrococcaceae	4	TRUE	environmental_samples	
BTO:0001090	9	NCBITaxon:1279	Staphylococcus	4	TRUE	environmental_samples	
BTO:0001090	10	NCBITaxon:1280	Staphylococcus aureus	4	TRUE	environmental_samples	
BTO:0001090	11	NCBITaxon:128827	Erysipelotrichaceae	4	TRUE	environmental_samples	
BTO:0001090	12	NCBITaxon:1300	Streptococcaceae	4	TRUE	environmental_samples	
BTO:0001090	13	NCBITaxon:1301	Streptococcus	4	TRUE	environmental_samples	
BTO:0001090	14	NCBITaxon:1328	Streptococcus anginosus	4	TRUE	environmental_samples	
BTO:0001090	15	NCBITaxon:1350	Enterococcus	4	TRUE	environmental_samples	
BTO:0001090	16	NCBITaxon:135621	Pseudomonadaceae	4	TRUE	environmental_samples	
BTO:0001090	17	NCBITaxon:1357	Lactococcus	4	TRUE	environmental_samples	
BTO:0001090	18	NCBITaxon:1378	Gemella	4	TRUE	environmental_samples	
BTO:0001090	19	NCBITaxon:1380	Atopobium	4	TRUE	environmental_samples	
BTO:0001090	20	NCBITaxon:1383	Lancefieldella rimae	4	TRUE	environmental_samples	
BTO:0001090	21	NCBITaxon:1385	Caryophanales	4	TRUE	environmental_samples	
BTO:0001090	22	NCBITaxon:1386	Bacillus <firmicutes>	4	TRUE	environmental_samples	
BTO:0001090	23	NCBITaxon:1399	Cytobacillus firmus	4	TRUE	environmental_samples	
BTO:0001090	24	NCBITaxon:1485	Clostridium	4	TRUE	environmental_samples	
BTO:0001090	25	NCBITaxon:155493	Gallibacterium	4	TRUE	environmental_samples	
BTO:0001097	1	NCBITaxon:1348660	Serratia plymuthica S13	3	TRUE	annotated_genomes_isolates	
BTO:0001102	1	NCBITaxon:1329902	Mannheimia haemolytica MhBrain2012	3	TRUE	annotated_genomes_isolates	
BTO:0001113	1	NCBITaxon:1333529	Campylobacter fetus subsp. venerealis bv. intermedius str. 99541	3	TRUE	annotated_genomes_isolates	
BTO:0001129	1	NCBITaxon:1118964	Mesomycoplasma hyorhinis SK76	3	TRUE	annotated_genomes_isolates	
BTO:0001129	2	NCBITaxon:1292038	Cutibacterium acnes PA2	3	TRUE	annotated_genomes_isolates	
BTO:0001129	3	NCBITaxon:1292039	Cutibacterium acnes P6	3	TRUE	annotated_genomes_isolates	
BTO:0001129	4	NCBITaxon:1292372	Cutibacterium avidum TM16	3	TRUE	annotated_genomes_isolates	
BTO:0001129	5	NCBITaxon:347495	Bacillus cereus F837/76	3	TRUE	annotated_genomes_isolates	
BTO:0001130	1	NCBITaxon:1118964	Mesomycoplasma hyorhinis SK76	3	TRUE	annotated_genomes_isolates	
BTO:0001142	1	NCBITaxon:983920	Novosphingobium nitrogenifigens DSM 19370	4	TRUE	annotated_genomes_isolates	
BTO:0001142	2	NCBITaxon:1055192	Comamonas sp. B-9	3	TRUE	annotated_genomes_isolates	
BTO:0001142	3	NCBITaxon:1089553	Thermacetogenium phaeum DSM 12270	3	TRUE	annotated_genomes_isolates	
BTO:0001142	4	NCBITaxon:1200775	Cupriavidus basilensis B-8	3	TRUE	annotated_genomes_isolates	
BTO:0001142	5	NCBITaxon:1203258	Lacticaseibacillus rhamnosus LRHMDP2	3	TRUE	annotated_genomes_isolates	
BTO:0001142	6	NCBITaxon:1203259	Lacticaseibacillus rhamnosus LRHMDP3	3	TRUE	annotated_genomes_isolates	
BTO:0001142	7	NCBITaxon:1312367	Proteus hauseri ZMd44	3	TRUE	annotated_genomes_isolates	
BTO:0001142	8	NCBITaxon:388399	Sagittula stellata E-37	3	TRUE	annotated_genomes_isolates	
BTO:0001142	9	NCBITaxon:52598	Sulfitobacter sp. EE-36	3	TRUE	annotated_genomes_isolates	
BTO:0001142	10	NCBITaxon:59843	Paenibacillus glucanolyticus	3	TRUE	annotated_genomes_isolates	
BTO:0001158	1	NCBITaxon:1131757	Pseudomonas aeruginosa MPAO1/P1	3	TRUE	annotated_genomes_isolates	
BTO:0001158	2	NCBITaxon:1131758	Pseudomonas aeruginosa MPAO1/P2	3	TRUE	annotated_genomes_isolates	
BTO:0001158	3	NCBITaxon:364106	Escherichia coli UTI89	3	TRUE	annotated_genomes_isolates	
BTO:0001158	4	NCBITaxon:422214		3	TRUE	annotated_genomes_isolates	
BTO:0001158	5	NCBITaxon:422215		3	TRUE	annotated_genomes_isolates	
BTO:0001158	6	NCBITaxon:422217		3	TRUE	annotated_genomes_isolates	
BTO:0001158	7	NCBITaxon:422218		3	TRUE	annotated_genomes_isolates	
BTO:0001158	8	NCBITaxon:422219		3	TRUE	annotated_genomes_isolates	
BTO:0001158	9	NCBITaxon:422220		3	TRUE	annotated_genomes_isolates	
BTO:0001158	10	NCBITaxon:470	Acinetobacter baumannii	3	TRUE	annotated_genomes_isolates	
BTO:0001158	11	NCBITaxon:573	Klebsiella pneumoniae	3	TRUE	annotated_genomes_isolates	
BTO:0001158	12	NCBITaxon:666	Vibrio cholerae	3	TRUE	annotated_genomes_isolates	
BTO:0001158	13	NCBITaxon:873127	Enterococcus faecium E4453	3	TRUE	annotated_genomes_isolates	
BTO:0001158	14	NCBITaxon:933356	Enterococcus faecium E4452	3	TRUE	annotated_genomes_isolates	
BTO:0001166	1	NCBITaxon:1224742	Vibrio campbellii CAIM 519 = NBRC 15631 = ATCC 25920	3	TRUE	annotated_genomes_isolates	
BTO:0001168	1	NCBITaxon:1399793	Lactiplantibacillus plantarum 19L3	3	TRUE	annotated_genomes_isolates	
BTO:0001170	1	NCBITaxon:1078016	Rhodococcus erythropolis XP	3	TRUE	annotated_genomes_isolates	
BTO:0001170	2	NCBITaxon:1219045	Sphingobium herbicidovorans NBRC 16415	3	TRUE	annotated_genomes_isolates	
BTO:0001170	3	NCBITaxon:1337996	Paraburkholderia phenoliruptrix AC1100	3	TRUE	annotated_genomes_isolates	
BTO:0001170	4	NCBITaxon:1346791	Sphingobium ummariense RL-3	3	TRUE	annotated_genomes_isolates	
BTO:0001170	5	NCBITaxon:13690	Sphingobium yanoikuyae	3	TRUE	annotated_genomes_isolates	
BTO:0001170	6	NCBITaxon:293387	Bacillus altitudinis	3	TRUE	annotated_genomes_isolates	
BTO:0001170	7	NCBITaxon:296591	Polaromonas sp. JS666	3	TRUE	annotated_genomes_isolates	
BTO:0001170	8	NCBITaxon:303	Pseudomonas putida	3	TRUE	annotated_genomes_isolates	
BTO:0001170	9	NCBITaxon:358	Agrobacterium tumefaciens	3	TRUE	annotated_genomes_isolates	
BTO:0001172	1	NCBITaxon:1444712	Candidatus Rubidus massiliensis	3	TRUE	annotated_genomes_isolates	
BTO:0001174	1	NCBITaxon:386415	Clostridium novyi NT	3	TRUE	annotated_genomes_isolates	
BTO:0001176	1	NCBITaxon:272951	Rickettsia sibirica 246	3	TRUE	annotated_genomes_isolates	
BTO:0001176	2	NCBITaxon:283165	Bartonella quintana str. Toulouse	3	TRUE	annotated_genomes_isolates	
BTO:0001176	3	NCBITaxon:283166	Bartonella henselae str. Houston-1	3	TRUE	annotated_genomes_isolates	
BTO:0001188	1	NCBITaxon:10	Cellvibrio	4	TRUE	environmental_samples	
BTO:0001188	2	NCBITaxon:1004301	Flavihumibacter	4	TRUE	environmental_samples	
BTO:0001188	3	NCBITaxon:1005038	Fimbriimonas	4	TRUE	environmental_samples	
BTO:0001188	4	NCBITaxon:1011	Sporocytophaga	4	TRUE	environmental_samples	
BTO:0001188	5	NCBITaxon:102234	Cyanobacterium	4	TRUE	environmental_samples	
BTO:0001188	6	NCBITaxon:1032526	Pedosphaera	4	TRUE	environmental_samples	
BTO:0001188	7	NCBITaxon:1033	Afipia	4	TRUE	environmental_samples	
BTO:0001188	8	NCBITaxon:103728	Actinokineospora diospyrosa	4	TRUE	environmental_samples	
BTO:0001188	9	NCBITaxon:1042312	Armatimonadia	4	TRUE	environmental_samples	
BTO:0001188	10	NCBITaxon:1042314	Armatimonadaceae	4	TRUE	environmental_samples	
BTO:0001188	11	NCBITaxon:1060	Rhodobacter	4	TRUE	environmental_samples	
BTO:0001188	12	NCBITaxon:106589	Cupriavidus	4	TRUE	environmental_samples	
BTO:0001188	13	NCBITaxon:1071	Rhodopila globiformis	4	TRUE	environmental_samples	
BTO:0001188	14	NCBITaxon:1077257	Chthonomonadia	4	TRUE	environmental_samples	
BTO:0001188	15	NCBITaxon:1077264	Chthonomonadaceae	4	TRUE	environmental_samples	
BTO:0001188	16	NCBITaxon:1077265	Chthonomonas	4	TRUE	environmental_samples	
BTO:0001188	17	NCBITaxon:1090	Chlorobiota	4	TRUE	environmental_samples	
BTO:0001188	18	NCBITaxon:1107	Chloroflexus	4	TRUE	environmental_samples	
BTO:0001188	19	NCBITaxon:1117	Cyanobacteriota	4	TRUE	environmental_samples	
BTO:0001188	20	NCBITaxon:114248	Tepidimonas	4	TRUE	environmental_samples	
BTO:0001188	21	NCBITaxon:1147159	Ornithinibacillus scapharcae	4	TRUE	environmental_samples	
BTO:0001188	22	NCBITaxon:115336	Actinomadura vinacea	4	TRUE	environmental_samples	
BTO:0001188	23	NCBITaxon:1154584	Gaiellales	4	TRUE	environmental_samples	
BTO:0001188	24	NCBITaxon:1154585	Gaiellaceae	4	TRUE	environmental_samples	
BTO:0001188	25	NCBITaxon:1162	Nostocaceae	4	TRUE	environmental_samples	
BTO:0001190	1	NCBITaxon:110321	Sinorhizobium medicae	4	TRUE	annotated_genomes_isolates	
BTO:0001190	2	NCBITaxon:314237	Paramesorhizobium leguminum	4	TRUE	annotated_genomes_isolates	
BTO:0001190	3	NCBITaxon:1028800	Neorhizobium galegae bv. orientalis str. HAMBI 540	3	TRUE	annotated_genomes_isolates	
BTO:0001190	4	NCBITaxon:1028801	Neorhizobium galegae bv. officinalis bv. officinalis str. HAMBI 1141	3	TRUE	annotated_genomes_isolates	
BTO:0001190	5	NCBITaxon:102891	Frankia sp. ACN1ag	3	TRUE	annotated_genomes_isolates	
BTO:0001190	6	NCBITaxon:1038869	Paraburkholderia mimosarum LMG 23256 = NBRC 106338	3	TRUE	annotated_genomes_isolates	
BTO:0001190	7	NCBITaxon:1041150	Sinorhizobium medicae WSM244	3	TRUE	annotated_genomes_isolates	
BTO:0001190	8	NCBITaxon:1041151	Sinorhizobium meliloti 4H41	3	TRUE	annotated_genomes_isolates	
BTO:0001190	9	NCBITaxon:1055526	Candidatus Paraburkholderia kirkii UZHbot1	3	TRUE	annotated_genomes_isolates	
BTO:0001190	10	NCBITaxon:106370	Frankia casuarinae	3	TRUE	annotated_genomes_isolates	
BTO:0001190	11	NCBITaxon:1069530	Candidatus Paraburkholderia schumanniana	3	TRUE	annotated_genomes_isolates	
BTO:0001190	12	NCBITaxon:1074049	Candidatus Burkholderia crenata	3	TRUE	annotated_genomes_isolates	
BTO:0001190	13	NCBITaxon:1082932	Agrobacterium tumefaciens CCNWGS0286	3	TRUE	annotated_genomes_isolates	
BTO:0001190	14	NCBITaxon:1082933	Mesorhizobium amorphae CCNWGS0123	3	TRUE	annotated_genomes_isolates	
BTO:0001190	15	NCBITaxon:1090375	Candidatus Burkholderia pumila	3	TRUE	annotated_genomes_isolates	
BTO:0001190	16	NCBITaxon:1090379	Candidatus Burkholderia brachyanthoides	3	TRUE	annotated_genomes_isolates	
BTO:0001190	17	NCBITaxon:1090471	Candidatus Burkholderia humilis	3	TRUE	annotated_genomes_isolates	
BTO:0001190	18	NCBITaxon:1107882	Mesorhizobium alhagi CCNWXJ12-2	3	TRUE	annotated_genomes_isolates	
BTO:0001190	19	NCBITaxon:1117943	Sinorhizobium fredii HH103	3	TRUE	annotated_genomes_isolates	
BTO:0001190	20	NCBITaxon:1125980	Vibrio harveyi CAIM 1792	3	TRUE	annotated_genomes_isolates	
BTO:0001190	21	NCBITaxon:1126627	Bradyrhizobium sp. DOA9	3	TRUE	annotated_genomes_isolates	
BTO:0001190	22	NCBITaxon:1132836	Rhizobium sp. CCGE 510	3	TRUE	annotated_genomes_isolates	
BTO:0001190	23	NCBITaxon:114615	Bradyrhizobium sp. ORS 278	3	TRUE	annotated_genomes_isolates	
BTO:0001190	24	NCBITaxon:1150864	Micromonospora lupini str. Lupac 08	3	TRUE	annotated_genomes_isolates	
BTO:0001190	25	NCBITaxon:115808	Bradyrhizobium sp. ORS 285	3	TRUE	annotated_genomes_isolates	
BTO:0001191	1	NCBITaxon:1261128	Pantoea agglomerans 299R	3	TRUE	annotated_genomes_isolates	
BTO:0001191	2	NCBITaxon:1398776	Pseudomonas chlororaphis YL-1	3	TRUE	annotated_genomes_isolates	
BTO:0001191	3	NCBITaxon:294	Pseudomonas fluorescens	3	TRUE	annotated_genomes_isolates	
BTO:0001192	1	NCBITaxon:438753	Azorhizobium caulinodans ORS 571	3	TRUE	annotated_genomes_isolates	
BTO:0001194	1	NCBITaxon:102234	Cyanobacterium	4	TRUE	environmental_samples	
BTO:0001194	2	NCBITaxon:1117	Cyanobacteriota	4	TRUE	environmental_samples	
BTO:0001194	3	NCBITaxon:118747	Bulleidia	4	TRUE	environmental_samples	
BTO:0001194	4	NCBITaxon:119852	Oscillospira	4	TRUE	environmental_samples	
BTO:0001194	5	NCBITaxon:1263	Ruminococcus	4	TRUE	environmental_samples	
BTO:0001194	6	NCBITaxon:1265	Ruminococcus flavefaciens	4	TRUE	environmental_samples	
BTO:0001194	7	NCBITaxon:128827	Erysipelotrichaceae	4	TRUE	environmental_samples	
BTO:0001194	8	NCBITaxon:1301	Streptococcus	4	TRUE	environmental_samples	
BTO:0001194	9	NCBITaxon:1313211	Lentisphaeria	4	TRUE	environmental_samples	
BTO:0001194	10	NCBITaxon:135621	Pseudomonadaceae	4	TRUE	environmental_samples	
BTO:0001194	11	NCBITaxon:1357	Lactococcus	4	TRUE	environmental_samples	
BTO:0001194	12	NCBITaxon:137	Spirochaetaceae	4	TRUE	environmental_samples	
BTO:0001194	13	NCBITaxon:1380	Atopobium	4	TRUE	environmental_samples	
BTO:0001194	14	NCBITaxon:1408194	Endomicrobium	4	TRUE	environmental_samples	
BTO:0001194	15	NCBITaxon:1485	Clostridium	4	TRUE	environmental_samples	
BTO:0001194	16	NCBITaxon:1526	[Clostridium] aminophilum	4	TRUE	environmental_samples	
BTO:0001194	17	NCBITaxon:157	Treponema	4	TRUE	environmental_samples	
BTO:0001194	18	NCBITaxon:1577788	Methanomassiliicoccaceae	4	TRUE	environmental_samples	
BTO:0001194	19	NCBITaxon:1578	Lactobacillus	4	TRUE	environmental_samples	
BTO:0001194	20	NCBITaxon:164984		4	TRUE	environmental_samples	
BTO:0001194	21	NCBITaxon:165179	Segatella copri	4	TRUE	environmental_samples	
BTO:0001194	22	NCBITaxon:171549	Bacteroidales	4	TRUE	environmental_samples	
BTO:0001194	23	NCBITaxon:171550	Rikenellaceae	4	TRUE	environmental_samples	
BTO:0001194	24	NCBITaxon:171552	Prevotellaceae	4	TRUE	environmental_samples	
BTO:0001194	25	NCBITaxon:1716	Corynebacterium	4	TRUE	environmental_samples	
BTO:0001196	1	NCBITaxon:1810840	Piscirickettsiaceae bacterium NZ-RLO1	3	TRUE	annotated_genomes_isolates	
BTO:0001201	1	NCBITaxon:1123508	Zavarzinella formosa DSM 19928	3	TRUE	annotated_genomes_isolates	
BTO:0001201	2	NCBITaxon:388399	Sagittula stellata E-37	3	TRUE	annotated_genomes_isolates	
BTO:0001201	3	NCBITaxon:870187	Thiothrix nivea DSM 5205	3	TRUE	annotated_genomes_isolates	
BTO:0001202	1	NCBITaxon:1016	Capnocytophaga	4	TRUE	environmental_samples	
BTO:0001202	2	NCBITaxon:1018	Capnocytophaga ochracea	4	TRUE	environmental_samples	
BTO:0001202	3	NCBITaxon:1129771	Leptotrichiaceae	4	TRUE	environmental_samples	
BTO:0001202	4	NCBITaxon:117563	Granulicatella	4	TRUE	environmental_samples	
BTO:0001202	5	NCBITaxon:118747	Bulleidia	4	TRUE	environmental_samples	
BTO:0001202	6	NCBITaxon:1257	Peptostreptococcus	4	TRUE	environmental_samples	
BTO:0001202	7	NCBITaxon:1261	Peptostreptococcus anaerobius	4	TRUE	environmental_samples	
BTO:0001202	8	NCBITaxon:1268	Micrococcaceae	4	TRUE	environmental_samples	
BTO:0001202	9	NCBITaxon:1269	Micrococcus	4	TRUE	environmental_samples	
BTO:0001202	10	NCBITaxon:1279	Staphylococcus	4	TRUE	environmental_samples	
BTO:0001202	11	NCBITaxon:1280	Staphylococcus aureus	4	TRUE	environmental_samples	
BTO:0001202	12	NCBITaxon:1300	Streptococcaceae	4	TRUE	environmental_samples	
BTO:0001202	13	NCBITaxon:1301	Streptococcus	4	TRUE	environmental_samples	
BTO:0001202	14	NCBITaxon:1328	Streptococcus anginosus	4	TRUE	environmental_samples	
BTO:0001202	15	NCBITaxon:1336	Streptococcus equi	4	TRUE	environmental_samples	
BTO:0001202	16	NCBITaxon:1350	Enterococcus	4	TRUE	environmental_samples	
BTO:0001202	17	NCBITaxon:135083	Centipeda noxia	4	TRUE	environmental_samples	
BTO:0001202	18	NCBITaxon:1357	Lactococcus	4	TRUE	environmental_samples	
BTO:0001202	19	NCBITaxon:1375	Aerococcus	4	TRUE	environmental_samples	
BTO:0001202	20	NCBITaxon:1378	Gemella	4	TRUE	environmental_samples	
BTO:0001202	21	NCBITaxon:1380	Atopobium	4	TRUE	environmental_samples	
BTO:0001202	22	NCBITaxon:1383	Lancefieldella rimae	4	TRUE	environmental_samples	
BTO:0001202	23	NCBITaxon:1386	Bacillus <firmicutes>	4	TRUE	environmental_samples	
BTO:0001202	24	NCBITaxon:1399	Cytobacillus firmus	4	TRUE	environmental_samples	
BTO:0001202	25	NCBITaxon:155493	Gallibacterium	4	TRUE	environmental_samples	
BTO:0001203	1	NCBITaxon:1172985		3	TRUE	annotated_genomes_isolates	
BTO:0001203	2	NCBITaxon:1382230	Asaia platycodi SF2.1	3	TRUE	annotated_genomes_isolates	
BTO:0001203	3	NCBITaxon:314723	Borrelia hermsii DAH	3	TRUE	annotated_genomes_isolates	
BTO:0001203	4	NCBITaxon:33706		3	TRUE	annotated_genomes_isolates	
BTO:0001203	5	NCBITaxon:584	Proteus mirabilis	3	TRUE	annotated_genomes_isolates	
BTO:0001203	6	NCBITaxon:6945		3	TRUE	annotated_genomes_isolates	
BTO:0001210	1	NCBITaxon:1016	Capnocytophaga	4	TRUE	environmental_samples	
BTO:0001210	2	NCBITaxon:1018	Capnocytophaga ochracea	4	TRUE	environmental_samples	
BTO:0001210	3	NCBITaxon:113286	Pseudoramibacter	4	TRUE	environmental_samples	
BTO:0001210	4	NCBITaxon:117563	Granulicatella	4	TRUE	environmental_samples	
BTO:0001210	5	NCBITaxon:118747	Bulleidia	4	TRUE	environmental_samples	
BTO:0001210	6	NCBITaxon:1257	Peptostreptococcus	4	TRUE	environmental_samples	
BTO:0001210	7	NCBITaxon:1261	Peptostreptococcus anaerobius	4	TRUE	environmental_samples	
BTO:0001210	8	NCBITaxon:1268	Micrococcaceae	4	TRUE	environmental_samples	
BTO:0001210	9	NCBITaxon:1279	Staphylococcus	4	TRUE	environmental_samples	
BTO:0001210	10	NCBITaxon:1280	Staphylococcus aureus	4	TRUE	environmental_samples	
BTO:0001210	11	NCBITaxon:1282	Staphylococcus epidermidis	4	TRUE	environmental_samples	
BTO:0001210	12	NCBITaxon:1300	Streptococcaceae	4	TRUE	environmental_samples	
BTO:0001210	13	NCBITaxon:1301	Streptococcus	4	TRUE	environmental_samples	
BTO:0001210	14	NCBITaxon:1328	Streptococcus anginosus	4	TRUE	environmental_samples	
BTO:0001210	15	NCBITaxon:1350	Enterococcus	4	TRUE	environmental_samples	
BTO:0001210	16	NCBITaxon:135083	Centipeda noxia	4	TRUE	environmental_samples	
BTO:0001210	17	NCBITaxon:135621	Pseudomonadaceae	4	TRUE	environmental_samples	
BTO:0001210	18	NCBITaxon:1357	Lactococcus	4	TRUE	environmental_samples	
BTO:0001210	19	NCBITaxon:13687	Sphingomonas	4	TRUE	environmental_samples	
BTO:0001210	20	NCBITaxon:1378	Gemella	4	TRUE	environmental_samples	
BTO:0001210	21	NCBITaxon:1380	Atopobium	4	TRUE	environmental_samples	
BTO:0001210	22	NCBITaxon:1383	Lancefieldella rimae	4	TRUE	environmental_samples	
BTO:0001210	23	NCBITaxon:1386	Bacillus <firmicutes>	4	TRUE	environmental_samples	
BTO:0001210	24	NCBITaxon:150022	Finegoldia	4	TRUE	environmental_samples	
BTO:0001210	25	NCBITaxon:157	Treponema	4	TRUE	environmental_samples	
BTO:0001220	1	NCBITaxon:480418	Mycobacterium lepromatosis	3	TRUE	annotated_genomes_isolates	
BTO:0001228	1	NCBITaxon:1034096		3	TRUE	annotated_genomes_isolates	
BTO:0001228	2	NCBITaxon:1074049	Candidatus Burkholderia crenata	3	TRUE	annotated_genomes_isolates	
BTO:0001228	3	NCBITaxon:1177927	Enterobacter cloacae subsp. cloacae GS1	3	TRUE	annotated_genomes_isolates	
BTO:0001228	4	NCBITaxon:1211480		3	TRUE	annotated_genomes_isolates	
BTO:0001228	5	NCBITaxon:1239783	Bacillus atrophaeus UCMB-5137	3	TRUE	annotated_genomes_isolates	
BTO:0001228	6	NCBITaxon:2014887	Herbaspirillum robiniae	3	TRUE	annotated_genomes_isolates	
BTO:0001228	7	NCBITaxon:253	Chryseobacterium indologenes	3	TRUE	annotated_genomes_isolates	
BTO:0001228	8	NCBITaxon:287	Pseudomonas aeruginosa	3	TRUE	annotated_genomes_isolates	
BTO:0001228	9	NCBITaxon:294	Pseudomonas fluorescens	3	TRUE	annotated_genomes_isolates	
BTO:0001228	10	NCBITaxon:303	Pseudomonas putida	3	TRUE	annotated_genomes_isolates	
BTO:0001228	11	NCBITaxon:381124		3	TRUE	annotated_genomes_isolates	
BTO:0001228	12	NCBITaxon:399741	Serratia proteamaculans 568	3	TRUE	annotated_genomes_isolates	
BTO:0001228	13	NCBITaxon:40324	Stenotrophomonas maltophilia	3	TRUE	annotated_genomes_isolates	
BTO:0001228	14	NCBITaxon:41899	Burkholderia plantarii	3	TRUE	annotated_genomes_isolates	
BTO:0001228	15	NCBITaxon:438753	Azorhizobium caulinodans ORS 571	3	TRUE	annotated_genomes_isolates	
BTO:0001228	16	NCBITaxon:550	Enterobacter cloacae	3	TRUE	annotated_genomes_isolates	
BTO:0001228	17	NCBITaxon:571256	Brucella pituitosa	3	TRUE	annotated_genomes_isolates	
BTO:0001228	18	NCBITaxon:60550	Burkholderia pyrrocinia	3	TRUE	annotated_genomes_isolates	
BTO:0001228	19	NCBITaxon:626418	Burkholderia glumae BGR1	3	TRUE	annotated_genomes_isolates	
BTO:0001228	20	NCBITaxon:69373	Curtobacterium pusillum	3	TRUE	annotated_genomes_isolates	
BTO:0001228	21	NCBITaxon:10	Cellvibrio	1.34684	TRUE	environmental_samples	
BTO:0001228	22	NCBITaxon:1107	Chloroflexus	1.34684	TRUE	environmental_samples	
BTO:0001228	23	NCBITaxon:1147159	Ornithinibacillus scapharcae	1.34684	TRUE	environmental_samples	
BTO:0001228	24	NCBITaxon:1154585	Gaiellaceae	1.34684	TRUE	environmental_samples	
BTO:0001228	25	NCBITaxon:1234	Nitrospira	1.34684	TRUE	environmental_samples	
BTO:0001230	1	NCBITaxon:1292046	Desulfobulbus sp. oral taxon 041 str. Dsb1-5	3	TRUE	annotated_genomes_isolates	
BTO:0001230	2	NCBITaxon:1379786	Wolbachia pipientis wVitA	3	TRUE	annotated_genomes_isolates	
BTO:0001230	3	NCBITaxon:1379787	Wolbachia pipientis wUni	3	TRUE	annotated_genomes_isolates	
BTO:0001230	4	NCBITaxon:161899	Corynebacterium singulare	3	TRUE	annotated_genomes_isolates	
BTO:0001230	5	NCBITaxon:235909	Geobacillus kaustophilus HTA426	3	TRUE	annotated_genomes_isolates	
BTO:0001230	6	NCBITaxon:29575	Taylorella equigenitalis	3	TRUE	annotated_genomes_isolates	
BTO:0001230	7	NCBITaxon:3068		3	TRUE	annotated_genomes_isolates	
BTO:0001230	8	NCBITaxon:548477	Corynebacterium glucuronolyticum ATCC 51867	3	TRUE	annotated_genomes_isolates	
BTO:0001244	1	NCBITaxon:1037890	Klebsiella pneumoniae JH1	3	TRUE	annotated_genomes_isolates	
BTO:0001244	2	NCBITaxon:1037908	Klebsiella pneumoniae 1162281	3	TRUE	annotated_genomes_isolates	
BTO:0001244	3	NCBITaxon:1162294	Serratia marcescens LCT-SM213	3	TRUE	annotated_genomes_isolates	
BTO:0001244	4	NCBITaxon:1258567	Escherichia coli LCT-EC52	3	TRUE	annotated_genomes_isolates	
BTO:0001244	5	NCBITaxon:1267754	Corynebacterium urealyticum DSM 7111	3	TRUE	annotated_genomes_isolates	
BTO:0001244	6	NCBITaxon:1279010	Proteus mirabilis PR03	3	TRUE	annotated_genomes_isolates	
BTO:0001244	7	NCBITaxon:1286329	Escherichia coli TOP379	3	TRUE	annotated_genomes_isolates	
BTO:0001244	8	NCBITaxon:1286330	Escherichia coli TOP382-1	3	TRUE	annotated_genomes_isolates	
BTO:0001244	9	NCBITaxon:1286331	Escherichia coli TOP382-2	3	TRUE	annotated_genomes_isolates	
BTO:0001244	10	NCBITaxon:1286332	Escherichia coli TOP382-3	3	TRUE	annotated_genomes_isolates	
BTO:0001244	11	NCBITaxon:1286333	Escherichia coli TOP291	3	TRUE	annotated_genomes_isolates	
BTO:0001244	12	NCBITaxon:1286334	Escherichia coli TOP293-1	3	TRUE	annotated_genomes_isolates	
BTO:0001244	13	NCBITaxon:1286335	Escherichia coli TOP293-2	3	TRUE	annotated_genomes_isolates	
BTO:0001244	14	NCBITaxon:1286336	Escherichia coli TOP293-3	3	TRUE	annotated_genomes_isolates	
BTO:0001244	15	NCBITaxon:1286337	Escherichia coli TOP293-4	3	TRUE	annotated_genomes_isolates	
BTO:0001244	16	NCBITaxon:1286338	Escherichia coli TOP498	3	TRUE	annotated_genomes_isolates	
BTO:0001244	17	NCBITaxon:1286339	Escherichia coli TOP550-1	3	TRUE	annotated_genomes_isolates	
BTO:0001244	18	NCBITaxon:1286340	Escherichia coli TOP550-2	3	TRUE	annotated_genomes_isolates	
BTO:0001244	19	NCBITaxon:1286341	Escherichia coli TOP550-3	3	TRUE	annotated_genomes_isolates	
BTO:0001244	20	NCBITaxon:1286342	Escherichia coli TOP550-4	3	TRUE	annotated_genomes_isolates	
BTO:0001244	21	NCBITaxon:1286343	Escherichia coli TOP2386	3	TRUE	annotated_genomes_isolates	
BTO:0001244	22	NCBITaxon:1286344	Escherichia coli TOP2396-1	3	TRUE	annotated_genomes_isolates	
BTO:0001244	23	NCBITaxon:1286345	Escherichia coli TOP2396-2	3	TRUE	annotated_genomes_isolates	
BTO:0001244	24	NCBITaxon:1286346	Escherichia coli TOP2396-3	3	TRUE	annotated_genomes_isolates	
BTO:0001244	25	NCBITaxon:1286347	Escherichia coli TOP2515	3	TRUE	annotated_genomes_isolates	
BTO:0001253	1	NCBITaxon:1016	Capnocytophaga	4	TRUE	environmental_samples	
BTO:0001253	2	NCBITaxon:1018	Capnocytophaga ochracea	4	TRUE	environmental_samples	
BTO:0001253	3	NCBITaxon:102234	Cyanobacterium	4	TRUE	environmental_samples	
BTO:0001253	4	NCBITaxon:1046	Chromatiaceae	4	TRUE	environmental_samples	
BTO:0001253	5	NCBITaxon:1060	Rhodobacter	4	TRUE	environmental_samples	
BTO:0001253	6	NCBITaxon:106589	Cupriavidus	4	TRUE	environmental_samples	
BTO:0001253	7	NCBITaxon:106649	Acinetobacter guillouiae	4	TRUE	environmental_samples	
BTO:0001253	8	NCBITaxon:107	Spirosoma	4	TRUE	environmental_samples	
BTO:0001253	9	NCBITaxon:108061		4	TRUE	environmental_samples	
BTO:0001253	10	NCBITaxon:108981	Acinetobacter schindleri	4	TRUE	environmental_samples	
BTO:0001253	11	NCBITaxon:1107	Chloroflexus	4	TRUE	environmental_samples	
BTO:0001253	12	NCBITaxon:110936	Rathayibacter caricis	4	TRUE	environmental_samples	
BTO:0001253	13	NCBITaxon:1117	Cyanobacteriota	4	TRUE	environmental_samples	
BTO:0001253	14	NCBITaxon:1129771	Leptotrichiaceae	4	TRUE	environmental_samples	
BTO:0001253	15	NCBITaxon:114248	Tepidimonas	4	TRUE	environmental_samples	
BTO:0001253	16	NCBITaxon:1147159	Ornithinibacillus scapharcae	4	TRUE	environmental_samples	
BTO:0001253	17	NCBITaxon:114975	Sporosarcina aquimarina	4	TRUE	environmental_samples	
BTO:0001253	18	NCBITaxon:1154584	Gaiellales	4	TRUE	environmental_samples	
BTO:0001253	19	NCBITaxon:1154585	Gaiellaceae	4	TRUE	environmental_samples	
BTO:0001253	20	NCBITaxon:117207	Sphingopyxis alaskensis	4	TRUE	environmental_samples	
BTO:0001253	21	NCBITaxon:117563	Granulicatella	4	TRUE	environmental_samples	
BTO:0001253	22	NCBITaxon:118747	Bulleidia	4	TRUE	environmental_samples	
BTO:0001253	23	NCBITaxon:118882	Brucellaceae	4	TRUE	environmental_samples	
BTO:0001253	24	NCBITaxon:118968	Coxiellaceae	4	TRUE	environmental_samples	
BTO:0001253	25	NCBITaxon:118969	Legionellales	4	TRUE	environmental_samples	
BTO:0001268	1	NCBITaxon:1397850	Mycoplasmopsis californica HAZ160_1	3	TRUE	annotated_genomes_isolates	
BTO:0001268	2	NCBITaxon:316407	Escherichia coli str. K-12 substr. W3110	3	TRUE	annotated_genomes_isolates	
BTO:0001277	1	NCBITaxon:334406	Bacillus cereus NC7401	3	TRUE	annotated_genomes_isolates	
BTO:0001278	1	NCBITaxon:11146		3	TRUE	annotated_genomes_isolates	
BTO:0001278	2	NCBITaxon:11149		3	TRUE	annotated_genomes_isolates	
BTO:0001278	3	NCBITaxon:1498172		3	TRUE	annotated_genomes_isolates	
BTO:0001278	4	NCBITaxon:422139		3	TRUE	annotated_genomes_isolates	
BTO:0001278	5	NCBITaxon:422140		3	TRUE	annotated_genomes_isolates	
BTO:0001278	6	NCBITaxon:422141		3	TRUE	annotated_genomes_isolates	
BTO:0001278	7	NCBITaxon:422214		3	TRUE	annotated_genomes_isolates	
BTO:0001278	8	NCBITaxon:422215		3	TRUE	annotated_genomes_isolates	
BTO:0001278	9	NCBITaxon:422217		3	TRUE	annotated_genomes_isolates	
BTO:0001278	10	NCBITaxon:422218		3	TRUE	annotated_genomes_isolates	
BTO:0001278	11	NCBITaxon:422219		3	TRUE	annotated_genomes_isolates	
BTO:0001278	12	NCBITaxon:422220		3	TRUE	annotated_genomes_isolates	
BTO:0001278	13	NCBITaxon:46170		3	TRUE	annotated_genomes_isolates	
BTO:0001278	14	NCBITaxon:930166	Pseudomonas brassicacearum	3	TRUE	annotated_genomes_isolates	
BTO:0001278	15	NCBITaxon:948870		3	TRUE	annotated_genomes_isolates	
BTO:0001278	16	NCBITaxon:1107	Chloroflexus	1.38108	TRUE	environmental_samples	
BTO:0001278	17	NCBITaxon:1236	Gammaproteobacteria	1.38108	TRUE	environmental_samples	
BTO:0001278	18	NCBITaxon:219686	Gemmatimonadales	1.38108	TRUE	environmental_samples	
BTO:0001278	19	NCBITaxon:28211	Alphaproteobacteria	1.38108	TRUE	environmental_samples	
BTO:0001278	20	NCBITaxon:28216	Betaproteobacteria	1.38108	TRUE	environmental_samples	
BTO:0001278	21	NCBITaxon:543	Enterobacteriaceae	1.38108	TRUE	environmental_samples	
BTO:0001278	22	NCBITaxon:582	Morganella morganii	1.38108	TRUE	environmental_samples	
BTO:0001278	23	NCBITaxon:84642	Aeromonadaceae	1.38108	TRUE	environmental_samples	
BTO:0001278	24	NCBITaxon:1030	Thiothrix	1.35163	TRUE	environmental_samples	
BTO:0001278	25	NCBITaxon:1386	Bacillus <firmicutes>	1.35163	TRUE	environmental_samples	
BTO:0001279	1	NCBITaxon:529507	Proteus mirabilis HI4320	3	TRUE	annotated_genomes_isolates	
BTO:0001281	1	NCBITaxon:1133849	Nocardia brasiliensis ATCC 700358	3	TRUE	annotated_genomes_isolates	
BTO:0001281	2	NCBITaxon:1194086	Yersinia enterocolitica subsp. enterocolitica WA-314	3	TRUE	annotated_genomes_isolates	
BTO:0001281	3	NCBITaxon:1273539	Streptococcus iniae IUSA1	3	TRUE	annotated_genomes_isolates	
BTO:0001281	4	NCBITaxon:1334565	Listeria monocytogenes EGD	3	TRUE	annotated_genomes_isolates	
BTO:0001281	5	NCBITaxon:1348	Streptococcus parauberis	3	TRUE	annotated_genomes_isolates	
BTO:0001281	6	NCBITaxon:1359	Lactococcus cremoris	3	TRUE	annotated_genomes_isolates	
BTO:0001281	7	NCBITaxon:1450449	Mannheimia haemolytica serotype A1/A6 str. PKL10	3	TRUE	annotated_genomes_isolates	
BTO:0001281	8	NCBITaxon:152142	Mycolicibacterium holsaticum	3	TRUE	annotated_genomes_isolates	
BTO:0001281	9	NCBITaxon:1776	Mycolicibacterium flavescens	3	TRUE	annotated_genomes_isolates	
BTO:0001281	10	NCBITaxon:1778	Mycobacterium gordonae	3	TRUE	annotated_genomes_isolates	
BTO:0001281	11	NCBITaxon:1798	Mycolicibacillus trivialis	3	TRUE	annotated_genomes_isolates	
BTO:0001281	12	NCBITaxon:1867252	Borrelia hermsii HS1	3	TRUE	annotated_genomes_isolates	
BTO:0001281	13	NCBITaxon:220341	Salmonella enterica subsp. enterica serovar Typhi str. CT18	3	TRUE	annotated_genomes_isolates	
BTO:0001281	14	NCBITaxon:243061	Mycobacterium sherrisii	3	TRUE	annotated_genomes_isolates	
BTO:0001281	15	NCBITaxon:28445	Mycobacterium intermedium	3	TRUE	annotated_genomes_isolates	
BTO:0001281	16	NCBITaxon:29313	Mycobacterium shimoidei	3	TRUE	annotated_genomes_isolates	
BTO:0001281	17	NCBITaxon:393133	Listeria monocytogenes 10403S	3	TRUE	annotated_genomes_isolates	
BTO:0001281	18	NCBITaxon:39693	Mycolicibacterium porcinum	3	TRUE	annotated_genomes_isolates	
BTO:0001281	19	NCBITaxon:573	Klebsiella pneumoniae	3	TRUE	annotated_genomes_isolates	
BTO:0001281	20	NCBITaxon:72407	Klebsiella pneumoniae subsp. pneumoniae	3	TRUE	annotated_genomes_isolates	
BTO:0001281	21	NCBITaxon:83554	Chlamydia psittaci	3	TRUE	annotated_genomes_isolates	
BTO:0001287	1	NCBITaxon:1246995	Actinoplanes friuliensis DSM 7358	3	TRUE	annotated_genomes_isolates	
BTO:0001287	2	NCBITaxon:1834516	Pseudofrankia asymbiotica	3	TRUE	annotated_genomes_isolates	
BTO:0001287	3	NCBITaxon:588581	Ruminiclostridium papyrosolvens DSM 2782	3	TRUE	annotated_genomes_isolates	
BTO:0001297	1	NCBITaxon:1000561	Pseudomonas aeruginosa AES-1R	3	TRUE	annotated_genomes_isolates	
BTO:0001297	2	NCBITaxon:110505	Mycobacterium heckeshornense	3	TRUE	annotated_genomes_isolates	
BTO:0001297	3	NCBITaxon:1112856	Mycoplasmoides pneumoniae 309	3	TRUE	annotated_genomes_isolates	
BTO:0001297	4	NCBITaxon:1125630	Klebsiella pneumoniae subsp. pneumoniae HS11286	3	TRUE	annotated_genomes_isolates	
BTO:0001297	5	NCBITaxon:1141647	Nocardia arizonensis	3	TRUE	annotated_genomes_isolates	
BTO:0001297	6	NCBITaxon:1151061	Tsukamurella sp. 1534	3	TRUE	annotated_genomes_isolates	
BTO:0001297	7	NCBITaxon:1162286	Mycobacteroides abscessus M172	3	TRUE	annotated_genomes_isolates	
BTO:0001297	8	NCBITaxon:1162287	Mycobacteroides abscessus M115	3	TRUE	annotated_genomes_isolates	
BTO:0001297	9	NCBITaxon:1194165	Microbacterium yannicii PS01	3	TRUE	annotated_genomes_isolates	
BTO:0001297	10	NCBITaxon:1206734	Nocardia paucivorans NBRC 100373	3	TRUE	annotated_genomes_isolates	
BTO:0001297	11	NCBITaxon:1206739	Nocardia testacea NBRC 100365	3	TRUE	annotated_genomes_isolates	
BTO:0001297	12	NCBITaxon:1220554	Actinomadura chibensis NBRC 106107	3	TRUE	annotated_genomes_isolates	
BTO:0001297	13	NCBITaxon:1230343	Legionella anisa str. Linanisette	3	TRUE	annotated_genomes_isolates	
BTO:0001297	14	NCBITaxon:1334628	Burkholderia contaminans LMG 23361	3	TRUE	annotated_genomes_isolates	
BTO:0001297	15	NCBITaxon:1411141	Serratia ficaria NBRC 102596	3	TRUE	annotated_genomes_isolates	
BTO:0001297	16	NCBITaxon:1429886	Mycobacterium tuberculosis MTB-489	3	TRUE	annotated_genomes_isolates	
BTO:0001297	17	NCBITaxon:1429887	Mycobacterium tuberculosis MTB-476	3	TRUE	annotated_genomes_isolates	
BTO:0001297	18	NCBITaxon:1438822	Mycobacterium tuberculosis variant bovis B2 7505	3	TRUE	annotated_genomes_isolates	
BTO:0001297	19	NCBITaxon:1438823	Mycobacterium tuberculosis variant bovis Bz 31150	3	TRUE	annotated_genomes_isolates	
BTO:0001297	20	NCBITaxon:1458472	Mycobacterium tuberculosis CWCFVRF MDRTB 670	3	TRUE	annotated_genomes_isolates	
BTO:0001297	21	NCBITaxon:158836	Enterobacter hormaechei	3	TRUE	annotated_genomes_isolates	
BTO:0001297	22	NCBITaxon:1773	Mycobacterium tuberculosis	3	TRUE	annotated_genomes_isolates	
BTO:0001297	23	NCBITaxon:1807	Mycolicibacterium obuense	3	TRUE	annotated_genomes_isolates	
BTO:0001297	24	NCBITaxon:1812935	Enterobacter roggenkampii	3	TRUE	annotated_genomes_isolates	
BTO:0001297	25	NCBITaxon:208224	Enterobacter kobei	3	TRUE	annotated_genomes_isolates	
BTO:0001300	1	NCBITaxon:108411		4	TRUE	environmental_samples	
BTO:0001300	2	NCBITaxon:1243	Leuconostoc	4	TRUE	environmental_samples	
BTO:0001300	3	NCBITaxon:1268	Micrococcaceae	4	TRUE	environmental_samples	
BTO:0001300	4	NCBITaxon:1279	Staphylococcus	4	TRUE	environmental_samples	
BTO:0001300	5	NCBITaxon:13429		4	TRUE	environmental_samples	
BTO:0001300	6	NCBITaxon:1350	Enterococcus	4	TRUE	environmental_samples	
BTO:0001300	7	NCBITaxon:13559		4	TRUE	environmental_samples	
BTO:0001300	8	NCBITaxon:135621	Pseudomonadaceae	4	TRUE	environmental_samples	
BTO:0001300	9	NCBITaxon:13687	Sphingomonas	4	TRUE	environmental_samples	
BTO:0001300	10	NCBITaxon:1386	Bacillus <firmicutes>	4	TRUE	environmental_samples	
BTO:0001300	11	NCBITaxon:1578	Lactobacillus	4	TRUE	environmental_samples	
BTO:0001300	12	NCBITaxon:15945		4	TRUE	environmental_samples	
BTO:0001300	13	NCBITaxon:1661425		4	TRUE	environmental_samples	
BTO:0001300	14	NCBITaxon:1716	Corynebacterium	4	TRUE	environmental_samples	
BTO:0001300	15	NCBITaxon:1827	Rhodococcus <high G+C Gram-positive bacteria>	4	TRUE	environmental_samples	
BTO:0001300	16	NCBITaxon:186826	Lactobacillales	4	TRUE	environmental_samples	
BTO:0001300	17	NCBITaxon:2037	Actinomycetales	4	TRUE	environmental_samples	
BTO:0001300	18	NCBITaxon:28216	Betaproteobacteria	4	TRUE	environmental_samples	
BTO:0001300	19	NCBITaxon:286	Pseudomonas	4	TRUE	environmental_samples	
BTO:0001300	20	NCBITaxon:29656		4	TRUE	environmental_samples	
BTO:0001300	21	NCBITaxon:32033	Lysobacteraceae	4	TRUE	environmental_samples	
BTO:0001300	22	NCBITaxon:33882	Microbacterium	4	TRUE	environmental_samples	
BTO:0001300	23	NCBITaxon:35493		4	TRUE	environmental_samples	
BTO:0001300	24	NCBITaxon:356	Hyphomicrobiales	4	TRUE	environmental_samples	
BTO:0001300	25	NCBITaxon:357	Agrobacterium	4	TRUE	environmental_samples	
BTO:0001307	1	NCBITaxon:1265	Ruminococcus flavefaciens	4	TRUE	annotated_genomes_isolates	
BTO:0001307	2	NCBITaxon:1335	Streptococcus equinus	4	TRUE	annotated_genomes_isolates	
BTO:0001307	3	NCBITaxon:1351	Enterococcus faecalis	4	TRUE	annotated_genomes_isolates	
BTO:0001307	4	NCBITaxon:1396	Bacillus cereus	4	TRUE	annotated_genomes_isolates	
BTO:0001307	5	NCBITaxon:1526	[Clostridium] aminophilum	4	TRUE	annotated_genomes_isolates	
BTO:0001307	6	NCBITaxon:163	Treponema bryantii	4	TRUE	annotated_genomes_isolates	
BTO:0001307	7	NCBITaxon:1761780	Butyrivibrio sp. ob235	4	TRUE	annotated_genomes_isolates	
BTO:0001307	8	NCBITaxon:1761782	Enterobacter sp. kpr-6	4	TRUE	annotated_genomes_isolates	
BTO:0001307	9	NCBITaxon:1761783	Enterococcus sp. kppr-6	4	TRUE	annotated_genomes_isolates	
BTO:0001307	10	NCBITaxon:1761883	Prevotella sp. kh1p2	4	TRUE	annotated_genomes_isolates	
BTO:0001307	11	NCBITaxon:1761884	Prevotella sp. khp1	4	TRUE	annotated_genomes_isolates	
BTO:0001307	12	NCBITaxon:1761885	Prevotella sp. khp7	4	TRUE	annotated_genomes_isolates	
BTO:0001307	13	NCBITaxon:1761886	Prevotella sp. lc2012	4	TRUE	annotated_genomes_isolates	
BTO:0001307	14	NCBITaxon:1797112	Olsenella sp. kh2p3	4	TRUE	annotated_genomes_isolates	
BTO:0001307	15	NCBITaxon:1798168	Pseudobutyrivibrio sp. NOR37	4	TRUE	annotated_genomes_isolates	
BTO:0001307	16	NCBITaxon:1798184	Sarcina sp. DSM 11001	4	TRUE	annotated_genomes_isolates	
BTO:0001307	17	NCBITaxon:1798185	Pseudobutyrivibrio sp. UC1225	4	TRUE	annotated_genomes_isolates	
BTO:0001307	18	NCBITaxon:1798186	Pseudobutyrivibrio sp. OR37	4	TRUE	annotated_genomes_isolates	
BTO:0001307	19	NCBITaxon:1898203	Lachnospiraceae bacterium	4	TRUE	annotated_genomes_isolates	
BTO:0001307	20	NCBITaxon:1898205		4	TRUE	annotated_genomes_isolates	
BTO:0001307	21	NCBITaxon:1898207	Clostridiales bacterium	4	TRUE	annotated_genomes_isolates	
BTO:0001307	22	NCBITaxon:1908203	uncultured Methanomethylophilus sp.	4	TRUE	annotated_genomes_isolates	
BTO:0001307	23	NCBITaxon:1945874	Fibrobacter sp. UWB16	4	TRUE	annotated_genomes_isolates	
BTO:0001307	24	NCBITaxon:1945884	Olsenella sp. KH1P3	4	TRUE	annotated_genomes_isolates	
BTO:0001307	25	NCBITaxon:253161	uncultured Methanobrevibacter sp.	4	TRUE	annotated_genomes_isolates	
BTO:0001308	1	NCBITaxon:102618	Helicobacter pylori NCTC 11637 = CCUG 17874 = ATCC 43504 = JCM 12093	3	TRUE	annotated_genomes_isolates	
BTO:0001308	2	NCBITaxon:1069378		3	TRUE	annotated_genomes_isolates	
BTO:0001308	3	NCBITaxon:1145111	Helicobacter pylori R030b	3	TRUE	annotated_genomes_isolates	
BTO:0001308	4	NCBITaxon:1145112	Helicobacter pylori R32b	3	TRUE	annotated_genomes_isolates	
BTO:0001308	5	NCBITaxon:1145114	Helicobacter pylori R037c	3	TRUE	annotated_genomes_isolates	
BTO:0001308	6	NCBITaxon:1145115	Helicobacter pylori R038b	3	TRUE	annotated_genomes_isolates	
BTO:0001308	7	NCBITaxon:1145116	Helicobacter pylori R046Wa	3	TRUE	annotated_genomes_isolates	
BTO:0001308	8	NCBITaxon:1145118	Helicobacter pylori R056a	3	TRUE	annotated_genomes_isolates	
BTO:0001308	9	NCBITaxon:1216962	Helicobacter heilmannii ASB1.4	3	TRUE	annotated_genomes_isolates	
BTO:0001308	10	NCBITaxon:1234597	Brucella intermedia M86	3	TRUE	annotated_genomes_isolates	
BTO:0001308	11	NCBITaxon:1337887	Brucella intermedia 229E	3	TRUE	annotated_genomes_isolates	
BTO:0001308	12	NCBITaxon:1386083	Helicobacter pylori X47-2AL	3	TRUE	annotated_genomes_isolates	
BTO:0001308	13	NCBITaxon:210	Helicobacter pylori	3	TRUE	annotated_genomes_isolates	
BTO:0001308	14	NCBITaxon:85963	Helicobacter pylori J99	3	TRUE	annotated_genomes_isolates	
BTO:0001308	15	NCBITaxon:992013	Helicobacter pylori CPY1124	3	TRUE	annotated_genomes_isolates	
BTO:0001308	16	NCBITaxon:992014	Helicobacter pylori CPY1313	3	TRUE	annotated_genomes_isolates	
BTO:0001308	17	NCBITaxon:992016	Helicobacter pylori CPY1962	3	TRUE	annotated_genomes_isolates	
BTO:0001308	18	NCBITaxon:992017	Helicobacter pylori CPY3281	3	TRUE	annotated_genomes_isolates	
BTO:0001308	19	NCBITaxon:992018	Helicobacter pylori CPY6081	3	TRUE	annotated_genomes_isolates	
BTO:0001308	20	NCBITaxon:992019	Helicobacter pylori CPY6261	3	TRUE	annotated_genomes_isolates	
BTO:0001308	21	NCBITaxon:992020	Helicobacter pylori CPY6271	3	TRUE	annotated_genomes_isolates	
BTO:0001308	22	NCBITaxon:992022	Helicobacter pylori CPY6311	3	TRUE	annotated_genomes_isolates	
BTO:0001308	23	NCBITaxon:992023	Helicobacter pylori NQ4216	3	TRUE	annotated_genomes_isolates	
BTO:0001308	24	NCBITaxon:992024	Helicobacter pylori NQ4200	3	TRUE	annotated_genomes_isolates	
BTO:0001308	25	NCBITaxon:992025	Helicobacter pylori NQ4228	3	TRUE	annotated_genomes_isolates	
BTO:0001313	1	NCBITaxon:1117379	Neobacillus bataviensis LMG 21833	3	TRUE	annotated_genomes_isolates	
BTO:0001313	2	NCBITaxon:1131731	Schinkia azotoformans LMG 9581	3	TRUE	annotated_genomes_isolates	
BTO:0001313	3	NCBITaxon:1232724	Mycobacterium intracellulare subsp. intracellulare MTCC 9506	3	TRUE	annotated_genomes_isolates	
BTO:0001313	4	NCBITaxon:1265309	Tritonibacter mobilis F1926	3	TRUE	annotated_genomes_isolates	
BTO:0001313	5	NCBITaxon:1444768	Kitasatospora sp. MBT63	3	TRUE	annotated_genomes_isolates	
BTO:0001313	6	NCBITaxon:1502762	Janthinobacterium sp. RA13	3	TRUE	annotated_genomes_isolates	
BTO:0001313	7	NCBITaxon:1543381	Oleiagrimonas soli	3	TRUE	annotated_genomes_isolates	
BTO:0001313	8	NCBITaxon:203907	Candidatus Blochmanniella floridana	3	TRUE	annotated_genomes_isolates	
BTO:0001313	9	NCBITaxon:208964	Pseudomonas aeruginosa PAO1	3	TRUE	annotated_genomes_isolates	
BTO:0001313	10	NCBITaxon:216778	Stenotrophomonas rhizophila	3	TRUE	annotated_genomes_isolates	
BTO:0001313	11	NCBITaxon:359391	Brucella abortus 2308	3	TRUE	annotated_genomes_isolates	
BTO:0001313	12	NCBITaxon:477974	Candidatus Desulforudis audaxviator MP104C	3	TRUE	annotated_genomes_isolates	
BTO:0001313	13	NCBITaxon:693986	Methylobacterium oryzae CBMB20	3	TRUE	annotated_genomes_isolates	
BTO:0001313	14	NCBITaxon:768492	Serratia plymuthica AS9	3	TRUE	annotated_genomes_isolates	
BTO:0001313	15	NCBITaxon:870187	Thiothrix nivea DSM 5205	3	TRUE	annotated_genomes_isolates	
BTO:0001313	16	NCBITaxon:913324	gamma proteobacterium SCGC AAA001-B15	3	TRUE	annotated_genomes_isolates	
BTO:0001313	17	NCBITaxon:913327	gamma proteobacterium SCGC AAA007-O20	3	TRUE	annotated_genomes_isolates	
BTO:0001313	18	NCBITaxon:913329	SAR324 cluster bacterium SCGC AAA001-C10	3	TRUE	annotated_genomes_isolates	
BTO:0001313	19	NCBITaxon:913331	SAR324 cluster bacterium SCGC AAA240-J09	3	TRUE	annotated_genomes_isolates	
BTO:0001313	20	NCBITaxon:121719	Pannonibacter phragmitetus	1.50521	TRUE	environmental_samples	
BTO:0001313	21	NCBITaxon:1279	Staphylococcus	1.50521	TRUE	environmental_samples	
BTO:0001313	22	NCBITaxon:13159	Mycoplana	1.50521	TRUE	environmental_samples	
BTO:0001313	23	NCBITaxon:13429		1.50521	TRUE	environmental_samples	
BTO:0001313	24	NCBITaxon:13559		1.50521	TRUE	environmental_samples	
BTO:0001313	25	NCBITaxon:13687	Sphingomonas	1.50521	TRUE	environmental_samples	
BTO:0001339	1	NCBITaxon:1234367	Chlamydia pecorum PV3056/3	3	TRUE	annotated_genomes_isolates	
BTO:0001339	2	NCBITaxon:1234368	Chlamydia pecorum W73	3	TRUE	annotated_genomes_isolates	
BTO:0001339	3	NCBITaxon:1234369	Chlamydia pecorum P787	3	TRUE	annotated_genomes_isolates	
BTO:0001347	1	NCBITaxon:7719		3	TRUE	annotated_genomes_isolates	
BTO:0001368	1	NCBITaxon:1330043	Bacillus bombysepticus str. Wang	3	TRUE	annotated_genomes_isolates	
BTO:0001368	2	NCBITaxon:1773	Mycobacterium tuberculosis	3	TRUE	annotated_genomes_isolates	
BTO:0001370	1	NCBITaxon:1773	Mycobacterium tuberculosis	3	TRUE	annotated_genomes_isolates	
BTO:0001370	2	NCBITaxon:210	Helicobacter pylori	3	TRUE	annotated_genomes_isolates	
BTO:0001370	3	NCBITaxon:562	Escherichia coli	3	TRUE	annotated_genomes_isolates	
BTO:0001376	1	NCBITaxon:1292046	Desulfobulbus sp. oral taxon 041 str. Dsb1-5	3	TRUE	annotated_genomes_isolates	
BTO:0001376	2	NCBITaxon:1337054	Paenibacillus sp. A3	3	TRUE	annotated_genomes_isolates	
BTO:0001376	3	NCBITaxon:575564	Acinetobacter sp. RUH 2624	3	TRUE	annotated_genomes_isolates	
BTO:0001376	4	NCBITaxon:575585	Acinetobacter calcoaceticus RUH2202	3	TRUE	annotated_genomes_isolates	
BTO:0001376	5	NCBITaxon:575586	Acinetobacter johnsonii SH046	3	TRUE	annotated_genomes_isolates	
BTO:0001376	6	NCBITaxon:575587	Acinetobacter junii SH205	3	TRUE	annotated_genomes_isolates	
BTO:0001376	7	NCBITaxon:575588	Acinetobacter lwoffii SH145	3	TRUE	annotated_genomes_isolates	
BTO:0001376	8	NCBITaxon:575589	Acinetobacter radioresistens SH164	3	TRUE	annotated_genomes_isolates	
BTO:0001383	1	NCBITaxon:1408286	Parvimonas micra A293	3	TRUE	annotated_genomes_isolates	
BTO:0001383	2	NCBITaxon:1679001	Pasteurellaceae bacterium NI1060	3	TRUE	annotated_genomes_isolates	
BTO:0001385	1	NCBITaxon:1016	Capnocytophaga	4	TRUE	environmental_samples	
BTO:0001385	2	NCBITaxon:1018	Capnocytophaga ochracea	4	TRUE	environmental_samples	
BTO:0001385	3	NCBITaxon:109326	Anaerovorax	4	TRUE	environmental_samples	
BTO:0001385	4	NCBITaxon:117563	Granulicatella	4	TRUE	environmental_samples	
BTO:0001385	5	NCBITaxon:118747	Bulleidia	4	TRUE	environmental_samples	
BTO:0001385	6	NCBITaxon:118968	Coxiellaceae	4	TRUE	environmental_samples	
BTO:0001385	7	NCBITaxon:1257	Peptostreptococcus	4	TRUE	environmental_samples	
BTO:0001385	8	NCBITaxon:1261	Peptostreptococcus anaerobius	4	TRUE	environmental_samples	
BTO:0001385	9	NCBITaxon:1268	Micrococcaceae	4	TRUE	environmental_samples	
BTO:0001385	10	NCBITaxon:1269	Micrococcus	4	TRUE	environmental_samples	
BTO:0001385	11	NCBITaxon:1279	Staphylococcus	4	TRUE	environmental_samples	
BTO:0001385	12	NCBITaxon:1280	Staphylococcus aureus	4	TRUE	environmental_samples	
BTO:0001385	13	NCBITaxon:1300	Streptococcaceae	4	TRUE	environmental_samples	
BTO:0001385	14	NCBITaxon:1301	Streptococcus	4	TRUE	environmental_samples	
BTO:0001385	15	NCBITaxon:1328	Streptococcus anginosus	4	TRUE	environmental_samples	
BTO:0001385	16	NCBITaxon:1350	Enterococcus	4	TRUE	environmental_samples	
BTO:0001385	17	NCBITaxon:135083	Centipeda noxia	4	TRUE	environmental_samples	
BTO:0001385	18	NCBITaxon:1357	Lactococcus	4	TRUE	environmental_samples	
BTO:0001385	19	NCBITaxon:1378	Gemella	4	TRUE	environmental_samples	
BTO:0001385	20	NCBITaxon:1380	Atopobium	4	TRUE	environmental_samples	
BTO:0001385	21	NCBITaxon:1386	Bacillus <firmicutes>	4	TRUE	environmental_samples	
BTO:0001385	22	NCBITaxon:155493	Gallibacterium	4	TRUE	environmental_samples	
BTO:0001385	23	NCBITaxon:157	Treponema	4	TRUE	environmental_samples	
BTO:0001385	24	NCBITaxon:1578	Lactobacillus	4	TRUE	environmental_samples	
BTO:0001385	25	NCBITaxon:165179	Segatella copri	4	TRUE	environmental_samples	
BTO:0001387	1	NCBITaxon:1307	Streptococcus suis	3	TRUE	annotated_genomes_isolates	
BTO:0001388	1	NCBITaxon:1243	Leuconostoc	1.14527	TRUE	environmental_samples	
BTO:0001388	2	NCBITaxon:1268	Micrococcaceae	1.14527	TRUE	environmental_samples	
BTO:0001388	3	NCBITaxon:1279	Staphylococcus	1.14527	TRUE	environmental_samples	
BTO:0001388	4	NCBITaxon:1300	Streptococcaceae	1.14527	TRUE	environmental_samples	
BTO:0001388	5	NCBITaxon:1301	Streptococcus	1.14527	TRUE	environmental_samples	
BTO:0001388	6	NCBITaxon:1350	Enterococcus	1.14527	TRUE	environmental_samples	
BTO:0001388	7	NCBITaxon:135621	Pseudomonadaceae	1.14527	TRUE	environmental_samples	
BTO:0001388	8	NCBITaxon:135622	Alteromonadales	1.14527	TRUE	environmental_samples	
BTO:0001388	9	NCBITaxon:135624	Aeromonadales	1.14527	TRUE	environmental_samples	
BTO:0001388	10	NCBITaxon:1386	Bacillus <firmicutes>	1.14527	TRUE	environmental_samples	
BTO:0001388	11	NCBITaxon:1485	Clostridium	1.14527	TRUE	environmental_samples	
BTO:0001388	12	NCBITaxon:155493	Gallibacterium	1.14527	TRUE	environmental_samples	
BTO:0001388	13	NCBITaxon:1578	Lactobacillus	1.14527	TRUE	environmental_samples	
BTO:0001388	14	NCBITaxon:1598	Limosilactobacillus reuteri	1.14527	TRUE	environmental_samples	
BTO:0001388	15	NCBITaxon:1601	Ligilactobacillus agilis	1.14527	TRUE	environmental_samples	
BTO:0001388	16	NCBITaxon:1624	Ligilactobacillus salivarius	1.14527	TRUE	environmental_samples	
BTO:0001388	17	NCBITaxon:1716	Corynebacterium	1.14527	TRUE	environmental_samples	
BTO:0001388	18	NCBITaxon:186802	Eubacteriales	1.14527	TRUE	environmental_samples	
BTO:0001388	19	NCBITaxon:186803	Lachnospiraceae	1.14527	TRUE	environmental_samples	
BTO:0001388	20	NCBITaxon:186817	Bacillaceae	1.14527	TRUE	environmental_samples	
BTO:0001388	21	NCBITaxon:186818	Caryophanaceae	1.14527	TRUE	environmental_samples	
BTO:0001388	22	NCBITaxon:212791	Enhydrobacter	1.14527	TRUE	environmental_samples	
BTO:0001388	23	NCBITaxon:227979	Jeotgalicoccus	1.14527	TRUE	environmental_samples	
BTO:0001388	24	NCBITaxon:286	Pseudomonas	1.14527	TRUE	environmental_samples	
BTO:0001388	25	NCBITaxon:31979	Clostridiaceae	1.14527	TRUE	environmental_samples	
BTO:0001395	1	NCBITaxon:1261128	Pantoea agglomerans 299R	3	TRUE	annotated_genomes_isolates	
BTO:0001395	2	NCBITaxon:1348334	Lyngbya aestuarii BL J	3	TRUE	annotated_genomes_isolates	
BTO:0001400	1	NCBITaxon:1206776	Serratia plymuthica A30	3	TRUE	annotated_genomes_isolates	
BTO:0001400	2	NCBITaxon:1267545	Pectobacterium carotovorum subsp. carotovorum ICMP 5702	3	TRUE	annotated_genomes_isolates	
BTO:0001400	3	NCBITaxon:1289594	Pectobacterium atrosepticum CFBP 6276	3	TRUE	annotated_genomes_isolates	
BTO:0001400	4	NCBITaxon:1395579	Enterobacter sp. DC3	3	TRUE	annotated_genomes_isolates	
BTO:0001400	5	NCBITaxon:1395580	Enterobacter sp. DC4	3	TRUE	annotated_genomes_isolates	
BTO:0001400	6	NCBITaxon:294	Pseudomonas fluorescens	3	TRUE	annotated_genomes_isolates	
BTO:0001400	7	NCBITaxon:314330	Enterobacter sp. DC1	3	TRUE	annotated_genomes_isolates	
BTO:0001400	8	NCBITaxon:4113		3	TRUE	annotated_genomes_isolates	
BTO:0001412	1	NCBITaxon:1392869	Escherichia coli K1	3	TRUE	annotated_genomes_isolates	
BTO:0001419	1	NCBITaxon:1155385	Proteiniclasticum	4	TRUE	environmental_samples	
BTO:0001419	2	NCBITaxon:117563	Granulicatella	4	TRUE	environmental_samples	
BTO:0001419	3	NCBITaxon:119045	Methylobacteriaceae	4	TRUE	environmental_samples	
BTO:0001419	4	NCBITaxon:1236	Gammaproteobacteria	4	TRUE	environmental_samples	
BTO:0001419	5	NCBITaxon:1261	Peptostreptococcus anaerobius	4	TRUE	environmental_samples	
BTO:0001419	6	NCBITaxon:1279	Staphylococcus	4	TRUE	environmental_samples	
BTO:0001419	7	NCBITaxon:1280	Staphylococcus aureus	4	TRUE	environmental_samples	
BTO:0001419	8	NCBITaxon:1282	Staphylococcus epidermidis	4	TRUE	environmental_samples	
BTO:0001419	9	NCBITaxon:12916	Acidovorax	4	TRUE	environmental_samples	
BTO:0001419	10	NCBITaxon:1300	Streptococcaceae	4	TRUE	environmental_samples	
BTO:0001419	11	NCBITaxon:1301	Streptococcus	4	TRUE	environmental_samples	
BTO:0001419	12	NCBITaxon:1310	Streptococcus sobrinus	4	TRUE	environmental_samples	
BTO:0001419	13	NCBITaxon:1311	Streptococcus agalactiae	4	TRUE	environmental_samples	
BTO:0001419	14	NCBITaxon:13159	Mycoplana	4	TRUE	environmental_samples	
BTO:0001419	15	NCBITaxon:1328	Streptococcus anginosus	4	TRUE	environmental_samples	
BTO:0001419	16	NCBITaxon:1350	Enterococcus	4	TRUE	environmental_samples	
BTO:0001419	17	NCBITaxon:135621	Pseudomonadaceae	4	TRUE	environmental_samples	
BTO:0001419	18	NCBITaxon:135624	Aeromonadales	4	TRUE	environmental_samples	
BTO:0001419	19	NCBITaxon:1357	Lactococcus	4	TRUE	environmental_samples	
BTO:0001419	20	NCBITaxon:13687	Sphingomonas	4	TRUE	environmental_samples	
BTO:0001419	21	NCBITaxon:1375	Aerococcus	4	TRUE	environmental_samples	
BTO:0001419	22	NCBITaxon:1378	Gemella	4	TRUE	environmental_samples	
BTO:0001419	23	NCBITaxon:1380	Atopobium	4	TRUE	environmental_samples	
BTO:0001419	24	NCBITaxon:1386	Bacillus <firmicutes>	4	TRUE	environmental_samples	
BTO:0001419	25	NCBITaxon:147802	Lactobacillus iners	4	TRUE	environmental_samples	
BTO:0001421	1	NCBITaxon:990303		3	TRUE	annotated_genomes_isolates	
BTO:0001424	1	NCBITaxon:1072256	Corynebacterium uterequi	3	TRUE	annotated_genomes_isolates	
BTO:0001424	2	NCBITaxon:1448141	Trueperella pyogenes MS249	3	TRUE	annotated_genomes_isolates	
BTO:0001424	3	NCBITaxon:1450517	Escherichia coli MS499	3	TRUE	annotated_genomes_isolates	
BTO:0001424	4	NCBITaxon:1661	Trueperella pyogenes	3	TRUE	annotated_genomes_isolates	
BTO:0001424	5	NCBITaxon:562	Escherichia coli	3	TRUE	annotated_genomes_isolates	
BTO:0001424	6	NCBITaxon:83334	Escherichia coli O157:H7	3	TRUE	annotated_genomes_isolates	
BTO:0001426	1	NCBITaxon:1120933	Actinotignum urinale DSM 15805	4	TRUE	annotated_genomes_isolates	
BTO:0001426	2	NCBITaxon:1122247	Mycolicibacterium hassiacum DSM 44199	4	TRUE	annotated_genomes_isolates	
BTO:0001426	3	NCBITaxon:1122619	Oligella ureolytica DSM 18253	4	TRUE	annotated_genomes_isolates	
BTO:0001426	4	NCBITaxon:80878	Acidovorax temperans	4	TRUE	annotated_genomes_isolates	
BTO:0001426	5	NCBITaxon:865938	Weeksella virosa DSM 16922	4	TRUE	annotated_genomes_isolates	
BTO:0001426	6	NCBITaxon:866789	Escherichia coli DSM 30083 = JCM 1649 = ATCC 11775	4	TRUE	annotated_genomes_isolates	
BTO:0001426	7	NCBITaxon:1292038	Cutibacterium acnes PA2	3	TRUE	annotated_genomes_isolates	
BTO:0001426	8	NCBITaxon:1292046	Desulfobulbus sp. oral taxon 041 str. Dsb1-5	3	TRUE	annotated_genomes_isolates	
BTO:0001426	9	NCBITaxon:1292372	Cutibacterium avidum TM16	3	TRUE	annotated_genomes_isolates	
BTO:0001426	10	NCBITaxon:1336203	Pseudomonas aeruginosa MH38	3	TRUE	annotated_genomes_isolates	
BTO:0001426	11	NCBITaxon:287	Pseudomonas aeruginosa	3	TRUE	annotated_genomes_isolates	
BTO:0001426	12	NCBITaxon:29575	Taylorella equigenitalis	3	TRUE	annotated_genomes_isolates	
BTO:0001426	13	NCBITaxon:548477	Corynebacterium glucuronolyticum ATCC 51867	3	TRUE	annotated_genomes_isolates	
BTO:0001432	1	NCBITaxon:190485	Xanthomonas campestris pv. campestris str. ATCC 33913	3	TRUE	annotated_genomes_isolates	
BTO:0001432	2	NCBITaxon:190486		3	TRUE	annotated_genomes_isolates	
BTO:0001432	3	NCBITaxon:383407	Xanthomonas oryzae pv. oryzicola BLS256	3	TRUE	annotated_genomes_isolates	
BTO:0001432	4	NCBITaxon:990315	Xanthomonas campestris pv. raphani 756C	3	TRUE	annotated_genomes_isolates	
BTO:0001434	1	NCBITaxon:1029718	Candidatus Arthromitus sp. SFB-mouse-Japan	3	TRUE	annotated_genomes_isolates	
BTO:0001434	2	NCBITaxon:1037911	Pseudomonas fluorescens A506	3	TRUE	annotated_genomes_isolates	
BTO:0001434	3	NCBITaxon:1114962	Actinoalloteichus spitiensis RMV-1378	3	TRUE	annotated_genomes_isolates	
BTO:0001434	4	NCBITaxon:1232203	Bacillus thuringiensis serovar aizawai str. Leapi01	3	TRUE	annotated_genomes_isolates	
BTO:0001434	5	NCBITaxon:1238885	Bacillus thuringiensis serovar aizawai str. Hu4-2	3	TRUE	annotated_genomes_isolates	
BTO:0001434	6	NCBITaxon:1240678	Streptomyces natalensis ATCC 27448	3	TRUE	annotated_genomes_isolates	
BTO:0001434	7	NCBITaxon:1324966	Bacillus thuringiensis T01-328	3	TRUE	annotated_genomes_isolates	
BTO:0001434	8	NCBITaxon:1346614	Serratia liquefaciens ATCC 27592	3	TRUE	annotated_genomes_isolates	
BTO:0001434	9	NCBITaxon:1408	Bacillus pumilus	3	TRUE	annotated_genomes_isolates	
BTO:0001434	10	NCBITaxon:1435357	Bacillus anthracis str. V770-NP1-R	3	TRUE	annotated_genomes_isolates	
BTO:0001434	11	NCBITaxon:315750	Bacillus pumilus SAFR-032	3	TRUE	annotated_genomes_isolates	
BTO:0001434	12	NCBITaxon:340345	Actinoalloteichus hymeniacidonis	3	TRUE	annotated_genomes_isolates	
BTO:0001434	13	NCBITaxon:386415	Clostridium novyi NT	3	TRUE	annotated_genomes_isolates	
BTO:0001434	14	NCBITaxon:402676	Schizosaccharomyces japonicus yFS275	3	TRUE	annotated_genomes_isolates	
BTO:0001434	15	NCBITaxon:500485	Penicillium rubens Wisconsin 54-1255	3	TRUE	annotated_genomes_isolates	
BTO:0001434	16	NCBITaxon:562	Escherichia coli	3	TRUE	annotated_genomes_isolates	
BTO:0001434	17	NCBITaxon:63737	Nostoc punctiforme PCC 73102	3	TRUE	annotated_genomes_isolates	
BTO:0001434	18	NCBITaxon:888845	Minicystis rosea	3	TRUE	annotated_genomes_isolates	
BTO:0001444	1	NCBITaxon:1093100		3	TRUE	annotated_genomes_isolates	
BTO:0001444	2	NCBITaxon:1093672		3	TRUE	annotated_genomes_isolates	
BTO:0001444	3	NCBITaxon:1225791		3	TRUE	annotated_genomes_isolates	
BTO:0001444	4	NCBITaxon:1225792		3	TRUE	annotated_genomes_isolates	
BTO:0001444	5	NCBITaxon:1225793		3	TRUE	annotated_genomes_isolates	
BTO:0001444	6	NCBITaxon:1292046	Desulfobulbus sp. oral taxon 041 str. Dsb1-5	3	TRUE	annotated_genomes_isolates	
BTO:0001444	7	NCBITaxon:1354301	Clostridium sp. BL8	3	TRUE	annotated_genomes_isolates	
BTO:0001444	8	NCBITaxon:1359204	Rickettsia rhipicephali str. HJ#5	3	TRUE	annotated_genomes_isolates	
BTO:0001444	9	NCBITaxon:1429916	Afipia sp. P52-10	3	TRUE	annotated_genomes_isolates	
BTO:0001447	1	NCBITaxon:1016	Capnocytophaga	4	TRUE	environmental_samples	
BTO:0001447	2	NCBITaxon:1018	Capnocytophaga ochracea	4	TRUE	environmental_samples	
BTO:0001447	3	NCBITaxon:1154585	Gaiellaceae	4	TRUE	environmental_samples	
BTO:0001447	4	NCBITaxon:117563	Granulicatella	4	TRUE	environmental_samples	
BTO:0001447	5	NCBITaxon:118747	Bulleidia	4	TRUE	environmental_samples	
BTO:0001447	6	NCBITaxon:119045	Methylobacteriaceae	4	TRUE	environmental_samples	
BTO:0001447	7	NCBITaxon:1243	Leuconostoc	4	TRUE	environmental_samples	
BTO:0001447	8	NCBITaxon:1263	Ruminococcus	4	TRUE	environmental_samples	
BTO:0001447	9	NCBITaxon:1268	Micrococcaceae	4	TRUE	environmental_samples	
BTO:0001447	10	NCBITaxon:1269	Micrococcus	4	TRUE	environmental_samples	
BTO:0001447	11	NCBITaxon:1270	Micrococcus luteus	4	TRUE	environmental_samples	
BTO:0001447	12	NCBITaxon:1279	Staphylococcus	4	TRUE	environmental_samples	
BTO:0001447	13	NCBITaxon:1280	Staphylococcus aureus	4	TRUE	environmental_samples	
BTO:0001447	14	NCBITaxon:1282	Staphylococcus epidermidis	4	TRUE	environmental_samples	
BTO:0001447	15	NCBITaxon:1283	Staphylococcus haemolyticus	4	TRUE	environmental_samples	
BTO:0001447	16	NCBITaxon:1298	Deinococcus	4	TRUE	environmental_samples	
BTO:0001447	17	NCBITaxon:1300	Streptococcaceae	4	TRUE	environmental_samples	
BTO:0001447	18	NCBITaxon:1301	Streptococcus	4	TRUE	environmental_samples	
BTO:0001447	19	NCBITaxon:13159	Mycoplana	4	TRUE	environmental_samples	
BTO:0001447	20	NCBITaxon:1328	Streptococcus anginosus	4	TRUE	environmental_samples	
BTO:0001447	21	NCBITaxon:135621	Pseudomonadaceae	4	TRUE	environmental_samples	
BTO:0001447	22	NCBITaxon:1357	Lactococcus	4	TRUE	environmental_samples	
BTO:0001447	23	NCBITaxon:13687	Sphingomonas	4	TRUE	environmental_samples	
BTO:0001447	24	NCBITaxon:1375	Aerococcus	4	TRUE	environmental_samples	
BTO:0001447	25	NCBITaxon:1378	Gemella	4	TRUE	environmental_samples	
BTO:0001457	1	NCBITaxon:1292046	Desulfobulbus sp. oral taxon 041 str. Dsb1-5	3	TRUE	annotated_genomes_isolates	
BTO:0001457	2	NCBITaxon:411465	Parvimonas micra ATCC 33270	3	TRUE	annotated_genomes_isolates	
BTO:0001468	1	NCBITaxon:1096546	Methylobacterium sp. GXF4	3	TRUE	annotated_genomes_isolates	
BTO:0001468	2	NCBITaxon:1189304	Sodalis-like symbiont of Philaenus spumarius	3	TRUE	annotated_genomes_isolates	
BTO:0001468	3	NCBITaxon:1343076	Candidatus Karelsulcia muelleri str. Sulcia-ALF	3	TRUE	annotated_genomes_isolates	
BTO:0001468	4	NCBITaxon:1343077	Candidatus Nasuia deltocephalinicola str. NAS-ALF	3	TRUE	annotated_genomes_isolates	
BTO:0001468	5	NCBITaxon:160492	Xylella fastidiosa 9a5c	3	TRUE	annotated_genomes_isolates	
BTO:0001468	6	NCBITaxon:1730094	Methylobacterium sp. GXS13	3	TRUE	annotated_genomes_isolates	
BTO:0001468	7	NCBITaxon:183190	Xylella fastidiosa Temecula1	3	TRUE	annotated_genomes_isolates	
BTO:0001468	8	NCBITaxon:281090	Leifsonia xyli subsp. xyli str. CTCB07	3	TRUE	annotated_genomes_isolates	
BTO:0001468	9	NCBITaxon:29447	Xanthomonas albilineans	3	TRUE	annotated_genomes_isolates	
BTO:0001468	10	NCBITaxon:305	Ralstonia solanacearum	3	TRUE	annotated_genomes_isolates	
BTO:0001468	11	NCBITaxon:374463	Baumannia cicadellinicola str. Hc (Homalodisca coagulata)	3	TRUE	annotated_genomes_isolates	
BTO:0001468	12	NCBITaxon:374675	Candidatus Karelsulcia muelleri str. Hc (Homalodisca coagulata)	3	TRUE	annotated_genomes_isolates	
BTO:0001468	13	NCBITaxon:380358	Xanthomonas albilineans GPE PC73	3	TRUE	annotated_genomes_isolates	
BTO:0001468	14	NCBITaxon:438753	Azorhizobium caulinodans ORS 571	3	TRUE	annotated_genomes_isolates	
BTO:0001468	15	NCBITaxon:443906	Clavibacter michiganensis subsp. michiganensis NCPPB 382	3	TRUE	annotated_genomes_isolates	
BTO:0001468	16	NCBITaxon:526221	Verticillium alfalfae VaMs.102	3	TRUE	annotated_genomes_isolates	
BTO:0001470	1	NCBITaxon:1261128	Pantoea agglomerans 299R	3	TRUE	annotated_genomes_isolates	
BTO:0001472	1	NCBITaxon:1528099	Lawsonella clevelandensis	3	TRUE	annotated_genomes_isolates	
BTO:0001472	2	NCBITaxon:1691979	Chitinophagaceae bacterium PMP191F	3	TRUE	annotated_genomes_isolates	
BTO:0001477	1	NCBITaxon:1088719	Aliivibrio fischeri SR5	3	TRUE	annotated_genomes_isolates	
BTO:0001477	2	NCBITaxon:312309	Aliivibrio fischeri ES114	3	TRUE	annotated_genomes_isolates	
BTO:0001477	3	NCBITaxon:388396	Aliivibrio fischeri MJ11	3	TRUE	annotated_genomes_isolates	
BTO:0001477	4	NCBITaxon:668	Aliivibrio fischeri	3	TRUE	annotated_genomes_isolates	
BTO:0001481	1	NCBITaxon:10	Cellvibrio	4	TRUE	environmental_samples	
BTO:0001481	2	NCBITaxon:1001994	Nitrosarchaeum koreense MY1	4	TRUE	annotated_genomes_isolates	
BTO:0001481	3	NCBITaxon:1004	Chitinophaga sancti	4	TRUE	annotated_genomes_isolates	
BTO:0001481	4	NCBITaxon:1005038	Fimbriimonas	4	TRUE	environmental_samples	
BTO:0001481	5	NCBITaxon:1011	Sporocytophaga	4	TRUE	environmental_samples	
BTO:0001481	6	NCBITaxon:101489	Xylanimonas pachnodae	4	TRUE	environmental_samples	
BTO:0001481	7	NCBITaxon:102234	Cyanobacterium	4	TRUE	environmental_samples	
BTO:0001481	8	NCBITaxon:102897	Parafrankia sp. EUN1f	4	TRUE	annotated_genomes_isolates	
BTO:0001481	9	NCBITaxon:1032526	Pedosphaera	4	TRUE	environmental_samples	
BTO:0001481	10	NCBITaxon:1033992	Ectopseudomonas oleovorans MOIL14HWK12	4	TRUE	annotated_genomes_isolates	
BTO:0001481	11	NCBITaxon:1033993	Pseudomonas sp. MOIL14HWK12:I1	4	TRUE	annotated_genomes_isolates	
BTO:0001481	12	NCBITaxon:1033994	Pseudomonas sp. MOIL14HWK12:I2	4	TRUE	annotated_genomes_isolates	
BTO:0001481	13	NCBITaxon:1034377		4	TRUE	annotated_genomes_isolates	
BTO:0001481	14	NCBITaxon:1035309	Ceratocystis fimbriata CBS 114723	4	TRUE	annotated_genomes_isolates	
BTO:0001481	15	NCBITaxon:103723		4	TRUE	annotated_genomes_isolates	
BTO:0001481	16	NCBITaxon:103728	Actinokineospora diospyrosa	4	TRUE	environmental_samples	
BTO:0001481	17	NCBITaxon:1038858	Azorhizobium doebereinerae UFLA1-100	4	TRUE	annotated_genomes_isolates	
BTO:0001481	18	NCBITaxon:1038859	Bradyrhizobium murdochi	4	TRUE	annotated_genomes_isolates	
BTO:0001481	19	NCBITaxon:1038860	Bradyrhizobium elkanii WSM2783	4	TRUE	annotated_genomes_isolates	
BTO:0001481	20	NCBITaxon:1038861	Bradyrhizobium japonicum USDA 122	4	TRUE	annotated_genomes_isolates	
BTO:0001481	21	NCBITaxon:1038862	Bradyrhizobium japonicum USDA 124	4	TRUE	annotated_genomes_isolates	
BTO:0001481	22	NCBITaxon:1038863	Bradyrhizobium japonicum USDA 135	4	TRUE	annotated_genomes_isolates	
BTO:0001481	23	NCBITaxon:1038864	Bradyrhizobium ottawense USDA 4	4	TRUE	annotated_genomes_isolates	
BTO:0001481	24	NCBITaxon:1038866	Bradyrhizobium sp. WSM2793	4	TRUE	annotated_genomes_isolates	
BTO:0001481	25	NCBITaxon:1038867	Bradyrhizobium sp. WSM3983	4	TRUE	annotated_genomes_isolates	
BTO:0001486	1	NCBITaxon:1150475	Bacillus velezensis UCMB5036	3	TRUE	annotated_genomes_isolates	
BTO:0001486	2	NCBITaxon:1150867	Kingella kingae PYKK081	3	TRUE	annotated_genomes_isolates	
BTO:0001486	3	NCBITaxon:1219037	Sphingobium xenophagum NBRC 107872	3	TRUE	annotated_genomes_isolates	
BTO:0001486	4	NCBITaxon:1550035	Streptomyces sp. NBRC 109706	3	TRUE	annotated_genomes_isolates	
BTO:0001486	5	NCBITaxon:321614	Parastagonospora nodorum SN15	3	TRUE	annotated_genomes_isolates	
BTO:0001486	6	NCBITaxon:326423	Bacillus velezensis FZB42	3	TRUE	annotated_genomes_isolates	
BTO:0001486	7	NCBITaxon:439235	Desulfatibacillum alkenivorans AK-01	3	TRUE	annotated_genomes_isolates	
BTO:0001486	8	NCBITaxon:68170	Lentzea aerocolonigenes	3	TRUE	annotated_genomes_isolates	
BTO:0001487	1	NCBITaxon:1578	Lactobacillus	1.45999	TRUE	environmental_samples	
BTO:0001487	2	NCBITaxon:186802	Eubacteriales	1.45999	TRUE	environmental_samples	
BTO:0001487	3	NCBITaxon:1301	Streptococcus	1.35676	TRUE	environmental_samples	
BTO:0001487	4	NCBITaxon:186826	Lactobacillales	1.29902	TRUE	environmental_samples	
BTO:0001487	5	NCBITaxon:186803	Lachnospiraceae	1.23626	TRUE	environmental_samples	
BTO:0001487	6	NCBITaxon:816	Bacteroides	1.2027	TRUE	environmental_samples	
BTO:0001487	7	NCBITaxon:1243	Leuconostoc	1.16751	TRUE	environmental_samples	
BTO:0001487	8	NCBITaxon:1263	Ruminococcus	1.16751	TRUE	environmental_samples	
BTO:0001487	9	NCBITaxon:35493		1.16751	TRUE	environmental_samples	
BTO:0001487	10	NCBITaxon:541000		1.16751	TRUE	environmental_samples	
BTO:0001487	11	NCBITaxon:189330	Dorea	1.13051	TRUE	environmental_samples	
BTO:0001487	12	NCBITaxon:2740	Peptococcus	1.13051	TRUE	environmental_samples	
BTO:0001487	13	NCBITaxon:543	Enterobacteriaceae	1.13051	TRUE	environmental_samples	
BTO:0001487	14	NCBITaxon:128827	Erysipelotrichaceae	1.09151	TRUE	environmental_samples	
BTO:0001487	15	NCBITaxon:1386	Bacillus <firmicutes>	1.09151	TRUE	environmental_samples	
BTO:0001487	16	NCBITaxon:171550	Rikenellaceae	1.09151	TRUE	environmental_samples	
BTO:0001487	17	NCBITaxon:55087		1.09151	TRUE	environmental_samples	
BTO:0001487	18	NCBITaxon:572511	Blautia	1.09151	TRUE	environmental_samples	
BTO:0001487	19	NCBITaxon:119852	Oscillospira	1.05027	TRUE	environmental_samples	
BTO:0001487	20	NCBITaxon:1245	Leuconostoc mesenteroides	1.05027	TRUE	environmental_samples	
BTO:0001487	21	NCBITaxon:33042	Coprococcus	1.05027	TRUE	environmental_samples	
BTO:0001487	22	NCBITaxon:33967	Leuconostoc mesenteroides subsp. mesenteroides	1.05027	TRUE	environmental_samples	
BTO:0001487	23	NCBITaxon:1350	Enterococcus	1.00654	TRUE	environmental_samples	
BTO:0001487	24	NCBITaxon:1485	Clostridium	1.00654	TRUE	environmental_samples	
BTO:0001487	25	NCBITaxon:171549	Bacteroidales	1.00654	TRUE	environmental_samples	
BTO:0001493	1	NCBITaxon:1170318	Cutibacterium avidum 44067	3	TRUE	annotated_genomes_isolates	
BTO:0001493	2	NCBITaxon:394958	Clostridium taeniosporum	3	TRUE	annotated_genomes_isolates	
BTO:0001493	3	NCBITaxon:7719		3	TRUE	annotated_genomes_isolates	
BTO:0001493	4	NCBITaxon:12949		1.42273	TRUE	environmental_samples	
BTO:0001493	5	NCBITaxon:13559		1.42273	TRUE	environmental_samples	
BTO:0001493	6	NCBITaxon:15945		1.42273	TRUE	environmental_samples	
BTO:0001493	7	NCBITaxon:286	Pseudomonas	1.42273	TRUE	environmental_samples	
BTO:0001493	8	NCBITaxon:35493		1.42273	TRUE	environmental_samples	
BTO:0001493	9	NCBITaxon:373	Gillisella vitis	1.42273	TRUE	environmental_samples	
BTO:0001493	10	NCBITaxon:41294	Nitrobacteraceae	1.42273	TRUE	environmental_samples	
BTO:0001493	11	NCBITaxon:41297	Sphingomonadaceae	1.42273	TRUE	environmental_samples	
BTO:0001493	12	NCBITaxon:4432		1.42273	TRUE	environmental_samples	
BTO:0001493	13	NCBITaxon:551	Erwinia	1.42273	TRUE	environmental_samples	
BTO:0001493	14	NCBITaxon:665874	Limnohabitans	1.42273	TRUE	environmental_samples	
BTO:0001493	15	NCBITaxon:75682	Oxalobacteraceae	1.42273	TRUE	environmental_samples	
BTO:0001493	16	NCBITaxon:76892	Caulobacteraceae	1.42273	TRUE	environmental_samples	
BTO:0001493	17	NCBITaxon:80864	Comamonadaceae	1.42273	TRUE	environmental_samples	
BTO:0001493	18	NCBITaxon:85961		1.42273	TRUE	environmental_samples	
BTO:0001493	19	NCBITaxon:119060	Burkholderiaceae	1.40297	TRUE	environmental_samples	
BTO:0001493	20	NCBITaxon:1268	Micrococcaceae	1.40297	TRUE	environmental_samples	
BTO:0001493	21	NCBITaxon:13687	Sphingomonas	1.40297	TRUE	environmental_samples	
BTO:0001493	22	NCBITaxon:204432	Terriglobia	1.40297	TRUE	environmental_samples	
BTO:0001493	23	NCBITaxon:33973	Acidobacterium	1.40297	TRUE	environmental_samples	
BTO:0001493	24	NCBITaxon:34073	Variovorax paradoxus	1.40297	TRUE	environmental_samples	
BTO:0001493	25	NCBITaxon:357	Agrobacterium	1.40297	TRUE	environmental_samples	
BTO:0001522	1	NCBITaxon:375177	Haemophilus influenzae 3655	3	TRUE	annotated_genomes_isolates	
BTO:0001540	1	NCBITaxon:1351	Enterococcus faecalis	3	TRUE	annotated_genomes_isolates	
BTO:0001540	2	NCBITaxon:1598	Limosilactobacillus reuteri	3	TRUE	annotated_genomes_isolates	
BTO:0001540	3	NCBITaxon:1796613	Bacteroides caecimuris	3	TRUE	annotated_genomes_isolates	
BTO:0001540	4	NCBITaxon:1796616	Blautia pseudococcoides	3	TRUE	annotated_genomes_isolates	
BTO:0001540	5	NCBITaxon:1796646	Muribaculum intestinale	3	TRUE	annotated_genomes_isolates	
BTO:0001540	6	NCBITaxon:1834196	Lachnoclostridium sp. YL32	3	TRUE	annotated_genomes_isolates	
BTO:0001540	7	NCBITaxon:1834198	Hungateiclostridiaceae bacterium KB18	3	TRUE	annotated_genomes_isolates	
BTO:0001540	8	NCBITaxon:1834205	Burkholderiales bacterium YL45	3	TRUE	annotated_genomes_isolates	
BTO:0001540	9	NCBITaxon:1834207	Erysipelotrichaceae bacterium I46	3	TRUE	annotated_genomes_isolates	
BTO:0001540	10	NCBITaxon:239935	Akkermansia muciniphila	3	TRUE	annotated_genomes_isolates	
BTO:0001540	11	NCBITaxon:292800	Flavonifractor plautii	3	TRUE	annotated_genomes_isolates	
BTO:0001540	12	NCBITaxon:302912	Bifidobacterium animalis subsp. animalis	3	TRUE	annotated_genomes_isolates	
BTO:0001551	1	NCBITaxon:1126627	Bradyrhizobium sp. DOA9	3	TRUE	annotated_genomes_isolates	
BTO:0001551	2	NCBITaxon:316407	Escherichia coli str. K-12 substr. W3110	3	TRUE	annotated_genomes_isolates	
BTO:0001551	3	NCBITaxon:438753	Azorhizobium caulinodans ORS 571	3	TRUE	annotated_genomes_isolates	
BTO:0001565	1	NCBITaxon:1254439	Bifidobacterium thermophilum RBL67	3	TRUE	annotated_genomes_isolates	
BTO:0001591	1	NCBITaxon:1306952	Pediococcus acidilactici D3	3	TRUE	annotated_genomes_isolates	
BTO:0001591	2	NCBITaxon:287	Pseudomonas aeruginosa	3	TRUE	annotated_genomes_isolates	
BTO:0001593	1	NCBITaxon:518	Bordetella bronchiseptica	3	TRUE	annotated_genomes_isolates	
BTO:0001600	1	NCBITaxon:1261128	Pantoea agglomerans 299R	3	TRUE	annotated_genomes_isolates	
BTO:0001600	2	NCBITaxon:1283291	Pseudomonas sp. URMO17WK12:I11	3	TRUE	annotated_genomes_isolates	
BTO:0001600	3	NCBITaxon:1307436	Cytobacillus firmus DS1	3	TRUE	annotated_genomes_isolates	
BTO:0001600	4	NCBITaxon:53408	Pseudomonas citronellolis	3	TRUE	annotated_genomes_isolates	
BTO:0001613	1	NCBITaxon:1297579	Fusobacterium nucleatum CC53	3	TRUE	annotated_genomes_isolates	
BTO:0001653	1	NCBITaxon:1367494	Pseudomonas aeruginosa PAO1-VE13	3	TRUE	annotated_genomes_isolates	
BTO:0001653	2	NCBITaxon:1718	Corynebacterium glutamicum	3	TRUE	annotated_genomes_isolates	
BTO:0001653	3	NCBITaxon:287	Pseudomonas aeruginosa	3	TRUE	annotated_genomes_isolates	
BTO:0001653	4	NCBITaxon:32002	Achromobacter denitrificans	3	TRUE	annotated_genomes_isolates	
BTO:0001653	5	NCBITaxon:47885	Pseudomonas oryzihabitans	3	TRUE	annotated_genomes_isolates	
BTO:0001653	6	NCBITaxon:51665	Aerococcus urinaeequi	3	TRUE	annotated_genomes_isolates	
BTO:0001653	7	NCBITaxon:76759	Pseudomonas monteilii	3	TRUE	annotated_genomes_isolates	
BTO:0001653	8	NCBITaxon:83655	Leclercia adecarboxylata	3	TRUE	annotated_genomes_isolates	
BTO:0001658	1	NCBITaxon:693986	Methylobacterium oryzae CBMB20	3	TRUE	annotated_genomes_isolates	
BTO:0001664	1	NCBITaxon:316407	Escherichia coli str. K-12 substr. W3110	3	TRUE	annotated_genomes_isolates	
BTO:0001686	1	NCBITaxon:1041150	Sinorhizobium medicae WSM244	3	TRUE	annotated_genomes_isolates	
BTO:0001686	2	NCBITaxon:1041151	Sinorhizobium meliloti 4H41	3	TRUE	annotated_genomes_isolates	
BTO:0001686	3	NCBITaxon:1280	Staphylococcus aureus	3	TRUE	annotated_genomes_isolates	
BTO:0001686	4	NCBITaxon:1282664	Streptococcus oralis subsp. tigurinus AZ_3a	3	TRUE	annotated_genomes_isolates	
BTO:0001686	5	NCBITaxon:1282665	Streptococcus oralis subsp. tigurinus 1366	3	TRUE	annotated_genomes_isolates	
BTO:0001686	6	NCBITaxon:1292046	Desulfobulbus sp. oral taxon 041 str. Dsb1-5	3	TRUE	annotated_genomes_isolates	
BTO:0001686	7	NCBITaxon:1333864	Streptococcus oralis subsp. tigurinus 2425	3	TRUE	annotated_genomes_isolates	
BTO:0001686	8	NCBITaxon:1333865	Streptococcus oralis subsp. tigurinus 2426	3	TRUE	annotated_genomes_isolates	
BTO:0001686	9	NCBITaxon:139	Borreliella burgdorferi	3	TRUE	annotated_genomes_isolates	
BTO:0001686	10	NCBITaxon:196490	Bradyrhizobium sp. Ai1a-2	3	TRUE	annotated_genomes_isolates	
BTO:0001686	11	NCBITaxon:234621	Rhodococcus erythropolis PR4	3	TRUE	annotated_genomes_isolates	
BTO:0001686	12	NCBITaxon:269796	Rhodospirillum rubrum ATCC 11170	3	TRUE	annotated_genomes_isolates	
BTO:0001686	13	NCBITaxon:290398	Chromohalobacter israelensis DSM 3043	3	TRUE	annotated_genomes_isolates	
BTO:0001686	14	NCBITaxon:29559	Metamycoplasma hyosynoviae	3	TRUE	annotated_genomes_isolates	
BTO:0001686	15	NCBITaxon:312153	Polynucleobacter asymbioticus QLW-P1DMWA-1	3	TRUE	annotated_genomes_isolates	
BTO:0001686	16	NCBITaxon:314724	Borrelia turicatae 91E135	3	TRUE	annotated_genomes_isolates	
BTO:0001686	17	NCBITaxon:316274	Herpetosiphon aurantiacus DSM 785	3	TRUE	annotated_genomes_isolates	
BTO:0001686	18	NCBITaxon:316407	Escherichia coli str. K-12 substr. W3110	3	TRUE	annotated_genomes_isolates	
BTO:0001686	19	NCBITaxon:319003	Bradyrhizobium sp. WSM1253	3	TRUE	annotated_genomes_isolates	
BTO:0001686	20	NCBITaxon:360911	Exiguobacterium sp. AT1b	3	TRUE	annotated_genomes_isolates	
BTO:0001686	21	NCBITaxon:368407	Methanoculleus marisnigri JR1	3	TRUE	annotated_genomes_isolates	
BTO:0001686	22	NCBITaxon:396588	Thioalkalivibrio sulfidiphilus HL-EbGr7	3	TRUE	annotated_genomes_isolates	
BTO:0001686	23	NCBITaxon:410358	Methanocorpusculum labreanum Z	3	TRUE	annotated_genomes_isolates	
BTO:0001686	24	NCBITaxon:411154	Christiangramia forsetii KT0803	3	TRUE	annotated_genomes_isolates	
BTO:0001686	25	NCBITaxon:411465	Parvimonas micra ATCC 33270	3	TRUE	annotated_genomes_isolates	
BTO:0001701	1	NCBITaxon:694433	Saprospira grandis DSM 2844	3	TRUE	annotated_genomes_isolates	
BTO:0001707	1	NCBITaxon:384676	Pseudomonas entomophila L48	3	TRUE	annotated_genomes_isolates	
BTO:0001709	1	NCBITaxon:1590	Lactiplantibacillus plantarum	3	TRUE	annotated_genomes_isolates	
BTO:0001713	1	NCBITaxon:1016	Capnocytophaga	4	TRUE	environmental_samples	
BTO:0001713	2	NCBITaxon:1018	Capnocytophaga ochracea	4	TRUE	environmental_samples	
BTO:0001713	3	NCBITaxon:109326	Anaerovorax	4	TRUE	environmental_samples	
BTO:0001713	4	NCBITaxon:1129771	Leptotrichiaceae	4	TRUE	environmental_samples	
BTO:0001713	5	NCBITaxon:117563	Granulicatella	4	TRUE	environmental_samples	
BTO:0001713	6	NCBITaxon:118747	Bulleidia	4	TRUE	environmental_samples	
BTO:0001713	7	NCBITaxon:118968	Coxiellaceae	4	TRUE	environmental_samples	
BTO:0001713	8	NCBITaxon:1257	Peptostreptococcus	4	TRUE	environmental_samples	
BTO:0001713	9	NCBITaxon:1261	Peptostreptococcus anaerobius	4	TRUE	environmental_samples	
BTO:0001713	10	NCBITaxon:1268	Micrococcaceae	4	TRUE	environmental_samples	
BTO:0001713	11	NCBITaxon:1269	Micrococcus	4	TRUE	environmental_samples	
BTO:0001713	12	NCBITaxon:1270	Micrococcus luteus	4	TRUE	environmental_samples	
BTO:0001713	13	NCBITaxon:1279	Staphylococcus	4	TRUE	environmental_samples	
BTO:0001713	14	NCBITaxon:1280	Staphylococcus aureus	4	TRUE	environmental_samples	
BTO:0001713	15	NCBITaxon:1300	Streptococcaceae	4	TRUE	environmental_samples	
BTO:0001713	16	NCBITaxon:1301	Streptococcus	4	TRUE	environmental_samples	
BTO:0001713	17	NCBITaxon:1328	Streptococcus anginosus	4	TRUE	environmental_samples	
BTO:0001713	18	NCBITaxon:1350	Enterococcus	4	TRUE	environmental_samples	
BTO:0001713	19	NCBITaxon:135083	Centipeda noxia	4	TRUE	environmental_samples	
BTO:0001713	20	NCBITaxon:1357	Lactococcus	4	TRUE	environmental_samples	
BTO:0001713	21	NCBITaxon:1375	Aerococcus	4	TRUE	environmental_samples	
BTO:0001713	22	NCBITaxon:137733	Granulicatella balaenopterae	4	TRUE	environmental_samples	
BTO:0001713	23	NCBITaxon:1378	Gemella	4	TRUE	environmental_samples	
BTO:0001713	24	NCBITaxon:1380	Atopobium	4	TRUE	environmental_samples	
BTO:0001713	25	NCBITaxon:1386	Bacillus <firmicutes>	4	TRUE	environmental_samples	
BTO:0001743	1	NCBITaxon:1037411	Lactobacillus johnsonii pf01	3	TRUE	annotated_genomes_isolates	
BTO:0001758	1	NCBITaxon:7719		3	TRUE	annotated_genomes_isolates	
BTO:0001762	1	NCBITaxon:1045857	Cronobacter sakazakii ES713	3	TRUE	annotated_genomes_isolates	
BTO:0001762	2	NCBITaxon:1056807	Morococcus cerebrosus	3	TRUE	annotated_genomes_isolates	
BTO:0001762	3	NCBITaxon:1074000	Cronobacter universalis NCTC 9529	3	TRUE	annotated_genomes_isolates	
BTO:0001762	4	NCBITaxon:108486	Corynebacterium falsenii	3	TRUE	annotated_genomes_isolates	
BTO:0001762	5	NCBITaxon:1159489	Cronobacter sakazakii 2151	3	TRUE	annotated_genomes_isolates	
BTO:0001762	6	NCBITaxon:1159490	Cronobacter sakazakii E764	3	TRUE	annotated_genomes_isolates	
BTO:0001762	7	NCBITaxon:1159491	Cronobacter malonaticus LMG 23826	3	TRUE	annotated_genomes_isolates	
BTO:0001762	8	NCBITaxon:1159496	Cronobacter dublinensis subsp. lactaridi LMG 23825	3	TRUE	annotated_genomes_isolates	
BTO:0001762	9	NCBITaxon:1159554	Cronobacter dublinensis subsp. dublinensis LMG 23823	3	TRUE	annotated_genomes_isolates	
BTO:0001762	10	NCBITaxon:1159560	Cronobacter dublinensis subsp. lausannensis LMG 23824	3	TRUE	annotated_genomes_isolates	
BTO:0001762	11	NCBITaxon:1159613	Cronobacter muytjensii ATCC 51329	3	TRUE	annotated_genomes_isolates	
BTO:0001762	12	NCBITaxon:1159614	Cronobacter sakazakii ES35	3	TRUE	annotated_genomes_isolates	
BTO:0001762	13	NCBITaxon:1208663	Cronobacter sakazakii 701	3	TRUE	annotated_genomes_isolates	
BTO:0001762	14	NCBITaxon:1208664	Cronobacter sakazakii 696	3	TRUE	annotated_genomes_isolates	
BTO:0001762	15	NCBITaxon:1261567	Streptococcus agalactiae 2-22	3	TRUE	annotated_genomes_isolates	
BTO:0001762	16	NCBITaxon:1265684	Streptococcus agalactiae SS1219	3	TRUE	annotated_genomes_isolates	
BTO:0001762	17	NCBITaxon:1266066	Streptococcus agalactiae LADL-90-503	3	TRUE	annotated_genomes_isolates	
BTO:0001762	18	NCBITaxon:1266067	Streptococcus agalactiae LADL_05-108a	3	TRUE	annotated_genomes_isolates	
BTO:0001762	19	NCBITaxon:1266068	Streptococcus agalactiae SS1218	3	TRUE	annotated_genomes_isolates	
BTO:0001762	20	NCBITaxon:1266069	Streptococcus agalactiae CF01173	3	TRUE	annotated_genomes_isolates	
BTO:0001762	21	NCBITaxon:1266070	Streptococcus agalactiae SS1014	3	TRUE	annotated_genomes_isolates	
BTO:0001762	22	NCBITaxon:1276	Kytococcus sedentarius	3	TRUE	annotated_genomes_isolates	
BTO:0001762	23	NCBITaxon:1282	Staphylococcus epidermidis	3	TRUE	annotated_genomes_isolates	
BTO:0001762	24	NCBITaxon:1292	Staphylococcus warneri	3	TRUE	annotated_genomes_isolates	
BTO:0001762	25	NCBITaxon:1296619	Staphylococcus capitis CR01	3	TRUE	annotated_genomes_isolates	
BTO:0001773	1	NCBITaxon:353151	Cryptosporidium hominis TU502	3	TRUE	annotated_genomes_isolates	
BTO:0001780	1	NCBITaxon:357544	Helicobacter pylori HPAG1	3	TRUE	annotated_genomes_isolates	
BTO:0001791	1	NCBITaxon:399741	Serratia proteamaculans 568	3	TRUE	annotated_genomes_isolates	
BTO:0001809	1	NCBITaxon:369822	Rickettsia conorii subsp. raoultii	3	TRUE	annotated_genomes_isolates	
BTO:0001816	1	NCBITaxon:114615	Bradyrhizobium sp. ORS 278	3	TRUE	annotated_genomes_isolates	
BTO:0001816	2	NCBITaxon:438753	Azorhizobium caulinodans ORS 571	3	TRUE	annotated_genomes_isolates	
BTO:0001822	1	NCBITaxon:1155079	Staphylococcus aureus subsp. aureus DR10	3	TRUE	annotated_genomes_isolates	
BTO:0001822	2	NCBITaxon:1155084	Staphylococcus aureus subsp. aureus 71193	3	TRUE	annotated_genomes_isolates	
BTO:0001822	3	NCBITaxon:1194085	Staphylococcus aureus subsp. aureus SA40	3	TRUE	annotated_genomes_isolates	
BTO:0001822	4	NCBITaxon:1201010	Staphylococcus aureus subsp. aureus SA957	3	TRUE	annotated_genomes_isolates	
BTO:0001886	1	NCBITaxon:1121448	Megalodesulfovibrio gigas DSM 1382 = ATCC 19364	3	TRUE	annotated_genomes_isolates	
BTO:0001886	2	NCBITaxon:458233	Macrococcoides caseolyticum JCSC5402	3	TRUE	annotated_genomes_isolates	
BTO:0001886	3	NCBITaxon:519989	Ectothiorhodospira sp. PHS-1	3	TRUE	annotated_genomes_isolates	
BTO:0001911	1	NCBITaxon:994672		3	TRUE	annotated_genomes_isolates	
BTO:0001938	1	NCBITaxon:1093100		3	TRUE	annotated_genomes_isolates	
BTO:0001938	2	NCBITaxon:1093672		3	TRUE	annotated_genomes_isolates	
BTO:0001938	3	NCBITaxon:1225791		3	TRUE	annotated_genomes_isolates	
BTO:0001938	4	NCBITaxon:1225792		3	TRUE	annotated_genomes_isolates	
BTO:0001938	5	NCBITaxon:1225793		3	TRUE	annotated_genomes_isolates	
BTO:0001938	6	NCBITaxon:1292046	Desulfobulbus sp. oral taxon 041 str. Dsb1-5	3	TRUE	annotated_genomes_isolates	
BTO:0001947	1	NCBITaxon:422214		3	TRUE	annotated_genomes_isolates	
BTO:0001947	2	NCBITaxon:422215		3	TRUE	annotated_genomes_isolates	
BTO:0001947	3	NCBITaxon:422217		3	TRUE	annotated_genomes_isolates	
BTO:0001947	4	NCBITaxon:422218		3	TRUE	annotated_genomes_isolates	
BTO:0001947	5	NCBITaxon:422219		3	TRUE	annotated_genomes_isolates	
BTO:0001947	6	NCBITaxon:422220		3	TRUE	annotated_genomes_isolates	
BTO:0001949	1	NCBITaxon:314724	Borrelia turicatae 91E135	3	TRUE	annotated_genomes_isolates	
BTO:0001957	1	NCBITaxon:518	Bordetella bronchiseptica	3	TRUE	annotated_genomes_isolates	
BTO:0001965	1	NCBITaxon:1330043	Bacillus bombysepticus str. Wang	3	TRUE	annotated_genomes_isolates	
BTO:0001965	2	NCBITaxon:1417985	Bacillus thuringiensis LM1212	3	TRUE	annotated_genomes_isolates	
BTO:0001965	3	NCBITaxon:243265	Photorhabdus laumondii subsp. laumondii TTO1	3	TRUE	annotated_genomes_isolates	
BTO:0001965	4	NCBITaxon:562	Escherichia coli	3	TRUE	annotated_genomes_isolates	
BTO:0001980	1	NCBITaxon:1160719	Cutibacterium granulosum DSM 20700	3	TRUE	annotated_genomes_isolates	
BTO:0001980	2	NCBITaxon:1234380	Cutibacterium acnes C1	3	TRUE	annotated_genomes_isolates	
BTO:0001980	3	NCBITaxon:1292038	Cutibacterium acnes PA2	3	TRUE	annotated_genomes_isolates	
BTO:0001980	4	NCBITaxon:1292039	Cutibacterium acnes P6	3	TRUE	annotated_genomes_isolates	
BTO:0001980	5	NCBITaxon:1292372	Cutibacterium avidum TM16	3	TRUE	annotated_genomes_isolates	
BTO:0001980	6	NCBITaxon:267747	Cutibacterium acnes KPA171202	3	TRUE	annotated_genomes_isolates	
BTO:0002045	1	NCBITaxon:1163745	Helicobacter cetorum MIT 99-5656	3	TRUE	annotated_genomes_isolates	
BTO:0002045	2	NCBITaxon:170187	Streptococcus pneumoniae TIGR4	3	TRUE	annotated_genomes_isolates	
BTO:0002045	3	NCBITaxon:243273	Mycoplasmoides genitalium G37	3	TRUE	annotated_genomes_isolates	
BTO:0002045	4	NCBITaxon:398527	Paraburkholderia phytofirmans PsJN	3	TRUE	annotated_genomes_isolates	
BTO:0002045	5	NCBITaxon:554290	Salmonella enterica subsp. enterica serovar Paratyphi A str. AKU_12601	3	TRUE	annotated_genomes_isolates	
BTO:0002045	6	NCBITaxon:590061	Halomonas sp. KM-1	3	TRUE	annotated_genomes_isolates	
BTO:0002072	1	NCBITaxon:1328859	Escherichia coli O157:H7 str. SS17	3	TRUE	annotated_genomes_isolates	
BTO:0002096	1	NCBITaxon:1427985	Bordetella bronchiseptica KM22	3	TRUE	annotated_genomes_isolates	
BTO:0002096	2	NCBITaxon:161895	Corynebacterium phocae	3	TRUE	annotated_genomes_isolates	
BTO:0002099	1	NCBITaxon:1130804	Streptococcus pneumoniae ST556	3	TRUE	annotated_genomes_isolates	
BTO:0002099	2	NCBITaxon:29321	Corynebacterium otitidis	3	TRUE	annotated_genomes_isolates	
BTO:0002099	3	NCBITaxon:374928	Haemophilus influenzae PittAA	3	TRUE	annotated_genomes_isolates	
BTO:0002099	4	NCBITaxon:374930	Haemophilus influenzae PittEE	3	TRUE	annotated_genomes_isolates	
BTO:0002099	5	NCBITaxon:374931	Haemophilus influenzae PittGG	3	TRUE	annotated_genomes_isolates	
BTO:0002099	6	NCBITaxon:374932	Haemophilus influenzae PittHH	3	TRUE	annotated_genomes_isolates	
BTO:0002099	7	NCBITaxon:374933	Haemophilus influenzae PittII	3	TRUE	annotated_genomes_isolates	
BTO:0002099	8	NCBITaxon:480	Moraxella catarrhalis	3	TRUE	annotated_genomes_isolates	
BTO:0002099	9	NCBITaxon:883169	Corynebacterium otitidis ATCC 51513	3	TRUE	annotated_genomes_isolates	
BTO:0002100	1	NCBITaxon:1188233	Metamycoplasma auris 15026	3	TRUE	annotated_genomes_isolates	
BTO:0002100	2	NCBITaxon:1188240	Mycoplasma yeatsii 13926	3	TRUE	annotated_genomes_isolates	
BTO:0002136	1	NCBITaxon:1241906		3	TRUE	annotated_genomes_isolates	
BTO:0002168	1	NCBITaxon:102106	Collinsella	4	TRUE	environmental_samples	
BTO:0002168	2	NCBITaxon:1263	Ruminococcus	4	TRUE	environmental_samples	
BTO:0002168	3	NCBITaxon:1279	Staphylococcus	4	TRUE	environmental_samples	
BTO:0002168	4	NCBITaxon:1301	Streptococcus	4	TRUE	environmental_samples	
BTO:0002168	5	NCBITaxon:135621	Pseudomonadaceae	4	TRUE	environmental_samples	
BTO:0002168	6	NCBITaxon:1386	Bacillus <firmicutes>	4	TRUE	environmental_samples	
BTO:0002168	7	NCBITaxon:1578	Lactobacillus	4	TRUE	environmental_samples	
BTO:0002168	8	NCBITaxon:1623	Ligilactobacillus ruminis	4	TRUE	environmental_samples	
BTO:0002168	9	NCBITaxon:165179	Segatella copri	4	TRUE	environmental_samples	
BTO:0002168	10	NCBITaxon:165695	Sphingobium	4	TRUE	environmental_samples	
BTO:0002168	11	NCBITaxon:1678	Bifidobacterium	4	TRUE	environmental_samples	
BTO:0002168	12	NCBITaxon:1679	Bifidobacterium longum subsp. longum	4	TRUE	environmental_samples	
BTO:0002168	13	NCBITaxon:1716	Corynebacterium	4	TRUE	environmental_samples	
BTO:0002168	14	NCBITaxon:1747	Cutibacterium acnes	4	TRUE	environmental_samples	
BTO:0002168	15	NCBITaxon:186802	Eubacteriales	4	TRUE	environmental_samples	
BTO:0002168	16	NCBITaxon:186803	Lachnospiraceae	4	TRUE	environmental_samples	
BTO:0002168	17	NCBITaxon:216816	Bifidobacterium longum	4	TRUE	environmental_samples	
BTO:0002168	18	NCBITaxon:286	Pseudomonas	4	TRUE	environmental_samples	
BTO:0002168	19	NCBITaxon:29465	Veillonella	4	TRUE	environmental_samples	
BTO:0002168	20	NCBITaxon:29466	Veillonella parvula	4	TRUE	environmental_samples	
BTO:0002168	21	NCBITaxon:31989	Paracoccaceae	4	TRUE	environmental_samples	
BTO:0002168	22	NCBITaxon:33035	Blautia producta	4	TRUE	environmental_samples	
BTO:0002168	23	NCBITaxon:33038	Mediterraneibacter gnavus	4	TRUE	environmental_samples	
BTO:0002168	24	NCBITaxon:33042	Coprococcus	4	TRUE	environmental_samples	
BTO:0002168	25	NCBITaxon:39486	Dorea formicigenerans	4	TRUE	environmental_samples	
BTO:0002173	1	NCBITaxon:1205674	Mycobacterium canetti CIPT 140070010	3	TRUE	annotated_genomes_isolates	
BTO:0002173	2	NCBITaxon:1205675	Mycobacterium canetti CIPT 140070008	3	TRUE	annotated_genomes_isolates	
BTO:0002173	3	NCBITaxon:1205676	Mycobacterium canetti CIPT 140060008	3	TRUE	annotated_genomes_isolates	
BTO:0002173	4	NCBITaxon:1205677	Mycobacterium canetti CIPT 140070017	3	TRUE	annotated_genomes_isolates	
BTO:0002173	5	NCBITaxon:1246119	Mycobacterium canetti CIPT 140070002	3	TRUE	annotated_genomes_isolates	
BTO:0002173	6	NCBITaxon:1246120	Mycobacterium canetti CIPT 140070005	3	TRUE	annotated_genomes_isolates	
BTO:0002173	7	NCBITaxon:1246121	Mycobacterium canetti CIPT 140070013	3	TRUE	annotated_genomes_isolates	
BTO:0002173	8	NCBITaxon:1246634	Mycobacterium canetti CIPT 140070007	3	TRUE	annotated_genomes_isolates	
BTO:0002173	9	NCBITaxon:233413	Mycobacterium tuberculosis variant bovis AF2122/97	3	TRUE	annotated_genomes_isolates	
BTO:0002173	10	NCBITaxon:272631	Mycobacterium leprae TN	3	TRUE	annotated_genomes_isolates	
BTO:0002173	11	NCBITaxon:83332	Mycobacterium tuberculosis H37Rv	3	TRUE	annotated_genomes_isolates	
BTO:0002196	1	NCBITaxon:1930	Streptomyces scabiei	3	TRUE	annotated_genomes_isolates	
BTO:0002196	2	NCBITaxon:42234	Streptomyces acidiscabies	3	TRUE	annotated_genomes_isolates	
BTO:0002196	3	NCBITaxon:85558	Streptomyces turgidiscabies	3	TRUE	annotated_genomes_isolates	
BTO:0002246	1	NCBITaxon:1155775	Treponema pallidum str. Fribourg-Blanc	3	TRUE	annotated_genomes_isolates	
BTO:0002254	1	NCBITaxon:444103	Streptomyces sp. CNQ-509	3	TRUE	annotated_genomes_isolates	
BTO:0002278	1	NCBITaxon:1308539	Klebsiella pneumoniae subsp. pneumoniae ATCC 43816	3	TRUE	annotated_genomes_isolates	
BTO:0002278	2	NCBITaxon:169963	Listeria monocytogenes EGD-e	3	TRUE	annotated_genomes_isolates	
BTO:0002292	1	NCBITaxon:1001989	Escherichia coli PCN033	3	TRUE	annotated_genomes_isolates	
BTO:0002292	2	NCBITaxon:1029718	Candidatus Arthromitus sp. SFB-mouse-Japan	3	TRUE	annotated_genomes_isolates	
BTO:0002292	3	NCBITaxon:1031536	Campylobacter lari subsp. concheus LMG 11760	3	TRUE	annotated_genomes_isolates	
BTO:0002292	4	NCBITaxon:1031564	Campylobacter insulaenigrae NCTC 12927	3	TRUE	annotated_genomes_isolates	
BTO:0002292	5	NCBITaxon:1041504	Candidatus Arthromitus sp. SFB-rat-Yit	3	TRUE	annotated_genomes_isolates	
BTO:0002292	6	NCBITaxon:1041809	Candidatus Arthromitus sp. SFB-mouse-Yit	3	TRUE	annotated_genomes_isolates	
BTO:0002292	7	NCBITaxon:1041930	Methanocella conradii HZ254	3	TRUE	annotated_genomes_isolates	
BTO:0002292	8	NCBITaxon:1069083	Methanocaldococcus villosus KIN24-T80	3	TRUE	annotated_genomes_isolates	
BTO:0002292	9	NCBITaxon:1121428	Desulforamulus hydrothermalis Lam5 = DSM 18033	3	TRUE	annotated_genomes_isolates	
BTO:0002292	10	NCBITaxon:1122947	Pelosinus fermentans DSM 17108	3	TRUE	annotated_genomes_isolates	
BTO:0002292	11	NCBITaxon:1123015	Pseudomonas aeruginosa DSM 50071 = NBRC 12689	3	TRUE	annotated_genomes_isolates	
BTO:0002292	12	NCBITaxon:1123383	Pseudothermotoga elfii DSM 9442 = NBRC 107921	3	TRUE	annotated_genomes_isolates	
BTO:0002292	13	NCBITaxon:1123384	Pseudothermotoga hypogea DSM 11164 = NBRC 106472	3	TRUE	annotated_genomes_isolates	
BTO:0002292	14	NCBITaxon:113653	Geoglobus ahangari	3	TRUE	annotated_genomes_isolates	
BTO:0002292	15	NCBITaxon:1142511	Wigglesworthia glossinidia endosymbiont of Glossina morsitans morsitans (Yale colony)	3	TRUE	annotated_genomes_isolates	
BTO:0002292	16	NCBITaxon:1157490	Tumebacillus flagellatus	3	TRUE	annotated_genomes_isolates	
BTO:0002292	17	NCBITaxon:1165852	Melaminivora alkalimesophila	3	TRUE	annotated_genomes_isolates	
BTO:0002292	18	NCBITaxon:1177931	Thiovulum sp. ES	3	TRUE	annotated_genomes_isolates	
BTO:0002292	19	NCBITaxon:1184251	Thermogladius calderae 1633	3	TRUE	annotated_genomes_isolates	
BTO:0002292	20	NCBITaxon:1192854	Granulosicoccus antarcticus IMCC3135	3	TRUE	annotated_genomes_isolates	
BTO:0002292	21	NCBITaxon:1207063	Oceanibaculum indicum P24	3	TRUE	annotated_genomes_isolates	
BTO:0002292	22	NCBITaxon:1212491	Legionella fallonii LLAP-10	3	TRUE	annotated_genomes_isolates	
BTO:0002292	23	NCBITaxon:1215087	Pseudomonas putida S12	3	TRUE	annotated_genomes_isolates	
BTO:0002292	24	NCBITaxon:1218078	Paraburkholderia ginsengisoli NBRC 100965	3	TRUE	annotated_genomes_isolates	
BTO:0002292	25	NCBITaxon:1218081	Paraburkholderia kururiensis subsp. thiooxydans NBRC 107107	3	TRUE	annotated_genomes_isolates	
BTO:0002305	1	NCBITaxon:1054942	Candidatus Arthromitus sp. SFB-1	3	TRUE	annotated_genomes_isolates	
BTO:0002305	2	NCBITaxon:1054943	Candidatus Arthromitus sp. SFB-2	3	TRUE	annotated_genomes_isolates	
BTO:0002305	3	NCBITaxon:388399	Sagittula stellata E-37	3	TRUE	annotated_genomes_isolates	
BTO:0002305	4	NCBITaxon:69666	Caulobacter mirabilis	3	TRUE	annotated_genomes_isolates	
BTO:0002330	1	NCBITaxon:1073972	Candidatus Arthromitus sp. SFB-mouse-NYU	3	TRUE	annotated_genomes_isolates	
BTO:0002397	1	NCBITaxon:1292039	Cutibacterium acnes P6	3	TRUE	annotated_genomes_isolates	
BTO:0002480	1	NCBITaxon:1148157	Acinetobacter oleivorans	3	TRUE	annotated_genomes_isolates	
BTO:0002489	1	NCBITaxon:212042	Anaplasma phagocytophilum str. HZ	3	TRUE	annotated_genomes_isolates	
BTO:0002502	1	NCBITaxon:347515	Leishmania major strain Friedlin	3	TRUE	annotated_genomes_isolates	
BTO:0002502	2	NCBITaxon:353153	Trypanosoma cruzi strain CL Brener	3	TRUE	annotated_genomes_isolates	
BTO:0002656	1	NCBITaxon:1172205	Bordetella holmesii 44057	3	TRUE	annotated_genomes_isolates	
BTO:0002670	1	NCBITaxon:29557	Mycoplasmopsis gallinarum	3	TRUE	annotated_genomes_isolates	
BTO:0002670	2	NCBITaxon:29561	Mycoplasmopsis meleagridis	3	TRUE	annotated_genomes_isolates	
BTO:0002674	1	NCBITaxon:1160704	Francisella tularensis subsp. holarctica FSC162	3	TRUE	annotated_genomes_isolates	
BTO:0002690	1	NCBITaxon:1000561	Pseudomonas aeruginosa AES-1R	3	TRUE	annotated_genomes_isolates	
BTO:0002690	2	NCBITaxon:1110546	Veillonella tobetsuensis	3	TRUE	annotated_genomes_isolates	
BTO:0002690	3	NCBITaxon:1123317	Streptococcus sobrinus DSM 20742 = ATCC 33478	3	TRUE	annotated_genomes_isolates	
BTO:0002690	4	NCBITaxon:1177117	Vreelandella stevensii S18214	3	TRUE	annotated_genomes_isolates	
BTO:0002690	5	NCBITaxon:1191475	Pseudomonas aeruginosa PAO579	3	TRUE	annotated_genomes_isolates	
BTO:0002690	6	NCBITaxon:1233262	Mycoplasmoides pneumoniae PO1	3	TRUE	annotated_genomes_isolates	
BTO:0002690	7	NCBITaxon:1236904	Mycoplasmoides pneumoniae PI 1428	3	TRUE	annotated_genomes_isolates	
BTO:0002690	8	NCBITaxon:1238993	Mycoplasmoides pneumoniae M129-B7	3	TRUE	annotated_genomes_isolates	
BTO:0002690	9	NCBITaxon:1257037	Streptococcus mutans 5DC8	3	TRUE	annotated_genomes_isolates	
BTO:0002690	10	NCBITaxon:1257038	Streptococcus mutans KK21	3	TRUE	annotated_genomes_isolates	
BTO:0002690	11	NCBITaxon:1257039	Streptococcus mutans KK23	3	TRUE	annotated_genomes_isolates	
BTO:0002690	12	NCBITaxon:1257040	Streptococcus mutans AC4446	3	TRUE	annotated_genomes_isolates	
BTO:0002690	13	NCBITaxon:1257041	Streptococcus mutans ATCC 25175	3	TRUE	annotated_genomes_isolates	
BTO:0002690	14	NCBITaxon:1257042	Streptococcus mutans NCTC 11060	3	TRUE	annotated_genomes_isolates	
BTO:0002690	15	NCBITaxon:1280	Staphylococcus aureus	3	TRUE	annotated_genomes_isolates	
BTO:0002690	16	NCBITaxon:1283	Staphylococcus haemolyticus	3	TRUE	annotated_genomes_isolates	
BTO:0002690	17	NCBITaxon:1292046	Desulfobulbus sp. oral taxon 041 str. Dsb1-5	3	TRUE	annotated_genomes_isolates	
BTO:0002690	18	NCBITaxon:1321369	Staphylococcus aureus Bmb9393	3	TRUE	annotated_genomes_isolates	
BTO:0002690	19	NCBITaxon:1367494	Pseudomonas aeruginosa PAO1-VE13	3	TRUE	annotated_genomes_isolates	
BTO:0002690	20	NCBITaxon:137591	Weissella cibaria	3	TRUE	annotated_genomes_isolates	
BTO:0002690	21	NCBITaxon:1392869	Escherichia coli K1	3	TRUE	annotated_genomes_isolates	
BTO:0002690	22	NCBITaxon:1408271	Pseudomonas aeruginosa LES400	3	TRUE	annotated_genomes_isolates	
BTO:0002690	23	NCBITaxon:1408272	Pseudomonas aeruginosa LES431	3	TRUE	annotated_genomes_isolates	
BTO:0002690	24	NCBITaxon:1408273	Pseudomonas aeruginosa LESB65	3	TRUE	annotated_genomes_isolates	
BTO:0002690	25	NCBITaxon:1408274	Pseudomonas aeruginosa LESlike1	3	TRUE	annotated_genomes_isolates	
BTO:0002728	1	NCBITaxon:191292	Rhodococcus aetherivorans	3	TRUE	annotated_genomes_isolates	
BTO:0002854	1	NCBITaxon:1346330	Sphingobacterium paucimobilis HER1398	3	TRUE	annotated_genomes_isolates	
BTO:0002979	1	NCBITaxon:1206734	Nocardia paucivorans NBRC 100373	3	TRUE	annotated_genomes_isolates	
BTO:0002979	2	NCBITaxon:1235990	Candidatus Pantoea carbekii	3	TRUE	annotated_genomes_isolates	
BTO:0002979	3	NCBITaxon:1351	Enterococcus faecalis	3	TRUE	annotated_genomes_isolates	
BTO:0002979	4	NCBITaxon:1598	Limosilactobacillus reuteri	3	TRUE	annotated_genomes_isolates	
BTO:0002979	5	NCBITaxon:1796613	Bacteroides caecimuris	3	TRUE	annotated_genomes_isolates	
BTO:0002979	6	NCBITaxon:1796616	Blautia pseudococcoides	3	TRUE	annotated_genomes_isolates	
BTO:0002979	7	NCBITaxon:1796646	Muribaculum intestinale	3	TRUE	annotated_genomes_isolates	
BTO:0002979	8	NCBITaxon:1834196	Lachnoclostridium sp. YL32	3	TRUE	annotated_genomes_isolates	
BTO:0002979	9	NCBITaxon:1834198	Hungateiclostridiaceae bacterium KB18	3	TRUE	annotated_genomes_isolates	
BTO:0002979	10	NCBITaxon:1834205	Burkholderiales bacterium YL45	3	TRUE	annotated_genomes_isolates	
BTO:0002979	11	NCBITaxon:1834207	Erysipelotrichaceae bacterium I46	3	TRUE	annotated_genomes_isolates	
BTO:0002979	12	NCBITaxon:239935	Akkermansia muciniphila	3	TRUE	annotated_genomes_isolates	
BTO:0002979	13	NCBITaxon:292800	Flavonifractor plautii	3	TRUE	annotated_genomes_isolates	
BTO:0002979	14	NCBITaxon:302912	Bifidobacterium animalis subsp. animalis	3	TRUE	annotated_genomes_isolates	
BTO:0002990	1	NCBITaxon:102618	Helicobacter pylori NCTC 11637 = CCUG 17874 = ATCC 43504 = JCM 12093	3	TRUE	annotated_genomes_isolates	
BTO:0002990	2	NCBITaxon:1213457	Helicobacter pylori HLJHP193	3	TRUE	annotated_genomes_isolates	
BTO:0002990	3	NCBITaxon:1214221	Helicobacter pylori HLJHP256	3	TRUE	annotated_genomes_isolates	
BTO:0002990	4	NCBITaxon:1214222	Helicobacter pylori HLJHP271	3	TRUE	annotated_genomes_isolates	
BTO:0002990	5	NCBITaxon:210	Helicobacter pylori	3	TRUE	annotated_genomes_isolates	
BTO:0003084	1	NCBITaxon:1129771	Leptotrichiaceae	4	TRUE	environmental_samples	
BTO:0003084	2	NCBITaxon:117563	Granulicatella	4	TRUE	environmental_samples	
BTO:0003084	3	NCBITaxon:118968	Coxiellaceae	4	TRUE	environmental_samples	
BTO:0003084	4	NCBITaxon:119045	Methylobacteriaceae	4	TRUE	environmental_samples	
BTO:0003084	5	NCBITaxon:1261	Peptostreptococcus anaerobius	4	TRUE	environmental_samples	
BTO:0003084	6	NCBITaxon:1279	Staphylococcus	4	TRUE	environmental_samples	
BTO:0003084	7	NCBITaxon:1282	Staphylococcus epidermidis	4	TRUE	environmental_samples	
BTO:0003084	8	NCBITaxon:1301	Streptococcus	4	TRUE	environmental_samples	
BTO:0003084	9	NCBITaxon:1350	Enterococcus	4	TRUE	environmental_samples	
BTO:0003084	10	NCBITaxon:135621	Pseudomonadaceae	4	TRUE	environmental_samples	
BTO:0003084	11	NCBITaxon:1357	Lactococcus	4	TRUE	environmental_samples	
BTO:0003084	12	NCBITaxon:13687	Sphingomonas	4	TRUE	environmental_samples	
BTO:0003084	13	NCBITaxon:1375	Aerococcus	4	TRUE	environmental_samples	
BTO:0003084	14	NCBITaxon:1378	Gemella	4	TRUE	environmental_samples	
BTO:0003084	15	NCBITaxon:1380	Atopobium	4	TRUE	environmental_samples	
BTO:0003084	16	NCBITaxon:1386	Bacillus <firmicutes>	4	TRUE	environmental_samples	
BTO:0003084	17	NCBITaxon:147802	Lactobacillus iners	4	TRUE	environmental_samples	
BTO:0003084	18	NCBITaxon:1485	Clostridium	4	TRUE	environmental_samples	
BTO:0003084	19	NCBITaxon:150022	Finegoldia	4	TRUE	environmental_samples	
BTO:0003084	20	NCBITaxon:1578	Lactobacillus	4	TRUE	environmental_samples	
BTO:0003084	21	NCBITaxon:1601	Ligilactobacillus agilis	4	TRUE	environmental_samples	
BTO:0003084	22	NCBITaxon:162289	Peptoniphilus	4	TRUE	environmental_samples	
BTO:0003084	23	NCBITaxon:1633	Limosilactobacillus vaginalis	4	TRUE	environmental_samples	
BTO:0003084	24	NCBITaxon:165179	Segatella copri	4	TRUE	environmental_samples	
BTO:0003084	25	NCBITaxon:1654	Actinomyces	4	TRUE	environmental_samples	
BTO:0003091	1	NCBITaxon:1072256	Corynebacterium uterequi	3	TRUE	annotated_genomes_isolates	
BTO:0003091	2	NCBITaxon:1100833	Chlamydia trachomatis F/SWFPminus	3	TRUE	annotated_genomes_isolates	
BTO:0003091	3	NCBITaxon:1292046	Desulfobulbus sp. oral taxon 041 str. Dsb1-5	3	TRUE	annotated_genomes_isolates	
BTO:0003091	4	NCBITaxon:1311	Streptococcus agalactiae	3	TRUE	annotated_genomes_isolates	
BTO:0003091	5	NCBITaxon:1427368	Chlamydia pecorum IPTaLE	3	TRUE	annotated_genomes_isolates	
BTO:0003091	6	NCBITaxon:1427369	Chlamydia pecorum MC/MarsBar	3	TRUE	annotated_genomes_isolates	
BTO:0003091	7	NCBITaxon:1427370	Chlamydia pecorum DBDeUG	3	TRUE	annotated_genomes_isolates	
BTO:0003091	8	NCBITaxon:1427371	Chlamydia pecorum VR629	3	TRUE	annotated_genomes_isolates	
BTO:0003091	9	NCBITaxon:1724	Corynebacterium renale	3	TRUE	annotated_genomes_isolates	
BTO:0003091	10	NCBITaxon:187101	Sneathia vaginalis	3	TRUE	annotated_genomes_isolates	
BTO:0003091	11	NCBITaxon:315277	Chlamydia trachomatis A/HAR-13	3	TRUE	annotated_genomes_isolates	
BTO:0003091	12	NCBITaxon:342616	Streptococcus agalactiae COH1	3	TRUE	annotated_genomes_isolates	
BTO:0003091	13	NCBITaxon:35756	Corynebacterium pilosum	3	TRUE	annotated_genomes_isolates	
BTO:0003091	14	NCBITaxon:411465	Parvimonas micra ATCC 33270	3	TRUE	annotated_genomes_isolates	
BTO:0003091	15	NCBITaxon:525264	Corynebacterium pseudogenitalium ATCC 33035	3	TRUE	annotated_genomes_isolates	
BTO:0003091	16	NCBITaxon:548476	Corynebacterium aurimucosum ATCC 700975	3	TRUE	annotated_genomes_isolates	
BTO:0003091	17	NCBITaxon:696216	Streptococcus constellatus subsp. pharyngis C232	3	TRUE	annotated_genomes_isolates	
BTO:0003091	18	NCBITaxon:756284		3	TRUE	annotated_genomes_isolates	
BTO:0003091	19	NCBITaxon:813	Chlamydia trachomatis	3	TRUE	annotated_genomes_isolates	
BTO:0003091	20	NCBITaxon:862966	Streptococcus intermedius C270	3	TRUE	annotated_genomes_isolates	
BTO:0003091	21	NCBITaxon:862967	Streptococcus intermedius B196	3	TRUE	annotated_genomes_isolates	
BTO:0003091	22	NCBITaxon:862968	Streptococcus constellatus subsp. pharyngis C818	3	TRUE	annotated_genomes_isolates	
BTO:0003091	23	NCBITaxon:862969	Streptococcus constellatus subsp. pharyngis C1050	3	TRUE	annotated_genomes_isolates	
BTO:0003091	24	NCBITaxon:862970	Streptococcus anginosus C1051	3	TRUE	annotated_genomes_isolates	
BTO:0003091	25	NCBITaxon:862971	Streptococcus anginosus C238	3	TRUE	annotated_genomes_isolates	
BTO:0003108	1	NCBITaxon:582419	Thermococcus paralvinellae	3	TRUE	annotated_genomes_isolates	
BTO:0003120	1	NCBITaxon:1747	Cutibacterium acnes	1.42024	TRUE	environmental_samples	
BTO:0003120	2	NCBITaxon:281915	Curvibacter	1.42024	TRUE	environmental_samples	
BTO:0003120	3	NCBITaxon:32008	Burkholderia	1.42024	TRUE	environmental_samples	
BTO:0003120	4	NCBITaxon:41294	Nitrobacteraceae	1.42024	TRUE	environmental_samples	
BTO:0003120	5	NCBITaxon:41295	Rhodospirillaceae	1.42024	TRUE	environmental_samples	
BTO:0003120	6	NCBITaxon:48736	Ralstonia	1.42024	TRUE	environmental_samples	
BTO:0003120	7	NCBITaxon:504481	Sediminibacterium	1.42024	TRUE	environmental_samples	
BTO:0003120	8	NCBITaxon:75787	Rhodocyclaceae	1.42024	TRUE	environmental_samples	
BTO:0003120	9	NCBITaxon:80840	Burkholderiales	1.42024	TRUE	environmental_samples	
BTO:0003120	10	NCBITaxon:80864	Comamonadaceae	1.42024	TRUE	environmental_samples	
BTO:0003120	11	NCBITaxon:1869227	bacterium	1.39302	TRUE	environmental_samples	
BTO:0003120	12	NCBITaxon:2	Bacteria	1.39302	TRUE	environmental_samples	
BTO:0003120	13	NCBITaxon:335058		1.39302	TRUE	environmental_samples	
BTO:0003120	14	NCBITaxon:35493		1.39302	TRUE	environmental_samples	
BTO:0003120	15	NCBITaxon:374	Bradyrhizobium	1.39302	TRUE	environmental_samples	
BTO:0003120	16	NCBITaxon:629395		1.39302	TRUE	environmental_samples	
BTO:0003120	17	NCBITaxon:75682	Oxalobacteraceae	1.36473	TRUE	environmental_samples	
BTO:0003120	18	NCBITaxon:32033	Lysobacteraceae	1.33528	TRUE	environmental_samples	
BTO:0003120	19	NCBITaxon:169215		1.30458	TRUE	environmental_samples	
BTO:0003120	20	NCBITaxon:85413	Allobosea	1.30458	TRUE	environmental_samples	
BTO:0003120	21	NCBITaxon:50709	Acidocella	1.27252	TRUE	environmental_samples	
BTO:0003120	22	NCBITaxon:1716	Corynebacterium	1.23896	TRUE	environmental_samples	
BTO:0003120	23	NCBITaxon:356	Hyphomicrobiales	1.23896	TRUE	environmental_samples	
BTO:0003120	24	NCBITaxon:563835	Chitinophagaceae	1.23896	TRUE	environmental_samples	
BTO:0003120	25	NCBITaxon:82115	Rhizobiaceae	1.23896	TRUE	environmental_samples	
BTO:0003121	1	NCBITaxon:1205679	Bifidobacterium longum subsp. longum CECT 7347	3	TRUE	annotated_genomes_isolates	
BTO:0003123	1	NCBITaxon:439184	Escherichia coli RS218	3	TRUE	annotated_genomes_isolates	
BTO:0003129	1	NCBITaxon:539221		3	TRUE	annotated_genomes_isolates	
BTO:0003132	1	NCBITaxon:1178016	Encephalitozoon romaleae SJ-2008	3	TRUE	annotated_genomes_isolates	
BTO:0003132	2	NCBITaxon:1355160	Encephalitozoon cuniculi EcunIII-L	3	TRUE	annotated_genomes_isolates	
BTO:0003132	3	NCBITaxon:481877	Enterocytozoon bieneusi H348	3	TRUE	annotated_genomes_isolates	
BTO:0003132	4	NCBITaxon:578460	Vairimorpha ceranae BRL01	3	TRUE	annotated_genomes_isolates	
BTO:0003132	5	NCBITaxon:876142	Encephalitozoon intestinalis ATCC 50506	3	TRUE	annotated_genomes_isolates	
BTO:0003132	6	NCBITaxon:907965	Encephalitozoon hellem ATCC 50504	3	TRUE	annotated_genomes_isolates	
BTO:0003165	1	NCBITaxon:243161	Chlamydia muridarum str. Nigg	3	TRUE	annotated_genomes_isolates	
BTO:0003165	2	NCBITaxon:647227	Chlamydia muridarum str. Weiss	3	TRUE	annotated_genomes_isolates	
BTO:0003167	1	NCBITaxon:1117958	Pseudomonas extremaustralis 14-3 substr. 14-3b	3	TRUE	annotated_genomes_isolates	
BTO:0003280	1	NCBITaxon:1280	Staphylococcus aureus	3	TRUE	annotated_genomes_isolates	
BTO:0003292	1	NCBITaxon:1308539	Klebsiella pneumoniae subsp. pneumoniae ATCC 43816	3	TRUE	annotated_genomes_isolates	
BTO:0003415	1	NCBITaxon:1283	Staphylococcus haemolyticus	3	TRUE	annotated_genomes_isolates	
BTO:0003415	2	NCBITaxon:1405296	Chlamydia suis MD56	3	TRUE	annotated_genomes_isolates	
BTO:0003415	3	NCBITaxon:1427368	Chlamydia pecorum IPTaLE	3	TRUE	annotated_genomes_isolates	
BTO:0003415	4	NCBITaxon:1427369	Chlamydia pecorum MC/MarsBar	3	TRUE	annotated_genomes_isolates	
BTO:0003415	5	NCBITaxon:1427370	Chlamydia pecorum DBDeUG	3	TRUE	annotated_genomes_isolates	
BTO:0003415	6	NCBITaxon:1427371	Chlamydia pecorum VR629	3	TRUE	annotated_genomes_isolates	
BTO:0003415	7	NCBITaxon:813	Chlamydia trachomatis	3	TRUE	annotated_genomes_isolates	
BTO:0003434	1	NCBITaxon:388413	Algoriphagus machipongonensis	3	TRUE	annotated_genomes_isolates	
BTO:0003594	1	NCBITaxon:5851	Plasmodium knowlesi strain H	3	TRUE	annotated_genomes_isolates	
BTO:0003659	1	NCBITaxon:1421531	Pseudomonas aeruginosa 0C2E	3	TRUE	annotated_genomes_isolates	
BTO:0003659	2	NCBITaxon:287	Pseudomonas aeruginosa	3	TRUE	annotated_genomes_isolates	
BTO:0003680	1	NCBITaxon:1192868	Pseudaminobacter salicylatoxidans KCT001	3	TRUE	annotated_genomes_isolates	
BTO:0003680	2	NCBITaxon:273035	Spiroplasma kunkelii CR2-3x	3	TRUE	annotated_genomes_isolates	
BTO:0003799	1	NCBITaxon:1261128	Pantoea agglomerans 299R	3	TRUE	annotated_genomes_isolates	
BTO:0003833	1	NCBITaxon:388919	Streptococcus sanguinis SK36	3	TRUE	annotated_genomes_isolates	
BTO:0003861	1	NCBITaxon:29554	Metamycoplasma canadense	3	TRUE	annotated_genomes_isolates	
BTO:0003906	1	NCBITaxon:1286329	Escherichia coli TOP379	3	TRUE	annotated_genomes_isolates	
BTO:0003906	2	NCBITaxon:1286330	Escherichia coli TOP382-1	3	TRUE	annotated_genomes_isolates	
BTO:0003906	3	NCBITaxon:1286331	Escherichia coli TOP382-2	3	TRUE	annotated_genomes_isolates	
BTO:0003906	4	NCBITaxon:1286332	Escherichia coli TOP382-3	3	TRUE	annotated_genomes_isolates	
BTO:0003906	5	NCBITaxon:1286333	Escherichia coli TOP291	3	TRUE	annotated_genomes_isolates	
BTO:0003906	6	NCBITaxon:1286334	Escherichia coli TOP293-1	3	TRUE	annotated_genomes_isolates	
BTO:0003906	7	NCBITaxon:1286335	Escherichia coli TOP293-2	3	TRUE	annotated_genomes_isolates	
BTO:0003906	8	NCBITaxon:1286336	Escherichia coli TOP293-3	3	TRUE	annotated_genomes_isolates	
BTO:0003906	9	NCBITaxon:1286337	Escherichia coli TOP293-4	3	TRUE	annotated_genomes_isolates	
BTO:0003906	10	NCBITaxon:1286338	Escherichia coli TOP498	3	TRUE	annotated_genomes_isolates	
BTO:0003906	11	NCBITaxon:1286339	Escherichia coli TOP550-1	3	TRUE	annotated_genomes_isolates	
BTO:0003906	12	NCBITaxon:1286340	Escherichia coli TOP550-2	3	TRUE	annotated_genomes_isolates	
BTO:0003906	13	NCBITaxon:1286341	Escherichia coli TOP550-3	3	TRUE	annotated_genomes_isolates	
BTO:0003906	14	NCBITaxon:1286342	Escherichia coli TOP550-4	3	TRUE	annotated_genomes_isolates	
BTO:0003906	15	NCBITaxon:1286343	Escherichia coli TOP2386	3	TRUE	annotated_genomes_isolates	
BTO:0003906	16	NCBITaxon:1286344	Escherichia coli TOP2396-1	3	TRUE	annotated_genomes_isolates	
BTO:0003906	17	NCBITaxon:1286345	Escherichia coli TOP2396-2	3	TRUE	annotated_genomes_isolates	
BTO:0003906	18	NCBITaxon:1286346	Escherichia coli TOP2396-3	3	TRUE	annotated_genomes_isolates	
BTO:0003906	19	NCBITaxon:1286347	Escherichia coli TOP2515	3	TRUE	annotated_genomes_isolates	
BTO:0003906	20	NCBITaxon:1286348	Escherichia coli TOP2522-1	3	TRUE	annotated_genomes_isolates	
BTO:0003906	21	NCBITaxon:1286350	Escherichia coli TOP2652	3	TRUE	annotated_genomes_isolates	
BTO:0003906	22	NCBITaxon:1286351	Escherichia coli TOP2662-1	3	TRUE	annotated_genomes_isolates	
BTO:0003906	23	NCBITaxon:1286352	Escherichia coli TOP2662-2	3	TRUE	annotated_genomes_isolates	
BTO:0003906	24	NCBITaxon:1286353	Escherichia coli TOP2662-3	3	TRUE	annotated_genomes_isolates	
BTO:0003906	25	NCBITaxon:1286354	Escherichia coli TOP2662-4	3	TRUE	annotated_genomes_isolates	
BTO:0003969	1	NCBITaxon:1505946	Mesorhizobium sp. SOD10	3	TRUE	annotated_genomes_isolates	
BTO:0003969	2	NCBITaxon:408180	Mesorhizobium sp. ORS 3324	3	TRUE	annotated_genomes_isolates	
BTO:0003969	3	NCBITaxon:408184	Mesorhizobium sp. ORS 3359	3	TRUE	annotated_genomes_isolates	
BTO:0003969	4	NCBITaxon:69974	Mesorhizobium plurifarium	3	TRUE	annotated_genomes_isolates	
BTO:0004041	1	NCBITaxon:1075399	Blattabacterium sp. (Cryptocercus punctulatus) str. Cpu	3	TRUE	annotated_genomes_isolates	
BTO:0004057	1	NCBITaxon:1356854	Alicyclobacillus acidoterrestris ATCC 49025	3	TRUE	annotated_genomes_isolates	
BTO:0004057	2	NCBITaxon:562	Escherichia coli	3	TRUE	annotated_genomes_isolates	
BTO:0004093	1	NCBITaxon:1810840	Piscirickettsiaceae bacterium NZ-RLO1	3	TRUE	annotated_genomes_isolates	
BTO:0004108	1	NCBITaxon:69328	Pseudomonas sp. VLB120	3	TRUE	annotated_genomes_isolates	
BTO:0004299	1	NCBITaxon:1367494	Pseudomonas aeruginosa PAO1-VE13	3	TRUE	annotated_genomes_isolates	
BTO:0004299	2	NCBITaxon:945555	Acinetobacter baumannii WM99c	3	TRUE	annotated_genomes_isolates	
BTO:0004299	3	NCBITaxon:945556	Acinetobacter baumannii D1279779	3	TRUE	annotated_genomes_isolates	
BTO:0004300	1	NCBITaxon:1358	Lactococcus lactis	3	TRUE	annotated_genomes_isolates	
BTO:0004300	2	NCBITaxon:1580	Levilactobacillus brevis	3	TRUE	annotated_genomes_isolates	
BTO:0004300	3	NCBITaxon:1590	Lactiplantibacillus plantarum	3	TRUE	annotated_genomes_isolates	
BTO:0004300	4	NCBITaxon:758831	Escherichia coli ECC-1470	3	TRUE	annotated_genomes_isolates	
BTO:0004305	1	NCBITaxon:359	Martinezella rhizogenes	3	TRUE	annotated_genomes_isolates	
BTO:0004404	1	NCBITaxon:574375	Bacillus gaemokensis	3	TRUE	annotated_genomes_isolates	
BTO:0004493	1	NCBITaxon:499171	Helicobacter pylori HPKX_438_AG0C1	3	TRUE	annotated_genomes_isolates	
BTO:0004493	2	NCBITaxon:499172	Helicobacter pylori HPKX_438_CA4C1	3	TRUE	annotated_genomes_isolates	
BTO:0004520	1	NCBITaxon:1207542	Bifidobacterium bifidum LMG 13195	3	TRUE	annotated_genomes_isolates	
BTO:0004520	2	NCBITaxon:1232438	Clostridiales bacterium VE202-01	3	TRUE	annotated_genomes_isolates	
BTO:0004520	3	NCBITaxon:1232439	Clostridiales bacterium VE202-03	3	TRUE	annotated_genomes_isolates	
BTO:0004520	4	NCBITaxon:1232440	Hungatella hathewayi VE202-04	3	TRUE	annotated_genomes_isolates	
BTO:0004520	5	NCBITaxon:1232442	Clostridiales bacterium VE202-06	3	TRUE	annotated_genomes_isolates	
BTO:0004520	6	NCBITaxon:1232443	Clostridiales bacterium VE202-13	3	TRUE	annotated_genomes_isolates	
BTO:0004520	7	NCBITaxon:1232444	Clostridiales bacterium VE202-15	3	TRUE	annotated_genomes_isolates	
BTO:0004520	8	NCBITaxon:1232445	Clostridiales bacterium VE202-16	3	TRUE	annotated_genomes_isolates	
BTO:0004520	9	NCBITaxon:1232446	Clostridiales bacterium VE202-18	3	TRUE	annotated_genomes_isolates	
BTO:0004520	10	NCBITaxon:1232447	Clostridiales bacterium VE202-09	3	TRUE	annotated_genomes_isolates	
BTO:0004520	11	NCBITaxon:1232448	Clostridiales bacterium VE202-07	3	TRUE	annotated_genomes_isolates	
BTO:0004520	12	NCBITaxon:1232449	Clostridiales bacterium VE202-08	3	TRUE	annotated_genomes_isolates	
BTO:0004520	13	NCBITaxon:1232452	Clostridiales bacterium VE202-14	3	TRUE	annotated_genomes_isolates	
BTO:0004520	14	NCBITaxon:1232453	Clostridiales bacterium VE202-21	3	TRUE	annotated_genomes_isolates	
BTO:0004520	15	NCBITaxon:1232454	Clostridiales bacterium VE202-26	3	TRUE	annotated_genomes_isolates	
BTO:0004520	16	NCBITaxon:1232457	Clostridiales bacterium VE202-27	3	TRUE	annotated_genomes_isolates	
BTO:0004520	17	NCBITaxon:1232458	Clostridiales bacterium VE202-29	3	TRUE	annotated_genomes_isolates	
BTO:0004520	18	NCBITaxon:1232460	Clostridiales bacterium VE202-28	3	TRUE	annotated_genomes_isolates	
BTO:0004525	1	NCBITaxon:362242	Mycobacterium ulcerans Agy99	3	TRUE	annotated_genomes_isolates	
BTO:0004628	1	NCBITaxon:1235440	Staphylococcus epidermidis 12142587	3	TRUE	annotated_genomes_isolates	
BTO:0004659	1	NCBITaxon:1379676	Xenorhabdus bovienii str. Jollieti	3	TRUE	annotated_genomes_isolates	
BTO:0004668	1	NCBITaxon:1016	Capnocytophaga	4	TRUE	environmental_samples	
BTO:0004668	2	NCBITaxon:117563	Granulicatella	4	TRUE	environmental_samples	
BTO:0004668	3	NCBITaxon:119045	Methylobacteriaceae	4	TRUE	environmental_samples	
BTO:0004668	4	NCBITaxon:1243	Leuconostoc	4	TRUE	environmental_samples	
BTO:0004668	5	NCBITaxon:1263	Ruminococcus	4	TRUE	environmental_samples	
BTO:0004668	6	NCBITaxon:1268	Micrococcaceae	4	TRUE	environmental_samples	
BTO:0004668	7	NCBITaxon:1269	Micrococcus	4	TRUE	environmental_samples	
BTO:0004668	8	NCBITaxon:1279	Staphylococcus	4	TRUE	environmental_samples	
BTO:0004668	9	NCBITaxon:1280	Staphylococcus aureus	4	TRUE	environmental_samples	
BTO:0004668	10	NCBITaxon:1282	Staphylococcus epidermidis	4	TRUE	environmental_samples	
BTO:0004668	11	NCBITaxon:1283	Staphylococcus haemolyticus	4	TRUE	environmental_samples	
BTO:0004668	12	NCBITaxon:1301	Streptococcus	4	TRUE	environmental_samples	
BTO:0004668	13	NCBITaxon:13159	Mycoplana	4	TRUE	environmental_samples	
BTO:0004668	14	NCBITaxon:1350	Enterococcus	4	TRUE	environmental_samples	
BTO:0004668	15	NCBITaxon:135621	Pseudomonadaceae	4	TRUE	environmental_samples	
BTO:0004668	16	NCBITaxon:1357	Lactococcus	4	TRUE	environmental_samples	
BTO:0004668	17	NCBITaxon:13687	Sphingomonas	4	TRUE	environmental_samples	
BTO:0004668	18	NCBITaxon:1378	Gemella	4	TRUE	environmental_samples	
BTO:0004668	19	NCBITaxon:1385	Caryophanales	4	TRUE	environmental_samples	
BTO:0004668	20	NCBITaxon:1386	Bacillus <firmicutes>	4	TRUE	environmental_samples	
BTO:0004668	21	NCBITaxon:1485	Clostridium	4	TRUE	environmental_samples	
BTO:0004668	22	NCBITaxon:150022	Finegoldia	4	TRUE	environmental_samples	
BTO:0004668	23	NCBITaxon:1578	Lactobacillus	4	TRUE	environmental_samples	
BTO:0004668	24	NCBITaxon:162289	Peptoniphilus	4	TRUE	environmental_samples	
BTO:0004668	25	NCBITaxon:1654	Actinomyces	4	TRUE	environmental_samples	
BTO:0004669	1	NCBITaxon:1141657	Nocardia vulneris	3	TRUE	annotated_genomes_isolates	
BTO:0004669	2	NCBITaxon:1402163	Wolbachia endosymbiont wPip_Mol of Culex molestus	3	TRUE	annotated_genomes_isolates	
BTO:0004669	3	NCBITaxon:1446466	Candidatus Acetithermum autotrophicum	3	TRUE	annotated_genomes_isolates	
BTO:0004669	4	NCBITaxon:195522	Thermococcus nautili	3	TRUE	annotated_genomes_isolates	
BTO:0004669	5	NCBITaxon:311458	Candidatus Caldarchaeum subterraneum	3	TRUE	annotated_genomes_isolates	
BTO:0004669	6	NCBITaxon:358	Agrobacterium tumefaciens	3	TRUE	annotated_genomes_isolates	
BTO:0004669	7	NCBITaxon:381124		3	TRUE	annotated_genomes_isolates	
BTO:0004669	8	NCBITaxon:500485	Penicillium rubens Wisconsin 54-1255	3	TRUE	annotated_genomes_isolates	
BTO:0004669	9	NCBITaxon:747	Pasteurella multocida	3	TRUE	annotated_genomes_isolates	
BTO:0004687	1	NCBITaxon:1348339	Pseudomonas aeruginosa LCT-PA41	3	TRUE	annotated_genomes_isolates	
BTO:0004857	1	NCBITaxon:208223	Kosakonia cowanii	3	TRUE	annotated_genomes_isolates	
BTO:0004857	2	NCBITaxon:5823	Plasmodium berghei ANKA	3	TRUE	annotated_genomes_isolates	
BTO:0004983	1	NCBITaxon:1682	Bifidobacterium longum subsp. infantis	3	TRUE	annotated_genomes_isolates	
BTO:0004998	1	NCBITaxon:190304	Fusobacterium nucleatum subsp. nucleatum ATCC 25586	3	TRUE	annotated_genomes_isolates	
BTO:0005030	1	NCBITaxon:243161	Chlamydia muridarum str. Nigg	3	TRUE	annotated_genomes_isolates	
BTO:0005030	2	NCBITaxon:647227	Chlamydia muridarum str. Weiss	3	TRUE	annotated_genomes_isolates	
BTO:0005053	1	NCBITaxon:208223	Kosakonia cowanii	3	TRUE	annotated_genomes_isolates	
BTO:0005055	1	NCBITaxon:1003191	Salmonella enterica subsp. enterica serovar Tennessee str. TXSC_TXSC08-19	3	TRUE	annotated_genomes_isolates	
BTO:0005055	2	NCBITaxon:1003192	Salmonella enterica subsp. enterica serovar Tennessee str. TXSC_TXSC08-21	3	TRUE	annotated_genomes_isolates	
BTO:0005055	3	NCBITaxon:1029977	Salmonella enterica subsp. enterica serovar Paratyphi B str. SARA42	3	TRUE	annotated_genomes_isolates	
BTO:0005055	4	NCBITaxon:1029978	Salmonella enterica subsp. enterica serovar Typhimurium str. SARA13	3	TRUE	annotated_genomes_isolates	
BTO:0005055	5	NCBITaxon:1029980	Salmonella enterica subsp. enterica serovar Kentucky str. 5349	3	TRUE	annotated_genomes_isolates	
BTO:0005055	6	NCBITaxon:1029982	Salmonella enterica subsp. enterica serovar Tallahassee str. 0012	3	TRUE	annotated_genomes_isolates	
BTO:0005055	7	NCBITaxon:1029983	Salmonella enterica subsp. enterica serovar Abony str. 0014	3	TRUE	annotated_genomes_isolates	
BTO:0005055	8	NCBITaxon:1029997	Salmonella enterica subsp. enterica serovar Heidelberg str. SARA35	3	TRUE	annotated_genomes_isolates	
BTO:0005055	9	NCBITaxon:1037262	Salmonella enterica subsp. enterica serovar Typhimurium str. AZ 057	3	TRUE	annotated_genomes_isolates	
BTO:0005055	10	NCBITaxon:1079469	Salmonella enterica subsp. enterica serovar Saintpaul str. JO2008	3	TRUE	annotated_genomes_isolates	
BTO:0005055	11	NCBITaxon:1079470	Salmonella enterica subsp. enterica serovar Pullorum str. 19945	3	TRUE	annotated_genomes_isolates	
BTO:0005055	12	NCBITaxon:1079473	Salmonella enterica subsp. enterica serovar Montevideo str. 8387	3	TRUE	annotated_genomes_isolates	
BTO:0005055	13	NCBITaxon:1079474	Salmonella enterica subsp. enterica serovar Javiana str. 10721	3	TRUE	annotated_genomes_isolates	
BTO:0005055	14	NCBITaxon:1079477	Salmonella enterica subsp. enterica serovar Muenchen str. baa1594	3	TRUE	annotated_genomes_isolates	
BTO:0005055	15	NCBITaxon:1079478	Salmonella enterica subsp. enterica serovar Muenchen str. baa1674	3	TRUE	annotated_genomes_isolates	
BTO:0005055	16	NCBITaxon:1124919	Salmonella enterica subsp. enterica serovar Agona str. 632182-2	3	TRUE	annotated_genomes_isolates	
BTO:0005055	17	NCBITaxon:1124921	Salmonella enterica subsp. enterica serovar Agona str. 419639 2-1	3	TRUE	annotated_genomes_isolates	
BTO:0005055	18	NCBITaxon:1124923	Salmonella enterica subsp. enterica serovar Agona str. 648586-1	3	TRUE	annotated_genomes_isolates	
BTO:0005055	19	NCBITaxon:1124924	Salmonella enterica subsp. enterica serovar Anatum str. USDA 100	3	TRUE	annotated_genomes_isolates	
BTO:0005055	20	NCBITaxon:1124925	Salmonella enterica subsp. enterica serovar Bareilly str. ATCC 9115	3	TRUE	annotated_genomes_isolates	
BTO:0005055	21	NCBITaxon:1124926	Salmonella enterica subsp. enterica serovar Berta str. ATCC 8392	3	TRUE	annotated_genomes_isolates	
BTO:0005055	22	NCBITaxon:1124928	Salmonella enterica subsp. enterica serovar Cerro str. 818	3	TRUE	annotated_genomes_isolates	
BTO:0005055	23	NCBITaxon:1124929	Salmonella enterica subsp. enterica serovar Derby str. 626	3	TRUE	annotated_genomes_isolates	
BTO:0005055	24	NCBITaxon:1124933	Salmonella enterica subsp. enterica serovar Hadar str. ATCC 51956	3	TRUE	annotated_genomes_isolates	
BTO:0005055	25	NCBITaxon:1124934	Salmonella enterica subsp. enterica serovar Heidelberg str. 82-2052	3	TRUE	annotated_genomes_isolates	
BTO:0005189	1	NCBITaxon:1227812	Piscirickettsia salmonis LF-89 = ATCC VR-1361	3	TRUE	annotated_genomes_isolates	
BTO:0005257	1	NCBITaxon:1311	Streptococcus agalactiae	3	TRUE	annotated_genomes_isolates	
BTO:0005257	2	NCBITaxon:798300	Streptococcus pyogenes MGAS15252	3	TRUE	annotated_genomes_isolates	
BTO:0005312	1	NCBITaxon:1408271	Pseudomonas aeruginosa LES400	3	TRUE	annotated_genomes_isolates	
BTO:0005312	2	NCBITaxon:1408272	Pseudomonas aeruginosa LES431	3	TRUE	annotated_genomes_isolates	
BTO:0005312	3	NCBITaxon:1408273	Pseudomonas aeruginosa LESB65	3	TRUE	annotated_genomes_isolates	
BTO:0005312	4	NCBITaxon:1408274	Pseudomonas aeruginosa LESlike1	3	TRUE	annotated_genomes_isolates	
BTO:0005312	5	NCBITaxon:1408275	Pseudomonas aeruginosa LESlike4	3	TRUE	annotated_genomes_isolates	
BTO:0005312	6	NCBITaxon:1408276	Pseudomonas aeruginosa LESlike5	3	TRUE	annotated_genomes_isolates	
BTO:0005312	7	NCBITaxon:1408277	Pseudomonas aeruginosa LESlike7	3	TRUE	annotated_genomes_isolates	
BTO:0005373	1	NCBITaxon:1869227	bacterium	1.75005	TRUE	environmental_samples	
BTO:0005373	2	NCBITaxon:2	Bacteria	1.75005	TRUE	environmental_samples	
BTO:0005373	3	NCBITaxon:629395		1.75005	TRUE	environmental_samples	
BTO:0005373	4	NCBITaxon:204432	Terriglobia	1.74062	TRUE	environmental_samples	
BTO:0005373	5	NCBITaxon:28211	Alphaproteobacteria	1.74062	TRUE	environmental_samples	
BTO:0005373	6	NCBITaxon:33973	Acidobacterium	1.74062	TRUE	environmental_samples	
BTO:0005373	7	NCBITaxon:45401	Hyphomicrobiaceae	1.74062	TRUE	environmental_samples	
BTO:0005373	8	NCBITaxon:57723	Acidobacteriota	1.74062	TRUE	environmental_samples	
BTO:0005373	9	NCBITaxon:75787	Rhodocyclaceae	1.74062	TRUE	environmental_samples	
BTO:0005373	10	NCBITaxon:135622	Alteromonadales	1.73107	TRUE	environmental_samples	
BTO:0005373	11	NCBITaxon:28216	Betaproteobacteria	1.73107	TRUE	environmental_samples	
BTO:0005373	12	NCBITaxon:31989	Paracoccaceae	1.73107	TRUE	environmental_samples	
BTO:0005373	13	NCBITaxon:356	Hyphomicrobiales	1.73107	TRUE	environmental_samples	
BTO:0005373	14	NCBITaxon:80864	Comamonadaceae	1.73107	TRUE	environmental_samples	
BTO:0005373	15	NCBITaxon:41295	Rhodospirillaceae	1.72138	TRUE	environmental_samples	
BTO:0005373	16	NCBITaxon:72275	Alteromonadaceae	1.72138	TRUE	environmental_samples	
BTO:0005373	17	NCBITaxon:84993	Acidimicrobiales	1.72138	TRUE	environmental_samples	
BTO:0005373	18	NCBITaxon:1236	Gammaproteobacteria	1.71157	TRUE	environmental_samples	
BTO:0005373	19	NCBITaxon:286	Pseudomonas	1.71157	TRUE	environmental_samples	
BTO:0005373	20	NCBITaxon:41297	Sphingomonadaceae	1.71157	TRUE	environmental_samples	
BTO:0005373	21	NCBITaxon:568386	Nevskiaceae	1.71157	TRUE	environmental_samples	
BTO:0005373	22	NCBITaxon:235572	Candidatus Portiera	1.70162	TRUE	environmental_samples	
BTO:0005373	23	NCBITaxon:237	Flavobacterium	1.70162	TRUE	environmental_samples	
BTO:0005373	24	NCBITaxon:29	Myxococcales	1.70162	TRUE	environmental_samples	
BTO:0005373	25	NCBITaxon:28221	Deltaproteobacteria	1.69153	TRUE	environmental_samples	
BTO:0005436	1	NCBITaxon:1417989	Burkholderia glumae 336gr-1	3	TRUE	annotated_genomes_isolates	
BTO:0005436	2	NCBITaxon:41899	Burkholderia plantarii	3	TRUE	annotated_genomes_isolates	
BTO:0005436	3	NCBITaxon:626418	Burkholderia glumae BGR1	3	TRUE	annotated_genomes_isolates	
BTO:0005441	1	NCBITaxon:1261128	Pantoea agglomerans 299R	3	TRUE	annotated_genomes_isolates	
BTO:0005441	2	NCBITaxon:438753	Azorhizobium caulinodans ORS 571	3	TRUE	annotated_genomes_isolates	
BTO:0005445	1	NCBITaxon:1328859	Escherichia coli O157:H7 str. SS17	3	TRUE	annotated_genomes_isolates	
BTO:0005516	1	NCBITaxon:1121927	Gordonia hirsuta DSM 44140 = NBRC 16056	4	TRUE	annotated_genomes_isolates	
BTO:0005516	2	NCBITaxon:186802	Eubacteriales	4	TRUE	environmental_samples	
BTO:0005516	3	NCBITaxon:1869227	bacterium	4	TRUE	environmental_samples	
BTO:0005516	4	NCBITaxon:2	Bacteria	4	TRUE	environmental_samples	
BTO:0005516	5	NCBITaxon:286	Pseudomonas	4	TRUE	environmental_samples	
BTO:0005516	6	NCBITaxon:32033	Lysobacteraceae	4	TRUE	environmental_samples	
BTO:0005516	7	NCBITaxon:35493		4	TRUE	environmental_samples	
BTO:0005516	8	NCBITaxon:3654		4	TRUE	environmental_samples	
BTO:0005516	9	NCBITaxon:4432		4	TRUE	environmental_samples	
BTO:0005516	10	NCBITaxon:543	Enterobacteriaceae	4	TRUE	environmental_samples	
BTO:0005516	11	NCBITaxon:629395		4	TRUE	environmental_samples	
BTO:0005516	12	NCBITaxon:80864	Comamonadaceae	4	TRUE	environmental_samples	
BTO:0005516	13	NCBITaxon:85961		4	TRUE	environmental_samples	
BTO:0005516	14	NCBITaxon:1075399	Blattabacterium sp. (Cryptocercus punctulatus) str. Cpu	3	TRUE	annotated_genomes_isolates	
BTO:0005516	15	NCBITaxon:1384051	Bacillus amyloliquefaciens UASWS BA1	3	TRUE	annotated_genomes_isolates	
BTO:0005516	16	NCBITaxon:1498499	Legionella norrlandica	3	TRUE	annotated_genomes_isolates	
BTO:0005516	17	NCBITaxon:172045	Elizabethkingia miricola	3	TRUE	annotated_genomes_isolates	
BTO:0005516	18	NCBITaxon:278956	Opitutaceae bacterium TAV1	3	TRUE	annotated_genomes_isolates	
BTO:0005516	19	NCBITaxon:5306		3	TRUE	annotated_genomes_isolates	
BTO:0005516	20	NCBITaxon:794903	Opitutaceae bacterium TAV5	3	TRUE	annotated_genomes_isolates	
BTO:0005516	21	NCBITaxon:1485	Clostridium	1.78703	TRUE	environmental_samples	
BTO:0005516	22	NCBITaxon:22	Shewanella	1.76642	TRUE	environmental_samples	
BTO:0005516	23	NCBITaxon:31979	Clostridiaceae	1.76642	TRUE	environmental_samples	
BTO:0005516	24	NCBITaxon:374	Bradyrhizobium	1.73436	TRUE	environmental_samples	
BTO:0005516	25	NCBITaxon:2745	Halomonas	1.72334	TRUE	environmental_samples	
BTO:0005655	1	NCBITaxon:1041504	Candidatus Arthromitus sp. SFB-rat-Yit	3	TRUE	annotated_genomes_isolates	
BTO:0005655	2	NCBITaxon:1041809	Candidatus Arthromitus sp. SFB-mouse-Yit	3	TRUE	annotated_genomes_isolates	
BTO:0005655	3	NCBITaxon:1073972	Candidatus Arthromitus sp. SFB-mouse-NYU	3	TRUE	annotated_genomes_isolates	
BTO:0005655	4	NCBITaxon:1697779	Clostridia bacterium UC5.1-1F7	3	TRUE	annotated_genomes_isolates	
BTO:0005655	5	NCBITaxon:1697780	Clostridia bacterium UC5.1-1D2	3	TRUE	annotated_genomes_isolates	
BTO:0005655	6	NCBITaxon:1697781	Clostridia bacterium UC5.1-2E3	3	TRUE	annotated_genomes_isolates	
BTO:0005655	7	NCBITaxon:1697782	Clostridia bacterium UC5.1-1A9	3	TRUE	annotated_genomes_isolates	
BTO:0005655	8	NCBITaxon:1697783	Clostridia bacterium UC5.1-1F8	3	TRUE	annotated_genomes_isolates	
BTO:0005655	9	NCBITaxon:1697784	Clostridia bacterium UC5.1-1D4	3	TRUE	annotated_genomes_isolates	
BTO:0005655	10	NCBITaxon:1697785	Clostridia bacterium UC5.1-2D9	3	TRUE	annotated_genomes_isolates	
BTO:0005655	11	NCBITaxon:1697786	Clostridia bacterium UC5.1-2E1	3	TRUE	annotated_genomes_isolates	
BTO:0005655	12	NCBITaxon:1697787	Clostridia bacterium UC5.1-1D10	3	TRUE	annotated_genomes_isolates	
BTO:0005655	13	NCBITaxon:1697788	Clostridia bacterium UC5.1-2H6	3	TRUE	annotated_genomes_isolates	
BTO:0005655	14	NCBITaxon:1697789	Clostridia bacterium UC5.1-1E3	3	TRUE	annotated_genomes_isolates	
BTO:0005655	15	NCBITaxon:1697790	Clostridia bacterium UC5.1-1C12	3	TRUE	annotated_genomes_isolates	
BTO:0005655	16	NCBITaxon:1697791	Clostridia bacterium UC5.1-2G4	3	TRUE	annotated_genomes_isolates	
BTO:0005655	17	NCBITaxon:1697792	Clostridia bacterium UC5.1-2F7	3	TRUE	annotated_genomes_isolates	
BTO:0005655	18	NCBITaxon:1697793	Clostridia bacterium UC5.1-1E11	3	TRUE	annotated_genomes_isolates	
BTO:0005655	19	NCBITaxon:1697794	Clostridia bacterium UC5.1-1D1	3	TRUE	annotated_genomes_isolates	
BTO:0005655	20	NCBITaxon:1697795	Clostridia bacterium UC5.1-2H11	3	TRUE	annotated_genomes_isolates	
BTO:0005655	21	NCBITaxon:1697796	Bacteroidia bacterium UC5.1-2G11	3	TRUE	annotated_genomes_isolates	
BTO:0005655	22	NCBITaxon:1697797	Actinobacteria bacterium UC5.1-1B11	3	TRUE	annotated_genomes_isolates	
BTO:0005655	23	NCBITaxon:1697798	Actinobacteria bacterium UC5.1-1C2	3	TRUE	annotated_genomes_isolates	
BTO:0005692	1	NCBITaxon:104267	Tenacibaculum	4	TRUE	environmental_samples	
BTO:0005692	2	NCBITaxon:1129	Synechococcus	4	TRUE	environmental_samples	
BTO:0005692	3	NCBITaxon:118	Planctomyces	4	TRUE	environmental_samples	
BTO:0005692	4	NCBITaxon:1236	Gammaproteobacteria	4	TRUE	environmental_samples	
BTO:0005692	5	NCBITaxon:135613	Chromatiales	4	TRUE	environmental_samples	
BTO:0005692	6	NCBITaxon:135619	Oceanospirillales	4	TRUE	environmental_samples	
BTO:0005692	7	NCBITaxon:135622	Alteromonadales	4	TRUE	environmental_samples	
BTO:0005692	8	NCBITaxon:1655514	Candidatus Pelagibacteraceae	4	TRUE	environmental_samples	
BTO:0005692	9	NCBITaxon:1869227	bacterium	4	TRUE	environmental_samples	
BTO:0005692	10	NCBITaxon:2	Bacteria	4	TRUE	environmental_samples	
BTO:0005692	11	NCBITaxon:200644	Flavobacteriales	4	TRUE	environmental_samples	
BTO:0005692	12	NCBITaxon:200666	Sphingobacteriales	4	TRUE	environmental_samples	
BTO:0005692	13	NCBITaxon:203557	Verrucomicrobiaceae	4	TRUE	environmental_samples	
BTO:0005692	14	NCBITaxon:203682	Planctomycetota	4	TRUE	environmental_samples	
BTO:0005692	15	NCBITaxon:203683	Planctomycetia	4	TRUE	environmental_samples	
BTO:0005692	16	NCBITaxon:2037	Actinomycetales	4	TRUE	environmental_samples	
BTO:0005692	17	NCBITaxon:235572	Candidatus Portiera	4	TRUE	environmental_samples	
BTO:0005692	18	NCBITaxon:237	Flavobacterium	4	TRUE	environmental_samples	
BTO:0005692	19	NCBITaxon:245186	Loktanella	4	TRUE	environmental_samples	
BTO:0005692	20	NCBITaxon:246874	Cryomorphaceae	4	TRUE	environmental_samples	
BTO:0005692	21	NCBITaxon:2691357	Pirellulaceae	4	TRUE	environmental_samples	
BTO:0005692	22	NCBITaxon:28211	Alphaproteobacteria	4	TRUE	environmental_samples	
BTO:0005692	23	NCBITaxon:28216	Betaproteobacteria	4	TRUE	environmental_samples	
BTO:0005692	24	NCBITaxon:2830	Haptophyta	4	TRUE	environmental_samples	
BTO:0005692	25	NCBITaxon:29	Myxococcales	4	TRUE	environmental_samples	
BTO:0005810	1	NCBITaxon:100901	Wolbachia endosymbiont of Onchocerca ochengi	3	TRUE	annotated_genomes_isolates	
BTO:0005810	2	NCBITaxon:1046596	Liquorilactobacillus mali KCTC 3596 = DSM 20444	3	TRUE	annotated_genomes_isolates	
BTO:0005810	3	NCBITaxon:1071395	Heyndrickxia coagulans XZL4	3	TRUE	annotated_genomes_isolates	
BTO:0005810	4	NCBITaxon:1093100		3	TRUE	annotated_genomes_isolates	
BTO:0005810	5	NCBITaxon:1093672		3	TRUE	annotated_genomes_isolates	
BTO:0005810	6	NCBITaxon:1114972	Furfurilactobacillus rossiae DSM 15814	3	TRUE	annotated_genomes_isolates	
BTO:0005810	7	NCBITaxon:1122146	Ligilactobacillus ceti DSM 22408	3	TRUE	annotated_genomes_isolates	
BTO:0005810	8	NCBITaxon:1122147	Schleiferilactobacillus harbinensis DSM 16991	3	TRUE	annotated_genomes_isolates	
BTO:0005810	9	NCBITaxon:1122148	Fructilactobacillus lindneri DSM 20690 = JCM 11027	3	TRUE	annotated_genomes_isolates	
BTO:0005810	10	NCBITaxon:1122149	Secundilactobacillus malefermentans DSM 5705 = KCTC 3548	3	TRUE	annotated_genomes_isolates	
BTO:0005810	11	NCBITaxon:1122150	Liquorilactobacillus nagelii DSM 13675	3	TRUE	annotated_genomes_isolates	
BTO:0005810	12	NCBITaxon:1122151	Companilactobacillus paralimentarius DSM 13238 = JCM 10415	3	TRUE	annotated_genomes_isolates	
BTO:0005810	13	NCBITaxon:1122152	Lactobacillus psittaci DSM 15354	3	TRUE	annotated_genomes_isolates	
BTO:0005810	14	NCBITaxon:1122153	Ligilactobacillus saerimneri DSM 16049	3	TRUE	annotated_genomes_isolates	
BTO:0005810	15	NCBITaxon:1123500	Weissella halotolerans DSM 20190	3	TRUE	annotated_genomes_isolates	
BTO:0005810	16	NCBITaxon:1133569	Liquorilactobacillus vini DSM 20605	3	TRUE	annotated_genomes_isolates	
BTO:0005810	17	NCBITaxon:114090	Pediococcus inopinatus	3	TRUE	annotated_genomes_isolates	
BTO:0005810	18	NCBITaxon:1151117	Thermococcus zilligii AN1	3	TRUE	annotated_genomes_isolates	
BTO:0005810	19	NCBITaxon:1193095	Paucilactobacillus hokkaidonensis	3	TRUE	annotated_genomes_isolates	
BTO:0005810	20	NCBITaxon:1217420	Lactobacillus delbrueckii subsp. jakobsenii ZN7a-9 = DSM 26046	3	TRUE	annotated_genomes_isolates	
BTO:0005810	21	NCBITaxon:1221451	Staphylococcus aureus subsp. aureus 120	3	TRUE	annotated_genomes_isolates	
BTO:0005810	22	NCBITaxon:1221452	Staphylococcus aureus subsp. aureus 333	3	TRUE	annotated_genomes_isolates	
BTO:0005810	23	NCBITaxon:1221453	Staphylococcus aureus subsp. aureus 3989	3	TRUE	annotated_genomes_isolates	
BTO:0005810	24	NCBITaxon:1225791		3	TRUE	annotated_genomes_isolates	
BTO:0005810	25	NCBITaxon:1225792		3	TRUE	annotated_genomes_isolates	
BTO:0005937	1	NCBITaxon:1029718	Candidatus Arthromitus sp. SFB-mouse-Japan	3	TRUE	annotated_genomes_isolates	
BTO:0005937	2	NCBITaxon:1054942	Candidatus Arthromitus sp. SFB-1	3	TRUE	annotated_genomes_isolates	
BTO:0005937	3	NCBITaxon:1054943	Candidatus Arthromitus sp. SFB-2	3	TRUE	annotated_genomes_isolates	
BTO:0005937	4	NCBITaxon:1131757	Pseudomonas aeruginosa MPAO1/P1	3	TRUE	annotated_genomes_isolates	
BTO:0005937	5	NCBITaxon:1131758	Pseudomonas aeruginosa MPAO1/P2	3	TRUE	annotated_genomes_isolates	
BTO:0005937	6	NCBITaxon:1205679	Bifidobacterium longum subsp. longum CECT 7347	3	TRUE	annotated_genomes_isolates	
BTO:0005937	7	NCBITaxon:1580	Levilactobacillus brevis	3	TRUE	annotated_genomes_isolates	
BTO:0005937	8	NCBITaxon:1697779	Clostridia bacterium UC5.1-1F7	3	TRUE	annotated_genomes_isolates	
BTO:0005937	9	NCBITaxon:1697780	Clostridia bacterium UC5.1-1D2	3	TRUE	annotated_genomes_isolates	
BTO:0005937	10	NCBITaxon:1697781	Clostridia bacterium UC5.1-2E3	3	TRUE	annotated_genomes_isolates	
BTO:0005937	11	NCBITaxon:1697782	Clostridia bacterium UC5.1-1A9	3	TRUE	annotated_genomes_isolates	
BTO:0005937	12	NCBITaxon:1697783	Clostridia bacterium UC5.1-1F8	3	TRUE	annotated_genomes_isolates	
BTO:0005937	13	NCBITaxon:1697784	Clostridia bacterium UC5.1-1D4	3	TRUE	annotated_genomes_isolates	
BTO:0005937	14	NCBITaxon:1697785	Clostridia bacterium UC5.1-2D9	3	TRUE	annotated_genomes_isolates	
BTO:0005937	15	NCBITaxon:1697786	Clostridia bacterium UC5.1-2E1	3	TRUE	annotated_genomes_isolates	
BTO:0005937	16	NCBITaxon:1697787	Clostridia bacterium UC5.1-1D10	3	TRUE	annotated_genomes_isolates	
BTO:0005937	17	NCBITaxon:1697788	Clostridia bacterium UC5.1-2H6	3	TRUE	annotated_genomes_isolates	
BTO:0005937	18	NCBITaxon:1697789	Clostridia bacterium UC5.1-1E3	3	TRUE	annotated_genomes_isolates	
BTO:0005937	19	NCBITaxon:1697790	Clostridia bacterium UC5.1-1C12	3	TRUE	annotated_genomes_isolates	
BTO:0005937	20	NCBITaxon:1697791	Clostridia bacterium UC5.1-2G4	3	TRUE	annotated_genomes_isolates	
BTO:0005937	21	NCBITaxon:1697792	Clostridia bacterium UC5.1-2F7	3	TRUE	annotated_genomes_isolates	
BTO:0005937	22	NCBITaxon:1697793	Clostridia bacterium UC5.1-1E11	3	TRUE	annotated_genomes_isolates	
BTO:0005937	23	NCBITaxon:1697794	Clostridia bacterium UC5.1-1D1	3	TRUE	annotated_genomes_isolates	
BTO:0005937	24	NCBITaxon:1697795	Clostridia bacterium UC5.1-2H11	3	TRUE	annotated_genomes_isolates	
BTO:0005937	25	NCBITaxon:1697796	Bacteroidia bacterium UC5.1-2G11	3	TRUE	annotated_genomes_isolates	
BTO:0005992	1	NCBITaxon:305	Ralstonia solanacearum	3	TRUE	annotated_genomes_isolates	
BTO:0005992	2	NCBITaxon:286	Pseudomonas	1.57118	TRUE	environmental_samples	
BTO:0005992	3	NCBITaxon:469	Acinetobacter	1.57118	TRUE	environmental_samples	
BTO:0005992	4	NCBITaxon:543	Enterobacteriaceae	1.57118	TRUE	environmental_samples	
BTO:0005992	5	NCBITaxon:551	Erwinia	1.57118	TRUE	environmental_samples	
BTO:0005992	6	NCBITaxon:158851	Trabulsiella	1.55027	TRUE	environmental_samples	
BTO:0005992	7	NCBITaxon:570	Klebsiella	1.55027	TRUE	environmental_samples	
BTO:0005992	8	NCBITaxon:135621	Pseudomonadaceae	1.50654	TRUE	environmental_samples	
BTO:0005992	9	NCBITaxon:413497	Cronobacter dublinensis	1.50654	TRUE	environmental_samples	
BTO:0005992	10	NCBITaxon:243922	Acinetobacter rhizosphaerae	1.48364	TRUE	environmental_samples	
BTO:0005992	11	NCBITaxon:28090	Acinetobacter lwoffii	1.48364	TRUE	environmental_samples	
BTO:0005992	12	NCBITaxon:468	Moraxellaceae	1.48364	TRUE	environmental_samples	
BTO:0005992	13	NCBITaxon:544	Citrobacter	1.45999	TRUE	environmental_samples	
BTO:0005992	14	NCBITaxon:549	Pantoea agglomerans	1.45999	TRUE	environmental_samples	
BTO:0005992	15	NCBITaxon:550	Enterobacter cloacae	1.43553	TRUE	environmental_samples	
BTO:0005992	16	NCBITaxon:28901	Salmonella enterica	1.41022	TRUE	environmental_samples	
BTO:0005992	17	NCBITaxon:571	Klebsiella oxytoca	1.41022	TRUE	environmental_samples	
BTO:0005992	18	NCBITaxon:84642	Aeromonadaceae	1.41022	TRUE	environmental_samples	
BTO:0005992	19	NCBITaxon:138074	Serratia symbiotica	1.38399	TRUE	environmental_samples	
BTO:0005992	20	NCBITaxon:547	Enterobacter	1.38399	TRUE	environmental_samples	
BTO:0005992	21	NCBITaxon:299767	Enterobacter ludwigii	1.32847	TRUE	environmental_samples	
BTO:0005992	22	NCBITaxon:300181	Serratia ureilytica	1.32847	TRUE	environmental_samples	
BTO:0005992	23	NCBITaxon:32033	Lysobacteraceae	1.29902	TRUE	environmental_samples	
BTO:0005992	24	NCBITaxon:553	Pantoea ananatis	1.29902	TRUE	environmental_samples	
BTO:0005992	25	NCBITaxon:35493		1.26832	TRUE	environmental_samples	
ENVO:00000000	1	NCBITaxon:102862	Proteus penneri	4	TRUE	environmental_samples	
ENVO:00000000	2	NCBITaxon:1045010	Escherichia coli O157	4	TRUE	environmental_samples	
ENVO:00000000	3	NCBITaxon:106370	Frankia casuarinae	4	TRUE	environmental_samples	
ENVO:00000000	4	NCBITaxon:114525	Saccharomyces mikatae	4	TRUE	environmental_samples	
ENVO:00000000	5	NCBITaxon:114628	Alkaliphilus transvaalensis	4	TRUE	environmental_samples	
ENVO:00000000	6	NCBITaxon:121845		4	TRUE	environmental_samples	
ENVO:00000000	7	NCBITaxon:1261	Peptostreptococcus anaerobius	4	TRUE	environmental_samples	
ENVO:00000000	8	NCBITaxon:1265	Ruminococcus flavefaciens	4	TRUE	environmental_samples	
ENVO:00000000	9	NCBITaxon:1267	Sarcina ventriculi	4	TRUE	environmental_samples	
ENVO:00000000	10	NCBITaxon:1270	Micrococcus luteus	4	TRUE	environmental_samples	
ENVO:00000000	11	NCBITaxon:128	Isosphaera pallida	4	TRUE	environmental_samples	
ENVO:00000000	12	NCBITaxon:128104	Lentzea albidocapillata subsp. violacea	4	TRUE	environmental_samples	
ENVO:00000000	13	NCBITaxon:1282	Staphylococcus epidermidis	4	TRUE	environmental_samples	
ENVO:00000000	14	NCBITaxon:128574	Paenibacillus brasilensis	4	TRUE	environmental_samples	
ENVO:00000000	15	NCBITaxon:1304	Streptococcus salivarius	4	TRUE	environmental_samples	
ENVO:00000000	16	NCBITaxon:1305	Streptococcus sanguinis	4	TRUE	environmental_samples	
ENVO:00000000	17	NCBITaxon:1308	Streptococcus thermophilus	4	TRUE	environmental_samples	
ENVO:00000000	18	NCBITaxon:1309	Streptococcus mutans	4	TRUE	environmental_samples	
ENVO:00000000	19	NCBITaxon:1318	Streptococcus parasanguinis	4	TRUE	environmental_samples	
ENVO:00000000	20	NCBITaxon:1338	Streptococcus intermedius	4	TRUE	environmental_samples	
ENVO:00000000	21	NCBITaxon:1358	Lactococcus lactis	4	TRUE	environmental_samples	
ENVO:00000000	22	NCBITaxon:1363	Lactococcus garvieae	4	TRUE	environmental_samples	
ENVO:00000000	23	NCBITaxon:1381	Atopobium minutum	4	TRUE	environmental_samples	
ENVO:00000000	24	NCBITaxon:1396	Bacillus cereus	4	TRUE	environmental_samples	
ENVO:00000000	25	NCBITaxon:1399	Cytobacillus firmus	4	TRUE	environmental_samples	
ENVO:00000011	1	NCBITaxon:693444	Enterobacteriaceae bacterium strain FGI 57	3	TRUE	annotated_genomes_isolates	
ENVO:00000011	2	NCBITaxon:91360	Desulforhopalus singaporensis	3	TRUE	annotated_genomes_isolates	
ENVO:00000012	1	NCBITaxon:207954	Neptuniibacter caesariensis	1.81611	TRUE	environmental_samples	
ENVO:00000012	2	NCBITaxon:313594	Polaribacter irgensii 23-P	1.79016	TRUE	environmental_samples	
ENVO:00000012	3	NCBITaxon:314277	Marinomonas sp. MED121	1.7893	TRUE	environmental_samples	
ENVO:00000012	4	NCBITaxon:357804	Psychromonas ingrahamii 37	1.78824	TRUE	environmental_samples	
ENVO:00000012	5	NCBITaxon:290400	Jannaschia sp. CCS1	1.78491	TRUE	environmental_samples	
ENVO:00000012	6	NCBITaxon:398580	Dinoroseobacter shibae DFL 12 = DSM 16493	1.77955	TRUE	environmental_samples	
ENVO:00000012	7	NCBITaxon:313598	Polaribacter sp. MED152	1.77609	TRUE	environmental_samples	
ENVO:00000012	8	NCBITaxon:318586	Paracoccus denitrificans PD1222	1.76834	TRUE	environmental_samples	
ENVO:00000012	9	NCBITaxon:400668	Marinomonas sp. MWYL1	1.76422	TRUE	environmental_samples	
ENVO:00000012	10	NCBITaxon:349521	Hahella chejuensis KCTC 2396	1.76409	TRUE	environmental_samples	
ENVO:00000012	11	NCBITaxon:391626	Octadecabacter antarcticus 307	1.76091	TRUE	environmental_samples	
ENVO:00000012	12	NCBITaxon:439495	Pseudovibrio sp. JE062	1.76001	TRUE	environmental_samples	
ENVO:00000012	13	NCBITaxon:314271	Maritimibacter alkaliphilus HTCC2654	1.75992	TRUE	environmental_samples	
ENVO:00000012	14	NCBITaxon:371731	Rhodobacter ferrooxidans	1.75992	TRUE	environmental_samples	
ENVO:00000012	15	NCBITaxon:313603	Maribacter sp. HTCC2170	1.75859	TRUE	environmental_samples	
ENVO:00000012	16	NCBITaxon:388399	Sagittula stellata E-37	1.75772	TRUE	environmental_samples	
ENVO:00000012	17	NCBITaxon:342610		1.74946	TRUE	environmental_samples	
ENVO:00000012	18	NCBITaxon:391624	Sulfitobacter indolifex HEL-45	1.74897	TRUE	environmental_samples	
ENVO:00000012	19	NCBITaxon:167879	Colwellia psychrerythraea 34H	1.7477	TRUE	environmental_samples	
ENVO:00000012	20	NCBITaxon:314256	Oceanicola granulosus HTCC2516	1.74749	TRUE	environmental_samples	
ENVO:00000012	21	NCBITaxon:207949	Bermanella marisrubri	1.74613	TRUE	environmental_samples	
ENVO:00000012	22	NCBITaxon:290398	Chromohalobacter israelensis DSM 3043	1.74491	TRUE	environmental_samples	
ENVO:00000012	23	NCBITaxon:376686	Flavobacterium johnsoniae UW101	1.74352	TRUE	environmental_samples	
ENVO:00000012	24	NCBITaxon:411684	Hoeflea phototrophica DFL-43	1.74312	TRUE	environmental_samples	
ENVO:00000012	25	NCBITaxon:396588	Thioalkalivibrio sulfidiphilus HL-EbGr7	1.7424	TRUE	environmental_samples	
ENVO:00000014	1	NCBITaxon:1121392	Desulfatibacillum aliphaticivorans DSM 15576	3	TRUE	annotated_genomes_isolates	
ENVO:00000014	2	NCBITaxon:1122189	Malonomonas rubra DSM 5091	3	TRUE	annotated_genomes_isolates	
ENVO:00000014	3	NCBITaxon:653733	Desulfurispirillum indicum S5	3	TRUE	annotated_genomes_isolates	
ENVO:00000015	1	NCBITaxon:1007122	Fidelibacterota bacterium SCGC AAA160-C11	4	TRUE	annotated_genomes_isolates	
ENVO:00000015	2	NCBITaxon:1007124	Fidelibacterota bacterium SCGC AAA076-M08	4	TRUE	annotated_genomes_isolates	
ENVO:00000015	3	NCBITaxon:1014	Weeksella virosa	4	TRUE	environmental_samples	
ENVO:00000015	4	NCBITaxon:102	Polaribacter glomeratus	4	TRUE	environmental_samples	
ENVO:00000015	5	NCBITaxon:103	Flectobacillus major	4	TRUE	environmental_samples	
ENVO:00000015	6	NCBITaxon:103810	Riemerella columbina	4	TRUE	environmental_samples	
ENVO:00000015	7	NCBITaxon:104087	Pseudomonas frederiksbergensis	4	TRUE	environmental_samples	
ENVO:00000015	8	NCBITaxon:104268	Tenacibaculum mesophilum	4	TRUE	environmental_samples	
ENVO:00000015	9	NCBITaxon:104270	Tenacibaculum ovolyticum	4	TRUE	environmental_samples	
ENVO:00000015	10	NCBITaxon:1052844	Parcubacteria bacterium SCGC AAA040-L21	4	TRUE	annotated_genomes_isolates	
ENVO:00000015	11	NCBITaxon:1052848	Parcubacteria bacterium SCGC AAA036-E14	4	TRUE	annotated_genomes_isolates	
ENVO:00000015	12	NCBITaxon:107401	Tenacibaculum maritimum	4	TRUE	environmental_samples	
ENVO:00000015	13	NCBITaxon:1086	Rhodothalassium salexigens	4	TRUE	environmental_samples	
ENVO:00000015	14	NCBITaxon:1087	Rhodovibrio salinarum	4	TRUE	environmental_samples	
ENVO:00000015	15	NCBITaxon:109263	Halothiobacillus kellyi	4	TRUE	environmental_samples	
ENVO:00000015	16	NCBITaxon:1104584	Candidatus Altimarinus pacificus JGI 0000068-E11	4	TRUE	annotated_genomes_isolates	
ENVO:00000015	17	NCBITaxon:111769	Thiothrix unzii	4	TRUE	environmental_samples	
ENVO:00000015	18	NCBITaxon:111770	Thiothrix fructosivorans	4	TRUE	environmental_samples	
ENVO:00000015	19	NCBITaxon:112002	Psychrobacter pacificensis	4	TRUE	environmental_samples	
ENVO:00000015	20	NCBITaxon:112009	Ignatzschineria larvae	4	TRUE	environmental_samples	
ENVO:00000015	21	NCBITaxon:1120954	Aestuariimicrobium kwangyangense DSM 21549	4	TRUE	annotated_genomes_isolates	
ENVO:00000015	22	NCBITaxon:1121324	Peptoclostridium litorale DSM 5388	4	TRUE	annotated_genomes_isolates	
ENVO:00000015	23	NCBITaxon:1121374	Dasania marina DSM 21967	4	TRUE	annotated_genomes_isolates	
ENVO:00000015	24	NCBITaxon:1121398	Desulfobacter vibrioformis DSM 8776	4	TRUE	annotated_genomes_isolates	
ENVO:00000015	25	NCBITaxon:1121404	Desulfogranum mediterraneum DSM 13871	4	TRUE	annotated_genomes_isolates	
ENVO:00000016	1	NCBITaxon:1041152	Sinorhizobium meliloti CIAM1775	4	TRUE	annotated_genomes_isolates	
ENVO:00000016	2	NCBITaxon:1121007	Aquimarina muelleri DSM 19832	4	TRUE	annotated_genomes_isolates	
ENVO:00000016	3	NCBITaxon:1121912	Gelidibacter mesophilus DSM 14095	4	TRUE	annotated_genomes_isolates	
ENVO:00000016	4	NCBITaxon:1122137	Kordiimonas gwangyangensis DSM 19435 = JCM 12864	4	TRUE	annotated_genomes_isolates	
ENVO:00000016	5	NCBITaxon:1123053	Rheinheimera baltica DSM 14885	4	TRUE	annotated_genomes_isolates	
ENVO:00000016	6	NCBITaxon:1123251	Serinicoccus marinus DSM 15273	4	TRUE	annotated_genomes_isolates	
ENVO:00000016	7	NCBITaxon:1123270	Novosphingopyxis baekryungensis DSM 16222	4	TRUE	annotated_genomes_isolates	
ENVO:00000016	8	NCBITaxon:241145	Salegentibacter holothuriorum	4	TRUE	annotated_genomes_isolates	
ENVO:00000016	9	NCBITaxon:445335	Clostridium botulinum NCTC 2916	4	TRUE	environmental_samples	
ENVO:00000016	10	NCBITaxon:492476	Acetivibrio thermocellus JW20	4	TRUE	environmental_samples	
ENVO:00000016	11	NCBITaxon:498761	Heliomicrobium modesticaldum Ice1	4	TRUE	environmental_samples	
ENVO:00000016	12	NCBITaxon:520488	Brucella suis bv. 4 str. 40	4	TRUE	environmental_samples	
ENVO:00000016	13	NCBITaxon:59919	Prochlorococcus marinus subsp. pastoris str. CCMP1986	4	TRUE	annotated_genomes_isolates	
ENVO:00000016	14	NCBITaxon:693972	Shewanella baltica OS625	4	TRUE	annotated_genomes_isolates	
ENVO:00000016	15	NCBITaxon:105559	Nitrosococcus watsonii C-113	3	TRUE	annotated_genomes_isolates	
ENVO:00000016	16	NCBITaxon:1069081	Nitratiruptor tergarcus DSM 16512	3	TRUE	annotated_genomes_isolates	
ENVO:00000016	17	NCBITaxon:1089550	Salisaeta longa DSM 21114	3	TRUE	annotated_genomes_isolates	
ENVO:00000016	18	NCBITaxon:1120951	Aequorivita capsosiphonis DSM 23843	3	TRUE	annotated_genomes_isolates	
ENVO:00000016	19	NCBITaxon:1120955	Afifella marina DSM 2698	3	TRUE	annotated_genomes_isolates	
ENVO:00000016	20	NCBITaxon:1120961	Ahrensia kielensis DSM 5890	3	TRUE	annotated_genomes_isolates	
ENVO:00000016	21	NCBITaxon:1120966	Algoriphagus marincola DSM 16067	3	TRUE	annotated_genomes_isolates	
ENVO:00000016	22	NCBITaxon:1120968	Algoriphagus vanfongensis DSM 17529	3	TRUE	annotated_genomes_isolates	
ENVO:00000016	23	NCBITaxon:1120983	Amorphus coralli DSM 19760	3	TRUE	annotated_genomes_isolates	
ENVO:00000016	24	NCBITaxon:1121012	Arenibacter latericius DSM 15913	3	TRUE	annotated_genomes_isolates	
ENVO:00000016	25	NCBITaxon:1121264	Caloranaerobacter azorensis DSM 13643	3	TRUE	annotated_genomes_isolates	
ENVO:00000019	1	NCBITaxon:1069448	Nitriliruptor alkaliphilus DSM 45188	3	TRUE	annotated_genomes_isolates	
ENVO:00000019	2	NCBITaxon:1121018	Arsenophonus nasoniae DSM 15247	3	TRUE	annotated_genomes_isolates	
ENVO:00000019	3	NCBITaxon:1121085	Salibacterium aidingense DSM 18341	3	TRUE	annotated_genomes_isolates	
ENVO:00000019	4	NCBITaxon:1121087	Alkalicoccus chagannorensis DSM 18086	3	TRUE	annotated_genomes_isolates	
ENVO:00000019	5	NCBITaxon:1121915	Geoalkalibacter ferrihydriticus DSM 17813	3	TRUE	annotated_genomes_isolates	
ENVO:00000019	6	NCBITaxon:1122130	Jonesia quinghaiensis DSM 15701	3	TRUE	annotated_genomes_isolates	
ENVO:00000019	7	NCBITaxon:1122209	Marinospirillum alkaliphilum DSM 21637	3	TRUE	annotated_genomes_isolates	
ENVO:00000019	8	NCBITaxon:1123231	Lacicoccus alkaliphilus DSM 16010	3	TRUE	annotated_genomes_isolates	
ENVO:00000019	9	NCBITaxon:1123234	Salinimicrobium terrae DSM 17865	3	TRUE	annotated_genomes_isolates	
ENVO:00000019	10	NCBITaxon:1123239	Salsuginibacillus kocurii DSM 18087	3	TRUE	annotated_genomes_isolates	
ENVO:00000019	11	NCBITaxon:121821	Roseinatronobacter thiooxidans	3	TRUE	annotated_genomes_isolates	
ENVO:00000019	12	NCBITaxon:1408424	Alkalihalobacillus bogoriensis ATCC BAA-922	3	TRUE	annotated_genomes_isolates	
ENVO:00000019	13	NCBITaxon:1462430	Candidatus Nanohalarchaeota	3	TRUE	annotated_genomes_isolates	
ENVO:00000019	14	NCBITaxon:320502	Acetivibrio alkalicellulosi	3	TRUE	annotated_genomes_isolates	
ENVO:00000019	15	NCBITaxon:332175	Desulfosalsimonas propionicica	3	TRUE	annotated_genomes_isolates	
ENVO:00000019	16	NCBITaxon:387889	Prauserella salsuginis	3	TRUE	annotated_genomes_isolates	
ENVO:00000019	17	NCBITaxon:387890	Prauserella aidingensis	3	TRUE	annotated_genomes_isolates	
ENVO:00000019	18	NCBITaxon:393762	Natronincola ferrireducens	3	TRUE	annotated_genomes_isolates	
ENVO:00000019	19	NCBITaxon:396595	Thioalkalivibrio sp. K90mix	3	TRUE	annotated_genomes_isolates	
ENVO:00000019	20	NCBITaxon:426128	Natronincola peptidivorans	3	TRUE	annotated_genomes_isolates	
ENVO:00000019	21	NCBITaxon:441209	Roseinatronobacter bogoriensis subsp. barguzinensis	3	TRUE	annotated_genomes_isolates	
ENVO:00000019	22	NCBITaxon:442899	Halolactibacillus alkaliphilus	3	TRUE	annotated_genomes_isolates	
ENVO:00000019	23	NCBITaxon:485914	Halomicrobium mukohataei DSM 12286	3	TRUE	annotated_genomes_isolates	
ENVO:00000019	24	NCBITaxon:517424	Salsuginibacillus halophilus	3	TRUE	annotated_genomes_isolates	
ENVO:00000019	25	NCBITaxon:519442	Halorhabdus utahensis DSM 12940	3	TRUE	annotated_genomes_isolates	
ENVO:00000020	1	NCBITaxon:103	Flectobacillus major	4	TRUE	environmental_samples	
ENVO:00000020	2	NCBITaxon:104176	Oscillochloris trichoides	4	TRUE	environmental_samples	
ENVO:00000020	3	NCBITaxon:104245	Clavaria zollingeri	4	TRUE	environmental_samples	
ENVO:00000020	4	NCBITaxon:1063	Cereibacter sphaeroides	4	TRUE	environmental_samples	
ENVO:00000020	5	NCBITaxon:106592	Ensifer adhaerens	4	TRUE	environmental_samples	
ENVO:00000020	6	NCBITaxon:1069	Rhodomicrobium vannielii	4	TRUE	environmental_samples	
ENVO:00000020	7	NCBITaxon:108901	Porodaedalea pini	4	TRUE	environmental_samples	
ENVO:00000020	8	NCBITaxon:108943		4	TRUE	environmental_samples	
ENVO:00000020	9	NCBITaxon:109635	Flammula alnicola	4	TRUE	environmental_samples	
ENVO:00000020	10	NCBITaxon:1101193	Methylotenera versatilis 7	4	TRUE	annotated_genomes_isolates	
ENVO:00000020	11	NCBITaxon:111805	Actinomadura pelletieri	4	TRUE	environmental_samples	
ENVO:00000020	12	NCBITaxon:112248	Seinonella peptonophila	4	TRUE	environmental_samples	
ENVO:00000020	13	NCBITaxon:1131812	Flavobacterium sp. 83	4	TRUE	annotated_genomes_isolates	
ENVO:00000020	14	NCBITaxon:114707	uncultured Pseudomonas sp.	4	TRUE	environmental_samples	
ENVO:00000020	15	NCBITaxon:114715	uncultured Ralstonia sp.	4	TRUE	environmental_samples	
ENVO:00000020	16	NCBITaxon:117681	Pseudomonas gingeri	4	TRUE	environmental_samples	
ENVO:00000020	17	NCBITaxon:120749		4	TRUE	environmental_samples	
ENVO:00000020	18	NCBITaxon:121845		4	TRUE	environmental_samples	
ENVO:00000020	19	NCBITaxon:1270	Micrococcus luteus	4	TRUE	environmental_samples	
ENVO:00000020	20	NCBITaxon:127458	Thiobaca trueperi	4	TRUE	annotated_genomes_isolates	
ENVO:00000020	21	NCBITaxon:127520	Gremmeniella abietina	4	TRUE	environmental_samples	
ENVO:00000020	22	NCBITaxon:128	Isosphaera pallida	4	TRUE	environmental_samples	
ENVO:00000020	23	NCBITaxon:129817	Pseudomonas brenneri	4	TRUE	environmental_samples	
ENVO:00000020	24	NCBITaxon:130049	Paenibacillus dendritiformis	4	TRUE	environmental_samples	
ENVO:00000020	25	NCBITaxon:1341154	Flavobacterium cauense R2A-7	4	TRUE	annotated_genomes_isolates	
ENVO:00000021	1	NCBITaxon:148219	uncultured Crater Lake bacterium CL500-11	3	TRUE	annotated_genomes_isolates	
ENVO:00000022	1	NCBITaxon:10090		4	TRUE	environmental_samples	
ENVO:00000022	2	NCBITaxon:10116		4	TRUE	environmental_samples	
ENVO:00000022	3	NCBITaxon:101510	Rhodococcus jostii RHA1	4	TRUE	environmental_samples	
ENVO:00000022	4	NCBITaxon:1027	Microscilla marina	4	TRUE	environmental_samples	
ENVO:00000022	5	NCBITaxon:103	Flectobacillus major	4	TRUE	environmental_samples	
ENVO:00000022	6	NCBITaxon:104097	Acetobacter estunensis	4	TRUE	environmental_samples	
ENVO:00000022	7	NCBITaxon:1045010	Escherichia coli O157	4	TRUE	environmental_samples	
ENVO:00000022	8	NCBITaxon:104791		4	TRUE	environmental_samples	
ENVO:00000022	9	NCBITaxon:1053	Halorhodospira halophila	4	TRUE	environmental_samples	
ENVO:00000022	10	NCBITaxon:1057	Thiococcus pfennigii	4	TRUE	environmental_samples	
ENVO:00000022	11	NCBITaxon:1058	Thiocapsa roseopersicina	4	TRUE	environmental_samples	
ENVO:00000022	12	NCBITaxon:105949		4	TRUE	environmental_samples	
ENVO:00000022	13	NCBITaxon:1061	Rhodobacter capsulatus	4	TRUE	environmental_samples	
ENVO:00000022	14	NCBITaxon:106370	Frankia casuarinae	4	TRUE	environmental_samples	
ENVO:00000022	15	NCBITaxon:1076	Rhodopseudomonas palustris	4	TRUE	environmental_samples	
ENVO:00000022	16	NCBITaxon:108028	Arcanobacterium pluranimalium	4	TRUE	environmental_samples	
ENVO:00000022	17	NCBITaxon:1082	Magnetospirillum fulvum	4	TRUE	environmental_samples	
ENVO:00000022	18	NCBITaxon:1085	Rhodospirillum rubrum	4	TRUE	environmental_samples	
ENVO:00000022	19	NCBITaxon:109902	Rhizophydium sphaerotheca	4	TRUE	environmental_samples	
ENVO:00000022	20	NCBITaxon:109966	Uebelmesseromyces harderi	4	TRUE	environmental_samples	
ENVO:00000022	21	NCBITaxon:110479	Asaia siamensis	4	TRUE	environmental_samples	
ENVO:00000022	22	NCBITaxon:110500	Pelotomaculum thermopropionicum	4	TRUE	environmental_samples	
ENVO:00000022	23	NCBITaxon:110539		4	TRUE	environmental_samples	
ENVO:00000022	24	NCBITaxon:114615	Bradyrhizobium sp. ORS 278	4	TRUE	environmental_samples	
ENVO:00000022	25	NCBITaxon:115561		4	TRUE	environmental_samples	
ENVO:00000023	1	NCBITaxon:105972	Methylosarcina fibrata	4	TRUE	environmental_samples	
ENVO:00000023	2	NCBITaxon:1063	Cereibacter sphaeroides	4	TRUE	environmental_samples	
ENVO:00000023	3	NCBITaxon:1069	Rhodomicrobium vannielii	4	TRUE	environmental_samples	
ENVO:00000023	4	NCBITaxon:1082	Magnetospirillum fulvum	4	TRUE	environmental_samples	
ENVO:00000023	5	NCBITaxon:1087	Rhodovibrio salinarum	4	TRUE	environmental_samples	
ENVO:00000023	6	NCBITaxon:110319	Nocardioides sp. CF8	4	TRUE	environmental_samples	
ENVO:00000023	7	NCBITaxon:111769	Thiothrix unzii	4	TRUE	environmental_samples	
ENVO:00000023	8	NCBITaxon:111770	Thiothrix fructosivorans	4	TRUE	environmental_samples	
ENVO:00000023	9	NCBITaxon:112009	Ignatzschineria larvae	4	TRUE	environmental_samples	
ENVO:00000023	10	NCBITaxon:112248	Seinonella peptonophila	4	TRUE	environmental_samples	
ENVO:00000023	11	NCBITaxon:114404	Edaphosphingomonas fennica	4	TRUE	environmental_samples	
ENVO:00000023	12	NCBITaxon:1184267	Pseudobdellovibrio exovorus JSS	4	TRUE	environmental_samples	
ENVO:00000023	13	NCBITaxon:120749		4	TRUE	environmental_samples	
ENVO:00000023	14	NCBITaxon:121845		4	TRUE	environmental_samples	
ENVO:00000023	15	NCBITaxon:1229	Nitrosococcus oceani	4	TRUE	environmental_samples	
ENVO:00000023	16	NCBITaxon:1238	Piscirickettsia salmonis	4	TRUE	environmental_samples	
ENVO:00000023	17	NCBITaxon:1264	Hominimerdicola alba	4	TRUE	environmental_samples	
ENVO:00000023	18	NCBITaxon:1265	Ruminococcus flavefaciens	4	TRUE	environmental_samples	
ENVO:00000023	19	NCBITaxon:128	Isosphaera pallida	4	TRUE	environmental_samples	
ENVO:00000023	20	NCBITaxon:1288	Staphylococcus xylosus	4	TRUE	environmental_samples	
ENVO:00000023	21	NCBITaxon:129958	Carboxydothermus hydrogenoformans	4	TRUE	environmental_samples	
ENVO:00000023	22	NCBITaxon:1309	Streptococcus mutans	4	TRUE	environmental_samples	
ENVO:00000023	23	NCBITaxon:132144	Candidatus Glomeribacter gigasporarum	4	TRUE	environmental_samples	
ENVO:00000023	24	NCBITaxon:133189	Bdellovibrio sp. W	4	TRUE	environmental_samples	
ENVO:00000023	25	NCBITaxon:133193	Alkalilimnicola	4	TRUE	environmental_samples	
ENVO:00000025	1	NCBITaxon:357809	Lachnoclostridium phytofermentans ISDg	3	TRUE	annotated_genomes_isolates	
ENVO:00000025	2	NCBITaxon:580340	Thermovirga lienii DSM 17291	3	TRUE	annotated_genomes_isolates	
ENVO:00000027	1	NCBITaxon:1485544	Ferriphaselus sp. R-1	4	TRUE	annotated_genomes_isolates	
ENVO:00000027	2	NCBITaxon:2738467		4	TRUE	annotated_genomes_isolates	
ENVO:00000027	3	NCBITaxon:2738762	Candidatus Woesearchaeota archaeon AG-122-F03	4	TRUE	annotated_genomes_isolates	
ENVO:00000027	4	NCBITaxon:1052802	Crenarchaeota archaeon SCGC AAA471-B23	3	TRUE	annotated_genomes_isolates	
ENVO:00000027	5	NCBITaxon:1052803	Crenarchaeota archaeon SCGC AAA471-C03	3	TRUE	annotated_genomes_isolates	
ENVO:00000027	6	NCBITaxon:1052804	Crenarchaeota archaeon SCGC AAA471-L13	3	TRUE	annotated_genomes_isolates	
ENVO:00000027	7	NCBITaxon:1052805	Crenarchaeota archaeon SCGC AAA471-L14	3	TRUE	annotated_genomes_isolates	
ENVO:00000027	8	NCBITaxon:1052806	Crenarchaeota archaeon SCGC AAA471-O08	3	TRUE	annotated_genomes_isolates	
ENVO:00000027	9	NCBITaxon:1052810	Calescamantes bacterium SCGC AAA471-M6	3	TRUE	annotated_genomes_isolates	
ENVO:00000027	10	NCBITaxon:1052811	Candidatus Fervidibacteria bacterium JGI 0000001-B9	3	TRUE	annotated_genomes_isolates	
ENVO:00000027	11	NCBITaxon:1052812	Candidatus Fervidibacteria bacterium JGI 0000001-D5	3	TRUE	annotated_genomes_isolates	
ENVO:00000027	12	NCBITaxon:1052813	Candidatus Fervidibacteria bacterium JGI 0000001-G10	3	TRUE	annotated_genomes_isolates	
ENVO:00000027	13	NCBITaxon:1052814	Candidatus Fervidibacteria bacterium JGI 0000054-H05	3	TRUE	annotated_genomes_isolates	
ENVO:00000027	14	NCBITaxon:1052828	Aigarchaeota archaeon SCGC AAA471-E16	3	TRUE	annotated_genomes_isolates	
ENVO:00000027	15	NCBITaxon:1052829	Candidatus Calditenuaceae archaeon SCGC AAA471-F17	3	TRUE	annotated_genomes_isolates	
ENVO:00000027	16	NCBITaxon:1052830	Aigarchaeota archaeon SCGC AAA471-G05	3	TRUE	annotated_genomes_isolates	
ENVO:00000027	17	NCBITaxon:1052831	Aigarchaeota archaeon SCGC AAA471-I13	3	TRUE	annotated_genomes_isolates	
ENVO:00000027	18	NCBITaxon:1052832	Aigarchaeota archaeon SCGC AAA471-J07	3	TRUE	annotated_genomes_isolates	
ENVO:00000027	19	NCBITaxon:1052833	Aigarchaeota archaeon SCGC AAA471-J08	3	TRUE	annotated_genomes_isolates	
ENVO:00000027	20	NCBITaxon:1052838	Aigarchaeota archaeon JGI 0000001-A7	3	TRUE	annotated_genomes_isolates	
ENVO:00000027	21	NCBITaxon:1052839	Aigarchaeota archaeon JGI 0000001-B8	3	TRUE	annotated_genomes_isolates	
ENVO:00000027	22	NCBITaxon:1052841	Aigarchaeota archaeon JGI 0000001-H6	3	TRUE	annotated_genomes_isolates	
ENVO:00000027	23	NCBITaxon:1104571	Thaumarchaeota archaeon SCGC AB-179-E04	3	TRUE	annotated_genomes_isolates	
ENVO:00000027	24	NCBITaxon:1121256	Caldanaerobius fijiensis DSM 17918	3	TRUE	annotated_genomes_isolates	
ENVO:00000027	25	NCBITaxon:1121881	Ferrithrix thermotolerans DSM 19514	3	TRUE	annotated_genomes_isolates	
ENVO:00000029	1	NCBITaxon:1111735	Sedimenticola selenatireducens DSM 17993	3	TRUE	annotated_genomes_isolates	
ENVO:00000029	2	NCBITaxon:218208	Desulfatibacillum aliphaticivorans	3	TRUE	annotated_genomes_isolates	
ENVO:00000029	3	NCBITaxon:475253	Pedobacter alluvionis	3	TRUE	annotated_genomes_isolates	
ENVO:00000031	1	NCBITaxon:1123233	Salinicoccus luteus DSM 17002	3	TRUE	annotated_genomes_isolates	
ENVO:00000031	2	NCBITaxon:457570	Natranaerobius thermophilus JW/NM-WN-LF	3	TRUE	annotated_genomes_isolates	
ENVO:00000031	3	NCBITaxon:589865	Desulfurivibrio alkaliphilus AHT 2	3	TRUE	annotated_genomes_isolates	
ENVO:00000031	4	NCBITaxon:679901	Methanosalsum zhilinae DSM 4017	3	TRUE	annotated_genomes_isolates	
ENVO:00000031	5	NCBITaxon:713586	Thioalkalivibrio thiocyanodenitrificans ARhD 1	3	TRUE	annotated_genomes_isolates	
ENVO:00000031	6	NCBITaxon:765873	Ectothiorhodospira haloalkaliphila ATCC 51935	3	TRUE	annotated_genomes_isolates	
ENVO:00000032	1	NCBITaxon:104268	Tenacibaculum mesophilum	4	TRUE	environmental_samples	
ENVO:00000032	2	NCBITaxon:165813	Sporanaerobacter acetigenes	4	TRUE	environmental_samples	
ENVO:00000032	3	NCBITaxon:266940	Kineococcus radiotolerans SRS30216 = ATCC BAA-149	4	TRUE	environmental_samples	
ENVO:00000032	4	NCBITaxon:267375	Pseudoalteromonas marina	4	TRUE	environmental_samples	
ENVO:00000032	5	NCBITaxon:28122	Fibrobacter intestinalis	4	TRUE	environmental_samples	
ENVO:00000032	6	NCBITaxon:29535	Cytophaga sp.	4	TRUE	environmental_samples	
ENVO:00000032	7	NCBITaxon:326442	Pseudoalteromonas translucida TAC125	4	TRUE	environmental_samples	
ENVO:00000032	8	NCBITaxon:34085	Riemerella anatipestifer	4	TRUE	environmental_samples	
ENVO:00000032	9	NCBITaxon:393131	Listeria monocytogenes J2818	4	TRUE	environmental_samples	
ENVO:00000032	10	NCBITaxon:411467	Pseudoflavonifractor capillosus ATCC 29799	4	TRUE	environmental_samples	
ENVO:00000032	11	NCBITaxon:411477	Parabacteroides merdae ATCC 43184	4	TRUE	environmental_samples	
ENVO:00000032	12	NCBITaxon:411485	Faecalibacterium prausnitzii M21/2	4	TRUE	environmental_samples	
ENVO:00000032	13	NCBITaxon:411901	Bacteroides caccae ATCC 43185	4	TRUE	environmental_samples	
ENVO:00000032	14	NCBITaxon:428125	[Clostridium] leptum DSM 753	4	TRUE	environmental_samples	
ENVO:00000032	15	NCBITaxon:435590	Phocaeicola vulgatus ATCC 8482	4	TRUE	environmental_samples	
ENVO:00000032	16	NCBITaxon:445336	Clostridium botulinum Bf	4	TRUE	environmental_samples	
ENVO:00000032	17	NCBITaxon:457391	Bacteroides sp. 3_1_33FAA	4	TRUE	environmental_samples	
ENVO:00000032	18	NCBITaxon:457424	Bacteroides fragilis 3_1_12	4	TRUE	environmental_samples	
ENVO:00000032	19	NCBITaxon:457427	Streptomyces himastatinicus ATCC 53653	4	TRUE	environmental_samples	
ENVO:00000032	20	NCBITaxon:498761	Heliomicrobium modesticaldum Ice1	4	TRUE	environmental_samples	
ENVO:00000032	21	NCBITaxon:537937	Bifidobacterium longum subsp. infantis CCUG 52486	4	TRUE	environmental_samples	
ENVO:00000032	22	NCBITaxon:55518	Magnetospirillum gryphiswaldense	4	TRUE	environmental_samples	
ENVO:00000032	23	NCBITaxon:556258	Bacteroides sp. D1	4	TRUE	environmental_samples	
ENVO:00000032	24	NCBITaxon:562	Escherichia coli	4	TRUE	environmental_samples	
ENVO:00000032	25	NCBITaxon:56780	Syntrophus aciditrophicus SB	4	TRUE	environmental_samples	
ENVO:00000033	1	NCBITaxon:1069080	Succinispira mobilis DSM 6222	4	TRUE	annotated_genomes_isolates	
ENVO:00000033	2	NCBITaxon:111780	Stanieria cyanosphaera PCC 7437	4	TRUE	annotated_genomes_isolates	
ENVO:00000033	3	NCBITaxon:1121001	Andreprevotia lacus DSM 23236	4	TRUE	annotated_genomes_isolates	
ENVO:00000033	4	NCBITaxon:1121275	Chitinilyticum aquatile DSM 21506	4	TRUE	annotated_genomes_isolates	
ENVO:00000033	5	NCBITaxon:1121463	Desulfobaculum senezii DSM 8436	4	TRUE	annotated_genomes_isolates	
ENVO:00000033	6	NCBITaxon:1121942	Modicisalibacter ilicicola DSM 19980	4	TRUE	annotated_genomes_isolates	
ENVO:00000033	7	NCBITaxon:1122162	Legionella israelensis DSM 19235	4	TRUE	annotated_genomes_isolates	
ENVO:00000033	8	NCBITaxon:1122951	Perlucidibaca piscinae DSM 21586	4	TRUE	annotated_genomes_isolates	
ENVO:00000033	9	NCBITaxon:1123236	Salinimonas chungwhensis DSM 16280	4	TRUE	annotated_genomes_isolates	
ENVO:00000033	10	NCBITaxon:1155689	Psychroflexus salarius	4	TRUE	annotated_genomes_isolates	
ENVO:00000033	11	NCBITaxon:1185920	Phaeovulum veldkampii DSM 11550	4	TRUE	annotated_genomes_isolates	
ENVO:00000033	12	NCBITaxon:1279038	Novispirillum itersonii subsp. itersonii ATCC 12639	4	TRUE	annotated_genomes_isolates	
ENVO:00000033	13	NCBITaxon:1385511	Pontibacillus marinus BH030004 = DSM 16465	4	TRUE	annotated_genomes_isolates	
ENVO:00000033	14	NCBITaxon:1397693	Exiguobacterium undae DSM 14481	4	TRUE	annotated_genomes_isolates	
ENVO:00000033	15	NCBITaxon:184067	Kushneria indalinina	4	TRUE	annotated_genomes_isolates	
ENVO:00000033	16	NCBITaxon:257501	Candidatus Chlorotrichoides halophilum	4	TRUE	annotated_genomes_isolates	
ENVO:00000033	17	NCBITaxon:28442	Haloarcula vallismortis	4	TRUE	annotated_genomes_isolates	
ENVO:00000033	18	NCBITaxon:317936	Nostoc sp. PCC 7107	4	TRUE	annotated_genomes_isolates	
ENVO:00000033	19	NCBITaxon:323426	Jezberella montanilacus	4	TRUE	annotated_genomes_isolates	
ENVO:00000033	20	NCBITaxon:335819		4	TRUE	annotated_genomes_isolates	
ENVO:00000033	21	NCBITaxon:45670	Salinicoccus roseus	4	TRUE	annotated_genomes_isolates	
ENVO:00000033	22	NCBITaxon:469382	Halogeometricum borinquense DSM 11551	4	TRUE	annotated_genomes_isolates	
ENVO:00000033	23	NCBITaxon:529086	Chitinilyticum litopenaei DSM 21440	4	TRUE	annotated_genomes_isolates	
ENVO:00000033	24	NCBITaxon:562970	Kyrpidia tusciae DSM 2912	4	TRUE	annotated_genomes_isolates	
ENVO:00000033	25	NCBITaxon:573065	Asticcacaulis excentricus CB 48	4	TRUE	annotated_genomes_isolates	
ENVO:00000035	1	NCBITaxon:402880	Methanococcus maripaludis C5	3	TRUE	annotated_genomes_isolates	MADIN
ENVO:00000035	2	NCBITaxon:760154	Sulfurospirillum barnesii SES-3	3	TRUE	annotated_genomes_isolates	
ENVO:00000035	3	NCBITaxon:765912	Thioflavicoccus mobilis 8321	3	TRUE	annotated_genomes_isolates	
ENVO:00000035	4	NCBITaxon:91360	Desulforhopalus singaporensis	3	TRUE	annotated_genomes_isolates	
ENVO:00000037	1	NCBITaxon:644282	Desulfarculus baarsii DSM 2075	3	TRUE	annotated_genomes_isolates	
ENVO:00000038	1	NCBITaxon:1027	Microscilla marina	4	TRUE	environmental_samples	
ENVO:00000038	2	NCBITaxon:154	Winmispira thermophila	4	TRUE	environmental_samples	
ENVO:00000038	3	NCBITaxon:165	Treponema saccharophilum	4	TRUE	environmental_samples	
ENVO:00000038	4	NCBITaxon:167644	Ilyobacter tartaricus	4	TRUE	environmental_samples	
ENVO:00000038	5	NCBITaxon:2173	Methanobrevibacter smithii	4	TRUE	environmental_samples	
ENVO:00000038	6	NCBITaxon:28114	Porphyromonas levii	4	TRUE	environmental_samples	
ENVO:00000038	7	NCBITaxon:28139	Rikenella microfusus	4	TRUE	environmental_samples	
ENVO:00000038	8	NCBITaxon:29535	Cytophaga sp.	4	TRUE	environmental_samples	
ENVO:00000038	9	NCBITaxon:313596	Robiginitalea biformata HTCC2501	4	TRUE	environmental_samples	
ENVO:00000038	10	NCBITaxon:3165		4	TRUE	environmental_samples	
ENVO:00000038	11	NCBITaxon:351016	Roseobacter sp. AzwK-3b	4	TRUE	environmental_samples	
ENVO:00000038	12	NCBITaxon:36987		4	TRUE	environmental_samples	
ENVO:00000038	13	NCBITaxon:379066	Gemmatimonas aurantiaca T-27	4	TRUE	environmental_samples	
ENVO:00000038	14	NCBITaxon:388349	Thermoplasma sp. S02	4	TRUE	environmental_samples	
ENVO:00000038	15	NCBITaxon:392844	Desulfothermus naphthae	4	TRUE	environmental_samples	
ENVO:00000038	16	NCBITaxon:411459	Blautia obeum ATCC 29174	4	TRUE	environmental_samples	
ENVO:00000038	17	NCBITaxon:411467	Pseudoflavonifractor capillosus ATCC 29799	4	TRUE	environmental_samples	
ENVO:00000038	18	NCBITaxon:520463	Brucella pinnipedialis M163/99/10	4	TRUE	environmental_samples	
ENVO:00000038	19	NCBITaxon:521095	Lancefieldella parvula DSM 20469	4	TRUE	environmental_samples	
ENVO:00000038	20	NCBITaxon:583355	Coraliomargarita akajimensis DSM 45221	4	TRUE	environmental_samples	
ENVO:00000038	21	NCBITaxon:70993	Flexithrix dorotheae	4	TRUE	environmental_samples	
ENVO:00000038	22	NCBITaxon:777	Coxiella burnetii	4	TRUE	environmental_samples	
ENVO:00000038	23	NCBITaxon:88728		4	TRUE	environmental_samples	
ENVO:00000038	24	NCBITaxon:989	Marinilabilia salmonicolor	4	TRUE	environmental_samples	
ENVO:00000038	25	NCBITaxon:999	Bernardetia litoralis	4	TRUE	environmental_samples	
ENVO:00000039	1	NCBITaxon:1123057	Rhodonellum psychrophilum GCM71 = DSM 17998	3	TRUE	annotated_genomes_isolates	
ENVO:00000039	2	NCBITaxon:317619	Prochlorothrix hollandica PCC 9006 = CALU 1027	3	TRUE	annotated_genomes_isolates	
ENVO:00000039	3	NCBITaxon:582402	Hirschia baltica ATCC 49814	3	TRUE	annotated_genomes_isolates	
ENVO:00000040	1	NCBITaxon:365044	Polaromonas naphthalenivorans CJ2	3	TRUE	annotated_genomes_isolates	
ENVO:00000040	2	NCBITaxon:742013	Delftia sp. Cs1-4	3	TRUE	annotated_genomes_isolates	
ENVO:00000043	1	NCBITaxon:102232	Gloeocapsa sp. PCC 73106	4	TRUE	annotated_genomes_isolates	
ENVO:00000043	2	NCBITaxon:1121291	Clostridium acidisoli DSM 12555	4	TRUE	annotated_genomes_isolates	
ENVO:00000043	3	NCBITaxon:1122133	Kaistia soli DSM 19436	4	TRUE	annotated_genomes_isolates	
ENVO:00000043	4	NCBITaxon:1122603	Nevskia ramosa DSM 11499	4	TRUE	annotated_genomes_isolates	
ENVO:00000043	5	NCBITaxon:1122612	Novosphingobium acidiphilum DSM 19966	4	TRUE	annotated_genomes_isolates	
ENVO:00000043	6	NCBITaxon:1122928	Paludibacterium yongneupense DSM 18731	4	TRUE	annotated_genomes_isolates	
ENVO:00000043	7	NCBITaxon:1122946	Pelobacter seleniigenes DSM 18267	4	TRUE	annotated_genomes_isolates	
ENVO:00000043	8	NCBITaxon:1123487	Uliginosibacterium gangwonense DSM 18521	4	TRUE	annotated_genomes_isolates	
ENVO:00000043	9	NCBITaxon:1173263	Pseudanabaenococcus habilitatus PCC 7502	4	TRUE	annotated_genomes_isolates	
ENVO:00000043	10	NCBITaxon:119641	Clostridium uliginosum	4	TRUE	annotated_genomes_isolates	
ENVO:00000043	11	NCBITaxon:1397695	Exiguobacterium undae 190-11	4	TRUE	annotated_genomes_isolates	
ENVO:00000043	12	NCBITaxon:1397698	Exiguobacterium artemiae 7-3	4	TRUE	annotated_genomes_isolates	
ENVO:00000043	13	NCBITaxon:140314	Trichococcus palustris	4	TRUE	annotated_genomes_isolates	
ENVO:00000043	14	NCBITaxon:217068	Ancylobacter tetraedralis	4	TRUE	annotated_genomes_isolates	
ENVO:00000043	15	NCBITaxon:267374	Marinobacterium halophilum	4	TRUE	annotated_genomes_isolates	
ENVO:00000043	16	NCBITaxon:395960	Rhodopseudomonas palustris TIE-1	4	TRUE	annotated_genomes_isolates	
ENVO:00000043	17	NCBITaxon:395964	Methylocapsa acidiphila B2	4	TRUE	annotated_genomes_isolates	
ENVO:00000043	18	NCBITaxon:402880	Methanococcus maripaludis C5	4	TRUE	annotated_genomes_isolates	
ENVO:00000043	19	NCBITaxon:423350	Mucilaginibacter gracilis	4	TRUE	annotated_genomes_isolates	
ENVO:00000043	20	NCBITaxon:456442	Methanoregula boonei 6A8	4	TRUE	annotated_genomes_isolates	
ENVO:00000043	21	NCBITaxon:471857	Saccharomonospora viridis DSM 43017	4	TRUE	annotated_genomes_isolates	
ENVO:00000043	22	NCBITaxon:474950	Granulicella pectinivorans	4	TRUE	annotated_genomes_isolates	
ENVO:00000043	23	NCBITaxon:474952	Granulicella rosea	4	TRUE	annotated_genomes_isolates	
ENVO:00000043	24	NCBITaxon:521011	Methanosphaerula palustris E1-9c	4	TRUE	annotated_genomes_isolates	
ENVO:00000043	25	NCBITaxon:714943	Mucilaginibacter paludis DSM 18603	4	TRUE	annotated_genomes_isolates	
ENVO:00000044	1	NCBITaxon:395964	Methylocapsa acidiphila B2	3	TRUE	annotated_genomes_isolates	
ENVO:00000044	2	NCBITaxon:456442	Methanoregula boonei 6A8	3	TRUE	annotated_genomes_isolates	
ENVO:00000044	3	NCBITaxon:926550	Caldilinea aerophila DSM 14535 = NBRC 104270	3	TRUE	annotated_genomes_isolates	
ENVO:00000044	4	NCBITaxon:1501	Clostridium pasteurianum	2.27326	TRUE	environmental_samples	
ENVO:00000044	5	NCBITaxon:8018		2.2584	TRUE	environmental_samples	
ENVO:00000044	6	NCBITaxon:382514	Telmatospirillum siberiense	2.16176	TRUE	environmental_samples	
ENVO:00000044	7	NCBITaxon:1519	Clostridium tyrobutyricum	2.13448	TRUE	environmental_samples	
ENVO:00000044	8	NCBITaxon:317580	Flavobacterium sp. 4214	2.11469	TRUE	environmental_samples	
ENVO:00000044	9	NCBITaxon:1538	Clostridium ljungdahlii	2.11225	TRUE	environmental_samples	
ENVO:00000044	10	NCBITaxon:889211	Erwinia amylovora ATCC BAA-2158	2.08914	TRUE	environmental_samples	
ENVO:00000044	11	NCBITaxon:212717	Clostridium tetani E88	2.07212	TRUE	environmental_samples	
ENVO:00000044	12	NCBITaxon:441772	Clostridium botulinum F str. Langeland	2.06711	TRUE	environmental_samples	
ENVO:00000044	13	NCBITaxon:33075	Acidobacterium capsulatum	2.06619	TRUE	environmental_samples	
ENVO:00000044	14	NCBITaxon:445336	Clostridium botulinum Bf	2.06243	TRUE	environmental_samples	
ENVO:00000044	15	NCBITaxon:716659	Collimonas sp. MPS11E8	2.0567	TRUE	environmental_samples	
ENVO:00000044	16	NCBITaxon:213804	Janthinobacterium sp. J3	2.05406	TRUE	environmental_samples	
ENVO:00000044	17	NCBITaxon:41315	Yersinia sp. (in: enterobacteria)	2.05291	TRUE	environmental_samples	
ENVO:00000044	18	NCBITaxon:1488	Clostridium acetobutylicum	2.05263	TRUE	environmental_samples	
ENVO:00000044	19	NCBITaxon:634500	Erwinia billingiae Eb661	2.0487	TRUE	environmental_samples	
ENVO:00000044	20	NCBITaxon:443906	Clavibacter michiganensis subsp. michiganensis NCPPB 382	2.04763	TRUE	environmental_samples	
ENVO:00000044	21	NCBITaxon:498213	Clostridium botulinum B1 str. Okra	2.0452	TRUE	environmental_samples	
ENVO:00000044	22	NCBITaxon:746360	Pseudomonas fluorescens WH6	2.04416	TRUE	environmental_samples	
ENVO:00000044	23	NCBITaxon:281090	Leifsonia xyli subsp. xyli str. CTCB07	2.04231	TRUE	environmental_samples	
ENVO:00000044	24	NCBITaxon:452863	Pseudarthrobacter chlorophenolicus A6	2.04112	TRUE	environmental_samples	
ENVO:00000044	25	NCBITaxon:583346	Clostridium kluyveri NBRC 12016	2.0407	TRUE	environmental_samples	
ENVO:00000045	1	NCBITaxon:1048	Marichromatium gracile	4	TRUE	annotated_genomes_isolates	
ENVO:00000045	2	NCBITaxon:1121403	Desulfogranum japonicum DSM 18378	4	TRUE	annotated_genomes_isolates	
ENVO:00000045	3	NCBITaxon:1121416	Desulfopila aestuarii DSM 18488	4	TRUE	annotated_genomes_isolates	
ENVO:00000045	4	NCBITaxon:1123000	Propionigenium maris DSM 9537	4	TRUE	annotated_genomes_isolates	
ENVO:00000045	5	NCBITaxon:1123503	Woodsholea maritima DSM 17123	4	TRUE	annotated_genomes_isolates	
ENVO:00000045	6	NCBITaxon:1123517	Thiomicrospira pelophila DSM 1534	4	TRUE	annotated_genomes_isolates	
ENVO:00000045	7	NCBITaxon:326298	Sulfurimonas denitrificans DSM 1251	4	TRUE	annotated_genomes_isolates|environmental_samples	
ENVO:00000045	8	NCBITaxon:406327	Methanococcus vannielii SB	4	TRUE	annotated_genomes_isolates	
ENVO:00000045	9	NCBITaxon:588581	Ruminiclostridium papyrosolvens DSM 2782	4	TRUE	annotated_genomes_isolates|environmental_samples	
ENVO:00000045	10	NCBITaxon:642492	Cellulosilyticum lentocellum DSM 5427	4	TRUE	annotated_genomes_isolates|environmental_samples	
ENVO:00000045	11	NCBITaxon:710685	Mycolicibacterium rhodesiae NBB3	4	TRUE	annotated_genomes_isolates	
ENVO:00000045	12	NCBITaxon:991789	Anaerotignum propionicum DSM 1682	4	TRUE	annotated_genomes_isolates	
ENVO:00000045	13	NCBITaxon:1111735	Sedimenticola selenatireducens DSM 17993	3	TRUE	annotated_genomes_isolates	
ENVO:00000045	14	NCBITaxon:1120920	Acidaminobacter hydrogenoformans DSM 2784	3	TRUE	annotated_genomes_isolates	
ENVO:00000045	15	NCBITaxon:1123006	Propionivibrio pelophilus DSM 12018	3	TRUE	annotated_genomes_isolates	
ENVO:00000045	16	NCBITaxon:1336240	Shewanella colwelliana ATCC 39565	3	TRUE	annotated_genomes_isolates	
ENVO:00000045	17	NCBITaxon:156889	Magnetococcus marinus MC-1	3	TRUE	annotated_genomes_isolates	
ENVO:00000045	18	NCBITaxon:1685124	miscellaneous Crenarchaeota group-1 archaeon SG8-32-1	3	TRUE	annotated_genomes_isolates	
ENVO:00000045	19	NCBITaxon:1685125	miscellaneous Crenarchaeota group-1 archaeon SG8-32-3	3	TRUE	annotated_genomes_isolates	
ENVO:00000045	20	NCBITaxon:1685126	miscellaneous Crenarchaeota group-6 archaeon AD8-1	3	TRUE	annotated_genomes_isolates	
ENVO:00000045	21	NCBITaxon:1685127	miscellaneous Crenarchaeota group-15 archaeon DG-45	3	TRUE	annotated_genomes_isolates	
ENVO:00000045	22	NCBITaxon:1685133	miscellaneous Crenarchaeota group archaeon SMTZ1-55	3	TRUE	annotated_genomes_isolates	
ENVO:00000045	23	NCBITaxon:1685135	miscellaneous Crenarchaeota group archaeon SMTZ-80	3	TRUE	annotated_genomes_isolates	
ENVO:00000045	24	NCBITaxon:1703351	Bacteroides sp. SM1_62	3	TRUE	annotated_genomes_isolates	
ENVO:00000045	25	NCBITaxon:1703352	Bacteroides sp. SM23_62	3	TRUE	annotated_genomes_isolates	
ENVO:00000050	1	NCBITaxon:419942	Saccharolobus islandicus Y.N.15.51	3	TRUE	annotated_genomes_isolates	
ENVO:00000050	2	NCBITaxon:439386	Saccharolobus islandicus Y.G.57.14	3	TRUE	annotated_genomes_isolates	
ENVO:00000050	3	NCBITaxon:632348	Caldicellulosiruptor kronotskyensis 2002	3	TRUE	annotated_genomes_isolates	
ENVO:00000051	1	NCBITaxon:1003	Thermoflexibacter ruber	4	TRUE	annotated_genomes_isolates	MADIN
ENVO:00000051	2	NCBITaxon:1052802	Crenarchaeota archaeon SCGC AAA471-B23	4	TRUE	annotated_genomes_isolates	
ENVO:00000051	3	NCBITaxon:1052803	Crenarchaeota archaeon SCGC AAA471-C03	4	TRUE	annotated_genomes_isolates	
ENVO:00000051	4	NCBITaxon:1052804	Crenarchaeota archaeon SCGC AAA471-L13	4	TRUE	annotated_genomes_isolates	
ENVO:00000051	5	NCBITaxon:1052805	Crenarchaeota archaeon SCGC AAA471-L14	4	TRUE	annotated_genomes_isolates	
ENVO:00000051	6	NCBITaxon:1052806	Crenarchaeota archaeon SCGC AAA471-O08	4	TRUE	annotated_genomes_isolates	
ENVO:00000051	7	NCBITaxon:1052810	Calescamantes bacterium SCGC AAA471-M6	4	TRUE	annotated_genomes_isolates	
ENVO:00000051	8	NCBITaxon:1052811	Candidatus Fervidibacteria bacterium JGI 0000001-B9	4	TRUE	annotated_genomes_isolates	
ENVO:00000051	9	NCBITaxon:1052812	Candidatus Fervidibacteria bacterium JGI 0000001-D5	4	TRUE	annotated_genomes_isolates	
ENVO:00000051	10	NCBITaxon:1052813	Candidatus Fervidibacteria bacterium JGI 0000001-G10	4	TRUE	annotated_genomes_isolates	
ENVO:00000051	11	NCBITaxon:1052814	Candidatus Fervidibacteria bacterium JGI 0000054-H05	4	TRUE	annotated_genomes_isolates	
ENVO:00000051	12	NCBITaxon:1052828	Aigarchaeota archaeon SCGC AAA471-E16	4	TRUE	annotated_genomes_isolates	
ENVO:00000051	13	NCBITaxon:1052829	Candidatus Calditenuaceae archaeon SCGC AAA471-F17	4	TRUE	annotated_genomes_isolates	
ENVO:00000051	14	NCBITaxon:1052830	Aigarchaeota archaeon SCGC AAA471-G05	4	TRUE	annotated_genomes_isolates	
ENVO:00000051	15	NCBITaxon:1052831	Aigarchaeota archaeon SCGC AAA471-I13	4	TRUE	annotated_genomes_isolates	
ENVO:00000051	16	NCBITaxon:1052832	Aigarchaeota archaeon SCGC AAA471-J07	4	TRUE	annotated_genomes_isolates	
ENVO:00000051	17	NCBITaxon:1052833	Aigarchaeota archaeon SCGC AAA471-J08	4	TRUE	annotated_genomes_isolates	
ENVO:00000051	18	NCBITaxon:1052838	Aigarchaeota archaeon JGI 0000001-A7	4	TRUE	annotated_genomes_isolates	
ENVO:00000051	19	NCBITaxon:1052839	Aigarchaeota archaeon JGI 0000001-B8	4	TRUE	annotated_genomes_isolates	
ENVO:00000051	20	NCBITaxon:1052841	Aigarchaeota archaeon JGI 0000001-H6	4	TRUE	annotated_genomes_isolates	
ENVO:00000051	21	NCBITaxon:1056495	Caldisphaera lagunensis DSM 15908	4	TRUE	annotated_genomes_isolates	MADIN
ENVO:00000051	22	NCBITaxon:105850	Acidilobus	4	TRUE	annotated_genomes_isolates	
ENVO:00000051	23	NCBITaxon:1104571	Thaumarchaeota archaeon SCGC AB-179-E04	4	TRUE	annotated_genomes_isolates	
ENVO:00000051	24	NCBITaxon:1120989	Anaerobranca californiensis DSM 14826	4	TRUE	annotated_genomes_isolates	MADIN
ENVO:00000051	25	NCBITaxon:1121256	Caldanaerobius fijiensis DSM 17918	4	TRUE	annotated_genomes_isolates	MADIN
ENVO:00000054	1	NCBITaxon:203122	Saccharophagus degradans 2-40	4	TRUE	annotated_genomes_isolates	
ENVO:00000054	2	NCBITaxon:456320	Methanococcus voltae A3	4	TRUE	annotated_genomes_isolates	
ENVO:00000054	3	NCBITaxon:485914	Halomicrobium mukohataei DSM 12286	4	TRUE	annotated_genomes_isolates	
ENVO:00000054	4	NCBITaxon:69960	Rhodospira trueperi	4	TRUE	annotated_genomes_isolates	
ENVO:00000054	5	NCBITaxon:765912	Thioflavicoccus mobilis 8321	4	TRUE	annotated_genomes_isolates	
ENVO:00000054	6	NCBITaxon:928729	Saccharomonospora halophila 8	4	TRUE	annotated_genomes_isolates	
ENVO:00000054	7	NCBITaxon:1123275	Spirochaeta cellobiosiphila DSM 17781	3	TRUE	annotated_genomes_isolates	
ENVO:00000054	8	NCBITaxon:883	Nitratidesulfovibrio vulgaris str. 'Miyazaki F'	3	TRUE	annotated_genomes_isolates	
ENVO:00000054	9	NCBITaxon:416261	Desulfobacterium sp. AK1	1.25528	TRUE	environmental_samples	
ENVO:00000054	10	NCBITaxon:480	Moraxella catarrhalis	1.18764	TRUE	environmental_samples	
ENVO:00000054	11	NCBITaxon:115781	Desulfotignum balticum	1.15774	TRUE	environmental_samples	
ENVO:00000054	12	NCBITaxon:591019	Staphylothermus hellenicus DSM 12710	1.10687	TRUE	environmental_samples	
ENVO:00000054	13	NCBITaxon:2850	Phaeodactylum tricornutum	1.09561	TRUE	environmental_samples	
ENVO:00000054	14	NCBITaxon:146919	Salinibacter ruber	1.08599	TRUE	environmental_samples	
ENVO:00000054	15	NCBITaxon:897	Desulfococcus multivorans	1.08449	TRUE	environmental_samples	
ENVO:00000054	16	NCBITaxon:644281	Methanocaldococcus sp. FS406-22	1.08234	TRUE	environmental_samples	
ENVO:00000054	17	NCBITaxon:399550	Staphylothermus marinus F1	1.07878	TRUE	environmental_samples	
ENVO:00000054	18	NCBITaxon:35816	Pelobacter acidigallici	1.0724	TRUE	environmental_samples	
ENVO:00000054	19	NCBITaxon:1058	Thiocapsa roseopersicina	1.06958	TRUE	environmental_samples	
ENVO:00000054	20	NCBITaxon:633148	Thermosphaera aggregans DSM 11486	1.06812	TRUE	environmental_samples	
ENVO:00000054	21	NCBITaxon:723627	uncultured Rhizobium sp. HF0500_35F13	1.06536	TRUE	environmental_samples	
ENVO:00000054	22	NCBITaxon:243232	Methanocaldococcus jannaschii DSM 2661	1.06313	TRUE	environmental_samples	
ENVO:00000054	23	NCBITaxon:579137	Methanocaldococcus vulcanius M7	1.06278	TRUE	environmental_samples	
ENVO:00000054	24	NCBITaxon:765177	Desulfurococcus mucosus DSM 2162	1.06104	TRUE	environmental_samples	
ENVO:00000054	25	NCBITaxon:340102	Pyrobaculum arsenaticum DSM 13514	1.05584	TRUE	environmental_samples	
ENVO:00000055	1	NCBITaxon:1121463	Desulfobaculum senezii DSM 8436	3	TRUE	annotated_genomes_isolates	
ENVO:00000055	2	NCBITaxon:1121942	Modicisalibacter ilicicola DSM 19980	3	TRUE	annotated_genomes_isolates	
ENVO:00000055	3	NCBITaxon:1123236	Salinimonas chungwhensis DSM 16280	3	TRUE	annotated_genomes_isolates	
ENVO:00000055	4	NCBITaxon:1385511	Pontibacillus marinus BH030004 = DSM 16465	3	TRUE	annotated_genomes_isolates	
ENVO:00000055	5	NCBITaxon:184067	Kushneria indalinina	3	TRUE	annotated_genomes_isolates	
ENVO:00000055	6	NCBITaxon:257501	Candidatus Chlorotrichoides halophilum	3	TRUE	annotated_genomes_isolates	
ENVO:00000055	7	NCBITaxon:290398	Chromohalobacter israelensis DSM 3043	3	TRUE	annotated_genomes_isolates	
ENVO:00000055	8	NCBITaxon:469382	Halogeometricum borinquense DSM 11551	3	TRUE	annotated_genomes_isolates	
ENVO:00000057	1	NCBITaxon:405436	Micromonospora pattaloongensis	4	TRUE	annotated_genomes_isolates	
ENVO:00000063	1	NCBITaxon:1026	Marinoscillum furvescens	4	TRUE	environmental_samples	
ENVO:00000063	2	NCBITaxon:103	Flectobacillus major	4	TRUE	environmental_samples	
ENVO:00000063	3	NCBITaxon:103810	Riemerella columbina	4	TRUE	environmental_samples	
ENVO:00000063	4	NCBITaxon:114715	uncultured Ralstonia sp.	4	TRUE	environmental_samples	
ENVO:00000063	5	NCBITaxon:1270	Micrococcus luteus	4	TRUE	environmental_samples	
ENVO:00000063	6	NCBITaxon:128	Isosphaera pallida	4	TRUE	environmental_samples	
ENVO:00000063	7	NCBITaxon:13243	Rarobacter faecitabidus	4	TRUE	environmental_samples	
ENVO:00000063	8	NCBITaxon:147	Spirochaeta aurantia	4	TRUE	environmental_samples	
ENVO:00000063	9	NCBITaxon:158751	uncultured Acidovorax sp.	4	TRUE	environmental_samples	
ENVO:00000063	10	NCBITaxon:158899	Collimonas fungivorans	4	TRUE	environmental_samples	
ENVO:00000063	11	NCBITaxon:1724	Corynebacterium renale	4	TRUE	environmental_samples	
ENVO:00000063	12	NCBITaxon:1855	Frankia sp.	4	TRUE	environmental_samples	
ENVO:00000063	13	NCBITaxon:2047	Rothia dentocariosa	4	TRUE	environmental_samples	
ENVO:00000063	14	NCBITaxon:210512	Sandarakinorhabdus limnophila	4	TRUE	environmental_samples	
ENVO:00000063	15	NCBITaxon:214688	Gemmata obscuriglobus UQM 2246	4	TRUE	environmental_samples	
ENVO:00000063	16	NCBITaxon:215918	Mycobacterium sp. IP20010947	4	TRUE	environmental_samples	
ENVO:00000063	17	NCBITaxon:245	Flavobacterium aquatile	4	TRUE	environmental_samples	
ENVO:00000063	18	NCBITaxon:265072	Methylobacillus flagellatus KT	4	TRUE	environmental_samples	
ENVO:00000063	19	NCBITaxon:265599	Hyalodiscus sp. CCMP1679	4	TRUE	environmental_samples	
ENVO:00000063	20	NCBITaxon:266940	Kineococcus radiotolerans SRS30216 = ATCC BAA-149	4	TRUE	environmental_samples	
ENVO:00000063	21	NCBITaxon:28092	Robbsia andropogonis	4	TRUE	environmental_samples	
ENVO:00000063	22	NCBITaxon:28122	Fibrobacter intestinalis	4	TRUE	environmental_samples	
ENVO:00000063	23	NCBITaxon:28251	Ornithobacterium rhinotracheale	4	TRUE	environmental_samples	
ENVO:00000063	24	NCBITaxon:29290	Candidatus Magnetobacterium bavaricum	4	TRUE	environmental_samples	
ENVO:00000063	25	NCBITaxon:312286	Trueperella bonasi	4	TRUE	environmental_samples	
ENVO:00000064	1	NCBITaxon:216389	Dehalococcoides mccartyi BAV1	3	TRUE	annotated_genomes_isolates	
ENVO:00000064	2	NCBITaxon:693444	Enterobacteriaceae bacterium strain FGI 57	3	TRUE	annotated_genomes_isolates	
ENVO:00000064	3	NCBITaxon:91360	Desulforhopalus singaporensis	3	TRUE	annotated_genomes_isolates	
ENVO:00000065	1	NCBITaxon:881260	Enterobacter bugandensis	3	TRUE	annotated_genomes_isolates	
ENVO:00000067	1	NCBITaxon:394193	Amycolatopsis saalfeldensis	4	TRUE	annotated_genomes_isolates	
ENVO:00000067	2	NCBITaxon:1120959	Agromyces italicus DSM 16388	3	TRUE	annotated_genomes_isolates	
ENVO:00000067	3	NCBITaxon:1120960	Agromyces subbeticus DSM 16689	3	TRUE	annotated_genomes_isolates	
ENVO:00000067	4	NCBITaxon:1121026	Aureimonas altamirensis DSM 21988	3	TRUE	annotated_genomes_isolates	
ENVO:00000067	5	NCBITaxon:471853	Beutenbergia cavernae DSM 12333	3	TRUE	annotated_genomes_isolates	
ENVO:00000067	6	NCBITaxon:616997	Hoyosella altamirensis	3	TRUE	annotated_genomes_isolates	
ENVO:00000068	1	NCBITaxon:1121924	Glaciibacter superstes DSM 21135	3	TRUE	annotated_genomes_isolates	
ENVO:00000070	1	NCBITaxon:798130	Pseudomonas aeruginosa 39016	1.52439	TRUE	environmental_samples	
ENVO:00000070	2	NCBITaxon:1218948	Pseudomonas fluorescens PF5	1.47103	TRUE	environmental_samples	
ENVO:00000070	3	NCBITaxon:160488	Pseudomonas putida KT2440	1.46014	TRUE	environmental_samples	
ENVO:00000070	4	NCBITaxon:216591	Burkholderia cenocepacia J2315	1.44987	TRUE	environmental_samples	
ENVO:00000070	5	NCBITaxon:176299	Agrobacterium fabrum str. C58	1.42512	TRUE	environmental_samples	
ENVO:00000070	6	NCBITaxon:216595	Pseudomonas [fluorescens] SBW25	1.41383	TRUE	environmental_samples	
ENVO:00000070	7	NCBITaxon:381754	Pseudomonas paraeruginosa PA7	1.40528	TRUE	environmental_samples	
ENVO:00000070	8	NCBITaxon:287	Pseudomonas aeruginosa	1.39412	TRUE	environmental_samples	
ENVO:00000070	9	NCBITaxon:482957	Burkholderia lata	1.39298	TRUE	environmental_samples	
ENVO:00000070	10	NCBITaxon:228410	Nitrosomonas europaea ATCC 19718	1.38648	TRUE	environmental_samples	
ENVO:00000070	11	NCBITaxon:390235	Pseudomonas putida W619	1.37931	TRUE	environmental_samples	
ENVO:00000070	12	NCBITaxon:661410	Methylorubrum extorquens DM4	1.3538	TRUE	environmental_samples	
ENVO:00000070	13	NCBITaxon:208963	Pseudomonas aeruginosa UCBPP-PA14	1.34653	TRUE	environmental_samples	
ENVO:00000070	14	NCBITaxon:648	Aeromonas caviae	1.34586	TRUE	environmental_samples	
ENVO:00000070	15	NCBITaxon:269482	Burkholderia vietnamiensis G4	1.34278	TRUE	environmental_samples	
ENVO:00000070	16	NCBITaxon:272942	Rhodobacter capsulatus SB 1003	1.34216	TRUE	environmental_samples	
ENVO:00000070	17	NCBITaxon:272630	Methylorubrum extorquens AM1	1.33421	TRUE	environmental_samples	
ENVO:00000070	18	NCBITaxon:395019	Burkholderia multivorans ATCC 17616	1.33108	TRUE	environmental_samples	
ENVO:00000070	19	NCBITaxon:746360	Pseudomonas fluorescens WH6	1.32388	TRUE	environmental_samples	
ENVO:00000070	20	NCBITaxon:441620	Methylorubrum populi BJ001	1.32262	TRUE	environmental_samples	
ENVO:00000070	21	NCBITaxon:31998	Methylobacterium radiotolerans	1.32151	TRUE	environmental_samples	
ENVO:00000070	22	NCBITaxon:440085	Methylorubrum extorquens CM4	1.31851	TRUE	environmental_samples	
ENVO:00000070	23	NCBITaxon:100226	Streptomyces coelicolor A3(2)	1.313	TRUE	environmental_samples	
ENVO:00000070	24	NCBITaxon:562	Escherichia coli	1.31082	TRUE	environmental_samples	
ENVO:00000070	25	NCBITaxon:350702	Burkholderia cenocepacia PC184	1.30642	TRUE	environmental_samples	
ENVO:00000073	1	NCBITaxon:1122161	Legionella geestiana DSM 21217	3	TRUE	annotated_genomes_isolates	
ENVO:00000074	1	NCBITaxon:1121955	Hymenobacter daecheongensis DSM 21074	3	TRUE	annotated_genomes_isolates	
ENVO:00000075	1	NCBITaxon:1123052	Rathayibacter toxicus DSM 7488	3	TRUE	annotated_genomes_isolates	
ENVO:00000076	1	NCBITaxon:1046938	Candidatus Aenigmarchaeota archaeon SCGC AAA011-F07	4	TRUE	annotated_genomes_isolates	
ENVO:00000076	2	NCBITaxon:1046985	Parcubacteria bacterium SCGC AAA011-A08	4	TRUE	annotated_genomes_isolates	
ENVO:00000076	3	NCBITaxon:1046987	Parcubacteria bacterium SCGC AAA011-A09	4	TRUE	annotated_genomes_isolates	
ENVO:00000076	4	NCBITaxon:1046989	Parcubacteria bacterium SCGC AAA011-J21	4	TRUE	annotated_genomes_isolates	
ENVO:00000076	5	NCBITaxon:1046996	Parcubacteria bacterium SCGC AAA010-E09	4	TRUE	annotated_genomes_isolates	
ENVO:00000076	6	NCBITaxon:1047003	Candidatus Microgenomatus auricola SCGC AAA011-E14	4	TRUE	annotated_genomes_isolates	
ENVO:00000076	7	NCBITaxon:1047010	Omnitrophica bacterium SCGC AAA011-L16	4	TRUE	annotated_genomes_isolates	
ENVO:00000076	8	NCBITaxon:1077942	Micromonospora kangleipakensis	4	TRUE	annotated_genomes_isolates	
ENVO:00000076	9	NCBITaxon:1104575	Diapherotrites archaeon SCGC AAA011-K09	4	TRUE	annotated_genomes_isolates	
ENVO:00000076	10	NCBITaxon:1104576	Candidatus Iainarchaeum andersonii SCGC AAA011-E11	4	TRUE	annotated_genomes_isolates	
ENVO:00000076	11	NCBITaxon:1104577	Nanoarchaeota archaeon SCGC AAA011-G17	4	TRUE	annotated_genomes_isolates	
ENVO:00000076	12	NCBITaxon:1104580	Nanoarchaeota archaeon SCGC AAA011-L15	4	TRUE	annotated_genomes_isolates	
ENVO:00000076	13	NCBITaxon:1104607	Microgenomates bacterium SCGC AAA011-A19	4	TRUE	annotated_genomes_isolates	
ENVO:00000076	14	NCBITaxon:1104609	Microgenomates bacterium SCGC AAA011-M05	4	TRUE	annotated_genomes_isolates	
ENVO:00000076	15	NCBITaxon:1104610	Microgenomates bacterium SCGC AAA011-B20	4	TRUE	annotated_genomes_isolates	
ENVO:00000076	16	NCBITaxon:1104614	Microgenomates bacterium SCGC AAA011-I21	4	TRUE	annotated_genomes_isolates	
ENVO:00000076	17	NCBITaxon:1104615	Microgenomates bacterium SCGC AAA011-L05	4	TRUE	annotated_genomes_isolates	
ENVO:00000076	18	NCBITaxon:1120923	Acidocella aminolytica 101 = DSM 11237	4	TRUE	annotated_genomes_isolates	
ENVO:00000076	19	NCBITaxon:1121432	Desulfofundulus thermosubterraneus DSM 16057	4	TRUE	annotated_genomes_isolates	
ENVO:00000076	20	NCBITaxon:1121468	Desulfovirgula thermocuniculi DSM 16036	4	TRUE	annotated_genomes_isolates	
ENVO:00000076	21	NCBITaxon:1121877	Ferrimicrobium acidiphilum DSM 19497	4	TRUE	annotated_genomes_isolates	
ENVO:00000076	22	NCBITaxon:1123229	Salinarimonas rosea DSM 21201	4	TRUE	annotated_genomes_isolates	
ENVO:00000076	23	NCBITaxon:1123230	Salinicoccus albus DSM 19776	4	TRUE	annotated_genomes_isolates	
ENVO:00000076	24	NCBITaxon:1123232	Lacicoccus kunmingensis DSM 17847	4	TRUE	annotated_genomes_isolates	
ENVO:00000076	25	NCBITaxon:1123247	Sediminimonas qiaohouensis DSM 21189	4	TRUE	annotated_genomes_isolates	
ENVO:00000077	1	NCBITaxon:1121093	Ectobacillus panaciterrae DSM 19096	4	TRUE	annotated_genomes_isolates	
ENVO:00000077	2	NCBITaxon:1121372	Gryllotalpicola ginsengisoli DSM 22003	4	TRUE	annotated_genomes_isolates	
ENVO:00000077	3	NCBITaxon:1121484	Dyadobacter ginsengisoli DSM 21015	4	TRUE	annotated_genomes_isolates	
ENVO:00000077	4	NCBITaxon:1121884	Flavisolibacter ginsengisoli DSM 18119	4	TRUE	annotated_genomes_isolates	
ENVO:00000077	5	NCBITaxon:1121885	Flavisolibacter ginsengiterrae DSM 18136	4	TRUE	annotated_genomes_isolates	
ENVO:00000077	6	NCBITaxon:1122604	Nevskia soli DSM 19509	4	TRUE	annotated_genomes_isolates	
ENVO:00000077	7	NCBITaxon:1122919	Paenibacillus ginsengihumi DSM 21568	4	TRUE	annotated_genomes_isolates	
ENVO:00000077	8	NCBITaxon:1122922	Paenibacillus massiliensis subsp. panacisoli DSM 21345	4	TRUE	annotated_genomes_isolates	
ENVO:00000077	9	NCBITaxon:1123013	Pseudoclavibacter soli DSM 23366	4	TRUE	annotated_genomes_isolates	
ENVO:00000077	10	NCBITaxon:1123248	Segetibacter koreensis DSM 18137	4	TRUE	annotated_genomes_isolates	
ENVO:00000077	11	NCBITaxon:1123261	Solimonas soli DSM 21787	4	TRUE	annotated_genomes_isolates	
ENVO:00000077	12	NCBITaxon:1123262	Solirubrobacter soli DSM 22325	4	TRUE	annotated_genomes_isolates	
ENVO:00000077	13	NCBITaxon:1123277	Spirosoma panaciterrae DSM 21099	4	TRUE	annotated_genomes_isolates	
ENVO:00000077	14	NCBITaxon:2045	Pimelobacter simplex	4	TRUE	annotated_genomes_isolates	
ENVO:00000077	15	NCBITaxon:204669	Candidatus Koribacter versatilis Ellin345	4	TRUE	annotated_genomes_isolates	
ENVO:00000077	16	NCBITaxon:205922	Pseudomonas fluorescens Pf0-1	4	TRUE	annotated_genomes_isolates	
ENVO:00000077	17	NCBITaxon:320771	Pedosphaera parvula Ellin514	4	TRUE	annotated_genomes_isolates	
ENVO:00000077	18	NCBITaxon:331272	Burkholderia cenocepacia HI2424	4	TRUE	annotated_genomes_isolates	
ENVO:00000077	19	NCBITaxon:35752	Actinoplanes philippinensis	4	TRUE	annotated_genomes_isolates	
ENVO:00000077	20	NCBITaxon:36987		4	TRUE	environmental_samples	
ENVO:00000077	21	NCBITaxon:392015	Paenalicyclobacillus macrosporangiidus	4	TRUE	annotated_genomes_isolates	
ENVO:00000077	22	NCBITaxon:395962	Rippkaea orientalis PCC 8802	4	TRUE	annotated_genomes_isolates	
ENVO:00000077	23	NCBITaxon:406425	Burkholderia orbicola MC0-3	4	TRUE	annotated_genomes_isolates	
ENVO:00000077	24	NCBITaxon:433647	Terrimesophilobacter mesophilus	4	TRUE	annotated_genomes_isolates	
ENVO:00000077	25	NCBITaxon:452637	Opitutus terrae PB90-1	4	TRUE	annotated_genomes_isolates	
ENVO:00000078	1	NCBITaxon:10116		4	TRUE	environmental_samples	
ENVO:00000078	2	NCBITaxon:101510	Rhodococcus jostii RHA1	4	TRUE	environmental_samples	
ENVO:00000078	3	NCBITaxon:103732	Lentzea flava	4	TRUE	environmental_samples	
ENVO:00000078	4	NCBITaxon:106111	Pedobacter sp. KP-2	4	TRUE	environmental_samples	
ENVO:00000078	5	NCBITaxon:106129		4	TRUE	environmental_samples	
ENVO:00000078	6	NCBITaxon:106592	Ensifer adhaerens	4	TRUE	environmental_samples	
ENVO:00000078	7	NCBITaxon:108028	Arcanobacterium pluranimalium	4	TRUE	environmental_samples	
ENVO:00000078	8	NCBITaxon:108579		4	TRUE	environmental_samples	
ENVO:00000078	9	NCBITaxon:110319	Nocardioides sp. CF8	4	TRUE	environmental_samples	
ENVO:00000078	10	NCBITaxon:110578	Bartonella vinsonii subsp. arupensis	4	TRUE	environmental_samples	
ENVO:00000078	11	NCBITaxon:110637	Arthrobacter sp. 'SMCC G980'	4	TRUE	environmental_samples	
ENVO:00000078	12	NCBITaxon:110638	Arthrobacter sp. 'SMCC G982'	4	TRUE	environmental_samples	
ENVO:00000078	13	NCBITaxon:110639	Arthrobacter sp. 'SMCC G984'	4	TRUE	environmental_samples	
ENVO:00000078	14	NCBITaxon:110645	Arthrobacter sp. 'SMCC ZAT004'	4	TRUE	environmental_samples	
ENVO:00000078	15	NCBITaxon:110648	Arthrobacter sp. 'SMCC ZAT013'	4	TRUE	environmental_samples	
ENVO:00000078	16	NCBITaxon:110933	Leifsonia poae	4	TRUE	environmental_samples	
ENVO:00000078	17	NCBITaxon:114707	uncultured Pseudomonas sp.	4	TRUE	environmental_samples	
ENVO:00000078	18	NCBITaxon:114715	uncultured Ralstonia sp.	4	TRUE	environmental_samples	
ENVO:00000078	19	NCBITaxon:115828	Streptomyces maritimus	4	TRUE	environmental_samples	
ENVO:00000078	20	NCBITaxon:117680	Pseudomonas reactans	4	TRUE	environmental_samples	
ENVO:00000078	21	NCBITaxon:120602		4	TRUE	environmental_samples	
ENVO:00000078	22	NCBITaxon:121845		4	TRUE	environmental_samples	
ENVO:00000078	23	NCBITaxon:122866	Arthrobacter keyseri	4	TRUE	environmental_samples	
ENVO:00000078	24	NCBITaxon:1229	Nitrosococcus oceani	4	TRUE	environmental_samples	
ENVO:00000078	25	NCBITaxon:123088		4	TRUE	environmental_samples	
ENVO:00000081	1	NCBITaxon:1040987	Mesorhizobium sp. WSM3626	3	TRUE	annotated_genomes_isolates	
ENVO:00000081	2	NCBITaxon:1120999	Andreprevotia chitinilytica DSM 18519	3	TRUE	annotated_genomes_isolates	
ENVO:00000081	3	NCBITaxon:1121125	Brevundimonas naejangsanensis DSM 23858	3	TRUE	annotated_genomes_isolates	
ENVO:00000081	4	NCBITaxon:1121375	Deefgea rivuli DSM 18356	3	TRUE	annotated_genomes_isolates	
ENVO:00000081	5	NCBITaxon:1121938	Halobacillus kuroshimensis DSM 18393	3	TRUE	annotated_genomes_isolates	
ENVO:00000081	6	NCBITaxon:1123252	Shimazuella kribbensis DSM 45090	3	TRUE	annotated_genomes_isolates	
ENVO:00000081	7	NCBITaxon:1123253	Silanimonas lenta DSM 16282	3	TRUE	annotated_genomes_isolates	
ENVO:00000081	8	NCBITaxon:333146	Ferroplasma acidarmanus Fer1	3	TRUE	annotated_genomes_isolates	
ENVO:00000081	9	NCBITaxon:523846	Methanothermus fervidus DSM 2088	3	TRUE	annotated_genomes_isolates	
ENVO:00000081	10	NCBITaxon:563040	Sulfurimonas autotrophica DSM 16294	3	TRUE	annotated_genomes_isolates	
ENVO:00000081	11	NCBITaxon:588319	Palaeococcus ferrophilus DSM 13482	3	TRUE	annotated_genomes_isolates	
ENVO:00000081	12	NCBITaxon:937777	Deinococcus peraridilitoris DSM 19664	3	TRUE	annotated_genomes_isolates	
ENVO:00000083	1	NCBITaxon:1121901	Flavobacterium tegetincola DSM 22377	3	TRUE	annotated_genomes_isolates	
ENVO:00000083	2	NCBITaxon:1121938	Halobacillus kuroshimensis DSM 18393	3	TRUE	annotated_genomes_isolates	
ENVO:00000083	3	NCBITaxon:1122181	Yoonia vestfoldensis DSM 16212	3	TRUE	annotated_genomes_isolates	
ENVO:00000083	4	NCBITaxon:1123037	Psychroserpens burtonensis DSM 12212	3	TRUE	annotated_genomes_isolates	
ENVO:00000083	5	NCBITaxon:238540	Algoriphagus antarcticus	3	TRUE	annotated_genomes_isolates	
ENVO:00000083	6	NCBITaxon:563040	Sulfurimonas autotrophica DSM 16294	3	TRUE	annotated_genomes_isolates	
ENVO:00000083	7	NCBITaxon:588319	Palaeococcus ferrophilus DSM 13482	3	TRUE	annotated_genomes_isolates	
ENVO:00000083	8	NCBITaxon:74349	Sulfitobacter guttiformis	3	TRUE	annotated_genomes_isolates	
ENVO:00000083	9	NCBITaxon:746697	Aequorivita sublithincola DSM 14238	3	TRUE	annotated_genomes_isolates	
ENVO:00000083	10	NCBITaxon:768704	Desulfosporosinus meridiei DSM 13257	3	TRUE	annotated_genomes_isolates	
ENVO:00000083	11	NCBITaxon:937777	Deinococcus peraridilitoris DSM 19664	3	TRUE	annotated_genomes_isolates	
ENVO:00000084	1	NCBITaxon:3197		1.28264	TRUE	environmental_samples	
ENVO:00000084	2	NCBITaxon:68825	Rasamsonia emersonii	1.16138	TRUE	environmental_samples	
ENVO:00000084	3	NCBITaxon:280637		1.14421	TRUE	environmental_samples	
ENVO:00000084	4	NCBITaxon:128	Isosphaera pallida	1.05749	TRUE	environmental_samples	
ENVO:00000084	5	NCBITaxon:634177	Komagataeibacter medellinensis NBRC 3288	1.01869	TRUE	environmental_samples	
ENVO:00000084	6	NCBITaxon:554155	Microsporum canis CBS 113480	1.01425	TRUE	environmental_samples	
ENVO:00000084	7	NCBITaxon:189918	Mycobacterium sp. KMS	1.01017	TRUE	environmental_samples	
ENVO:00000084	8	NCBITaxon:510516	Aspergillus oryzae RIB40	1.00774	TRUE	environmental_samples	
ENVO:00000084	9	NCBITaxon:535722	Nannizzia gypsea CBS 118893	1.0073	TRUE	environmental_samples	
ENVO:00000084	10	NCBITaxon:33075	Acidobacterium capsulatum	1.0045	TRUE	environmental_samples	
ENVO:00000084	11	NCBITaxon:363269		1.00436	TRUE	environmental_samples	
ENVO:00000084	12	NCBITaxon:707241	Sinorhizobium meliloti SM11	1.00309	TRUE	environmental_samples	
ENVO:00000084	13	NCBITaxon:480224	Chloroflexus aurantiacus Y-400-fl	1.00171	TRUE	environmental_samples	
ENVO:00000086	1	NCBITaxon:200616	Rhodoplanes tepidamans	2.34363	TRUE	environmental_samples	
ENVO:00000086	2	NCBITaxon:722413	Bradyrhizobium sp. JS329	2.31071	TRUE	environmental_samples	
ENVO:00000086	3	NCBITaxon:520488	Brucella suis bv. 4 str. 40	2.31053	TRUE	environmental_samples	
ENVO:00000086	4	NCBITaxon:200251	Rhodococcus sp. AN-22	2.30016	TRUE	environmental_samples	
ENVO:00000086	5	NCBITaxon:285482	Streptomyces tsusimaensis	2.29703	TRUE	environmental_samples	
ENVO:00000086	6	NCBITaxon:268954	Corynebacterium sp. C12	2.29139	TRUE	environmental_samples	
ENVO:00000086	7	NCBITaxon:83784	Paraburkholderia sartisoli	2.28543	TRUE	environmental_samples	
ENVO:00000086	8	NCBITaxon:104660		2.2789	TRUE	environmental_samples	
ENVO:00000086	9	NCBITaxon:107634	Methylosinus sp. LW2	2.27091	TRUE	environmental_samples	
ENVO:00000086	10	NCBITaxon:86668	Neobacillus niacini	2.27035	TRUE	environmental_samples	
ENVO:00000086	11	NCBITaxon:280	Xanthobacter autotrophicus	2.26904	TRUE	environmental_samples	
ENVO:00000086	12	NCBITaxon:53463	Paracoccus solventivorans	2.25882	TRUE	environmental_samples	
ENVO:00000086	13	NCBITaxon:47958	Methylorubrum thiocyanatum	2.25657	TRUE	environmental_samples	
ENVO:00000086	14	NCBITaxon:68895	Cupriavidus basilensis	2.24977	TRUE	environmental_samples	
ENVO:00000086	15	NCBITaxon:67274	Streptomyces argenteolus	2.24872	TRUE	environmental_samples	
ENVO:00000086	16	NCBITaxon:1961	Streptomyces virginiae	2.24838	TRUE	environmental_samples	
ENVO:00000086	17	NCBITaxon:328552		2.24753	TRUE	environmental_samples	
ENVO:00000086	18	NCBITaxon:187303	Methylocystis hydrogenophila	2.2426	TRUE	environmental_samples	
ENVO:00000086	19	NCBITaxon:31994	Beijerinckia indica subsp. indica	2.24058	TRUE	environmental_samples	
ENVO:00000086	20	NCBITaxon:1946	Streptomyces kasugaensis	2.24057	TRUE	environmental_samples	
ENVO:00000086	21	NCBITaxon:115828	Streptomyces maritimus	2.23991	TRUE	environmental_samples	
ENVO:00000086	22	NCBITaxon:92743	Streptomyces paromomycinus	2.23592	TRUE	environmental_samples	
ENVO:00000086	23	NCBITaxon:464	Fluoribacter gormanii	2.23588	TRUE	environmental_samples	
ENVO:00000086	24	NCBITaxon:1455611	Mycobacterium tuberculosis K85	2.23313	TRUE	environmental_samples	
ENVO:00000086	25	NCBITaxon:299254	Streptomyces sp. NRRL 11266	2.23163	TRUE	environmental_samples	
ENVO:00000090	1	NCBITaxon:1117647	Simiduia agarivorans SA1 = DSM 21679	4	TRUE	annotated_genomes_isolates	
ENVO:00000090	2	NCBITaxon:1120951	Aequorivita capsosiphonis DSM 23843	4	TRUE	annotated_genomes_isolates	
ENVO:00000090	3	NCBITaxon:1120963	Algicola sagamiensis DSM 14643	4	TRUE	annotated_genomes_isolates	
ENVO:00000090	4	NCBITaxon:1120966	Algoriphagus marincola DSM 16067	4	TRUE	annotated_genomes_isolates	
ENVO:00000090	5	NCBITaxon:1120969	Aliagarivorans marinus DSM 23064	4	TRUE	annotated_genomes_isolates	
ENVO:00000090	6	NCBITaxon:1121392	Desulfatibacillum aliphaticivorans DSM 15576	4	TRUE	annotated_genomes_isolates	
ENVO:00000090	7	NCBITaxon:1121396	Desulfobacter curvatus DSM 3379	4	TRUE	annotated_genomes_isolates	
ENVO:00000090	8	NCBITaxon:1121399	Desulfatiglans anilini DSM 4660	4	TRUE	annotated_genomes_isolates	
ENVO:00000090	9	NCBITaxon:1121434	Halodesulfovibrio aestuarii DSM 10141	4	TRUE	annotated_genomes_isolates	
ENVO:00000090	10	NCBITaxon:1121453	Desulfovibrio inopinatus DSM 10711	4	TRUE	annotated_genomes_isolates	
ENVO:00000090	11	NCBITaxon:1121457	Halodesulfovibrio marinisediminis DSM 17456	4	TRUE	annotated_genomes_isolates	
ENVO:00000090	12	NCBITaxon:1121875	Eudoraea adriatica DSM 19308	4	TRUE	annotated_genomes_isolates	
ENVO:00000090	13	NCBITaxon:1121937	Haliea salexigens DSM 19537	4	TRUE	annotated_genomes_isolates	
ENVO:00000090	14	NCBITaxon:1130382	Spirochaetes bacterium SCGC AAA257-G10	4	TRUE	annotated_genomes_isolates	
ENVO:00000090	15	NCBITaxon:1130383	Spirochaetes bacterium SCGC AAA257-P05	4	TRUE	annotated_genomes_isolates	
ENVO:00000090	16	NCBITaxon:1168067	Hydrogenovibrio kuenenii DSM 12350	4	TRUE	annotated_genomes_isolates	
ENVO:00000090	17	NCBITaxon:1265505	Desulfospira joergensenii DSM 10085	4	TRUE	annotated_genomes_isolates	
ENVO:00000090	18	NCBITaxon:1415755	Halomonas sp. TG39a	4	TRUE	annotated_genomes_isolates	
ENVO:00000090	19	NCBITaxon:150146	Flavobacterium gillisiae	4	TRUE	annotated_genomes_isolates	
ENVO:00000090	20	NCBITaxon:89065	Pseudomonas abietaniphila	4	TRUE	annotated_genomes_isolates	
ENVO:00000090	21	NCBITaxon:926559	Galbibacter orientalis DSM 19592	4	TRUE	annotated_genomes_isolates	
ENVO:00000090	22	NCBITaxon:999549	Leisingera caerulea DSM 24564	4	TRUE	annotated_genomes_isolates	
ENVO:00000090	23	NCBITaxon:1121466	Oleidesulfovibrio vietnamensis DSM 10520	3	TRUE	annotated_genomes_isolates	
ENVO:00000090	24	NCBITaxon:487796	Flavobacteria bacterium MS024-2A	3	TRUE	annotated_genomes_isolates	
ENVO:00000090	25	NCBITaxon:487797	Flavobacteria bacterium MS024-3C	3	TRUE	annotated_genomes_isolates	
ENVO:00000091	1	NCBITaxon:1040984	Mesorhizobium sp. WSM1293	4	TRUE	annotated_genomes_isolates	
ENVO:00000091	2	NCBITaxon:1121014	Arenimonas donghaensis DSM 18148 = HO3-R19	4	TRUE	annotated_genomes_isolates	
ENVO:00000091	3	NCBITaxon:1122176	Lewinella cohaerens DSM 23179	4	TRUE	annotated_genomes_isolates	
ENVO:00000091	4	NCBITaxon:1408433	Crocinitomix catalasitica ATCC 23190	4	TRUE	annotated_genomes_isolates	
ENVO:00000091	5	NCBITaxon:364197	Pseudomonas pohangensis	4	TRUE	annotated_genomes_isolates	
ENVO:00000091	6	NCBITaxon:395491	Rhizobium leguminosarum bv. trifolii WSM1325	4	TRUE	annotated_genomes_isolates	
ENVO:00000091	7	NCBITaxon:502025	Haliangium ochraceum DSM 14365	4	TRUE	annotated_genomes_isolates	
ENVO:00000091	8	NCBITaxon:568099	Litorimonas taeanensis	4	TRUE	annotated_genomes_isolates	
ENVO:00000091	9	NCBITaxon:643867	Marivirga tractuosa DSM 4126	4	TRUE	annotated_genomes_isolates	
ENVO:00000091	10	NCBITaxon:1120966	Algoriphagus marincola DSM 16067	3	TRUE	annotated_genomes_isolates	
ENVO:00000091	11	NCBITaxon:1121878	Ferrimonas futtsuensis DSM 18154	3	TRUE	annotated_genomes_isolates	
ENVO:00000091	12	NCBITaxon:1121879	Ferrimonas kyonanensis DSM 18153	3	TRUE	annotated_genomes_isolates	
ENVO:00000091	13	NCBITaxon:1122197	Marinobacter daepoensis DSM 16072	3	TRUE	annotated_genomes_isolates	
ENVO:00000091	14	NCBITaxon:1397696	Exiguobacterium marinum DSM 16307	3	TRUE	annotated_genomes_isolates	
ENVO:00000091	15	NCBITaxon:163908	Anabaena sp. PCC 7108	3	TRUE	annotated_genomes_isolates	
ENVO:00000091	16	NCBITaxon:285258	Tenacibaculum lutimaris	3	TRUE	annotated_genomes_isolates	
ENVO:00000091	17	NCBITaxon:306540	Halolactibacillus halophilus	3	TRUE	annotated_genomes_isolates	
ENVO:00000091	18	NCBITaxon:306541	Halolactibacillus miurensis	3	TRUE	annotated_genomes_isolates	
ENVO:00000091	19	NCBITaxon:418643	Brevibacterium marinum	3	TRUE	annotated_genomes_isolates	
ENVO:00000091	20	NCBITaxon:523845	Methanothermococcus thermolithotrophicus DSM 2095	3	TRUE	annotated_genomes_isolates	
ENVO:00000091	21	NCBITaxon:551275	Hirschia maritima DSM 19733	3	TRUE	annotated_genomes_isolates	
ENVO:00000091	22	NCBITaxon:551789	Ponticaulis koreensis DSM 19734	3	TRUE	annotated_genomes_isolates	
ENVO:00000091	23	NCBITaxon:657014	Thalassovita taeanensis	3	TRUE	annotated_genomes_isolates	
ENVO:00000091	24	NCBITaxon:999547	Leisingera daeponensis DSM 23529	3	TRUE	annotated_genomes_isolates	
ENVO:00000096	1	NCBITaxon:1346290	Methyloversatilis thermotolerans	3	TRUE	annotated_genomes_isolates	
ENVO:00000096	2	NCBITaxon:768672	Desulfurococcus amylolyticus DSM 16532	3	TRUE	annotated_genomes_isolates	
ENVO:00000096	3	NCBITaxon:926567	Thermanaerovibrio velox DSM 12556	3	TRUE	annotated_genomes_isolates	
ENVO:00000097	1	NCBITaxon:1121377	Deinococcus apachensis DSM 19763	4	TRUE	annotated_genomes_isolates	
ENVO:00000097	2	NCBITaxon:1123226	Saccharibacillus kuerlensis DSM 22868	4	TRUE	annotated_genomes_isolates	
ENVO:00000097	3	NCBITaxon:1123233	Salinicoccus luteus DSM 17002	4	TRUE	annotated_genomes_isolates	
ENVO:00000097	4	NCBITaxon:1137989	Geodermatophilus normandii	4	TRUE	annotated_genomes_isolates	
ENVO:00000097	5	NCBITaxon:119532	Microcoleus vaginatus	4	TRUE	annotated_genomes_isolates	
ENVO:00000097	6	NCBITaxon:232991	Dulcicalothrix desertica PCC 7102	4	TRUE	annotated_genomes_isolates	
ENVO:00000097	7	NCBITaxon:309889	Deinococcus yavapaiensis	4	TRUE	annotated_genomes_isolates	
ENVO:00000097	8	NCBITaxon:322509	Dietzia kunjamensis	4	TRUE	annotated_genomes_isolates	
ENVO:00000097	9	NCBITaxon:459528	Pseudomonas duriflava	4	TRUE	annotated_genomes_isolates	
ENVO:00000097	10	NCBITaxon:526225	Geodermatophilus obscurus DSM 43160	4	TRUE	annotated_genomes_isolates|environmental_samples	
ENVO:00000097	11	NCBITaxon:669365	Microcoleus vaginatus PCC 9802	4	TRUE	annotated_genomes_isolates	
ENVO:00000097	12	NCBITaxon:695939	Deinococcus hopiensis KR-140	4	TRUE	annotated_genomes_isolates	
ENVO:00000097	13	NCBITaxon:709986	Deinococcus maricopensis DSM 21211	4	TRUE	annotated_genomes_isolates|environmental_samples	
ENVO:00000097	14	NCBITaxon:756067	Microcoleus vaginatus FGP-2	4	TRUE	annotated_genomes_isolates	
ENVO:00000097	15	NCBITaxon:926554	Deinococcus pimensis DSM 21231	4	TRUE	annotated_genomes_isolates	
ENVO:00000097	16	NCBITaxon:937777	Deinococcus peraridilitoris DSM 19664	4	TRUE	annotated_genomes_isolates	
ENVO:00000097	17	NCBITaxon:987045	Jiangella gansuensis DSM 44835	4	TRUE	annotated_genomes_isolates	
ENVO:00000097	18	NCBITaxon:1122938	Pasteurella testudinis DSM 23072	3	TRUE	annotated_genomes_isolates	
ENVO:00000097	19	NCBITaxon:1564159	Geodermatophilus pulveris	3	TRUE	annotated_genomes_isolates	
ENVO:00000097	20	NCBITaxon:1708715	Ensifer aridi	3	TRUE	annotated_genomes_isolates	
ENVO:00000097	21	NCBITaxon:2030	Kibdelosporangium aridum	3	TRUE	annotated_genomes_isolates	
ENVO:00000097	22	NCBITaxon:2485162	Neorhizobium sp. R1-B	3	TRUE	annotated_genomes_isolates	
ENVO:00000097	23	NCBITaxon:2485163	Methylocaldum gracile subsp. desertum	3	TRUE	annotated_genomes_isolates	
ENVO:00000097	24	NCBITaxon:2485164	Bradyrhizobium sp. W	3	TRUE	annotated_genomes_isolates	
ENVO:00000097	25	NCBITaxon:2485165	Bradyrhizobium sp. R2.2-H	3	TRUE	annotated_genomes_isolates	
ENVO:00000098	1	NCBITaxon:1004304	Hydrotalea sandarakina	3	TRUE	annotated_genomes_isolates	
ENVO:00000098	2	NCBITaxon:1040981	Mesorhizobium ciceri WSM4083	3	TRUE	annotated_genomes_isolates	
ENVO:00000098	3	NCBITaxon:1068979	Amycolatopsis thermoflava N1165	3	TRUE	annotated_genomes_isolates	
ENVO:00000098	4	NCBITaxon:1111730	Flavobacterium antarcticum DSM 19726	3	TRUE	annotated_genomes_isolates	
ENVO:00000098	5	NCBITaxon:1120953	Aestuariibacter salexigens DSM 15300	3	TRUE	annotated_genomes_isolates	
ENVO:00000098	6	NCBITaxon:1120956	Afifella pfennigii DSM 17143	3	TRUE	annotated_genomes_isolates	
ENVO:00000098	7	NCBITaxon:1120965	Algoriphagus mannitolivorans DSM 15301	3	TRUE	annotated_genomes_isolates	
ENVO:00000098	8	NCBITaxon:1120989	Anaerobranca californiensis DSM 14826	3	TRUE	annotated_genomes_isolates	
ENVO:00000098	9	NCBITaxon:1120999	Andreprevotia chitinilytica DSM 18519	3	TRUE	annotated_genomes_isolates	
ENVO:00000098	10	NCBITaxon:1121012	Arenibacter latericius DSM 15913	3	TRUE	annotated_genomes_isolates	
ENVO:00000098	11	NCBITaxon:1121256	Caldanaerobius fijiensis DSM 17918	3	TRUE	annotated_genomes_isolates	
ENVO:00000098	12	NCBITaxon:1121374	Dasania marina DSM 21967	3	TRUE	annotated_genomes_isolates	
ENVO:00000098	13	NCBITaxon:1121390	Desulfacinum hydrothermale DSM 13146	3	TRUE	annotated_genomes_isolates	
ENVO:00000098	14	NCBITaxon:1121479	Pseudodonghicola xiamenensis DSM 18339	3	TRUE	annotated_genomes_isolates	
ENVO:00000098	15	NCBITaxon:1121862	Endozoicomonas elysicola DSM 22380	3	TRUE	annotated_genomes_isolates	
ENVO:00000098	16	NCBITaxon:1121890	Flavobacterium frigidarium DSM 17623	3	TRUE	annotated_genomes_isolates	
ENVO:00000098	17	NCBITaxon:1121935	Hahella ganghwensis DSM 17046	3	TRUE	annotated_genomes_isolates	
ENVO:00000098	18	NCBITaxon:1122201	Marinobacterium litorale DSM 23545	3	TRUE	annotated_genomes_isolates	
ENVO:00000098	19	NCBITaxon:1122202	Marinobacterium rhizophilum DSM 18822	3	TRUE	annotated_genomes_isolates	
ENVO:00000098	20	NCBITaxon:1122206	Marinomonas polaris DSM 16579	3	TRUE	annotated_genomes_isolates	
ENVO:00000098	21	NCBITaxon:1122211	Marinospirillum insulare DSM 21763	3	TRUE	annotated_genomes_isolates	
ENVO:00000098	22	NCBITaxon:1122252	Marinospirillum celere	3	TRUE	annotated_genomes_isolates	
ENVO:00000098	23	NCBITaxon:1122601	Pseudovibrio exalbescens DSM 16456	3	TRUE	annotated_genomes_isolates	
ENVO:00000098	24	NCBITaxon:1122609	Nocardioides halotolerans DSM 19273	3	TRUE	annotated_genomes_isolates	
ENVO:00000098	25	NCBITaxon:1123035	Psychroflexus tropicus DSM 15496	3	TRUE	annotated_genomes_isolates	
ENVO:00000100	1	NCBITaxon:1050202	Actinopolyspora mortivallis DSM 44261	3	TRUE	annotated_genomes_isolates	
ENVO:00000100	2	NCBITaxon:1120958	Agrococcus lahaulensis DSM 17612	3	TRUE	annotated_genomes_isolates	
ENVO:00000100	3	NCBITaxon:1121032	Azonexus hydrophilus DSM 23864	3	TRUE	annotated_genomes_isolates	
ENVO:00000100	4	NCBITaxon:1122187	Lysobacter oryzae DSM 21044	3	TRUE	annotated_genomes_isolates	
ENVO:00000100	5	NCBITaxon:1123276	Spirosoma luteum DSM 19990	3	TRUE	annotated_genomes_isolates	
ENVO:00000100	6	NCBITaxon:1123278	Spirosoma spitsbergense DSM 19989	3	TRUE	annotated_genomes_isolates	
ENVO:00000100	7	NCBITaxon:1305835	Rhodococcus sp. JG-3	3	TRUE	annotated_genomes_isolates	
ENVO:00000100	8	NCBITaxon:1469607	[Scytonema hofmanni] UTEX 2349	3	TRUE	annotated_genomes_isolates	
ENVO:00000100	9	NCBITaxon:179878	Sphingomonas elodea	3	TRUE	annotated_genomes_isolates	
ENVO:00000100	10	NCBITaxon:293050	Rhodococcoides kroppenstedtii	3	TRUE	annotated_genomes_isolates	
ENVO:00000100	11	NCBITaxon:33922	Mycoplasmopsis agassizii	3	TRUE	annotated_genomes_isolates	
ENVO:00000100	12	NCBITaxon:405440	Xylella fastidiosa M12	3	TRUE	annotated_genomes_isolates	
ENVO:00000100	13	NCBITaxon:405441	Xylella fastidiosa M23	3	TRUE	annotated_genomes_isolates	
ENVO:00000100	14	NCBITaxon:419942	Saccharolobus islandicus Y.N.15.51	3	TRUE	annotated_genomes_isolates	
ENVO:00000100	15	NCBITaxon:431489	Demequina lutea	3	TRUE	annotated_genomes_isolates	
ENVO:00000100	16	NCBITaxon:441209	Roseinatronobacter bogoriensis subsp. barguzinensis	3	TRUE	annotated_genomes_isolates	
ENVO:00000100	17	NCBITaxon:632348	Caldicellulosiruptor kronotskyensis 2002	3	TRUE	annotated_genomes_isolates	
ENVO:00000100	18	NCBITaxon:889453	Alkalitalea saponilacus	3	TRUE	annotated_genomes_isolates	
ENVO:00000104	1	NCBITaxon:102129	Leptolyngbya sp. PCC 7375	3	TRUE	annotated_genomes_isolates	
ENVO:00000104	2	NCBITaxon:1037355		3	TRUE	annotated_genomes_isolates	
ENVO:00000104	3	NCBITaxon:1052844	Parcubacteria bacterium SCGC AAA040-L21	3	TRUE	annotated_genomes_isolates	
ENVO:00000104	4	NCBITaxon:1052848	Parcubacteria bacterium SCGC AAA036-E14	3	TRUE	annotated_genomes_isolates	
ENVO:00000104	5	NCBITaxon:1089549	Haloglycomyces albus DSM 45210	3	TRUE	annotated_genomes_isolates	
ENVO:00000104	6	NCBITaxon:1104584	Candidatus Altimarinus pacificus JGI 0000068-E11	3	TRUE	annotated_genomes_isolates	
ENVO:00000104	7	NCBITaxon:1111733	Massilia alkalitolerans DSM 17462	3	TRUE	annotated_genomes_isolates	
ENVO:00000104	8	NCBITaxon:1121085	Salibacterium aidingense DSM 18341	3	TRUE	annotated_genomes_isolates	
ENVO:00000104	9	NCBITaxon:1121122	Brevibacterium album DSM 18261	3	TRUE	annotated_genomes_isolates	
ENVO:00000104	10	NCBITaxon:1121266	Caminicella sporogenes DSM 14501	3	TRUE	annotated_genomes_isolates	
ENVO:00000104	11	NCBITaxon:1121278	Chitinimonas koreensis DSM 17726	3	TRUE	annotated_genomes_isolates	
ENVO:00000104	12	NCBITaxon:1121362	Corynebacterium halotolerans YIM 70093 = DSM 44683	3	TRUE	annotated_genomes_isolates	
ENVO:00000104	13	NCBITaxon:1121398	Desulfobacter vibrioformis DSM 8776	3	TRUE	annotated_genomes_isolates	
ENVO:00000104	14	NCBITaxon:1121451	Maridesulfovibrio hydrothermalis AM13 = DSM 14728	3	TRUE	annotated_genomes_isolates	
ENVO:00000104	15	NCBITaxon:1121480	Pseudoduganella violaceinigra DSM 15887	3	TRUE	annotated_genomes_isolates	
ENVO:00000104	16	NCBITaxon:1121484	Dyadobacter ginsengisoli DSM 21015	3	TRUE	annotated_genomes_isolates	
ENVO:00000104	17	NCBITaxon:1121884	Flavisolibacter ginsengisoli DSM 18119	3	TRUE	annotated_genomes_isolates	
ENVO:00000104	18	NCBITaxon:1121885	Flavisolibacter ginsengiterrae DSM 18136	3	TRUE	annotated_genomes_isolates	
ENVO:00000104	19	NCBITaxon:1121928	Gordonia shandongensis DSM 45094	3	TRUE	annotated_genomes_isolates	
ENVO:00000104	20	NCBITaxon:1121929	Gracilibacillus lacisalsi DSM 19029	3	TRUE	annotated_genomes_isolates	
ENVO:00000104	21	NCBITaxon:1121943	Modicisalibacter luteus DSM 23508	3	TRUE	annotated_genomes_isolates	
ENVO:00000104	22	NCBITaxon:1122124	Pseudidiomarina sediminum DSM 21906	3	TRUE	annotated_genomes_isolates	
ENVO:00000104	23	NCBITaxon:1122920	Paenibacillus harenae DSM 16969	3	TRUE	annotated_genomes_isolates	
ENVO:00000104	24	NCBITaxon:1122922	Paenibacillus massiliensis subsp. panacisoli DSM 21345	3	TRUE	annotated_genomes_isolates	
ENVO:00000104	25	NCBITaxon:1123061	Neoroseomonas lacus DSM 19439	3	TRUE	annotated_genomes_isolates	
ENVO:00000106	1	NCBITaxon:1298856	Sphingomonas sp. URHD0007	4	TRUE	annotated_genomes_isolates	
ENVO:00000106	2	NCBITaxon:1298857	Candidatus Solirubrobacter pratensis	4	TRUE	annotated_genomes_isolates	
ENVO:00000106	3	NCBITaxon:1298859		4	TRUE	annotated_genomes_isolates	
ENVO:00000106	4	NCBITaxon:1298861	Lysobacter sp. URHA0019	4	TRUE	annotated_genomes_isolates	
ENVO:00000106	5	NCBITaxon:1298862	Caulobacter sp. URHA0033	4	TRUE	annotated_genomes_isolates	
ENVO:00000106	6	NCBITaxon:1298863	Marmoricola sp. URHB0036	4	TRUE	annotated_genomes_isolates	
ENVO:00000106	7	NCBITaxon:1298864	Mycobacterium sp. URHD0025	4	TRUE	annotated_genomes_isolates	
ENVO:00000106	8	NCBITaxon:1302620	Cellulomonas sp. URHD0024	4	TRUE	annotated_genomes_isolates	
ENVO:00000106	9	NCBITaxon:1380346	Streptomyces sp. URHA0041	4	TRUE	annotated_genomes_isolates	
ENVO:00000106	10	NCBITaxon:1380349	Micromonosporaceae bacterium URHE0070	4	TRUE	annotated_genomes_isolates	
ENVO:00000106	11	NCBITaxon:1380350	Mesorhizobium sp. URHC0008	4	TRUE	annotated_genomes_isolates	
ENVO:00000106	12	NCBITaxon:1380351	Mesorhizobium sp. URHB0007	4	TRUE	annotated_genomes_isolates	
ENVO:00000106	13	NCBITaxon:1380352	Bradyrhizobium sp. URHA0013	4	TRUE	annotated_genomes_isolates	
ENVO:00000106	14	NCBITaxon:1380353	Geodermatophilaceae bacterium URHB0062	4	TRUE	annotated_genomes_isolates	
ENVO:00000106	15	NCBITaxon:1380354	Cellulomonas sp. URHE0023	4	TRUE	annotated_genomes_isolates	
ENVO:00000106	16	NCBITaxon:1380355	Bradyrhizobium sp. URHD0069	4	TRUE	annotated_genomes_isolates	
ENVO:00000106	17	NCBITaxon:1380356	Blastococcus sp. URHD0036	4	TRUE	annotated_genomes_isolates	
ENVO:00000106	18	NCBITaxon:1380357	Rhodospirillales bacterium URHD0017	4	TRUE	annotated_genomes_isolates	
ENVO:00000106	19	NCBITaxon:1380385	Variovorax sp. URHB0020	4	TRUE	annotated_genomes_isolates	
ENVO:00000106	20	NCBITaxon:1380386	Mycobacterium sp. URHB0044	4	TRUE	annotated_genomes_isolates	
ENVO:00000106	21	NCBITaxon:1380388	Nocardioides sp. URHA0032	4	TRUE	annotated_genomes_isolates	
ENVO:00000106	22	NCBITaxon:1380389	Sphingomonas sp. URHD0057	4	TRUE	annotated_genomes_isolates	
ENVO:00000106	23	NCBITaxon:1380392	Nocardioides sp. URHA0020	4	TRUE	annotated_genomes_isolates	
ENVO:00000106	24	NCBITaxon:214688	Gemmata obscuriglobus UQM 2246	4	TRUE	environmental_samples	
ENVO:00000106	25	NCBITaxon:231024	Streptomyces africanus	4	TRUE	environmental_samples	
ENVO:00000109	1	NCBITaxon:749414	Streptomyces bingchenggensis BCW-1	2.45216	TRUE	environmental_samples	
ENVO:00000109	2	NCBITaxon:262316	Mycobacterium avium subsp. paratuberculosis K-10	2.44255	TRUE	environmental_samples	
ENVO:00000109	3	NCBITaxon:457428	Streptomyces lividans TK24	2.44126	TRUE	environmental_samples	
ENVO:00000109	4	NCBITaxon:278992	Streptomyces ambofaciens ATCC 23877	2.43763	TRUE	environmental_samples	
ENVO:00000109	5	NCBITaxon:455632	Streptomyces griseus subsp. griseus NBRC 13350	2.43616	TRUE	environmental_samples	
ENVO:00000109	6	NCBITaxon:350054	Mycolicibacterium gilvum PYR-GCK	2.43425	TRUE	environmental_samples	
ENVO:00000109	7	NCBITaxon:100226	Streptomyces coelicolor A3(2)	2.43403	TRUE	environmental_samples	
ENVO:00000109	8	NCBITaxon:133552	Methylocapsa acidiphila	2.43205	TRUE	environmental_samples	
ENVO:00000109	9	NCBITaxon:278137	Mycolicibacterium gilvum Spyr1	2.43149	TRUE	environmental_samples	
ENVO:00000109	10	NCBITaxon:362242	Mycobacterium ulcerans Agy99	2.42987	TRUE	environmental_samples	
ENVO:00000109	11	NCBITaxon:1609288	Streptomyces sp. ACT-1	2.42478	TRUE	environmental_samples	
ENVO:00000109	12	NCBITaxon:457431	Streptomyces filamentosus NRRL 15998	2.42453	TRUE	environmental_samples	
ENVO:00000109	13	NCBITaxon:525370	Prescottella equi ATCC 33707	2.42443	TRUE	environmental_samples	
ENVO:00000109	14	NCBITaxon:703577	Dactylosporangium aurantiacum subsp. hamdenensis	2.42385	TRUE	environmental_samples	
ENVO:00000109	15	NCBITaxon:644283	Micromonospora aurantiaca ATCC 27029	2.42277	TRUE	environmental_samples	
ENVO:00000109	16	NCBITaxon:640132	Segniliparus rotundus DSM 44985	2.4209	TRUE	environmental_samples	
ENVO:00000109	17	NCBITaxon:455488	Anaeromyxobacter dehalogenans 2CP-1	2.42076	TRUE	environmental_samples	
ENVO:00000109	18	NCBITaxon:164756	Mycobacterium sp. MCS	2.41995	TRUE	environmental_samples	
ENVO:00000109	19	NCBITaxon:513051	Burkholderia multivorans CGD1	2.41858	TRUE	environmental_samples	
ENVO:00000109	20	NCBITaxon:648999	Micromonospora sp. L5	2.41847	TRUE	environmental_samples	
ENVO:00000109	21	NCBITaxon:164757	Mycobacterium sp. JLS	2.41792	TRUE	environmental_samples	
ENVO:00000109	22	NCBITaxon:152500	Burkholderia dolosa	2.41738	TRUE	environmental_samples	
ENVO:00000109	23	NCBITaxon:192	Azospirillum brasilense	2.41694	TRUE	environmental_samples	
ENVO:00000109	24	NCBITaxon:243243	Mycobacterium avium 104	2.41567	TRUE	environmental_samples	
ENVO:00000109	25	NCBITaxon:491916	Rhizobium etli CIAT 652	2.41389	TRUE	environmental_samples	
ENVO:00000111	1	NCBITaxon:104245	Clavaria zollingeri	4	TRUE	environmental_samples	
ENVO:00000111	2	NCBITaxon:128	Isosphaera pallida	4	TRUE	environmental_samples	
ENVO:00000111	3	NCBITaxon:1423814	Limosilactobacillus vaginalis DSM 5837 = ATCC 49540	4	TRUE	environmental_samples	
ENVO:00000111	4	NCBITaxon:153233	Oceanicaulis alexandrii	4	TRUE	environmental_samples	
ENVO:00000111	5	NCBITaxon:214688	Gemmata obscuriglobus UQM 2246	4	TRUE	environmental_samples	
ENVO:00000111	6	NCBITaxon:266940	Kineococcus radiotolerans SRS30216 = ATCC BAA-149	4	TRUE	environmental_samples	
ENVO:00000111	7	NCBITaxon:293	Brevundimonas diminuta	4	TRUE	environmental_samples	
ENVO:00000111	8	NCBITaxon:314230	Blastopirellula marina DSM 3645	4	TRUE	environmental_samples	
ENVO:00000111	9	NCBITaxon:33075	Acidobacterium capsulatum	4	TRUE	environmental_samples	
ENVO:00000111	10	NCBITaxon:351016	Roseobacter sp. AzwK-3b	4	TRUE	environmental_samples	
ENVO:00000111	11	NCBITaxon:393480	Fusobacterium polymorphum ATCC 10953	4	TRUE	environmental_samples	
ENVO:00000111	12	NCBITaxon:39946		4	TRUE	environmental_samples	
ENVO:00000111	13	NCBITaxon:401053	Terriglobus saanensis SP1PR4	4	TRUE	environmental_samples	
ENVO:00000111	14	NCBITaxon:411460	[Ruminococcus] torques ATCC 27756	4	TRUE	environmental_samples	
ENVO:00000111	15	NCBITaxon:411467	Pseudoflavonifractor capillosus ATCC 29799	4	TRUE	environmental_samples	
ENVO:00000111	16	NCBITaxon:411485	Faecalibacterium prausnitzii M21/2	4	TRUE	environmental_samples	
ENVO:00000111	17	NCBITaxon:411903	Collinsella aerofaciens ATCC 25986	4	TRUE	environmental_samples	
ENVO:00000111	18	NCBITaxon:41276	Brevundimonas vesicularis	4	TRUE	environmental_samples	
ENVO:00000111	19	NCBITaxon:428125	[Clostridium] leptum DSM 753	4	TRUE	environmental_samples	
ENVO:00000111	20	NCBITaxon:457427	Streptomyces himastatinicus ATCC 53653	4	TRUE	environmental_samples	
ENVO:00000111	21	NCBITaxon:469383	Conexibacter woesei DSM 14684	4	TRUE	environmental_samples	
ENVO:00000111	22	NCBITaxon:498761	Heliomicrobium modesticaldum Ice1	4	TRUE	environmental_samples	
ENVO:00000111	23	NCBITaxon:509191	Acetivibrio cellulolyticus CD2	4	TRUE	environmental_samples	
ENVO:00000111	24	NCBITaxon:520463	Brucella pinnipedialis M163/99/10	4	TRUE	environmental_samples	
ENVO:00000111	25	NCBITaxon:525245	Gleimia coleocanis DSM 15436	4	TRUE	environmental_samples	
ENVO:00000112	1	NCBITaxon:104245	Clavaria zollingeri	4	TRUE	environmental_samples	
ENVO:00000112	2	NCBITaxon:109966	Uebelmesseromyces harderi	4	TRUE	environmental_samples	
ENVO:00000112	3	NCBITaxon:111805	Actinomadura pelletieri	4	TRUE	environmental_samples	
ENVO:00000112	4	NCBITaxon:128	Isosphaera pallida	4	TRUE	environmental_samples	
ENVO:00000112	5	NCBITaxon:134357	Phaeotrichum benjaminii	4	TRUE	environmental_samples	
ENVO:00000112	6	NCBITaxon:139174		4	TRUE	environmental_samples	
ENVO:00000112	7	NCBITaxon:1647974	Hodophilus hymenocephalus	4	TRUE	environmental_samples	
ENVO:00000112	8	NCBITaxon:165813	Sporanaerobacter acetigenes	4	TRUE	environmental_samples	
ENVO:00000112	9	NCBITaxon:1855	Frankia sp.	4	TRUE	environmental_samples	
ENVO:00000112	10	NCBITaxon:199684	uncultured Bradyrhizobium sp.	4	TRUE	environmental_samples	
ENVO:00000112	11	NCBITaxon:214688	Gemmata obscuriglobus UQM 2246	4	TRUE	environmental_samples	
ENVO:00000112	12	NCBITaxon:231024	Streptomyces africanus	4	TRUE	environmental_samples	
ENVO:00000112	13	NCBITaxon:231455	Dyella japonica	4	TRUE	environmental_samples	
ENVO:00000112	14	NCBITaxon:266940	Kineococcus radiotolerans SRS30216 = ATCC BAA-149	4	TRUE	environmental_samples	
ENVO:00000112	15	NCBITaxon:276834	Rhizoclosmatium sp. JEL347-h	4	TRUE	environmental_samples	
ENVO:00000112	16	NCBITaxon:285558	Streptomyces carpaticus	4	TRUE	environmental_samples	
ENVO:00000112	17	NCBITaxon:289419	Phlegmacium aurilicis	4	TRUE	environmental_samples	
ENVO:00000112	18	NCBITaxon:293	Brevundimonas diminuta	4	TRUE	environmental_samples	
ENVO:00000112	19	NCBITaxon:29448	Bradyrhizobium elkanii	4	TRUE	environmental_samples	
ENVO:00000112	20	NCBITaxon:29539	Thermoleophilum album	4	TRUE	environmental_samples	
ENVO:00000112	21	NCBITaxon:307119	Micromonospora chaiyaphumensis	4	TRUE	environmental_samples	
ENVO:00000112	22	NCBITaxon:3218		4	TRUE	environmental_samples	
ENVO:00000112	23	NCBITaxon:330214	Nitrospira defluvii	4	TRUE	environmental_samples	
ENVO:00000112	24	NCBITaxon:33075	Acidobacterium capsulatum	4	TRUE	environmental_samples	
ENVO:00000112	25	NCBITaxon:33946	Kurthia gibsonii	4	TRUE	environmental_samples	
ENVO:00000114	1	NCBITaxon:1040985	Mesorhizobium sp. WSM2561	4	TRUE	annotated_genomes_isolates	
ENVO:00000114	2	NCBITaxon:1041146	Rhizobium sullae WSM1592	4	TRUE	annotated_genomes_isolates	
ENVO:00000114	3	NCBITaxon:1080179	Burkholderia sp. UYPR1.413	4	TRUE	annotated_genomes_isolates	
ENVO:00000114	4	NCBITaxon:1120985	Anaeroarcus burkinensis DSM 6283	4	TRUE	annotated_genomes_isolates	
ENVO:00000114	5	NCBITaxon:1121015	Arenimonas oryziterrae DSM 21050 = YC6267	4	TRUE	annotated_genomes_isolates	
ENVO:00000114	6	NCBITaxon:1122158	Leeia oryzae DSM 17879	4	TRUE	annotated_genomes_isolates	
ENVO:00000114	7	NCBITaxon:1122990	Segatella paludivivens DSM 17968 = JCM 13650	4	TRUE	annotated_genomes_isolates	
ENVO:00000114	8	NCBITaxon:1215098	Pseudomonas cremoricolorata DSM 17059 = NBRC 16634	4	TRUE	annotated_genomes_isolates	
ENVO:00000114	9	NCBITaxon:1215114	Pseudomonas parafulva NBRC 16636 = DSM 17004	4	TRUE	annotated_genomes_isolates	
ENVO:00000114	10	NCBITaxon:1313303	Xanthomonas oryzae ATCC 35933	4	TRUE	annotated_genomes_isolates	
ENVO:00000114	11	NCBITaxon:1408420	Paracidovorax oryzae ATCC 19882	4	TRUE	annotated_genomes_isolates	
ENVO:00000114	12	NCBITaxon:2036	Curtobacterium citreum	4	TRUE	annotated_genomes_isolates	
ENVO:00000114	13	NCBITaxon:234267	Candidatus Solibacter usitatus Ellin6076	4	TRUE	annotated_genomes_isolates|environmental_samples	
ENVO:00000114	14	NCBITaxon:395493	Beggiatoa alba B18LD	4	TRUE	annotated_genomes_isolates	
ENVO:00000114	15	NCBITaxon:395961	Cyanothece sp. PCC 7425	4	TRUE	annotated_genomes_isolates	
ENVO:00000114	16	NCBITaxon:41431	Rippkaea orientalis PCC 8801	4	TRUE	annotated_genomes_isolates	
ENVO:00000114	17	NCBITaxon:459529	Sphingobacterium siyangense	4	TRUE	annotated_genomes_isolates	
ENVO:00000114	18	NCBITaxon:468059	Daejeonella oryzae DSM 19973	4	TRUE	annotated_genomes_isolates	
ENVO:00000114	19	NCBITaxon:497965	Gloeothece verrucosa PCC 7822	4	TRUE	annotated_genomes_isolates	
ENVO:00000114	20	NCBITaxon:65393	Gloeothece citriformis PCC 7424	4	TRUE	annotated_genomes_isolates	
ENVO:00000114	21	NCBITaxon:694427	Paludibacter propionicigenes WB4	4	TRUE	annotated_genomes_isolates|environmental_samples	
ENVO:00000114	22	NCBITaxon:698936	Sinorhizobium meliloti BL225C	4	TRUE	annotated_genomes_isolates|environmental_samples	
ENVO:00000114	23	NCBITaxon:743720	Pseudomonas fulva 12-X	4	TRUE	annotated_genomes_isolates	
ENVO:00000114	24	NCBITaxon:1069081	Nitratiruptor tergarcus DSM 16512	3	TRUE	annotated_genomes_isolates	
ENVO:00000114	25	NCBITaxon:1120987	Acetomicrobium thermoterrenum DSM 13490	3	TRUE	annotated_genomes_isolates	
ENVO:00000115	1	NCBITaxon:1829	Rhodococcus rhodochrous	4	TRUE	environmental_samples	
ENVO:00000115	2	NCBITaxon:191535	Flavobacterium sp. BH12.12	4	TRUE	environmental_samples	
ENVO:00000115	3	NCBITaxon:239	Flavobacterium sp.	4	TRUE	environmental_samples	
ENVO:00000115	4	NCBITaxon:266940	Kineococcus radiotolerans SRS30216 = ATCC BAA-149	4	TRUE	environmental_samples	
ENVO:00000115	5	NCBITaxon:29405	Microlunatus phosphovorus	4	TRUE	environmental_samples	
ENVO:00000115	6	NCBITaxon:313589	Janibacter sp. HTCC2649	4	TRUE	environmental_samples	
ENVO:00000115	7	NCBITaxon:33013	Clavibacter michiganensis subsp. michiganensis	4	TRUE	environmental_samples	
ENVO:00000115	8	NCBITaxon:33883	Microbacterium arborescens	4	TRUE	environmental_samples	
ENVO:00000115	9	NCBITaxon:35761	Nocardioides sp.	4	TRUE	environmental_samples	
ENVO:00000115	10	NCBITaxon:378806	Allostigmatella aurantiaca DW4/3-1	4	TRUE	environmental_samples	
ENVO:00000115	11	NCBITaxon:391596	Pedobacter sp. BAL39	4	TRUE	environmental_samples	
ENVO:00000115	12	NCBITaxon:395019	Burkholderia multivorans ATCC 17616	4	TRUE	environmental_samples	
ENVO:00000115	13	NCBITaxon:39946		4	TRUE	environmental_samples	
ENVO:00000115	14	NCBITaxon:445335	Clostridium botulinum NCTC 2916	4	TRUE	environmental_samples	
ENVO:00000115	15	NCBITaxon:456482	Haemophilus influenzae HK1212	4	TRUE	environmental_samples	
ENVO:00000115	16	NCBITaxon:469383	Conexibacter woesei DSM 14684	4	TRUE	environmental_samples	
ENVO:00000115	17	NCBITaxon:471854	Dyadobacter fermentans DSM 18053	4	TRUE	environmental_samples	
ENVO:00000115	18	NCBITaxon:520487	Brucella suis bv. 3 str. 686	4	TRUE	environmental_samples	
ENVO:00000115	19	NCBITaxon:55518	Magnetospirillum gryphiswaldense	4	TRUE	environmental_samples	
ENVO:00000115	20	NCBITaxon:596330	Peptoniphilus lacrimalis 315-B	4	TRUE	environmental_samples	
ENVO:00000115	21	NCBITaxon:645465	Streptomyces sp. e14	4	TRUE	environmental_samples	
ENVO:00000115	22	NCBITaxon:667019	Curvibacter putative symbiont of Hydra magnipapillata	4	TRUE	environmental_samples	
ENVO:00000115	23	NCBITaxon:681339	Halothiobacillus sp. HL2	4	TRUE	environmental_samples	
ENVO:00000115	24	NCBITaxon:777	Coxiella burnetii	4	TRUE	environmental_samples	
ENVO:00000115	25	NCBITaxon:82380	Microbacterium oxydans	4	TRUE	environmental_samples	
ENVO:00000117	1	NCBITaxon:1080179	Burkholderia sp. UYPR1.413	3	TRUE	annotated_genomes_isolates	
ENVO:00000122	1	NCBITaxon:1469607	[Scytonema hofmanni] UTEX 2349	3	TRUE	annotated_genomes_isolates	
ENVO:00000126	1	NCBITaxon:104176	Oscillochloris trichoides	4	TRUE	environmental_samples	
ENVO:00000126	2	NCBITaxon:1044	Erythrobacter longus	4	TRUE	environmental_samples	
ENVO:00000126	3	NCBITaxon:109263	Halothiobacillus kellyi	4	TRUE	environmental_samples	
ENVO:00000126	4	NCBITaxon:1396	Bacillus cereus	4	TRUE	environmental_samples	
ENVO:00000126	5	NCBITaxon:1402	Bacillus licheniformis	4	TRUE	environmental_samples	
ENVO:00000126	6	NCBITaxon:1423814	Limosilactobacillus vaginalis DSM 5837 = ATCC 49540	4	TRUE	environmental_samples	
ENVO:00000126	7	NCBITaxon:143223	Salegentibacter salegens	4	TRUE	environmental_samples	
ENVO:00000126	8	NCBITaxon:1502	Clostridium perfringens	4	TRUE	environmental_samples	
ENVO:00000126	9	NCBITaxon:1510	Thermoclostridium stercorarium	4	TRUE	environmental_samples	
ENVO:00000126	10	NCBITaxon:173	Leptospira interrogans	4	TRUE	environmental_samples	
ENVO:00000126	11	NCBITaxon:224438	Marichromatium indicum	4	TRUE	environmental_samples	
ENVO:00000126	12	NCBITaxon:2369	Arhodomonas aquaeolei	4	TRUE	environmental_samples	
ENVO:00000126	13	NCBITaxon:237727	Erythrobacter sp. NAP1	4	TRUE	environmental_samples	
ENVO:00000126	14	NCBITaxon:238	Elizabethkingia meningoseptica	4	TRUE	environmental_samples	
ENVO:00000126	15	NCBITaxon:241368	Desulfovibrio ferrophilus	4	TRUE	environmental_samples	
ENVO:00000126	16	NCBITaxon:262076	Marinobacter flavimaris	4	TRUE	environmental_samples	
ENVO:00000126	17	NCBITaxon:266940	Kineococcus radiotolerans SRS30216 = ATCC BAA-149	4	TRUE	environmental_samples	
ENVO:00000126	18	NCBITaxon:28122	Fibrobacter intestinalis	4	TRUE	environmental_samples	
ENVO:00000126	19	NCBITaxon:28251	Ornithobacterium rhinotracheale	4	TRUE	environmental_samples	
ENVO:00000126	20	NCBITaxon:293091	Haloquadratum walsbyi	4	TRUE	environmental_samples	
ENVO:00000126	21	NCBITaxon:301375	Methanothrix harundinacea	4	TRUE	environmental_samples	
ENVO:00000126	22	NCBITaxon:313596	Robiginitalea biformata HTCC2501	4	TRUE	environmental_samples	
ENVO:00000126	23	NCBITaxon:314260	Parvularcula bermudensis HTCC2503	4	TRUE	environmental_samples	
ENVO:00000126	24	NCBITaxon:34003	Paracoccus aminophilus	4	TRUE	environmental_samples	
ENVO:00000126	25	NCBITaxon:34085	Riemerella anatipestifer	4	TRUE	environmental_samples	
ENVO:00000128	1	NCBITaxon:1121380	Deinococcus frigens DSM 12807	3	TRUE	annotated_genomes_isolates	
ENVO:00000128	2	NCBITaxon:1121381	Deinococcus marmoris DSM 12784	3	TRUE	annotated_genomes_isolates	
ENVO:00000128	3	NCBITaxon:1305835	Rhodococcus sp. JG-3	3	TRUE	annotated_genomes_isolates	
ENVO:00000128	4	NCBITaxon:1397700	Exiguobacterium antarcticum DSM 14480	3	TRUE	annotated_genomes_isolates	
ENVO:00000128	5	NCBITaxon:865937	Gillisia limnaea DSM 15749	3	TRUE	annotated_genomes_isolates	
ENVO:00000133	1	NCBITaxon:235888	Salinibacterium	4	TRUE	annotated_genomes_isolates	
ENVO:00000133	2	NCBITaxon:29580	Janthinobacterium	4	TRUE	annotated_genomes_isolates	
ENVO:00000133	3	NCBITaxon:459471	Flavobacterium tiangeerense	4	TRUE	annotated_genomes_isolates	
ENVO:00000133	4	NCBITaxon:748908	Alpinimonas psychrophila	4	TRUE	annotated_genomes_isolates	
ENVO:00000133	5	NCBITaxon:76634	Mycetocola	4	TRUE	annotated_genomes_isolates	
ENVO:00000133	6	NCBITaxon:96492	Frigoribacterium	4	TRUE	annotated_genomes_isolates	
ENVO:00000133	7	NCBITaxon:728004	Glaciimonas immobilis	3	TRUE	annotated_genomes_isolates	
ENVO:00000133	8	NCBITaxon:84567	Pedobacter	3	TRUE	annotated_genomes_isolates	
ENVO:00000134	1	NCBITaxon:104245	Clavaria zollingeri	4	TRUE	environmental_samples	
ENVO:00000134	2	NCBITaxon:1121419	Desulfosporosinus hippei DSM 8344	4	TRUE	annotated_genomes_isolates	MADIN
ENVO:00000134	3	NCBITaxon:1121924	Glaciibacter superstes DSM 21135	4	TRUE	annotated_genomes_isolates	MADIN
ENVO:00000134	4	NCBITaxon:1121959	Hymenobacter psychrotolerans DSM 18569	4	TRUE	annotated_genomes_isolates	MADIN
ENVO:00000134	5	NCBITaxon:1123276	Spirosoma luteum DSM 19990	4	TRUE	annotated_genomes_isolates	MADIN
ENVO:00000134	6	NCBITaxon:1123278	Spirosoma spitsbergense DSM 19989	4	TRUE	annotated_genomes_isolates	MADIN
ENVO:00000134	7	NCBITaxon:128	Isosphaera pallida	4	TRUE	environmental_samples	
ENVO:00000134	8	NCBITaxon:1397695	Exiguobacterium undae 190-11	4	TRUE	annotated_genomes_isolates	
ENVO:00000134	9	NCBITaxon:1397698	Exiguobacterium artemiae 7-3	4	TRUE	annotated_genomes_isolates	
ENVO:00000134	10	NCBITaxon:1855	Frankia sp.	4	TRUE	environmental_samples	
ENVO:00000134	11	NCBITaxon:203264	Corynebacterium suicordis	4	TRUE	environmental_samples	
ENVO:00000134	12	NCBITaxon:231024	Streptomyces africanus	4	TRUE	environmental_samples	
ENVO:00000134	13	NCBITaxon:259536	Psychrobacter arcticus 273-4	4	TRUE	annotated_genomes_isolates	MADIN
ENVO:00000134	14	NCBITaxon:262543	Exiguobacterium artemiae 255-15	4	TRUE	annotated_genomes_isolates	MADIN
ENVO:00000134	15	NCBITaxon:266940	Kineococcus radiotolerans SRS30216 = ATCC BAA-149	4	TRUE	environmental_samples	
ENVO:00000134	16	NCBITaxon:28210	Chelatococcus asaccharovorans	4	TRUE	environmental_samples	
ENVO:00000134	17	NCBITaxon:29539	Thermoleophilum album	4	TRUE	environmental_samples	
ENVO:00000134	18	NCBITaxon:314345	Mariprofundus ferrooxydans PV-1	4	TRUE	environmental_samples	
ENVO:00000134	19	NCBITaxon:330214	Nitrospira defluvii	4	TRUE	environmental_samples	
ENVO:00000134	20	NCBITaxon:33075	Acidobacterium capsulatum	4	TRUE	environmental_samples	
ENVO:00000134	21	NCBITaxon:36987		4	TRUE	environmental_samples	
ENVO:00000134	22	NCBITaxon:378534	Pseudomonas sp. Eur1 9.41	4	TRUE	annotated_genomes_isolates	MADIN
ENVO:00000134	23	NCBITaxon:378543	Tumebacillus permanentifrigoris	4	TRUE	annotated_genomes_isolates	MADIN
ENVO:00000134	24	NCBITaxon:386456	Methanobacterium arcticum	4	TRUE	annotated_genomes_isolates	MADIN
ENVO:00000134	25	NCBITaxon:39946		4	TRUE	environmental_samples	
ENVO:00000138	1	NCBITaxon:1121392	Desulfatibacillum aliphaticivorans DSM 15576	3	TRUE	annotated_genomes_isolates	
ENVO:00000138	2	NCBITaxon:191564	Nonlabens xylanidelens	3	TRUE	annotated_genomes_isolates	
ENVO:00000141	1	NCBITaxon:1121479	Pseudodonghicola xiamenensis DSM 18339	3	TRUE	annotated_genomes_isolates	
ENVO:00000150	1	NCBITaxon:214988		2.3477	TRUE	environmental_samples	
ENVO:00000150	2	NCBITaxon:575599	Limosilactobacillus fermentum 28-3-CHN	2.28431	TRUE	environmental_samples	
ENVO:00000150	3	NCBITaxon:48499		2.28171	TRUE	environmental_samples	
ENVO:00000150	4	NCBITaxon:313595	Psychroflexus torquis ATCC 700755	2.27772	TRUE	environmental_samples	
ENVO:00000150	5	NCBITaxon:598553	Clostridium sp. enrichment culture clone 7-25	2.27513	TRUE	environmental_samples	
ENVO:00000150	6	NCBITaxon:563036	Streptococcus sp. C300	2.27502	TRUE	environmental_samples	
ENVO:00000150	7	NCBITaxon:645463	Clostridioides difficile R20291	2.26993	TRUE	environmental_samples	
ENVO:00000150	8	NCBITaxon:883062	Bifidobacterium bifidum S17	2.26477	TRUE	environmental_samples	
ENVO:00000150	9	NCBITaxon:74426	Collinsella aerofaciens	2.25398	TRUE	environmental_samples	
ENVO:00000150	10	NCBITaxon:313603	Maribacter sp. HTCC2170	2.252	TRUE	environmental_samples	
ENVO:00000150	11	NCBITaxon:46745		2.25046	TRUE	environmental_samples	
ENVO:00000150	12	NCBITaxon:216816	Bifidobacterium longum	2.24497	TRUE	environmental_samples	
ENVO:00000150	13	NCBITaxon:722911	Bifidobacterium longum subsp. longum F8	2.24137	TRUE	environmental_samples	
ENVO:00000150	14	NCBITaxon:313606	Microscilla marina ATCC 23134	2.23946	TRUE	environmental_samples	
ENVO:00000150	15	NCBITaxon:853	Faecalibacterium prausnitzii	2.23829	TRUE	environmental_samples	
ENVO:00000150	16	NCBITaxon:887899	Mobiluncus holmesii ATCC 35242	2.23606	TRUE	environmental_samples	
ENVO:00000150	17	NCBITaxon:367928	Bifidobacterium adolescentis ATCC 15703	2.23376	TRUE	environmental_samples	
ENVO:00000150	18	NCBITaxon:499174	Clostridioides difficile QCD-23m63	2.23048	TRUE	environmental_samples	
ENVO:00000150	19	NCBITaxon:702459	Bifidobacterium bifidum PRL2010	2.22897	TRUE	environmental_samples	
ENVO:00000150	20	NCBITaxon:643867	Marivirga tractuosa DSM 4126	2.22446	TRUE	environmental_samples	
ENVO:00000150	21	NCBITaxon:391587	Kordia algicida OT-1	2.22323	TRUE	environmental_samples	
ENVO:00000150	22	NCBITaxon:391625	Plesiocystis pacifica SIR-1	2.22012	TRUE	environmental_samples	
ENVO:00000150	23	NCBITaxon:457416	Veillonella sp. 3_1_44	2.21825	TRUE	environmental_samples	
ENVO:00000150	24	NCBITaxon:451754	Clostridium perfringens B str. ATCC 3626	2.21802	TRUE	environmental_samples	
ENVO:00000150	25	NCBITaxon:445336	Clostridium botulinum Bf	2.21649	TRUE	environmental_samples	
ENVO:00000151	1	NCBITaxon:1121945	Halorubrum ezzemoulense DSM 17463	3	TRUE	annotated_genomes_isolates	
ENVO:00000166	1	NCBITaxon:1122601	Pseudovibrio exalbescens DSM 16456	3	TRUE	annotated_genomes_isolates	
ENVO:00000166	2	NCBITaxon:1123030	Pseudoxanthomonas kalamensis DSM 18571	3	TRUE	annotated_genomes_isolates	
ENVO:00000166	3	NCBITaxon:1307759	Desulfohalovibrio reitneri	3	TRUE	annotated_genomes_isolates	
ENVO:00000167	1	NCBITaxon:1156985	Epibacterium ulvae	3	TRUE	annotated_genomes_isolates	
ENVO:00000167	2	NCBITaxon:118166	Nodosilinea nodulosa PCC 7104	3	TRUE	annotated_genomes_isolates	
ENVO:00000167	3	NCBITaxon:317936	Nostoc sp. PCC 7107	3	TRUE	annotated_genomes_isolates	
ENVO:00000167	4	NCBITaxon:710685	Mycolicibacterium rhodesiae NBB3	3	TRUE	annotated_genomes_isolates	
ENVO:00000169	1	NCBITaxon:1469607	[Scytonema hofmanni] UTEX 2349	3	TRUE	annotated_genomes_isolates	
ENVO:00000173	1	NCBITaxon:447595	Caldanaerovirga acetigignens	3	TRUE	annotated_genomes_isolates	
ENVO:00000182	1	NCBITaxon:1121106	Belnapia moabensis DSM 16746	3	TRUE	annotated_genomes_isolates	
ENVO:00000182	2	NCBITaxon:1121483	Dyadobacter crusticola DSM 16708	3	TRUE	annotated_genomes_isolates	
ENVO:00000182	3	NCBITaxon:1121959	Hymenobacter psychrotolerans DSM 18569	3	TRUE	annotated_genomes_isolates	
ENVO:00000182	4	NCBITaxon:1122939	Patulibacter americanus DSM 16676	3	TRUE	annotated_genomes_isolates	
ENVO:00000182	5	NCBITaxon:1123064	Roseomonas vinacea DSM 19362	3	TRUE	annotated_genomes_isolates	
ENVO:00000182	6	NCBITaxon:485914	Halomicrobium mukohataei DSM 12286	3	TRUE	annotated_genomes_isolates	
ENVO:00000182	7	NCBITaxon:498214	Clostridium botulinum A3 str. Loch Maree	3	TRUE	annotated_genomes_isolates	
ENVO:00000183	1	NCBITaxon:257277	Nocardia aobensis	1.71073	TRUE	environmental_samples	
ENVO:00000183	2	NCBITaxon:1744	Propionibacterium freudenreichii	1.60233	TRUE	environmental_samples	
ENVO:00000183	3	NCBITaxon:40223	Methylophaga thalassica	1.55813	TRUE	environmental_samples	
ENVO:00000183	4	NCBITaxon:47880	Pseudomonas fulva	1.52869	TRUE	environmental_samples	
ENVO:00000183	5	NCBITaxon:706422	Streptomyces sp. x4(2010)	1.52577	TRUE	environmental_samples	
ENVO:00000183	6	NCBITaxon:42353	Nitrosomonas sp.	1.43389	TRUE	environmental_samples	
ENVO:00000183	7	NCBITaxon:68242	Streptomyces natalensis	1.36524	TRUE	environmental_samples	
ENVO:00000183	8	NCBITaxon:84159	Paramagnetospirillum magneticum	1.36138	TRUE	environmental_samples	
ENVO:00000183	9	NCBITaxon:239	Flavobacterium sp.	1.35913	TRUE	environmental_samples	
ENVO:00000183	10	NCBITaxon:77152	Moraxella sp. TA144	1.34789	TRUE	environmental_samples	
ENVO:00000183	11	NCBITaxon:13690	Sphingobium yanoikuyae	1.33534	TRUE	environmental_samples	
ENVO:00000183	12	NCBITaxon:65553	Sulfurospirillum deleyianum	1.29271	TRUE	environmental_samples	
ENVO:00000183	13	NCBITaxon:1270	Micrococcus luteus	1.29125	TRUE	environmental_samples	
ENVO:00000183	14	NCBITaxon:121428	Sphingobium xenophagum	1.29001	TRUE	environmental_samples	
ENVO:00000183	15	NCBITaxon:747	Pasteurella multocida	1.26395	TRUE	environmental_samples	
ENVO:00000183	16	NCBITaxon:298265	Comamonas sp. JS46	1.24201	TRUE	environmental_samples	
ENVO:00000183	17	NCBITaxon:526971	Bacillus cereus MM3	1.22149	TRUE	environmental_samples	
ENVO:00000183	18	NCBITaxon:484	Neisseria flavescens	1.21662	TRUE	environmental_samples	
ENVO:00000183	19	NCBITaxon:82367	Paracoccus pantotrophus	1.19684	TRUE	environmental_samples	
ENVO:00000183	20	NCBITaxon:1015	Bergeyella zoohelcum	1.17636	TRUE	environmental_samples	
ENVO:00000183	21	NCBITaxon:34003	Paracoccus aminophilus	1.17526	TRUE	environmental_samples	
ENVO:00000183	22	NCBITaxon:33050	Sphingopyxis macrogoltabida	1.1078	TRUE	environmental_samples	
ENVO:00000183	23	NCBITaxon:930	Acidithiobacillus thiooxidans	1.10507	TRUE	environmental_samples	
ENVO:00000183	24	NCBITaxon:324602	Chloroflexus aurantiacus J-10-fl	1.09725	TRUE	environmental_samples	
ENVO:00000183	25	NCBITaxon:634956	Parageobacillus thermoglucosidasius C56-YS93	1.09514	TRUE	environmental_samples	
ENVO:00000192	1	NCBITaxon:1442586	Winogradskyella wandonensis	3	TRUE	annotated_genomes_isolates	
ENVO:00000192	2	NCBITaxon:406327	Methanococcus vannielii SB	3	TRUE	annotated_genomes_isolates	
ENVO:00000196	1	NCBITaxon:485914	Halomicrobium mukohataei DSM 12286	3	TRUE	annotated_genomes_isolates	
ENVO:00000199	1	NCBITaxon:319225	Pelodictyon luteolum DSM 273	3	TRUE	annotated_genomes_isolates	
ENVO:00000206	1	NCBITaxon:156889	Magnetococcus marinus MC-1	4	TRUE	annotated_genomes_isolates	
ENVO:00000206	2	NCBITaxon:203124	Trichodesmium erythraeum IMS101	4	TRUE	annotated_genomes_isolates	
ENVO:00000206	3	NCBITaxon:34017	Rhodobium orientis	4	TRUE	annotated_genomes_isolates	
ENVO:00000206	4	NCBITaxon:487796	Flavobacteria bacterium MS024-2A	4	TRUE	annotated_genomes_isolates	
ENVO:00000206	5	NCBITaxon:487797	Flavobacteria bacterium MS024-3C	4	TRUE	annotated_genomes_isolates	
ENVO:00000206	6	NCBITaxon:999552	Leisingera methylohalidivorans DSM 14336	4	TRUE	annotated_genomes_isolates	
ENVO:00000207	1	NCBITaxon:1007122	Fidelibacterota bacterium SCGC AAA160-C11	4	TRUE	annotated_genomes_isolates	
ENVO:00000207	2	NCBITaxon:1007124	Fidelibacterota bacterium SCGC AAA076-M08	4	TRUE	annotated_genomes_isolates	
ENVO:00000207	3	NCBITaxon:1052844	Parcubacteria bacterium SCGC AAA040-L21	4	TRUE	annotated_genomes_isolates	
ENVO:00000207	4	NCBITaxon:1052848	Parcubacteria bacterium SCGC AAA036-E14	4	TRUE	annotated_genomes_isolates	
ENVO:00000207	5	NCBITaxon:1104584	Candidatus Altimarinus pacificus JGI 0000068-E11	4	TRUE	annotated_genomes_isolates	
ENVO:00000207	6	NCBITaxon:1120954	Aestuariimicrobium kwangyangense DSM 21549	4	TRUE	annotated_genomes_isolates	
ENVO:00000207	7	NCBITaxon:1121324	Peptoclostridium litorale DSM 5388	4	TRUE	annotated_genomes_isolates	
ENVO:00000207	8	NCBITaxon:1121374	Dasania marina DSM 21967	4	TRUE	annotated_genomes_isolates	
ENVO:00000207	9	NCBITaxon:1121398	Desulfobacter vibrioformis DSM 8776	4	TRUE	annotated_genomes_isolates	
ENVO:00000207	10	NCBITaxon:1121404	Desulfogranum mediterraneum DSM 13871	4	TRUE	annotated_genomes_isolates	
ENVO:00000207	11	NCBITaxon:1121409	Desulfofustis glycolicus DSM 9705	4	TRUE	annotated_genomes_isolates	
ENVO:00000207	12	NCBITaxon:1121442	Desulfobaculum bizertense DSM 18034	4	TRUE	annotated_genomes_isolates	
ENVO:00000207	13	NCBITaxon:1121476	Dethiosulfatibacter aminovorans DSM 17477	4	TRUE	annotated_genomes_isolates	
ENVO:00000207	14	NCBITaxon:1121479	Pseudodonghicola xiamenensis DSM 18339	4	TRUE	annotated_genomes_isolates	
ENVO:00000207	15	NCBITaxon:1121890	Flavobacterium frigidarium DSM 17623	4	TRUE	annotated_genomes_isolates	
ENVO:00000207	16	NCBITaxon:1121922	Brumicola pallidula DSM 14239 = ACAM 615	4	TRUE	annotated_genomes_isolates	
ENVO:00000207	17	NCBITaxon:1121932	Christiangramia portivictoriae DSM 23547	4	TRUE	annotated_genomes_isolates	
ENVO:00000207	18	NCBITaxon:1122124	Pseudidiomarina sediminum DSM 21906	4	TRUE	annotated_genomes_isolates	
ENVO:00000207	19	NCBITaxon:1122134	Kangiella aquimarina DSM 16071	4	TRUE	annotated_genomes_isolates	
ENVO:00000207	20	NCBITaxon:1122192	Marinactinospora thermotolerans DSM 45154	4	TRUE	annotated_genomes_isolates	
ENVO:00000207	21	NCBITaxon:1122238	Microbacterium indicum DSM 19969	4	TRUE	annotated_genomes_isolates	
ENVO:00000207	22	NCBITaxon:1122614	Pseudooceanicola nanhaiensis DSM 18065	4	TRUE	annotated_genomes_isolates	
ENVO:00000207	23	NCBITaxon:1122933	Paraoerskovia marina DSM 21750	4	TRUE	annotated_genomes_isolates	
ENVO:00000207	24	NCBITaxon:1123032	Psychrilyobacter atlanticus DSM 19335	4	TRUE	annotated_genomes_isolates	
ENVO:00000207	25	NCBITaxon:1123244	Sciscionella marina DSM 45152	4	TRUE	annotated_genomes_isolates	
ENVO:00000208	1	NCBITaxon:110663	Synechococcus sp. CC9616	4	TRUE	annotated_genomes_isolates	
ENVO:00000208	2	NCBITaxon:1123059	Robiginitomaculum antarcticum DSM 21748	4	TRUE	annotated_genomes_isolates	
ENVO:00000208	3	NCBITaxon:134561	Nocardioides sp. C190	4	TRUE	environmental_samples	
ENVO:00000208	4	NCBITaxon:1394	[Bacillus] caldolyticus	4	TRUE	environmental_samples	
ENVO:00000208	5	NCBITaxon:266940	Kineococcus radiotolerans SRS30216 = ATCC BAA-149	4	TRUE	environmental_samples	
ENVO:00000208	6	NCBITaxon:28122	Fibrobacter intestinalis	4	TRUE	environmental_samples	
ENVO:00000208	7	NCBITaxon:34085	Riemerella anatipestifer	4	TRUE	environmental_samples	
ENVO:00000208	8	NCBITaxon:36987		4	TRUE	environmental_samples	
ENVO:00000208	9	NCBITaxon:379066	Gemmatimonas aurantiaca T-27	4	TRUE	environmental_samples	
ENVO:00000208	10	NCBITaxon:411477	Parabacteroides merdae ATCC 43184	4	TRUE	environmental_samples	
ENVO:00000208	11	NCBITaxon:411485	Faecalibacterium prausnitzii M21/2	4	TRUE	environmental_samples	
ENVO:00000208	12	NCBITaxon:428125	[Clostridium] leptum DSM 753	4	TRUE	environmental_samples	
ENVO:00000208	13	NCBITaxon:435805	Flavobacterium sp. '80m A1 isolate-4'	4	TRUE	environmental_samples	
ENVO:00000208	14	NCBITaxon:445336	Clostridium botulinum Bf	4	TRUE	environmental_samples	
ENVO:00000208	15	NCBITaxon:457427	Streptomyces himastatinicus ATCC 53653	4	TRUE	environmental_samples	
ENVO:00000208	16	NCBITaxon:498761	Heliomicrobium modesticaldum Ice1	4	TRUE	environmental_samples	
ENVO:00000208	17	NCBITaxon:537937	Bifidobacterium longum subsp. infantis CCUG 52486	4	TRUE	environmental_samples	
ENVO:00000208	18	NCBITaxon:562	Escherichia coli	4	TRUE	environmental_samples	
ENVO:00000208	19	NCBITaxon:56780	Syntrophus aciditrophicus SB	4	TRUE	environmental_samples	
ENVO:00000208	20	NCBITaxon:57043	Microbacterium esteraromaticum	4	TRUE	environmental_samples	
ENVO:00000208	21	NCBITaxon:583355	Coraliomargarita akajimensis DSM 45221	4	TRUE	environmental_samples	
ENVO:00000208	22	NCBITaxon:585501	Oribacterium sinus F0268	4	TRUE	environmental_samples	
ENVO:00000208	23	NCBITaxon:595452	Rhodopirellula sp. SM49	4	TRUE	environmental_samples	
ENVO:00000208	24	NCBITaxon:595453	Rhodopirellula sp. SM50	4	TRUE	environmental_samples	
ENVO:00000208	25	NCBITaxon:641112	Ruminococcus flavefaciens FD-1	4	TRUE	environmental_samples	
ENVO:00000209	1	NCBITaxon:110662	Synechococcus sp. CC9605	4	TRUE	annotated_genomes_isolates	
ENVO:00000209	2	NCBITaxon:316279	Synechococcus sp. CC9902	4	TRUE	annotated_genomes_isolates	
ENVO:00000209	3	NCBITaxon:59920	Prochlorococcus marinus str. NATL2A	4	TRUE	annotated_genomes_isolates	
ENVO:00000209	4	NCBITaxon:74546	Prochlorococcus marinus str. MIT 9312	4	TRUE	annotated_genomes_isolates	
ENVO:00000209	5	NCBITaxon:74547	Prochlorococcus marinus str. MIT 9313	4	TRUE	annotated_genomes_isolates	
ENVO:00000209	6	NCBITaxon:89184	Ruegeria pomeroyi	2.08195	TRUE	environmental_samples	
ENVO:00000209	7	NCBITaxon:86104	Arenibacter latericius	2.06634	TRUE	environmental_samples	
ENVO:00000209	8	NCBITaxon:320388	Burkholderia mallei SAVP1	2.01788	TRUE	environmental_samples	
ENVO:00000209	9	NCBITaxon:372461	Buchnera aphidicola BCc	2.00223	TRUE	environmental_samples	
ENVO:00000209	10	NCBITaxon:302409	Ehrlichia ruminantium str. Gardel	1.99942	TRUE	environmental_samples	
ENVO:00000209	11	NCBITaxon:332415	Ehrlichia chaffeensis str. Sapulpa	1.98201	TRUE	environmental_samples	
ENVO:00000209	12	NCBITaxon:880447	Mycoplasma leachii PG50	1.98193	TRUE	environmental_samples	
ENVO:00000209	13	NCBITaxon:880	Maridesulfovibrio salexigens	1.95036	TRUE	environmental_samples	
ENVO:00000209	14	NCBITaxon:198804	Buchnera aphidicola str. Sg (Schizaphis graminum)	1.92951	TRUE	environmental_samples	
ENVO:00000209	15	NCBITaxon:224915	Buchnera aphidicola str. Bp (Baizongia pistaciae)	1.92625	TRUE	environmental_samples	
ENVO:00000209	16	NCBITaxon:515618	Candidatus Riesia pediculicola USDA	1.92571	TRUE	environmental_samples	
ENVO:00000209	17	NCBITaxon:36870	Wigglesworthia glossinidia endosymbiont of Glossina brevipalpis	1.90248	TRUE	environmental_samples	
ENVO:00000209	18	NCBITaxon:340047	Mycoplasma capricolum subsp. capricolum ATCC 27343	1.89277	TRUE	environmental_samples	
ENVO:00000209	19	NCBITaxon:203907	Candidatus Blochmanniella floridana	1.8922	TRUE	environmental_samples	
ENVO:00000209	20	NCBITaxon:264	Francisella tularensis subsp. novicida	1.87989	TRUE	environmental_samples	
ENVO:00000209	21	NCBITaxon:357244	Orientia tsutsugamushi str. Boryong	1.87141	TRUE	environmental_samples	
ENVO:00000209	22	NCBITaxon:35845		1.87013	TRUE	environmental_samples	
ENVO:00000209	23	NCBITaxon:293614	Rickettsia akari str. Hartford	1.86007	TRUE	environmental_samples	
ENVO:00000209	24	NCBITaxon:257363	Rickettsia typhi str. Wilmington	1.85863	TRUE	environmental_samples	
ENVO:00000209	25	NCBITaxon:205920	Ehrlichia chaffeensis str. Arkansas	1.85621	TRUE	environmental_samples	
ENVO:00000210	1	NCBITaxon:1150474	Mesoaciditoga lauensis cd-1655R = DSM 25116	4	TRUE	annotated_genomes_isolates	
ENVO:00000210	2	NCBITaxon:1208324	Celeribacter indicus	4	TRUE	annotated_genomes_isolates	
ENVO:00000210	3	NCBITaxon:1242148	Melghirimyces profundicolus	4	TRUE	annotated_genomes_isolates	
ENVO:00000210	4	NCBITaxon:1267768	Brevirhabdus pacifica	4	TRUE	annotated_genomes_isolates	
ENVO:00000210	5	NCBITaxon:1267769	Allosediminivita pacifica	4	TRUE	annotated_genomes_isolates	
ENVO:00000210	6	NCBITaxon:1387275	Chryseobacterium profundimaris	4	TRUE	annotated_genomes_isolates	
ENVO:00000210	7	NCBITaxon:1411902	Pacificitalea manganoxidans	4	TRUE	annotated_genomes_isolates	
ENVO:00000210	8	NCBITaxon:1716143	Pseudodesulfovibrio indicus	4	TRUE	annotated_genomes_isolates	
ENVO:00000210	9	NCBITaxon:1817405	Abyssicoccus albus	4	TRUE	annotated_genomes_isolates	
ENVO:00000210	10	NCBITaxon:1836499	Algoriphagus iocasae	4	TRUE	annotated_genomes_isolates	
ENVO:00000210	11	NCBITaxon:223788	Balnearium lithotrophicum	4	TRUE	annotated_genomes_isolates	
ENVO:00000210	12	NCBITaxon:337701	Roseovarius pacificus	4	TRUE	annotated_genomes_isolates	
ENVO:00000210	13	NCBITaxon:555512	Salipiger marinus	4	TRUE	annotated_genomes_isolates	
ENVO:00000213	1	NCBITaxon:939306	alpha proteobacterium SCGC AAA240-E13	4	TRUE	annotated_genomes_isolates	
ENVO:00000213	2	NCBITaxon:939316	alpha proteobacterium SCGC AAA288-E13	4	TRUE	annotated_genomes_isolates	
ENVO:00000213	3	NCBITaxon:939324	alpha proteobacterium SCGC AAA288-G21	4	TRUE	annotated_genomes_isolates	
ENVO:00000213	4	NCBITaxon:939346	alpha proteobacterium SCGC AAA288-N07	4	TRUE	annotated_genomes_isolates	
ENVO:00000215	1	NCBITaxon:1069081	Nitratiruptor tergarcus DSM 16512	4	TRUE	annotated_genomes_isolates	MADIN
ENVO:00000215	2	NCBITaxon:1069083	Methanocaldococcus villosus KIN24-T80	4	TRUE	annotated_genomes_isolates	MADIN
ENVO:00000215	3	NCBITaxon:1120797	Mycobacterium sp. 141	4	TRUE	annotated_genomes_isolates	MADIN
ENVO:00000215	4	NCBITaxon:1121264	Caloranaerobacter azorensis DSM 13643	4	TRUE	annotated_genomes_isolates	MADIN
ENVO:00000215	5	NCBITaxon:1121266	Caminicella sporogenes DSM 14501	4	TRUE	annotated_genomes_isolates	MADIN
ENVO:00000215	6	NCBITaxon:1121301	Paramaledivibacter caminithermalis DSM 15212	4	TRUE	annotated_genomes_isolates	MADIN
ENVO:00000215	7	NCBITaxon:1121390	Desulfacinum hydrothermale DSM 13146	4	TRUE	annotated_genomes_isolates	MADIN
ENVO:00000215	8	NCBITaxon:1121451	Maridesulfovibrio hydrothermalis AM13 = DSM 14728	4	TRUE	annotated_genomes_isolates	MADIN
ENVO:00000215	9	NCBITaxon:1122195	Marinitoga hydrogenitolerans DSM 16785	4	TRUE	annotated_genomes_isolates	MADIN
ENVO:00000215	10	NCBITaxon:1123349	Tepidibacter formicigenes DSM 15518	4	TRUE	annotated_genomes_isolates	MADIN
ENVO:00000215	11	NCBITaxon:1123350	Tepidibacter thalassicus DSM 15285	4	TRUE	annotated_genomes_isolates	MADIN
ENVO:00000215	12	NCBITaxon:1123371	Thermodesulfatator atlanticus DSM 21156	4	TRUE	annotated_genomes_isolates	MADIN
ENVO:00000215	13	NCBITaxon:1123380	Thermosipho atlanticus DSM 15807	4	TRUE	annotated_genomes_isolates	MADIN
ENVO:00000215	14	NCBITaxon:1125975	Thermoanaerobacter ethanolicus subsp. indiensis BSB-33	4	TRUE	annotated_genomes_isolates	MADIN
ENVO:00000215	15	NCBITaxon:126740	Thermotoga sp. RQ2	4	TRUE	annotated_genomes_isolates	MADIN
ENVO:00000215	16	NCBITaxon:1380347	Geodermatophilaceae bacterium URHB0048	4	TRUE	annotated_genomes_isolates	MADIN
ENVO:00000215	17	NCBITaxon:1424653	Caminibacter pacificus	4	TRUE	annotated_genomes_isolates	
ENVO:00000215	18	NCBITaxon:1495045	Thermopetrobacter sp. TC1	4	TRUE	annotated_genomes_isolates	MADIN
ENVO:00000215	19	NCBITaxon:1537524	Thiogranum longum	4	TRUE	annotated_genomes_isolates	
ENVO:00000215	20	NCBITaxon:161156	Thermodesulfobacterium hydrogeniphilum	4	TRUE	annotated_genomes_isolates	MADIN
ENVO:00000215	21	NCBITaxon:1734049	Serpentinicella alkaliphila	4	TRUE	annotated_genomes_isolates	
ENVO:00000215	22	NCBITaxon:198703	Persephonella hydrogeniphila	4	TRUE	annotated_genomes_isolates	MADIN
ENVO:00000215	23	NCBITaxon:202747	Sulfurimonas autotrophica	4	TRUE	environmental_samples	
ENVO:00000215	24	NCBITaxon:206665	Desulfonauticus submarinus	4	TRUE	annotated_genomes_isolates	
ENVO:00000215	25	NCBITaxon:213224	Geothermobacter ehrlichii	4	TRUE	annotated_genomes_isolates	MADIN
ENVO:00000216	1	NCBITaxon:361581	Tenacibaculum discolor	1.24293	TRUE	environmental_samples	
ENVO:00000216	2	NCBITaxon:53249	Pseudoalteromonas sp.	1.23589	TRUE	environmental_samples	
ENVO:00000216	3	NCBITaxon:795725	Vibrio sp. VT2(2010)	1.21536	TRUE	environmental_samples	
ENVO:00000216	4	NCBITaxon:387426	Pseudoalteromonas sp. KMM 701	1.2131	TRUE	environmental_samples	
ENVO:00000216	5	NCBITaxon:795728	Vibrio sp. VT5(2010)	1.21073	TRUE	environmental_samples	
ENVO:00000216	6	NCBITaxon:28229	Colwellia psychrerythraea	1.17068	TRUE	environmental_samples	
ENVO:00000216	7	NCBITaxon:453142	Polaribacter sp. 3-17	1.12593	TRUE	environmental_samples	
ENVO:00000216	8	NCBITaxon:77524	Colwellia maris	1.10233	TRUE	environmental_samples	
ENVO:00000216	9	NCBITaxon:86104	Arenibacter latericius	1.04658	TRUE	environmental_samples	
ENVO:00000216	10	NCBITaxon:587	Providencia rettgeri	1.02755	TRUE	environmental_samples	
ENVO:00000216	11	NCBITaxon:336179	Pseudoalteromonas sp. 643A	1.01736	TRUE	environmental_samples	
ENVO:00000216	12	NCBITaxon:56636	Aeropyrum pernix	1.01259	TRUE	environmental_samples	
ENVO:00000217	1	NCBITaxon:340102	Pyrobaculum arsenaticum DSM 13514	3	TRUE	annotated_genomes_isolates	
ENVO:00000217	2	NCBITaxon:399549	Metallosphaera sedula DSM 5348	3	TRUE	annotated_genomes_isolates	
ENVO:00000218	1	NCBITaxon:202747	Sulfurimonas autotrophica	4	TRUE	environmental_samples	
ENVO:00000218	2	NCBITaxon:267990	Lebetimonas acidiphila	4	TRUE	environmental_samples	
ENVO:00000218	3	NCBITaxon:36987		4	TRUE	environmental_samples	
ENVO:00000218	4	NCBITaxon:411485	Faecalibacterium prausnitzii M21/2	4	TRUE	environmental_samples	
ENVO:00000218	5	NCBITaxon:449306	Desulfobulbus sp. DSM 2033	4	TRUE	environmental_samples	
ENVO:00000218	6	NCBITaxon:498761	Heliomicrobium modesticaldum Ice1	4	TRUE	environmental_samples	
ENVO:00000218	7	NCBITaxon:52560	Desulfomicrobium apsheronum	4	TRUE	environmental_samples	
ENVO:00000218	8	NCBITaxon:537937	Bifidobacterium longum subsp. infantis CCUG 52486	4	TRUE	environmental_samples	
ENVO:00000218	9	NCBITaxon:56780	Syntrophus aciditrophicus SB	4	TRUE	environmental_samples	
ENVO:00000218	10	NCBITaxon:6376		4	TRUE	environmental_samples	
ENVO:00000218	11	NCBITaxon:647171	Methanotorris formicicus Mc-S-70	3	TRUE	annotated_genomes_isolates	
ENVO:00000218	12	NCBITaxon:693661	Archaeoglobus veneficus SNP6	3	TRUE	annotated_genomes_isolates	
ENVO:00000232	1	NCBITaxon:877455	Methanobacterium lacus	4	TRUE	annotated_genomes_isolates	
ENVO:00000233	1	NCBITaxon:140314	Trichococcus palustris	4	TRUE	annotated_genomes_isolates	BACDIVE
ENVO:00000234	1	NCBITaxon:668820	Burkholderia sp. JPY366	3	TRUE	annotated_genomes_isolates	
ENVO:00000241	1	NCBITaxon:1712410	Thermanaerosceptrum fracticalcis	3	TRUE	annotated_genomes_isolates	
ENVO:00000241	2	NCBITaxon:523791	Kangiella koreensis DSM 16069	3	TRUE	annotated_genomes_isolates	BACDIVE
ENVO:00000243	1	NCBITaxon:102822		4	TRUE	environmental_samples	
ENVO:00000243	2	NCBITaxon:109881	Nowakowskiella elegans	4	TRUE	environmental_samples	
ENVO:00000243	3	NCBITaxon:109936	Cladochytrium replicatum	4	TRUE	environmental_samples	
ENVO:00000243	4	NCBITaxon:113097		4	TRUE	environmental_samples	
ENVO:00000243	5	NCBITaxon:120749		4	TRUE	environmental_samples	
ENVO:00000243	6	NCBITaxon:1270	Micrococcus luteus	4	TRUE	environmental_samples	
ENVO:00000243	7	NCBITaxon:137722	Azospirillum sp. B510	4	TRUE	environmental_samples	
ENVO:00000243	8	NCBITaxon:147	Spirochaeta aurantia	4	TRUE	environmental_samples	
ENVO:00000243	9	NCBITaxon:1530	Clostridium carnis	4	TRUE	environmental_samples	
ENVO:00000243	10	NCBITaxon:153660	Purpureocillium atypicola	4	TRUE	environmental_samples	
ENVO:00000243	11	NCBITaxon:159087	Dechloromonas aromatica RCB	4	TRUE	environmental_samples	
ENVO:00000243	12	NCBITaxon:159728	Desulfovibrio cuneatus	4	TRUE	environmental_samples	
ENVO:00000243	13	NCBITaxon:161528	Erythrobacter sp. SD-21	4	TRUE	environmental_samples	
ENVO:00000243	14	NCBITaxon:164459	Dictyonema glabratum	4	TRUE	environmental_samples	
ENVO:00000243	15	NCBITaxon:1747	Cutibacterium acnes	4	TRUE	environmental_samples	
ENVO:00000243	16	NCBITaxon:176299	Agrobacterium fabrum str. C58	4	TRUE	environmental_samples	
ENVO:00000243	17	NCBITaxon:177437	Desulforapulum autotrophicum HRM2	4	TRUE	environmental_samples	
ENVO:00000243	18	NCBITaxon:1775	Mycobacterium cookii	4	TRUE	environmental_samples	
ENVO:00000243	19	NCBITaxon:180282	Delftia tsuruhatensis	4	TRUE	environmental_samples	
ENVO:00000243	20	NCBITaxon:1831	Rhodococcus sp. (in: high G+C Gram-positive bacteria)	4	TRUE	environmental_samples	
ENVO:00000243	21	NCBITaxon:1872119	Acidobacterium sp.	4	TRUE	environmental_samples	
ENVO:00000243	22	NCBITaxon:204773	Herminiimonas arsenicoxydans	4	TRUE	environmental_samples	
ENVO:00000243	23	NCBITaxon:214688	Gemmata obscuriglobus UQM 2246	4	TRUE	environmental_samples	
ENVO:00000243	24	NCBITaxon:225991	Comamonas aquatica	4	TRUE	environmental_samples	
ENVO:00000243	25	NCBITaxon:228405	Hyphomonas neptunium ATCC 15444	4	TRUE	environmental_samples	
ENVO:00000247	1	NCBITaxon:426118	Saccharolobus islandicus M.16.4	3	TRUE	annotated_genomes_isolates	MADIN
ENVO:00000247	2	NCBITaxon:427317	Saccharolobus islandicus M.14.25	3	TRUE	annotated_genomes_isolates	
ENVO:00000247	3	NCBITaxon:427318	Saccharolobus islandicus M.16.27	3	TRUE	annotated_genomes_isolates	MADIN
ENVO:00000247	4	NCBITaxon:574699	Laceyella tengchongensis	3	TRUE	annotated_genomes_isolates	
ENVO:00000247	5	NCBITaxon:644281	Methanocaldococcus sp. FS406-22	3	TRUE	annotated_genomes_isolates	
ENVO:00000247	6	NCBITaxon:880478	Thermoanaerobacter siderophilus SR4	3	TRUE	annotated_genomes_isolates	
ENVO:00000255	1	NCBITaxon:475253	Pedobacter alluvionis	3	TRUE	annotated_genomes_isolates	
ENVO:00000261	1	NCBITaxon:48935	Novosphingobium aromaticivorans	3	TRUE	annotated_genomes_isolates	
ENVO:00000262	1	NCBITaxon:308853	Natronorubrum thiooxidans	3	TRUE	annotated_genomes_isolates	
ENVO:00000262	2	NCBITaxon:332522	Halospina denitrificans	3	TRUE	annotated_genomes_isolates	
ENVO:00000262	3	NCBITaxon:396595	Thioalkalivibrio sp. K90mix	3	TRUE	annotated_genomes_isolates	
ENVO:00000262	4	NCBITaxon:555779	Desulfonatronospira thiodismutans ASO3-1	3	TRUE	annotated_genomes_isolates	
ENVO:00000264	1	NCBITaxon:1038859	Bradyrhizobium murdochi	3	TRUE	annotated_genomes_isolates	
ENVO:00000264	2	NCBITaxon:1040987	Mesorhizobium sp. WSM3626	3	TRUE	annotated_genomes_isolates	
ENVO:00000264	3	NCBITaxon:1121375	Deefgea rivuli DSM 18356	3	TRUE	annotated_genomes_isolates	
ENVO:00000264	4	NCBITaxon:1121901	Flavobacterium tegetincola DSM 22377	3	TRUE	annotated_genomes_isolates	
ENVO:00000264	5	NCBITaxon:1121938	Halobacillus kuroshimensis DSM 18393	3	TRUE	annotated_genomes_isolates	
ENVO:00000264	6	NCBITaxon:1122181	Yoonia vestfoldensis DSM 16212	3	TRUE	annotated_genomes_isolates	
ENVO:00000264	7	NCBITaxon:1123037	Psychroserpens burtonensis DSM 12212	3	TRUE	annotated_genomes_isolates	
ENVO:00000264	8	NCBITaxon:213224	Geothermobacter ehrlichii	3	TRUE	annotated_genomes_isolates	
ENVO:00000264	9	NCBITaxon:238540	Algoriphagus antarcticus	3	TRUE	annotated_genomes_isolates	
ENVO:00000264	10	NCBITaxon:523846	Methanothermus fervidus DSM 2088	3	TRUE	annotated_genomes_isolates	
ENVO:00000264	11	NCBITaxon:563040	Sulfurimonas autotrophica DSM 16294	3	TRUE	annotated_genomes_isolates	
ENVO:00000264	12	NCBITaxon:588319	Palaeococcus ferrophilus DSM 13482	3	TRUE	annotated_genomes_isolates	
ENVO:00000264	13	NCBITaxon:74349	Sulfitobacter guttiformis	3	TRUE	annotated_genomes_isolates	
ENVO:00000264	14	NCBITaxon:746697	Aequorivita sublithincola DSM 14238	3	TRUE	annotated_genomes_isolates	
ENVO:00000264	15	NCBITaxon:756067	Microcoleus vaginatus FGP-2	3	TRUE	annotated_genomes_isolates	
ENVO:00000264	16	NCBITaxon:869210	Marinithermus hydrothermalis DSM 14884	3	TRUE	annotated_genomes_isolates	
ENVO:00000264	17	NCBITaxon:935548	Mesorhizobium loti R88b	3	TRUE	annotated_genomes_isolates	
ENVO:00000264	18	NCBITaxon:937777	Deinococcus peraridilitoris DSM 19664	3	TRUE	annotated_genomes_isolates	
ENVO:00000266	1	NCBITaxon:204669	Candidatus Koribacter versatilis Ellin345	3	TRUE	annotated_genomes_isolates	
ENVO:00000266	2	NCBITaxon:234267	Candidatus Solibacter usitatus Ellin6076	3	TRUE	annotated_genomes_isolates	
ENVO:00000275	1	NCBITaxon:1121429	Desulforamulus putei DSM 12395	4	TRUE	annotated_genomes_isolates	
ENVO:00000275	2	NCBITaxon:1121919	Geosporobacter subterraneus DSM 17957	4	TRUE	annotated_genomes_isolates	
ENVO:00000275	3	NCBITaxon:1653064	Halanaerobium sp. DL-01	4	TRUE	annotated_genomes_isolates	
ENVO:00000275	4	NCBITaxon:1712410	Thermanaerosceptrum fracticalcis	4	TRUE	annotated_genomes_isolates	
ENVO:00000275	5	NCBITaxon:218205	Garciella nitratireducens	4	TRUE	annotated_genomes_isolates	
ENVO:00000275	6	NCBITaxon:2183913	Halanaerobium sp. MA284_MarDTE_T2	4	TRUE	annotated_genomes_isolates	
ENVO:00000275	7	NCBITaxon:2183914	Halanaerobium sp. ST460_2HS_T2	4	TRUE	annotated_genomes_isolates	
ENVO:00000275	8	NCBITaxon:2183985	Halomonas sp. A11-A	4	TRUE	annotated_genomes_isolates	
ENVO:00000275	9	NCBITaxon:515440	Oceanotoga teriensis	4	TRUE	annotated_genomes_isolates	
ENVO:00000275	10	NCBITaxon:573062	Thermoanaerobacter sp. X513	4	TRUE	annotated_genomes_isolates	
ENVO:00000275	11	NCBITaxon:588857	Thermoanaerobacter sp. X561	4	TRUE	annotated_genomes_isolates	
ENVO:00000275	12	NCBITaxon:643562	Pseudodesulfovibrio aespoeensis Aspo-2	4	TRUE	annotated_genomes_isolates	
ENVO:00000275	13	NCBITaxon:1069081	Nitratiruptor tergarcus DSM 16512	3	TRUE	annotated_genomes_isolates	
ENVO:00000275	14	NCBITaxon:1121264	Caloranaerobacter azorensis DSM 13643	3	TRUE	annotated_genomes_isolates	
ENVO:00000275	15	NCBITaxon:1121266	Caminicella sporogenes DSM 14501	3	TRUE	annotated_genomes_isolates	
ENVO:00000275	16	NCBITaxon:1121301	Paramaledivibacter caminithermalis DSM 15212	3	TRUE	annotated_genomes_isolates	
ENVO:00000275	17	NCBITaxon:1121404	Desulfogranum mediterraneum DSM 13871	3	TRUE	annotated_genomes_isolates	
ENVO:00000275	18	NCBITaxon:1121451	Maridesulfovibrio hydrothermalis AM13 = DSM 14728	3	TRUE	annotated_genomes_isolates	
ENVO:00000275	19	NCBITaxon:1121938	Halobacillus kuroshimensis DSM 18393	3	TRUE	annotated_genomes_isolates	
ENVO:00000275	20	NCBITaxon:1122192	Marinactinospora thermotolerans DSM 45154	3	TRUE	annotated_genomes_isolates	
ENVO:00000275	21	NCBITaxon:1122195	Marinitoga hydrogenitolerans DSM 16785	3	TRUE	annotated_genomes_isolates	
ENVO:00000275	22	NCBITaxon:1122238	Microbacterium indicum DSM 19969	3	TRUE	annotated_genomes_isolates	
ENVO:00000275	23	NCBITaxon:1123326	Sulfurospirillum arcachonense DSM 9755	3	TRUE	annotated_genomes_isolates	
ENVO:00000275	24	NCBITaxon:1123349	Tepidibacter formicigenes DSM 15518	3	TRUE	annotated_genomes_isolates	
ENVO:00000275	25	NCBITaxon:1123350	Tepidibacter thalassicus DSM 15285	3	TRUE	annotated_genomes_isolates	
ENVO:00000283	1	NCBITaxon:1069083	Methanocaldococcus villosus KIN24-T80	3	TRUE	annotated_genomes_isolates	
ENVO:00000283	2	NCBITaxon:1076524	Rhodanobacter sp. OR92	3	TRUE	annotated_genomes_isolates	
ENVO:00000283	3	NCBITaxon:1121002	Aneurinibacillus terranovensis DSM 18919	3	TRUE	annotated_genomes_isolates	
ENVO:00000283	4	NCBITaxon:1121264	Caloranaerobacter azorensis DSM 13643	3	TRUE	annotated_genomes_isolates	
ENVO:00000283	5	NCBITaxon:1122195	Marinitoga hydrogenitolerans DSM 16785	3	TRUE	annotated_genomes_isolates	
ENVO:00000283	6	NCBITaxon:1123238	Atlantibacter subterranea DSM 16208	3	TRUE	annotated_genomes_isolates	
ENVO:00000283	7	NCBITaxon:1123349	Tepidibacter formicigenes DSM 15518	3	TRUE	annotated_genomes_isolates	
ENVO:00000283	8	NCBITaxon:1123371	Thermodesulfatator atlanticus DSM 21156	3	TRUE	annotated_genomes_isolates	
ENVO:00000283	9	NCBITaxon:1123380	Thermosipho atlanticus DSM 15807	3	TRUE	annotated_genomes_isolates	
ENVO:00000283	10	NCBITaxon:1919273	Candidatus Desulfopertinax cowenii	3	TRUE	annotated_genomes_isolates	
ENVO:00000283	11	NCBITaxon:1934978	Acinetobacter sp. JdFR-94	3	TRUE	annotated_genomes_isolates	
ENVO:00000283	12	NCBITaxon:1934979	Archaeoglobus sp. JdFR-22	3	TRUE	annotated_genomes_isolates	
ENVO:00000283	13	NCBITaxon:1934980	Archaeoglobus sp. JdFR-23	3	TRUE	annotated_genomes_isolates	
ENVO:00000283	14	NCBITaxon:1934981	Archaeoglobus sp. JdFR-24	3	TRUE	annotated_genomes_isolates	
ENVO:00000283	15	NCBITaxon:1934982	Archaeoglobus sp. JdFR-25	3	TRUE	annotated_genomes_isolates	
ENVO:00000283	16	NCBITaxon:1934983	Archaeoglobus sp. JdFR-26	3	TRUE	annotated_genomes_isolates	
ENVO:00000283	17	NCBITaxon:1934984	Archaeoglobus sp. JdFR-27	3	TRUE	annotated_genomes_isolates	
ENVO:00000283	18	NCBITaxon:1934985	Archaeoglobus sp. JdFR-28	3	TRUE	annotated_genomes_isolates	
ENVO:00000283	19	NCBITaxon:1934986	Archaeoglobus sp. JdFR-29	3	TRUE	annotated_genomes_isolates	
ENVO:00000283	20	NCBITaxon:1934987	Archaeoglobus sp. JdFR-30	3	TRUE	annotated_genomes_isolates	
ENVO:00000283	21	NCBITaxon:1934988	Archaeoglobus sp. JdFR-31	3	TRUE	annotated_genomes_isolates	
ENVO:00000283	22	NCBITaxon:1934989	Archaeoglobus sp. JdFR-32	3	TRUE	annotated_genomes_isolates	
ENVO:00000283	23	NCBITaxon:1934990	Archaeoglobus sp. JdFR-33	3	TRUE	annotated_genomes_isolates	
ENVO:00000283	24	NCBITaxon:1934991	Archaeoglobus sp. JdFR-34	3	TRUE	annotated_genomes_isolates	
ENVO:00000283	25	NCBITaxon:1934992	Archaeoglobus sp. JdFR-35	3	TRUE	annotated_genomes_isolates	
ENVO:00000291	1	NCBITaxon:1121406	Desulfocurvus vexinensis DSM 17965	3	TRUE	annotated_genomes_isolates	
ENVO:00000291	2	NCBITaxon:1121425	Desulfofundulus australicus DSM 11792	3	TRUE	annotated_genomes_isolates	
ENVO:00000291	3	NCBITaxon:1121426	Desulfoscipio geothermicus DSM 3669	3	TRUE	annotated_genomes_isolates	
ENVO:00000291	4	NCBITaxon:1121429	Desulforamulus putei DSM 12395	3	TRUE	annotated_genomes_isolates	
ENVO:00000291	5	NCBITaxon:1121456	Paucidesulfovibrio longus DSM 6739	3	TRUE	annotated_genomes_isolates	
ENVO:00000291	6	NCBITaxon:1121462	Fundidesulfovibrio putealis DSM 16056	3	TRUE	annotated_genomes_isolates	
ENVO:00000291	7	NCBITaxon:1121883	Fervidobacterium gondwanense DSM 13020	3	TRUE	annotated_genomes_isolates	
ENVO:00000291	8	NCBITaxon:1121919	Geosporobacter subterraneus DSM 17957	3	TRUE	annotated_genomes_isolates	
ENVO:00000291	9	NCBITaxon:1121959	Hymenobacter psychrotolerans DSM 18569	3	TRUE	annotated_genomes_isolates	
ENVO:00000291	10	NCBITaxon:1123234	Salinimicrobium terrae DSM 17865	3	TRUE	annotated_genomes_isolates	
ENVO:00000291	11	NCBITaxon:161156	Thermodesulfobacterium hydrogeniphilum	3	TRUE	annotated_genomes_isolates	
ENVO:00000291	12	NCBITaxon:240167	Thermovibrio guaymasensis	3	TRUE	annotated_genomes_isolates	
ENVO:00000291	13	NCBITaxon:2663692	bacterium JGI MDM2 M14Mat9-1-D14	3	TRUE	annotated_genomes_isolates	
ENVO:00000291	14	NCBITaxon:311460	Anoxybacteroides rupiense	3	TRUE	annotated_genomes_isolates	
ENVO:00000291	15	NCBITaxon:318161	Shewanella denitrificans OS217	3	TRUE	annotated_genomes_isolates	
ENVO:00000291	16	NCBITaxon:391009	Thermosipho melanesiensis BI429	3	TRUE	annotated_genomes_isolates	
ENVO:00000291	17	NCBITaxon:399599	Shewanella baltica OS195	3	TRUE	annotated_genomes_isolates	
ENVO:00000291	18	NCBITaxon:399726	Thermoanaerobacter sp. X514	3	TRUE	annotated_genomes_isolates	
ENVO:00000291	19	NCBITaxon:401526	Thermosinus carboxydivorans Nor1	3	TRUE	annotated_genomes_isolates	
ENVO:00000291	20	NCBITaxon:425104	Shewanella sediminis HAW-EB3	3	TRUE	annotated_genomes_isolates	
ENVO:00000291	21	NCBITaxon:572546	Archaeoglobus profundus DSM 5631	3	TRUE	annotated_genomes_isolates	
ENVO:00000291	22	NCBITaxon:573062	Thermoanaerobacter sp. X513	3	TRUE	annotated_genomes_isolates	
ENVO:00000291	23	NCBITaxon:573064	Methanocaldococcus fervens AG86	3	TRUE	annotated_genomes_isolates	
ENVO:00000291	24	NCBITaxon:697281	Mahella australiensis 50-1 BON	3	TRUE	annotated_genomes_isolates	
ENVO:00000291	25	NCBITaxon:751945	Thermus oshimai JL-2	3	TRUE	annotated_genomes_isolates	
ENVO:00000296	1	NCBITaxon:1120985	Anaeroarcus burkinensis DSM 6283	3	TRUE	annotated_genomes_isolates	
ENVO:00000296	2	NCBITaxon:1121015	Arenimonas oryziterrae DSM 21050 = YC6267	3	TRUE	annotated_genomes_isolates	
ENVO:00000296	3	NCBITaxon:1121034	Niveispirillum irakense DSM 11586	3	TRUE	annotated_genomes_isolates	
ENVO:00000296	4	NCBITaxon:1122158	Leeia oryzae DSM 17879	3	TRUE	annotated_genomes_isolates	
ENVO:00000296	5	NCBITaxon:1122963	Pleomorphomonas oryzae DSM 16300	3	TRUE	annotated_genomes_isolates	
ENVO:00000296	6	NCBITaxon:1122990	Segatella paludivivens DSM 17968 = JCM 13650	3	TRUE	annotated_genomes_isolates	
ENVO:00000296	7	NCBITaxon:1215098	Pseudomonas cremoricolorata DSM 17059 = NBRC 16634	3	TRUE	annotated_genomes_isolates	
ENVO:00000296	8	NCBITaxon:1215114	Pseudomonas parafulva NBRC 16636 = DSM 17004	3	TRUE	annotated_genomes_isolates	
ENVO:00000296	9	NCBITaxon:1313303	Xanthomonas oryzae ATCC 35933	3	TRUE	annotated_genomes_isolates	
ENVO:00000296	10	NCBITaxon:1408420	Paracidovorax oryzae ATCC 19882	3	TRUE	annotated_genomes_isolates	
ENVO:00000296	11	NCBITaxon:349307	Methanothrix thermoacetophila PT	3	TRUE	annotated_genomes_isolates	
ENVO:00000296	12	NCBITaxon:395961	Cyanothece sp. PCC 7425	3	TRUE	annotated_genomes_isolates	
ENVO:00000296	13	NCBITaxon:395962	Rippkaea orientalis PCC 8802	3	TRUE	annotated_genomes_isolates	
ENVO:00000296	14	NCBITaxon:41431	Rippkaea orientalis PCC 8801	3	TRUE	annotated_genomes_isolates	
ENVO:00000296	15	NCBITaxon:468059	Daejeonella oryzae DSM 19973	3	TRUE	annotated_genomes_isolates	
ENVO:00000296	16	NCBITaxon:497965	Gloeothece verrucosa PCC 7822	3	TRUE	annotated_genomes_isolates	
ENVO:00000296	17	NCBITaxon:622637	Methylocystis sp. ATCC 49242	3	TRUE	annotated_genomes_isolates	
ENVO:00000296	18	NCBITaxon:65393	Gloeothece citriformis PCC 7424	3	TRUE	annotated_genomes_isolates	
ENVO:00000296	19	NCBITaxon:915438	Xylanibacter oryzae DSM 17970	3	TRUE	annotated_genomes_isolates	
ENVO:00000297	1	NCBITaxon:614	Serratia liquefaciens	1.59474	TRUE	environmental_samples	
ENVO:00000297	2	NCBITaxon:637386	Yersinia pestis Z176003	1.53847	TRUE	environmental_samples	
ENVO:00000297	3	NCBITaxon:859	Fusobacterium necrophorum	1.50437	TRUE	environmental_samples	
ENVO:00000297	4	NCBITaxon:2303	Thermoplasma acidophilum	1.45265	TRUE	environmental_samples	
ENVO:00000297	5	NCBITaxon:50339	Thermoplasma volcanium	1.40312	TRUE	environmental_samples	
ENVO:00000297	6	NCBITaxon:476213	Salmonella enterica subsp. enterica serovar Paratyphi C str. RKS4594	1.39016	TRUE	environmental_samples	
ENVO:00000297	7	NCBITaxon:171865	Sulfuriferula plumbiphila	1.38802	TRUE	environmental_samples	
ENVO:00000297	8	NCBITaxon:537210	Mycobacterium tuberculosis T17	1.27372	TRUE	environmental_samples	
ENVO:00000297	9	NCBITaxon:454165	Salmonella enterica subsp. enterica serovar Schwarzengrund str. SL480	1.27178	TRUE	environmental_samples	
ENVO:00000297	10	NCBITaxon:28045	Mycobacterium celatum	1.27167	TRUE	environmental_samples	
ENVO:00000297	11	NCBITaxon:615	Serratia marcescens	1.26986	TRUE	environmental_samples	
ENVO:00000297	12	NCBITaxon:405955	Escherichia coli APEC O1	1.26594	TRUE	environmental_samples	
ENVO:00000297	13	NCBITaxon:675518	Mycobacterium tuberculosis SUMu007	1.2572	TRUE	environmental_samples	
ENVO:00000297	14	NCBITaxon:670890	Escherichia coli LT-68	1.24532	TRUE	environmental_samples	
ENVO:00000297	15	NCBITaxon:273057	Saccharolobus solfataricus P2	1.22945	TRUE	environmental_samples	
ENVO:00000297	16	NCBITaxon:935293	Yersinia entomophaga	1.2268	TRUE	environmental_samples	
ENVO:00000297	17	NCBITaxon:765109	Cutibacterium modestum HL044PA1	1.22647	TRUE	environmental_samples	
ENVO:00000297	18	NCBITaxon:249586	Streptomyces asoensis	1.2214	TRUE	environmental_samples	
ENVO:00000297	19	NCBITaxon:68570		1.21328	TRUE	environmental_samples	
ENVO:00000297	20	NCBITaxon:33059	Acidithiobacillus caldus	1.20721	TRUE	environmental_samples	
ENVO:00000297	21	NCBITaxon:507619	Chromobacterium sp. DS-1	1.19383	TRUE	environmental_samples	
ENVO:00000297	22	NCBITaxon:161213	Micrococcus sp. 28	1.18586	TRUE	environmental_samples	
ENVO:00000297	23	NCBITaxon:33075	Acidobacterium capsulatum	1.18579	TRUE	environmental_samples	
ENVO:00000297	24	NCBITaxon:40324	Stenotrophomonas maltophilia	1.1835	TRUE	environmental_samples	
ENVO:00000297	25	NCBITaxon:419947	Mycobacterium tuberculosis H37Ra	1.18213	TRUE	environmental_samples	
ENVO:00000302	1	NCBITaxon:323850	Shewanella loihica PV-4	3	TRUE	annotated_genomes_isolates	
ENVO:00000303	1	NCBITaxon:1117647	Simiduia agarivorans SA1 = DSM 21679	4	TRUE	annotated_genomes_isolates	
ENVO:00000303	2	NCBITaxon:1120951	Aequorivita capsosiphonis DSM 23843	4	TRUE	annotated_genomes_isolates	
ENVO:00000303	3	NCBITaxon:1120963	Algicola sagamiensis DSM 14643	4	TRUE	annotated_genomes_isolates	
ENVO:00000303	4	NCBITaxon:1120966	Algoriphagus marincola DSM 16067	4	TRUE	annotated_genomes_isolates	
ENVO:00000303	5	NCBITaxon:1120969	Aliagarivorans marinus DSM 23064	4	TRUE	annotated_genomes_isolates	
ENVO:00000303	6	NCBITaxon:1121392	Desulfatibacillum aliphaticivorans DSM 15576	4	TRUE	annotated_genomes_isolates	
ENVO:00000303	7	NCBITaxon:1121396	Desulfobacter curvatus DSM 3379	4	TRUE	annotated_genomes_isolates	
ENVO:00000303	8	NCBITaxon:1121399	Desulfatiglans anilini DSM 4660	4	TRUE	annotated_genomes_isolates	
ENVO:00000303	9	NCBITaxon:1121434	Halodesulfovibrio aestuarii DSM 10141	4	TRUE	annotated_genomes_isolates	
ENVO:00000303	10	NCBITaxon:1121453	Desulfovibrio inopinatus DSM 10711	4	TRUE	annotated_genomes_isolates	
ENVO:00000303	11	NCBITaxon:1121457	Halodesulfovibrio marinisediminis DSM 17456	4	TRUE	annotated_genomes_isolates	
ENVO:00000303	12	NCBITaxon:1121875	Eudoraea adriatica DSM 19308	4	TRUE	annotated_genomes_isolates	
ENVO:00000303	13	NCBITaxon:1121937	Haliea salexigens DSM 19537	4	TRUE	annotated_genomes_isolates	
ENVO:00000303	14	NCBITaxon:1130382	Spirochaetes bacterium SCGC AAA257-G10	4	TRUE	annotated_genomes_isolates	
ENVO:00000303	15	NCBITaxon:1130383	Spirochaetes bacterium SCGC AAA257-P05	4	TRUE	annotated_genomes_isolates	
ENVO:00000303	16	NCBITaxon:1168067	Hydrogenovibrio kuenenii DSM 12350	4	TRUE	annotated_genomes_isolates	
ENVO:00000303	17	NCBITaxon:1265505	Desulfospira joergensenii DSM 10085	4	TRUE	annotated_genomes_isolates	
ENVO:00000303	18	NCBITaxon:1415755	Halomonas sp. TG39a	4	TRUE	annotated_genomes_isolates	
ENVO:00000303	19	NCBITaxon:150146	Flavobacterium gillisiae	4	TRUE	annotated_genomes_isolates	
ENVO:00000303	20	NCBITaxon:89065	Pseudomonas abietaniphila	4	TRUE	annotated_genomes_isolates	
ENVO:00000303	21	NCBITaxon:926559	Galbibacter orientalis DSM 19592	4	TRUE	annotated_genomes_isolates	
ENVO:00000303	22	NCBITaxon:999549	Leisingera caerulea DSM 24564	4	TRUE	annotated_genomes_isolates	
ENVO:00000303	23	NCBITaxon:1121424	Desulfotruncus arcticus DSM 17038	3	TRUE	annotated_genomes_isolates	
ENVO:00000303	24	NCBITaxon:1121447	Maridesulfovibrio frigidus DSM 17176	3	TRUE	annotated_genomes_isolates	
ENVO:00000303	25	NCBITaxon:1121466	Oleidesulfovibrio vietnamensis DSM 10520	3	TRUE	annotated_genomes_isolates	
ENVO:00000305	1	NCBITaxon:1038859	Bradyrhizobium murdochi	3	TRUE	annotated_genomes_isolates	
ENVO:00000305	2	NCBITaxon:1121270	Carboxydocella thermautotrophica DSM 16521	3	TRUE	annotated_genomes_isolates	
ENVO:00000305	3	NCBITaxon:1121918	Geopsychrobacter electrodiphilus DSM 16401	3	TRUE	annotated_genomes_isolates	
ENVO:00000305	4	NCBITaxon:1123071	Rubritalea squalenifaciens DSM 18772	3	TRUE	annotated_genomes_isolates	
ENVO:00000305	5	NCBITaxon:1156985	Epibacterium ulvae	3	TRUE	annotated_genomes_isolates	
ENVO:00000305	6	NCBITaxon:118166	Nodosilinea nodulosa PCC 7104	3	TRUE	annotated_genomes_isolates	
ENVO:00000305	7	NCBITaxon:1283300	Methylohalobius crimeensis 10Ki	3	TRUE	annotated_genomes_isolates	
ENVO:00000305	8	NCBITaxon:1798213	Pseudovibrio sp. Tun.PSC04-5.I4	3	TRUE	annotated_genomes_isolates	
ENVO:00000305	9	NCBITaxon:1855377	Candidatus Aquiluna sp. UB-MaderosW2red	3	TRUE	annotated_genomes_isolates	
ENVO:00000305	10	NCBITaxon:185761	Corynebacterium spheniscorum	3	TRUE	annotated_genomes_isolates	
ENVO:00000305	11	NCBITaxon:290400	Jannaschia sp. CCS1	3	TRUE	annotated_genomes_isolates	
ENVO:00000305	12	NCBITaxon:306540	Halolactibacillus halophilus	3	TRUE	annotated_genomes_isolates	
ENVO:00000305	13	NCBITaxon:306541	Halolactibacillus miurensis	3	TRUE	annotated_genomes_isolates	
ENVO:00000305	14	NCBITaxon:317936	Nostoc sp. PCC 7107	3	TRUE	annotated_genomes_isolates	
ENVO:00000305	15	NCBITaxon:502025	Haliangium ochraceum DSM 14365	3	TRUE	annotated_genomes_isolates	
ENVO:00000305	16	NCBITaxon:504728	Meiothermus ruber DSM 1279	3	TRUE	annotated_genomes_isolates	
ENVO:00000305	17	NCBITaxon:608538	Hydrogenobacter thermophilus TK-6	3	TRUE	annotated_genomes_isolates	
ENVO:00000305	18	NCBITaxon:632348	Caldicellulosiruptor kronotskyensis 2002	3	TRUE	annotated_genomes_isolates	
ENVO:00000305	19	NCBITaxon:694431	Desulfurella acetivorans A63	3	TRUE	annotated_genomes_isolates	
ENVO:00000305	20	NCBITaxon:710685	Mycolicibacterium rhodesiae NBB3	3	TRUE	annotated_genomes_isolates	
ENVO:00000305	21	NCBITaxon:754762	Rhizobium leguminosarum bv. trifolii WSM2297	3	TRUE	annotated_genomes_isolates	
ENVO:00000305	22	NCBITaxon:880478	Thermoanaerobacter siderophilus SR4	3	TRUE	annotated_genomes_isolates	
ENVO:00000305	23	NCBITaxon:948106	Paraburkholderia dilworthii	3	TRUE	annotated_genomes_isolates	
ENVO:00000316	1	NCBITaxon:1040984	Mesorhizobium sp. WSM1293	4	TRUE	annotated_genomes_isolates	
ENVO:00000316	2	NCBITaxon:1048	Marichromatium gracile	4	TRUE	annotated_genomes_isolates	
ENVO:00000316	3	NCBITaxon:1120965	Algoriphagus mannitolivorans DSM 15301	4	TRUE	annotated_genomes_isolates	
ENVO:00000316	4	NCBITaxon:1121014	Arenimonas donghaensis DSM 18148 = HO3-R19	4	TRUE	annotated_genomes_isolates	
ENVO:00000316	5	NCBITaxon:1121403	Desulfogranum japonicum DSM 18378	4	TRUE	annotated_genomes_isolates	
ENVO:00000316	6	NCBITaxon:1121416	Desulfopila aestuarii DSM 18488	4	TRUE	annotated_genomes_isolates	
ENVO:00000316	7	NCBITaxon:1121938	Halobacillus kuroshimensis DSM 18393	4	TRUE	annotated_genomes_isolates	
ENVO:00000316	8	NCBITaxon:1122176	Lewinella cohaerens DSM 23179	4	TRUE	annotated_genomes_isolates	
ENVO:00000316	9	NCBITaxon:1122197	Marinobacter daepoensis DSM 16072	4	TRUE	annotated_genomes_isolates	
ENVO:00000316	10	NCBITaxon:1122599	Neptunomonas japonica DSM 18939	4	TRUE	annotated_genomes_isolates	
ENVO:00000316	11	NCBITaxon:1123000	Propionigenium maris DSM 9537	4	TRUE	annotated_genomes_isolates	
ENVO:00000316	12	NCBITaxon:1123503	Woodsholea maritima DSM 17123	4	TRUE	annotated_genomes_isolates	
ENVO:00000316	13	NCBITaxon:1123509	Zooshikella ganghwensis DSM 15267	4	TRUE	annotated_genomes_isolates	
ENVO:00000316	14	NCBITaxon:1123515	Thiomicrorhabdus chilensis DSM 12352	4	TRUE	annotated_genomes_isolates	
ENVO:00000316	15	NCBITaxon:1123517	Thiomicrospira pelophila DSM 1534	4	TRUE	annotated_genomes_isolates	
ENVO:00000316	16	NCBITaxon:1278307	Psychromonas ossibalaenae ATCC BAA-1528	4	TRUE	annotated_genomes_isolates	
ENVO:00000316	17	NCBITaxon:1397696	Exiguobacterium marinum DSM 16307	4	TRUE	annotated_genomes_isolates	
ENVO:00000316	18	NCBITaxon:1408433	Crocinitomix catalasitica ATCC 23190	4	TRUE	annotated_genomes_isolates	
ENVO:00000316	19	NCBITaxon:1442586	Winogradskyella wandonensis	4	TRUE	annotated_genomes_isolates	
ENVO:00000316	20	NCBITaxon:150	Spirochaeta isovalerica	4	TRUE	annotated_genomes_isolates	
ENVO:00000316	21	NCBITaxon:163908	Anabaena sp. PCC 7108	4	TRUE	annotated_genomes_isolates	
ENVO:00000316	22	NCBITaxon:166318	Synechococcus sp. WH 8016	4	TRUE	annotated_genomes_isolates	
ENVO:00000316	23	NCBITaxon:203122	Saccharophagus degradans 2-40	4	TRUE	annotated_genomes_isolates	
ENVO:00000316	24	NCBITaxon:226505	Algoriphagus halophilus	4	TRUE	annotated_genomes_isolates	
ENVO:00000316	25	NCBITaxon:285258	Tenacibaculum lutimaris	4	TRUE	annotated_genomes_isolates	
ENVO:00000319	1	NCBITaxon:100038	Montagnula opulenta	4	TRUE	environmental_samples	
ENVO:00000319	2	NCBITaxon:103810	Riemerella columbina	4	TRUE	environmental_samples	
ENVO:00000319	3	NCBITaxon:104176	Oscillochloris trichoides	4	TRUE	environmental_samples	
ENVO:00000319	4	NCBITaxon:1074	Rhodoblastus acidophilus	4	TRUE	environmental_samples	
ENVO:00000319	5	NCBITaxon:107401	Tenacibaculum maritimum	4	TRUE	environmental_samples	
ENVO:00000319	6	NCBITaxon:109263	Halothiobacillus kellyi	4	TRUE	environmental_samples	
ENVO:00000319	7	NCBITaxon:114497	Cordyceps fumosorosea	4	TRUE	environmental_samples	
ENVO:00000319	8	NCBITaxon:1214577	Diaporthe sclerotioides	4	TRUE	environmental_samples	
ENVO:00000319	9	NCBITaxon:1265	Ruminococcus flavefaciens	4	TRUE	environmental_samples	
ENVO:00000319	10	NCBITaxon:128	Isosphaera pallida	4	TRUE	environmental_samples	
ENVO:00000319	11	NCBITaxon:1303716	Penicillium egyptiacum	4	TRUE	environmental_samples	
ENVO:00000319	12	NCBITaxon:1358	Lactococcus lactis	4	TRUE	environmental_samples	
ENVO:00000319	13	NCBITaxon:13684	Parastagonospora nodorum	4	TRUE	environmental_samples	
ENVO:00000319	14	NCBITaxon:137510	Xenocylindrocladium serpens	4	TRUE	environmental_samples	
ENVO:00000319	15	NCBITaxon:139239	Pyrenophora lolii	4	TRUE	environmental_samples	
ENVO:00000319	16	NCBITaxon:1408	Bacillus pumilus	4	TRUE	environmental_samples	
ENVO:00000319	17	NCBITaxon:1409	Bacillus sp. (in: firmicutes)	4	TRUE	environmental_samples	
ENVO:00000319	18	NCBITaxon:147	Spirochaeta aurantia	4	TRUE	environmental_samples	
ENVO:00000319	19	NCBITaxon:1478	Peribacillus simplex	4	TRUE	environmental_samples	
ENVO:00000319	20	NCBITaxon:149712	Desulfovirga adipica	4	TRUE	environmental_samples	
ENVO:00000319	21	NCBITaxon:152	Zuelzera stenostrepta	4	TRUE	environmental_samples	
ENVO:00000319	22	NCBITaxon:153026	Desulforegula conservatrix	4	TRUE	environmental_samples	
ENVO:00000319	23	NCBITaxon:153500	uncultured Methylomonas sp.	4	TRUE	environmental_samples	
ENVO:00000319	24	NCBITaxon:1537	Romboutsia lituseburensis	4	TRUE	environmental_samples	
ENVO:00000319	25	NCBITaxon:153911	Armillaria hinnulea	4	TRUE	environmental_samples	
ENVO:00000329	1	NCBITaxon:1265	Ruminococcus flavefaciens	4	TRUE	environmental_samples	
ENVO:00000329	2	NCBITaxon:1409	Bacillus sp. (in: firmicutes)	4	TRUE	environmental_samples	
ENVO:00000329	3	NCBITaxon:173	Leptospira interrogans	4	TRUE	environmental_samples	
ENVO:00000329	4	NCBITaxon:193	Azospirillum lipoferum	4	TRUE	environmental_samples	
ENVO:00000329	5	NCBITaxon:214688	Gemmata obscuriglobus UQM 2246	4	TRUE	environmental_samples	
ENVO:00000329	6	NCBITaxon:266940	Kineococcus radiotolerans SRS30216 = ATCC BAA-149	4	TRUE	environmental_samples	
ENVO:00000329	7	NCBITaxon:28122	Fibrobacter intestinalis	4	TRUE	environmental_samples	
ENVO:00000329	8	NCBITaxon:28262	Thermodesulfovibrio yellowstonii	4	TRUE	environmental_samples	
ENVO:00000329	9	NCBITaxon:29290	Candidatus Magnetobacterium bavaricum	4	TRUE	environmental_samples	
ENVO:00000329	10	NCBITaxon:29346	Alkalithermobacter thermoalcaliphilus	4	TRUE	environmental_samples	
ENVO:00000329	11	NCBITaxon:29539	Thermoleophilum album	4	TRUE	environmental_samples	
ENVO:00000329	12	NCBITaxon:29549	Rhodothermus marinus	4	TRUE	environmental_samples	
ENVO:00000329	13	NCBITaxon:31910	Halovibrio variabilis	4	TRUE	environmental_samples	
ENVO:00000329	14	NCBITaxon:330214	Nitrospira defluvii	4	TRUE	environmental_samples	
ENVO:00000329	15	NCBITaxon:36987		4	TRUE	environmental_samples	
ENVO:00000329	16	NCBITaxon:379066	Gemmatimonas aurantiaca T-27	4	TRUE	environmental_samples	
ENVO:00000329	17	NCBITaxon:391606	Caldanaerobacter subterraneus subsp. pacificus DSM 12653	4	TRUE	environmental_samples	
ENVO:00000329	18	NCBITaxon:393131	Listeria monocytogenes J2818	4	TRUE	environmental_samples	
ENVO:00000329	19	NCBITaxon:393480	Fusobacterium polymorphum ATCC 10953	4	TRUE	environmental_samples	
ENVO:00000329	20	NCBITaxon:39946		4	TRUE	environmental_samples	
ENVO:00000329	21	NCBITaxon:411462	Dorea longicatena DSM 13814	4	TRUE	environmental_samples	
ENVO:00000329	22	NCBITaxon:411467	Pseudoflavonifractor capillosus ATCC 29799	4	TRUE	environmental_samples	
ENVO:00000329	23	NCBITaxon:411477	Parabacteroides merdae ATCC 43184	4	TRUE	environmental_samples	
ENVO:00000329	24	NCBITaxon:411485	Faecalibacterium prausnitzii M21/2	4	TRUE	environmental_samples	
ENVO:00000329	25	NCBITaxon:411902	Enterocloster bolteae ATCC BAA-613	4	TRUE	environmental_samples	
ENVO:00000354	1	NCBITaxon:1122961	Picrophilus oshimae DSM 9789	4	TRUE	annotated_genomes_isolates	
ENVO:00000354	2	NCBITaxon:1919273	Candidatus Desulfopertinax cowenii	4	TRUE	annotated_genomes_isolates	
ENVO:00000354	3	NCBITaxon:1934978	Acinetobacter sp. JdFR-94	4	TRUE	annotated_genomes_isolates	
ENVO:00000354	4	NCBITaxon:1934979	Archaeoglobus sp. JdFR-22	4	TRUE	annotated_genomes_isolates	
ENVO:00000354	5	NCBITaxon:1934980	Archaeoglobus sp. JdFR-23	4	TRUE	annotated_genomes_isolates	
ENVO:00000354	6	NCBITaxon:1934981	Archaeoglobus sp. JdFR-24	4	TRUE	annotated_genomes_isolates	
ENVO:00000354	7	NCBITaxon:1934982	Archaeoglobus sp. JdFR-25	4	TRUE	annotated_genomes_isolates	
ENVO:00000354	8	NCBITaxon:1934983	Archaeoglobus sp. JdFR-26	4	TRUE	annotated_genomes_isolates	
ENVO:00000354	9	NCBITaxon:1934984	Archaeoglobus sp. JdFR-27	4	TRUE	annotated_genomes_isolates	
ENVO:00000354	10	NCBITaxon:1934985	Archaeoglobus sp. JdFR-28	4	TRUE	annotated_genomes_isolates	
ENVO:00000354	11	NCBITaxon:1934986	Archaeoglobus sp. JdFR-29	4	TRUE	annotated_genomes_isolates	
ENVO:00000354	12	NCBITaxon:1934987	Archaeoglobus sp. JdFR-30	4	TRUE	annotated_genomes_isolates	
ENVO:00000354	13	NCBITaxon:1934988	Archaeoglobus sp. JdFR-31	4	TRUE	annotated_genomes_isolates	
ENVO:00000354	14	NCBITaxon:1934989	Archaeoglobus sp. JdFR-32	4	TRUE	annotated_genomes_isolates	
ENVO:00000354	15	NCBITaxon:1934990	Archaeoglobus sp. JdFR-33	4	TRUE	annotated_genomes_isolates	
ENVO:00000354	16	NCBITaxon:1934991	Archaeoglobus sp. JdFR-34	4	TRUE	annotated_genomes_isolates	
ENVO:00000354	17	NCBITaxon:1934992	Archaeoglobus sp. JdFR-35	4	TRUE	annotated_genomes_isolates	
ENVO:00000354	18	NCBITaxon:1934993	Archaeoglobus sp. JdFR-36	4	TRUE	annotated_genomes_isolates	
ENVO:00000354	19	NCBITaxon:1934994	Archaeoglobus sp. JdFR-37	4	TRUE	annotated_genomes_isolates	
ENVO:00000354	20	NCBITaxon:1934995	Archaeoglobus sp. JdFR-38	4	TRUE	annotated_genomes_isolates	
ENVO:00000354	21	NCBITaxon:1934996	Archaeoglobus sp. JdFR-39	4	TRUE	annotated_genomes_isolates	
ENVO:00000354	22	NCBITaxon:1934997	Archaeoglobus sp. JdFR-40	4	TRUE	annotated_genomes_isolates	
ENVO:00000354	23	NCBITaxon:1934998	Archaeoglobus sp. JdFR-41	4	TRUE	annotated_genomes_isolates	
ENVO:00000354	24	NCBITaxon:1934999	Cupriavidus sp. JdFR-90	4	TRUE	annotated_genomes_isolates	
ENVO:00000354	25	NCBITaxon:1935000	Pseudomonas sp. JdFR-91	4	TRUE	annotated_genomes_isolates	
ENVO:00000360	1	NCBITaxon:1705730	Candidatus Adiutrix intracellularis	3	TRUE	annotated_genomes_isolates	
ENVO:00000363	1	NCBITaxon:1198114	Granulicella tundricola MP5ACTX9	3	TRUE	annotated_genomes_isolates	
ENVO:00000363	2	NCBITaxon:405559	Paracoccus saliphilus	3	TRUE	annotated_genomes_isolates	
ENVO:00000363	3	NCBITaxon:652788	Mucilaginibacter frigoritolerans	3	TRUE	annotated_genomes_isolates	
ENVO:00000364	1	NCBITaxon:388051	Cupriavidus sp. amp6	3	TRUE	annotated_genomes_isolates	
ENVO:00000367	1	NCBITaxon:1038859	Bradyrhizobium murdochi	3	TRUE	annotated_genomes_isolates	
ENVO:00000367	2	NCBITaxon:1038867	Bradyrhizobium sp. WSM3983	3	TRUE	annotated_genomes_isolates	
ENVO:00000367	3	NCBITaxon:1040989	Bradyrhizobium sp. ARR65	3	TRUE	annotated_genomes_isolates	
ENVO:00000367	4	NCBITaxon:1121086	Alteribacter aurantiacus DSM 18675	3	TRUE	annotated_genomes_isolates	
ENVO:00000367	5	NCBITaxon:1121881	Ferrithrix thermotolerans DSM 19514	3	TRUE	annotated_genomes_isolates	
ENVO:00000367	6	NCBITaxon:1257079	Bacillus thuringiensis DAR 81934	3	TRUE	annotated_genomes_isolates	
ENVO:00000367	7	NCBITaxon:1469607	[Scytonema hofmanni] UTEX 2349	3	TRUE	annotated_genomes_isolates	
ENVO:00000367	8	NCBITaxon:1643675	Candidatus Caldipriscus sp. T1.2	3	TRUE	annotated_genomes_isolates	
ENVO:00000367	9	NCBITaxon:1643676	Candidatus Thermoproauctor sp. T2.1	3	TRUE	annotated_genomes_isolates	
ENVO:00000367	10	NCBITaxon:1868734	Aeribacillus composti	3	TRUE	annotated_genomes_isolates	
ENVO:00000367	11	NCBITaxon:1938743	Bacillus sp. JKS001846	3	TRUE	annotated_genomes_isolates	
ENVO:00000367	12	NCBITaxon:1938795	Pantoea sp. JKS000250	3	TRUE	annotated_genomes_isolates	
ENVO:00000367	13	NCBITaxon:1938820	Serratia sp. JKS000199	3	TRUE	annotated_genomes_isolates	
ENVO:00000367	14	NCBITaxon:1938824	Serratia sp. JKS296	3	TRUE	annotated_genomes_isolates	
ENVO:00000367	15	NCBITaxon:1938869	Enterobacteriaceae bacterium JKS000233	3	TRUE	annotated_genomes_isolates	
ENVO:00000367	16	NCBITaxon:1938870	Candidatus Pantoea floridensis	3	TRUE	annotated_genomes_isolates	
ENVO:00000367	17	NCBITaxon:242606	Luteibacter rhizovicinus	3	TRUE	annotated_genomes_isolates	
ENVO:00000367	18	NCBITaxon:2485134	Ochrobactrum sp. LP_5_YM	3	TRUE	annotated_genomes_isolates	
ENVO:00000367	19	NCBITaxon:2485135	Pseudomonas sp. LP_4_YM	3	TRUE	annotated_genomes_isolates	
ENVO:00000367	20	NCBITaxon:2485136	Pseudomonas sp. LP_6_YM	3	TRUE	annotated_genomes_isolates	
ENVO:00000367	21	NCBITaxon:2485137	Pseudomonas sp. LP_7_YM	3	TRUE	annotated_genomes_isolates	
ENVO:00000367	22	NCBITaxon:2485138	Pseudomonas sp. LP_8_YM	3	TRUE	annotated_genomes_isolates	
ENVO:00000367	23	NCBITaxon:2485207	Rhodococcus sp. LP_11_YM	3	TRUE	annotated_genomes_isolates	
ENVO:00000367	24	NCBITaxon:2485208	Rhodococcus sp. LP_3_YM	3	TRUE	annotated_genomes_isolates	
ENVO:00000367	25	NCBITaxon:265488	Rhodopirellula	3	TRUE	annotated_genomes_isolates	
ENVO:00000369	1	NCBITaxon:54121	Halanaerobium congolense	1.10314	TRUE	environmental_samples	
ENVO:00000369	2	NCBITaxon:53245	Desulfonatronovibrio hydrogenovorans	1.08264	TRUE	environmental_samples	
ENVO:00000373	1	NCBITaxon:2	Bacteria	3	TRUE	annotated_genomes_isolates	
ENVO:00000381	1	NCBITaxon:796891	Rhizobium mesoamericanum STM6155	3	TRUE	annotated_genomes_isolates	
ENVO:00000383	1	NCBITaxon:387094	Flavobacterium hercynium	4	TRUE	environmental_samples	
ENVO:00000383	2	NCBITaxon:55518	Magnetospirillum gryphiswaldense	4	TRUE	environmental_samples	
ENVO:00000383	3	NCBITaxon:667019	Curvibacter putative symbiont of Hydra magnipapillata	4	TRUE	environmental_samples	
ENVO:00000384	1	NCBITaxon:2850	Phaeodactylum tricornutum	2.53079	TRUE	environmental_samples	
ENVO:00000384	2	NCBITaxon:1058	Thiocapsa roseopersicina	2.47325	TRUE	environmental_samples	
ENVO:00000384	3	NCBITaxon:452638	Polynucleobacter necessarius STIR1	2.45931	TRUE	environmental_samples	
ENVO:00000384	4	NCBITaxon:535289	[Acidovorax] ebreus TPSY	2.44845	TRUE	environmental_samples	
ENVO:00000384	5	NCBITaxon:41977	Parazoarcus communis	2.44793	TRUE	environmental_samples	
ENVO:00000384	6	NCBITaxon:312153	Polynucleobacter asymbioticus QLW-P1DMWA-1	2.43499	TRUE	environmental_samples	
ENVO:00000384	7	NCBITaxon:232721	Acidovorax sp. JS42	2.43405	TRUE	environmental_samples	
ENVO:00000384	8	NCBITaxon:610380		2.43392	TRUE	environmental_samples	
ENVO:00000384	9	NCBITaxon:159087	Dechloromonas aromatica RCB	2.43246	TRUE	environmental_samples	
ENVO:00000384	10	NCBITaxon:39947		2.43222	TRUE	environmental_samples	
ENVO:00000384	11	NCBITaxon:371731	Rhodobacter ferrooxidans	2.4319	TRUE	environmental_samples	
ENVO:00000384	12	NCBITaxon:292415	Thiobacillus denitrificans ATCC 25259	2.43091	TRUE	environmental_samples	
ENVO:00000384	13	NCBITaxon:583345	Methylotenera mobilis JLW8	2.42629	TRUE	environmental_samples	
ENVO:00000384	14	NCBITaxon:710696	Intrasporangium calvum DSM 43043	2.42547	TRUE	environmental_samples	
ENVO:00000384	15	NCBITaxon:573060	Acidovorax delafieldii 2AN	2.42536	TRUE	environmental_samples	
ENVO:00000384	16	NCBITaxon:666681	Methylotenera versatilis 301	2.42497	TRUE	environmental_samples	
ENVO:00000384	17	NCBITaxon:314232	Yoonia vestfoldensis SKA53	2.42391	TRUE	environmental_samples	
ENVO:00000384	18	NCBITaxon:164608	Novosphingobium sp. KA1	2.42366	TRUE	environmental_samples	
ENVO:00000384	19	NCBITaxon:643561	Paracidovorax avenae ATCC 19860	2.42302	TRUE	environmental_samples	
ENVO:00000384	20	NCBITaxon:395494	Gallionella capsiferriformans ES-2	2.42283	TRUE	environmental_samples	
ENVO:00000384	21	NCBITaxon:397945	Paracidovorax citrulli AAC00-1	2.42181	TRUE	environmental_samples	
ENVO:00000384	22	NCBITaxon:596153	Alicycliphilus denitrificans BC	2.4215	TRUE	environmental_samples	
ENVO:00000384	23	NCBITaxon:697282	Methylobacter tundripaludum SV96	2.42148	TRUE	environmental_samples	
ENVO:00000384	24	NCBITaxon:667019	Curvibacter putative symbiont of Hydra magnipapillata	2.42144	TRUE	environmental_samples	
ENVO:00000384	25	NCBITaxon:391593	Roseobacter sp. CCS2	2.42134	TRUE	environmental_samples	
ENVO:00000393	1	NCBITaxon:1500538	Teredinibacter waterburyi	3	TRUE	annotated_genomes_isolates	
ENVO:00000393	2	NCBITaxon:1895005	Alteromonadales bacterium BS08	3	TRUE	annotated_genomes_isolates	
ENVO:00000393	3	NCBITaxon:655438	Cycloclasticus pugetii PS-1	3	TRUE	annotated_genomes_isolates	
ENVO:00000393	4	NCBITaxon:665467	Bauldia litoralis	3	TRUE	annotated_genomes_isolates	
ENVO:00000394	1	NCBITaxon:1121479	Pseudodonghicola xiamenensis DSM 18339	3	TRUE	annotated_genomes_isolates	
ENVO:00000394	2	NCBITaxon:306545	Marinimicrobium koreense	3	TRUE	annotated_genomes_isolates	
ENVO:00000395	1	NCBITaxon:2850	Phaeodactylum tricornutum	1.35739	TRUE	environmental_samples	
ENVO:00000395	2	NCBITaxon:634504	Bartonella grahamii as4aup	1.34412	TRUE	environmental_samples	
ENVO:00000395	3	NCBITaxon:914127	Vibrio vulnificus MO6-24/O	1.33769	TRUE	environmental_samples	
ENVO:00000395	4	NCBITaxon:382640	Bartonella tribocorum CIP 105476	1.31015	TRUE	environmental_samples	
ENVO:00000395	5	NCBITaxon:402676	Schizosaccharomyces japonicus yFS275	1.30548	TRUE	environmental_samples	
ENVO:00000395	6	NCBITaxon:345075	Vibrio cholerae V51	1.29805	TRUE	environmental_samples	
ENVO:00000395	7	NCBITaxon:696125	Bartonella clarridgeiae 73	1.29402	TRUE	environmental_samples	
ENVO:00000395	8	NCBITaxon:400667	Acinetobacter baumannii ATCC 17978	1.29269	TRUE	environmental_samples	
ENVO:00000395	9	NCBITaxon:267671	Leptospira interrogans serovar Copenhageni str. Fiocruz L1-130	1.29139	TRUE	environmental_samples	
ENVO:00000395	10	NCBITaxon:233412	[Haemophilus] ducreyi 35000HP	1.28916	TRUE	environmental_samples	
ENVO:00000395	11	NCBITaxon:674977	Vibrio alginolyticus 40B	1.28873	TRUE	environmental_samples	
ENVO:00000395	12	NCBITaxon:331104	Blattabacterium sp. (Blattella germanica) str. Bge	1.28381	TRUE	environmental_samples	
ENVO:00000395	13	NCBITaxon:379508	Lodderomyces elongisporus NRRL YB-4239	1.28381	TRUE	environmental_samples	
ENVO:00000395	14	NCBITaxon:196600	Vibrio vulnificus YJ016	1.28103	TRUE	environmental_samples	
ENVO:00000395	15	NCBITaxon:410291	Vibrio campbellii HY01	1.27989	TRUE	environmental_samples	
ENVO:00000395	16	NCBITaxon:444612	Rickettsia endosymbiont of Ixodes scapularis	1.27756	TRUE	environmental_samples	
ENVO:00000395	17	NCBITaxon:600809	Blattabacterium sp. (Periplaneta americana) str. BPLAN	1.27712	TRUE	environmental_samples	
ENVO:00000395	18	NCBITaxon:360104	Campylobacter concisus 13826	1.27553	TRUE	environmental_samples	
ENVO:00000395	19	NCBITaxon:446	Legionella pneumophila	1.27484	TRUE	environmental_samples	
ENVO:00000395	20	NCBITaxon:596320	Neisseria flavescens SK114	1.27381	TRUE	environmental_samples	
ENVO:00000395	21	NCBITaxon:13686		1.27321	TRUE	environmental_samples	
ENVO:00000395	22	NCBITaxon:7159		1.27307	TRUE	environmental_samples	
ENVO:00000395	23	NCBITaxon:383629	Phaeobacter inhibens 2.10	1.2716	TRUE	environmental_samples	
ENVO:00000395	24	NCBITaxon:315456	Rickettsia felis Marseille-URRWFXCal2	1.27058	TRUE	environmental_samples	
ENVO:00000395	25	NCBITaxon:7070		1.26968	TRUE	environmental_samples	
ENVO:00000402	1	NCBITaxon:642780	Nocardioides scoriae	4	TRUE	annotated_genomes_isolates	
ENVO:00000406	1	NCBITaxon:1121301	Paramaledivibacter caminithermalis DSM 15212	3	TRUE	annotated_genomes_isolates	
ENVO:00000406	2	NCBITaxon:1945883	Dehalococcoidia bacterium SCGC AG-206-J22	3	TRUE	annotated_genomes_isolates	
ENVO:00000406	3	NCBITaxon:2012733	Dehalococcoidia bacterium SCGC AG-200-A03	3	TRUE	annotated_genomes_isolates	
ENVO:00000406	4	NCBITaxon:2012734	Dehalococcoidia bacterium SCGC AG-200-B03	3	TRUE	annotated_genomes_isolates	
ENVO:00000406	5	NCBITaxon:2012735	Dehalococcoidia bacterium SCGC AG-200-C05	3	TRUE	annotated_genomes_isolates	
ENVO:00000406	6	NCBITaxon:2012736	Dehalococcoidia bacterium SCGC AG-200-E23	3	TRUE	annotated_genomes_isolates	
ENVO:00000406	7	NCBITaxon:2012737	Dehalococcoidia bacterium SCGC AG-200-G19	3	TRUE	annotated_genomes_isolates	
ENVO:00000406	8	NCBITaxon:2012738	Dehalococcoidia bacterium SCGC AG-200-G22	3	TRUE	annotated_genomes_isolates	
ENVO:00000406	9	NCBITaxon:2012739	Dehalococcoidia bacterium SCGC AG-200-K21	3	TRUE	annotated_genomes_isolates	
ENVO:00000406	10	NCBITaxon:2012740	Dehalococcoidia bacterium SCGC AG-205-B13	3	TRUE	annotated_genomes_isolates	
ENVO:00000406	11	NCBITaxon:2012741	Dehalococcoidia bacterium SCGC AG-205-C05	3	TRUE	annotated_genomes_isolates	
ENVO:00000406	12	NCBITaxon:2012742	Dehalococcoidia bacterium SCGC AG-205-C16	3	TRUE	annotated_genomes_isolates	
ENVO:00000406	13	NCBITaxon:2012743	Dehalococcoidia bacterium SCGC AG-205-C19	3	TRUE	annotated_genomes_isolates	
ENVO:00000406	14	NCBITaxon:2012744	Dehalococcoidia bacterium SCGC AG-205-E11	3	TRUE	annotated_genomes_isolates	
ENVO:00000406	15	NCBITaxon:2012745	Dehalococcoidia bacterium SCGC AG-205-F11	3	TRUE	annotated_genomes_isolates	
ENVO:00000406	16	NCBITaxon:2012746	Dehalococcoidia bacterium SCGC AG-205-F19	3	TRUE	annotated_genomes_isolates	
ENVO:00000406	17	NCBITaxon:2012747	Dehalococcoidia bacterium SCGC AG-205-F21	3	TRUE	annotated_genomes_isolates	
ENVO:00000406	18	NCBITaxon:2012749	Dehalococcoidia bacterium SCGC AG-205-G03	3	TRUE	annotated_genomes_isolates	
ENVO:00000406	19	NCBITaxon:2012750	Dehalococcoidia bacterium SCGC AG-205-G09	3	TRUE	annotated_genomes_isolates	
ENVO:00000406	20	NCBITaxon:2012751	Dehalococcoidia bacterium SCGC AG-205-G20	3	TRUE	annotated_genomes_isolates	
ENVO:00000406	21	NCBITaxon:2012752	Dehalococcoidia bacterium SCGC AG-205-I02	3	TRUE	annotated_genomes_isolates	
ENVO:00000406	22	NCBITaxon:2012753	Dehalococcoidia bacterium SCGC AG-205-I03	3	TRUE	annotated_genomes_isolates	
ENVO:00000406	23	NCBITaxon:2012754	Dehalococcoidia bacterium SCGC AG-205-I04	3	TRUE	annotated_genomes_isolates	
ENVO:00000406	24	NCBITaxon:2012755	Dehalococcoidia bacterium SCGC AG-205-I10	3	TRUE	annotated_genomes_isolates	
ENVO:00000406	25	NCBITaxon:2012756	Dehalococcoidia bacterium SCGC AG-205-I13	3	TRUE	annotated_genomes_isolates	
ENVO:00000418	1	NCBITaxon:1122613	Oceanicaulis alexandrii DSM 11625	3	TRUE	annotated_genomes_isolates	
ENVO:00000428	1	NCBITaxon:103	Flectobacillus major	4	TRUE	environmental_samples	
ENVO:00000428	2	NCBITaxon:104245	Clavaria zollingeri	4	TRUE	environmental_samples	
ENVO:00000428	3	NCBITaxon:106111	Pedobacter sp. KP-2	4	TRUE	environmental_samples	
ENVO:00000428	4	NCBITaxon:106370	Frankia casuarinae	4	TRUE	environmental_samples	
ENVO:00000428	5	NCBITaxon:106592	Ensifer adhaerens	4	TRUE	environmental_samples	
ENVO:00000428	6	NCBITaxon:1085	Rhodospirillum rubrum	4	TRUE	environmental_samples	
ENVO:00000428	7	NCBITaxon:111105	Porphyromonas gulae	4	TRUE	environmental_samples	
ENVO:00000428	8	NCBITaxon:112235	Neochlamydia hartmannellae	4	TRUE	environmental_samples	
ENVO:00000428	9	NCBITaxon:114628	Alkaliphilus transvaalensis	4	TRUE	environmental_samples	
ENVO:00000428	10	NCBITaxon:114707	uncultured Pseudomonas sp.	4	TRUE	environmental_samples	
ENVO:00000428	11	NCBITaxon:114715	uncultured Ralstonia sp.	4	TRUE	environmental_samples	
ENVO:00000428	12	NCBITaxon:1184267	Pseudobdellovibrio exovorus JSS	4	TRUE	environmental_samples	
ENVO:00000428	13	NCBITaxon:121845		4	TRUE	environmental_samples	
ENVO:00000428	14	NCBITaxon:1229	Nitrosococcus oceani	4	TRUE	environmental_samples	
ENVO:00000428	15	NCBITaxon:1231	Nitrosospira multiformis	4	TRUE	environmental_samples	
ENVO:00000428	16	NCBITaxon:126378	Prevotella sp. RS2	4	TRUE	environmental_samples	
ENVO:00000428	17	NCBITaxon:1264	Hominimerdicola alba	4	TRUE	environmental_samples	
ENVO:00000428	18	NCBITaxon:1265	Ruminococcus flavefaciens	4	TRUE	environmental_samples	
ENVO:00000428	19	NCBITaxon:128	Isosphaera pallida	4	TRUE	environmental_samples	
ENVO:00000428	20	NCBITaxon:128780	Stenotrophomonas acidaminiphila	4	TRUE	environmental_samples	
ENVO:00000428	21	NCBITaxon:12917	Acidovorax facilis	4	TRUE	environmental_samples	
ENVO:00000428	22	NCBITaxon:1309	Streptococcus mutans	4	TRUE	environmental_samples	
ENVO:00000428	23	NCBITaxon:1310	Streptococcus sobrinus	4	TRUE	environmental_samples	
ENVO:00000428	24	NCBITaxon:13160	Brevundimonas bullata	4	TRUE	environmental_samples	
ENVO:00000428	25	NCBITaxon:134561	Nocardioides sp. C190	4	TRUE	environmental_samples	
ENVO:00000446	1	NCBITaxon:566552	Bifidobacterium catenulatum DSM 16992 = JCM 1194 = LMG 11043	4.00735	TRUE	environmental_samples	
ENVO:00000446	2	NCBITaxon:243090	Rhodopirellula baltica SH 1	4.0072	TRUE	environmental_samples	
ENVO:00000446	3	NCBITaxon:314230	Blastopirellula marina DSM 3645	4.00628	TRUE	environmental_samples	
ENVO:00000446	4	NCBITaxon:379066	Gemmatimonas aurantiaca T-27	4.00508	TRUE	environmental_samples	BACDIVE
ENVO:00000446	5	NCBITaxon:508767	Clostridium botulinum E3 str. Alaska E43	4.00304	TRUE	environmental_samples	
ENVO:00000446	6	NCBITaxon:40518	Ruminococcus bromii	4.00275	TRUE	environmental_samples	
ENVO:00000446	7	NCBITaxon:596322	Streptococcus salivarius SK126	4.00238	TRUE	environmental_samples	
ENVO:00000446	8	NCBITaxon:479434	Sphaerobacter thermophilus DSM 20745	4.00177	TRUE	environmental_samples	
ENVO:00000446	9	NCBITaxon:446469	Sanguibacter keddieii DSM 10542	4.00078	TRUE	environmental_samples	
ENVO:00000446	10	NCBITaxon:1005740	Aminivibrio pyruvatiphilus	4	TRUE	annotated_genomes_isolates	BACDIVE
ENVO:00000446	11	NCBITaxon:1007092	Microlunatus terrae	4	TRUE	annotated_genomes_isolates	BACDIVE
ENVO:00000446	12	NCBITaxon:100884	Coprobacillus cateniformis	4	TRUE	environmental_samples	
ENVO:00000446	13	NCBITaxon:10090		4	TRUE	environmental_samples	
ENVO:00000446	14	NCBITaxon:10116		4	TRUE	environmental_samples	
ENVO:00000446	15	NCBITaxon:1014	Weeksella virosa	4	TRUE	environmental_samples	
ENVO:00000446	16	NCBITaxon:1015	Bergeyella zoohelcum	4	TRUE	environmental_samples	
ENVO:00000446	17	NCBITaxon:1017	Capnocytophaga gingivalis	4	TRUE	environmental_samples	
ENVO:00000446	18	NCBITaxon:1018	Capnocytophaga ochracea	4	TRUE	environmental_samples	
ENVO:00000446	19	NCBITaxon:1019	Capnocytophaga sputigena	4	TRUE	environmental_samples	
ENVO:00000446	20	NCBITaxon:1026	Marinoscillum furvescens	4	TRUE	annotated_genomes_isolates|environmental_samples	
ENVO:00000446	21	NCBITaxon:1027	Microscilla marina	4	TRUE	environmental_samples	
ENVO:00000446	22	NCBITaxon:102862	Proteus penneri	4	TRUE	environmental_samples	
ENVO:00000446	23	NCBITaxon:102886	Streptococcus didelphis	4	TRUE	environmental_samples	
ENVO:00000446	24	NCBITaxon:103	Flectobacillus major	4	TRUE	environmental_samples	
ENVO:00000446	25	NCBITaxon:1032476	Nonomuraea soli	4	TRUE	annotated_genomes_isolates	BACDIVE
ENVO:00000447	1	NCBITaxon:1000566	Halosaccharopolyspora lacisalsi	4	TRUE	annotated_genomes_isolates	
ENVO:00000447	2	NCBITaxon:1005928	Roseovarius lutimaris	4	TRUE	annotated_genomes_isolates	
ENVO:00000447	3	NCBITaxon:1007109	alpha proteobacterium SCGC AAA076-C03	4	TRUE	annotated_genomes_isolates	
ENVO:00000447	4	NCBITaxon:1007110	alpha proteobacterium SCGC AAA076-E06	4	TRUE	annotated_genomes_isolates	
ENVO:00000447	5	NCBITaxon:1007111	alpha proteobacterium SCGC AAA158-B04	4	TRUE	annotated_genomes_isolates	
ENVO:00000447	6	NCBITaxon:1007112	alpha proteobacterium SCGC AAA158-M15	4	TRUE	annotated_genomes_isolates	
ENVO:00000447	7	NCBITaxon:1007113	alpha proteobacterium SCGC AAA160-J14	4	TRUE	annotated_genomes_isolates	
ENVO:00000447	8	NCBITaxon:1007114	gamma proteobacterium SCGC AAA076-D02	4	TRUE	annotated_genomes_isolates	
ENVO:00000447	9	NCBITaxon:1007115	gamma proteobacterium SCGC AAA076-D13	4	TRUE	annotated_genomes_isolates	
ENVO:00000447	10	NCBITaxon:1007116	gamma proteobacterium SCGC AAA076-E13	4	TRUE	annotated_genomes_isolates	
ENVO:00000447	11	NCBITaxon:1007117	gamma proteobacterium SCGC AAA076-F14	4	TRUE	annotated_genomes_isolates	
ENVO:00000447	12	NCBITaxon:1007118	gamma proteobacterium SCGC AAA076-P09	4	TRUE	annotated_genomes_isolates	
ENVO:00000447	13	NCBITaxon:1007119	gamma proteobacterium SCGC AAA076-P13	4	TRUE	annotated_genomes_isolates	
ENVO:00000447	14	NCBITaxon:1007120	gamma proteobacterium SCGC AAA160-D02	4	TRUE	annotated_genomes_isolates	
ENVO:00000447	15	NCBITaxon:1007122	Fidelibacterota bacterium SCGC AAA160-C11	4	TRUE	annotated_genomes_isolates	
ENVO:00000447	16	NCBITaxon:1007124	Fidelibacterota bacterium SCGC AAA076-M08	4	TRUE	annotated_genomes_isolates	
ENVO:00000447	17	NCBITaxon:1009412	Flavobacterium sp. SCGC AAA160-P02	4	TRUE	annotated_genomes_isolates	
ENVO:00000447	18	NCBITaxon:1009413	Verrucomicrobia bacterium SCGC AAA164-A08	4	TRUE	annotated_genomes_isolates	
ENVO:00000447	19	NCBITaxon:1009414	Verrucomicrobia bacterium SCGC AAA164-B23	4	TRUE	annotated_genomes_isolates	
ENVO:00000447	20	NCBITaxon:1009415	Verrucomicrobia bacterium SCGC AAA164-E04	4	TRUE	annotated_genomes_isolates	
ENVO:00000447	21	NCBITaxon:1009416	Verrucomicrobia bacterium SCGC AAA164-I21	4	TRUE	annotated_genomes_isolates	
ENVO:00000447	22	NCBITaxon:1009418	Verrucomicrobia bacterium SCGC AAA164-M04	4	TRUE	annotated_genomes_isolates	
ENVO:00000447	23	NCBITaxon:1009419	Verrucomicrobia bacterium SCGC AAA164-N20	4	TRUE	annotated_genomes_isolates	
ENVO:00000447	24	NCBITaxon:1009420	Verrucomicrobia bacterium SCGC AAA164-O14	4	TRUE	annotated_genomes_isolates	
ENVO:00000447	25	NCBITaxon:1009421	Verrucomicrobia bacterium SCGC AAA164-P11	4	TRUE	annotated_genomes_isolates	
ENVO:00000455	1	NCBITaxon:34101	Sporosarcina limicola	3	TRUE	annotated_genomes_isolates	
ENVO:00000463	1	NCBITaxon:1045010	Escherichia coli O157	4	TRUE	environmental_samples	
ENVO:00000463	2	NCBITaxon:1265	Ruminococcus flavefaciens	4	TRUE	environmental_samples	
ENVO:00000463	3	NCBITaxon:1282	Staphylococcus epidermidis	4	TRUE	environmental_samples	
ENVO:00000463	4	NCBITaxon:1485	Clostridium	4	TRUE	environmental_samples	
ENVO:00000463	5	NCBITaxon:1490	Paraclostridium bifermentans	4	TRUE	environmental_samples	
ENVO:00000463	6	NCBITaxon:1587	Lactobacillus helveticus	4	TRUE	environmental_samples	
ENVO:00000463	7	NCBITaxon:1596	Lactobacillus gasseri	4	TRUE	environmental_samples	
ENVO:00000463	8	NCBITaxon:1732	Eubacterium oxidoreducens	4	TRUE	environmental_samples	
ENVO:00000463	9	NCBITaxon:180332	Robinsoniella peoriensis	4	TRUE	environmental_samples	
ENVO:00000463	10	NCBITaxon:214856	Alistipes finegoldii	4	TRUE	environmental_samples	
ENVO:00000463	11	NCBITaxon:237491	Clostridium sp. Sukashi-1	4	TRUE	environmental_samples	
ENVO:00000463	12	NCBITaxon:266940	Kineococcus radiotolerans SRS30216 = ATCC BAA-149	4	TRUE	environmental_samples	
ENVO:00000463	13	NCBITaxon:28114	Porphyromonas levii	4	TRUE	environmental_samples	
ENVO:00000463	14	NCBITaxon:28128	Prevotella corporis	4	TRUE	environmental_samples	
ENVO:00000463	15	NCBITaxon:290054	Eubacterium coprostanoligenes	4	TRUE	environmental_samples	
ENVO:00000463	16	NCBITaxon:29344	Caloramator fervidus	4	TRUE	environmental_samples	
ENVO:00000463	17	NCBITaxon:29364	[Clostridium] polysaccharolyticum	4	TRUE	environmental_samples	
ENVO:00000463	18	NCBITaxon:301302	Roseburia faecis	4	TRUE	environmental_samples	
ENVO:00000463	19	NCBITaxon:308994	Dialister propionicifaciens	4	TRUE	environmental_samples	
ENVO:00000463	20	NCBITaxon:33034	Anaerococcus prevotii	4	TRUE	environmental_samples	
ENVO:00000463	21	NCBITaxon:33038	Mediterraneibacter gnavus	4	TRUE	environmental_samples	
ENVO:00000463	22	NCBITaxon:360807	Roseburia inulinivorans	4	TRUE	environmental_samples	
ENVO:00000463	23	NCBITaxon:36987		4	TRUE	environmental_samples	
ENVO:00000463	24	NCBITaxon:39488	Anaerobutyricum hallii	4	TRUE	environmental_samples	
ENVO:00000463	25	NCBITaxon:39490	Eubacterium ramulus	4	TRUE	environmental_samples	
ENVO:00000469	1	NCBITaxon:164393	Latilactobacillus fuchuensis	1.75033	TRUE	environmental_samples	
ENVO:00000469	2	NCBITaxon:153496	Kozakia baliensis	1.66219	TRUE	environmental_samples	
ENVO:00000469	3	NCBITaxon:185294	Segatella paludivivens	1.63166	TRUE	environmental_samples	
ENVO:00000469	4	NCBITaxon:903522	Lacticaseibacillus paracasei TXW	1.56904	TRUE	environmental_samples	
ENVO:00000469	5	NCBITaxon:28038	Latilactobacillus curvatus	1.55315	TRUE	environmental_samples	
ENVO:00000469	6	NCBITaxon:880633	Lactobacillus helveticus R0052	1.54789	TRUE	environmental_samples	
ENVO:00000469	7	NCBITaxon:1553	Clostridium tetanomorphum	1.54421	TRUE	environmental_samples	
ENVO:00000469	8	NCBITaxon:438	Acetobacter pasteurianus	1.52434	TRUE	environmental_samples	
ENVO:00000469	9	NCBITaxon:1530	Clostridium carnis	1.52011	TRUE	environmental_samples	
ENVO:00000469	10	NCBITaxon:1701	Brevibacterium sp.	1.49195	TRUE	environmental_samples	
ENVO:00000469	11	NCBITaxon:1494	Clostridium cochlearium	1.48939	TRUE	environmental_samples	
ENVO:00000469	12	NCBITaxon:115778	Leuconostoc gasicomitatum	1.48188	TRUE	environmental_samples	
ENVO:00000469	13	NCBITaxon:765118	Cutibacterium acnes HL007PA1	1.48141	TRUE	environmental_samples	
ENVO:00000469	14	NCBITaxon:1254	Pediococcus acidilactici	1.48091	TRUE	environmental_samples	
ENVO:00000469	15	NCBITaxon:442	Gluconobacter oxydans	1.47178	TRUE	environmental_samples	
ENVO:00000469	16	NCBITaxon:1534	Clostridium kluyveri	1.45515	TRUE	environmental_samples	
ENVO:00000469	17	NCBITaxon:104102	Acetobacter tropicalis	1.45121	TRUE	environmental_samples	
ENVO:00000469	18	NCBITaxon:33954	Clostridium magnum	1.44938	TRUE	environmental_samples	
ENVO:00000469	19	NCBITaxon:1615	Weissella halotolerans	1.43669	TRUE	environmental_samples	
ENVO:00000469	20	NCBITaxon:1599	Latilactobacillus sakei	1.42513	TRUE	environmental_samples	
ENVO:00000469	21	NCBITaxon:320497	Neoasaia chiangmaiensis	1.41291	TRUE	environmental_samples	
ENVO:00000469	22	NCBITaxon:231024	Streptomyces africanus	1.41259	TRUE	environmental_samples	
ENVO:00000469	23	NCBITaxon:889932	Lactiplantibacillus plantarum ST-III	1.38994	TRUE	environmental_samples	
ENVO:00000469	24	NCBITaxon:322009	Sinomonas cyclohexanicum	1.3797	TRUE	environmental_samples	
ENVO:00000469	25	NCBITaxon:1580	Levilactobacillus brevis	1.36219	TRUE	environmental_samples	
ENVO:00000475	1	NCBITaxon:1007122	Fidelibacterota bacterium SCGC AAA160-C11	3	TRUE	annotated_genomes_isolates	
ENVO:00000475	2	NCBITaxon:1007124	Fidelibacterota bacterium SCGC AAA076-M08	3	TRUE	annotated_genomes_isolates	
ENVO:00000475	3	NCBITaxon:1009420	Verrucomicrobia bacterium SCGC AAA164-O14	3	TRUE	annotated_genomes_isolates	
ENVO:00000475	4	NCBITaxon:1009695	Verrucomicrobia bacterium SCGC AAA164-A21	3	TRUE	annotated_genomes_isolates	
ENVO:00000475	5	NCBITaxon:1120963	Algicola sagamiensis DSM 14643	3	TRUE	annotated_genomes_isolates	
ENVO:00000475	6	NCBITaxon:1120983	Amorphus coralli DSM 19760	3	TRUE	annotated_genomes_isolates	
ENVO:00000475	7	NCBITaxon:1121007	Aquimarina muelleri DSM 19832	3	TRUE	annotated_genomes_isolates	
ENVO:00000475	8	NCBITaxon:1121324	Peptoclostridium litorale DSM 5388	3	TRUE	annotated_genomes_isolates	
ENVO:00000475	9	NCBITaxon:1121392	Desulfatibacillum aliphaticivorans DSM 15576	3	TRUE	annotated_genomes_isolates	
ENVO:00000475	10	NCBITaxon:1121911	Garciella nitratireducens DSM 15102	3	TRUE	annotated_genomes_isolates	
ENVO:00000475	11	NCBITaxon:1121931	Christiangramia echinicola DSM 19838	3	TRUE	annotated_genomes_isolates	
ENVO:00000475	12	NCBITaxon:1121940	Halomonas halocynthiae DSM 14573	3	TRUE	annotated_genomes_isolates	
ENVO:00000475	13	NCBITaxon:1122135	Kiloniella laminariae DSM 19542	3	TRUE	annotated_genomes_isolates	
ENVO:00000475	14	NCBITaxon:1122226	Mesonia mobilis DSM 19841	3	TRUE	annotated_genomes_isolates	
ENVO:00000475	15	NCBITaxon:13035	Dactylococcopsis salina PCC 8305	3	TRUE	annotated_genomes_isolates	
ENVO:00000475	16	NCBITaxon:161156	Thermodesulfobacterium hydrogeniphilum	3	TRUE	annotated_genomes_isolates	
ENVO:00000475	17	NCBITaxon:2663692	bacterium JGI MDM2 M14Mat9-1-D14	3	TRUE	annotated_genomes_isolates	
ENVO:00000475	18	NCBITaxon:314229	Nitrospira marina	3	TRUE	annotated_genomes_isolates	
ENVO:00000475	19	NCBITaxon:332175	Desulfosalsimonas propionicica	3	TRUE	annotated_genomes_isolates	
ENVO:00000475	20	NCBITaxon:375451	Roseobacter denitrificans OCh 114	3	TRUE	annotated_genomes_isolates	
ENVO:00000475	21	NCBITaxon:431041	Candidatus Synechococcus spongiarum	3	TRUE	annotated_genomes_isolates	
ENVO:00000475	22	NCBITaxon:572546	Archaeoglobus profundus DSM 5631	3	TRUE	annotated_genomes_isolates	
ENVO:00000475	23	NCBITaxon:573064	Methanocaldococcus fervens AG86	3	TRUE	annotated_genomes_isolates	
ENVO:00000475	24	NCBITaxon:655438	Cycloclasticus pugetii PS-1	3	TRUE	annotated_genomes_isolates	
ENVO:00000475	25	NCBITaxon:679926	Methanolacinia petrolearia DSM 11571	3	TRUE	annotated_genomes_isolates	
ENVO:00000476	1	NCBITaxon:1026	Marinoscillum furvescens	4	TRUE	environmental_samples	
ENVO:00000476	2	NCBITaxon:103	Flectobacillus major	4	TRUE	environmental_samples	
ENVO:00000476	3	NCBITaxon:103810	Riemerella columbina	4	TRUE	environmental_samples	
ENVO:00000476	4	NCBITaxon:104245	Clavaria zollingeri	4	TRUE	environmental_samples	
ENVO:00000476	5	NCBITaxon:106111	Pedobacter sp. KP-2	4	TRUE	environmental_samples	
ENVO:00000476	6	NCBITaxon:1063	Cereibacter sphaeroides	4	TRUE	environmental_samples	
ENVO:00000476	7	NCBITaxon:114715	uncultured Ralstonia sp.	4	TRUE	environmental_samples	
ENVO:00000476	8	NCBITaxon:121845		4	TRUE	environmental_samples	
ENVO:00000476	9	NCBITaxon:1265	Ruminococcus flavefaciens	4	TRUE	environmental_samples	
ENVO:00000476	10	NCBITaxon:128	Isosphaera pallida	4	TRUE	environmental_samples	
ENVO:00000476	11	NCBITaxon:1436140	Ulnaria acus	4	TRUE	environmental_samples	
ENVO:00000476	12	NCBITaxon:147	Spirochaeta aurantia	4	TRUE	environmental_samples	
ENVO:00000476	13	NCBITaxon:152	Zuelzera stenostrepta	4	TRUE	environmental_samples	
ENVO:00000476	14	NCBITaxon:1537	Romboutsia lituseburensis	4	TRUE	environmental_samples	
ENVO:00000476	15	NCBITaxon:154510		4	TRUE	environmental_samples	
ENVO:00000476	16	NCBITaxon:155715		4	TRUE	environmental_samples	
ENVO:00000476	17	NCBITaxon:156	Teretinema zuelzerae	4	TRUE	environmental_samples	
ENVO:00000476	18	NCBITaxon:158751	uncultured Acidovorax sp.	4	TRUE	environmental_samples	
ENVO:00000476	19	NCBITaxon:1684	Bifidobacterium asteroides	4	TRUE	environmental_samples	
ENVO:00000476	20	NCBITaxon:168471	Laribacter hongkongensis	4	TRUE	environmental_samples	
ENVO:00000476	21	NCBITaxon:173	Leptospira interrogans	4	TRUE	environmental_samples	
ENVO:00000476	22	NCBITaxon:1732	Eubacterium oxidoreducens	4	TRUE	environmental_samples	
ENVO:00000476	23	NCBITaxon:173764	Cytophaga sp. MBIC01539	4	TRUE	environmental_samples	
ENVO:00000476	24	NCBITaxon:185294	Segatella paludivivens	4	TRUE	environmental_samples	
ENVO:00000476	25	NCBITaxon:210512	Sandarakinorhabdus limnophila	4	TRUE	environmental_samples	
ENVO:00000477	1	NCBITaxon:1120973	Effusibacillus pohliae DSM 22757	3	TRUE	annotated_genomes_isolates	
ENVO:00000477	2	NCBITaxon:1121938	Halobacillus kuroshimensis DSM 18393	3	TRUE	annotated_genomes_isolates	
ENVO:00000477	3	NCBITaxon:294699	Anoxybacteroides amylolyticum	3	TRUE	annotated_genomes_isolates	
ENVO:00000477	4	NCBITaxon:563040	Sulfurimonas autotrophica DSM 16294	3	TRUE	annotated_genomes_isolates	
ENVO:00000477	5	NCBITaxon:588319	Palaeococcus ferrophilus DSM 13482	3	TRUE	annotated_genomes_isolates	
ENVO:00000477	6	NCBITaxon:937777	Deinococcus peraridilitoris DSM 19664	3	TRUE	annotated_genomes_isolates	
ENVO:00000480	1	NCBITaxon:1385984	Exiguobacterium chiriqhucha	3	TRUE	annotated_genomes_isolates	
ENVO:00000485	1	NCBITaxon:163503	Chaetoceros socialis	4	TRUE	environmental_samples	
ENVO:00000485	2	NCBITaxon:3068		4	TRUE	environmental_samples	
ENVO:00000485	3	NCBITaxon:463189		4	TRUE	environmental_samples	
ENVO:00000485	4	NCBITaxon:6669		4	TRUE	environmental_samples	
ENVO:00000485	5	NCBITaxon:777	Coxiella burnetii	4	TRUE	environmental_samples	
ENVO:00000485	6	NCBITaxon:84301		4	TRUE	environmental_samples	
ENVO:00000485	7	NCBITaxon:9541		4	TRUE	environmental_samples	
ENVO:00000486	1	NCBITaxon:314230	Blastopirellula marina DSM 3645	4	TRUE	environmental_samples	
ENVO:00000486	2	NCBITaxon:344747	Gimesia maris DSM 8797	4	TRUE	environmental_samples	
ENVO:00000486	3	NCBITaxon:667019	Curvibacter putative symbiont of Hydra magnipapillata	4	TRUE	environmental_samples	
ENVO:00000486	4	NCBITaxon:926569	Anaerolinea thermophila UNI-1	4	TRUE	environmental_samples	
ENVO:00000486	5	NCBITaxon:1122225	Mesoflavibacter zeaxanthinifaciens DSM 18436	3	TRUE	annotated_genomes_isolates	
ENVO:00000486	6	NCBITaxon:582855	Streptomyces haliclonae	3	TRUE	annotated_genomes_isolates	
ENVO:00000486	7	NCBITaxon:416261	Desulfobacterium sp. AK1	1.41625	TRUE	environmental_samples	
ENVO:00000486	8	NCBITaxon:84980	Desulfotalea psychrophila	1.40327	TRUE	environmental_samples	
ENVO:00000486	9	NCBITaxon:8201		1.3254	TRUE	environmental_samples	
ENVO:00000486	10	NCBITaxon:1514140	Trieres chinensis	1.32313	TRUE	environmental_samples	
ENVO:00000486	11	NCBITaxon:115781	Desulfotignum balticum	1.3187	TRUE	environmental_samples	
ENVO:00000486	12	NCBITaxon:35816	Pelobacter acidigallici	1.29269	TRUE	environmental_samples	
ENVO:00000486	13	NCBITaxon:2850	Phaeodactylum tricornutum	1.29177	TRUE	environmental_samples	
ENVO:00000486	14	NCBITaxon:301375	Methanothrix harundinacea	1.26838	TRUE	environmental_samples	
ENVO:00000486	15	NCBITaxon:897	Desulfococcus multivorans	1.24546	TRUE	environmental_samples	
ENVO:00000486	16	NCBITaxon:58029		1.2439	TRUE	environmental_samples	
ENVO:00000486	17	NCBITaxon:644281	Methanocaldococcus sp. FS406-22	1.2063	TRUE	environmental_samples	
ENVO:00000486	18	NCBITaxon:399550	Staphylothermus marinus F1	1.20275	TRUE	environmental_samples	
ENVO:00000486	19	NCBITaxon:490899	Desulfurococcus amylolyticus 1221n	1.19839	TRUE	environmental_samples	
ENVO:00000486	20	NCBITaxon:647113	Methanothermococcus okinawensis IH1	1.19518	TRUE	environmental_samples	
ENVO:00000486	21	NCBITaxon:633148	Thermosphaera aggregans DSM 11486	1.19208	TRUE	environmental_samples	
ENVO:00000486	22	NCBITaxon:591019	Staphylothermus hellenicus DSM 12710	1.19183	TRUE	environmental_samples	
ENVO:00000486	23	NCBITaxon:573064	Methanocaldococcus fervens AG86	1.19112	TRUE	environmental_samples	
ENVO:00000486	24	NCBITaxon:419665	Methanococcus aeolicus Nankai-3	1.18919	TRUE	environmental_samples	
ENVO:00000486	25	NCBITaxon:573063	Methanocaldococcus infernus ME	1.18791	TRUE	environmental_samples	
ENVO:00000499	1	NCBITaxon:1121429	Desulforamulus putei DSM 12395	4	TRUE	annotated_genomes_isolates	
ENVO:00000499	2	NCBITaxon:1121919	Geosporobacter subterraneus DSM 17957	4	TRUE	annotated_genomes_isolates	
ENVO:00000499	3	NCBITaxon:1653064	Halanaerobium sp. DL-01	4	TRUE	annotated_genomes_isolates	
ENVO:00000499	4	NCBITaxon:1712410	Thermanaerosceptrum fracticalcis	4	TRUE	annotated_genomes_isolates	
ENVO:00000499	5	NCBITaxon:218205	Garciella nitratireducens	4	TRUE	annotated_genomes_isolates	
ENVO:00000499	6	NCBITaxon:2183913	Halanaerobium sp. MA284_MarDTE_T2	4	TRUE	annotated_genomes_isolates	
ENVO:00000499	7	NCBITaxon:2183914	Halanaerobium sp. ST460_2HS_T2	4	TRUE	annotated_genomes_isolates	
ENVO:00000499	8	NCBITaxon:2183985	Halomonas sp. A11-A	4	TRUE	annotated_genomes_isolates	
ENVO:00000499	9	NCBITaxon:515440	Oceanotoga teriensis	4	TRUE	annotated_genomes_isolates	
ENVO:00000499	10	NCBITaxon:573062	Thermoanaerobacter sp. X513	4	TRUE	annotated_genomes_isolates	
ENVO:00000499	11	NCBITaxon:588857	Thermoanaerobacter sp. X561	4	TRUE	annotated_genomes_isolates	
ENVO:00000499	12	NCBITaxon:643562	Pseudodesulfovibrio aespoeensis Aspo-2	4	TRUE	annotated_genomes_isolates|environmental_samples	
ENVO:00000499	13	NCBITaxon:1069081	Nitratiruptor tergarcus DSM 16512	3	TRUE	annotated_genomes_isolates	
ENVO:00000499	14	NCBITaxon:1121264	Caloranaerobacter azorensis DSM 13643	3	TRUE	annotated_genomes_isolates	
ENVO:00000499	15	NCBITaxon:1121266	Caminicella sporogenes DSM 14501	3	TRUE	annotated_genomes_isolates	
ENVO:00000499	16	NCBITaxon:1121301	Paramaledivibacter caminithermalis DSM 15212	3	TRUE	annotated_genomes_isolates	
ENVO:00000499	17	NCBITaxon:1121404	Desulfogranum mediterraneum DSM 13871	3	TRUE	annotated_genomes_isolates	
ENVO:00000499	18	NCBITaxon:1121451	Maridesulfovibrio hydrothermalis AM13 = DSM 14728	3	TRUE	annotated_genomes_isolates	
ENVO:00000499	19	NCBITaxon:1121938	Halobacillus kuroshimensis DSM 18393	3	TRUE	annotated_genomes_isolates	
ENVO:00000499	20	NCBITaxon:1122192	Marinactinospora thermotolerans DSM 45154	3	TRUE	annotated_genomes_isolates	
ENVO:00000499	21	NCBITaxon:1122195	Marinitoga hydrogenitolerans DSM 16785	3	TRUE	annotated_genomes_isolates	
ENVO:00000499	22	NCBITaxon:1122238	Microbacterium indicum DSM 19969	3	TRUE	annotated_genomes_isolates	
ENVO:00000499	23	NCBITaxon:1123326	Sulfurospirillum arcachonense DSM 9755	3	TRUE	annotated_genomes_isolates	
ENVO:00000499	24	NCBITaxon:1123349	Tepidibacter formicigenes DSM 15518	3	TRUE	annotated_genomes_isolates	
ENVO:00000499	25	NCBITaxon:1123350	Tepidibacter thalassicus DSM 15285	3	TRUE	annotated_genomes_isolates	
ENVO:00000501	1	NCBITaxon:335543	Syntrophobacter fumaroxidans MPOB	3	TRUE	annotated_genomes_isolates	
ENVO:00000511	1	NCBITaxon:320497	Neoasaia chiangmaiensis	1.93268	TRUE	environmental_samples	
ENVO:00000511	2	NCBITaxon:33059	Acidithiobacillus caldus	1.9094	TRUE	environmental_samples	
ENVO:00000511	3	NCBITaxon:640030	Neisseria zalophi	1.90244	TRUE	environmental_samples	
ENVO:00000511	4	NCBITaxon:33075	Acidobacterium capsulatum	1.89331	TRUE	environmental_samples	
ENVO:00000511	5	NCBITaxon:1928	Streptomyces rochei	1.86872	TRUE	environmental_samples	
ENVO:00000511	6	NCBITaxon:128	Isosphaera pallida	1.84997	TRUE	environmental_samples	
ENVO:00000511	7	NCBITaxon:375	Bradyrhizobium japonicum	1.84675	TRUE	environmental_samples	
ENVO:00000511	8	NCBITaxon:133552	Methylocapsa acidiphila	1.83385	TRUE	environmental_samples	
ENVO:00000511	9	NCBITaxon:331117	Aspergillus fischeri NRRL 181	1.80092	TRUE	environmental_samples	
ENVO:00000511	10	NCBITaxon:297246	Legionella pneumophila str. Paris	1.79483	TRUE	environmental_samples	
ENVO:00000511	11	NCBITaxon:52061		1.79437	TRUE	environmental_samples	
ENVO:00000511	12	NCBITaxon:441156	Burkholderia pseudomallei 7894	1.79309	TRUE	environmental_samples	
ENVO:00000511	13	NCBITaxon:189518	Leptospira interrogans serovar Lai str. 56601	1.79041	TRUE	environmental_samples	
ENVO:00000511	14	NCBITaxon:382	Sinorhizobium meliloti	1.78934	TRUE	environmental_samples	
ENVO:00000511	15	NCBITaxon:342110	Ralstonia solanacearum UW551	1.78858	TRUE	environmental_samples	
ENVO:00000511	16	NCBITaxon:441165	Burkholderia thailandensis TXDOH	1.788	TRUE	environmental_samples	
ENVO:00000511	17	NCBITaxon:380394	Acidithiobacillus ferrooxidans ATCC 53993	1.78584	TRUE	environmental_samples	
ENVO:00000511	18	NCBITaxon:426418	Pyrenophora tritici-repentis Pt-1C-BFP	1.78551	TRUE	environmental_samples	
ENVO:00000511	19	NCBITaxon:510516	Aspergillus oryzae RIB40	1.78401	TRUE	environmental_samples	
ENVO:00000511	20	NCBITaxon:190650	Caulobacter vibrioides CB15	1.78384	TRUE	environmental_samples	
ENVO:00000511	21	NCBITaxon:262316	Mycobacterium avium subsp. paratuberculosis K-10	1.78158	TRUE	environmental_samples	
ENVO:00000511	22	NCBITaxon:861557	Pyrenophora teres f. teres 0-1	1.78051	TRUE	environmental_samples	
ENVO:00000511	23	NCBITaxon:158899	Collimonas fungivorans	1.78041	TRUE	environmental_samples	
ENVO:00000511	24	NCBITaxon:182180	Aromatoleum anaerobium	1.77932	TRUE	environmental_samples	
ENVO:00000511	25	NCBITaxon:391774	Nitratidesulfovibrio vulgaris DP4	1.77926	TRUE	environmental_samples	
ENVO:00000533	1	NCBITaxon:1132443	Methylosarcina fibrata AML-C10	4	TRUE	annotated_genomes_isolates	
ENVO:00000533	2	NCBITaxon:1385515	Lysobacter defluvii IMMIB APB-9 = DSM 18482	4	TRUE	annotated_genomes_isolates	
ENVO:00000533	3	NCBITaxon:1549639	Rufibacter quisquiliarum	4	TRUE	annotated_genomes_isolates	
ENVO:00000533	4	NCBITaxon:51173	Ureibacillus thermosphaericus	4	TRUE	annotated_genomes_isolates	
ENVO:00000533	5	NCBITaxon:266265	Paraburkholderia xenovorans LB400	3	TRUE	annotated_genomes_isolates	
ENVO:00000546	1	NCBITaxon:373903	Halothermothrix orenii H 168	3	TRUE	annotated_genomes_isolates	
ENVO:00000549	1	NCBITaxon:104245	Clavaria zollingeri	4	TRUE	environmental_samples	
ENVO:00000549	2	NCBITaxon:1045010	Escherichia coli O157	4	TRUE	environmental_samples	
ENVO:00000549	3	NCBITaxon:106111	Pedobacter sp. KP-2	4	TRUE	environmental_samples	
ENVO:00000549	4	NCBITaxon:114707	uncultured Pseudomonas sp.	4	TRUE	environmental_samples	
ENVO:00000549	5	NCBITaxon:1495	Clostridium cylindrosporum	4	TRUE	environmental_samples	
ENVO:00000549	6	NCBITaxon:1543	Clostridium oceanicum	4	TRUE	environmental_samples	
ENVO:00000549	7	NCBITaxon:169679	Clostridium saccharobutylicum	4	TRUE	environmental_samples	
ENVO:00000549	8	NCBITaxon:231024	Streptomyces africanus	4	TRUE	environmental_samples	
ENVO:00000549	9	NCBITaxon:237491	Clostridium sp. Sukashi-1	4	TRUE	environmental_samples	
ENVO:00000549	10	NCBITaxon:237497	Clostridium sp. Kas107-2	4	TRUE	environmental_samples	
ENVO:00000549	11	NCBITaxon:238209	Desulfotomaculum sp. MPNeg1	4	TRUE	environmental_samples	
ENVO:00000549	12	NCBITaxon:253	Chryseobacterium indologenes	4	TRUE	environmental_samples	
ENVO:00000549	13	NCBITaxon:256	Myroides odoratus	4	TRUE	environmental_samples	
ENVO:00000549	14	NCBITaxon:294	Pseudomonas fluorescens	4	TRUE	environmental_samples	
ENVO:00000549	15	NCBITaxon:303	Pseudomonas putida	4	TRUE	environmental_samples	
ENVO:00000549	16	NCBITaxon:31234		4	TRUE	environmental_samples	
ENVO:00000549	17	NCBITaxon:33953	Clostridium aminobutyricum	4	TRUE	environmental_samples	
ENVO:00000549	18	NCBITaxon:34003	Paracoccus aminophilus	4	TRUE	environmental_samples	
ENVO:00000549	19	NCBITaxon:34073	Variovorax paradoxus	4	TRUE	environmental_samples	
ENVO:00000549	20	NCBITaxon:34085	Riemerella anatipestifer	4	TRUE	environmental_samples	
ENVO:00000549	21	NCBITaxon:358	Agrobacterium tumefaciens	4	TRUE	environmental_samples	
ENVO:00000549	22	NCBITaxon:36987		4	TRUE	environmental_samples	
ENVO:00000549	23	NCBITaxon:381845	Clostridium sp. CYP5	4	TRUE	environmental_samples	
ENVO:00000549	24	NCBITaxon:39946		4	TRUE	environmental_samples	
ENVO:00000549	25	NCBITaxon:40324	Stenotrophomonas maltophilia	4	TRUE	environmental_samples	
ENVO:00000562	1	NCBITaxon:1121482	Dyadobacter beijingensis DSM 21582	3	TRUE	annotated_genomes_isolates	
ENVO:00000562	2	NCBITaxon:1124743	Kribbella soli	3	TRUE	annotated_genomes_isolates	
ENVO:00000562	3	NCBITaxon:1830138		3	TRUE	annotated_genomes_isolates	
ENVO:00000562	4	NCBITaxon:29344	Caloramator fervidus	3	TRUE	annotated_genomes_isolates	
ENVO:00000562	5	NCBITaxon:33950	Thermoanaerobacterium thermosulfurigenes	3	TRUE	annotated_genomes_isolates	
ENVO:00000562	6	NCBITaxon:341202	Williamsia faeni	3	TRUE	annotated_genomes_isolates	
ENVO:00000562	7	NCBITaxon:622637	Methylocystis sp. ATCC 49242	3	TRUE	annotated_genomes_isolates	
ENVO:00000562	8	NCBITaxon:633148	Thermosphaera aggregans DSM 11486	3	TRUE	annotated_genomes_isolates	
ENVO:00000564	1	NCBITaxon:330214	Nitrospira defluvii	4	TRUE	environmental_samples	
ENVO:00000564	2	NCBITaxon:36987		4	TRUE	environmental_samples	
ENVO:00000564	3	NCBITaxon:592031	Eubacterium saphenum ATCC 49989	4	TRUE	environmental_samples	
ENVO:00000564	4	NCBITaxon:739	Aggregatibacter segnis	1.34293	TRUE	environmental_samples	
ENVO:00000564	5	NCBITaxon:176090	Streptococcus sinensis	1.32918	TRUE	environmental_samples	
ENVO:00000564	6	NCBITaxon:1655	Actinomyces naeslundii	1.29262	TRUE	environmental_samples	
ENVO:00000564	7	NCBITaxon:204	Campylobacter showae	1.29016	TRUE	environmental_samples	
ENVO:00000564	8	NCBITaxon:28220	Allobrachymonas denitrificans	1.27512	TRUE	environmental_samples	
ENVO:00000564	9	NCBITaxon:272556	Aggregatibacter actinomycetemcomitans HK1651	1.25813	TRUE	environmental_samples	
ENVO:00000564	10	NCBITaxon:43768	Corynebacterium matruchotii	1.25813	TRUE	environmental_samples	
ENVO:00000564	11	NCBITaxon:535025	Bacillus subtilis subsp. subtilis str. JH642	1.24293	TRUE	environmental_samples	
ENVO:00000564	12	NCBITaxon:1302	Streptococcus gordonii	1.24237	TRUE	environmental_samples	
ENVO:00000564	13	NCBITaxon:732	Aggregatibacter aphrophilus	1.2131	TRUE	environmental_samples	
ENVO:00000564	14	NCBITaxon:539	Eikenella corrodens	1.20193	TRUE	environmental_samples	
ENVO:00000564	15	NCBITaxon:1659	Actinomyces israelii	1.18141	TRUE	environmental_samples	
ENVO:00000564	16	NCBITaxon:1301	Streptococcus	1.17684	TRUE	environmental_samples	
ENVO:00000564	17	NCBITaxon:544580	Actinomyces oris	1.14789	TRUE	environmental_samples	
ENVO:00000564	18	NCBITaxon:28037	Streptococcus mitis	1.11467	TRUE	environmental_samples	
ENVO:00000564	19	NCBITaxon:40542	Leptotrichia buccalis	1.08685	TRUE	environmental_samples	
ENVO:00000564	20	NCBITaxon:497963	Streptococcus pneumoniae SP-BS293	1.08264	TRUE	environmental_samples	
ENVO:00000564	21	NCBITaxon:61592	Corynebacterium durum	1.08264	TRUE	environmental_samples	
ENVO:00000564	22	NCBITaxon:1018	Capnocytophaga ochracea	1.05224	TRUE	environmental_samples	
ENVO:00000564	23	NCBITaxon:467210	Lachnoanaerobaculum saburreum	1.04293	TRUE	environmental_samples	
ENVO:00000564	24	NCBITaxon:158	Treponema denticola	1.03722	TRUE	environmental_samples	
ENVO:00000564	25	NCBITaxon:41976	Porphyromonas catoniae	1.03249	TRUE	environmental_samples	
ENVO:00000856	1	NCBITaxon:1111737	Thermocrispum municipale DSM 44069	4	TRUE	annotated_genomes_isolates	
ENVO:00000856	2	NCBITaxon:1596	Lactobacillus gasseri	4	TRUE	environmental_samples	
ENVO:00000856	3	NCBITaxon:266940	Kineococcus radiotolerans SRS30216 = ATCC BAA-149	4	TRUE	environmental_samples	
ENVO:00000856	4	NCBITaxon:447082	Flavobacterium sp. S1	4	TRUE	environmental_samples	
ENVO:00000856	5	NCBITaxon:471852	Thermomonospora curvata DSM 43183	4	TRUE	annotated_genomes_isolates	
ENVO:00000856	6	NCBITaxon:47714	Lacticaseibacillus paracasei subsp. paracasei	4	TRUE	environmental_samples	
ENVO:00000856	7	NCBITaxon:47770	Lactobacillus crispatus	4	TRUE	environmental_samples	
ENVO:00000856	8	NCBITaxon:520487	Brucella suis bv. 3 str. 686	4	TRUE	environmental_samples	
ENVO:00000856	9	NCBITaxon:525367	Listeria grayi DSM 20601	4	TRUE	environmental_samples	
ENVO:00000856	10	NCBITaxon:6945		4	TRUE	environmental_samples	
ENVO:00000856	11	NCBITaxon:717606	Paenibacillus curdlanolyticus YK9	4	TRUE	annotated_genomes_isolates|environmental_samples	
ENVO:00000856	12	NCBITaxon:749550	Escherichia coli MS 200-1	4	TRUE	environmental_samples	
ENVO:00000856	13	NCBITaxon:9606		4	TRUE	environmental_samples	
ENVO:00000856	14	NCBITaxon:1037355		3	TRUE	annotated_genomes_isolates	
ENVO:00000856	15	NCBITaxon:1040978	Cupriavidus taiwanensis STM 6018	3	TRUE	annotated_genomes_isolates	
ENVO:00000856	16	NCBITaxon:1041157	Sinorhizobium meliloti WSM1022	3	TRUE	annotated_genomes_isolates	
ENVO:00000856	17	NCBITaxon:1089547	Rudanella lutea DSM 19387	3	TRUE	annotated_genomes_isolates	
ENVO:00000856	18	NCBITaxon:1120971	Alicyclobacillus contaminans DSM 17975	3	TRUE	annotated_genomes_isolates	
ENVO:00000856	19	NCBITaxon:1121014	Arenimonas donghaensis DSM 18148 = HO3-R19	3	TRUE	annotated_genomes_isolates	
ENVO:00000856	20	NCBITaxon:1121018	Arsenophonus nasoniae DSM 15247	3	TRUE	annotated_genomes_isolates	
ENVO:00000856	21	NCBITaxon:1121028	Aureimonas ureilytica DSM 18598 = NBRC 106430	3	TRUE	annotated_genomes_isolates	
ENVO:00000856	22	NCBITaxon:1121106	Belnapia moabensis DSM 16746	3	TRUE	annotated_genomes_isolates	
ENVO:00000856	23	NCBITaxon:1121466	Oleidesulfovibrio vietnamensis DSM 10520	3	TRUE	annotated_genomes_isolates	
ENVO:00000856	24	NCBITaxon:1121899	Flavobacterium suncheonense GH29-5 = DSM 17707	3	TRUE	annotated_genomes_isolates	
ENVO:00000856	25	NCBITaxon:1121936	Halalkalibacillus halophilus DSM 18494	3	TRUE	annotated_genomes_isolates	
ENVO:00000873	1	NCBITaxon:100038	Montagnula opulenta	4	TRUE	environmental_samples	
ENVO:00000873	2	NCBITaxon:1001240	Cryobacterium roopkundense	4	TRUE	annotated_genomes_isolates	
ENVO:00000873	3	NCBITaxon:102232	Gloeocapsa sp. PCC 73106	4	TRUE	annotated_genomes_isolates	
ENVO:00000873	4	NCBITaxon:1026	Marinoscillum furvescens	4	TRUE	environmental_samples	
ENVO:00000873	5	NCBITaxon:102822		4	TRUE	environmental_samples	
ENVO:00000873	6	NCBITaxon:103	Flectobacillus major	4	TRUE	environmental_samples	
ENVO:00000873	7	NCBITaxon:103810	Riemerella columbina	4	TRUE	environmental_samples	
ENVO:00000873	8	NCBITaxon:104176	Oscillochloris trichoides	4	TRUE	environmental_samples	
ENVO:00000873	9	NCBITaxon:104245	Clavaria zollingeri	4	TRUE	environmental_samples	
ENVO:00000873	10	NCBITaxon:1046938	Candidatus Aenigmarchaeota archaeon SCGC AAA011-F07	4	TRUE	annotated_genomes_isolates	
ENVO:00000873	11	NCBITaxon:1046985	Parcubacteria bacterium SCGC AAA011-A08	4	TRUE	annotated_genomes_isolates	
ENVO:00000873	12	NCBITaxon:1046987	Parcubacteria bacterium SCGC AAA011-A09	4	TRUE	annotated_genomes_isolates	
ENVO:00000873	13	NCBITaxon:1046989	Parcubacteria bacterium SCGC AAA011-J21	4	TRUE	annotated_genomes_isolates	
ENVO:00000873	14	NCBITaxon:1046996	Parcubacteria bacterium SCGC AAA010-E09	4	TRUE	annotated_genomes_isolates	
ENVO:00000873	15	NCBITaxon:1047003	Candidatus Microgenomatus auricola SCGC AAA011-E14	4	TRUE	annotated_genomes_isolates	
ENVO:00000873	16	NCBITaxon:1047010	Omnitrophica bacterium SCGC AAA011-L16	4	TRUE	annotated_genomes_isolates	
ENVO:00000873	17	NCBITaxon:1054498	Rivihabitans pingtungensis	4	TRUE	annotated_genomes_isolates	BACDIVE
ENVO:00000873	18	NCBITaxon:106111	Pedobacter sp. KP-2	4	TRUE	environmental_samples	
ENVO:00000873	19	NCBITaxon:1069080	Succinispira mobilis DSM 6222	4	TRUE	annotated_genomes_isolates	
ENVO:00000873	20	NCBITaxon:1069082	Halomicrobium katesii DSM 19301	4	TRUE	annotated_genomes_isolates	
ENVO:00000873	21	NCBITaxon:1074	Rhodoblastus acidophilus	4	TRUE	environmental_samples	
ENVO:00000873	22	NCBITaxon:107633	Methylocystis sp. LW5	4	TRUE	annotated_genomes_isolates	
ENVO:00000873	23	NCBITaxon:107635	Methylosinus sp. LW3	4	TRUE	annotated_genomes_isolates	
ENVO:00000873	24	NCBITaxon:107636	Methylosinus sp. PW1	4	TRUE	annotated_genomes_isolates	
ENVO:00000873	25	NCBITaxon:107637	Methylomonas sp. LW13	4	TRUE	annotated_genomes_isolates	
ENVO:00000887	1	NCBITaxon:2850	Phaeodactylum tricornutum	2.5246	TRUE	environmental_samples	
ENVO:00000887	2	NCBITaxon:452638	Polynucleobacter necessarius STIR1	2.45337	TRUE	environmental_samples	
ENVO:00000887	3	NCBITaxon:535289	[Acidovorax] ebreus TPSY	2.44284	TRUE	environmental_samples	
ENVO:00000887	4	NCBITaxon:312153	Polynucleobacter asymbioticus QLW-P1DMWA-1	2.44056	TRUE	environmental_samples	
ENVO:00000887	5	NCBITaxon:563045	Comamonas testosteroni S44	2.43453	TRUE	environmental_samples	
ENVO:00000887	6	NCBITaxon:232721	Acidovorax sp. JS42	2.43405	TRUE	environmental_samples	
ENVO:00000887	7	NCBITaxon:159087	Dechloromonas aromatica RCB	2.43246	TRUE	environmental_samples	
ENVO:00000887	8	NCBITaxon:279714	Pseudogulbenkiania ferrooxidans 2002	2.43161	TRUE	environmental_samples	
ENVO:00000887	9	NCBITaxon:375286	Janthinobacterium sp. Marseille	2.43154	TRUE	environmental_samples	
ENVO:00000887	10	NCBITaxon:746360	Pseudomonas fluorescens WH6	2.43138	TRUE	environmental_samples	
ENVO:00000887	11	NCBITaxon:398578	Delftia acidovorans SPH-1	2.43098	TRUE	environmental_samples	
ENVO:00000887	12	NCBITaxon:573060	Acidovorax delafieldii 2AN	2.4308	TRUE	environmental_samples	
ENVO:00000887	13	NCBITaxon:1218948	Pseudomonas fluorescens PF5	2.42859	TRUE	environmental_samples	
ENVO:00000887	14	NCBITaxon:610380		2.42813	TRUE	environmental_samples	
ENVO:00000887	15	NCBITaxon:205922	Pseudomonas fluorescens Pf0-1	2.42784	TRUE	environmental_samples	
ENVO:00000887	16	NCBITaxon:3055		2.42688	TRUE	environmental_samples	
ENVO:00000887	17	NCBITaxon:1058	Thiocapsa roseopersicina	2.4267	TRUE	environmental_samples	
ENVO:00000887	18	NCBITaxon:39947		2.42642	TRUE	environmental_samples	
ENVO:00000887	19	NCBITaxon:371731	Rhodobacter ferrooxidans	2.42641	TRUE	environmental_samples	
ENVO:00000887	20	NCBITaxon:204773	Herminiimonas arsenicoxydans	2.42597	TRUE	environmental_samples	
ENVO:00000887	21	NCBITaxon:292415	Thiobacillus denitrificans ATCC 25259	2.4255	TRUE	environmental_samples	
ENVO:00000887	22	NCBITaxon:710696	Intrasporangium calvum DSM 43043	2.42547	TRUE	environmental_samples	
ENVO:00000887	23	NCBITaxon:666681	Methylotenera versatilis 301	2.42497	TRUE	environmental_samples	
ENVO:00000887	24	NCBITaxon:365044	Polaromonas naphthalenivorans CJ2	2.42322	TRUE	environmental_samples	
ENVO:00000887	25	NCBITaxon:643561	Paracidovorax avenae ATCC 19860	2.42302	TRUE	environmental_samples	
ENVO:00000890	1	NCBITaxon:1026	Marinoscillum furvescens	4	TRUE	environmental_samples	
ENVO:00000890	2	NCBITaxon:104176	Oscillochloris trichoides	4	TRUE	environmental_samples	
ENVO:00000890	3	NCBITaxon:1044	Erythrobacter longus	4	TRUE	environmental_samples	
ENVO:00000890	4	NCBITaxon:109263	Halothiobacillus kellyi	4	TRUE	environmental_samples	
ENVO:00000890	5	NCBITaxon:128	Isosphaera pallida	4	TRUE	environmental_samples	
ENVO:00000890	6	NCBITaxon:1396	Bacillus cereus	4	TRUE	environmental_samples	
ENVO:00000890	7	NCBITaxon:1423814	Limosilactobacillus vaginalis DSM 5837 = ATCC 49540	4	TRUE	environmental_samples	
ENVO:00000890	8	NCBITaxon:143223	Salegentibacter salegens	4	TRUE	environmental_samples	
ENVO:00000890	9	NCBITaxon:1502	Clostridium perfringens	4	TRUE	environmental_samples	
ENVO:00000890	10	NCBITaxon:1510	Thermoclostridium stercorarium	4	TRUE	environmental_samples	
ENVO:00000890	11	NCBITaxon:173	Leptospira interrogans	4	TRUE	environmental_samples	
ENVO:00000890	12	NCBITaxon:224438	Marichromatium indicum	4	TRUE	environmental_samples	
ENVO:00000890	13	NCBITaxon:2369	Arhodomonas aquaeolei	4	TRUE	environmental_samples	
ENVO:00000890	14	NCBITaxon:237727	Erythrobacter sp. NAP1	4	TRUE	environmental_samples	
ENVO:00000890	15	NCBITaxon:238	Elizabethkingia meningoseptica	4	TRUE	environmental_samples	
ENVO:00000890	16	NCBITaxon:241368	Desulfovibrio ferrophilus	4	TRUE	environmental_samples	
ENVO:00000890	17	NCBITaxon:262076	Marinobacter flavimaris	4	TRUE	environmental_samples	
ENVO:00000890	18	NCBITaxon:266940	Kineococcus radiotolerans SRS30216 = ATCC BAA-149	4	TRUE	environmental_samples	
ENVO:00000890	19	NCBITaxon:28122	Fibrobacter intestinalis	4	TRUE	environmental_samples	
ENVO:00000890	20	NCBITaxon:28251	Ornithobacterium rhinotracheale	4	TRUE	environmental_samples	
ENVO:00000890	21	NCBITaxon:293091	Haloquadratum walsbyi	4	TRUE	environmental_samples	
ENVO:00000890	22	NCBITaxon:301375	Methanothrix harundinacea	4	TRUE	environmental_samples	
ENVO:00000890	23	NCBITaxon:313596	Robiginitalea biformata HTCC2501	4	TRUE	environmental_samples	
ENVO:00000890	24	NCBITaxon:314260	Parvularcula bermudensis HTCC2503	4	TRUE	environmental_samples	
ENVO:00000890	25	NCBITaxon:34003	Paracoccus aminophilus	4	TRUE	environmental_samples	
ENVO:00000891	1	NCBITaxon:1026	Marinoscillum furvescens	4	TRUE	environmental_samples	
ENVO:00000891	2	NCBITaxon:103	Flectobacillus major	4	TRUE	environmental_samples	
ENVO:00000891	3	NCBITaxon:103810	Riemerella columbina	4	TRUE	environmental_samples	
ENVO:00000891	4	NCBITaxon:104245	Clavaria zollingeri	4	TRUE	environmental_samples	
ENVO:00000891	5	NCBITaxon:106111	Pedobacter sp. KP-2	4	TRUE	environmental_samples	
ENVO:00000891	6	NCBITaxon:1063	Cereibacter sphaeroides	4	TRUE	environmental_samples	
ENVO:00000891	7	NCBITaxon:114715	uncultured Ralstonia sp.	4	TRUE	environmental_samples	
ENVO:00000891	8	NCBITaxon:121845		4	TRUE	environmental_samples	
ENVO:00000891	9	NCBITaxon:1265	Ruminococcus flavefaciens	4	TRUE	environmental_samples	
ENVO:00000891	10	NCBITaxon:128	Isosphaera pallida	4	TRUE	environmental_samples	
ENVO:00000891	11	NCBITaxon:1436140	Ulnaria acus	4	TRUE	environmental_samples	
ENVO:00000891	12	NCBITaxon:147	Spirochaeta aurantia	4	TRUE	environmental_samples	
ENVO:00000891	13	NCBITaxon:1505	Paraclostridium sordellii	4	TRUE	environmental_samples	
ENVO:00000891	14	NCBITaxon:152	Zuelzera stenostrepta	4	TRUE	environmental_samples	
ENVO:00000891	15	NCBITaxon:1537	Romboutsia lituseburensis	4	TRUE	environmental_samples	
ENVO:00000891	16	NCBITaxon:154510		4	TRUE	environmental_samples	
ENVO:00000891	17	NCBITaxon:155715		4	TRUE	environmental_samples	
ENVO:00000891	18	NCBITaxon:156	Teretinema zuelzerae	4	TRUE	environmental_samples	
ENVO:00000891	19	NCBITaxon:158751	uncultured Acidovorax sp.	4	TRUE	environmental_samples	
ENVO:00000891	20	NCBITaxon:1684	Bifidobacterium asteroides	4	TRUE	environmental_samples	
ENVO:00000891	21	NCBITaxon:168471	Laribacter hongkongensis	4	TRUE	environmental_samples	
ENVO:00000891	22	NCBITaxon:173	Leptospira interrogans	4	TRUE	environmental_samples	
ENVO:00000891	23	NCBITaxon:1732	Eubacterium oxidoreducens	4	TRUE	environmental_samples	
ENVO:00000891	24	NCBITaxon:173764	Cytophaga sp. MBIC01539	4	TRUE	environmental_samples	
ENVO:00000891	25	NCBITaxon:185294	Segatella paludivivens	4	TRUE	environmental_samples	
ENVO:00000892	1	NCBITaxon:103	Flectobacillus major	4	TRUE	environmental_samples	
ENVO:00000892	2	NCBITaxon:104176	Oscillochloris trichoides	4	TRUE	environmental_samples	
ENVO:00000892	3	NCBITaxon:104245	Clavaria zollingeri	4	TRUE	environmental_samples	
ENVO:00000892	4	NCBITaxon:106111	Pedobacter sp. KP-2	4	TRUE	environmental_samples	
ENVO:00000892	5	NCBITaxon:1063	Cereibacter sphaeroides	4	TRUE	environmental_samples	
ENVO:00000892	6	NCBITaxon:106592	Ensifer adhaerens	4	TRUE	environmental_samples	
ENVO:00000892	7	NCBITaxon:108901	Porodaedalea pini	4	TRUE	environmental_samples	
ENVO:00000892	8	NCBITaxon:108943		4	TRUE	environmental_samples	
ENVO:00000892	9	NCBITaxon:109635	Flammula alnicola	4	TRUE	environmental_samples	
ENVO:00000892	10	NCBITaxon:111805	Actinomadura pelletieri	4	TRUE	environmental_samples	
ENVO:00000892	11	NCBITaxon:112248	Seinonella peptonophila	4	TRUE	environmental_samples	
ENVO:00000892	12	NCBITaxon:114707	uncultured Pseudomonas sp.	4	TRUE	environmental_samples	
ENVO:00000892	13	NCBITaxon:114715	uncultured Ralstonia sp.	4	TRUE	environmental_samples	
ENVO:00000892	14	NCBITaxon:117681	Pseudomonas gingeri	4	TRUE	environmental_samples	
ENVO:00000892	15	NCBITaxon:120749		4	TRUE	environmental_samples	
ENVO:00000892	16	NCBITaxon:127520	Gremmeniella abietina	4	TRUE	environmental_samples	
ENVO:00000892	17	NCBITaxon:128	Isosphaera pallida	4	TRUE	environmental_samples	
ENVO:00000892	18	NCBITaxon:129817	Pseudomonas brenneri	4	TRUE	environmental_samples	
ENVO:00000892	19	NCBITaxon:130049	Paenibacillus dendritiformis	4	TRUE	environmental_samples	
ENVO:00000892	20	NCBITaxon:134561	Nocardioides sp. C190	4	TRUE	environmental_samples	
ENVO:00000892	21	NCBITaxon:13690	Sphingobium yanoikuyae	4	TRUE	environmental_samples	
ENVO:00000892	22	NCBITaxon:1397	Niallia circulans	4	TRUE	environmental_samples	
ENVO:00000892	23	NCBITaxon:1399	Cytobacillus firmus	4	TRUE	environmental_samples	
ENVO:00000892	24	NCBITaxon:1402	Bacillus licheniformis	4	TRUE	environmental_samples	
ENVO:00000892	25	NCBITaxon:1406	Paenibacillus polymyxa	4	TRUE	environmental_samples	
ENVO:00000893	1	NCBITaxon:112248	Seinonella peptonophila	4	TRUE	environmental_samples	
ENVO:00000893	2	NCBITaxon:1399	Cytobacillus firmus	4	TRUE	environmental_samples	
ENVO:00000893	3	NCBITaxon:194373	uncultured Hyphomicrobium sp.	4	TRUE	environmental_samples	
ENVO:00000893	4	NCBITaxon:196162	Nocardioides sp. JS614	4	TRUE	environmental_samples	
ENVO:00000893	5	NCBITaxon:199684	uncultured Bradyrhizobium sp.	4	TRUE	environmental_samples	
ENVO:00000893	6	NCBITaxon:231024	Streptomyces africanus	4	TRUE	environmental_samples	
ENVO:00000893	7	NCBITaxon:266940	Kineococcus radiotolerans SRS30216 = ATCC BAA-149	4	TRUE	environmental_samples	
ENVO:00000893	8	NCBITaxon:28034	Sulfobacillus thermosulfidooxidans	4	TRUE	environmental_samples	
ENVO:00000893	9	NCBITaxon:28115	Porphyromonas macacae	4	TRUE	environmental_samples	
ENVO:00000893	10	NCBITaxon:29290	Candidatus Magnetobacterium bavaricum	4	TRUE	environmental_samples	
ENVO:00000893	11	NCBITaxon:29346	Alkalithermobacter thermoalcaliphilus	4	TRUE	environmental_samples	
ENVO:00000893	12	NCBITaxon:29355	Ruminiclostridium cellobioparum	4	TRUE	environmental_samples	
ENVO:00000893	13	NCBITaxon:29539	Thermoleophilum album	4	TRUE	environmental_samples	
ENVO:00000893	14	NCBITaxon:330214	Nitrospira defluvii	4	TRUE	environmental_samples	
ENVO:00000893	15	NCBITaxon:34073	Variovorax paradoxus	4	TRUE	environmental_samples	
ENVO:00000893	16	NCBITaxon:36987		4	TRUE	environmental_samples	
ENVO:00000893	17	NCBITaxon:379066	Gemmatimonas aurantiaca T-27	4	TRUE	environmental_samples	
ENVO:00000893	18	NCBITaxon:39946		4	TRUE	environmental_samples	
ENVO:00000893	19	NCBITaxon:411485	Faecalibacterium prausnitzii M21/2	4	TRUE	environmental_samples	
ENVO:00000893	20	NCBITaxon:428125	[Clostridium] leptum DSM 753	4	TRUE	environmental_samples	
ENVO:00000893	21	NCBITaxon:44576	Nitrosomonas halophila	4	TRUE	environmental_samples	
ENVO:00000893	22	NCBITaxon:45465	Vogesella indigofera	4	TRUE	environmental_samples	
ENVO:00000893	23	NCBITaxon:457427	Streptomyces himastatinicus ATCC 53653	4	TRUE	environmental_samples	
ENVO:00000893	24	NCBITaxon:469383	Conexibacter woesei DSM 14684	4	TRUE	environmental_samples	
ENVO:00000893	25	NCBITaxon:479432	Streptosporangium roseum DSM 43021	4	TRUE	environmental_samples	
ENVO:00001995	1	NCBITaxon:104245	Clavaria zollingeri	4	TRUE	environmental_samples	
ENVO:00001995	2	NCBITaxon:105420	Streptacidiphilus neutrinimicus	4	TRUE	environmental_samples	
ENVO:00001995	3	NCBITaxon:106111	Pedobacter sp. KP-2	4	TRUE	environmental_samples	
ENVO:00001995	4	NCBITaxon:1069	Rhodomicrobium vannielii	4	TRUE	environmental_samples	
ENVO:00001995	5	NCBITaxon:1074	Rhodoblastus acidophilus	4	TRUE	environmental_samples	
ENVO:00001995	6	NCBITaxon:108015	Bradyrhizobium yuanmingense	4	TRUE	environmental_samples	
ENVO:00001995	7	NCBITaxon:1108	Chloroflexus aurantiacus	4	TRUE	environmental_samples	
ENVO:00001995	8	NCBITaxon:111805	Actinomadura pelletieri	4	TRUE	environmental_samples	
ENVO:00001995	9	NCBITaxon:112235	Neochlamydia hartmannellae	4	TRUE	environmental_samples	
ENVO:00001995	10	NCBITaxon:112248	Seinonella peptonophila	4	TRUE	environmental_samples	
ENVO:00001995	11	NCBITaxon:114715	uncultured Ralstonia sp.	4	TRUE	environmental_samples	
ENVO:00001995	12	NCBITaxon:121608	Paenibacillus koleovorans	4	TRUE	environmental_samples	
ENVO:00001995	13	NCBITaxon:128	Isosphaera pallida	4	TRUE	environmental_samples	
ENVO:00001995	14	NCBITaxon:129542	Placynthiella icmalea	4	TRUE	environmental_samples	
ENVO:00001995	15	NCBITaxon:134355	Ceramothyrium carniolicum	4	TRUE	environmental_samples	
ENVO:00001995	16	NCBITaxon:1371	Marinococcus halophilus	4	TRUE	environmental_samples	
ENVO:00001995	17	NCBITaxon:1391	Aneurinibacillus aneurinilyticus	4	TRUE	environmental_samples	
ENVO:00001995	18	NCBITaxon:1396	Bacillus cereus	4	TRUE	environmental_samples	
ENVO:00001995	19	NCBITaxon:1397	Niallia circulans	4	TRUE	environmental_samples	
ENVO:00001995	20	NCBITaxon:1399	Cytobacillus firmus	4	TRUE	environmental_samples	
ENVO:00001995	21	NCBITaxon:1406	Paenibacillus polymyxa	4	TRUE	environmental_samples	
ENVO:00001995	22	NCBITaxon:1409	Bacillus sp. (in: firmicutes)	4	TRUE	environmental_samples	
ENVO:00001995	23	NCBITaxon:1451	Paenibacillus amylolyticus	4	TRUE	environmental_samples	
ENVO:00001995	24	NCBITaxon:147	Spirochaeta aurantia	4	TRUE	environmental_samples	
ENVO:00001995	25	NCBITaxon:1510	Thermoclostridium stercorarium	4	TRUE	environmental_samples	
ENVO:00001997	1	NCBITaxon:768535	Acidipila rosea	4	TRUE	annotated_genomes_isolates	
ENVO:00001997	2	NCBITaxon:1121877	Ferrimicrobium acidiphilum DSM 19497	3	TRUE	annotated_genomes_isolates	
ENVO:00001997	3	NCBITaxon:349163	Acidiphilium cryptum JF-5	3	TRUE	annotated_genomes_isolates	
ENVO:00001998	1	NCBITaxon:5530	Metarhizium anisopliae	4.00727	TRUE	environmental_samples	
ENVO:00001998	2	NCBITaxon:509191	Acetivibrio cellulolyticus CD2	4.00702	TRUE	environmental_samples	
ENVO:00001998	3	NCBITaxon:167879	Colwellia psychrerythraea 34H	4.00702	TRUE	environmental_samples	
ENVO:00001998	4	NCBITaxon:550	Enterobacter cloacae	4.00689	TRUE	environmental_samples	MADIN
ENVO:00001998	5	NCBITaxon:477974	Candidatus Desulforudis audaxviator MP104C	4.00634	TRUE	environmental_samples	
ENVO:00001998	6	NCBITaxon:350054	Mycolicibacterium gilvum PYR-GCK	4.00627	TRUE	environmental_samples	
ENVO:00001998	7	NCBITaxon:236097	Alcanivorax sp. DG881	4.00476	TRUE	environmental_samples	
ENVO:00001998	8	NCBITaxon:698936	Sinorhizobium meliloti BL225C	4.00432	TRUE	annotated_genomes_isolates|environmental_samples	
ENVO:00001998	9	NCBITaxon:229533	Fusarium graminearum PH-1	4.00427	TRUE	environmental_samples	
ENVO:00001998	10	NCBITaxon:555779	Desulfonatronospira thiodismutans ASO3-1	4.00358	TRUE	environmental_samples	
ENVO:00001998	11	NCBITaxon:391587	Kordia algicida OT-1	4.00347	TRUE	environmental_samples	
ENVO:00001998	12	NCBITaxon:377431	Chlorobium ferrooxidans DSM 13031	4.00325	TRUE	environmental_samples	
ENVO:00001998	13	NCBITaxon:392917	Paenibacillus larvae subsp. larvae BRL-230010	4.00306	TRUE	environmental_samples	
ENVO:00001998	14	NCBITaxon:398720	Leeuwenhoekiella blandensis MED217	4.00297	TRUE	environmental_samples	
ENVO:00001998	15	NCBITaxon:402612	Flavobacterium psychrophilum JIP02/86	4.00281	TRUE	environmental_samples	
ENVO:00001998	16	NCBITaxon:324925	Pelodictyon phaeoclathratiforme BU-1	4.00257	TRUE	environmental_samples	
ENVO:00001998	17	NCBITaxon:391613	Roseovarius sp. TM1035	4.00247	TRUE	environmental_samples	
ENVO:00001998	18	NCBITaxon:232721	Acidovorax sp. JS42	4.00217	TRUE	annotated_genomes_isolates|environmental_samples	MADIN
ENVO:00001998	19	NCBITaxon:314277	Marinomonas sp. MED121	4.00181	TRUE	environmental_samples	
ENVO:00001998	20	NCBITaxon:391624	Sulfitobacter indolifex HEL-45	4.00128	TRUE	environmental_samples	
ENVO:00001998	21	NCBITaxon:641491	Pseudodesulfovibrio mercurii	4.00008	TRUE	environmental_samples	
ENVO:00001998	22	NCBITaxon:100038	Montagnula opulenta	4	TRUE	environmental_samples	
ENVO:00001998	23	NCBITaxon:100052	Delitschia winteri	4	TRUE	environmental_samples	
ENVO:00001998	24	NCBITaxon:1005740	Aminivibrio pyruvatiphilus	4	TRUE	annotated_genomes_isolates	MADIN
ENVO:00001998	25	NCBITaxon:1007092	Microlunatus terrae	4	TRUE	annotated_genomes_isolates	
ENVO:00001999	1	NCBITaxon:102	Polaribacter glomeratus	4	TRUE	environmental_samples	
ENVO:00001999	2	NCBITaxon:1026	Marinoscillum furvescens	4	TRUE	environmental_samples	
ENVO:00001999	3	NCBITaxon:104268	Tenacibaculum mesophilum	4	TRUE	environmental_samples	
ENVO:00001999	4	NCBITaxon:107401	Tenacibaculum maritimum	4	TRUE	environmental_samples	
ENVO:00001999	5	NCBITaxon:111770	Thiothrix fructosivorans	4	TRUE	environmental_samples	
ENVO:00001999	6	NCBITaxon:114404	Edaphosphingomonas fennica	4	TRUE	environmental_samples	
ENVO:00001999	7	NCBITaxon:1282	Staphylococcus epidermidis	4	TRUE	environmental_samples	
ENVO:00001999	8	NCBITaxon:132144	Candidatus Glomeribacter gigasporarum	4	TRUE	environmental_samples	
ENVO:00001999	9	NCBITaxon:133924	Leisingera methylohalidivorans	4	TRUE	environmental_samples	
ENVO:00001999	10	NCBITaxon:13616		4	TRUE	environmental_samples	
ENVO:00001999	11	NCBITaxon:1371	Marinococcus halophilus	4	TRUE	environmental_samples	
ENVO:00001999	12	NCBITaxon:143223	Salegentibacter salegens	4	TRUE	environmental_samples	
ENVO:00001999	13	NCBITaxon:156128		4	TRUE	environmental_samples	
ENVO:00001999	14	NCBITaxon:156133		4	TRUE	environmental_samples	
ENVO:00001999	15	NCBITaxon:158080		4	TRUE	environmental_samples	
ENVO:00001999	16	NCBITaxon:158500	Novosphingobium resinovorum	4	TRUE	environmental_samples	
ENVO:00001999	17	NCBITaxon:168275	Psychromonas arctica	4	TRUE	environmental_samples	
ENVO:00001999	18	NCBITaxon:172371	Alloalcanivorax venustensis	4	TRUE	environmental_samples	BACDIVE
ENVO:00001999	19	NCBITaxon:173365	Methylobacter tundripaludum	4	TRUE	environmental_samples	
ENVO:00001999	20	NCBITaxon:180542	Salinisphaera shabanensis	4	TRUE	environmental_samples	BACDIVE
ENVO:00001999	21	NCBITaxon:184914	Corallococcus coralloides	4	TRUE	environmental_samples	BACDIVE
ENVO:00001999	22	NCBITaxon:186022	Thalassionema frauenfeldii	4	TRUE	environmental_samples	
ENVO:00001999	23	NCBITaxon:188908	Oleispira antarctica	4	TRUE	environmental_samples	
ENVO:00001999	24	NCBITaxon:190308	Shewanella schlegeliana	4	TRUE	environmental_samples	
ENVO:00001999	25	NCBITaxon:191302	Devosia neptuniae	4	TRUE	environmental_samples	
ENVO:00002000	1	NCBITaxon:3218		4	TRUE	environmental_samples	
ENVO:00002000	2	NCBITaxon:45351		4	TRUE	environmental_samples	
ENVO:00002000	3	NCBITaxon:1919273	Candidatus Desulfopertinax cowenii	3	TRUE	annotated_genomes_isolates	
ENVO:00002000	4	NCBITaxon:1934978	Acinetobacter sp. JdFR-94	3	TRUE	annotated_genomes_isolates	
ENVO:00002000	5	NCBITaxon:1934979	Archaeoglobus sp. JdFR-22	3	TRUE	annotated_genomes_isolates	
ENVO:00002000	6	NCBITaxon:1934980	Archaeoglobus sp. JdFR-23	3	TRUE	annotated_genomes_isolates	
ENVO:00002000	7	NCBITaxon:1934981	Archaeoglobus sp. JdFR-24	3	TRUE	annotated_genomes_isolates	
ENVO:00002000	8	NCBITaxon:1934982	Archaeoglobus sp. JdFR-25	3	TRUE	annotated_genomes_isolates	
ENVO:00002000	9	NCBITaxon:1934983	Archaeoglobus sp. JdFR-26	3	TRUE	annotated_genomes_isolates	
ENVO:00002000	10	NCBITaxon:1934984	Archaeoglobus sp. JdFR-27	3	TRUE	annotated_genomes_isolates	
ENVO:00002000	11	NCBITaxon:1934985	Archaeoglobus sp. JdFR-28	3	TRUE	annotated_genomes_isolates	
ENVO:00002000	12	NCBITaxon:1934986	Archaeoglobus sp. JdFR-29	3	TRUE	annotated_genomes_isolates	
ENVO:00002000	13	NCBITaxon:1934987	Archaeoglobus sp. JdFR-30	3	TRUE	annotated_genomes_isolates	
ENVO:00002000	14	NCBITaxon:1934988	Archaeoglobus sp. JdFR-31	3	TRUE	annotated_genomes_isolates	
ENVO:00002000	15	NCBITaxon:1934989	Archaeoglobus sp. JdFR-32	3	TRUE	annotated_genomes_isolates	
ENVO:00002000	16	NCBITaxon:1934990	Archaeoglobus sp. JdFR-33	3	TRUE	annotated_genomes_isolates	
ENVO:00002000	17	NCBITaxon:1934991	Archaeoglobus sp. JdFR-34	3	TRUE	annotated_genomes_isolates	
ENVO:00002000	18	NCBITaxon:1934992	Archaeoglobus sp. JdFR-35	3	TRUE	annotated_genomes_isolates	
ENVO:00002000	19	NCBITaxon:1934993	Archaeoglobus sp. JdFR-36	3	TRUE	annotated_genomes_isolates	
ENVO:00002000	20	NCBITaxon:1934994	Archaeoglobus sp. JdFR-37	3	TRUE	annotated_genomes_isolates	
ENVO:00002000	21	NCBITaxon:1934995	Archaeoglobus sp. JdFR-38	3	TRUE	annotated_genomes_isolates	
ENVO:00002000	22	NCBITaxon:1934996	Archaeoglobus sp. JdFR-39	3	TRUE	annotated_genomes_isolates	
ENVO:00002000	23	NCBITaxon:1934997	Archaeoglobus sp. JdFR-40	3	TRUE	annotated_genomes_isolates	
ENVO:00002000	24	NCBITaxon:1934998	Archaeoglobus sp. JdFR-41	3	TRUE	annotated_genomes_isolates	
ENVO:00002000	25	NCBITaxon:1934999	Cupriavidus sp. JdFR-90	3	TRUE	annotated_genomes_isolates	
ENVO:00002001	1	NCBITaxon:1046983	Hydrogenedentes bacterium JGI 0000059-N10	4	TRUE	annotated_genomes_isolates	
ENVO:00002001	2	NCBITaxon:1047009	Fidelibacterota bacterium SCGC AAA011-A05	4	TRUE	annotated_genomes_isolates	
ENVO:00002001	3	NCBITaxon:1047012	Caldiserica bacterium JGI 0000059-M03	4	TRUE	annotated_genomes_isolates	
ENVO:00002001	4	NCBITaxon:1047053	Atribacteria bacterium JGI 0000059-I14	4	TRUE	annotated_genomes_isolates	
ENVO:00002001	5	NCBITaxon:1047055	Fidelibacterota bacterium JGI 0000039-D08	4	TRUE	annotated_genomes_isolates	
ENVO:00002001	6	NCBITaxon:1047056	Fidelibacterota bacterium JGI 0000039-E15	4	TRUE	annotated_genomes_isolates	
ENVO:00002001	7	NCBITaxon:1047058	Fidelibacterota bacterium JGI 0000039-O11	4	TRUE	annotated_genomes_isolates	
ENVO:00002001	8	NCBITaxon:1047059	Fidelibacterota bacterium JGI 0000059-D20	4	TRUE	annotated_genomes_isolates	
ENVO:00002001	9	NCBITaxon:1047060	Fidelibacterota bacterium JGI 0000059-E23	4	TRUE	annotated_genomes_isolates	
ENVO:00002001	10	NCBITaxon:1047061	Fidelibacterota bacterium JGI 0000059-L03	4	TRUE	annotated_genomes_isolates	
ENVO:00002001	11	NCBITaxon:1047063	WS1 bacterium JGI 0000059-K21	4	TRUE	annotated_genomes_isolates	
ENVO:00002001	12	NCBITaxon:1047073	Cloacimonetes bacterium JGI 0000039-I17	4	TRUE	annotated_genomes_isolates	
ENVO:00002001	13	NCBITaxon:1047076	Cloacimonetes bacterium JGI 0000039-M09	4	TRUE	annotated_genomes_isolates	
ENVO:00002001	14	NCBITaxon:1047077	Cloacimonetes bacterium JGI 0000039-P09	4	TRUE	annotated_genomes_isolates	
ENVO:00002001	15	NCBITaxon:1047078	Cloacimonetes bacterium JGI 0000059-F17	4	TRUE	annotated_genomes_isolates	
ENVO:00002001	16	NCBITaxon:1047079	Cloacimonetes bacterium JGI 0000059-L07	4	TRUE	annotated_genomes_isolates	
ENVO:00002001	17	NCBITaxon:1047080	Cloacimonetes bacterium JGI 0000059-P03	4	TRUE	annotated_genomes_isolates	
ENVO:00002001	18	NCBITaxon:1047081	Cloacimonetes bacterium JGI 0000059-P11	4	TRUE	annotated_genomes_isolates	
ENVO:00002001	19	NCBITaxon:1058	Thiocapsa roseopersicina	4	TRUE	annotated_genomes_isolates	MADIN
ENVO:00002001	20	NCBITaxon:1089553	Thermacetogenium phaeum DSM 12270	4	TRUE	annotated_genomes_isolates	MADIN
ENVO:00002001	21	NCBITaxon:1104568	Synergistetes bacterium JGI 0000079-D21	4	TRUE	annotated_genomes_isolates	
ENVO:00002001	22	NCBITaxon:1104603	Atribacteria bacterium JGI 0000079-L04	4	TRUE	annotated_genomes_isolates	
ENVO:00002001	23	NCBITaxon:1104604	Atribacteria bacterium JGI 0000079-F20	4	TRUE	annotated_genomes_isolates	
ENVO:00002001	24	NCBITaxon:1104605	Armatimonadetes bacterium JGI 0000077-K19	4	TRUE	annotated_genomes_isolates	
ENVO:00002001	25	NCBITaxon:1104619	Hydrogenedentes bacterium JGI 0000077-D07	4	TRUE	annotated_genomes_isolates	
ENVO:00002002	1	NCBITaxon:36987		4	TRUE	environmental_samples	
ENVO:00002002	2	NCBITaxon:457427	Streptomyces himastatinicus ATCC 53653	4	TRUE	environmental_samples	
ENVO:00002002	3	NCBITaxon:1114972	Furfurilactobacillus rossiae DSM 15814	3	TRUE	annotated_genomes_isolates	
ENVO:00002002	4	NCBITaxon:1121126	Brochothrix thermosphacta DSM 20171 = FSL F6-1036	3	TRUE	annotated_genomes_isolates	
ENVO:00002002	5	NCBITaxon:1121295	Clostridium algidicarnis DSM 15099	3	TRUE	annotated_genomes_isolates	
ENVO:00002002	6	NCBITaxon:1121312	Clostridium frigidicarnis DSM 12271	3	TRUE	annotated_genomes_isolates	
ENVO:00002002	7	NCBITaxon:1121314	Clostridium gasigenes DSM 12272	3	TRUE	annotated_genomes_isolates	
ENVO:00002002	8	NCBITaxon:1121384		3	TRUE	annotated_genomes_isolates	
ENVO:00002002	9	NCBITaxon:1121941	Halomonas halodenitrificans DSM 735	3	TRUE	annotated_genomes_isolates	
ENVO:00002002	10	NCBITaxon:1122129	Jeotgalicoccus psychrophilus DSM 19085	3	TRUE	annotated_genomes_isolates	
ENVO:00002002	11	NCBITaxon:1122147	Schleiferilactobacillus harbinensis DSM 16991	3	TRUE	annotated_genomes_isolates	
ENVO:00002002	12	NCBITaxon:1122148	Fructilactobacillus lindneri DSM 20690 = JCM 11027	3	TRUE	annotated_genomes_isolates	
ENVO:00002002	13	NCBITaxon:1122151	Companilactobacillus paralimentarius DSM 13238 = JCM 10415	3	TRUE	annotated_genomes_isolates	
ENVO:00002002	14	NCBITaxon:1122211	Marinospirillum insulare DSM 21763	3	TRUE	annotated_genomes_isolates	
ENVO:00002002	15	NCBITaxon:1123359	Tetragenococcus muriaticus DSM 15685	3	TRUE	annotated_genomes_isolates	
ENVO:00002002	16	NCBITaxon:1123500	Weissella halotolerans DSM 20190	3	TRUE	annotated_genomes_isolates	
ENVO:00002002	17	NCBITaxon:1408434		3	TRUE	annotated_genomes_isolates	
ENVO:00002002	18	NCBITaxon:174587	Carnobacterium viridans	3	TRUE	annotated_genomes_isolates	
ENVO:00002002	19	NCBITaxon:2748	Carnobacterium divergens	3	TRUE	annotated_genomes_isolates	
ENVO:00002002	20	NCBITaxon:545534	Carnobacterium jeotgali	3	TRUE	annotated_genomes_isolates	
ENVO:00002002	21	NCBITaxon:795797	Halalkalicoccus jeotgali B3	3	TRUE	annotated_genomes_isolates	
ENVO:00002004	1	NCBITaxon:1012	Sporocytophaga cauliformis	4	TRUE	environmental_samples	
ENVO:00002004	2	NCBITaxon:103	Flectobacillus major	4	TRUE	environmental_samples	
ENVO:00002004	3	NCBITaxon:104245	Clavaria zollingeri	4	TRUE	environmental_samples	
ENVO:00002004	4	NCBITaxon:104336	Microbacterium foliorum	4	TRUE	environmental_samples	
ENVO:00002004	5	NCBITaxon:1061	Rhodobacter capsulatus	4	TRUE	environmental_samples	
ENVO:00002004	6	NCBITaxon:106111	Pedobacter sp. KP-2	4	TRUE	environmental_samples	
ENVO:00002004	7	NCBITaxon:1063	Cereibacter sphaeroides	4	TRUE	environmental_samples	
ENVO:00002004	8	NCBITaxon:106592	Ensifer adhaerens	4	TRUE	environmental_samples	
ENVO:00002004	9	NCBITaxon:107400	Methylobacterium fujisawaense	4	TRUE	environmental_samples	
ENVO:00002004	10	NCBITaxon:1079	Blastochloris viridis	4	TRUE	environmental_samples	
ENVO:00002004	11	NCBITaxon:108028	Arcanobacterium pluranimalium	4	TRUE	environmental_samples	
ENVO:00002004	12	NCBITaxon:110319	Nocardioides sp. CF8	4	TRUE	environmental_samples	
ENVO:00002004	13	NCBITaxon:110539		4	TRUE	environmental_samples	
ENVO:00002004	14	NCBITaxon:110645	Arthrobacter sp. 'SMCC ZAT004'	4	TRUE	environmental_samples	
ENVO:00002004	15	NCBITaxon:111143	Alishewanella fetalis	4	TRUE	environmental_samples	
ENVO:00002004	16	NCBITaxon:112235	Neochlamydia hartmannellae	4	TRUE	environmental_samples	
ENVO:00002004	17	NCBITaxon:114707	uncultured Pseudomonas sp.	4	TRUE	environmental_samples	
ENVO:00002004	18	NCBITaxon:114715	uncultured Ralstonia sp.	4	TRUE	environmental_samples	
ENVO:00002004	19	NCBITaxon:114847	uncultured Roseobacter sp.	4	TRUE	environmental_samples	
ENVO:00002004	20	NCBITaxon:117506	Comamonas denitrificans	4	TRUE	environmental_samples	
ENVO:00002004	21	NCBITaxon:1231	Nitrosospira multiformis	4	TRUE	environmental_samples	
ENVO:00002004	22	NCBITaxon:124798	Microbacterium phyllosphaerae	4	TRUE	environmental_samples	
ENVO:00002004	23	NCBITaxon:1260	Finegoldia magna	4	TRUE	environmental_samples	
ENVO:00002004	24	NCBITaxon:126843	Mesorhizobium chacoense	4	TRUE	environmental_samples	
ENVO:00002004	25	NCBITaxon:1270	Micrococcus luteus	4	TRUE	environmental_samples	
ENVO:00002005	1	NCBITaxon:1089547	Rudanella lutea DSM 19387	4	TRUE	annotated_genomes_isolates	
ENVO:00002005	2	NCBITaxon:1121028	Aureimonas ureilytica DSM 18598 = NBRC 106430	4	TRUE	annotated_genomes_isolates	
ENVO:00002005	3	NCBITaxon:1121953	Hymenobacter aerophilus DSM 13606	4	TRUE	annotated_genomes_isolates	
ENVO:00002005	4	NCBITaxon:1121957	Hymenobacter norwichensis DSM 15439	4	TRUE	annotated_genomes_isolates	
ENVO:00002005	5	NCBITaxon:1122215	Massilia niastensis DSM 21313	4	TRUE	annotated_genomes_isolates	
ENVO:00002005	6	NCBITaxon:1123060	Roseomonas aerilata DSM 19363	4	TRUE	annotated_genomes_isolates	
ENVO:00002005	7	NCBITaxon:1162967	Diaminobutyricimonas aerilata	4	TRUE	annotated_genomes_isolates	
ENVO:00002005	8	NCBITaxon:1162970	Homoserinimonas aerilata	4	TRUE	annotated_genomes_isolates	
ENVO:00002005	9	NCBITaxon:1344948	Sphingomonas aerophila	4	TRUE	annotated_genomes_isolates	
ENVO:00002005	10	NCBITaxon:172044	Sphingomonas yabuuchiae	4	TRUE	annotated_genomes_isolates	
ENVO:00002005	11	NCBITaxon:266940	Kineococcus radiotolerans SRS30216 = ATCC BAA-149	4	TRUE	environmental_samples	
ENVO:00002005	12	NCBITaxon:2719616	Hymenobacter artigasi	4	TRUE	annotated_genomes_isolates	
ENVO:00002005	13	NCBITaxon:2735894	Hymenobacter caeli	4	TRUE	annotated_genomes_isolates	
ENVO:00002005	14	NCBITaxon:2735895	Flavobacterium gelidicaeli	4	TRUE	annotated_genomes_isolates	
ENVO:00002005	15	NCBITaxon:2735896	Flavobacterium aeripolare	4	TRUE	annotated_genomes_isolates	
ENVO:00002005	16	NCBITaxon:2735898		4	TRUE	annotated_genomes_isolates	
ENVO:00002005	17	NCBITaxon:2735899	Frigoriflavimonas asaccharolytica	4	TRUE	annotated_genomes_isolates	
ENVO:00002005	18	NCBITaxon:343080	Chryseobacterium sp. R-25053	4	TRUE	environmental_samples	
ENVO:00002005	19	NCBITaxon:413712	Sphingomonas pseudosanguinis	4	TRUE	annotated_genomes_isolates	
ENVO:00002005	20	NCBITaxon:643673	Paenochrobactrum gallinarii	4	TRUE	annotated_genomes_isolates	
ENVO:00002005	21	NCBITaxon:710696	Intrasporangium calvum DSM 43043	4	TRUE	annotated_genomes_isolates|environmental_samples	
ENVO:00002005	22	NCBITaxon:84567	Pedobacter	4	TRUE	annotated_genomes_isolates	
ENVO:00002005	23	NCBITaxon:993416	Micrococcus cohnii	4	TRUE	annotated_genomes_isolates	
ENVO:00002005	24	NCBITaxon:1121003	Aquamicrobium aerolatum DSM 21857	3	TRUE	annotated_genomes_isolates	
ENVO:00002005	25	NCBITaxon:269482	Burkholderia vietnamiensis G4	3	TRUE	annotated_genomes_isolates|environmental_samples	
ENVO:00002006	1	NCBITaxon:1026	Marinoscillum furvescens	4	TRUE	environmental_samples	
ENVO:00002006	2	NCBITaxon:103	Flectobacillus major	4	TRUE	environmental_samples	
ENVO:00002006	3	NCBITaxon:103810	Riemerella columbina	4	TRUE	environmental_samples	
ENVO:00002006	4	NCBITaxon:104176	Oscillochloris trichoides	4	TRUE	environmental_samples	
ENVO:00002006	5	NCBITaxon:104245	Clavaria zollingeri	4	TRUE	environmental_samples	
ENVO:00002006	6	NCBITaxon:1045010	Escherichia coli O157	4	TRUE	environmental_samples	
ENVO:00002006	7	NCBITaxon:106111	Pedobacter sp. KP-2	4	TRUE	environmental_samples	
ENVO:00002006	8	NCBITaxon:1063	Cereibacter sphaeroides	4	TRUE	environmental_samples	
ENVO:00002006	9	NCBITaxon:106370	Frankia casuarinae	4	TRUE	environmental_samples	
ENVO:00002006	10	NCBITaxon:106592	Ensifer adhaerens	4	TRUE	environmental_samples	
ENVO:00002006	11	NCBITaxon:1074	Rhodoblastus acidophilus	4	TRUE	environmental_samples	
ENVO:00002006	12	NCBITaxon:107400	Methylobacterium fujisawaense	4	TRUE	environmental_samples	
ENVO:00002006	13	NCBITaxon:1085	Rhodospirillum rubrum	4	TRUE	environmental_samples	
ENVO:00002006	14	NCBITaxon:1087	Rhodovibrio salinarum	4	TRUE	environmental_samples	
ENVO:00002006	15	NCBITaxon:109263	Halothiobacillus kellyi	4	TRUE	environmental_samples	
ENVO:00002006	16	NCBITaxon:1096246	Hungatella effluvii	4	TRUE	annotated_genomes_isolates	
ENVO:00002006	17	NCBITaxon:110101	Laceyella putida	4	TRUE	environmental_samples	
ENVO:00002006	18	NCBITaxon:110933	Leifsonia poae	4	TRUE	environmental_samples	
ENVO:00002006	19	NCBITaxon:112235	Neochlamydia hartmannellae	4	TRUE	environmental_samples	
ENVO:00002006	20	NCBITaxon:112248	Seinonella peptonophila	4	TRUE	environmental_samples	
ENVO:00002006	21	NCBITaxon:1123325	Sulfurihydrogenibium subterraneum DSM 15120	4	TRUE	annotated_genomes_isolates	
ENVO:00002006	22	NCBITaxon:114628	Alkaliphilus transvaalensis	4	TRUE	environmental_samples	
ENVO:00002006	23	NCBITaxon:114707	uncultured Pseudomonas sp.	4	TRUE	environmental_samples	
ENVO:00002006	24	NCBITaxon:114712	uncultured Azospirillum sp.	4	TRUE	environmental_samples	
ENVO:00002006	25	NCBITaxon:114715	uncultured Ralstonia sp.	4	TRUE	environmental_samples	
ENVO:00002007	1	NCBITaxon:100226	Streptomyces coelicolor A3(2)	4	TRUE	environmental_samples	
ENVO:00002007	2	NCBITaxon:100884	Coprobacillus cateniformis	4	TRUE	environmental_samples	
ENVO:00002007	3	NCBITaxon:10090		4	TRUE	environmental_samples	
ENVO:00002007	4	NCBITaxon:10116		4	TRUE	environmental_samples	
ENVO:00002007	5	NCBITaxon:1015	Bergeyella zoohelcum	4	TRUE	environmental_samples	
ENVO:00002007	6	NCBITaxon:101510	Rhodococcus jostii RHA1	4	TRUE	environmental_samples	
ENVO:00002007	7	NCBITaxon:1026	Marinoscillum furvescens	4	TRUE	environmental_samples	
ENVO:00002007	8	NCBITaxon:1027	Microscilla marina	4	TRUE	environmental_samples	
ENVO:00002007	9	NCBITaxon:103	Flectobacillus major	4	TRUE	environmental_samples	
ENVO:00002007	10	NCBITaxon:1031541	Tropicimonas sediminicola	4	TRUE	annotated_genomes_isolates	
ENVO:00002007	11	NCBITaxon:103810	Riemerella columbina	4	TRUE	environmental_samples	
ENVO:00002007	12	NCBITaxon:104176	Oscillochloris trichoides	4	TRUE	environmental_samples	
ENVO:00002007	13	NCBITaxon:104245	Clavaria zollingeri	4	TRUE	environmental_samples	
ENVO:00002007	14	NCBITaxon:1045010	Escherichia coli O157	4	TRUE	environmental_samples	
ENVO:00002007	15	NCBITaxon:1046935	BRC1 bacterium SCGC AAA257-C11	4	TRUE	annotated_genomes_isolates	
ENVO:00002007	16	NCBITaxon:1047007	Omnitrophica bacterium SCGC AAA257-O07	4	TRUE	annotated_genomes_isolates	
ENVO:00002007	17	NCBITaxon:1047054	Fidelibacterota bacterium SCGC AAA257-N23	4	TRUE	annotated_genomes_isolates	
ENVO:00002007	18	NCBITaxon:1047066	Latescibacteria bacterium SCGC AAA257-K07	4	TRUE	annotated_genomes_isolates	
ENVO:00002007	19	NCBITaxon:104791		4	TRUE	environmental_samples	
ENVO:00002007	20	NCBITaxon:1048340	Marininema mesophilum	4	TRUE	annotated_genomes_isolates	
ENVO:00002007	21	NCBITaxon:1049583	Kocuria marina subsp. indica	4	TRUE	annotated_genomes_isolates	
ENVO:00002007	22	NCBITaxon:1053	Halorhodospira halophila	4	TRUE	environmental_samples	
ENVO:00002007	23	NCBITaxon:1057	Thiococcus pfennigii	4	TRUE	environmental_samples	
ENVO:00002007	24	NCBITaxon:1061	Rhodobacter capsulatus	4	TRUE	environmental_samples	
ENVO:00002007	25	NCBITaxon:106111	Pedobacter sp. KP-2	4	TRUE	environmental_samples	
ENVO:00002010	1	NCBITaxon:163503	Chaetoceros socialis	4	TRUE	environmental_samples	
ENVO:00002010	2	NCBITaxon:168759		4	TRUE	environmental_samples	
ENVO:00002010	3	NCBITaxon:184592		4	TRUE	environmental_samples	
ENVO:00002010	4	NCBITaxon:188541	Stellarima microtrias	4	TRUE	environmental_samples	
ENVO:00002010	5	NCBITaxon:216773	Corethron hystrix	4	TRUE	environmental_samples	
ENVO:00002010	6	NCBITaxon:266940	Kineococcus radiotolerans SRS30216 = ATCC BAA-149	4	TRUE	environmental_samples	
ENVO:00002010	7	NCBITaxon:29805		4	TRUE	environmental_samples	
ENVO:00002010	8	NCBITaxon:326442	Pseudoalteromonas translucida TAC125	4	TRUE	environmental_samples	
ENVO:00002010	9	NCBITaxon:34085	Riemerella anatipestifer	4	TRUE	environmental_samples	
ENVO:00002010	10	NCBITaxon:40464	Peniophora nuda	4	TRUE	environmental_samples	
ENVO:00002010	11	NCBITaxon:411467	Pseudoflavonifractor capillosus ATCC 29799	4	TRUE	environmental_samples	
ENVO:00002010	12	NCBITaxon:411477	Parabacteroides merdae ATCC 43184	4	TRUE	environmental_samples	
ENVO:00002010	13	NCBITaxon:411485	Faecalibacterium prausnitzii M21/2	4	TRUE	environmental_samples	
ENVO:00002010	14	NCBITaxon:428125	[Clostridium] leptum DSM 753	4	TRUE	environmental_samples	
ENVO:00002010	15	NCBITaxon:445336	Clostridium botulinum Bf	4	TRUE	environmental_samples	
ENVO:00002010	16	NCBITaxon:457391	Bacteroides sp. 3_1_33FAA	4	TRUE	environmental_samples	
ENVO:00002010	17	NCBITaxon:457424	Bacteroides fragilis 3_1_12	4	TRUE	environmental_samples	
ENVO:00002010	18	NCBITaxon:457427	Streptomyces himastatinicus ATCC 53653	4	TRUE	environmental_samples	
ENVO:00002010	19	NCBITaxon:463619	Chaetoceros sp. ArM0005	4	TRUE	environmental_samples	
ENVO:00002010	20	NCBITaxon:49252	Eucampia antarctica	4	TRUE	environmental_samples	
ENVO:00002010	21	NCBITaxon:498761	Heliomicrobium modesticaldum Ice1	4	TRUE	environmental_samples	
ENVO:00002010	22	NCBITaxon:5066	Aspergillus wentii	4	TRUE	environmental_samples	
ENVO:00002010	23	NCBITaxon:537937	Bifidobacterium longum subsp. infantis CCUG 52486	4	TRUE	environmental_samples	
ENVO:00002010	24	NCBITaxon:55518	Magnetospirillum gryphiswaldense	4	TRUE	environmental_samples	
ENVO:00002010	25	NCBITaxon:56780	Syntrophus aciditrophicus SB	4	TRUE	environmental_samples	
ENVO:00002011	1	NCBITaxon:1001240	Cryobacterium roopkundense	4	TRUE	annotated_genomes_isolates	
ENVO:00002011	2	NCBITaxon:1012	Sporocytophaga cauliformis	4	TRUE	environmental_samples	
ENVO:00002011	3	NCBITaxon:102232	Gloeocapsa sp. PCC 73106	4	TRUE	annotated_genomes_isolates	MADIN
ENVO:00002011	4	NCBITaxon:1026	Marinoscillum furvescens	4	TRUE	environmental_samples	
ENVO:00002011	5	NCBITaxon:103	Flectobacillus major	4	TRUE	environmental_samples	
ENVO:00002011	6	NCBITaxon:103810	Riemerella columbina	4	TRUE	environmental_samples	
ENVO:00002011	7	NCBITaxon:104245	Clavaria zollingeri	4	TRUE	environmental_samples	
ENVO:00002011	8	NCBITaxon:104336	Microbacterium foliorum	4	TRUE	environmental_samples	
ENVO:00002011	9	NCBITaxon:1046938	Candidatus Aenigmarchaeota archaeon SCGC AAA011-F07	4	TRUE	annotated_genomes_isolates	
ENVO:00002011	10	NCBITaxon:1046985	Parcubacteria bacterium SCGC AAA011-A08	4	TRUE	annotated_genomes_isolates	
ENVO:00002011	11	NCBITaxon:1046987	Parcubacteria bacterium SCGC AAA011-A09	4	TRUE	annotated_genomes_isolates	
ENVO:00002011	12	NCBITaxon:1046989	Parcubacteria bacterium SCGC AAA011-J21	4	TRUE	annotated_genomes_isolates	
ENVO:00002011	13	NCBITaxon:1046996	Parcubacteria bacterium SCGC AAA010-E09	4	TRUE	annotated_genomes_isolates	
ENVO:00002011	14	NCBITaxon:1047003	Candidatus Microgenomatus auricola SCGC AAA011-E14	4	TRUE	annotated_genomes_isolates	
ENVO:00002011	15	NCBITaxon:1047010	Omnitrophica bacterium SCGC AAA011-L16	4	TRUE	annotated_genomes_isolates	
ENVO:00002011	16	NCBITaxon:1054498	Rivihabitans pingtungensis	4	TRUE	annotated_genomes_isolates	
ENVO:00002011	17	NCBITaxon:1061	Rhodobacter capsulatus	4	TRUE	environmental_samples	
ENVO:00002011	18	NCBITaxon:106111	Pedobacter sp. KP-2	4	TRUE	environmental_samples	
ENVO:00002011	19	NCBITaxon:1063	Cereibacter sphaeroides	4	TRUE	environmental_samples	
ENVO:00002011	20	NCBITaxon:106592	Ensifer adhaerens	4	TRUE	environmental_samples	
ENVO:00002011	21	NCBITaxon:1069080	Succinispira mobilis DSM 6222	4	TRUE	annotated_genomes_isolates	
ENVO:00002011	22	NCBITaxon:1069082	Halomicrobium katesii DSM 19301	4	TRUE	annotated_genomes_isolates	
ENVO:00002011	23	NCBITaxon:107400	Methylobacterium fujisawaense	4	TRUE	environmental_samples	
ENVO:00002011	24	NCBITaxon:107633	Methylocystis sp. LW5	4	TRUE	annotated_genomes_isolates	
ENVO:00002011	25	NCBITaxon:107635	Methylosinus sp. LW3	4	TRUE	annotated_genomes_isolates	
ENVO:00002012	1	NCBITaxon:926690	Haloplanus natans DSM 17983	3	TRUE	annotated_genomes_isolates	
ENVO:00002012	2	NCBITaxon:172371	Alloalcanivorax venustensis	1.31662	TRUE	environmental_samples	
ENVO:00002012	3	NCBITaxon:285271	uncultured Methylophaga sp.	1.24174	TRUE	environmental_samples	
ENVO:00002012	4	NCBITaxon:1334019	Alcanivorax sp. EPR7	1.13534	TRUE	environmental_samples	
ENVO:00002012	5	NCBITaxon:31910	Halovibrio variabilis	1.11467	TRUE	environmental_samples	MADIN
ENVO:00002012	6	NCBITaxon:115553	Vreelandella sulfidaeris	1.09383	TRUE	environmental_samples	
ENVO:00002012	7	NCBITaxon:550984	Halomonas sp. HAL1	1.08388	TRUE	environmental_samples	
ENVO:00002012	8	NCBITaxon:47885	Pseudomonas oryzihabitans	1.07684	TRUE	environmental_samples	
ENVO:00002012	9	NCBITaxon:230105		1.04132	TRUE	environmental_samples	
ENVO:00002012	10	NCBITaxon:285091	Alloalcanivorax dieselolei	1.03978	TRUE	environmental_samples	
ENVO:00002012	11	NCBITaxon:158080		1.03761	TRUE	environmental_samples	
ENVO:00002012	12	NCBITaxon:1188994	Chromohalobacter sp. HS-2	1.02755	TRUE	environmental_samples	
ENVO:00002012	13	NCBITaxon:645472	Halomonas sp. HTNK1	1.02538	TRUE	environmental_samples	
ENVO:00002012	14	NCBITaxon:48547		1.01893	TRUE	environmental_samples	
ENVO:00002015	1	NCBITaxon:202747	Sulfurimonas autotrophica	4	TRUE	environmental_samples	
ENVO:00002015	2	NCBITaxon:267990	Lebetimonas acidiphila	4	TRUE	environmental_samples	
ENVO:00002015	3	NCBITaxon:36987		4	TRUE	environmental_samples	
ENVO:00002015	4	NCBITaxon:411485	Faecalibacterium prausnitzii M21/2	4	TRUE	environmental_samples	
ENVO:00002015	5	NCBITaxon:449306	Desulfobulbus sp. DSM 2033	4	TRUE	environmental_samples	
ENVO:00002015	6	NCBITaxon:498761	Heliomicrobium modesticaldum Ice1	4	TRUE	environmental_samples	
ENVO:00002015	7	NCBITaxon:52560	Desulfomicrobium apsheronum	4	TRUE	environmental_samples	
ENVO:00002015	8	NCBITaxon:537937	Bifidobacterium longum subsp. infantis CCUG 52486	4	TRUE	environmental_samples	
ENVO:00002015	9	NCBITaxon:56780	Syntrophus aciditrophicus SB	4	TRUE	environmental_samples	
ENVO:00002015	10	NCBITaxon:6376		4	TRUE	environmental_samples	
ENVO:00002018	1	NCBITaxon:1121117	Allobrachymonas denitrificans DSM 15123	4	TRUE	annotated_genomes_isolates	
ENVO:00002018	2	NCBITaxon:1121318	Clostridium homopropionicum DSM 5847	4	TRUE	annotated_genomes_isolates	
ENVO:00002018	3	NCBITaxon:1121952	Humibacter albus DSM 18994	4	TRUE	annotated_genomes_isolates	
ENVO:00002018	4	NCBITaxon:1122239	Microbacterium luticocti DSM 19459	4	TRUE	annotated_genomes_isolates	
ENVO:00002018	5	NCBITaxon:1329262	Mobilisporobacter senegalensis	4	TRUE	annotated_genomes_isolates	
ENVO:00002018	6	NCBITaxon:2148	Acholeplasma laidlawii	4	TRUE	annotated_genomes_isolates	
ENVO:00002018	7	NCBITaxon:247480	Thermaerobacillus caldiproteolyticus	4	TRUE	annotated_genomes_isolates	
ENVO:00002018	8	NCBITaxon:257984	Glutamicibacter mysorens	4	TRUE	annotated_genomes_isolates	
ENVO:00002018	9	NCBITaxon:43064	Trichococcus pasteurii	4	TRUE	annotated_genomes_isolates	
ENVO:00002018	10	NCBITaxon:43775	Syntrophus gentianae	4	TRUE	annotated_genomes_isolates	
ENVO:00002018	11	NCBITaxon:489632	Ectopseudomonas chengduensis	4	TRUE	annotated_genomes_isolates	
ENVO:00002018	12	NCBITaxon:623280	Parapedobacter luteus	4	TRUE	annotated_genomes_isolates	
ENVO:00002018	13	NCBITaxon:623281	Parapedobacter composti	4	TRUE	annotated_genomes_isolates	
ENVO:00002018	14	NCBITaxon:640938	Trichococcus ilyis	4	TRUE	annotated_genomes_isolates	
ENVO:00002018	15	NCBITaxon:65735	Paracoccus alkenifer	4	TRUE	annotated_genomes_isolates	
ENVO:00002018	16	NCBITaxon:937334	Caldicoprobacter faecalis	4	TRUE	annotated_genomes_isolates	
ENVO:00002018	17	NCBITaxon:95160		4	TRUE	annotated_genomes_isolates	
ENVO:00002018	18	NCBITaxon:1123022	Halopseudomonas xiamenensis DSM 22326	3	TRUE	annotated_genomes_isolates	
ENVO:00002018	19	NCBITaxon:1123392	Thiobacillus denitrificans DSM 12475	3	TRUE	annotated_genomes_isolates	
ENVO:00002018	20	NCBITaxon:266779	Chelativorans sp. BNC1	3	TRUE	annotated_genomes_isolates	
ENVO:00002018	21	NCBITaxon:323259	Methanospirillum hungatei JF-1	3	TRUE	annotated_genomes_isolates|environmental_samples	
ENVO:00002018	22	NCBITaxon:398578	Delftia acidovorans SPH-1	3	TRUE	annotated_genomes_isolates|environmental_samples	
ENVO:00002018	23	NCBITaxon:517417	Chlorobaculum parvum NCIB 8327	3	TRUE	annotated_genomes_isolates|environmental_samples	
ENVO:00002018	24	NCBITaxon:610130	[Clostridium] saccharolyticum WM1	3	TRUE	annotated_genomes_isolates|environmental_samples	
ENVO:00002018	25	NCBITaxon:706587	Desulfomonile tiedjei DSM 6799	3	TRUE	annotated_genomes_isolates	
ENVO:00002019	1	NCBITaxon:1046954	Cloacimonetes bacterium SCGC AAA252-E20	3	TRUE	annotated_genomes_isolates	
ENVO:00002019	2	NCBITaxon:1046955	Cloacimonetes bacterium SCGC AAA252-F02	3	TRUE	annotated_genomes_isolates	
ENVO:00002019	3	NCBITaxon:1046956	Cloacimonetes bacterium SCGC AAA252-G07	3	TRUE	annotated_genomes_isolates	
ENVO:00002019	4	NCBITaxon:1046957	Cloacimonetes bacterium SCGC AAA252-G08	3	TRUE	annotated_genomes_isolates	
ENVO:00002019	5	NCBITaxon:1046958	Cloacimonetes bacterium SCGC AAA252-I11	3	TRUE	annotated_genomes_isolates	
ENVO:00002019	6	NCBITaxon:1046959	Cloacimonetes bacterium SCGC AAA252-I16	3	TRUE	annotated_genomes_isolates	
ENVO:00002019	7	NCBITaxon:1046960	Cloacimonetes bacterium SCGC AAA252-K16	3	TRUE	annotated_genomes_isolates	
ENVO:00002019	8	NCBITaxon:1046961	Cloacimonetes bacterium SCGC AAA252-L05	3	TRUE	annotated_genomes_isolates	
ENVO:00002019	9	NCBITaxon:1046962	Cloacimonetes bacterium SCGC AAA252-L13	3	TRUE	annotated_genomes_isolates	
ENVO:00002019	10	NCBITaxon:1046963	Cloacimonetes bacterium SCGC AAA252-M08	3	TRUE	annotated_genomes_isolates	
ENVO:00002019	11	NCBITaxon:1046964	Cloacimonetes bacterium SCGC AAA252-N05	3	TRUE	annotated_genomes_isolates	
ENVO:00002019	12	NCBITaxon:1046965	Cloacimonetes bacterium SCGC AAA252-N14	3	TRUE	annotated_genomes_isolates	
ENVO:00002019	13	NCBITaxon:1046966	Cloacimonetes bacterium SCGC AAA252-N17	3	TRUE	annotated_genomes_isolates	
ENVO:00002019	14	NCBITaxon:1046967	Cloacimonetes bacterium SCGC AAA252-O02	3	TRUE	annotated_genomes_isolates	
ENVO:00002019	15	NCBITaxon:1046970	Cloacimonetes bacterium SCGC AAA252-O17	3	TRUE	annotated_genomes_isolates	
ENVO:00002019	16	NCBITaxon:1046971	Cloacimonetes bacterium SCGC AAA252-P02	3	TRUE	annotated_genomes_isolates	
ENVO:00002019	17	NCBITaxon:1046972	Cloacimonetes bacterium SCGC AAA252-P10	3	TRUE	annotated_genomes_isolates	
ENVO:00002019	18	NCBITaxon:1046973	Cloacimonetes bacterium SCGC AAA252-P14	3	TRUE	annotated_genomes_isolates	
ENVO:00002019	19	NCBITaxon:1046974	Cloacimonetes bacterium SCGC AAA255-B16	3	TRUE	annotated_genomes_isolates	
ENVO:00002019	20	NCBITaxon:1046975	Cloacimonetes bacterium SCGC AAA255-C20	3	TRUE	annotated_genomes_isolates	
ENVO:00002019	21	NCBITaxon:1046978	Cloacimonetes bacterium SCGC AAA255-L20	3	TRUE	annotated_genomes_isolates	
ENVO:00002019	22	NCBITaxon:1046991	Acetothermia bacterium SCGC AAA255-C06	3	TRUE	annotated_genomes_isolates	
ENVO:00002019	23	NCBITaxon:1047002	Microgenomates bacterium SCGC AAA255-J07	3	TRUE	annotated_genomes_isolates	
ENVO:00002019	24	NCBITaxon:1047006	Omnitrophica bacterium SCGC AAA252-B19	3	TRUE	annotated_genomes_isolates	
ENVO:00002019	25	NCBITaxon:1047014	Aminicenantes bacterium SCGC AAA252-B17	3	TRUE	annotated_genomes_isolates	
ENVO:00002030	1	NCBITaxon:100	Ancylobacter aquaticus	4	TRUE	annotated_genomes_isolates	BACDIVE
ENVO:00002030	2	NCBITaxon:1000566	Halosaccharopolyspora lacisalsi	4	TRUE	annotated_genomes_isolates	
ENVO:00002030	3	NCBITaxon:1001240	Cryobacterium roopkundense	4	TRUE	annotated_genomes_isolates	BACDIVE
ENVO:00002030	4	NCBITaxon:1003	Thermoflexibacter ruber	4	TRUE	annotated_genomes_isolates	BACDIVE
ENVO:00002030	5	NCBITaxon:1005928	Roseovarius lutimaris	4	TRUE	annotated_genomes_isolates	BACDIVE
ENVO:00002030	6	NCBITaxon:1007109	alpha proteobacterium SCGC AAA076-C03	4	TRUE	annotated_genomes_isolates	
ENVO:00002030	7	NCBITaxon:1007110	alpha proteobacterium SCGC AAA076-E06	4	TRUE	annotated_genomes_isolates	
ENVO:00002030	8	NCBITaxon:1007111	alpha proteobacterium SCGC AAA158-B04	4	TRUE	annotated_genomes_isolates	
ENVO:00002030	9	NCBITaxon:1007112	alpha proteobacterium SCGC AAA158-M15	4	TRUE	annotated_genomes_isolates	
ENVO:00002030	10	NCBITaxon:1007113	alpha proteobacterium SCGC AAA160-J14	4	TRUE	annotated_genomes_isolates	
ENVO:00002030	11	NCBITaxon:1007114	gamma proteobacterium SCGC AAA076-D02	4	TRUE	annotated_genomes_isolates	
ENVO:00002030	12	NCBITaxon:1007115	gamma proteobacterium SCGC AAA076-D13	4	TRUE	annotated_genomes_isolates	
ENVO:00002030	13	NCBITaxon:1007116	gamma proteobacterium SCGC AAA076-E13	4	TRUE	annotated_genomes_isolates	
ENVO:00002030	14	NCBITaxon:1007117	gamma proteobacterium SCGC AAA076-F14	4	TRUE	annotated_genomes_isolates	
ENVO:00002030	15	NCBITaxon:1007118	gamma proteobacterium SCGC AAA076-P09	4	TRUE	annotated_genomes_isolates	
ENVO:00002030	16	NCBITaxon:1007119	gamma proteobacterium SCGC AAA076-P13	4	TRUE	annotated_genomes_isolates	
ENVO:00002030	17	NCBITaxon:1007120	gamma proteobacterium SCGC AAA160-D02	4	TRUE	annotated_genomes_isolates	
ENVO:00002030	18	NCBITaxon:1007122	Fidelibacterota bacterium SCGC AAA160-C11	4	TRUE	annotated_genomes_isolates	
ENVO:00002030	19	NCBITaxon:1007124	Fidelibacterota bacterium SCGC AAA076-M08	4	TRUE	annotated_genomes_isolates	
ENVO:00002030	20	NCBITaxon:1009412	Flavobacterium sp. SCGC AAA160-P02	4	TRUE	annotated_genomes_isolates	
ENVO:00002030	21	NCBITaxon:1009413	Verrucomicrobia bacterium SCGC AAA164-A08	4	TRUE	annotated_genomes_isolates	
ENVO:00002030	22	NCBITaxon:1009414	Verrucomicrobia bacterium SCGC AAA164-B23	4	TRUE	annotated_genomes_isolates	
ENVO:00002030	23	NCBITaxon:1009415	Verrucomicrobia bacterium SCGC AAA164-E04	4	TRUE	annotated_genomes_isolates	
ENVO:00002030	24	NCBITaxon:1009416	Verrucomicrobia bacterium SCGC AAA164-I21	4	TRUE	annotated_genomes_isolates	
ENVO:00002030	25	NCBITaxon:1009418	Verrucomicrobia bacterium SCGC AAA164-M04	4	TRUE	annotated_genomes_isolates	
ENVO:00002033	1	NCBITaxon:288681	Bacillus cereus E33L	3	TRUE	annotated_genomes_isolates	
ENVO:00002034	1	NCBITaxon:1017	Capnocytophaga gingivalis	4	TRUE	environmental_samples	
ENVO:00002034	2	NCBITaxon:1018	Capnocytophaga ochracea	4	TRUE	environmental_samples	
ENVO:00002034	3	NCBITaxon:1019	Capnocytophaga sputigena	4	TRUE	environmental_samples	
ENVO:00002034	4	NCBITaxon:1085	Rhodospirillum rubrum	4	TRUE	environmental_samples	
ENVO:00002034	5	NCBITaxon:109328	Leptotrichia trevisanii	4	TRUE	environmental_samples	
ENVO:00002034	6	NCBITaxon:110639	Arthrobacter sp. 'SMCC G984'	4	TRUE	environmental_samples	
ENVO:00002034	7	NCBITaxon:1264	Hominimerdicola alba	4	TRUE	environmental_samples	
ENVO:00002034	8	NCBITaxon:1265	Ruminococcus flavefaciens	4	TRUE	environmental_samples	
ENVO:00002034	9	NCBITaxon:1270	Micrococcus luteus	4	TRUE	environmental_samples	
ENVO:00002034	10	NCBITaxon:1282	Staphylococcus epidermidis	4	TRUE	environmental_samples	
ENVO:00002034	11	NCBITaxon:129958	Carboxydothermus hydrogenoformans	4	TRUE	environmental_samples	
ENVO:00002034	12	NCBITaxon:1318	Streptococcus parasanguinis	4	TRUE	environmental_samples	
ENVO:00002034	13	NCBITaxon:1409	Bacillus sp. (in: firmicutes)	4	TRUE	environmental_samples	
ENVO:00002034	14	NCBITaxon:1423814	Limosilactobacillus vaginalis DSM 5837 = ATCC 49540	4	TRUE	environmental_samples	
ENVO:00002034	15	NCBITaxon:1485	Clostridium	4	TRUE	environmental_samples	
ENVO:00002034	16	NCBITaxon:1512	[Clostridium] symbiosum	4	TRUE	environmental_samples	
ENVO:00002034	17	NCBITaxon:1526	[Clostridium] aminophilum	4	TRUE	environmental_samples	
ENVO:00002034	18	NCBITaxon:1527	Anaerocolumna aminovalerica	4	TRUE	environmental_samples	
ENVO:00002034	19	NCBITaxon:154046	Hungatella hathewayi	4	TRUE	environmental_samples	
ENVO:00002034	20	NCBITaxon:1550	Clostridium subterminale	4	TRUE	environmental_samples	
ENVO:00002034	21	NCBITaxon:157687	Leptotrichia wadei	4	TRUE	environmental_samples	
ENVO:00002034	22	NCBITaxon:158847	Megamonas hypermegale	4	TRUE	environmental_samples	
ENVO:00002034	23	NCBITaxon:1596	Lactobacillus gasseri	4	TRUE	environmental_samples	
ENVO:00002034	24	NCBITaxon:1623	Ligilactobacillus ruminis	4	TRUE	environmental_samples	
ENVO:00002034	25	NCBITaxon:165179	Segatella copri	4	TRUE	environmental_samples	
ENVO:00002036	1	NCBITaxon:10090		4	TRUE	environmental_samples	
ENVO:00002036	2	NCBITaxon:10116		4	TRUE	environmental_samples	
ENVO:00002036	3	NCBITaxon:1014	Weeksella virosa	4	TRUE	environmental_samples	
ENVO:00002036	4	NCBITaxon:1015	Bergeyella zoohelcum	4	TRUE	environmental_samples	
ENVO:00002036	5	NCBITaxon:1017	Capnocytophaga gingivalis	4	TRUE	environmental_samples	
ENVO:00002036	6	NCBITaxon:1018	Capnocytophaga ochracea	4	TRUE	environmental_samples	
ENVO:00002036	7	NCBITaxon:1019	Capnocytophaga sputigena	4	TRUE	environmental_samples	
ENVO:00002036	8	NCBITaxon:1026	Marinoscillum furvescens	4	TRUE	environmental_samples	
ENVO:00002036	9	NCBITaxon:1027	Microscilla marina	4	TRUE	environmental_samples	
ENVO:00002036	10	NCBITaxon:103	Flectobacillus major	4	TRUE	environmental_samples	
ENVO:00002036	11	NCBITaxon:104176	Oscillochloris trichoides	4	TRUE	environmental_samples	
ENVO:00002036	12	NCBITaxon:104245	Clavaria zollingeri	4	TRUE	environmental_samples	
ENVO:00002036	13	NCBITaxon:104421		4	TRUE	environmental_samples	
ENVO:00002036	14	NCBITaxon:1045010	Escherichia coli O157	4	TRUE	environmental_samples	
ENVO:00002036	15	NCBITaxon:105612	Dellaglioa algida	4	TRUE	environmental_samples	
ENVO:00002036	16	NCBITaxon:106111	Pedobacter sp. KP-2	4	TRUE	environmental_samples	
ENVO:00002036	17	NCBITaxon:1063	Cereibacter sphaeroides	4	TRUE	environmental_samples	
ENVO:00002036	18	NCBITaxon:106370	Frankia casuarinae	4	TRUE	environmental_samples	
ENVO:00002036	19	NCBITaxon:108328	Anaerobranca gottschalkii	4	TRUE	environmental_samples	
ENVO:00002036	20	NCBITaxon:1085	Rhodospirillum rubrum	4	TRUE	environmental_samples	
ENVO:00002036	21	NCBITaxon:109328	Leptotrichia trevisanii	4	TRUE	environmental_samples	
ENVO:00002036	22	NCBITaxon:110316	Monocystis agilis	4	TRUE	environmental_samples	
ENVO:00002036	23	NCBITaxon:110319	Nocardioides sp. CF8	4	TRUE	environmental_samples	
ENVO:00002036	24	NCBITaxon:111105	Porphyromonas gulae	4	TRUE	environmental_samples	
ENVO:00002036	25	NCBITaxon:111770	Thiothrix fructosivorans	4	TRUE	environmental_samples	
ENVO:00002040	1	NCBITaxon:1121927	Gordonia hirsuta DSM 44140 = NBRC 16056	4	TRUE	annotated_genomes_isolates	
ENVO:00002040	2	NCBITaxon:1550736	Corticibacter populi	4	TRUE	annotated_genomes_isolates	
ENVO:00002040	3	NCBITaxon:663602	Actinomycetospora corticicola	4	TRUE	annotated_genomes_isolates	
ENVO:00002040	4	NCBITaxon:278957	Geminisphaera colitermitum TAV2	3	TRUE	annotated_genomes_isolates	
ENVO:00002040	5	NCBITaxon:324057	Paenibacillus sp. JDR-2	3	TRUE	annotated_genomes_isolates	
ENVO:00002040	6	NCBITaxon:37658	Anaeromicropila populeti	3	TRUE	annotated_genomes_isolates	
ENVO:00002040	7	NCBITaxon:446471	Xylanimonas cellulosilytica DSM 15894	3	TRUE	annotated_genomes_isolates	
ENVO:00002040	8	NCBITaxon:569860	Methylovirgula ligni	3	TRUE	annotated_genomes_isolates	
ENVO:00002041	1	NCBITaxon:1046938	Candidatus Aenigmarchaeota archaeon SCGC AAA011-F07	4	TRUE	annotated_genomes_isolates	
ENVO:00002041	2	NCBITaxon:1046985	Parcubacteria bacterium SCGC AAA011-A08	4	TRUE	annotated_genomes_isolates	
ENVO:00002041	3	NCBITaxon:1046987	Parcubacteria bacterium SCGC AAA011-A09	4	TRUE	annotated_genomes_isolates	
ENVO:00002041	4	NCBITaxon:1046989	Parcubacteria bacterium SCGC AAA011-J21	4	TRUE	annotated_genomes_isolates	
ENVO:00002041	5	NCBITaxon:1046996	Parcubacteria bacterium SCGC AAA010-E09	4	TRUE	annotated_genomes_isolates	
ENVO:00002041	6	NCBITaxon:1047003	Candidatus Microgenomatus auricola SCGC AAA011-E14	4	TRUE	annotated_genomes_isolates	
ENVO:00002041	7	NCBITaxon:1047010	Omnitrophica bacterium SCGC AAA011-L16	4	TRUE	annotated_genomes_isolates	
ENVO:00002041	8	NCBITaxon:1077942	Micromonospora kangleipakensis	4	TRUE	annotated_genomes_isolates	
ENVO:00002041	9	NCBITaxon:1104575	Diapherotrites archaeon SCGC AAA011-K09	4	TRUE	annotated_genomes_isolates	
ENVO:00002041	10	NCBITaxon:1104576	Candidatus Iainarchaeum andersonii SCGC AAA011-E11	4	TRUE	annotated_genomes_isolates	
ENVO:00002041	11	NCBITaxon:1104577	Nanoarchaeota archaeon SCGC AAA011-G17	4	TRUE	annotated_genomes_isolates	
ENVO:00002041	12	NCBITaxon:1104580	Nanoarchaeota archaeon SCGC AAA011-L15	4	TRUE	annotated_genomes_isolates	
ENVO:00002041	13	NCBITaxon:1104607	Microgenomates bacterium SCGC AAA011-A19	4	TRUE	annotated_genomes_isolates	
ENVO:00002041	14	NCBITaxon:1104609	Microgenomates bacterium SCGC AAA011-M05	4	TRUE	annotated_genomes_isolates	
ENVO:00002041	15	NCBITaxon:1104610	Microgenomates bacterium SCGC AAA011-B20	4	TRUE	annotated_genomes_isolates	
ENVO:00002041	16	NCBITaxon:1104614	Microgenomates bacterium SCGC AAA011-I21	4	TRUE	annotated_genomes_isolates	
ENVO:00002041	17	NCBITaxon:1104615	Microgenomates bacterium SCGC AAA011-L05	4	TRUE	annotated_genomes_isolates	
ENVO:00002041	18	NCBITaxon:1121302	Clostridium cavendishii DSM 21758	4	TRUE	annotated_genomes_isolates	
ENVO:00002041	19	NCBITaxon:1121319	Clostridium hydrogeniformans DSM 21757	4	TRUE	annotated_genomes_isolates	
ENVO:00002041	20	NCBITaxon:1121406	Desulfocurvus vexinensis DSM 17965	4	TRUE	annotated_genomes_isolates	
ENVO:00002041	21	NCBITaxon:1121441	Maridesulfovibrio bastinii DSM 16055	4	TRUE	annotated_genomes_isolates	
ENVO:00002041	22	NCBITaxon:1121466	Oleidesulfovibrio vietnamensis DSM 10520	4	TRUE	annotated_genomes_isolates	
ENVO:00002041	23	NCBITaxon:1122999	Propionicicella superfundia DSM 22317	4	TRUE	annotated_genomes_isolates	
ENVO:00002041	24	NCBITaxon:120213	Subtercola boreus	4	TRUE	annotated_genomes_isolates	
ENVO:00002041	25	NCBITaxon:1302614	Nanoarchaeota archaeon SCGC AAA011-J2	4	TRUE	annotated_genomes_isolates	
ENVO:00002042	1	NCBITaxon:103	Flectobacillus major	4	TRUE	environmental_samples	
ENVO:00002042	2	NCBITaxon:104245	Clavaria zollingeri	4	TRUE	environmental_samples	
ENVO:00002042	3	NCBITaxon:106592	Ensifer adhaerens	4	TRUE	environmental_samples	
ENVO:00002042	4	NCBITaxon:111805	Actinomadura pelletieri	4	TRUE	environmental_samples	
ENVO:00002042	5	NCBITaxon:112248	Seinonella peptonophila	4	TRUE	environmental_samples	
ENVO:00002042	6	NCBITaxon:114707	uncultured Pseudomonas sp.	4	TRUE	environmental_samples	
ENVO:00002042	7	NCBITaxon:114715	uncultured Ralstonia sp.	4	TRUE	environmental_samples	
ENVO:00002042	8	NCBITaxon:117681	Pseudomonas gingeri	4	TRUE	environmental_samples	
ENVO:00002042	9	NCBITaxon:129817	Pseudomonas brenneri	4	TRUE	environmental_samples	
ENVO:00002042	10	NCBITaxon:134561	Nocardioides sp. C190	4	TRUE	environmental_samples	
ENVO:00002042	11	NCBITaxon:13690	Sphingobium yanoikuyae	4	TRUE	environmental_samples	
ENVO:00002042	12	NCBITaxon:139056		4	TRUE	environmental_samples	
ENVO:00002042	13	NCBITaxon:1399	Cytobacillus firmus	4	TRUE	environmental_samples	
ENVO:00002042	14	NCBITaxon:1406	Paenibacillus polymyxa	4	TRUE	environmental_samples	
ENVO:00002042	15	NCBITaxon:1464	Paenibacillus larvae	4	TRUE	environmental_samples	
ENVO:00002042	16	NCBITaxon:1476	Sporosarcina psychrophila	4	TRUE	environmental_samples	
ENVO:00002042	17	NCBITaxon:1495	Clostridium cylindrosporum	4	TRUE	environmental_samples	
ENVO:00002042	18	NCBITaxon:1537	Romboutsia lituseburensis	4	TRUE	environmental_samples	
ENVO:00002042	19	NCBITaxon:158899	Collimonas fungivorans	4	TRUE	environmental_samples	
ENVO:00002042	20	NCBITaxon:162209	Paenibacillus naphthalenovorans	4	TRUE	environmental_samples	
ENVO:00002042	21	NCBITaxon:173	Leptospira interrogans	4	TRUE	environmental_samples	
ENVO:00002042	22	NCBITaxon:180282	Delftia tsuruhatensis	4	TRUE	environmental_samples	
ENVO:00002042	23	NCBITaxon:1855	Frankia sp.	4	TRUE	environmental_samples	
ENVO:00002042	24	NCBITaxon:193108	Methylocystis sp. M42/1	4	TRUE	environmental_samples	
ENVO:00002042	25	NCBITaxon:204470	Paenalicyclobacillus pomorum	4	TRUE	environmental_samples	
ENVO:00002043	1	NCBITaxon:1089553	Thermacetogenium phaeum DSM 12270	3	TRUE	annotated_genomes_isolates	
ENVO:00002043	2	NCBITaxon:1120924	Acinetobacter baylyi DSM 14961 = CIP 107474	3	TRUE	annotated_genomes_isolates	
ENVO:00002043	3	NCBITaxon:1120925	Acinetobacter bouvetii DSM 14964 = CIP 107468	3	TRUE	annotated_genomes_isolates	
ENVO:00002043	4	NCBITaxon:1120927	Acinetobacter tandoii DSM 14970 = CIP 107469	3	TRUE	annotated_genomes_isolates	
ENVO:00002043	5	NCBITaxon:1120928	Acinetobacter tjernbergiae DSM 14971 = CIP 107465	3	TRUE	annotated_genomes_isolates	
ENVO:00002043	6	NCBITaxon:1120929	Acinetobacter towneri DSM 14962 = CIP 107472	3	TRUE	annotated_genomes_isolates	
ENVO:00002043	7	NCBITaxon:1121889	Flavobacterium filum DSM 17961	3	TRUE	annotated_genomes_isolates	
ENVO:00002043	8	NCBITaxon:1121933	Granulicoccus phenolivorans DSM 17626 = NBRC 107789 = JCM 15570	3	TRUE	annotated_genomes_isolates	
ENVO:00002043	9	NCBITaxon:1122132	Kaistia granuli DSM 23481	3	TRUE	annotated_genomes_isolates	
ENVO:00002043	10	NCBITaxon:1123399	Thiolinea disciformis DSM 14473	3	TRUE	annotated_genomes_isolates	
ENVO:00002043	11	NCBITaxon:1123400	Thiofilum flexile DSM 14609	3	TRUE	annotated_genomes_isolates	
ENVO:00002043	12	NCBITaxon:1259795	Coprothermobacter platensis DSM 11748	3	TRUE	annotated_genomes_isolates	
ENVO:00002043	13	NCBITaxon:1304875	Aminobacterium mobile DSM 12262	3	TRUE	annotated_genomes_isolates	
ENVO:00002043	14	NCBITaxon:1399774	Enterobacter cloacae JD6301	3	TRUE	annotated_genomes_isolates	
ENVO:00002043	15	NCBITaxon:264023	Mariniflexile fucanivorans	3	TRUE	annotated_genomes_isolates	
ENVO:00002043	16	NCBITaxon:265072	Methylobacillus flagellatus KT	3	TRUE	annotated_genomes_isolates|environmental_samples	
ENVO:00002043	17	NCBITaxon:28892	Methanofollis liminatans DSM 4140	3	TRUE	annotated_genomes_isolates	
ENVO:00002043	18	NCBITaxon:370973	Runella defluvii	3	TRUE	annotated_genomes_isolates	
ENVO:00002043	19	NCBITaxon:558173	Corynebacterium doosanense CAU 212 = DSM 45436	3	TRUE	annotated_genomes_isolates	
ENVO:00002043	20	NCBITaxon:572547	Aminobacterium colombiense DSM 12261	3	TRUE	annotated_genomes_isolates|environmental_samples	
ENVO:00002043	21	NCBITaxon:584708	Aminomonas paucivorans DSM 12260	3	TRUE	annotated_genomes_isolates|environmental_samples	
ENVO:00002043	22	NCBITaxon:866499	Cloacibacillus evryensis DSM 19522	3	TRUE	annotated_genomes_isolates	
ENVO:00002043	23	NCBITaxon:214688	Gemmata obscuriglobus UQM 2246	1.94528	TRUE	environmental_samples	
ENVO:00002043	24	NCBITaxon:338966	Pelobacter propionicus DSM 2379	1.93767	TRUE	environmental_samples	
ENVO:00002043	25	NCBITaxon:76114	Aromatoleum aromaticum EbN1	1.93534	TRUE	environmental_samples	
ENVO:00002044	1	NCBITaxon:104176	Oscillochloris trichoides	4	TRUE	environmental_samples	
ENVO:00002044	2	NCBITaxon:104245	Clavaria zollingeri	4	TRUE	environmental_samples	
ENVO:00002044	3	NCBITaxon:110319	Nocardioides sp. CF8	4	TRUE	environmental_samples	
ENVO:00002044	4	NCBITaxon:112248	Seinonella peptonophila	4	TRUE	environmental_samples	
ENVO:00002044	5	NCBITaxon:114628	Alkaliphilus transvaalensis	4	TRUE	environmental_samples	
ENVO:00002044	6	NCBITaxon:116087	Gallicola barnesae	4	TRUE	environmental_samples	
ENVO:00002044	7	NCBITaxon:118062	Methanobacterium congolense	4	TRUE	environmental_samples	
ENVO:00002044	8	NCBITaxon:1231	Nitrosospira multiformis	4	TRUE	environmental_samples	
ENVO:00002044	9	NCBITaxon:126378	Prevotella sp. RS2	4	TRUE	environmental_samples	
ENVO:00002044	10	NCBITaxon:1264	Hominimerdicola alba	4	TRUE	environmental_samples	
ENVO:00002044	11	NCBITaxon:1265	Ruminococcus flavefaciens	4	TRUE	environmental_samples	
ENVO:00002044	12	NCBITaxon:1267	Sarcina ventriculi	4	TRUE	environmental_samples	
ENVO:00002044	13	NCBITaxon:1270	Micrococcus luteus	4	TRUE	environmental_samples	MADIN
ENVO:00002044	14	NCBITaxon:128	Isosphaera pallida	4	TRUE	environmental_samples	
ENVO:00002044	15	NCBITaxon:134561	Nocardioides sp. C190	4	TRUE	environmental_samples	
ENVO:00002044	16	NCBITaxon:1381	Atopobium minutum	4	TRUE	environmental_samples	
ENVO:00002044	17	NCBITaxon:1396	Bacillus cereus	4	TRUE	environmental_samples	
ENVO:00002044	18	NCBITaxon:1397	Niallia circulans	4	TRUE	environmental_samples	
ENVO:00002044	19	NCBITaxon:1406	Paenibacillus polymyxa	4	TRUE	environmental_samples	
ENVO:00002044	20	NCBITaxon:1409	Bacillus sp. (in: firmicutes)	4	TRUE	environmental_samples	
ENVO:00002044	21	NCBITaxon:1421	Lysinibacillus sphaericus	4	TRUE	environmental_samples	
ENVO:00002044	22	NCBITaxon:1464	Paenibacillus larvae	4	TRUE	environmental_samples	
ENVO:00002044	23	NCBITaxon:1474	Sporosarcina pasteurii	4	TRUE	environmental_samples	
ENVO:00002044	24	NCBITaxon:1495	Clostridium cylindrosporum	4	TRUE	environmental_samples	
ENVO:00002044	25	NCBITaxon:1503	Gottschalkia purinilytica	4	TRUE	environmental_samples	
ENVO:00002045	1	NCBITaxon:114628	Alkaliphilus transvaalensis	4	TRUE	environmental_samples	
ENVO:00002045	2	NCBITaxon:120962	Roseiflexus castenholzii	4	TRUE	environmental_samples	
ENVO:00002045	3	NCBITaxon:128	Isosphaera pallida	4	TRUE	environmental_samples	
ENVO:00002045	4	NCBITaxon:1288	Staphylococcus xylosus	4	TRUE	environmental_samples	
ENVO:00002045	5	NCBITaxon:1409	Bacillus sp. (in: firmicutes)	4	TRUE	environmental_samples	
ENVO:00002045	6	NCBITaxon:147	Spirochaeta aurantia	4	TRUE	environmental_samples	
ENVO:00002045	7	NCBITaxon:1505	Paraclostridium sordellii	4	TRUE	environmental_samples	
ENVO:00002045	8	NCBITaxon:214688	Gemmata obscuriglobus UQM 2246	4	TRUE	environmental_samples	
ENVO:00002045	9	NCBITaxon:2223	Methanothrix soehngenii	4	TRUE	environmental_samples	
ENVO:00002045	10	NCBITaxon:2303	Thermoplasma acidophilum	4	TRUE	environmental_samples	
ENVO:00002045	11	NCBITaxon:234267	Candidatus Solibacter usitatus Ellin6076	4	TRUE	environmental_samples	
ENVO:00002045	12	NCBITaxon:266940	Kineococcus radiotolerans SRS30216 = ATCC BAA-149	4	TRUE	environmental_samples	
ENVO:00002045	13	NCBITaxon:285106	Tepidimicrobium ferriphilum	4	TRUE	environmental_samples	
ENVO:00002045	14	NCBITaxon:29345	Sedimentibacter hydroxybenzoicus	4	TRUE	environmental_samples	
ENVO:00002045	15	NCBITaxon:293826	Alkaliphilus metalliredigens QYMF	4	TRUE	environmental_samples	
ENVO:00002045	16	NCBITaxon:29535	Cytophaga sp.	4	TRUE	environmental_samples	
ENVO:00002045	17	NCBITaxon:304371	Methanocella paludicola SANAE	4	TRUE	environmental_samples	
ENVO:00002045	18	NCBITaxon:330214	Nitrospira defluvii	4	TRUE	environmental_samples	
ENVO:00002045	19	NCBITaxon:33075	Acidobacterium capsulatum	4	TRUE	environmental_samples	
ENVO:00002045	20	NCBITaxon:338969	Rhodoferax ferrireducens T118	4	TRUE	environmental_samples	
ENVO:00002045	21	NCBITaxon:33953	Clostridium aminobutyricum	4	TRUE	environmental_samples	
ENVO:00002045	22	NCBITaxon:349307	Methanothrix thermoacetophila PT	4	TRUE	environmental_samples	
ENVO:00002045	23	NCBITaxon:350688	Alkaliphilus oremlandii OhILAs	4	TRUE	environmental_samples	
ENVO:00002045	24	NCBITaxon:36987		4	TRUE	environmental_samples	
ENVO:00002045	25	NCBITaxon:379066	Gemmatimonas aurantiaca T-27	4	TRUE	environmental_samples	
ENVO:00002046	1	NCBITaxon:111564	Kineosphaera limosa	4	TRUE	annotated_genomes_isolates	
ENVO:00002046	2	NCBITaxon:1121458	Humidesulfovibrio mexicanus DSM 13116	4	TRUE	annotated_genomes_isolates	
ENVO:00002046	3	NCBITaxon:112248	Seinonella peptonophila	4	TRUE	environmental_samples	
ENVO:00002046	4	NCBITaxon:1133106	Plasticicumulans lactativorans	4	TRUE	annotated_genomes_isolates	
ENVO:00002046	5	NCBITaxon:1399	Cytobacillus firmus	4	TRUE	environmental_samples	
ENVO:00002046	6	NCBITaxon:1501432	Thiopseudomonas denitrificans	4	TRUE	annotated_genomes_isolates	
ENVO:00002046	7	NCBITaxon:153494	Rarobacter incanus	4	TRUE	annotated_genomes_isolates	
ENVO:00002046	8	NCBITaxon:164759	Diaphorobacter nitroreducens	4	TRUE	annotated_genomes_isolates	
ENVO:00002046	9	NCBITaxon:194373	uncultured Hyphomicrobium sp.	4	TRUE	environmental_samples	
ENVO:00002046	10	NCBITaxon:196162	Nocardioides sp. JS614	4	TRUE	environmental_samples	
ENVO:00002046	11	NCBITaxon:199684	uncultured Bradyrhizobium sp.	4	TRUE	environmental_samples	
ENVO:00002046	12	NCBITaxon:231024	Streptomyces africanus	4	TRUE	environmental_samples	
ENVO:00002046	13	NCBITaxon:256466	Pseudomonas japonica	4	TRUE	annotated_genomes_isolates	
ENVO:00002046	14	NCBITaxon:265072	Methylobacillus flagellatus KT	4	TRUE	annotated_genomes_isolates|environmental_samples	
ENVO:00002046	15	NCBITaxon:266940	Kineococcus radiotolerans SRS30216 = ATCC BAA-149	4	TRUE	environmental_samples	
ENVO:00002046	16	NCBITaxon:28034	Sulfobacillus thermosulfidooxidans	4	TRUE	environmental_samples	
ENVO:00002046	17	NCBITaxon:28115	Porphyromonas macacae	4	TRUE	environmental_samples	
ENVO:00002046	18	NCBITaxon:283878	Leucobacter aridicollis	4	TRUE	annotated_genomes_isolates	
ENVO:00002046	19	NCBITaxon:29290	Candidatus Magnetobacterium bavaricum	4	TRUE	environmental_samples	
ENVO:00002046	20	NCBITaxon:29346	Alkalithermobacter thermoalcaliphilus	4	TRUE	environmental_samples	
ENVO:00002046	21	NCBITaxon:29355	Ruminiclostridium cellobioparum	4	TRUE	environmental_samples	
ENVO:00002046	22	NCBITaxon:29539	Thermoleophilum album	4	TRUE	environmental_samples	
ENVO:00002046	23	NCBITaxon:317664	Quadrisphaera granulorum	4	TRUE	annotated_genomes_isolates	
ENVO:00002046	24	NCBITaxon:330214	Nitrospira defluvii	4	TRUE	environmental_samples	
ENVO:00002046	25	NCBITaxon:34073	Variovorax paradoxus	4	TRUE	environmental_samples	
ENVO:00002055	1	NCBITaxon:244592	Roseibium alexandrii DFL-11	4	TRUE	environmental_samples	
ENVO:00002055	2	NCBITaxon:245188	Yoonia vestfoldensis	4	TRUE	environmental_samples	
ENVO:00002055	3	NCBITaxon:28108	Alteromonas macleodii	4	TRUE	environmental_samples	
ENVO:00002055	4	NCBITaxon:282199	Nereida ignava	4	TRUE	environmental_samples	
ENVO:00002055	5	NCBITaxon:290400	Jannaschia sp. CCS1	4	TRUE	environmental_samples	
ENVO:00002055	6	NCBITaxon:326320	Dokdonia donghaensis	4	TRUE	environmental_samples	
ENVO:00002055	7	NCBITaxon:372072	Cohaesibacter gelatinilyticus	4	TRUE	environmental_samples	
ENVO:00002055	8	NCBITaxon:388739	Roseobacter sp. SK209-2-6	4	TRUE	environmental_samples	
ENVO:00002055	9	NCBITaxon:390612	Bacteriovorax sp. NZ7	4	TRUE	environmental_samples	
ENVO:00002055	10	NCBITaxon:392430	Roseobacter sp. SO3	4	TRUE	environmental_samples	
ENVO:00002055	11	NCBITaxon:571298	Aliiruegeria lutimaris	4	TRUE	environmental_samples	
ENVO:00002055	12	NCBITaxon:583355	Coraliomargarita akajimensis DSM 45221	4	TRUE	environmental_samples	
ENVO:00002055	13	NCBITaxon:70993	Flexithrix dorotheae	4	TRUE	environmental_samples	
ENVO:00002055	14	NCBITaxon:72036		4	TRUE	environmental_samples	
ENVO:00002055	15	NCBITaxon:81569	Ruegeria atlantica	4	TRUE	environmental_samples	
ENVO:00002055	16	NCBITaxon:83219	Sulfitobacter mediterraneus	4	TRUE	environmental_samples	
ENVO:00002055	17	NCBITaxon:987	Aquimarina latercula	4	TRUE	environmental_samples	
ENVO:00002061	1	NCBITaxon:1275	Kocuria rosea	4	TRUE	environmental_samples	
ENVO:00002061	2	NCBITaxon:1404	Priestia megaterium	4	TRUE	environmental_samples	
ENVO:00002061	3	NCBITaxon:156977	Microbacterium resistens	4	TRUE	environmental_samples	
ENVO:00002061	4	NCBITaxon:162426	Microbacterium hominis	4	TRUE	environmental_samples	
ENVO:00002061	5	NCBITaxon:1710	Cellulosimicrobium cellulans	4	TRUE	environmental_samples	
ENVO:00002061	6	NCBITaxon:1713	Oerskovia turbata	4	TRUE	environmental_samples	
ENVO:00002061	7	NCBITaxon:173764	Cytophaga sp. MBIC01539	4	TRUE	environmental_samples	
ENVO:00002061	8	NCBITaxon:196162	Nocardioides sp. JS614	4	TRUE	environmental_samples	
ENVO:00002061	9	NCBITaxon:213071	Nocardioides sp. SP12	4	TRUE	environmental_samples	
ENVO:00002061	10	NCBITaxon:28454	Sphingobacterium multivorum	4	TRUE	environmental_samples	
ENVO:00002061	11	NCBITaxon:29345	Sedimentibacter hydroxybenzoicus	4	TRUE	environmental_samples	
ENVO:00002061	12	NCBITaxon:29549	Rhodothermus marinus	4	TRUE	environmental_samples	
ENVO:00002061	13	NCBITaxon:330214	Nitrospira defluvii	4	TRUE	environmental_samples	
ENVO:00002061	14	NCBITaxon:35761	Nocardioides sp.	4	TRUE	environmental_samples	
ENVO:00002061	15	NCBITaxon:36987		4	TRUE	environmental_samples	
ENVO:00002061	16	NCBITaxon:37330	Nocardia nova	4	TRUE	environmental_samples	
ENVO:00002061	17	NCBITaxon:385067	Bacillus sp. N2a	4	TRUE	environmental_samples	
ENVO:00002061	18	NCBITaxon:389348	Candidatus Protochlamydia naegleriophila	4	TRUE	environmental_samples	
ENVO:00002061	19	NCBITaxon:43671	Actinotalea fermentans	4	TRUE	environmental_samples	
ENVO:00002061	20	NCBITaxon:445973	Intestinibacter bartlettii DSM 16795	4	TRUE	environmental_samples	
ENVO:00002061	21	NCBITaxon:4577		4	TRUE	environmental_samples	
ENVO:00002061	22	NCBITaxon:469383	Conexibacter woesei DSM 14684	4	TRUE	environmental_samples	
ENVO:00002061	23	NCBITaxon:485371	Bacillus sp. FSL_h8473	4	TRUE	environmental_samples	
ENVO:00002061	24	NCBITaxon:548579	Isoptericola jiangsuensis	4	TRUE	environmental_samples	
ENVO:00002061	25	NCBITaxon:60443	Terrabacter tumescens	4	TRUE	environmental_samples	
ENVO:00002113	1	NCBITaxon:1026	Marinoscillum furvescens	4	TRUE	environmental_samples	
ENVO:00002113	2	NCBITaxon:1061	Rhodobacter capsulatus	4	TRUE	environmental_samples	
ENVO:00002113	3	NCBITaxon:107401	Tenacibaculum maritimum	4	TRUE	environmental_samples	
ENVO:00002113	4	NCBITaxon:1082	Magnetospirillum fulvum	4	TRUE	environmental_samples	
ENVO:00002113	5	NCBITaxon:1085	Rhodospirillum rubrum	4	TRUE	environmental_samples	
ENVO:00002113	6	NCBITaxon:1086	Rhodothalassium salexigens	4	TRUE	environmental_samples	
ENVO:00002113	7	NCBITaxon:1087	Rhodovibrio salinarum	4	TRUE	environmental_samples	
ENVO:00002113	8	NCBITaxon:111770	Thiothrix fructosivorans	4	TRUE	environmental_samples	
ENVO:00002113	9	NCBITaxon:112009	Ignatzschineria larvae	4	TRUE	environmental_samples	
ENVO:00002113	10	NCBITaxon:112248	Seinonella peptonophila	4	TRUE	environmental_samples	
ENVO:00002113	11	NCBITaxon:119864	Marinomonas mediterranea	4	TRUE	environmental_samples	
ENVO:00002113	12	NCBITaxon:1229	Nitrosococcus oceani	4	TRUE	environmental_samples	
ENVO:00002113	13	NCBITaxon:1238	Piscirickettsia salmonis	4	TRUE	environmental_samples	
ENVO:00002113	14	NCBITaxon:1265	Ruminococcus flavefaciens	4	TRUE	environmental_samples	
ENVO:00002113	15	NCBITaxon:133193	Alkalilimnicola	4	TRUE	environmental_samples	
ENVO:00002113	16	NCBITaxon:1409	Bacillus sp. (in: firmicutes)	4	TRUE	environmental_samples	
ENVO:00002113	17	NCBITaxon:1485	Clostridium	4	TRUE	environmental_samples	
ENVO:00002113	18	NCBITaxon:1505	Paraclostridium sordellii	4	TRUE	environmental_samples	
ENVO:00002113	19	NCBITaxon:152268	Metabacillus litoralis	4	TRUE	environmental_samples	
ENVO:00002113	20	NCBITaxon:153026	Desulforegula conservatrix	4	TRUE	environmental_samples	
ENVO:00002113	21	NCBITaxon:1537	Romboutsia lituseburensis	4	TRUE	environmental_samples	
ENVO:00002113	22	NCBITaxon:158080		4	TRUE	environmental_samples	
ENVO:00002113	23	NCBITaxon:158192	Desulfuromonas michiganensis	4	TRUE	environmental_samples	
ENVO:00002113	24	NCBITaxon:162028	Haliangium tepidum	4	TRUE	environmental_samples	
ENVO:00002113	25	NCBITaxon:173	Leptospira interrogans	4	TRUE	environmental_samples	
ENVO:00002114	1	NCBITaxon:1120954	Aestuariimicrobium kwangyangense DSM 21549	4	TRUE	annotated_genomes_isolates	
ENVO:00002114	2	NCBITaxon:1123501	Wenxinia marina DSM 24838	4	TRUE	annotated_genomes_isolates	
ENVO:00002114	3	NCBITaxon:665038	Breoghania corrubedonensis	4	TRUE	annotated_genomes_isolates	
ENVO:00002114	4	NCBITaxon:428406	Ralstonia pickettii 12D	3	TRUE	annotated_genomes_isolates	
ENVO:00002116	1	NCBITaxon:651661	Dyadobacter psychrophilus	3	TRUE	annotated_genomes_isolates	
ENVO:00002117	1	NCBITaxon:164756	Mycobacterium sp. MCS	3	TRUE	annotated_genomes_isolates	
ENVO:00002117	2	NCBITaxon:164757	Mycobacterium sp. JLS	3	TRUE	annotated_genomes_isolates	
ENVO:00002117	3	NCBITaxon:189918	Mycobacterium sp. KMS	3	TRUE	annotated_genomes_isolates	
ENVO:00002117	4	NCBITaxon:278137	Mycolicibacterium gilvum Spyr1	3	TRUE	annotated_genomes_isolates	
ENVO:00002117	5	NCBITaxon:710421	Mycolicibacterium chubuense NBB4	3	TRUE	annotated_genomes_isolates	
ENVO:00002117	6	NCBITaxon:710685	Mycolicibacterium rhodesiae NBB3	3	TRUE	annotated_genomes_isolates	
ENVO:00002117	7	NCBITaxon:710687	Mycolicibacterium tusciae JS617	3	TRUE	annotated_genomes_isolates	
ENVO:00002117	8	NCBITaxon:931627	Mycolicibacterium rhodesiae JS60	3	TRUE	annotated_genomes_isolates	
ENVO:00002118	1	NCBITaxon:1121014	Arenimonas donghaensis DSM 18148 = HO3-R19	3	TRUE	annotated_genomes_isolates	
ENVO:00002118	2	NCBITaxon:1122176	Lewinella cohaerens DSM 23179	3	TRUE	annotated_genomes_isolates	
ENVO:00002118	3	NCBITaxon:1408433	Crocinitomix catalasitica ATCC 23190	3	TRUE	annotated_genomes_isolates	
ENVO:00002118	4	NCBITaxon:502025	Haliangium ochraceum DSM 14365	3	TRUE	annotated_genomes_isolates	
ENVO:00002118	5	NCBITaxon:643867	Marivirga tractuosa DSM 4126	3	TRUE	annotated_genomes_isolates	
ENVO:00002119	1	NCBITaxon:480224	Chloroflexus aurantiacus Y-400-fl	3	TRUE	annotated_genomes_isolates	
ENVO:00002120	1	NCBITaxon:1056495	Caldisphaera lagunensis DSM 15908	3	TRUE	annotated_genomes_isolates	
ENVO:00002120	2	NCBITaxon:380749	Hydrogenobaculum sp. Y04AAS1	3	TRUE	annotated_genomes_isolates	
ENVO:00002120	3	NCBITaxon:397948	Caldivirga maquilingensis IC-167	3	TRUE	annotated_genomes_isolates	
ENVO:00002121	1	NCBITaxon:1069448	Nitriliruptor alkaliphilus DSM 45188	3	TRUE	annotated_genomes_isolates	
ENVO:00002121	2	NCBITaxon:1121087	Alkalicoccus chagannorensis DSM 18086	3	TRUE	annotated_genomes_isolates	
ENVO:00002121	3	NCBITaxon:1121915	Geoalkalibacter ferrihydriticus DSM 17813	3	TRUE	annotated_genomes_isolates	
ENVO:00002121	4	NCBITaxon:1122130	Jonesia quinghaiensis DSM 15701	3	TRUE	annotated_genomes_isolates	
ENVO:00002121	5	NCBITaxon:1122209	Marinospirillum alkaliphilum DSM 21637	3	TRUE	annotated_genomes_isolates	
ENVO:00002121	6	NCBITaxon:1123231	Lacicoccus alkaliphilus DSM 16010	3	TRUE	annotated_genomes_isolates	
ENVO:00002121	7	NCBITaxon:1123239	Salsuginibacillus kocurii DSM 18087	3	TRUE	annotated_genomes_isolates	
ENVO:00002121	8	NCBITaxon:121821	Roseinatronobacter thiooxidans	3	TRUE	annotated_genomes_isolates	
ENVO:00002121	9	NCBITaxon:1408424	Alkalihalobacillus bogoriensis ATCC BAA-922	3	TRUE	annotated_genomes_isolates	
ENVO:00002121	10	NCBITaxon:320502	Acetivibrio alkalicellulosi	3	TRUE	annotated_genomes_isolates	
ENVO:00002121	11	NCBITaxon:393762	Natronincola ferrireducens	3	TRUE	annotated_genomes_isolates	
ENVO:00002121	12	NCBITaxon:396595	Thioalkalivibrio sp. K90mix	3	TRUE	annotated_genomes_isolates	
ENVO:00002121	13	NCBITaxon:426128	Natronincola peptidivorans	3	TRUE	annotated_genomes_isolates	
ENVO:00002121	14	NCBITaxon:441209	Roseinatronobacter bogoriensis subsp. barguzinensis	3	TRUE	annotated_genomes_isolates	
ENVO:00002121	15	NCBITaxon:442899	Halolactibacillus alkaliphilus	3	TRUE	annotated_genomes_isolates	
ENVO:00002121	16	NCBITaxon:517424	Salsuginibacillus halophilus	3	TRUE	annotated_genomes_isolates	
ENVO:00002121	17	NCBITaxon:555088	Dethiobacter alkaliphilus AHT 1	3	TRUE	annotated_genomes_isolates	
ENVO:00002121	18	NCBITaxon:555779	Desulfonatronospira thiodismutans ASO3-1	3	TRUE	annotated_genomes_isolates	
ENVO:00002121	19	NCBITaxon:694430	Natronococcus occultus SP4	3	TRUE	annotated_genomes_isolates	
ENVO:00002121	20	NCBITaxon:889378	Spirochaeta africana DSM 8902	3	TRUE	annotated_genomes_isolates	
ENVO:00002121	21	NCBITaxon:927658	Alkaliflexus imshenetskii DSM 15055	3	TRUE	annotated_genomes_isolates	
ENVO:00002121	22	NCBITaxon:942938	Alkalispirochaeta alkalica DSM 8900	3	TRUE	annotated_genomes_isolates	
ENVO:00002123	1	NCBITaxon:1082276	Hydrogenispora ethanolica	4	TRUE	annotated_genomes_isolates	
ENVO:00002123	2	NCBITaxon:1209989	Tepidanaerobacter acetatoxydans Re1	4	TRUE	annotated_genomes_isolates	MADIN
ENVO:00002123	3	NCBITaxon:1297750	Bacteroides luti	4	TRUE	annotated_genomes_isolates	
ENVO:00002123	4	NCBITaxon:1938638	Clostridiaceae bacterium JGI 000176CP_B01	4	TRUE	annotated_genomes_isolates	
ENVO:00002123	5	NCBITaxon:1938639	Clostridiaceae bacterium JGI 000176CP_E08	4	TRUE	annotated_genomes_isolates	
ENVO:00002123	6	NCBITaxon:1938641	Clostridiales bacterium JGI 000170CP_A02	4	TRUE	annotated_genomes_isolates	
ENVO:00002123	7	NCBITaxon:1938642	Clostridiales bacterium JGI 000170CP_C01	4	TRUE	annotated_genomes_isolates	
ENVO:00002123	8	NCBITaxon:1938643	Clostridiales bacterium JGI 000170CP_C03	4	TRUE	annotated_genomes_isolates	
ENVO:00002123	9	NCBITaxon:1938647	Clostridiales bacterium JGI 000176CP_B07	4	TRUE	annotated_genomes_isolates	
ENVO:00002123	10	NCBITaxon:1938649	Clostridiales bacterium JGI 000176CP_E06	4	TRUE	annotated_genomes_isolates	
ENVO:00002123	11	NCBITaxon:1938652	Lachnospiraceae bacterium JGI 000170CP_F01	4	TRUE	annotated_genomes_isolates	
ENVO:00002123	12	NCBITaxon:1938653	Ruminococcaceae bacterium JGI 000176CP_B03	4	TRUE	annotated_genomes_isolates	
ENVO:00002123	13	NCBITaxon:1938739	Alkaliphilus sp. JGI 000170CP_B06	4	TRUE	annotated_genomes_isolates	
ENVO:00002123	14	NCBITaxon:1938748	Clostridium sp. JGI 000170CP_A06	4	TRUE	annotated_genomes_isolates	
ENVO:00002123	15	NCBITaxon:1938750	Clostridium sp. JGI 000170CP_E05	4	TRUE	annotated_genomes_isolates	
ENVO:00002123	16	NCBITaxon:1938752	Comamonas sp. JGI 000176CP_D06	4	TRUE	annotated_genomes_isolates	
ENVO:00002123	17	NCBITaxon:1938825	Spirosoma sp. JGI 000178CP_D11	4	TRUE	annotated_genomes_isolates	
ENVO:00002123	18	NCBITaxon:1938826	Streptococcus sp. JGI 000170CP_B04	4	TRUE	annotated_genomes_isolates	
ENVO:00002123	19	NCBITaxon:1938829	Streptococcus sp. JGI 000170CP_G01	4	TRUE	annotated_genomes_isolates	
ENVO:00002123	20	NCBITaxon:1938864	Syntrophomonas sp. JGI 000170CP_G06	4	TRUE	annotated_genomes_isolates	
ENVO:00002123	21	NCBITaxon:1938865	Syntrophomonas sp. JGI 000170CP_C07	4	TRUE	annotated_genomes_isolates	
ENVO:00002123	22	NCBITaxon:1938867	Alkaliphilus sp. JGI 000170CP_H07	4	TRUE	annotated_genomes_isolates	
ENVO:00002123	23	NCBITaxon:1938868	Clostridium sp. JGI 000170CP_A08	4	TRUE	annotated_genomes_isolates	
ENVO:00002123	24	NCBITaxon:1938887	Fastidiosipila sp. JGI 000176CP_A02	4	TRUE	annotated_genomes_isolates	
ENVO:00002123	25	NCBITaxon:2012684	Bacteroidaceae bacterium JGI 000170CP_F02	4	TRUE	annotated_genomes_isolates	
ENVO:00002124	1	NCBITaxon:103810	Riemerella columbina	4	TRUE	environmental_samples	
ENVO:00002124	2	NCBITaxon:104245	Clavaria zollingeri	4	TRUE	environmental_samples	
ENVO:00002124	3	NCBITaxon:114628	Alkaliphilus transvaalensis	4	TRUE	environmental_samples	
ENVO:00002124	4	NCBITaxon:1397	Niallia circulans	4	TRUE	environmental_samples	
ENVO:00002124	5	NCBITaxon:149712	Desulfovirga adipica	4	TRUE	environmental_samples	
ENVO:00002124	6	NCBITaxon:152	Zuelzera stenostrepta	4	TRUE	environmental_samples	
ENVO:00002124	7	NCBITaxon:153501	uncultured Methylocystis sp.	4	TRUE	environmental_samples	
ENVO:00002124	8	NCBITaxon:156	Teretinema zuelzerae	4	TRUE	environmental_samples	
ENVO:00002124	9	NCBITaxon:158192	Desulfuromonas michiganensis	4	TRUE	environmental_samples	
ENVO:00002124	10	NCBITaxon:173	Leptospira interrogans	4	TRUE	environmental_samples	
ENVO:00002124	11	NCBITaxon:1855	Frankia sp.	4	TRUE	environmental_samples	
ENVO:00002124	12	NCBITaxon:186741	uncultured Geobacter sp.	4	TRUE	environmental_samples	
ENVO:00002124	13	NCBITaxon:200125	Nitrosomonas sp. Nm86	4	TRUE	environmental_samples	
ENVO:00002124	14	NCBITaxon:214688	Gemmata obscuriglobus UQM 2246	4	TRUE	environmental_samples	
ENVO:00002124	15	NCBITaxon:258475	Pelotomaculum propionicicum	4	TRUE	environmental_samples	
ENVO:00002124	16	NCBITaxon:266940	Kineococcus radiotolerans SRS30216 = ATCC BAA-149	4	TRUE	environmental_samples	
ENVO:00002124	17	NCBITaxon:28122	Fibrobacter intestinalis	4	TRUE	environmental_samples	
ENVO:00002124	18	NCBITaxon:28251	Ornithobacterium rhinotracheale	4	TRUE	environmental_samples	
ENVO:00002124	19	NCBITaxon:28262	Thermodesulfovibrio yellowstonii	4	TRUE	environmental_samples	
ENVO:00002124	20	NCBITaxon:286698	Geobacter psychrophilus	4	TRUE	environmental_samples	
ENVO:00002124	21	NCBITaxon:29290	Candidatus Magnetobacterium bavaricum	4	TRUE	environmental_samples	
ENVO:00002124	22	NCBITaxon:29355	Ruminiclostridium cellobioparum	4	TRUE	environmental_samples	
ENVO:00002124	23	NCBITaxon:29549	Rhodothermus marinus	4	TRUE	environmental_samples	
ENVO:00002124	24	NCBITaxon:31910	Halovibrio variabilis	4	TRUE	environmental_samples	
ENVO:00002124	25	NCBITaxon:330214	Nitrospira defluvii	4	TRUE	environmental_samples	
ENVO:00002127	1	NCBITaxon:1076	Rhodopseudomonas palustris	1.43365	TRUE	environmental_samples	
ENVO:00002127	2	NCBITaxon:2850	Phaeodactylum tricornutum	1.41754	TRUE	environmental_samples	
ENVO:00002127	3	NCBITaxon:59406	Aromatoleum evansii	1.41754	TRUE	environmental_samples	
ENVO:00002127	4	NCBITaxon:444157	Pyrobaculum neutrophilum V24Sta	1.41507	TRUE	environmental_samples	
ENVO:00002127	5	NCBITaxon:425067	Burkholderia pseudomallei 305	1.4135	TRUE	environmental_samples	
ENVO:00002127	6	NCBITaxon:59405	Thauera aromatica	1.40615	TRUE	environmental_samples	
ENVO:00002127	7	NCBITaxon:503997	Hydrogenophaga sp. PL2G6	1.40136	TRUE	environmental_samples	
ENVO:00002127	8	NCBITaxon:543891	Comamonas testosteroni CNB-1	1.3999	TRUE	environmental_samples	
ENVO:00002127	9	NCBITaxon:529	Brucella anthropi	1.39533	TRUE	environmental_samples	
ENVO:00002127	10	NCBITaxon:1058	Thiocapsa roseopersicina	1.3915	TRUE	environmental_samples	
ENVO:00002127	11	NCBITaxon:375	Bradyrhizobium japonicum	1.39138	TRUE	environmental_samples	
ENVO:00002127	12	NCBITaxon:504000	Thauera sp. E7	1.39065	TRUE	environmental_samples	
ENVO:00002127	13	NCBITaxon:34	Myxococcus xanthus	1.38853	TRUE	environmental_samples	
ENVO:00002127	14	NCBITaxon:272560	Burkholderia pseudomallei K96243	1.38824	TRUE	environmental_samples	
ENVO:00002127	15	NCBITaxon:189518	Leptospira interrogans serovar Lai str. 56601	1.38262	TRUE	environmental_samples	
ENVO:00002127	16	NCBITaxon:60894	Saccharopolyspora spinosa	1.38207	TRUE	environmental_samples	
ENVO:00002127	17	NCBITaxon:663917	Geobacter sulfurreducens KN400	1.38021	TRUE	environmental_samples	
ENVO:00002127	18	NCBITaxon:298265	Comamonas sp. JS46	1.37983	TRUE	environmental_samples	
ENVO:00002127	19	NCBITaxon:510516	Aspergillus oryzae RIB40	1.37622	TRUE	environmental_samples	
ENVO:00002127	20	NCBITaxon:320374	Burkholderia pseudomallei S13	1.37576	TRUE	environmental_samples	
ENVO:00002127	21	NCBITaxon:707241	Sinorhizobium meliloti SM11	1.37157	TRUE	environmental_samples	
ENVO:00002127	22	NCBITaxon:480224	Chloroflexus aurantiacus Y-400-fl	1.37019	TRUE	environmental_samples	
ENVO:00002127	23	NCBITaxon:441161	Burkholderia pseudomallei DM98	1.36754	TRUE	environmental_samples	
ENVO:00002127	24	NCBITaxon:410359	Pyrobaculum calidifontis JCM 11548	1.36696	TRUE	environmental_samples	
ENVO:00002127	25	NCBITaxon:178306	Pyrobaculum aerophilum str. IM2	1.36465	TRUE	environmental_samples	
ENVO:00002129	1	NCBITaxon:335543	Syntrophobacter fumaroxidans MPOB	3	TRUE	annotated_genomes_isolates	
ENVO:00002130	1	NCBITaxon:74152	Elusimicrobiota	4	TRUE	annotated_genomes_isolates	
ENVO:00002130	2	NCBITaxon:259564	Methanococcoides burtonii DSM 6242	3	TRUE	annotated_genomes_isolates	
ENVO:00002131	1	NCBITaxon:204428	Chlamydiota	4	TRUE	annotated_genomes_isolates	
ENVO:00002133	1	NCBITaxon:439292	[Bacillus] selenitireducens MLS10	3	TRUE	annotated_genomes_isolates	
ENVO:00002137	1	NCBITaxon:94122	Shewanella sp. ANA-3	3	TRUE	annotated_genomes_isolates	
ENVO:00002138	1	NCBITaxon:391037	Salinispora arenicola CNS-205	3	TRUE	annotated_genomes_isolates	
ENVO:00002141	1	NCBITaxon:1549639	Rufibacter quisquiliarum	4	TRUE	annotated_genomes_isolates	
ENVO:00002141	2	NCBITaxon:935948	Caldanaerobius polysaccharolyticus DSM 13641	3	TRUE	annotated_genomes_isolates	
ENVO:00002142	1	NCBITaxon:293826	Alkaliphilus metalliredigens QYMF	3	TRUE	annotated_genomes_isolates	
ENVO:00002147	1	NCBITaxon:349163	Acidiphilium cryptum JF-5	3	TRUE	annotated_genomes_isolates	
ENVO:00002148	1	NCBITaxon:369723	Salinispora tropica CNB-440	3	TRUE	annotated_genomes_isolates	
ENVO:00002149	1	NCBITaxon:1014	Weeksella virosa	4	TRUE	environmental_samples	
ENVO:00002149	2	NCBITaxon:102	Polaribacter glomeratus	4	TRUE	environmental_samples	
ENVO:00002149	3	NCBITaxon:103	Flectobacillus major	4	TRUE	environmental_samples	
ENVO:00002149	4	NCBITaxon:103810	Riemerella columbina	4	TRUE	environmental_samples	
ENVO:00002149	5	NCBITaxon:104268	Tenacibaculum mesophilum	4	TRUE	environmental_samples	
ENVO:00002149	6	NCBITaxon:104270	Tenacibaculum ovolyticum	4	TRUE	environmental_samples	
ENVO:00002149	7	NCBITaxon:107401	Tenacibaculum maritimum	4	TRUE	environmental_samples	
ENVO:00002149	8	NCBITaxon:1086	Rhodothalassium salexigens	4	TRUE	environmental_samples	
ENVO:00002149	9	NCBITaxon:1087	Rhodovibrio salinarum	4	TRUE	environmental_samples	
ENVO:00002149	10	NCBITaxon:109263	Halothiobacillus kellyi	4	TRUE	environmental_samples	
ENVO:00002149	11	NCBITaxon:111769	Thiothrix unzii	4	TRUE	environmental_samples	
ENVO:00002149	12	NCBITaxon:111770	Thiothrix fructosivorans	4	TRUE	environmental_samples	
ENVO:00002149	13	NCBITaxon:112002	Psychrobacter pacificensis	4	TRUE	environmental_samples	
ENVO:00002149	14	NCBITaxon:112009	Ignatzschineria larvae	4	TRUE	environmental_samples	
ENVO:00002149	15	NCBITaxon:117680	Pseudomonas reactans	4	TRUE	environmental_samples	
ENVO:00002149	16	NCBITaxon:1217908	Octadecabacter antarcticus	4	TRUE	environmental_samples	
ENVO:00002149	17	NCBITaxon:1229	Nitrosococcus oceani	4	TRUE	environmental_samples	MADIN
ENVO:00002149	18	NCBITaxon:1238	Piscirickettsia salmonis	4	TRUE	environmental_samples	
ENVO:00002149	19	NCBITaxon:1282	Staphylococcus epidermidis	4	TRUE	environmental_samples	
ENVO:00002149	20	NCBITaxon:133193	Alkalilimnicola	4	TRUE	environmental_samples	
ENVO:00002149	21	NCBITaxon:133422	Pseudoalteromonas sp. A316	4	TRUE	environmental_samples	
ENVO:00002149	22	NCBITaxon:141451	Oleiphilus messinensis	4	TRUE	environmental_samples	
ENVO:00002149	23	NCBITaxon:143224	Zobellia uliginosa	4	TRUE	environmental_samples	MADIN
ENVO:00002149	24	NCBITaxon:143802	Ralstonia sp. HAB-11	4	TRUE	environmental_samples	
ENVO:00002149	25	NCBITaxon:145483	Frigoribacterium faeni	4	TRUE	environmental_samples	
ENVO:00002150	1	NCBITaxon:238	Elizabethkingia meningoseptica	4	TRUE	environmental_samples	
ENVO:00002150	2	NCBITaxon:266940	Kineococcus radiotolerans SRS30216 = ATCC BAA-149	4	TRUE	environmental_samples	
ENVO:00002150	3	NCBITaxon:28108	Alteromonas macleodii	4	TRUE	environmental_samples	
ENVO:00002150	4	NCBITaxon:28254	Marinomonas communis	4	TRUE	environmental_samples	
ENVO:00002150	5	NCBITaxon:294936	Photobacterium rosenbergii	4	TRUE	environmental_samples	
ENVO:00002150	6	NCBITaxon:36987		4	TRUE	environmental_samples	
ENVO:00002150	7	NCBITaxon:39946		4	TRUE	environmental_samples	
ENVO:00002150	8	NCBITaxon:40518	Ruminococcus bromii	4	TRUE	environmental_samples	
ENVO:00002150	9	NCBITaxon:523791	Kangiella koreensis DSM 16069	4	TRUE	environmental_samples	
ENVO:00002150	10	NCBITaxon:583355	Coraliomargarita akajimensis DSM 45221	4	TRUE	environmental_samples	
ENVO:00002150	11	NCBITaxon:70993	Flexithrix dorotheae	4	TRUE	environmental_samples	
ENVO:00002150	12	NCBITaxon:777	Coxiella burnetii	4	TRUE	environmental_samples	
ENVO:00002150	13	NCBITaxon:203124	Trichodesmium erythraeum IMS101	3	TRUE	annotated_genomes_isolates	
ENVO:00002150	14	NCBITaxon:114847	uncultured Roseobacter sp.	1.91502	TRUE	environmental_samples	
ENVO:00002150	15	NCBITaxon:313595	Psychroflexus torquis ATCC 700755	1.91137	TRUE	environmental_samples	
ENVO:00002150	16	NCBITaxon:1042646		1.90169	TRUE	environmental_samples	
ENVO:00002150	17	NCBITaxon:35869		1.87345	TRUE	environmental_samples	
ENVO:00002150	18	NCBITaxon:413949	Eimeria tenella strain Houghton	1.86727	TRUE	environmental_samples	
ENVO:00002150	19	NCBITaxon:656912	Haemophilus influenzae RdAW	1.85311	TRUE	environmental_samples	
ENVO:00002150	20	NCBITaxon:351016	Roseobacter sp. AzwK-3b	1.8458	TRUE	environmental_samples	
ENVO:00002150	21	NCBITaxon:1514140	Trieres chinensis	1.84187	TRUE	environmental_samples	
ENVO:00002150	22	NCBITaxon:3144		1.81386	TRUE	environmental_samples	
ENVO:00002150	23	NCBITaxon:600809	Blattabacterium sp. (Periplaneta americana) str. BPLAN	1.80782	TRUE	environmental_samples	
ENVO:00002150	24	NCBITaxon:314262	Roseobacter sp. MED193	1.80129	TRUE	environmental_samples	
ENVO:00002150	25	NCBITaxon:3055		1.77445	TRUE	environmental_samples	
ENVO:00002152	1	NCBITaxon:1121927	Gordonia hirsuta DSM 44140 = NBRC 16056	3	TRUE	annotated_genomes_isolates	
ENVO:00002153	1	NCBITaxon:420662	Methylibium petroleiphilum PM1	3	TRUE	annotated_genomes_isolates	
ENVO:00002156	1	NCBITaxon:164757	Mycobacterium sp. JLS	3	TRUE	annotated_genomes_isolates	
ENVO:00002157	1	NCBITaxon:2850	Phaeodactylum tricornutum	1.13934	TRUE	environmental_samples	
ENVO:00002157	2	NCBITaxon:35845		1.07765	TRUE	environmental_samples	
ENVO:00002157	3	NCBITaxon:1058	Thiocapsa roseopersicina	1.02302	TRUE	environmental_samples	
ENVO:00002157	4	NCBITaxon:323098	Nitrobacter winogradskyi Nb-255	1.00664	TRUE	environmental_samples	
ENVO:00002157	5	NCBITaxon:398580	Dinoroseobacter shibae DFL 12 = DSM 16493	1.00055	TRUE	environmental_samples	
ENVO:00002157	6	NCBITaxon:314260	Parvularcula bermudensis HTCC2503	1.00026	TRUE	environmental_samples	
ENVO:00002158	1	NCBITaxon:572477	Allochromatium vinosum DSM 180	3	TRUE	annotated_genomes_isolates	
ENVO:00002160	1	NCBITaxon:326298	Sulfurimonas denitrificans DSM 1251	3	TRUE	annotated_genomes_isolates	
ENVO:00002168	1	NCBITaxon:1123325	Sulfurihydrogenibium subterraneum DSM 15120	3	TRUE	annotated_genomes_isolates	
ENVO:00002168	2	NCBITaxon:477974	Candidatus Desulforudis audaxviator MP104C	3	TRUE	annotated_genomes_isolates	
ENVO:00002168	3	NCBITaxon:380481	Methylomicrobium sp. HG-1	1.09383	TRUE	environmental_samples	
ENVO:00002168	4	NCBITaxon:3175		1.04753	TRUE	environmental_samples	
ENVO:00002170	1	NCBITaxon:1045004	Oenococcus kitaharae DSM 17330	3	TRUE	annotated_genomes_isolates	
ENVO:00002170	2	NCBITaxon:1045012	Acetivibrio clariflavus 4-2a	3	TRUE	annotated_genomes_isolates	
ENVO:00002170	3	NCBITaxon:1089552	Rhodovibrio salinarum DSM 9154	3	TRUE	annotated_genomes_isolates	MADIN
ENVO:00002170	4	NCBITaxon:1111737	Thermocrispum municipale DSM 44069	3	TRUE	annotated_genomes_isolates	MADIN
ENVO:00002170	5	NCBITaxon:1111738	Thermocrispum agreste DSM 44070	3	TRUE	annotated_genomes_isolates	MADIN
ENVO:00002170	6	NCBITaxon:1121013	Arenimonas composti TR7-09 = DSM 18010	3	TRUE	annotated_genomes_isolates	MADIN
ENVO:00002170	7	NCBITaxon:1121349	Comamonas composti DSM 21721	3	TRUE	annotated_genomes_isolates	MADIN
ENVO:00002170	8	NCBITaxon:1121385	Demetria terragena DSM 11295	3	TRUE	annotated_genomes_isolates	MADIN
ENVO:00002170	9	NCBITaxon:1121395	Desulfitobacterium chlororespirans DSM 11544	3	TRUE	annotated_genomes_isolates	MADIN
ENVO:00002170	10	NCBITaxon:1121431	Desulfallas thermosapovorans DSM 6562	3	TRUE	annotated_genomes_isolates	
ENVO:00002170	11	NCBITaxon:1121927	Gordonia hirsuta DSM 44140 = NBRC 16056	3	TRUE	annotated_genomes_isolates	MADIN
ENVO:00002170	12	NCBITaxon:1121952	Humibacter albus DSM 18994	3	TRUE	annotated_genomes_isolates	MADIN
ENVO:00002170	13	NCBITaxon:1122239	Microbacterium luticocti DSM 19459	3	TRUE	annotated_genomes_isolates	MADIN
ENVO:00002170	14	NCBITaxon:1122958	Phenylobacterium composti DSM 19425	3	TRUE	annotated_genomes_isolates	MADIN
ENVO:00002170	15	NCBITaxon:1123024	Pseudonocardia asaccharolytica DSM 44247 = NBRC 16224	3	TRUE	annotated_genomes_isolates	
ENVO:00002170	16	NCBITaxon:1123405	Tuberibacillus calidus DSM 17572	3	TRUE	annotated_genomes_isolates	MADIN
ENVO:00002170	17	NCBITaxon:1292027	Stutzerimonas azotifigens DSM 17556	3	TRUE	annotated_genomes_isolates	MADIN
ENVO:00002170	18	NCBITaxon:1868734	Aeribacillus composti	3	TRUE	annotated_genomes_isolates	
ENVO:00002170	19	NCBITaxon:1970199	Sorangiineae bacterium NIC37A_2	3	TRUE	annotated_genomes_isolates	
ENVO:00002170	20	NCBITaxon:407022	Olivibacter domesticus	3	TRUE	annotated_genomes_isolates	MADIN
ENVO:00002170	21	NCBITaxon:471852	Thermomonospora curvata DSM 43183	3	TRUE	annotated_genomes_isolates|environmental_samples	MADIN
ENVO:00002170	22	NCBITaxon:644383	Thermosporothrix hazakensis	3	TRUE	annotated_genomes_isolates	MADIN
ENVO:00002170	23	NCBITaxon:649349	Leadbetterella byssophila DSM 17132	3	TRUE	annotated_genomes_isolates|environmental_samples	MADIN
ENVO:00002170	24	NCBITaxon:39650	Cellvibrio mixtus	2.82248	TRUE	environmental_samples	
ENVO:00002170	25	NCBITaxon:155077	Cellvibrio japonicus	2.77144	TRUE	environmental_samples	
ENVO:00002173	1	NCBITaxon:1120921	Acidaminococcus intestini DSM 21505	3	TRUE	annotated_genomes_isolates	
ENVO:00002173	2	NCBITaxon:1121364	Corynebacterium massiliense DSM 45435	3	TRUE	annotated_genomes_isolates	
ENVO:00002173	3	NCBITaxon:425067	Burkholderia pseudomallei 305	3	TRUE	annotated_genomes_isolates	
ENVO:00002173	4	NCBITaxon:536230	Burkholderia pseudomallei MSHR346	3	TRUE	annotated_genomes_isolates	
ENVO:00002173	5	NCBITaxon:742767	Dysgonomonas mossii DSM 22836	3	TRUE	annotated_genomes_isolates	
ENVO:00002173	6	NCBITaxon:77917	Fusobacterium naviforme	3	TRUE	annotated_genomes_isolates	
ENVO:00002179	1	NCBITaxon:5061	Aspergillus niger	4	TRUE	environmental_samples	
ENVO:00002179	2	NCBITaxon:74426	Collinsella aerofaciens	4	TRUE	environmental_samples	
ENVO:00002179	3	NCBITaxon:426368	Methanococcus maripaludis C7	3	TRUE	annotated_genomes_isolates	
ENVO:00002179	4	NCBITaxon:444158	Methanococcus maripaludis C6	3	TRUE	annotated_genomes_isolates	
ENVO:00002179	5	NCBITaxon:568106	Marinobacterium lutimaris	3	TRUE	annotated_genomes_isolates	
ENVO:00002182	1	NCBITaxon:232721	Acidovorax sp. JS42	3	TRUE	annotated_genomes_isolates	
ENVO:00002185	1	NCBITaxon:1121016	Arhodomonas aquaeolei DSM 8974	4	TRUE	annotated_genomes_isolates	
ENVO:00002185	2	NCBITaxon:1121391	Desulfacinum infernum DSM 9756	4	TRUE	annotated_genomes_isolates	
ENVO:00002185	3	NCBITaxon:1121430	Desulfofundulus thermocisternus DSM 10259	4	TRUE	annotated_genomes_isolates	
ENVO:00002185	4	NCBITaxon:1121436	Oleidesulfovibrio alaskensis DSM 16109	4	TRUE	annotated_genomes_isolates	
ENVO:00002185	5	NCBITaxon:1121449	Paucidesulfovibrio gracilis DSM 16080	4	TRUE	annotated_genomes_isolates	
ENVO:00002185	6	NCBITaxon:1121456	Paucidesulfovibrio longus DSM 6739	4	TRUE	annotated_genomes_isolates	
ENVO:00002185	7	NCBITaxon:1121911	Garciella nitratireducens DSM 15102	4	TRUE	annotated_genomes_isolates	
ENVO:00002185	8	NCBITaxon:1122143	Lacticigenium naphthae DSM 19658	4	TRUE	annotated_genomes_isolates	
ENVO:00002185	9	NCBITaxon:1122233	Methermicoccus shengliensis DSM 18856	4	TRUE	annotated_genomes_isolates	
ENVO:00002185	10	NCBITaxon:1123373	Thermodesulfobacterium thermophilum DSM 1276	4	TRUE	annotated_genomes_isolates	
ENVO:00002185	11	NCBITaxon:1123383	Pseudothermotoga elfii DSM 9442 = NBRC 107921	4	TRUE	annotated_genomes_isolates	
ENVO:00002185	12	NCBITaxon:1123384	Pseudothermotoga hypogea DSM 11164 = NBRC 106472	4	TRUE	annotated_genomes_isolates	
ENVO:00002185	13	NCBITaxon:156202	Petrotoga sibirica	4	TRUE	annotated_genomes_isolates	
ENVO:00002185	14	NCBITaxon:156203	Petrotoga olearia	4	TRUE	annotated_genomes_isolates	
ENVO:00002185	15	NCBITaxon:207559	Oleidesulfovibrio alaskensis G20	4	TRUE	annotated_genomes_isolates	
ENVO:00002185	16	NCBITaxon:285070	Petrimonas sulfuriphila	4	TRUE	annotated_genomes_isolates	
ENVO:00002185	17	NCBITaxon:351348	Marinobacter nauticus VT8	4	TRUE	annotated_genomes_isolates	
ENVO:00002185	18	NCBITaxon:469381	Dethiosulfovibrio peptidovorans DSM 11002	4	TRUE	annotated_genomes_isolates	
ENVO:00002185	19	NCBITaxon:522772	Denitrovibrio acetiphilus DSM 12809	4	TRUE	annotated_genomes_isolates	
ENVO:00002185	20	NCBITaxon:573413	Sediminispirochaeta smaragdinae DSM 11293	4	TRUE	annotated_genomes_isolates	
ENVO:00002185	21	NCBITaxon:580340	Thermovirga lienii DSM 17291	4	TRUE	annotated_genomes_isolates	
ENVO:00002185	22	NCBITaxon:679926	Methanolacinia petrolearia DSM 11571	4	TRUE	annotated_genomes_isolates	
ENVO:00002185	23	NCBITaxon:697281	Mahella australiensis 50-1 BON	4	TRUE	annotated_genomes_isolates	
ENVO:00002185	24	NCBITaxon:911092	Caldanaerobacter subterraneus	4	TRUE	annotated_genomes_isolates	
ENVO:00002185	25	NCBITaxon:29563	Halanaerobium salsuginis	3	TRUE	annotated_genomes_isolates	
ENVO:00002191	1	NCBITaxon:1505	Paraclostridium sordellii	4	TRUE	environmental_samples	
ENVO:00002191	2	NCBITaxon:1537	Romboutsia lituseburensis	4	TRUE	environmental_samples	
ENVO:00002191	3	NCBITaxon:1605	Ligilactobacillus animalis	4	TRUE	environmental_samples	
ENVO:00002191	4	NCBITaxon:1622	Ligilactobacillus murinus	4	TRUE	environmental_samples	
ENVO:00002191	5	NCBITaxon:1624	Ligilactobacillus salivarius	4	TRUE	environmental_samples	
ENVO:00002191	6	NCBITaxon:1648	Erysipelothrix rhusiopathiae	4	TRUE	environmental_samples	
ENVO:00002191	7	NCBITaxon:165179	Segatella copri	4	TRUE	environmental_samples	
ENVO:00002191	8	NCBITaxon:1732	Eubacterium oxidoreducens	4	TRUE	environmental_samples	
ENVO:00002191	9	NCBITaxon:180332	Robinsoniella peoriensis	4	TRUE	environmental_samples	
ENVO:00002191	10	NCBITaxon:2741	Peptococcus niger	4	TRUE	environmental_samples	
ENVO:00002191	11	NCBITaxon:28051	Lachnospira multipara	4	TRUE	environmental_samples	
ENVO:00002191	12	NCBITaxon:28111	Bacteroides eggerthii	4	TRUE	environmental_samples	
ENVO:00002191	13	NCBITaxon:28131	Prevotella intermedia	4	TRUE	environmental_samples	
ENVO:00002191	14	NCBITaxon:33038	Mediterraneibacter gnavus	4	TRUE	environmental_samples	
ENVO:00002191	15	NCBITaxon:33953	Clostridium aminobutyricum	4	TRUE	environmental_samples	
ENVO:00002191	16	NCBITaxon:33959	Lactobacillus johnsonii	4	TRUE	environmental_samples	
ENVO:00002191	17	NCBITaxon:36841	Terrisporobacter glycolicus	4	TRUE	environmental_samples	
ENVO:00002191	18	NCBITaxon:36987		4	TRUE	environmental_samples	
ENVO:00002191	19	NCBITaxon:411460	[Ruminococcus] torques ATCC 27756	4	TRUE	environmental_samples	
ENVO:00002191	20	NCBITaxon:44008	Enterococcus cecorum	4	TRUE	environmental_samples	
ENVO:00002191	21	NCBITaxon:449673	Bacteroides stercoris ATCC 43183	4	TRUE	environmental_samples	
ENVO:00002191	22	NCBITaxon:451640	Catenibacterium mitsuokai DSM 15897	4	TRUE	environmental_samples	
ENVO:00002191	23	NCBITaxon:457412	Ruminococcus sp. 5_1_39BFAA	4	TRUE	environmental_samples	
ENVO:00002191	24	NCBITaxon:469616	Fusobacterium mortiferum ATCC 9817	4	TRUE	environmental_samples	
ENVO:00002191	25	NCBITaxon:471855	Slackia heliotrinireducens DSM 20476	4	TRUE	environmental_samples	
ENVO:00002192	1	NCBITaxon:36987		4	TRUE	environmental_samples	
ENVO:00002192	2	NCBITaxon:501571	Butyricicoccus pullicaecorum	4	TRUE	environmental_samples	
ENVO:00002192	3	NCBITaxon:748671	Lactobacillus crispatus ST1	4	TRUE	environmental_samples	
ENVO:00002196	1	NCBITaxon:436308	Nitrosopumilus maritimus SCM1	3	TRUE	annotated_genomes_isolates	
ENVO:00002209	1	NCBITaxon:100884	Coprobacillus cateniformis	4	TRUE	environmental_samples	
ENVO:00002209	2	NCBITaxon:1015	Bergeyella zoohelcum	4	TRUE	environmental_samples	
ENVO:00002209	3	NCBITaxon:1026	Marinoscillum furvescens	4	TRUE	environmental_samples	
ENVO:00002209	4	NCBITaxon:1027	Microscilla marina	4	TRUE	environmental_samples	
ENVO:00002209	5	NCBITaxon:104176	Oscillochloris trichoides	4	TRUE	environmental_samples	
ENVO:00002209	6	NCBITaxon:106111	Pedobacter sp. KP-2	4	TRUE	environmental_samples	
ENVO:00002209	7	NCBITaxon:1063	Cereibacter sphaeroides	4	TRUE	environmental_samples	
ENVO:00002209	8	NCBITaxon:1087	Rhodovibrio salinarum	4	TRUE	environmental_samples	
ENVO:00002209	9	NCBITaxon:111105	Porphyromonas gulae	4	TRUE	environmental_samples	
ENVO:00002209	10	NCBITaxon:114628	Alkaliphilus transvaalensis	4	TRUE	environmental_samples	
ENVO:00002209	11	NCBITaxon:120962	Roseiflexus castenholzii	4	TRUE	environmental_samples	
ENVO:00002209	12	NCBITaxon:1229	Nitrosococcus oceani	4	TRUE	environmental_samples	
ENVO:00002209	13	NCBITaxon:1270	Micrococcus luteus	4	TRUE	environmental_samples	
ENVO:00002209	14	NCBITaxon:128	Isosphaera pallida	4	TRUE	environmental_samples	
ENVO:00002209	15	NCBITaxon:131081	Corynebacterium capitovis	4	TRUE	environmental_samples	
ENVO:00002209	16	NCBITaxon:137722	Azospirillum sp. B510	4	TRUE	environmental_samples	
ENVO:00002209	17	NCBITaxon:1462	Geobacillus kaustophilus	4	TRUE	environmental_samples	
ENVO:00002209	18	NCBITaxon:147	Spirochaeta aurantia	4	TRUE	environmental_samples	
ENVO:00002209	19	NCBITaxon:154	Winmispira thermophila	4	TRUE	environmental_samples	
ENVO:00002209	20	NCBITaxon:1562	Desulfotomaculum	4	TRUE	environmental_samples	
ENVO:00002209	21	NCBITaxon:158	Treponema denticola	4	TRUE	environmental_samples	
ENVO:00002209	22	NCBITaxon:158847	Megamonas hypermegale	4	TRUE	environmental_samples	
ENVO:00002209	23	NCBITaxon:159254	Parachlamydia acanthamoebae str. Hall's coccus	4	TRUE	environmental_samples	
ENVO:00002209	24	NCBITaxon:162209	Paenibacillus naphthalenovorans	4	TRUE	environmental_samples	
ENVO:00002209	25	NCBITaxon:165	Treponema saccharophilum	4	TRUE	environmental_samples	
ENVO:00002213	1	NCBITaxon:202748	Saprospira sp. SS98-5	1.11189	TRUE	environmental_samples	
ENVO:00002213	2	NCBITaxon:417399	Vibrio cholerae NCTC 8457	1.10193	TRUE	environmental_samples	
ENVO:00002213	3	NCBITaxon:42353	Nitrosomonas sp.	1.05112	TRUE	environmental_samples	
ENVO:00002213	4	NCBITaxon:85963	Helicobacter pylori J99	1.04421	TRUE	environmental_samples	
ENVO:00002213	5	NCBITaxon:96773	Thauera chlorobenzoica	1.03669	TRUE	environmental_samples	
ENVO:00002213	6	NCBITaxon:517543		1.01893	TRUE	environmental_samples	
ENVO:00002215	1	NCBITaxon:384616	Pyrobaculum islandicum DSM 4184	3	TRUE	annotated_genomes_isolates	
ENVO:00002223	1	NCBITaxon:644107	Ruegeria lacuscaerulensis ITI-1157	1.33315	TRUE	environmental_samples	
ENVO:00002223	2	NCBITaxon:314262	Roseobacter sp. MED193	1.32752	TRUE	environmental_samples	
ENVO:00002223	3	NCBITaxon:556484	Phaeodactylum tricornutum CCAP 1055/1	1.31972	TRUE	environmental_samples	
ENVO:00002223	4	NCBITaxon:246200	Ruegeria pomeroyi DSS-3	1.31677	TRUE	environmental_samples	
ENVO:00002223	5	NCBITaxon:388399	Sagittula stellata E-37	1.31118	TRUE	environmental_samples	
ENVO:00002223	6	NCBITaxon:313598	Polaribacter sp. MED152	1.30232	TRUE	environmental_samples	
ENVO:00002223	7	NCBITaxon:228405	Hyphomonas neptunium ATCC 15444	1.30113	TRUE	environmental_samples	
ENVO:00002223	8	NCBITaxon:351016	Roseobacter sp. AzwK-3b	1.29426	TRUE	environmental_samples	
ENVO:00002223	9	NCBITaxon:2850	Phaeodactylum tricornutum	1.29177	TRUE	environmental_samples	
ENVO:00002223	10	NCBITaxon:583355	Coraliomargarita akajimensis DSM 45221	1.29118	TRUE	environmental_samples	
ENVO:00002223	11	NCBITaxon:313594	Polaribacter irgensii 23-P	1.29016	TRUE	environmental_samples	
ENVO:00002223	12	NCBITaxon:237727	Erythrobacter sp. NAP1	1.28666	TRUE	environmental_samples	
ENVO:00002223	13	NCBITaxon:216432	Croceibacter atlanticus HTCC2559	1.28562	TRUE	environmental_samples	
ENVO:00002223	14	NCBITaxon:290400	Jannaschia sp. CCS1	1.28491	TRUE	environmental_samples	
ENVO:00002223	15	NCBITaxon:313590	Dokdonia sp. MED134	1.28479	TRUE	environmental_samples	
ENVO:00002223	16	NCBITaxon:756272	Rubinisphaera brasiliensis DSM 5305	1.28443	TRUE	environmental_samples	
ENVO:00002223	17	NCBITaxon:394221	Maricaulis maris MCS10	1.28415	TRUE	environmental_samples	
ENVO:00002223	18	NCBITaxon:443152	Marinobacter algicola DG893	1.28415	TRUE	environmental_samples	
ENVO:00002223	19	NCBITaxon:243090	Rhodopirellula baltica SH 1	1.281	TRUE	environmental_samples	
ENVO:00002223	20	NCBITaxon:398720	Leeuwenhoekiella blandensis MED217	1.28091	TRUE	environmental_samples	
ENVO:00002223	21	NCBITaxon:768066	Halomonas elongata DSM 2581	1.2796	TRUE	environmental_samples	
ENVO:00002223	22	NCBITaxon:313596	Robiginitalea biformata HTCC2501	1.27867	TRUE	environmental_samples	
ENVO:00002223	23	NCBITaxon:688270	Cellulophaga algicola DSM 14237	1.27851	TRUE	environmental_samples	
ENVO:00002223	24	NCBITaxon:384765	Roseibium aggregatum IAM 12614	1.27729	TRUE	environmental_samples	
ENVO:00002223	25	NCBITaxon:391624	Sulfitobacter indolifex HEL-45	1.27726	TRUE	environmental_samples	
ENVO:00002224	1	NCBITaxon:104245	Clavaria zollingeri	4	TRUE	environmental_samples	
ENVO:00002224	2	NCBITaxon:1045010	Escherichia coli O157	4	TRUE	environmental_samples	
ENVO:00002224	3	NCBITaxon:106111	Pedobacter sp. KP-2	4	TRUE	environmental_samples	
ENVO:00002224	4	NCBITaxon:114707	uncultured Pseudomonas sp.	4	TRUE	environmental_samples	
ENVO:00002224	5	NCBITaxon:1495	Clostridium cylindrosporum	4	TRUE	environmental_samples	
ENVO:00002224	6	NCBITaxon:1543	Clostridium oceanicum	4	TRUE	environmental_samples	
ENVO:00002224	7	NCBITaxon:169679	Clostridium saccharobutylicum	4	TRUE	environmental_samples	
ENVO:00002224	8	NCBITaxon:231024	Streptomyces africanus	4	TRUE	environmental_samples	
ENVO:00002224	9	NCBITaxon:237491	Clostridium sp. Sukashi-1	4	TRUE	environmental_samples	
ENVO:00002224	10	NCBITaxon:237497	Clostridium sp. Kas107-2	4	TRUE	environmental_samples	
ENVO:00002224	11	NCBITaxon:238209	Desulfotomaculum sp. MPNeg1	4	TRUE	environmental_samples	
ENVO:00002224	12	NCBITaxon:253	Chryseobacterium indologenes	4	TRUE	environmental_samples	
ENVO:00002224	13	NCBITaxon:256	Myroides odoratus	4	TRUE	environmental_samples	
ENVO:00002224	14	NCBITaxon:294	Pseudomonas fluorescens	4	TRUE	environmental_samples	
ENVO:00002224	15	NCBITaxon:303	Pseudomonas putida	4	TRUE	environmental_samples	
ENVO:00002224	16	NCBITaxon:31234		4	TRUE	environmental_samples	
ENVO:00002224	17	NCBITaxon:33953	Clostridium aminobutyricum	4	TRUE	environmental_samples	
ENVO:00002224	18	NCBITaxon:34003	Paracoccus aminophilus	4	TRUE	environmental_samples	
ENVO:00002224	19	NCBITaxon:34073	Variovorax paradoxus	4	TRUE	environmental_samples	
ENVO:00002224	20	NCBITaxon:34085	Riemerella anatipestifer	4	TRUE	environmental_samples	
ENVO:00002224	21	NCBITaxon:358	Agrobacterium tumefaciens	4	TRUE	environmental_samples	
ENVO:00002224	22	NCBITaxon:36987		4	TRUE	environmental_samples	
ENVO:00002224	23	NCBITaxon:381845	Clostridium sp. CYP5	4	TRUE	environmental_samples	
ENVO:00002224	24	NCBITaxon:39946		4	TRUE	environmental_samples	
ENVO:00002224	25	NCBITaxon:40324	Stenotrophomonas maltophilia	4	TRUE	environmental_samples	
ENVO:00002226	1	NCBITaxon:477974	Candidatus Desulforudis audaxviator MP104C	3	TRUE	annotated_genomes_isolates	
ENVO:00002228	1	NCBITaxon:102822		4	TRUE	environmental_samples	
ENVO:00002228	2	NCBITaxon:109881	Nowakowskiella elegans	4	TRUE	environmental_samples	
ENVO:00002228	3	NCBITaxon:109936	Cladochytrium replicatum	4	TRUE	environmental_samples	
ENVO:00002228	4	NCBITaxon:120749		4	TRUE	environmental_samples	
ENVO:00002228	5	NCBITaxon:1270	Micrococcus luteus	4	TRUE	environmental_samples	
ENVO:00002228	6	NCBITaxon:137722	Azospirillum sp. B510	4	TRUE	environmental_samples	
ENVO:00002228	7	NCBITaxon:164459	Dictyonema glabratum	4	TRUE	environmental_samples	
ENVO:00002228	8	NCBITaxon:1747	Cutibacterium acnes	4	TRUE	environmental_samples	
ENVO:00002228	9	NCBITaxon:214688	Gemmata obscuriglobus UQM 2246	4	TRUE	environmental_samples	
ENVO:00002228	10	NCBITaxon:228405	Hyphomonas neptunium ATCC 15444	4	TRUE	environmental_samples	
ENVO:00002228	11	NCBITaxon:232721	Acidovorax sp. JS42	4	TRUE	environmental_samples	
ENVO:00002228	12	NCBITaxon:234267	Candidatus Solibacter usitatus Ellin6076	4	TRUE	environmental_samples	
ENVO:00002228	13	NCBITaxon:237727	Erythrobacter sp. NAP1	4	TRUE	environmental_samples	
ENVO:00002228	14	NCBITaxon:238	Elizabethkingia meningoseptica	4	TRUE	environmental_samples	
ENVO:00002228	15	NCBITaxon:239745	uncultured Desulfobulbus sp.	4	TRUE	environmental_samples	
ENVO:00002228	16	NCBITaxon:240016	Verrucomicrobium spinosum DSM 4136 = JCM 18804	4	TRUE	environmental_samples	
ENVO:00002228	17	NCBITaxon:243090	Rhodopirellula baltica SH 1	4	TRUE	environmental_samples	
ENVO:00002228	18	NCBITaxon:265072	Methylobacillus flagellatus KT	4	TRUE	environmental_samples	
ENVO:00002228	19	NCBITaxon:279238	Novosphingobium aromaticivorans DSM 12444	4	TRUE	environmental_samples	
ENVO:00002228	20	NCBITaxon:279714	Pseudogulbenkiania ferrooxidans 2002	4	TRUE	environmental_samples	
ENVO:00002228	21	NCBITaxon:281361	Flavobacterium denitrificans	4	TRUE	environmental_samples	
ENVO:00002228	22	NCBITaxon:3046		4	TRUE	environmental_samples	
ENVO:00002228	23	NCBITaxon:3055		4	TRUE	environmental_samples	
ENVO:00002228	24	NCBITaxon:3078		4	TRUE	environmental_samples	
ENVO:00002228	25	NCBITaxon:31321		4	TRUE	environmental_samples	
ENVO:00002235	1	NCBITaxon:395965	Methylocella silvestris BL2	3	TRUE	annotated_genomes_isolates	
ENVO:00002258	1	NCBITaxon:1566270	Variovorax sp. EL159	4	TRUE	annotated_genomes_isolates	
ENVO:00002258	2	NCBITaxon:1566271	Variovorax sp. 770b2	4	TRUE	annotated_genomes_isolates	
ENVO:00002258	3	NCBITaxon:1566277	Paenibacillus sp. 276b	4	TRUE	annotated_genomes_isolates	
ENVO:00002258	4	NCBITaxon:1566278	Paenibacillus sp. 1_12	4	TRUE	annotated_genomes_isolates	
ENVO:00002258	5	NCBITaxon:1566280	Janthinobacterium sp. 344	4	TRUE	annotated_genomes_isolates	
ENVO:00002258	6	NCBITaxon:1566281	Janthinobacterium sp. 551a	4	TRUE	annotated_genomes_isolates	
ENVO:00002258	7	NCBITaxon:1797175	Acidobacteria bacterium RIFCSPHIGHO2_01_FULL_67_28	4	TRUE	annotated_genomes_isolates	
ENVO:00002258	8	NCBITaxon:1797176	Acidobacteria bacterium RIFCSPHIGHO2_02_FULL_67_57	4	TRUE	annotated_genomes_isolates	
ENVO:00002258	9	NCBITaxon:1797177	Acidobacteria bacterium RIFCSPHIGHO2_12_FULL_67_30	4	TRUE	annotated_genomes_isolates	
ENVO:00002258	10	NCBITaxon:1797186	Acidobacteria bacterium RIFCSPLOWO2_12_FULL_54_10	4	TRUE	annotated_genomes_isolates	
ENVO:00002258	11	NCBITaxon:1797187	Acidobacteria bacterium RIFCSPLOWO2_12_FULL_59_11	4	TRUE	annotated_genomes_isolates	
ENVO:00002258	12	NCBITaxon:1797188	Acidobacteria bacterium RIFCSPLOWO2_12_FULL_60_22	4	TRUE	annotated_genomes_isolates	
ENVO:00002258	13	NCBITaxon:1797189	Acidobacteria bacterium RIFCSPLOWO2_12_FULL_65_11	4	TRUE	annotated_genomes_isolates	
ENVO:00002258	14	NCBITaxon:1797190	Acidobacteria bacterium RIFCSPLOWO2_12_FULL_66_10	4	TRUE	annotated_genomes_isolates	
ENVO:00002258	15	NCBITaxon:1797191	Acidobacteria bacterium RIFCSPLOWO2_12_FULL_66_21	4	TRUE	annotated_genomes_isolates	
ENVO:00002258	16	NCBITaxon:1797192	Acidobacteria bacterium RIFCSPLOWO2_12_FULL_67_14	4	TRUE	annotated_genomes_isolates	
ENVO:00002258	17	NCBITaxon:1797193	Acidobacteria bacterium RIFCSPLOWO2_12_FULL_67_14b	4	TRUE	annotated_genomes_isolates	
ENVO:00002258	18	NCBITaxon:1797194	Acidobacteria bacterium RIFCSPLOWO2_12_FULL_68_19	4	TRUE	annotated_genomes_isolates	
ENVO:00002258	19	NCBITaxon:1797216	Alphaproteobacteria bacterium RIFCSPHIGHO2_01_FULL_40_8	4	TRUE	annotated_genomes_isolates	
ENVO:00002258	20	NCBITaxon:1797217	Alphaproteobacteria bacterium RIFCSPHIGHO2_01_FULL_41_14	4	TRUE	annotated_genomes_isolates	
ENVO:00002258	21	NCBITaxon:1797218	Alphaproteobacteria bacterium RIFCSPHIGHO2_02_FULL_40_34	4	TRUE	annotated_genomes_isolates	
ENVO:00002258	22	NCBITaxon:1797219	Alphaproteobacteria bacterium RIFCSPHIGHO2_02_FULL_42_30	4	TRUE	annotated_genomes_isolates	
ENVO:00002258	23	NCBITaxon:1797220	Alphaproteobacteria bacterium RIFCSPHIGHO2_02_FULL_46_13	4	TRUE	annotated_genomes_isolates	
ENVO:00002258	24	NCBITaxon:1797221	Alphaproteobacteria bacterium RIFCSPHIGHO2_12_42_13	4	TRUE	annotated_genomes_isolates	
ENVO:00002258	25	NCBITaxon:1797222	Alphaproteobacteria bacterium RIFCSPHIGHO2_12_FULL_42_100	4	TRUE	annotated_genomes_isolates	
ENVO:00002259	1	NCBITaxon:53254	Allobosea thiooxidans	3	TRUE	annotated_genomes_isolates	
ENVO:00002259	2	NCBITaxon:526225	Geodermatophilus obscurus DSM 43160	2.40546	TRUE	environmental_samples	
ENVO:00002259	3	NCBITaxon:379066	Gemmatimonas aurantiaca T-27	2.39605	TRUE	environmental_samples	
ENVO:00002259	4	NCBITaxon:235140	Gemmata sp. Wa1-1	2.39292	TRUE	environmental_samples	
ENVO:00002259	5	NCBITaxon:710696	Intrasporangium calvum DSM 43043	2.39191	TRUE	environmental_samples	
ENVO:00002259	6	NCBITaxon:469383	Conexibacter woesei DSM 14684	2.39148	TRUE	environmental_samples	
ENVO:00002259	7	NCBITaxon:224911	Bradyrhizobium diazoefficiens USDA 110	2.39019	TRUE	environmental_samples	
ENVO:00002259	8	NCBITaxon:448385	Sorangium cellulosum So ce56	2.38886	TRUE	environmental_samples	
ENVO:00002259	9	NCBITaxon:296591	Polaromonas sp. JS666	2.3873	TRUE	environmental_samples	
ENVO:00002259	10	NCBITaxon:56	Sorangium cellulosum	2.38681	TRUE	environmental_samples	
ENVO:00002259	11	NCBITaxon:479431	Nakamurella multipartita DSM 44233	2.38676	TRUE	environmental_samples	
ENVO:00002259	12	NCBITaxon:525909	Acidimicrobium ferrooxidans DSM 10331	2.38656	TRUE	environmental_samples	
ENVO:00002259	13	NCBITaxon:196162	Nocardioides sp. JS614	2.38502	TRUE	environmental_samples	
ENVO:00002259	14	NCBITaxon:330214	Nitrospira defluvii	2.38449	TRUE	environmental_samples	
ENVO:00002259	15	NCBITaxon:404589	Anaeromyxobacter sp. Fw109-5	2.38288	TRUE	environmental_samples	
ENVO:00002259	16	NCBITaxon:246197	Myxococcus xanthus DK 1622	2.38174	TRUE	environmental_samples	
ENVO:00002259	17	NCBITaxon:765698	Mesorhizobium ciceri biovar biserrulae WSM1271	2.38076	TRUE	environmental_samples	
ENVO:00002259	18	NCBITaxon:240015	Acidobacterium capsulatum ATCC 51196	2.37979	TRUE	environmental_samples	
ENVO:00002259	19	NCBITaxon:391037	Salinispora arenicola CNS-205	2.37913	TRUE	environmental_samples	
ENVO:00002259	20	NCBITaxon:575540	Isosphaera pallida ATCC 43644	2.37911	TRUE	environmental_samples	
ENVO:00002259	21	NCBITaxon:426117	Methylobacterium sp. 4-46	2.37905	TRUE	environmental_samples	
ENVO:00002259	22	NCBITaxon:530564	Pirellula staleyi DSM 6068	2.37862	TRUE	environmental_samples	
ENVO:00002259	23	NCBITaxon:502025	Haliangium ochraceum DSM 14365	2.37839	TRUE	environmental_samples	
ENVO:00002259	24	NCBITaxon:765420	Oscillochloris trichoides DG-6	2.37807	TRUE	environmental_samples	
ENVO:00002259	25	NCBITaxon:106370	Frankia casuarinae	2.37787	TRUE	environmental_samples	
ENVO:00002261	1	NCBITaxon:104176	Oscillochloris trichoides	4	TRUE	environmental_samples	
ENVO:00002261	2	NCBITaxon:104245	Clavaria zollingeri	4	TRUE	environmental_samples	
ENVO:00002261	3	NCBITaxon:1054862	Streptomyces bottropensis ATCC 25435	4	TRUE	annotated_genomes_isolates	MADIN
ENVO:00002261	4	NCBITaxon:106592	Ensifer adhaerens	4	TRUE	environmental_samples	
ENVO:00002261	5	NCBITaxon:1078846	Methylovulum miyakonense HT12	4	TRUE	annotated_genomes_isolates	MADIN
ENVO:00002261	6	NCBITaxon:108560	Pezicula cinnamomea	4	TRUE	environmental_samples	
ENVO:00002261	7	NCBITaxon:108571	Phlyctema vagabunda	4	TRUE	environmental_samples	
ENVO:00002261	8	NCBITaxon:112009	Ignatzschineria larvae	4	TRUE	environmental_samples	
ENVO:00002261	9	NCBITaxon:1120934	Actinokineospora enzanensis DSM 44649	4	TRUE	annotated_genomes_isolates	MADIN
ENVO:00002261	10	NCBITaxon:1120996	Anaerosporobacter mobilis DSM 15930	4	TRUE	annotated_genomes_isolates	MADIN
ENVO:00002261	11	NCBITaxon:1120999	Andreprevotia chitinilytica DSM 18519	4	TRUE	annotated_genomes_isolates	MADIN
ENVO:00002261	12	NCBITaxon:1121322	Anaerocolumna jejuensis DSM 15929	4	TRUE	annotated_genomes_isolates	MADIN
ENVO:00002261	13	NCBITaxon:1121480	Pseudoduganella violaceinigra DSM 15887	4	TRUE	annotated_genomes_isolates	MADIN
ENVO:00002261	14	NCBITaxon:1121946	Hamadaea tsunoensis DSM 44101	4	TRUE	annotated_genomes_isolates	MADIN
ENVO:00002261	15	NCBITaxon:114628	Alkaliphilus transvaalensis	4	TRUE	environmental_samples	
ENVO:00002261	16	NCBITaxon:114707	uncultured Pseudomonas sp.	4	TRUE	environmental_samples	
ENVO:00002261	17	NCBITaxon:114814	Xylaria cubensis	4	TRUE	environmental_samples	
ENVO:00002261	18	NCBITaxon:116087	Gallicola barnesae	4	TRUE	environmental_samples	
ENVO:00002261	19	NCBITaxon:1168170	Klebsiella oxytoca BRL6-2	4	TRUE	annotated_genomes_isolates	MADIN
ENVO:00002261	20	NCBITaxon:121619		4	TRUE	environmental_samples	
ENVO:00002261	21	NCBITaxon:126157	Psychrobacillus psychrodurans	4	TRUE	environmental_samples	
ENVO:00002261	22	NCBITaxon:1270	Micrococcus luteus	4	TRUE	environmental_samples	
ENVO:00002261	23	NCBITaxon:128	Isosphaera pallida	4	TRUE	environmental_samples	
ENVO:00002261	24	NCBITaxon:1298860	Microbacterium sp. URHA0036	4	TRUE	annotated_genomes_isolates	MADIN
ENVO:00002261	25	NCBITaxon:1298868	Flavobacterium sp. URHB0058	4	TRUE	annotated_genomes_isolates	MADIN
ENVO:00002263	1	NCBITaxon:290402	Clostridium beijerinckii NCIMB 8052	3	TRUE	annotated_genomes_isolates	
ENVO:00002264	1	NCBITaxon:1045012	Acetivibrio clariflavus 4-2a	4	TRUE	annotated_genomes_isolates	
ENVO:00002264	2	NCBITaxon:1048394	Compostimonas suwonensis	4	TRUE	annotated_genomes_isolates	
ENVO:00002264	3	NCBITaxon:1089552	Rhodovibrio salinarum DSM 9154	4	TRUE	annotated_genomes_isolates	
ENVO:00002264	4	NCBITaxon:1111737	Thermocrispum municipale DSM 44069	4	TRUE	annotated_genomes_isolates	
ENVO:00002264	5	NCBITaxon:1111738	Thermocrispum agreste DSM 44070	4	TRUE	annotated_genomes_isolates	
ENVO:00002264	6	NCBITaxon:1121013	Arenimonas composti TR7-09 = DSM 18010	4	TRUE	annotated_genomes_isolates	
ENVO:00002264	7	NCBITaxon:1121025	Atopostipes suicloacalis DSM 15692	4	TRUE	annotated_genomes_isolates	
ENVO:00002264	8	NCBITaxon:1121349	Comamonas composti DSM 21721	4	TRUE	annotated_genomes_isolates	BACDIVE
ENVO:00002264	9	NCBITaxon:1121385	Demetria terragena DSM 11295	4	TRUE	annotated_genomes_isolates	
ENVO:00002264	10	NCBITaxon:1121395	Desulfitobacterium chlororespirans DSM 11544	4	TRUE	annotated_genomes_isolates	
ENVO:00002264	11	NCBITaxon:1121423	Desulfofalx alkaliphila DSM 12257	4	TRUE	annotated_genomes_isolates	
ENVO:00002264	12	NCBITaxon:1121431	Desulfallas thermosapovorans DSM 6562	4	TRUE	annotated_genomes_isolates	
ENVO:00002264	13	NCBITaxon:1121927	Gordonia hirsuta DSM 44140 = NBRC 16056	4	TRUE	annotated_genomes_isolates	
ENVO:00002264	14	NCBITaxon:1121950	Hespellia stercorisuis DSM 15480	4	TRUE	annotated_genomes_isolates	
ENVO:00002264	15	NCBITaxon:1122958	Phenylobacterium composti DSM 19425	4	TRUE	annotated_genomes_isolates	BACDIVE
ENVO:00002264	16	NCBITaxon:1123004	Propionispora vibrioides DSM 13305	4	TRUE	annotated_genomes_isolates	
ENVO:00002264	17	NCBITaxon:1123405	Tuberibacillus calidus DSM 17572	4	TRUE	annotated_genomes_isolates	
ENVO:00002264	18	NCBITaxon:1132443	Methylosarcina fibrata AML-C10	4	TRUE	annotated_genomes_isolates	
ENVO:00002264	19	NCBITaxon:1157629	Streptomyces sp. KhCrAH-340	4	TRUE	annotated_genomes_isolates	
ENVO:00002264	20	NCBITaxon:1278308	[Zimmermannella] faecalis ATCC 13722	4	TRUE	annotated_genomes_isolates	
ENVO:00002264	21	NCBITaxon:1291048	Thermoanaerobacter thermocopriae JCM 7501	4	TRUE	annotated_genomes_isolates	
ENVO:00002264	22	NCBITaxon:1292027	Stutzerimonas azotifigens DSM 17556	4	TRUE	annotated_genomes_isolates	
ENVO:00002264	23	NCBITaxon:1385515	Lysobacter defluvii IMMIB APB-9 = DSM 18482	4	TRUE	annotated_genomes_isolates	
ENVO:00002264	24	NCBITaxon:157465	Nocardiopsis composta	4	TRUE	annotated_genomes_isolates	
ENVO:00002264	25	NCBITaxon:1612149	Chryseobacterium limigenitum	4	TRUE	annotated_genomes_isolates	
ENVO:00002265	1	NCBITaxon:1048394	Compostimonas suwonensis	4	TRUE	annotated_genomes_isolates	
ENVO:00002265	2	NCBITaxon:1121013	Arenimonas composti TR7-09 = DSM 18010	4	TRUE	annotated_genomes_isolates	
ENVO:00002265	3	NCBITaxon:1121431	Desulfallas thermosapovorans DSM 6562	4	TRUE	annotated_genomes_isolates	
ENVO:00002265	4	NCBITaxon:394503	Ruminiclostridium cellulolyticum H10	4	TRUE	annotated_genomes_isolates	
ENVO:00002265	5	NCBITaxon:935865	Nocardioides sp. J52	4	TRUE	annotated_genomes_isolates	
ENVO:00002272	1	NCBITaxon:310396	Nitrosomonas sp. IWT310	1.12414	TRUE	environmental_samples	
ENVO:00002272	2	NCBITaxon:622617	Burkholderia sp. JS667	1.09383	TRUE	environmental_samples	
ENVO:00002272	3	NCBITaxon:317577	Deinococcus ficus	1.05417	TRUE	environmental_samples	
ENVO:00002272	4	NCBITaxon:424718	Shigella flexneri 5a	1.02755	TRUE	environmental_samples	
ENVO:00002272	5	NCBITaxon:916	Nitrosomonas eutropha	1.01893	TRUE	environmental_samples	
ENVO:00002272	6	NCBITaxon:340	Xanthomonas campestris pv. campestris	1.00647	TRUE	environmental_samples	
ENVO:00002276	1	NCBITaxon:1121025	Atopostipes suicloacalis DSM 15692	4	TRUE	annotated_genomes_isolates	
ENVO:00002276	2	NCBITaxon:1121423	Desulfofalx alkaliphila DSM 12257	4	TRUE	annotated_genomes_isolates	
ENVO:00002276	3	NCBITaxon:1121950	Hespellia stercorisuis DSM 15480	4	TRUE	annotated_genomes_isolates	
ENVO:00002276	4	NCBITaxon:1278308	[Zimmermannella] faecalis ATCC 13722	4	TRUE	annotated_genomes_isolates	
ENVO:00002276	5	NCBITaxon:1291048	Thermoanaerobacter thermocopriae JCM 7501	4	TRUE	annotated_genomes_isolates	
ENVO:00002276	6	NCBITaxon:469371	Thermobispora bispora DSM 43833	4	TRUE	annotated_genomes_isolates	
ENVO:00002276	7	NCBITaxon:485916	Desulfofarcimen acetoxidans DSM 771	4	TRUE	annotated_genomes_isolates	
ENVO:00002276	8	NCBITaxon:644383	Thermosporothrix hazakensis	4	TRUE	annotated_genomes_isolates	
ENVO:00002276	9	NCBITaxon:679937	Bacteroides coprosuis DSM 18011	4	TRUE	annotated_genomes_isolates	
ENVO:00002276	10	NCBITaxon:99656	[Clostridium] fimetarium	4	TRUE	annotated_genomes_isolates	
ENVO:00002297	1	NCBITaxon:1058	Thiocapsa roseopersicina	4	TRUE	environmental_samples	
ENVO:00002297	2	NCBITaxon:108328	Anaerobranca gottschalkii	4	TRUE	environmental_samples	
ENVO:00002297	3	NCBITaxon:1264	Hominimerdicola alba	4	TRUE	environmental_samples	
ENVO:00002297	4	NCBITaxon:1265	Ruminococcus flavefaciens	4	TRUE	environmental_samples	
ENVO:00002297	5	NCBITaxon:1485	Clostridium	4	TRUE	environmental_samples	
ENVO:00002297	6	NCBITaxon:1512	[Clostridium] symbiosum	4	TRUE	environmental_samples	
ENVO:00002297	7	NCBITaxon:1537	Romboutsia lituseburensis	4	TRUE	environmental_samples	
ENVO:00002297	8	NCBITaxon:154046	Hungatella hathewayi	4	TRUE	environmental_samples	
ENVO:00002297	9	NCBITaxon:1680	Bifidobacterium adolescentis	4	TRUE	environmental_samples	
ENVO:00002297	10	NCBITaxon:1681	Bifidobacterium bifidum	4	TRUE	environmental_samples	
ENVO:00002297	11	NCBITaxon:1732	Eubacterium oxidoreducens	4	TRUE	environmental_samples	
ENVO:00002297	12	NCBITaxon:180332	Robinsoniella peoriensis	4	TRUE	environmental_samples	
ENVO:00002297	13	NCBITaxon:204516	Phocaeicola massiliensis	4	TRUE	environmental_samples	
ENVO:00002297	14	NCBITaxon:213810	Ruminococcus champanellensis 18P13 = JCM 17042	4	TRUE	environmental_samples	
ENVO:00002297	15	NCBITaxon:214856	Alistipes finegoldii	4	TRUE	environmental_samples	
ENVO:00002297	16	NCBITaxon:237491	Clostridium sp. Sukashi-1	4	TRUE	environmental_samples	
ENVO:00002297	17	NCBITaxon:2778071		4	TRUE	environmental_samples	
ENVO:00002297	18	NCBITaxon:28114	Porphyromonas levii	4	TRUE	environmental_samples	
ENVO:00002297	19	NCBITaxon:28118	Odoribacter splanchnicus	4	TRUE	environmental_samples	
ENVO:00002297	20	NCBITaxon:28128	Prevotella corporis	4	TRUE	environmental_samples	
ENVO:00002297	21	NCBITaxon:28446	Anaerotignum propionicum	4	TRUE	environmental_samples	
ENVO:00002297	22	NCBITaxon:290053	Bacteroides helcogenes	4	TRUE	environmental_samples	
ENVO:00002297	23	NCBITaxon:290054	Eubacterium coprostanoligenes	4	TRUE	environmental_samples	
ENVO:00002297	24	NCBITaxon:290055	Faecalicatena fissicatena	4	TRUE	environmental_samples	
ENVO:00002297	25	NCBITaxon:291645	Bacteroides nordii	4	TRUE	environmental_samples	
ENVO:00002873	1	NCBITaxon:1270	Micrococcus luteus	4	TRUE	environmental_samples	
ENVO:00002873	2	NCBITaxon:136093	Globicatella sulfidifaciens	4	TRUE	environmental_samples	
ENVO:00002873	3	NCBITaxon:1393	Brevibacillus brevis	4	TRUE	environmental_samples	
ENVO:00002873	4	NCBITaxon:1396	Bacillus cereus	4	TRUE	environmental_samples	
ENVO:00002873	5	NCBITaxon:1397	Niallia circulans	4	TRUE	environmental_samples	
ENVO:00002873	6	NCBITaxon:1402	Bacillus licheniformis	4	TRUE	environmental_samples	
ENVO:00002873	7	NCBITaxon:1404	Priestia megaterium	4	TRUE	environmental_samples	
ENVO:00002873	8	NCBITaxon:1408	Bacillus pumilus	4	TRUE	environmental_samples	
ENVO:00002873	9	NCBITaxon:1409	Bacillus sp. (in: firmicutes)	4	TRUE	environmental_samples	
ENVO:00002873	10	NCBITaxon:1455	Pseudobacillus badius	4	TRUE	environmental_samples	
ENVO:00002873	11	NCBITaxon:1482	Virgibacillus halodenitrificans	4	TRUE	environmental_samples	
ENVO:00002873	12	NCBITaxon:148604	Limosilactobacillus ingluviei	4	TRUE	environmental_samples	
ENVO:00002873	13	NCBITaxon:1580	Levilactobacillus brevis	4	TRUE	environmental_samples	
ENVO:00002873	14	NCBITaxon:1587	Lactobacillus helveticus	4	TRUE	environmental_samples	
ENVO:00002873	15	NCBITaxon:1601	Ligilactobacillus agilis	4	TRUE	environmental_samples	
ENVO:00002873	16	NCBITaxon:1624	Ligilactobacillus salivarius	4	TRUE	environmental_samples	
ENVO:00002873	17	NCBITaxon:1667	Arthrobacter sp.	4	TRUE	environmental_samples	
ENVO:00002873	18	NCBITaxon:180295	Atopostipes suicloacalis	4	TRUE	environmental_samples	
ENVO:00002873	19	NCBITaxon:28031	Lysinibacillus fusiformis	4	TRUE	environmental_samples	
ENVO:00002873	20	NCBITaxon:28042	Saccharopolyspora rectivirgula	4	TRUE	environmental_samples	
ENVO:00002873	21	NCBITaxon:292806	Ureibacillus massiliensis	4	TRUE	environmental_samples	
ENVO:00002873	22	NCBITaxon:338044	Bacillus sp. GB02-25	4	TRUE	environmental_samples	
ENVO:00002873	23	NCBITaxon:33936	Aeribacillus pallidus	4	TRUE	environmental_samples	
ENVO:00002873	24	NCBITaxon:350688	Alkaliphilus oremlandii OhILAs	4	TRUE	environmental_samples	
ENVO:00002873	25	NCBITaxon:36808	Corynebacterium bovis	4	TRUE	environmental_samples	
ENVO:00002982	1	NCBITaxon:345631	Geobacter argillaceus	3	TRUE	annotated_genomes_isolates	
ENVO:00002982	2	NCBITaxon:79266	Mesorhizobium sp. ZJ15B7	2.19813	TRUE	environmental_samples	
ENVO:00002982	3	NCBITaxon:436115	Burkholderia mallei PRL-20	2.1637	TRUE	environmental_samples	
ENVO:00002982	4	NCBITaxon:91917	Burkholderia sp. NF100	2.1466	TRUE	environmental_samples	
ENVO:00002982	5	NCBITaxon:270371	Ralstonia sp. SJ98	2.11753	TRUE	environmental_samples	
ENVO:00002982	6	NCBITaxon:595497	Brucella ceti str. Cudo	2.0792	TRUE	environmental_samples	
ENVO:00002982	7	NCBITaxon:491069	Mesorhizobium sp. F28	2.07915	TRUE	environmental_samples	
ENVO:00002982	8	NCBITaxon:244563	Bradyrhizobium sp. HWK12	2.05478	TRUE	environmental_samples	
ENVO:00002982	9	NCBITaxon:157732	Rhodococcus sp. NCIMB 9784	2.05406	TRUE	environmental_samples	
ENVO:00002982	10	NCBITaxon:83331	Mycobacterium tuberculosis CDC1551	2.05135	TRUE	environmental_samples	
ENVO:00002982	11	NCBITaxon:168685	Rhizobium sp. AC100	2.04467	TRUE	environmental_samples	
ENVO:00002982	12	NCBITaxon:497689	Streptomyces sp. SNA15896	2.03872	TRUE	environmental_samples	
ENVO:00002982	13	NCBITaxon:1961	Streptomyces virginiae	2.03726	TRUE	environmental_samples	
ENVO:00002982	14	NCBITaxon:1938	Streptomyces viridochromogenes	2.02943	TRUE	environmental_samples	
ENVO:00002982	15	NCBITaxon:68042	Streptomyces hygroscopicus subsp. hygroscopicus	2.0288	TRUE	environmental_samples	
ENVO:00002982	16	NCBITaxon:67263	Streptomyces griseus subsp. griseus	2.02598	TRUE	environmental_samples	
ENVO:00002982	17	NCBITaxon:357347	Burkholderia pseudomallei 1106b	2.0245	TRUE	environmental_samples	
ENVO:00002982	18	NCBITaxon:1932	Streptomyces tendae	2.0237	TRUE	environmental_samples	
ENVO:00002982	19	NCBITaxon:170622	Bordetella sp. 10d	2.0208	TRUE	environmental_samples	
ENVO:00002982	20	NCBITaxon:388924	Agromyces sp. KY5R	2.01412	TRUE	environmental_samples	
ENVO:00002982	21	NCBITaxon:349725	Micromonospora sp. ML1	2.01391	TRUE	environmental_samples	
ENVO:00002982	22	NCBITaxon:29303	Streptantibioticus cattleyicolor	2.0114	TRUE	environmental_samples	
ENVO:00002982	23	NCBITaxon:395598	Pseudomonas reinekei	2.00973	TRUE	environmental_samples	
ENVO:00002982	24	NCBITaxon:345341	Kutzneria sp. 744	2.00601	TRUE	environmental_samples	
ENVO:00002982	25	NCBITaxon:419947	Mycobacterium tuberculosis H37Ra	2.00598	TRUE	environmental_samples	
ENVO:00002984	1	NCBITaxon:1541063	Prolixibacter denitrificans	4	TRUE	annotated_genomes_isolates	
ENVO:00002984	2	NCBITaxon:29563	Halanaerobium salsuginis	3	TRUE	annotated_genomes_isolates	
ENVO:00002984	3	NCBITaxon:765067	Cutibacterium acnes HL053PA2	1.51314	TRUE	environmental_samples	
ENVO:00002984	4	NCBITaxon:710696	Intrasporangium calvum DSM 43043	1.35672	TRUE	environmental_samples	
ENVO:00002984	5	NCBITaxon:196162	Nocardioides sp. JS614	1.3565	TRUE	environmental_samples	
ENVO:00002984	6	NCBITaxon:266940	Kineococcus radiotolerans SRS30216 = ATCC BAA-149	1.35617	TRUE	environmental_samples	
ENVO:00002984	7	NCBITaxon:29320	Paenarthrobacter nicotinovorans	1.3535	TRUE	environmental_samples	
ENVO:00002984	8	NCBITaxon:253839	Streptomyces sp. C	1.34212	TRUE	environmental_samples	
ENVO:00002984	9	NCBITaxon:585531	Aeromicrobium marinum DSM 15272	1.33499	TRUE	environmental_samples	
ENVO:00002984	10	NCBITaxon:2045	Pimelobacter simplex	1.33468	TRUE	environmental_samples	
ENVO:00002984	11	NCBITaxon:573060	Acidovorax delafieldii 2AN	1.33215	TRUE	environmental_samples	
ENVO:00002984	12	NCBITaxon:447687	Mesorhizobium sp. CJ1	1.32942	TRUE	environmental_samples	
ENVO:00002984	13	NCBITaxon:526225	Geodermatophilus obscurus DSM 43160	1.32883	TRUE	environmental_samples	
ENVO:00002984	14	NCBITaxon:667019	Curvibacter putative symbiont of Hydra magnipapillata	1.32823	TRUE	environmental_samples	
ENVO:00002984	15	NCBITaxon:313589	Janibacter sp. HTCC2649	1.32771	TRUE	environmental_samples	
ENVO:00002984	16	NCBITaxon:446471	Xylanimonas cellulosilytica DSM 15894	1.32264	TRUE	environmental_samples	
ENVO:00002984	17	NCBITaxon:338969	Rhodoferax ferrireducens T118	1.32246	TRUE	environmental_samples	
ENVO:00002984	18	NCBITaxon:479435	Kribbella flavida DSM 17836	1.31827	TRUE	environmental_samples	
ENVO:00002984	19	NCBITaxon:316058	Rhodopseudomonas palustris HaA2	1.31504	TRUE	environmental_samples	
ENVO:00002984	20	NCBITaxon:278137	Mycolicibacterium gilvum Spyr1	1.31046	TRUE	environmental_samples	
ENVO:00002984	21	NCBITaxon:446465	Brachybacterium faecium DSM 4810	1.30972	TRUE	environmental_samples	
ENVO:00002984	22	NCBITaxon:582899	Hyphomicrobium denitrificans ATCC 51888	1.30217	TRUE	environmental_samples	
ENVO:00002984	23	NCBITaxon:365044	Polaromonas naphthalenivorans CJ2	1.29925	TRUE	environmental_samples	
ENVO:00002984	24	NCBITaxon:159087	Dechloromonas aromatica RCB	1.29772	TRUE	environmental_samples	
ENVO:00002984	25	NCBITaxon:316057	Rhodopseudomonas palustris BisB5	1.2963	TRUE	environmental_samples	
ENVO:00002985	1	NCBITaxon:1120954	Aestuariimicrobium kwangyangense DSM 21549	4	TRUE	annotated_genomes_isolates	
ENVO:00002985	2	NCBITaxon:1120977	Alkanindiges illinoisensis DSM 15370	4	TRUE	annotated_genomes_isolates	
ENVO:00002985	3	NCBITaxon:1121398	Desulfobacter vibrioformis DSM 8776	4	TRUE	annotated_genomes_isolates	
ENVO:00002985	4	NCBITaxon:1121479	Pseudodonghicola xiamenensis DSM 18339	4	TRUE	annotated_genomes_isolates	
ENVO:00002985	5	NCBITaxon:1123258	Smaragdicoccus niigatensis DSM 44881 = NBRC 103563	4	TRUE	annotated_genomes_isolates	
ENVO:00002985	6	NCBITaxon:1123501	Wenxinia marina DSM 24838	4	TRUE	annotated_genomes_isolates	
ENVO:00002985	7	NCBITaxon:1404341	Sphingobium scionense	4	TRUE	annotated_genomes_isolates	
ENVO:00002985	8	NCBITaxon:1541063	Prolixibacter denitrificans	4	TRUE	annotated_genomes_isolates	
ENVO:00002985	9	NCBITaxon:403833	Petrotoga mobilis SJ95	4	TRUE	annotated_genomes_isolates	
ENVO:00002985	10	NCBITaxon:420955	Sphingobium olei	4	TRUE	annotated_genomes_isolates	
ENVO:00002985	11	NCBITaxon:454006	Epilithonimonas hungarica	4	TRUE	annotated_genomes_isolates	
ENVO:00002985	12	NCBITaxon:665038	Breoghania corrubedonensis	4	TRUE	annotated_genomes_isolates	
ENVO:00002985	13	NCBITaxon:1120987	Acetomicrobium thermoterrenum DSM 13490	3	TRUE	annotated_genomes_isolates	
ENVO:00002985	14	NCBITaxon:1121016	Arhodomonas aquaeolei DSM 8974	3	TRUE	annotated_genomes_isolates	
ENVO:00002985	15	NCBITaxon:1121391	Desulfacinum infernum DSM 9756	3	TRUE	annotated_genomes_isolates	
ENVO:00002985	16	NCBITaxon:1121430	Desulfofundulus thermocisternus DSM 10259	3	TRUE	annotated_genomes_isolates	
ENVO:00002985	17	NCBITaxon:1121433	Desulfovermiculus halophilus DSM 18834	3	TRUE	annotated_genomes_isolates	
ENVO:00002985	18	NCBITaxon:1121436	Oleidesulfovibrio alaskensis DSM 16109	3	TRUE	annotated_genomes_isolates	
ENVO:00002985	19	NCBITaxon:1121449	Paucidesulfovibrio gracilis DSM 16080	3	TRUE	annotated_genomes_isolates	
ENVO:00002985	20	NCBITaxon:1121456	Paucidesulfovibrio longus DSM 6739	3	TRUE	annotated_genomes_isolates	
ENVO:00002985	21	NCBITaxon:1121911	Garciella nitratireducens DSM 15102	3	TRUE	annotated_genomes_isolates	
ENVO:00002985	22	NCBITaxon:1121920	Geothrix fermentans DSM 14018	3	TRUE	annotated_genomes_isolates	
ENVO:00002985	23	NCBITaxon:1122143	Lacticigenium naphthae DSM 19658	3	TRUE	annotated_genomes_isolates	
ENVO:00002985	24	NCBITaxon:1122233	Methermicoccus shengliensis DSM 18856	3	TRUE	annotated_genomes_isolates	
ENVO:00002985	25	NCBITaxon:1123366	Thalassospira xiamenensis M-5 = DSM 17429	3	TRUE	annotated_genomes_isolates	
ENVO:00003030	1	NCBITaxon:1051651	Lacticaseibacillus casei 21/1	4	TRUE	annotated_genomes_isolates	
ENVO:00003030	2	NCBITaxon:387344	Levilactobacillus brevis ATCC 367	4	TRUE	annotated_genomes_isolates	
ENVO:00003030	3	NCBITaxon:1123288	Sporomusa ovata DSM 2662	3	TRUE	annotated_genomes_isolates	
ENVO:00003031	1	NCBITaxon:100671		4	TRUE	environmental_samples	
ENVO:00003031	2	NCBITaxon:10090		4	TRUE	environmental_samples	
ENVO:00003031	3	NCBITaxon:1014	Weeksella virosa	4	TRUE	environmental_samples	
ENVO:00003031	4	NCBITaxon:1017	Capnocytophaga gingivalis	4	TRUE	environmental_samples	
ENVO:00003031	5	NCBITaxon:1018	Capnocytophaga ochracea	4	TRUE	environmental_samples	
ENVO:00003031	6	NCBITaxon:1027	Microscilla marina	4	TRUE	environmental_samples	
ENVO:00003031	7	NCBITaxon:102886	Streptococcus didelphis	4	TRUE	environmental_samples	
ENVO:00003031	8	NCBITaxon:103	Flectobacillus major	4	TRUE	environmental_samples	
ENVO:00003031	9	NCBITaxon:104955	Limosilactobacillus frumenti	4	TRUE	environmental_samples	
ENVO:00003031	10	NCBITaxon:105612	Dellaglioa algida	4	TRUE	environmental_samples	
ENVO:00003031	11	NCBITaxon:106111	Pedobacter sp. KP-2	4	TRUE	environmental_samples	
ENVO:00003031	12	NCBITaxon:106592	Ensifer adhaerens	4	TRUE	environmental_samples	
ENVO:00003031	13	NCBITaxon:108328	Anaerobranca gottschalkii	4	TRUE	environmental_samples	
ENVO:00003031	14	NCBITaxon:1096	Chlorobium phaeobacteroides	4	TRUE	environmental_samples	
ENVO:00003031	15	NCBITaxon:109790	Lactobacillus jensenii	4	TRUE	environmental_samples	
ENVO:00003031	16	NCBITaxon:111770	Thiothrix fructosivorans	4	TRUE	environmental_samples	
ENVO:00003031	17	NCBITaxon:114628	Alkaliphilus transvaalensis	4	TRUE	environmental_samples	
ENVO:00003031	18	NCBITaxon:114652	Streptococcus orisratti	4	TRUE	environmental_samples	
ENVO:00003031	19	NCBITaxon:119206	Aerococcus sanguinicola	4	TRUE	environmental_samples	
ENVO:00003031	20	NCBITaxon:119224	Streptococcus phocae	4	TRUE	environmental_samples	
ENVO:00003031	21	NCBITaxon:119602	Streptococcus dysgalactiae subsp. equisimilis	4	TRUE	environmental_samples	
ENVO:00003031	22	NCBITaxon:121608	Paenibacillus koleovorans	4	TRUE	environmental_samples	
ENVO:00003031	23	NCBITaxon:1245	Leuconostoc mesenteroides	4	TRUE	environmental_samples	
ENVO:00003031	24	NCBITaxon:1249	Weissella paramesenteroides	4	TRUE	environmental_samples	
ENVO:00003031	25	NCBITaxon:1251	Leuconostoc fallax	4	TRUE	environmental_samples	
ENVO:00003032	1	NCBITaxon:1017	Capnocytophaga gingivalis	4	TRUE	environmental_samples	
ENVO:00003032	2	NCBITaxon:126378	Prevotella sp. RS2	4	TRUE	environmental_samples	
ENVO:00003032	3	NCBITaxon:1267	Sarcina ventriculi	4	TRUE	environmental_samples	
ENVO:00003032	4	NCBITaxon:1335	Streptococcus equinus	4	TRUE	environmental_samples	
ENVO:00003032	5	NCBITaxon:1365	Pseudolactococcus plantarum	4	TRUE	environmental_samples	
ENVO:00003032	6	NCBITaxon:1485	Clostridium	4	TRUE	environmental_samples	
ENVO:00003032	7	NCBITaxon:1582	Lacticaseibacillus casei	4	TRUE	environmental_samples	
ENVO:00003032	8	NCBITaxon:1583	Weissella confusa	4	TRUE	environmental_samples	
ENVO:00003032	9	NCBITaxon:163	Treponema bryantii	4	TRUE	environmental_samples	
ENVO:00003032	10	NCBITaxon:164	Treponema pectinovorum	4	TRUE	environmental_samples	
ENVO:00003032	11	NCBITaxon:166	Treponema sp.	4	TRUE	environmental_samples	
ENVO:00003032	12	NCBITaxon:180311	Hespellia stercorisuis	4	TRUE	environmental_samples	
ENVO:00003032	13	NCBITaxon:2087	Anaeroplasma abactoclasticum	4	TRUE	environmental_samples	
ENVO:00003032	14	NCBITaxon:213810	Ruminococcus champanellensis 18P13 = JCM 17042	4	TRUE	environmental_samples	
ENVO:00003032	15	NCBITaxon:216937	Spiroplasma floricola	4	TRUE	environmental_samples	
ENVO:00003032	16	NCBITaxon:266940	Kineococcus radiotolerans SRS30216 = ATCC BAA-149	4	TRUE	environmental_samples	
ENVO:00003032	17	NCBITaxon:28051	Lachnospira multipara	4	TRUE	environmental_samples	
ENVO:00003032	18	NCBITaxon:28122	Fibrobacter intestinalis	4	TRUE	environmental_samples	
ENVO:00003032	19	NCBITaxon:28129	Prevotella denticola	4	TRUE	environmental_samples	
ENVO:00003032	20	NCBITaxon:28135	Segatella oris	4	TRUE	environmental_samples	
ENVO:00003032	21	NCBITaxon:290054	Eubacterium coprostanoligenes	4	TRUE	environmental_samples	
ENVO:00003032	22	NCBITaxon:29522	Brachyspira aalborgi	4	TRUE	environmental_samples	
ENVO:00003032	23	NCBITaxon:301301	Roseburia hominis	4	TRUE	environmental_samples	
ENVO:00003032	24	NCBITaxon:303682	Thauera sp. 28	4	TRUE	environmental_samples	
ENVO:00003032	25	NCBITaxon:33953	Clostridium aminobutyricum	4	TRUE	environmental_samples	
ENVO:00003040	1	NCBITaxon:103810	Riemerella columbina	4	TRUE	environmental_samples	
ENVO:00003040	2	NCBITaxon:1045010	Escherichia coli O157	4	TRUE	environmental_samples	
ENVO:00003040	3	NCBITaxon:108486	Corynebacterium falsenii	4	TRUE	environmental_samples	
ENVO:00003040	4	NCBITaxon:114707	uncultured Pseudomonas sp.	4	TRUE	environmental_samples	
ENVO:00003040	5	NCBITaxon:121845		4	TRUE	environmental_samples	
ENVO:00003040	6	NCBITaxon:1264	Hominimerdicola alba	4	TRUE	environmental_samples	
ENVO:00003040	7	NCBITaxon:1265	Ruminococcus flavefaciens	4	TRUE	environmental_samples	
ENVO:00003040	8	NCBITaxon:1270	Micrococcus luteus	4	TRUE	environmental_samples	
ENVO:00003040	9	NCBITaxon:1282	Staphylococcus epidermidis	4	TRUE	environmental_samples	
ENVO:00003040	10	NCBITaxon:1286	Staphylococcus simulans	4	TRUE	environmental_samples	
ENVO:00003040	11	NCBITaxon:1299	Deinococcus radiodurans	4	TRUE	environmental_samples	
ENVO:00003040	12	NCBITaxon:134533	Acinetobacter parvus	4	TRUE	environmental_samples	
ENVO:00003040	13	NCBITaxon:1348	Streptococcus parauberis	4	TRUE	environmental_samples	
ENVO:00003040	14	NCBITaxon:1352	Enterococcus faecium	4	TRUE	environmental_samples	
ENVO:00003040	15	NCBITaxon:1363	Lactococcus garvieae	4	TRUE	environmental_samples	
ENVO:00003040	16	NCBITaxon:1366	Pseudolactococcus raffinolactis	4	TRUE	environmental_samples	
ENVO:00003040	17	NCBITaxon:1391	Aneurinibacillus aneurinilyticus	4	TRUE	environmental_samples	
ENVO:00003040	18	NCBITaxon:1423814	Limosilactobacillus vaginalis DSM 5837 = ATCC 49540	4	TRUE	environmental_samples	
ENVO:00003040	19	NCBITaxon:1472	Paenibacillus pabuli	4	TRUE	environmental_samples	
ENVO:00003040	20	NCBITaxon:147810		4	TRUE	environmental_samples	
ENVO:00003040	21	NCBITaxon:148604	Limosilactobacillus ingluviei	4	TRUE	environmental_samples	
ENVO:00003040	22	NCBITaxon:1502	Clostridium perfringens	4	TRUE	environmental_samples	
ENVO:00003040	23	NCBITaxon:1505	Paraclostridium sordellii	4	TRUE	environmental_samples	
ENVO:00003040	24	NCBITaxon:1511	Acetoanaerobium sticklandii	4	TRUE	environmental_samples	
ENVO:00003040	25	NCBITaxon:1512	[Clostridium] symbiosum	4	TRUE	environmental_samples	
ENVO:00003041	1	NCBITaxon:36987		4	TRUE	environmental_samples	
ENVO:00003041	2	NCBITaxon:657319	[Eubacterium] siraeum 70/3	2.19833	TRUE	environmental_samples	
ENVO:00003041	3	NCBITaxon:563008	Segatella oris C735	2.19376	TRUE	environmental_samples	
ENVO:00003041	4	NCBITaxon:575612	Prevotella melaninogenica D18	2.1921	TRUE	environmental_samples	
ENVO:00003041	5	NCBITaxon:411469	Anaerobutyricum hallii DSM 3353	2.18701	TRUE	environmental_samples	
ENVO:00003041	6	NCBITaxon:679192	Bulleidia extructa W1219	2.18045	TRUE	environmental_samples	
ENVO:00003041	7	NCBITaxon:839	Xylanibacter ruminicola	2.17601	TRUE	environmental_samples	
ENVO:00003041	8	NCBITaxon:575611	Segatella buccae D17	2.17232	TRUE	environmental_samples	
ENVO:00003041	9	NCBITaxon:873513	Segatella buccae ATCC 33574	2.17149	TRUE	environmental_samples	
ENVO:00003041	10	NCBITaxon:657321	Ruminococcus bromii L2-63	2.16908	TRUE	environmental_samples	
ENVO:00003041	11	NCBITaxon:553174	Prevotella melaninogenica ATCC 25845	2.16875	TRUE	environmental_samples	
ENVO:00003041	12	NCBITaxon:411474	Coprococcus eutactus ATCC 27759	2.16803	TRUE	environmental_samples	
ENVO:00003041	13	NCBITaxon:679191	Prevotella amnii CRIS 21A-A	2.16628	TRUE	environmental_samples	
ENVO:00003041	14	NCBITaxon:649760	Segatella oris F0302	2.16501	TRUE	environmental_samples	
ENVO:00003041	15	NCBITaxon:649761	Prevotella veroralis F0319	2.16454	TRUE	environmental_samples	
ENVO:00003041	16	NCBITaxon:910312	Porphyromonas asaccharolytica PR426713P-I	2.1608	TRUE	environmental_samples	
ENVO:00003041	17	NCBITaxon:706433	Solobacterium moorei F0204	2.15929	TRUE	environmental_samples	
ENVO:00003041	18	NCBITaxon:748224	Faecalibacterium cf. prausnitzii KLE1255	2.15763	TRUE	environmental_samples	
ENVO:00003041	19	NCBITaxon:553171	Prevotella bivia JCVIHMP010	2.15729	TRUE	environmental_samples	
ENVO:00003041	20	NCBITaxon:511680	Eshraghiella crossota DSM 2876	2.15604	TRUE	environmental_samples	
ENVO:00003041	21	NCBITaxon:575614	Prevotella sp. oral taxon 299 str. F0039	2.15476	TRUE	environmental_samples	
ENVO:00003041	22	NCBITaxon:619693	Prevotella sp. oral taxon 472 str. F0295	2.15472	TRUE	environmental_samples	
ENVO:00003041	23	NCBITaxon:471875	[Ruminococcus] lactaris ATCC 29176	2.15442	TRUE	environmental_samples	
ENVO:00003041	24	NCBITaxon:411489	Clostridium sp. L2-50	2.15434	TRUE	environmental_samples	
ENVO:00003041	25	NCBITaxon:862515	Hoylesella marshii DSM 16973 = JCM 13450	2.15388	TRUE	environmental_samples	
ENVO:00003043	1	NCBITaxon:1121393	Desulfatibacillum alkenivorans DSM 16219	3	TRUE	annotated_genomes_isolates	
ENVO:00003043	2	NCBITaxon:318586	Paracoccus denitrificans PD1222	3	TRUE	annotated_genomes_isolates	
ENVO:00003043	3	NCBITaxon:402881	Parvibaculum lavamentivorans DS-1	3	TRUE	annotated_genomes_isolates	
ENVO:00003043	4	NCBITaxon:555778	Halothiobacillus neapolitanus c2	3	TRUE	annotated_genomes_isolates	
ENVO:00003043	5	NCBITaxon:622637	Methylocystis sp. ATCC 49242	3	TRUE	annotated_genomes_isolates	
ENVO:00003043	6	NCBITaxon:656914	Desulfonispora thiosulfatigenes DSM 11270	3	TRUE	annotated_genomes_isolates	
ENVO:00003044	1	NCBITaxon:717231	Flexistipes sinusarabici DSM 4947	3	TRUE	annotated_genomes_isolates	
ENVO:00003044	2	NCBITaxon:889378	Spirochaeta africana DSM 8902	3	TRUE	annotated_genomes_isolates	
ENVO:00003064	1	NCBITaxon:1111728	Budvicia aquatica DSM 5075 = ATCC 35567	4	TRUE	annotated_genomes_isolates	
ENVO:00003064	2	NCBITaxon:1122161	Legionella geestiana DSM 21217	4	TRUE	annotated_genomes_isolates	
ENVO:00003064	3	NCBITaxon:1123391	Thermus scotoductus DSM 8553	4	TRUE	annotated_genomes_isolates	
ENVO:00003064	4	NCBITaxon:1955637	Candidatus Gracilibacteria bacterium JGI MDM2 000217CP-N10	4	TRUE	annotated_genomes_isolates	
ENVO:00003064	5	NCBITaxon:1955672	Candidatus Omnitrophica bacterium JGI MDM2 000217CP-F19	4	TRUE	annotated_genomes_isolates	
ENVO:00003064	6	NCBITaxon:1955673	Candidatus Omnitrophica bacterium JGI MDM2 000217CP-I15	4	TRUE	annotated_genomes_isolates	
ENVO:00003064	7	NCBITaxon:1955674	Candidatus Omnitrophica bacterium JGI MDM2 000217CP-N5	4	TRUE	annotated_genomes_isolates	
ENVO:00003064	8	NCBITaxon:1955675	Candidatus Omnitrophica bacterium JGI MDM2 000217CP-K11	4	TRUE	annotated_genomes_isolates	
ENVO:00003064	9	NCBITaxon:2094236	Candidatus Microgenomates bacterium JGI MDM2 000217CP-F20	4	TRUE	annotated_genomes_isolates	
ENVO:00003064	10	NCBITaxon:211460	Afipia massiliensis	4	TRUE	annotated_genomes_isolates	
ENVO:00003064	11	NCBITaxon:2738689	Omnitrophica bacterium JGI MDM2 000217CP-H20	4	TRUE	annotated_genomes_isolates	
ENVO:00003064	12	NCBITaxon:475299	Algoriphagus aquaeductus	4	TRUE	annotated_genomes_isolates	
ENVO:00003064	13	NCBITaxon:504472	Spirosoma linguale DSM 74	4	TRUE	annotated_genomes_isolates	
ENVO:00003064	14	NCBITaxon:70586	Aquabacterium commune	4	TRUE	annotated_genomes_isolates	
ENVO:00003860	1	NCBITaxon:126378	Prevotella sp. RS2	4	TRUE	environmental_samples	
ENVO:00003860	2	NCBITaxon:1264	Hominimerdicola alba	4	TRUE	environmental_samples	
ENVO:00003860	3	NCBITaxon:1265	Ruminococcus flavefaciens	4	TRUE	environmental_samples	
ENVO:00003860	4	NCBITaxon:1485	Clostridium	4	TRUE	environmental_samples	
ENVO:00003860	5	NCBITaxon:1512	[Clostridium] symbiosum	4	TRUE	environmental_samples	
ENVO:00003860	6	NCBITaxon:1585	Lactobacillus delbrueckii subsp. bulgaricus	4	TRUE	environmental_samples	
ENVO:00003860	7	NCBITaxon:1626	Lacticaseibacillus sharpeae	4	TRUE	environmental_samples	
ENVO:00003860	8	NCBITaxon:164	Treponema pectinovorum	4	TRUE	environmental_samples	
ENVO:00003860	9	NCBITaxon:1732	Eubacterium oxidoreducens	4	TRUE	environmental_samples	
ENVO:00003860	10	NCBITaxon:180332	Robinsoniella peoriensis	4	TRUE	environmental_samples	
ENVO:00003860	11	NCBITaxon:2087	Anaeroplasma abactoclasticum	4	TRUE	environmental_samples	
ENVO:00003860	12	NCBITaxon:213810	Ruminococcus champanellensis 18P13 = JCM 17042	4	TRUE	environmental_samples	
ENVO:00003860	13	NCBITaxon:2741	Peptococcus niger	4	TRUE	environmental_samples	
ENVO:00003860	14	NCBITaxon:28122	Fibrobacter intestinalis	4	TRUE	environmental_samples	
ENVO:00003860	15	NCBITaxon:28129	Prevotella denticola	4	TRUE	environmental_samples	
ENVO:00003860	16	NCBITaxon:28251	Ornithobacterium rhinotracheale	4	TRUE	environmental_samples	
ENVO:00003860	17	NCBITaxon:290054	Eubacterium coprostanoligenes	4	TRUE	environmental_samples	
ENVO:00003860	18	NCBITaxon:29355	Ruminiclostridium cellobioparum	4	TRUE	environmental_samples	
ENVO:00003860	19	NCBITaxon:305719	Segatella baroniae	4	TRUE	environmental_samples	
ENVO:00003860	20	NCBITaxon:308994	Dialister propionicifaciens	4	TRUE	environmental_samples	
ENVO:00003860	21	NCBITaxon:34085	Riemerella anatipestifer	4	TRUE	environmental_samples	
ENVO:00003860	22	NCBITaxon:35787	Limosilactobacillus pontis	4	TRUE	environmental_samples	
ENVO:00003860	23	NCBITaxon:360807	Roseburia inulinivorans	4	TRUE	environmental_samples	
ENVO:00003860	24	NCBITaxon:363265	Leyella stercorea	4	TRUE	environmental_samples	
ENVO:00003860	25	NCBITaxon:36987		4	TRUE	environmental_samples	
ENVO:00003862	1	NCBITaxon:1089546	Actinopolyspora halophila DSM 43834	4	TRUE	annotated_genomes_isolates	
ENVO:00003862	2	NCBITaxon:1111734	Acidipropionibacterium acidipropionici DSM 4900	4	TRUE	annotated_genomes_isolates	
ENVO:00003862	3	NCBITaxon:1121090	Siminovitchia fordii DSM 16014 = CIP 108821	4	TRUE	annotated_genomes_isolates	
ENVO:00003862	4	NCBITaxon:1121105		4	TRUE	annotated_genomes_isolates	
ENVO:00003862	5	NCBITaxon:1121365	Corynebacterium mastitidis DSM 44356	4	TRUE	annotated_genomes_isolates	
ENVO:00003862	6	NCBITaxon:1122237	Microbacterium gubbeenense DSM 15944	4	TRUE	annotated_genomes_isolates	
ENVO:00003862	7	NCBITaxon:1122997	Acidipropionibacterium jensenii DSM 20535	4	TRUE	annotated_genomes_isolates	
ENVO:00003862	8	NCBITaxon:1122998	Acidipropionibacterium thoenii DSM 20276	4	TRUE	annotated_genomes_isolates	
ENVO:00003862	9	NCBITaxon:1397697	Exiguobacterium acetylicum DSM 20416	4	TRUE	annotated_genomes_isolates	
ENVO:00003862	10	NCBITaxon:255205	Pseudoclavibacter helvolus	4	TRUE	annotated_genomes_isolates	
ENVO:00003862	11	NCBITaxon:273384	Brevibacterium aurantiacum	4	TRUE	annotated_genomes_isolates	
ENVO:00003862	12	NCBITaxon:321967	Lacticaseibacillus paracasei ATCC 334	4	TRUE	annotated_genomes_isolates	
ENVO:00003862	13	NCBITaxon:732241	Neomicrococcus lactis	4	TRUE	annotated_genomes_isolates	
ENVO:00003862	14	NCBITaxon:797292	Sphingobacterium alimentarium	4	TRUE	annotated_genomes_isolates	
ENVO:00003862	15	NCBITaxon:927655	Corynebacterium bovis DSM 20582 = CIP 54.80	4	TRUE	annotated_genomes_isolates	
ENVO:00003908	1	NCBITaxon:446465	Brachybacterium faecium DSM 4810	3	TRUE	annotated_genomes_isolates	
ENVO:00003965	1	NCBITaxon:445335	Clostridium botulinum NCTC 2916	2.34854	TRUE	environmental_samples	
ENVO:00003965	2	NCBITaxon:412614	Vibrio cholerae 2740-80	2.1814	TRUE	environmental_samples	
ENVO:00003965	3	NCBITaxon:457416	Veillonella sp. 3_1_44	2.09033	TRUE	environmental_samples	
ENVO:00003965	4	NCBITaxon:492476	Acetivibrio thermocellus JW20	2.08551	TRUE	environmental_samples	
ENVO:00003965	5	NCBITaxon:266940	Kineococcus radiotolerans SRS30216 = ATCC BAA-149	2.08377	TRUE	environmental_samples	
ENVO:00003965	6	NCBITaxon:887929	Pseudoramibacter alactolyticus ATCC 23263	2.06565	TRUE	environmental_samples	
ENVO:00003965	7	NCBITaxon:498761	Heliomicrobium modesticaldum Ice1	1.9992	TRUE	environmental_samples	
ENVO:00003965	8	NCBITaxon:411463	Eubacterium ventriosum ATCC 27560	1.99393	TRUE	environmental_samples	
ENVO:00003965	9	NCBITaxon:457431	Streptomyces filamentosus NRRL 15998	1.92453	TRUE	environmental_samples	
ENVO:00003965	10	NCBITaxon:1553	Clostridium tetanomorphum	1.89443	TRUE	environmental_samples	
ENVO:00003965	11	NCBITaxon:1494	Clostridium cochlearium	1.8475	TRUE	environmental_samples	
ENVO:00003965	12	NCBITaxon:1530	Clostridium carnis	1.84204	TRUE	environmental_samples	
ENVO:00003965	13	NCBITaxon:548474	Staphylococcus aureus subsp. aureus TCH130	1.80721	TRUE	environmental_samples	
ENVO:00003965	14	NCBITaxon:1534	Clostridium kluyveri	1.77387	TRUE	environmental_samples	
ENVO:00003965	15	NCBITaxon:33954	Clostridium magnum	1.76809	TRUE	environmental_samples	
ENVO:00003965	16	NCBITaxon:438	Acetobacter pasteurianus	1.7613	TRUE	environmental_samples	
ENVO:00003965	17	NCBITaxon:164393	Latilactobacillus fuchuensis	1.75033	TRUE	environmental_samples	
ENVO:00003965	18	NCBITaxon:55518	Magnetospirillum gryphiswaldense	1.74139	TRUE	environmental_samples	
ENVO:00003965	19	NCBITaxon:33936	Aeribacillus pallidus	1.73901	TRUE	environmental_samples	
ENVO:00003965	20	NCBITaxon:295236	Clostridium sp. RKD	1.71907	TRUE	environmental_samples	
ENVO:00003965	21	NCBITaxon:104102	Acetobacter tropicalis	1.70849	TRUE	environmental_samples	
ENVO:00003965	22	NCBITaxon:411467	Pseudoflavonifractor capillosus ATCC 29799	1.69093	TRUE	environmental_samples	
ENVO:00003965	23	NCBITaxon:1580	Levilactobacillus brevis	1.68091	TRUE	environmental_samples	
ENVO:00003965	24	NCBITaxon:322009	Sinomonas cyclohexanicum	1.67218	TRUE	environmental_samples	
ENVO:00003965	25	NCBITaxon:153496	Kozakia baliensis	1.66219	TRUE	environmental_samples	
ENVO:00005740	1	NCBITaxon:987059	Rubrivivax benzoatilyticus JA2 = ATCC BAA-35	3	TRUE	annotated_genomes_isolates	
ENVO:00005740	2	NCBITaxon:431585	Stauroneis anceps	1.12414	TRUE	environmental_samples	
ENVO:00005740	3	NCBITaxon:595416	Rhodopirellula sp. CS15	1.12414	TRUE	environmental_samples	
ENVO:00005740	4	NCBITaxon:670481	Nocardioides sp. SG-4G	1.12414	TRUE	environmental_samples	
ENVO:00005740	5	NCBITaxon:176307	uncultured Methanosarcina sp.	1.1019	TRUE	environmental_samples	
ENVO:00005740	6	NCBITaxon:360655		1.1019	TRUE	environmental_samples	
ENVO:00005740	7	NCBITaxon:392018	Methanobacterium alcaliphilum	1.1019	TRUE	environmental_samples	
ENVO:00005740	8	NCBITaxon:83983	Methanobacterium uliginosum	1.1019	TRUE	environmental_samples	
ENVO:00005740	9	NCBITaxon:362592		1.08264	TRUE	environmental_samples	
ENVO:00005740	10	NCBITaxon:543786	Alyxoria ochrocheila	1.08264	TRUE	environmental_samples	
ENVO:00005740	11	NCBITaxon:77548		1.08264	TRUE	environmental_samples	
ENVO:00005740	12	NCBITaxon:170861	Methanosarcina lacustris	1.06564	TRUE	environmental_samples	
ENVO:00005740	13	NCBITaxon:488927	Ipomoea phytoplasma	1.06564	TRUE	environmental_samples	
ENVO:00005740	14	NCBITaxon:97271		1.06564	TRUE	environmental_samples	
ENVO:00005740	15	NCBITaxon:1454	Schinkia azotoformans	1.05044	TRUE	environmental_samples	
ENVO:00005740	16	NCBITaxon:338047	Bacillus sp. GB02-31	1.03669	TRUE	environmental_samples	
ENVO:00005740	17	NCBITaxon:406546	Nocardioides sp. CMU5	1.02414	TRUE	environmental_samples	
ENVO:00005740	18	NCBITaxon:125602	Desulfococcus biacutus	1.01893	TRUE	environmental_samples	
ENVO:00005740	19	NCBITaxon:158192	Desulfuromonas michiganensis	1.01893	TRUE	environmental_samples	
ENVO:00005740	20	NCBITaxon:2358	Desulfomonile tiedjei	1.01893	TRUE	environmental_samples	
ENVO:00005740	21	NCBITaxon:449312	Desulfotomaculum sp. DSM 8775	1.01893	TRUE	environmental_samples	
ENVO:00005740	22	NCBITaxon:53356	Terracoccus luteus	1.01893	TRUE	environmental_samples	
ENVO:00005740	23	NCBITaxon:88373	Agromyces luteolus	1.01893	TRUE	environmental_samples	
ENVO:00005740	24	NCBITaxon:154	Winmispira thermophila	1.01259	TRUE	environmental_samples	
ENVO:00005740	25	NCBITaxon:391366	Sporosarcina sp. A20	1.01259	TRUE	environmental_samples	
ENVO:00005747	1	NCBITaxon:102170	Desulfallas sapomandens	4	TRUE	environmental_samples	
ENVO:00005747	2	NCBITaxon:103836	Thermopolyspora flexuosa	4	TRUE	environmental_samples	
ENVO:00005747	3	NCBITaxon:104176	Oscillochloris trichoides	4	TRUE	environmental_samples	
ENVO:00005747	4	NCBITaxon:104245	Clavaria zollingeri	4	TRUE	environmental_samples	
ENVO:00005747	5	NCBITaxon:112248	Seinonella peptonophila	4	TRUE	environmental_samples	
ENVO:00005747	6	NCBITaxon:115335	Actinomadura rubrobrunea	4	TRUE	environmental_samples	
ENVO:00005747	7	NCBITaxon:115336	Actinomadura vinacea	4	TRUE	environmental_samples	
ENVO:00005747	8	NCBITaxon:1173061	Geotrichum candidum	4	TRUE	environmental_samples	
ENVO:00005747	9	NCBITaxon:122960	Paenalicyclobacillus herbarius	4	TRUE	environmental_samples	
ENVO:00005747	10	NCBITaxon:129338	Geobacillus subterraneus	4	TRUE	environmental_samples	
ENVO:00005747	11	NCBITaxon:1391	Aneurinibacillus aneurinilyticus	4	TRUE	environmental_samples	
ENVO:00005747	12	NCBITaxon:1393	Brevibacillus brevis	4	TRUE	environmental_samples	
ENVO:00005747	13	NCBITaxon:1401	Paenibacillus lautus	4	TRUE	environmental_samples	
ENVO:00005747	14	NCBITaxon:1406	Paenibacillus polymyxa	4	TRUE	environmental_samples	
ENVO:00005747	15	NCBITaxon:1409	Bacillus sp. (in: firmicutes)	4	TRUE	environmental_samples	
ENVO:00005747	16	NCBITaxon:1422	Geobacillus stearothermophilus	4	TRUE	environmental_samples	
ENVO:00005747	17	NCBITaxon:143495	Aneurinibacillus thermoaerophilus	4	TRUE	environmental_samples	
ENVO:00005747	18	NCBITaxon:1472	Paenibacillus pabuli	4	TRUE	environmental_samples	
ENVO:00005747	19	NCBITaxon:1479	Bacillus smithii	4	TRUE	environmental_samples	
ENVO:00005747	20	NCBITaxon:1484	Hydrogenibacillus schlegelii	4	TRUE	environmental_samples	
ENVO:00005747	21	NCBITaxon:1510	Thermoclostridium stercorarium	4	TRUE	environmental_samples	
ENVO:00005747	22	NCBITaxon:153151	Parageobacillus toebii	4	TRUE	environmental_samples	
ENVO:00005747	23	NCBITaxon:153376	Pseudonocardia zijingensis	4	TRUE	environmental_samples	
ENVO:00005747	24	NCBITaxon:155866	Weissella soli	4	TRUE	environmental_samples	
ENVO:00005747	25	NCBITaxon:1565	Desulfotomaculum nigrificans	4	TRUE	environmental_samples	
ENVO:00005749	1	NCBITaxon:266940	Kineococcus radiotolerans SRS30216 = ATCC BAA-149	4	TRUE	environmental_samples	
ENVO:00005749	2	NCBITaxon:55518	Magnetospirillum gryphiswaldense	4	TRUE	environmental_samples	
ENVO:00005749	3	NCBITaxon:667019	Curvibacter putative symbiont of Hydra magnipapillata	4	TRUE	environmental_samples	
ENVO:00005749	4	NCBITaxon:106370	Frankia casuarinae	1.3281	TRUE	environmental_samples	
ENVO:00005749	5	NCBITaxon:457429	Streptomyces pristinaespiralis ATCC 25486	1.32567	TRUE	environmental_samples	
ENVO:00005749	6	NCBITaxon:227882	Streptomyces avermitilis MA-4680 = NBRC 14893	1.32293	TRUE	environmental_samples	
ENVO:00005749	7	NCBITaxon:269800	Thermobifida fusca YX	1.32271	TRUE	environmental_samples	
ENVO:00005749	8	NCBITaxon:1901	Streptomyces clavuligerus	1.32066	TRUE	environmental_samples	
ENVO:00005749	9	NCBITaxon:463191	Streptomyces sviceus ATCC 29083	1.3204	TRUE	environmental_samples	
ENVO:00005749	10	NCBITaxon:351607	Acidothermus cellulolyticus 11B	1.31793	TRUE	environmental_samples	
ENVO:00005749	11	NCBITaxon:253839	Streptomyces sp. C	1.31681	TRUE	environmental_samples	
ENVO:00005749	12	NCBITaxon:557599	Mycobacterium kansasii ATCC 12478	1.31681	TRUE	environmental_samples	
ENVO:00005749	13	NCBITaxon:2716812	Candidatus Protofrankia datiscae	1.31611	TRUE	environmental_samples	
ENVO:00005749	14	NCBITaxon:316058	Rhodopseudomonas palustris HaA2	1.31504	TRUE	environmental_samples	
ENVO:00005749	15	NCBITaxon:525909	Acidimicrobium ferrooxidans DSM 10331	1.31314	TRUE	environmental_samples	
ENVO:00005749	16	NCBITaxon:469371	Thermobispora bispora DSM 43833	1.31302	TRUE	environmental_samples	
ENVO:00005749	17	NCBITaxon:446468	Nocardiopsis dassonvillei subsp. dassonvillei DSM 43111	1.3129	TRUE	environmental_samples	
ENVO:00005749	18	NCBITaxon:316055	Rhodopseudomonas palustris BisA53	1.31162	TRUE	environmental_samples	
ENVO:00005749	19	NCBITaxon:680198	Streptomyces scabiei 87.22	1.31102	TRUE	environmental_samples	
ENVO:00005749	20	NCBITaxon:653045	Streptomyces violaceusniger Tu 4113	1.31082	TRUE	environmental_samples	
ENVO:00005749	21	NCBITaxon:323097	Nitrobacter hamburgensis X14	1.31047	TRUE	environmental_samples	
ENVO:00005749	22	NCBITaxon:114615	Bradyrhizobium sp. ORS 278	1.30976	TRUE	environmental_samples	
ENVO:00005749	23	NCBITaxon:452652	Kitasatospora setae KM-6054	1.30956	TRUE	environmental_samples	
ENVO:00005749	24	NCBITaxon:205922	Pseudomonas fluorescens Pf0-1	1.30932	TRUE	environmental_samples	
ENVO:00005749	25	NCBITaxon:471852	Thermomonospora curvata DSM 43183	1.30784	TRUE	environmental_samples	
ENVO:00005750	1	NCBITaxon:1026	Marinoscillum furvescens	4	TRUE	environmental_samples	
ENVO:00005750	2	NCBITaxon:104176	Oscillochloris trichoides	4	TRUE	environmental_samples	
ENVO:00005750	3	NCBITaxon:104245	Clavaria zollingeri	4	TRUE	environmental_samples	
ENVO:00005750	4	NCBITaxon:110319	Nocardioides sp. CF8	4	TRUE	environmental_samples	
ENVO:00005750	5	NCBITaxon:110933	Leifsonia poae	4	TRUE	environmental_samples	
ENVO:00005750	6	NCBITaxon:112248	Seinonella peptonophila	4	TRUE	environmental_samples	
ENVO:00005750	7	NCBITaxon:114715	uncultured Ralstonia sp.	4	TRUE	environmental_samples	
ENVO:00005750	8	NCBITaxon:115433	Amycolatopsis sacchari	4	TRUE	environmental_samples	
ENVO:00005750	9	NCBITaxon:1264	Hominimerdicola alba	4	TRUE	environmental_samples	
ENVO:00005750	10	NCBITaxon:1265	Ruminococcus flavefaciens	4	TRUE	environmental_samples	
ENVO:00005750	11	NCBITaxon:1270	Micrococcus luteus	4	TRUE	environmental_samples	
ENVO:00005750	12	NCBITaxon:128	Isosphaera pallida	4	TRUE	environmental_samples	
ENVO:00005750	13	NCBITaxon:1282	Staphylococcus epidermidis	4	TRUE	environmental_samples	
ENVO:00005750	14	NCBITaxon:134561	Nocardioides sp. C190	4	TRUE	environmental_samples	
ENVO:00005750	15	NCBITaxon:1406	Paenibacillus polymyxa	4	TRUE	environmental_samples	
ENVO:00005750	16	NCBITaxon:1409	Bacillus sp. (in: firmicutes)	4	TRUE	environmental_samples	
ENVO:00005750	17	NCBITaxon:1464	Paenibacillus larvae	4	TRUE	environmental_samples	
ENVO:00005750	18	NCBITaxon:146819	Streptomyces europaeiscabiei	4	TRUE	environmental_samples	
ENVO:00005750	19	NCBITaxon:1485	Clostridium	4	TRUE	environmental_samples	
ENVO:00005750	20	NCBITaxon:1523	Clostridium longisporum	4	TRUE	environmental_samples	
ENVO:00005750	21	NCBITaxon:153376	Pseudonocardia zijingensis	4	TRUE	environmental_samples	
ENVO:00005750	22	NCBITaxon:1563	Desulfosporosinus orientis	4	TRUE	environmental_samples	
ENVO:00005750	23	NCBITaxon:1566	Desulfofundulus australicus	4	TRUE	environmental_samples	
ENVO:00005750	24	NCBITaxon:157278	uncultured Methylobacterium sp.	4	TRUE	environmental_samples	
ENVO:00005750	25	NCBITaxon:157687	Leptotrichia wadei	4	TRUE	environmental_samples	
ENVO:00005761	1	NCBITaxon:1026	Marinoscillum furvescens	4	TRUE	environmental_samples	
ENVO:00005761	2	NCBITaxon:103	Flectobacillus major	4	TRUE	environmental_samples	
ENVO:00005761	3	NCBITaxon:103710	Cellulomonas sp. GM13	4	TRUE	environmental_samples	
ENVO:00005761	4	NCBITaxon:104245	Clavaria zollingeri	4	TRUE	environmental_samples	
ENVO:00005761	5	NCBITaxon:1079	Blastochloris viridis	4	TRUE	environmental_samples	
ENVO:00005761	6	NCBITaxon:110638	Arthrobacter sp. 'SMCC G982'	4	TRUE	environmental_samples	
ENVO:00005761	7	NCBITaxon:110643	Arthrobacter sp. 'SMCC ZAT001'	4	TRUE	environmental_samples	
ENVO:00005761	8	NCBITaxon:110933	Leifsonia poae	4	TRUE	environmental_samples	
ENVO:00005761	9	NCBITaxon:112248	Seinonella peptonophila	4	TRUE	environmental_samples	
ENVO:00005761	10	NCBITaxon:114259	Nocardia paucivorans	4	TRUE	environmental_samples	
ENVO:00005761	11	NCBITaxon:114715	uncultured Ralstonia sp.	4	TRUE	environmental_samples	
ENVO:00005761	12	NCBITaxon:115433	Amycolatopsis sacchari	4	TRUE	environmental_samples	
ENVO:00005761	13	NCBITaxon:115828	Streptomyces maritimus	4	TRUE	environmental_samples	
ENVO:00005761	14	NCBITaxon:1184267	Pseudobdellovibrio exovorus JSS	4	TRUE	environmental_samples	
ENVO:00005761	15	NCBITaxon:121608	Paenibacillus koleovorans	4	TRUE	environmental_samples	
ENVO:00005761	16	NCBITaxon:1231	Nitrosospira multiformis	4	TRUE	environmental_samples	
ENVO:00005761	17	NCBITaxon:128	Isosphaera pallida	4	TRUE	environmental_samples	
ENVO:00005761	18	NCBITaxon:1299	Deinococcus radiodurans	4	TRUE	environmental_samples	
ENVO:00005761	19	NCBITaxon:130049	Paenibacillus dendritiformis	4	TRUE	environmental_samples	
ENVO:00005761	20	NCBITaxon:13243	Rarobacter faecitabidus	4	TRUE	environmental_samples	
ENVO:00005761	21	NCBITaxon:134561	Nocardioides sp. C190	4	TRUE	environmental_samples	
ENVO:00005761	22	NCBITaxon:1396	Bacillus cereus	4	TRUE	environmental_samples	
ENVO:00005761	23	NCBITaxon:1397	Niallia circulans	4	TRUE	environmental_samples	
ENVO:00005761	24	NCBITaxon:1408	Bacillus pumilus	4	TRUE	environmental_samples	
ENVO:00005761	25	NCBITaxon:1464	Paenibacillus larvae	4	TRUE	environmental_samples	
ENVO:00005774	1	NCBITaxon:1302689	Mucilaginibacter polytrichastri	4	TRUE	annotated_genomes_isolates	
ENVO:00005774	2	NCBITaxon:266749	Kaistella jeonii	4	TRUE	annotated_genomes_isolates	
ENVO:00005774	3	NCBITaxon:69370	Microbacterium trichothecenolyticum	4	TRUE	annotated_genomes_isolates	MADIN
ENVO:00005774	4	NCBITaxon:471857	Saccharomonospora viridis DSM 43017	3	TRUE	annotated_genomes_isolates|environmental_samples	MADIN
ENVO:00005774	5	NCBITaxon:886293	Singulisphaera acidiphila DSM 18658	3	TRUE	annotated_genomes_isolates	
ENVO:00005774	6	NCBITaxon:320497	Neoasaia chiangmaiensis	1.93268	TRUE	environmental_samples	
ENVO:00005774	7	NCBITaxon:33059	Acidithiobacillus caldus	1.9094	TRUE	environmental_samples	
ENVO:00005774	8	NCBITaxon:640030	Neisseria zalophi	1.90244	TRUE	environmental_samples	
ENVO:00005774	9	NCBITaxon:33075	Acidobacterium capsulatum	1.89331	TRUE	environmental_samples	
ENVO:00005774	10	NCBITaxon:1928	Streptomyces rochei	1.86872	TRUE	environmental_samples	
ENVO:00005774	11	NCBITaxon:128	Isosphaera pallida	1.84997	TRUE	environmental_samples	
ENVO:00005774	12	NCBITaxon:375	Bradyrhizobium japonicum	1.84675	TRUE	environmental_samples	
ENVO:00005774	13	NCBITaxon:133552	Methylocapsa acidiphila	1.83385	TRUE	environmental_samples	
ENVO:00005774	14	NCBITaxon:331117	Aspergillus fischeri NRRL 181	1.80092	TRUE	environmental_samples	
ENVO:00005774	15	NCBITaxon:297246	Legionella pneumophila str. Paris	1.79483	TRUE	environmental_samples	
ENVO:00005774	16	NCBITaxon:52061		1.79437	TRUE	environmental_samples	
ENVO:00005774	17	NCBITaxon:441156	Burkholderia pseudomallei 7894	1.79309	TRUE	environmental_samples	
ENVO:00005774	18	NCBITaxon:189518	Leptospira interrogans serovar Lai str. 56601	1.79041	TRUE	environmental_samples	
ENVO:00005774	19	NCBITaxon:382	Sinorhizobium meliloti	1.78934	TRUE	environmental_samples	
ENVO:00005774	20	NCBITaxon:342110	Ralstonia solanacearum UW551	1.78858	TRUE	environmental_samples	
ENVO:00005774	21	NCBITaxon:441165	Burkholderia thailandensis TXDOH	1.788	TRUE	environmental_samples	
ENVO:00005774	22	NCBITaxon:380394	Acidithiobacillus ferrooxidans ATCC 53993	1.78584	TRUE	environmental_samples	
ENVO:00005774	23	NCBITaxon:426418	Pyrenophora tritici-repentis Pt-1C-BFP	1.78551	TRUE	environmental_samples	
ENVO:00005774	24	NCBITaxon:510516	Aspergillus oryzae RIB40	1.78401	TRUE	environmental_samples	
ENVO:00005774	25	NCBITaxon:190650	Caulobacter vibrioides CB15	1.78384	TRUE	environmental_samples	
ENVO:00005778	1	NCBITaxon:1275	Kocuria rosea	4	TRUE	environmental_samples	
ENVO:00005778	2	NCBITaxon:1404	Priestia megaterium	4	TRUE	environmental_samples	
ENVO:00005778	3	NCBITaxon:156977	Microbacterium resistens	4	TRUE	environmental_samples	
ENVO:00005778	4	NCBITaxon:162426	Microbacterium hominis	4	TRUE	environmental_samples	
ENVO:00005778	5	NCBITaxon:1710	Cellulosimicrobium cellulans	4	TRUE	environmental_samples	
ENVO:00005778	6	NCBITaxon:1713	Oerskovia turbata	4	TRUE	environmental_samples	
ENVO:00005778	7	NCBITaxon:173764	Cytophaga sp. MBIC01539	4	TRUE	environmental_samples	
ENVO:00005778	8	NCBITaxon:196162	Nocardioides sp. JS614	4	TRUE	environmental_samples	
ENVO:00005778	9	NCBITaxon:213071	Nocardioides sp. SP12	4	TRUE	environmental_samples	
ENVO:00005778	10	NCBITaxon:28454	Sphingobacterium multivorum	4	TRUE	environmental_samples	
ENVO:00005778	11	NCBITaxon:29345	Sedimentibacter hydroxybenzoicus	4	TRUE	environmental_samples	
ENVO:00005778	12	NCBITaxon:29549	Rhodothermus marinus	4	TRUE	environmental_samples	
ENVO:00005778	13	NCBITaxon:330214	Nitrospira defluvii	4	TRUE	environmental_samples	
ENVO:00005778	14	NCBITaxon:35761	Nocardioides sp.	4	TRUE	environmental_samples	
ENVO:00005778	15	NCBITaxon:36987		4	TRUE	environmental_samples	
ENVO:00005778	16	NCBITaxon:37330	Nocardia nova	4	TRUE	environmental_samples	
ENVO:00005778	17	NCBITaxon:385067	Bacillus sp. N2a	4	TRUE	environmental_samples	
ENVO:00005778	18	NCBITaxon:389348	Candidatus Protochlamydia naegleriophila	4	TRUE	environmental_samples	
ENVO:00005778	19	NCBITaxon:43671	Actinotalea fermentans	4	TRUE	environmental_samples	
ENVO:00005778	20	NCBITaxon:445973	Intestinibacter bartlettii DSM 16795	4	TRUE	environmental_samples	
ENVO:00005778	21	NCBITaxon:4577		4	TRUE	environmental_samples	
ENVO:00005778	22	NCBITaxon:469383	Conexibacter woesei DSM 14684	4	TRUE	environmental_samples	
ENVO:00005778	23	NCBITaxon:485371	Bacillus sp. FSL_h8473	4	TRUE	environmental_samples	
ENVO:00005778	24	NCBITaxon:548579	Isoptericola jiangsuensis	4	TRUE	environmental_samples	
ENVO:00005778	25	NCBITaxon:60443	Terrabacter tumescens	4	TRUE	environmental_samples	
ENVO:00005779	1	NCBITaxon:479432	Streptosporangium roseum DSM 43021	3	TRUE	annotated_genomes_isolates	
ENVO:00005780	1	NCBITaxon:1121899	Flavobacterium suncheonense GH29-5 = DSM 17707	3	TRUE	annotated_genomes_isolates	
ENVO:00005792	1	NCBITaxon:205918	Pseudomonas syringae pv. syringae B728a	1.33759	TRUE	environmental_samples	
ENVO:00005792	2	NCBITaxon:675813	Vibrio metschnikovii CIP 69.14	1.32668	TRUE	environmental_samples	
ENVO:00005792	3	NCBITaxon:798130	Pseudomonas aeruginosa 39016	1.32413	TRUE	environmental_samples	
ENVO:00005792	4	NCBITaxon:441153	Burkholderia pseudomallei NCTC 13177	1.3227	TRUE	environmental_samples	
ENVO:00005792	5	NCBITaxon:326298	Sulfurimonas denitrificans DSM 1251	1.31594	TRUE	environmental_samples	
ENVO:00005792	6	NCBITaxon:882	Nitratidesulfovibrio vulgaris str. Hildenborough	1.314	TRUE	environmental_samples	
ENVO:00005792	7	NCBITaxon:675814	Vibrio coralliilyticus ATCC BAA-450	1.31201	TRUE	environmental_samples	
ENVO:00005792	8	NCBITaxon:94122	Shewanella sp. ANA-3	1.31152	TRUE	environmental_samples	
ENVO:00005792	9	NCBITaxon:314282	Psychromonas sp. CNPT3	1.31149	TRUE	environmental_samples	
ENVO:00005792	10	NCBITaxon:204536	Sulfurihydrogenibium azorense Az-Fu1	1.31034	TRUE	environmental_samples	
ENVO:00005792	11	NCBITaxon:211586	Shewanella oneidensis MR-1	1.31028	TRUE	environmental_samples	
ENVO:00005792	12	NCBITaxon:945550	Vibrio sinaloensis DSM 21326	1.31019	TRUE	environmental_samples	
ENVO:00005792	13	NCBITaxon:309807	Salinibacter ruber DSM 13855	1.30977	TRUE	environmental_samples	
ENVO:00005792	14	NCBITaxon:589924	Ferroglobus placidus DSM 10642	1.3088	TRUE	environmental_samples	
ENVO:00005792	15	NCBITaxon:335284	Psychrobacter cryohalolentis K5	1.30841	TRUE	environmental_samples	
ENVO:00005792	16	NCBITaxon:298386	Photobacterium profundum SS9	1.30785	TRUE	environmental_samples	
ENVO:00005792	17	NCBITaxon:419542	Leptospirillum rubarum	1.30734	TRUE	environmental_samples	
ENVO:00005792	18	NCBITaxon:523850	Thermococcus onnurineus NA1	1.3059	TRUE	environmental_samples	
ENVO:00005792	19	NCBITaxon:484019	Thermosipho africanus TCF52B	1.30374	TRUE	environmental_samples	
ENVO:00005792	20	NCBITaxon:547558	Methanohalophilus mahii DSM 5219	1.30298	TRUE	environmental_samples	
ENVO:00005792	21	NCBITaxon:663321	Candidatus Regiella insecticola LSR1	1.30215	TRUE	environmental_samples	
ENVO:00005792	22	NCBITaxon:272624	Legionella pneumophila subsp. pneumophila str. Philadelphia 1	1.30156	TRUE	environmental_samples	
ENVO:00005792	23	NCBITaxon:406817	Xenorhabdus nematophila ATCC 19061	1.30114	TRUE	environmental_samples	
ENVO:00005792	24	NCBITaxon:525898	Sulfurospirillum deleyianum DSM 6946	1.30002	TRUE	environmental_samples	
ENVO:00005792	25	NCBITaxon:186497	Pyrococcus furiosus DSM 3638	1.29982	TRUE	environmental_samples	
ENVO:00005794	1	NCBITaxon:1085	Rhodospirillum rubrum	4	TRUE	environmental_samples	
ENVO:00005794	2	NCBITaxon:1299	Deinococcus radiodurans	4	TRUE	environmental_samples	
ENVO:00005794	3	NCBITaxon:13690	Sphingobium yanoikuyae	4	TRUE	environmental_samples	
ENVO:00005794	4	NCBITaxon:1396	Bacillus cereus	4	TRUE	environmental_samples	
ENVO:00005794	5	NCBITaxon:157277	uncultured Agrobacterium sp.	4	TRUE	environmental_samples	
ENVO:00005794	6	NCBITaxon:158751	uncultured Acidovorax sp.	4	TRUE	environmental_samples	
ENVO:00005794	7	NCBITaxon:1833	Rhodococcus erythropolis	4	TRUE	environmental_samples	
ENVO:00005794	8	NCBITaxon:188626	Dermacoccus sp. Ellin185	4	TRUE	environmental_samples	
ENVO:00005794	9	NCBITaxon:199684	uncultured Bradyrhizobium sp.	4	TRUE	environmental_samples	
ENVO:00005794	10	NCBITaxon:2371	Xylella fastidiosa	4	TRUE	environmental_samples	
ENVO:00005794	11	NCBITaxon:266	Paracoccus denitrificans	4	TRUE	environmental_samples	
ENVO:00005794	12	NCBITaxon:266940	Kineococcus radiotolerans SRS30216 = ATCC BAA-149	4	TRUE	environmental_samples	
ENVO:00005794	13	NCBITaxon:283205	Mycobacterium sp. THO100	4	TRUE	environmental_samples	
ENVO:00005794	14	NCBITaxon:293	Brevundimonas diminuta	4	TRUE	environmental_samples	
ENVO:00005794	15	NCBITaxon:29405	Microlunatus phosphovorus	4	TRUE	environmental_samples	
ENVO:00005794	16	NCBITaxon:339	Xanthomonas campestris	4	TRUE	environmental_samples	
ENVO:00005794	17	NCBITaxon:34003	Paracoccus aminophilus	4	TRUE	environmental_samples	
ENVO:00005794	18	NCBITaxon:34062	Faucicola osloensis	4	TRUE	environmental_samples	
ENVO:00005794	19	NCBITaxon:354352	Pseudochrobactrum saccharolyticum	4	TRUE	environmental_samples	
ENVO:00005794	20	NCBITaxon:358	Agrobacterium tumefaciens	4	TRUE	environmental_samples	
ENVO:00005794	21	NCBITaxon:36987		4	TRUE	environmental_samples	
ENVO:00005794	22	NCBITaxon:37919	Rhodococcus opacus	4	TRUE	environmental_samples	
ENVO:00005794	23	NCBITaxon:39946		4	TRUE	environmental_samples	
ENVO:00005794	24	NCBITaxon:40214	Acinetobacter johnsonii	4	TRUE	environmental_samples	
ENVO:00005794	25	NCBITaxon:40215	Acinetobacter junii	4	TRUE	environmental_samples	
ENVO:00005800	1	NCBITaxon:104176	Oscillochloris trichoides	4	TRUE	environmental_samples	
ENVO:00005800	2	NCBITaxon:106370	Frankia casuarinae	4	TRUE	environmental_samples	
ENVO:00005800	3	NCBITaxon:128	Isosphaera pallida	4	TRUE	environmental_samples	
ENVO:00005800	4	NCBITaxon:13684	Parastagonospora nodorum	4	TRUE	environmental_samples	
ENVO:00005800	5	NCBITaxon:1423814	Limosilactobacillus vaginalis DSM 5837 = ATCC 49540	4	TRUE	environmental_samples	
ENVO:00005800	6	NCBITaxon:165813	Sporanaerobacter acetigenes	4	TRUE	environmental_samples	
ENVO:00005800	7	NCBITaxon:1861	Geodermatophilus obscurus	4	TRUE	environmental_samples	
ENVO:00005800	8	NCBITaxon:234267	Candidatus Solibacter usitatus Ellin6076	4	TRUE	environmental_samples	
ENVO:00005800	9	NCBITaxon:266940	Kineococcus radiotolerans SRS30216 = ATCC BAA-149	4	TRUE	environmental_samples	
ENVO:00005800	10	NCBITaxon:28042	Saccharopolyspora rectivirgula	4	TRUE	environmental_samples	
ENVO:00005800	11	NCBITaxon:29539	Thermoleophilum album	4	TRUE	environmental_samples	
ENVO:00005800	12	NCBITaxon:318751	Westerdykella ornata	4	TRUE	environmental_samples	
ENVO:00005800	13	NCBITaxon:330214	Nitrospira defluvii	4	TRUE	environmental_samples	
ENVO:00005800	14	NCBITaxon:35761	Nocardioides sp.	4	TRUE	environmental_samples	
ENVO:00005800	15	NCBITaxon:36987		4	TRUE	environmental_samples	
ENVO:00005800	16	NCBITaxon:379066	Gemmatimonas aurantiaca T-27	4	TRUE	environmental_samples	
ENVO:00005800	17	NCBITaxon:38033	Chaetomium globosum	4	TRUE	environmental_samples	
ENVO:00005800	18	NCBITaxon:395019	Burkholderia multivorans ATCC 17616	4	TRUE	environmental_samples	
ENVO:00005800	19	NCBITaxon:411459	Blautia obeum ATCC 29174	4	TRUE	environmental_samples	
ENVO:00005800	20	NCBITaxon:411485	Faecalibacterium prausnitzii M21/2	4	TRUE	environmental_samples	
ENVO:00005800	21	NCBITaxon:42256	Rubrobacter radiotolerans	4	TRUE	environmental_samples	
ENVO:00005800	22	NCBITaxon:428125	[Clostridium] leptum DSM 753	4	TRUE	environmental_samples	
ENVO:00005800	23	NCBITaxon:431943	Clostridium kluyveri DSM 555	4	TRUE	environmental_samples	
ENVO:00005800	24	NCBITaxon:439495	Pseudovibrio sp. JE062	4	TRUE	environmental_samples	
ENVO:00005800	25	NCBITaxon:445336	Clostridium botulinum Bf	4	TRUE	environmental_samples	
ENVO:00005801	1	NCBITaxon:1041150	Sinorhizobium medicae WSM244	4	TRUE	annotated_genomes_isolates	
ENVO:00005801	2	NCBITaxon:104245	Clavaria zollingeri	4	TRUE	environmental_samples	
ENVO:00005801	3	NCBITaxon:105420	Streptacidiphilus neutrinimicus	4	TRUE	environmental_samples	
ENVO:00005801	4	NCBITaxon:106111	Pedobacter sp. KP-2	4	TRUE	environmental_samples	
ENVO:00005801	5	NCBITaxon:106370	Frankia casuarinae	4	TRUE	environmental_samples	
ENVO:00005801	6	NCBITaxon:1069	Rhodomicrobium vannielii	4	TRUE	environmental_samples	
ENVO:00005801	7	NCBITaxon:1074	Rhodoblastus acidophilus	4	TRUE	environmental_samples	
ENVO:00005801	8	NCBITaxon:108015	Bradyrhizobium yuanmingense	4	TRUE	environmental_samples	
ENVO:00005801	9	NCBITaxon:1108	Chloroflexus aurantiacus	4	TRUE	environmental_samples	
ENVO:00005801	10	NCBITaxon:111805	Actinomadura pelletieri	4	TRUE	environmental_samples	
ENVO:00005801	11	NCBITaxon:112235	Neochlamydia hartmannellae	4	TRUE	environmental_samples	
ENVO:00005801	12	NCBITaxon:112248	Seinonella peptonophila	4	TRUE	environmental_samples	
ENVO:00005801	13	NCBITaxon:114715	uncultured Ralstonia sp.	4	TRUE	environmental_samples	
ENVO:00005801	14	NCBITaxon:121608	Paenibacillus koleovorans	4	TRUE	environmental_samples	
ENVO:00005801	15	NCBITaxon:128	Isosphaera pallida	4	TRUE	environmental_samples	
ENVO:00005801	16	NCBITaxon:129542	Placynthiella icmalea	4	TRUE	environmental_samples	
ENVO:00005801	17	NCBITaxon:134355	Ceramothyrium carniolicum	4	TRUE	environmental_samples	
ENVO:00005801	18	NCBITaxon:134561	Nocardioides sp. C190	4	TRUE	environmental_samples	
ENVO:00005801	19	NCBITaxon:1371	Marinococcus halophilus	4	TRUE	environmental_samples	
ENVO:00005801	20	NCBITaxon:1391	Aneurinibacillus aneurinilyticus	4	TRUE	environmental_samples	
ENVO:00005801	21	NCBITaxon:1396	Bacillus cereus	4	TRUE	environmental_samples	
ENVO:00005801	22	NCBITaxon:1397	Niallia circulans	4	TRUE	annotated_genomes_isolates|environmental_samples	
ENVO:00005801	23	NCBITaxon:1406	Paenibacillus polymyxa	4	TRUE	environmental_samples	
ENVO:00005801	24	NCBITaxon:1408	Bacillus pumilus	4	TRUE	environmental_samples	
ENVO:00005801	25	NCBITaxon:1409	Bacillus sp. (in: firmicutes)	4	TRUE	environmental_samples	
ENVO:00005802	1	NCBITaxon:314230	Blastopirellula marina DSM 3645	4	TRUE	environmental_samples	
ENVO:00005802	2	NCBITaxon:36987		4	TRUE	environmental_samples	
ENVO:00005802	3	NCBITaxon:526225	Geodermatophilus obscurus DSM 43160	2.30352	TRUE	environmental_samples	
ENVO:00005802	4	NCBITaxon:710696	Intrasporangium calvum DSM 43043	2.29395	TRUE	environmental_samples	
ENVO:00005802	5	NCBITaxon:266117	Rubrobacter xylanophilus DSM 9941	2.29223	TRUE	environmental_samples	
ENVO:00005802	6	NCBITaxon:469383	Conexibacter woesei DSM 14684	2.29121	TRUE	environmental_samples	
ENVO:00005802	7	NCBITaxon:317655	Sphingopyxis alaskensis RB2256	2.29079	TRUE	environmental_samples	
ENVO:00005802	8	NCBITaxon:379066	Gemmatimonas aurantiaca T-27	2.28943	TRUE	environmental_samples	
ENVO:00005802	9	NCBITaxon:479431	Nakamurella multipartita DSM 44233	2.2888	TRUE	environmental_samples	
ENVO:00005802	10	NCBITaxon:525909	Acidimicrobium ferrooxidans DSM 10331	2.2869	TRUE	environmental_samples	
ENVO:00005802	11	NCBITaxon:298654	Pseudofrankia inefficax	2.28336	TRUE	environmental_samples	
ENVO:00005802	12	NCBITaxon:479433	Catenulispora acidiphila DSM 44928	2.28304	TRUE	environmental_samples	
ENVO:00005802	13	NCBITaxon:313589	Janibacter sp. HTCC2649	2.28281	TRUE	environmental_samples	
ENVO:00005802	14	NCBITaxon:471852	Thermomonospora curvata DSM 43183	2.28161	TRUE	environmental_samples	
ENVO:00005802	15	NCBITaxon:404589	Anaeromyxobacter sp. Fw109-5	2.28008	TRUE	environmental_samples	
ENVO:00005802	16	NCBITaxon:479435	Kribbella flavida DSM 17836	2.27996	TRUE	environmental_samples	
ENVO:00005802	17	NCBITaxon:749927	Amycolatopsis mediterranei U32	2.27961	TRUE	environmental_samples	
ENVO:00005802	18	NCBITaxon:401053	Terriglobus saanensis SP1PR4	2.27855	TRUE	environmental_samples	
ENVO:00005802	19	NCBITaxon:446470	Stackebrandtia nassauensis DSM 44728	2.27736	TRUE	environmental_samples	
ENVO:00005802	20	NCBITaxon:330214	Nitrospira defluvii	2.27609	TRUE	environmental_samples	
ENVO:00005802	21	NCBITaxon:392499	Rhizorhabdus wittichii RW1	2.27578	TRUE	environmental_samples	
ENVO:00005802	22	NCBITaxon:391625	Plesiocystis pacifica SIR-1	2.27408	TRUE	environmental_samples	
ENVO:00005802	23	NCBITaxon:102897	Parafrankia sp. EUN1f	2.2737	TRUE	environmental_samples	
ENVO:00005802	24	NCBITaxon:479432	Streptosporangium roseum DSM 43021	2.27271	TRUE	environmental_samples	
ENVO:00005802	25	NCBITaxon:246197	Myxococcus xanthus DK 1622	2.27242	TRUE	environmental_samples	
ENVO:00005803	1	NCBITaxon:114628	Alkaliphilus transvaalensis	4	TRUE	environmental_samples	
ENVO:00005803	2	NCBITaxon:1265	Ruminococcus flavefaciens	4	TRUE	environmental_samples	
ENVO:00005803	3	NCBITaxon:1423814	Limosilactobacillus vaginalis DSM 5837 = ATCC 49540	4	TRUE	environmental_samples	
ENVO:00005803	4	NCBITaxon:1526	[Clostridium] aminophilum	4	TRUE	environmental_samples	
ENVO:00005803	5	NCBITaxon:163	Treponema bryantii	4	TRUE	environmental_samples	
ENVO:00005803	6	NCBITaxon:164	Treponema pectinovorum	4	TRUE	environmental_samples	
ENVO:00005803	7	NCBITaxon:185008	Butyrivibrio hungatei	4	TRUE	environmental_samples	
ENVO:00005803	8	NCBITaxon:266940	Kineococcus radiotolerans SRS30216 = ATCC BAA-149	4	TRUE	environmental_samples	
ENVO:00005803	9	NCBITaxon:34085	Riemerella anatipestifer	4	TRUE	environmental_samples	
ENVO:00005803	10	NCBITaxon:36987		4	TRUE	environmental_samples	
ENVO:00005803	11	NCBITaxon:376805	Phocaeicola salanitronis	4	TRUE	environmental_samples	
ENVO:00005803	12	NCBITaxon:39946		4	TRUE	environmental_samples	
ENVO:00005803	13	NCBITaxon:40518	Ruminococcus bromii	4	TRUE	environmental_samples	
ENVO:00005803	14	NCBITaxon:411467	Pseudoflavonifractor capillosus ATCC 29799	4	TRUE	environmental_samples	
ENVO:00005803	15	NCBITaxon:411477	Parabacteroides merdae ATCC 43184	4	TRUE	environmental_samples	
ENVO:00005803	16	NCBITaxon:411479	Bacteroides uniformis ATCC 8492	4	TRUE	environmental_samples	
ENVO:00005803	17	NCBITaxon:411485	Faecalibacterium prausnitzii M21/2	4	TRUE	environmental_samples	
ENVO:00005803	18	NCBITaxon:411901	Bacteroides caccae ATCC 43185	4	TRUE	environmental_samples	
ENVO:00005803	19	NCBITaxon:42322	Eubacterium ruminantium	4	TRUE	environmental_samples	
ENVO:00005803	20	NCBITaxon:435590	Phocaeicola vulgatus ATCC 8482	4	TRUE	environmental_samples	
ENVO:00005803	21	NCBITaxon:457427	Streptomyces himastatinicus ATCC 53653	4	TRUE	environmental_samples	
ENVO:00005803	22	NCBITaxon:467210	Lachnoanaerobaculum saburreum	4	TRUE	environmental_samples	
ENVO:00005803	23	NCBITaxon:498761	Heliomicrobium modesticaldum Ice1	4	TRUE	environmental_samples	
ENVO:00005803	24	NCBITaxon:537937	Bifidobacterium longum subsp. infantis CCUG 52486	4	TRUE	environmental_samples	
ENVO:00005803	25	NCBITaxon:555088	Dethiobacter alkaliphilus AHT 1	4	TRUE	environmental_samples	
ENVO:00010483	1	NCBITaxon:234267	Candidatus Solibacter usitatus Ellin6076	2.0043	TRUE	environmental_samples	
ENVO:00010483	2	NCBITaxon:296591	Polaromonas sp. JS666	1.99202	TRUE	environmental_samples	
ENVO:00010483	3	NCBITaxon:757424	Herbaspirillum seropedicae SmR1	1.98914	TRUE	environmental_samples	
ENVO:00010483	4	NCBITaxon:330214	Nitrospira defluvii	1.98361	TRUE	environmental_samples	
ENVO:00010483	5	NCBITaxon:159087	Dechloromonas aromatica RCB	1.97901	TRUE	environmental_samples	
ENVO:00010483	6	NCBITaxon:317655	Sphingopyxis alaskensis RB2256	1.97854	TRUE	environmental_samples	
ENVO:00010483	7	NCBITaxon:926569	Anaerolinea thermophila UNI-1	1.97083	TRUE	environmental_samples	
ENVO:00010483	8	NCBITaxon:338969	Rhodoferax ferrireducens T118	1.96834	TRUE	environmental_samples	
ENVO:00010483	9	NCBITaxon:224911	Bradyrhizobium diazoefficiens USDA 110	1.96397	TRUE	environmental_samples	
ENVO:00010483	10	NCBITaxon:56	Sorangium cellulosum	1.96059	TRUE	environmental_samples	
ENVO:00010483	11	NCBITaxon:543728	Variovorax paradoxus S110	1.95938	TRUE	environmental_samples	
ENVO:00010483	12	NCBITaxon:196162	Nocardioides sp. JS614	1.95428	TRUE	environmental_samples	
ENVO:00010483	13	NCBITaxon:379066	Gemmatimonas aurantiaca T-27	1.95421	TRUE	environmental_samples	
ENVO:00010483	14	NCBITaxon:580332	Sideroxydans lithotrophicus ES-1	1.9532	TRUE	environmental_samples	
ENVO:00010483	15	NCBITaxon:418699	Azoarcus olearius	1.95212	TRUE	environmental_samples	
ENVO:00010483	16	NCBITaxon:595537	Variovorax paradoxus EPS	1.95061	TRUE	environmental_samples	
ENVO:00010483	17	NCBITaxon:469383	Conexibacter woesei DSM 14684	1.94964	TRUE	environmental_samples	
ENVO:00010483	18	NCBITaxon:264462	Bdellovibrio bacteriovorus HD100	1.94845	TRUE	environmental_samples	
ENVO:00010483	19	NCBITaxon:697282	Methylobacter tundripaludum SV96	1.94772	TRUE	environmental_samples	
ENVO:00010483	20	NCBITaxon:391597	Limnobacter sp. MED105	1.94471	TRUE	environmental_samples	
ENVO:00010483	21	NCBITaxon:502025	Haliangium ochraceum DSM 14365	1.94303	TRUE	environmental_samples	
ENVO:00010483	22	NCBITaxon:240016	Verrucomicrobium spinosum DSM 4136 = JCM 18804	1.94245	TRUE	environmental_samples	
ENVO:00010483	23	NCBITaxon:582899	Hyphomicrobium denitrificans ATCC 51888	1.94222	TRUE	environmental_samples	
ENVO:00010483	24	NCBITaxon:666681	Methylotenera versatilis 301	1.9413	TRUE	environmental_samples	
ENVO:00010483	25	NCBITaxon:402881	Parvibaculum lavamentivorans DS-1	1.94118	TRUE	environmental_samples	
ENVO:00010506	1	NCBITaxon:105841	Anaerostipes caccae	4	TRUE	environmental_samples	
ENVO:00010506	2	NCBITaxon:1264	Hominimerdicola alba	4	TRUE	environmental_samples	
ENVO:00010506	3	NCBITaxon:1265	Ruminococcus flavefaciens	4	TRUE	environmental_samples	
ENVO:00010506	4	NCBITaxon:1485	Clostridium	4	TRUE	environmental_samples	
ENVO:00010506	5	NCBITaxon:1512	[Clostridium] symbiosum	4	TRUE	environmental_samples	
ENVO:00010506	6	NCBITaxon:158847	Megamonas hypermegale	4	TRUE	environmental_samples	
ENVO:00010506	7	NCBITaxon:165179	Segatella copri	4	TRUE	environmental_samples	
ENVO:00010506	8	NCBITaxon:180311	Hespellia stercorisuis	4	TRUE	environmental_samples	
ENVO:00010506	9	NCBITaxon:180332	Robinsoniella peoriensis	4	TRUE	environmental_samples	
ENVO:00010506	10	NCBITaxon:28446	Anaerotignum propionicum	4	TRUE	environmental_samples	
ENVO:00010506	11	NCBITaxon:290054	Eubacterium coprostanoligenes	4	TRUE	environmental_samples	
ENVO:00010506	12	NCBITaxon:29364	[Clostridium] polysaccharolyticum	4	TRUE	environmental_samples	
ENVO:00010506	13	NCBITaxon:29370	Lacrimispora sphenoides	4	TRUE	environmental_samples	
ENVO:00010506	14	NCBITaxon:33038	Mediterraneibacter gnavus	4	TRUE	environmental_samples	
ENVO:00010506	15	NCBITaxon:36832	Lacrimispora aerotolerans	4	TRUE	environmental_samples	
ENVO:00010506	16	NCBITaxon:36987		4	TRUE	environmental_samples	
ENVO:00010506	17	NCBITaxon:376804	Phocaeicola barnesiae	4	TRUE	environmental_samples	
ENVO:00010506	18	NCBITaxon:376805	Phocaeicola salanitronis	4	TRUE	environmental_samples	
ENVO:00010506	19	NCBITaxon:39488	Anaerobutyricum hallii	4	TRUE	environmental_samples	
ENVO:00010506	20	NCBITaxon:39490	Eubacterium ramulus	4	TRUE	environmental_samples	
ENVO:00010506	21	NCBITaxon:397865	Barnesiella viscericola	4	TRUE	environmental_samples	
ENVO:00010506	22	NCBITaxon:40518	Ruminococcus bromii	4	TRUE	environmental_samples	
ENVO:00010506	23	NCBITaxon:411460	[Ruminococcus] torques ATCC 27756	4	TRUE	environmental_samples	
ENVO:00010506	24	NCBITaxon:411461	Dorea formicigenerans ATCC 27755	4	TRUE	environmental_samples	
ENVO:00010506	25	NCBITaxon:411467	Pseudoflavonifractor capillosus ATCC 29799	4	TRUE	environmental_samples	
ENVO:00010625	1	NCBITaxon:593135	Orbus hercynius	3	TRUE	annotated_genomes_isolates	
ENVO:00012408	1	NCBITaxon:1712410	Thermanaerosceptrum fracticalcis	4	TRUE	annotated_genomes_isolates	
ENVO:00012408	2	NCBITaxon:643562	Pseudodesulfovibrio aespoeensis Aspo-2	4	TRUE	annotated_genomes_isolates	
ENVO:00012408	3	NCBITaxon:1121920	Geothrix fermentans DSM 14018	3	TRUE	annotated_genomes_isolates	
ENVO:00012408	4	NCBITaxon:279826	Mesobacillus foraminis	3	TRUE	annotated_genomes_isolates	
ENVO:00012408	5	NCBITaxon:279828	Microcella alkaliphila	3	TRUE	annotated_genomes_isolates	
ENVO:00012408	6	NCBITaxon:667019	Curvibacter putative symbiont of Hydra magnipapillata	1.64517	TRUE	environmental_samples	
ENVO:00012408	7	NCBITaxon:391735	Verminephrobacter eiseniae EF01-2	1.6369	TRUE	environmental_samples	
ENVO:00012408	8	NCBITaxon:379731	Stutzerimonas stutzeri A1501	1.63303	TRUE	environmental_samples	
ENVO:00012408	9	NCBITaxon:159087	Dechloromonas aromatica RCB	1.62376	TRUE	environmental_samples	
ENVO:00012408	10	NCBITaxon:398578	Delftia acidovorans SPH-1	1.61107	TRUE	environmental_samples	
ENVO:00012408	11	NCBITaxon:338969	Rhodoferax ferrireducens T118	1.6066	TRUE	environmental_samples	
ENVO:00012408	12	NCBITaxon:296591	Polaromonas sp. JS666	1.60043	TRUE	environmental_samples	
ENVO:00012408	13	NCBITaxon:266264	Cupriavidus metallidurans CH34	1.59649	TRUE	environmental_samples	
ENVO:00012408	14	NCBITaxon:399739	Ectopseudomonas mendocina ymp	1.59287	TRUE	environmental_samples	
ENVO:00012408	15	NCBITaxon:216595	Pseudomonas [fluorescens] SBW25	1.59261	TRUE	environmental_samples	
ENVO:00012408	16	NCBITaxon:85643		1.58653	TRUE	environmental_samples	
ENVO:00012408	17	NCBITaxon:452662	Sphingobium indicum UT26S	1.58608	TRUE	environmental_samples	
ENVO:00012408	18	NCBITaxon:573060	Acidovorax delafieldii 2AN	1.58193	TRUE	environmental_samples	
ENVO:00012408	19	NCBITaxon:365044	Polaromonas naphthalenivorans CJ2	1.57435	TRUE	environmental_samples	
ENVO:00012408	20	NCBITaxon:340100	Bordetella petrii DSM 12804	1.57377	TRUE	environmental_samples	
ENVO:00012408	21	NCBITaxon:317655	Sphingopyxis alaskensis RB2256	1.57235	TRUE	environmental_samples	
ENVO:00012408	22	NCBITaxon:392499	Rhizorhabdus wittichii RW1	1.56388	TRUE	environmental_samples	
ENVO:00012408	23	NCBITaxon:314266	Sphingomonas sp. SKA58	1.55592	TRUE	environmental_samples	
ENVO:00012408	24	NCBITaxon:266265	Paraburkholderia xenovorans LB400	1.55232	TRUE	environmental_samples	
ENVO:00012408	25	NCBITaxon:322710	Azotobacter vinelandii DJ	1.55012	TRUE	environmental_samples	
ENVO:0010001	1	NCBITaxon:1017	Capnocytophaga gingivalis	4	TRUE	environmental_samples	
ENVO:0010001	2	NCBITaxon:103	Flectobacillus major	4	TRUE	environmental_samples	
ENVO:0010001	3	NCBITaxon:103892	Veillonella ratti	4	TRUE	environmental_samples	
ENVO:0010001	4	NCBITaxon:104245	Clavaria zollingeri	4	TRUE	environmental_samples	
ENVO:0010001	5	NCBITaxon:1045010	Escherichia coli O157	4	TRUE	environmental_samples	
ENVO:0010001	6	NCBITaxon:105612	Dellaglioa algida	4	TRUE	environmental_samples	
ENVO:0010001	7	NCBITaxon:105841	Anaerostipes caccae	4	TRUE	environmental_samples	
ENVO:0010001	8	NCBITaxon:106111	Pedobacter sp. KP-2	4	TRUE	environmental_samples	
ENVO:0010001	9	NCBITaxon:1085	Rhodospirillum rubrum	4	TRUE	environmental_samples	
ENVO:0010001	10	NCBITaxon:109328	Leptotrichia trevisanii	4	TRUE	environmental_samples	
ENVO:0010001	11	NCBITaxon:1096	Chlorobium phaeobacteroides	4	TRUE	environmental_samples	
ENVO:0010001	12	NCBITaxon:109790	Lactobacillus jensenii	4	TRUE	environmental_samples	
ENVO:0010001	13	NCBITaxon:114101	Brenneria lupinicola	4	TRUE	environmental_samples	
ENVO:0010001	14	NCBITaxon:114628	Alkaliphilus transvaalensis	4	TRUE	environmental_samples	
ENVO:0010001	15	NCBITaxon:114652	Streptococcus orisratti	4	TRUE	environmental_samples	
ENVO:0010001	16	NCBITaxon:114715	uncultured Ralstonia sp.	4	TRUE	environmental_samples	
ENVO:0010001	17	NCBITaxon:119224	Streptococcus phocae	4	TRUE	environmental_samples	
ENVO:0010001	18	NCBITaxon:121608	Paenibacillus koleovorans	4	TRUE	environmental_samples	
ENVO:0010001	19	NCBITaxon:1249	Weissella paramesenteroides	4	TRUE	environmental_samples	
ENVO:0010001	20	NCBITaxon:1254	Pediococcus acidilactici	4	TRUE	environmental_samples	
ENVO:0010001	21	NCBITaxon:1255	Pediococcus pentosaceus	4	TRUE	environmental_samples	
ENVO:0010001	22	NCBITaxon:1261	Peptostreptococcus anaerobius	4	TRUE	environmental_samples	
ENVO:0010001	23	NCBITaxon:1264	Hominimerdicola alba	4	TRUE	environmental_samples	
ENVO:0010001	24	NCBITaxon:1265	Ruminococcus flavefaciens	4	TRUE	environmental_samples	
ENVO:0010001	25	NCBITaxon:1267	Sarcina ventriculi	4	TRUE	environmental_samples	
ENVO:01000001	1	NCBITaxon:104245	Clavaria zollingeri	4	TRUE	environmental_samples	
ENVO:01000001	2	NCBITaxon:114628	Alkaliphilus transvaalensis	4	TRUE	environmental_samples	
ENVO:01000001	3	NCBITaxon:128	Isosphaera pallida	4	TRUE	environmental_samples	
ENVO:01000001	4	NCBITaxon:1399	Cytobacillus firmus	4	TRUE	environmental_samples	
ENVO:01000001	5	NCBITaxon:1402	Bacillus licheniformis	4	TRUE	environmental_samples	
ENVO:01000001	6	NCBITaxon:1406	Paenibacillus polymyxa	4	TRUE	environmental_samples	
ENVO:01000001	7	NCBITaxon:1409	Bacillus sp. (in: firmicutes)	4	TRUE	environmental_samples	
ENVO:01000001	8	NCBITaxon:1505	Paraclostridium sordellii	4	TRUE	environmental_samples	
ENVO:01000001	9	NCBITaxon:152	Zuelzera stenostrepta	4	TRUE	environmental_samples	
ENVO:01000001	10	NCBITaxon:156	Teretinema zuelzerae	4	TRUE	environmental_samples	
ENVO:01000001	11	NCBITaxon:165813	Sporanaerobacter acetigenes	4	TRUE	environmental_samples	
ENVO:01000001	12	NCBITaxon:1732	Eubacterium oxidoreducens	4	TRUE	environmental_samples	
ENVO:01000001	13	NCBITaxon:183	Leptonema illini	4	TRUE	environmental_samples	
ENVO:01000001	14	NCBITaxon:234267	Candidatus Solibacter usitatus Ellin6076	4	TRUE	environmental_samples	
ENVO:01000001	15	NCBITaxon:239	Flavobacterium sp.	4	TRUE	environmental_samples	
ENVO:01000001	16	NCBITaxon:2778071		4	TRUE	environmental_samples	
ENVO:01000001	17	NCBITaxon:28115	Porphyromonas macacae	4	TRUE	environmental_samples	
ENVO:01000001	18	NCBITaxon:28251	Ornithobacterium rhinotracheale	4	TRUE	environmental_samples	
ENVO:01000001	19	NCBITaxon:28454	Sphingobacterium multivorum	4	TRUE	environmental_samples	
ENVO:01000001	20	NCBITaxon:293	Brevundimonas diminuta	4	TRUE	environmental_samples	
ENVO:01000001	21	NCBITaxon:29345	Sedimentibacter hydroxybenzoicus	4	TRUE	environmental_samples	
ENVO:01000001	22	NCBITaxon:29355	Ruminiclostridium cellobioparum	4	TRUE	environmental_samples	
ENVO:01000001	23	NCBITaxon:301708	Clostridium sp. MLG480	4	TRUE	environmental_samples	
ENVO:01000001	24	NCBITaxon:33953	Clostridium aminobutyricum	4	TRUE	environmental_samples	
ENVO:01000001	25	NCBITaxon:34085	Riemerella anatipestifer	4	TRUE	environmental_samples	
ENVO:01000003	1	NCBITaxon:515440	Oceanotoga teriensis	4	TRUE	annotated_genomes_isolates	
ENVO:01000007	1	NCBITaxon:103892	Veillonella ratti	4	TRUE	environmental_samples	
ENVO:01000007	2	NCBITaxon:1045010	Escherichia coli O157	4	TRUE	environmental_samples	
ENVO:01000007	3	NCBITaxon:114628	Alkaliphilus transvaalensis	4	TRUE	environmental_samples	
ENVO:01000007	4	NCBITaxon:126378	Prevotella sp. RS2	4	TRUE	environmental_samples	
ENVO:01000007	5	NCBITaxon:1264	Hominimerdicola alba	4	TRUE	environmental_samples	
ENVO:01000007	6	NCBITaxon:1265	Ruminococcus flavefaciens	4	TRUE	environmental_samples	
ENVO:01000007	7	NCBITaxon:1267	Sarcina ventriculi	4	TRUE	environmental_samples	
ENVO:01000007	8	NCBITaxon:1270	Micrococcus luteus	4	TRUE	environmental_samples	
ENVO:01000007	9	NCBITaxon:1282	Staphylococcus epidermidis	4	TRUE	environmental_samples	
ENVO:01000007	10	NCBITaxon:128574	Paenibacillus brasilensis	4	TRUE	environmental_samples	
ENVO:01000007	11	NCBITaxon:1304	Streptococcus salivarius	4	TRUE	environmental_samples	
ENVO:01000007	12	NCBITaxon:1308	Streptococcus thermophilus	4	TRUE	environmental_samples	
ENVO:01000007	13	NCBITaxon:1309	Streptococcus mutans	4	TRUE	environmental_samples	
ENVO:01000007	14	NCBITaxon:1318	Streptococcus parasanguinis	4	TRUE	environmental_samples	
ENVO:01000007	15	NCBITaxon:1351	Enterococcus faecalis	4	TRUE	environmental_samples	
ENVO:01000007	16	NCBITaxon:1352	Enterococcus faecium	4	TRUE	environmental_samples	
ENVO:01000007	17	NCBITaxon:1358	Lactococcus lactis	4	TRUE	environmental_samples	
ENVO:01000007	18	NCBITaxon:1396	Bacillus cereus	4	TRUE	environmental_samples	
ENVO:01000007	19	NCBITaxon:1402	Bacillus licheniformis	4	TRUE	environmental_samples	
ENVO:01000007	20	NCBITaxon:1406	Paenibacillus polymyxa	4	TRUE	environmental_samples	
ENVO:01000007	21	NCBITaxon:1423814	Limosilactobacillus vaginalis DSM 5837 = ATCC 49540	4	TRUE	environmental_samples	
ENVO:01000007	22	NCBITaxon:1472	Paenibacillus pabuli	4	TRUE	environmental_samples	
ENVO:01000007	23	NCBITaxon:1485	Clostridium	4	TRUE	environmental_samples	
ENVO:01000007	24	NCBITaxon:1490	Paraclostridium bifermentans	4	TRUE	environmental_samples	
ENVO:01000007	25	NCBITaxon:1492	Clostridium butyricum	4	TRUE	environmental_samples	
ENVO:01000008	1	NCBITaxon:1307759	Desulfohalovibrio reitneri	4	TRUE	annotated_genomes_isolates	
ENVO:01000008	2	NCBITaxon:257501	Candidatus Chlorotrichoides halophilum	3	TRUE	annotated_genomes_isolates	
ENVO:01000008	3	NCBITaxon:644295	Methanohalobium evestigatum Z-7303	3	TRUE	annotated_genomes_isolates	
ENVO:01000009	1	NCBITaxon:1045010	Escherichia coli O157	4	TRUE	environmental_samples	
ENVO:01000009	2	NCBITaxon:114628	Alkaliphilus transvaalensis	4	TRUE	environmental_samples	
ENVO:01000009	3	NCBITaxon:1264	Hominimerdicola alba	4	TRUE	environmental_samples	
ENVO:01000009	4	NCBITaxon:1265	Ruminococcus flavefaciens	4	TRUE	environmental_samples	
ENVO:01000009	5	NCBITaxon:1267	Sarcina ventriculi	4	TRUE	environmental_samples	
ENVO:01000009	6	NCBITaxon:1363	Lactococcus garvieae	4	TRUE	environmental_samples	
ENVO:01000009	7	NCBITaxon:1423	Bacillus subtilis	4	TRUE	environmental_samples	
ENVO:01000009	8	NCBITaxon:1485	Clostridium	4	TRUE	environmental_samples	
ENVO:01000009	9	NCBITaxon:1492	Clostridium butyricum	4	TRUE	environmental_samples	
ENVO:01000009	10	NCBITaxon:1493	Clostridium cellulovorans	4	TRUE	environmental_samples	
ENVO:01000009	11	NCBITaxon:1496	Clostridioides difficile	4	TRUE	environmental_samples	
ENVO:01000009	12	NCBITaxon:1503	Gottschalkia purinilytica	4	TRUE	environmental_samples	
ENVO:01000009	13	NCBITaxon:1505	Paraclostridium sordellii	4	TRUE	environmental_samples	
ENVO:01000009	14	NCBITaxon:1512	[Clostridium] symbiosum	4	TRUE	environmental_samples	
ENVO:01000009	15	NCBITaxon:1519	Clostridium tyrobutyricum	4	TRUE	environmental_samples	
ENVO:01000009	16	NCBITaxon:1523	Clostridium longisporum	4	TRUE	environmental_samples	
ENVO:01000009	17	NCBITaxon:1527	Anaerocolumna aminovalerica	4	TRUE	environmental_samples	
ENVO:01000009	18	NCBITaxon:1537	Romboutsia lituseburensis	4	TRUE	environmental_samples	
ENVO:01000009	19	NCBITaxon:154046	Hungatella hathewayi	4	TRUE	environmental_samples	
ENVO:01000009	20	NCBITaxon:158847	Megamonas hypermegale	4	TRUE	environmental_samples	
ENVO:01000009	21	NCBITaxon:1596	Lactobacillus gasseri	4	TRUE	environmental_samples	
ENVO:01000009	22	NCBITaxon:1601	Ligilactobacillus agilis	4	TRUE	environmental_samples	
ENVO:01000009	23	NCBITaxon:1732	Eubacterium oxidoreducens	4	TRUE	environmental_samples	
ENVO:01000009	24	NCBITaxon:180332	Robinsoniella peoriensis	4	TRUE	environmental_samples	
ENVO:01000009	25	NCBITaxon:185007	Pseudobutyrivibrio xylanivorans	4	TRUE	environmental_samples	
ENVO:01000017	1	NCBITaxon:1125876	Halpernia frigidisoli	4	TRUE	annotated_genomes_isolates	
ENVO:01000017	2	NCBITaxon:1137988	Geodermatophilus tzadiensis	4	TRUE	annotated_genomes_isolates	
ENVO:01000017	3	NCBITaxon:1137989	Geodermatophilus normandii	4	TRUE	annotated_genomes_isolates	
ENVO:01000017	4	NCBITaxon:1137991	Geodermatophilus siccatus	4	TRUE	annotated_genomes_isolates	
ENVO:01000017	5	NCBITaxon:1137993	Geodermatophilus africanus	4	TRUE	annotated_genomes_isolates	
ENVO:01000017	6	NCBITaxon:1137994	Geodermatophilus saharensis	4	TRUE	annotated_genomes_isolates	
ENVO:01000017	7	NCBITaxon:1190417	Geodermatophilus telluris	4	TRUE	annotated_genomes_isolates	
ENVO:01000017	8	NCBITaxon:307120	Micromonospora marina	4	TRUE	annotated_genomes_isolates	
ENVO:01000017	9	NCBITaxon:364199	Paracoccus homiensis	4	TRUE	annotated_genomes_isolates	
ENVO:01000017	10	NCBITaxon:364200	Cognatiyoonia koreensis	4	TRUE	annotated_genomes_isolates	
ENVO:01000017	11	NCBITaxon:390807	Jannaschia pohangensis	4	TRUE	annotated_genomes_isolates	
ENVO:01000017	12	NCBITaxon:512762	Kineococcus xinjiangensis	4	TRUE	annotated_genomes_isolates	
ENVO:01000017	13	NCBITaxon:521013	Limimaricola pyoseonensis	4	TRUE	annotated_genomes_isolates	
ENVO:01000017	14	NCBITaxon:643568	Sphingomonas xinjiangensis	4	TRUE	annotated_genomes_isolates	
ENVO:01000017	15	NCBITaxon:675864	Auraticoccus monumenti	4	TRUE	annotated_genomes_isolates	
ENVO:01000017	16	NCBITaxon:688867	Ohtaekwangia koreensis	4	TRUE	annotated_genomes_isolates	
ENVO:01000017	17	NCBITaxon:688913	Ohtaekwangia kribbensis	4	TRUE	annotated_genomes_isolates	
ENVO:01000017	18	NCBITaxon:1026	Marinoscillum furvescens	3	TRUE	annotated_genomes_isolates	
ENVO:01000017	19	NCBITaxon:1121445	Desulfovibrio desulfuricans DSM 642	3	TRUE	annotated_genomes_isolates	
ENVO:01000017	20	NCBITaxon:1121481	Dyadobacter alkalitolerans DSM 23607	3	TRUE	annotated_genomes_isolates	
ENVO:01000017	21	NCBITaxon:1122611	Nonomuraea coxensis DSM 45129	3	TRUE	annotated_genomes_isolates	
ENVO:01000017	22	NCBITaxon:1122920	Paenibacillus harenae DSM 16969	3	TRUE	annotated_genomes_isolates	
ENVO:01000017	23	NCBITaxon:232991	Dulcicalothrix desertica PCC 7102	3	TRUE	annotated_genomes_isolates	
ENVO:01000017	24	NCBITaxon:364197	Pseudomonas pohangensis	3	TRUE	annotated_genomes_isolates	
ENVO:01000017	25	NCBITaxon:369723	Salinispora tropica CNB-440	3	TRUE	annotated_genomes_isolates	
ENVO:01000020	1	NCBITaxon:1111735	Sedimenticola selenatireducens DSM 17993	3	TRUE	annotated_genomes_isolates	
ENVO:01000020	2	NCBITaxon:35869		2.62585	TRUE	environmental_samples	
ENVO:01000020	3	NCBITaxon:1514140	Trieres chinensis	2.60284	TRUE	environmental_samples	
ENVO:01000020	4	NCBITaxon:2850	Phaeodactylum tricornutum	2.51206	TRUE	environmental_samples	
ENVO:01000020	5	NCBITaxon:58029		2.4839	TRUE	environmental_samples	
ENVO:01000020	6	NCBITaxon:46245		2.47124	TRUE	environmental_samples	
ENVO:01000020	7	NCBITaxon:559297	Blastomyces dermatitidis ER-3	2.45751	TRUE	environmental_samples	
ENVO:01000020	8	NCBITaxon:656912	Haemophilus influenzae RdAW	2.45487	TRUE	environmental_samples	
ENVO:01000020	9	NCBITaxon:13686		2.45359	TRUE	environmental_samples	
ENVO:01000020	10	NCBITaxon:1042646		2.45288	TRUE	environmental_samples	
ENVO:01000020	11	NCBITaxon:7222		2.44717	TRUE	environmental_samples	
ENVO:01000020	12	NCBITaxon:7244		2.43884	TRUE	environmental_samples	
ENVO:01000020	13	NCBITaxon:1314	Streptococcus pyogenes	2.43518	TRUE	environmental_samples	
ENVO:01000020	14	NCBITaxon:379508	Lodderomyces elongisporus NRRL YB-4239	2.43212	TRUE	environmental_samples	
ENVO:01000020	15	NCBITaxon:7230		2.42331	TRUE	environmental_samples	
ENVO:01000020	16	NCBITaxon:710992	uncultured Sphingobacterium sp. EB080_L08E11	2.42324	TRUE	environmental_samples	
ENVO:01000020	17	NCBITaxon:441375	Cryptosporidium muris RN66	2.42226	TRUE	environmental_samples	
ENVO:01000020	18	NCBITaxon:508771	Toxoplasma gondii ME49	2.41046	TRUE	environmental_samples	
ENVO:01000020	19	NCBITaxon:6334		2.40809	TRUE	environmental_samples	
ENVO:01000020	20	NCBITaxon:104421		2.40681	TRUE	environmental_samples	
ENVO:01000020	21	NCBITaxon:6238		2.40395	TRUE	environmental_samples	
ENVO:01000020	22	NCBITaxon:69293		2.4036	TRUE	environmental_samples	
ENVO:01000020	23	NCBITaxon:7245		2.40308	TRUE	environmental_samples	
ENVO:01000020	24	NCBITaxon:121224		2.40127	TRUE	environmental_samples	
ENVO:01000020	25	NCBITaxon:353152	Cryptosporidium parvum Iowa II	2.39997	TRUE	environmental_samples	
ENVO:01000022	1	NCBITaxon:1074	Rhodoblastus acidophilus	4	TRUE	environmental_samples	
ENVO:01000022	2	NCBITaxon:107401	Tenacibaculum maritimum	4	TRUE	environmental_samples	
ENVO:01000022	3	NCBITaxon:109263	Halothiobacillus kellyi	4	TRUE	environmental_samples	
ENVO:01000022	4	NCBITaxon:1265	Ruminococcus flavefaciens	4	TRUE	environmental_samples	
ENVO:01000022	5	NCBITaxon:1358	Lactococcus lactis	4	TRUE	environmental_samples	
ENVO:01000022	6	NCBITaxon:139239	Pyrenophora lolii	4	TRUE	environmental_samples	
ENVO:01000022	7	NCBITaxon:147	Spirochaeta aurantia	4	TRUE	environmental_samples	
ENVO:01000022	8	NCBITaxon:156	Teretinema zuelzerae	4	TRUE	environmental_samples	
ENVO:01000022	9	NCBITaxon:158192	Desulfuromonas michiganensis	4	TRUE	environmental_samples	
ENVO:01000022	10	NCBITaxon:163248		4	TRUE	environmental_samples	
ENVO:01000022	11	NCBITaxon:173	Leptospira interrogans	4	TRUE	environmental_samples	
ENVO:01000022	12	NCBITaxon:173764	Cytophaga sp. MBIC01539	4	TRUE	environmental_samples	
ENVO:01000022	13	NCBITaxon:174	Leptospira borgpetersenii	4	TRUE	environmental_samples	
ENVO:01000022	14	NCBITaxon:174302	Phaeosphaeria spartinicola	4	TRUE	environmental_samples	
ENVO:01000022	15	NCBITaxon:174315	Mycosphaerella sp. 2 SAP133	4	TRUE	environmental_samples	
ENVO:01000022	16	NCBITaxon:179326	Schizothecium curvisporum	4	TRUE	environmental_samples	
ENVO:01000022	17	NCBITaxon:1855	Frankia sp.	4	TRUE	environmental_samples	
ENVO:01000022	18	NCBITaxon:214688	Gemmata obscuriglobus UQM 2246	4	TRUE	environmental_samples	
ENVO:01000022	19	NCBITaxon:226126	Saccharomyces mikatae IFO 1815	4	TRUE	environmental_samples	
ENVO:01000022	20	NCBITaxon:234267	Candidatus Solibacter usitatus Ellin6076	4	TRUE	environmental_samples	
ENVO:01000022	21	NCBITaxon:264951	Paecilomyces variotii	4	TRUE	environmental_samples	
ENVO:01000022	22	NCBITaxon:266940	Kineococcus radiotolerans SRS30216 = ATCC BAA-149	4	TRUE	environmental_samples	
ENVO:01000022	23	NCBITaxon:28122	Fibrobacter intestinalis	4	TRUE	environmental_samples	
ENVO:01000022	24	NCBITaxon:28251	Ornithobacterium rhinotracheale	4	TRUE	environmental_samples	
ENVO:01000022	25	NCBITaxon:28262	Thermodesulfovibrio yellowstonii	4	TRUE	environmental_samples	
ENVO:01000024	1	NCBITaxon:406538		2.20432	TRUE	environmental_samples	
ENVO:01000024	2	NCBITaxon:406540		2.17394	TRUE	environmental_samples	
ENVO:01000024	3	NCBITaxon:29158		2.16893	TRUE	environmental_samples	
ENVO:01000024	4	NCBITaxon:6613		2.1433	TRUE	environmental_samples	
ENVO:01000024	5	NCBITaxon:106299		2.07661	TRUE	environmental_samples	
ENVO:01000024	6	NCBITaxon:80836		2.06162	TRUE	environmental_samples	
ENVO:01000024	7	NCBITaxon:69293		2.05815	TRUE	environmental_samples	
ENVO:01000024	8	NCBITaxon:8090		2.05671	TRUE	environmental_samples	
ENVO:01000024	9	NCBITaxon:7425		2.04995	TRUE	environmental_samples	
ENVO:01000024	10	NCBITaxon:104421		2.04463	TRUE	environmental_samples	
ENVO:01000024	11	NCBITaxon:29159		2.0441	TRUE	environmental_samples	
ENVO:01000024	12	NCBITaxon:6182		2.04167	TRUE	environmental_samples	
ENVO:01000024	13	NCBITaxon:9258		2.03944	TRUE	environmental_samples	
ENVO:01000024	14	NCBITaxon:483417		2.03916	TRUE	environmental_samples	
ENVO:01000024	15	NCBITaxon:7029		2.03837	TRUE	environmental_samples	
ENVO:01000024	16	NCBITaxon:6334		2.03537	TRUE	environmental_samples	
ENVO:01000024	17	NCBITaxon:13686		2.03214	TRUE	environmental_samples	
ENVO:01000024	18	NCBITaxon:6238		2.03124	TRUE	environmental_samples	
ENVO:01000024	19	NCBITaxon:7070		2.0301	TRUE	environmental_samples	
ENVO:01000024	20	NCBITaxon:483407		2.02846	TRUE	environmental_samples	
ENVO:01000024	21	NCBITaxon:7159		2.02247	TRUE	environmental_samples	
ENVO:01000024	22	NCBITaxon:9031		2.02238	TRUE	environmental_samples	
ENVO:01000024	23	NCBITaxon:121224		2.02225	TRUE	environmental_samples	
ENVO:01000024	24	NCBITaxon:6945		2.02187	TRUE	environmental_samples	
ENVO:01000024	25	NCBITaxon:7209		2.02176	TRUE	environmental_samples	
ENVO:01000026	1	NCBITaxon:36987		4	TRUE	environmental_samples	
ENVO:01000026	2	NCBITaxon:777	Coxiella burnetii	4	TRUE	environmental_samples	
ENVO:01000029	1	NCBITaxon:102	Polaribacter glomeratus	4	TRUE	environmental_samples	
ENVO:01000029	2	NCBITaxon:1026	Marinoscillum furvescens	4	TRUE	environmental_samples	
ENVO:01000029	3	NCBITaxon:103810	Riemerella columbina	4	TRUE	environmental_samples	
ENVO:01000029	4	NCBITaxon:104268	Tenacibaculum mesophilum	4	TRUE	environmental_samples	
ENVO:01000029	5	NCBITaxon:104270	Tenacibaculum ovolyticum	4	TRUE	environmental_samples	
ENVO:01000029	6	NCBITaxon:1044	Erythrobacter longus	4	TRUE	environmental_samples	
ENVO:01000029	7	NCBITaxon:107401	Tenacibaculum maritimum	4	TRUE	environmental_samples	
ENVO:01000029	8	NCBITaxon:1080	Afifella marina	4	TRUE	environmental_samples	
ENVO:01000029	9	NCBITaxon:111770	Thiothrix fructosivorans	4	TRUE	environmental_samples	
ENVO:01000029	10	NCBITaxon:114404	Edaphosphingomonas fennica	4	TRUE	environmental_samples	
ENVO:01000029	11	NCBITaxon:119542	Roseinatronobacter bogoriensis	4	TRUE	environmental_samples	
ENVO:01000029	12	NCBITaxon:1217908	Octadecabacter antarcticus	4	TRUE	environmental_samples	
ENVO:01000029	13	NCBITaxon:133924	Leisingera methylohalidivorans	4	TRUE	environmental_samples	
ENVO:01000029	14	NCBITaxon:143224	Zobellia uliginosa	4	TRUE	environmental_samples	
ENVO:01000029	15	NCBITaxon:150120	Shewanella livingstonensis	4	TRUE	environmental_samples	
ENVO:01000029	16	NCBITaxon:158080		4	TRUE	environmental_samples	
ENVO:01000029	17	NCBITaxon:161528	Erythrobacter sp. SD-21	4	TRUE	environmental_samples	
ENVO:01000029	18	NCBITaxon:168275	Psychromonas arctica	4	TRUE	environmental_samples	
ENVO:01000029	19	NCBITaxon:172371	Alloalcanivorax venustensis	4	TRUE	environmental_samples	
ENVO:01000029	20	NCBITaxon:173737	Cytophaga sp. MBIC04693	4	TRUE	environmental_samples	
ENVO:01000029	21	NCBITaxon:184914	Corallococcus coralloides	4	TRUE	environmental_samples	
ENVO:01000029	22	NCBITaxon:188906	Jannaschia helgolandensis	4	TRUE	environmental_samples	
ENVO:01000029	23	NCBITaxon:188908	Oleispira antarctica	4	TRUE	environmental_samples	
ENVO:01000029	24	NCBITaxon:197222	Paraglaciecola mesophila	4	TRUE	environmental_samples	
ENVO:01000029	25	NCBITaxon:200617	Rhodopseudomonas julia	4	TRUE	environmental_samples	
ENVO:01000034	1	NCBITaxon:172371	Alloalcanivorax venustensis	1.13534	TRUE	environmental_samples	
ENVO:01000034	2	NCBITaxon:285271	uncultured Methylophaga sp.	1.09698	TRUE	environmental_samples	
ENVO:01000034	3	NCBITaxon:31910	Halovibrio variabilis	1.01834	TRUE	environmental_samples	
ENVO:01000034	4	NCBITaxon:550984	Halomonas sp. HAL1	1.00788	TRUE	environmental_samples	
ENVO:01000036	1	NCBITaxon:134561	Nocardioides sp. C190	4	TRUE	environmental_samples	
ENVO:01000036	2	NCBITaxon:1394	[Bacillus] caldolyticus	4	TRUE	environmental_samples	
ENVO:01000036	3	NCBITaxon:266940	Kineococcus radiotolerans SRS30216 = ATCC BAA-149	4	TRUE	environmental_samples	
ENVO:01000036	4	NCBITaxon:28122	Fibrobacter intestinalis	4	TRUE	environmental_samples	
ENVO:01000036	5	NCBITaxon:34085	Riemerella anatipestifer	4	TRUE	environmental_samples	
ENVO:01000036	6	NCBITaxon:36987		4	TRUE	environmental_samples	
ENVO:01000036	7	NCBITaxon:379066	Gemmatimonas aurantiaca T-27	4	TRUE	environmental_samples	
ENVO:01000036	8	NCBITaxon:411477	Parabacteroides merdae ATCC 43184	4	TRUE	environmental_samples	
ENVO:01000036	9	NCBITaxon:411485	Faecalibacterium prausnitzii M21/2	4	TRUE	environmental_samples	
ENVO:01000036	10	NCBITaxon:428125	[Clostridium] leptum DSM 753	4	TRUE	environmental_samples	
ENVO:01000036	11	NCBITaxon:435805	Flavobacterium sp. '80m A1 isolate-4'	4	TRUE	environmental_samples	
ENVO:01000036	12	NCBITaxon:445336	Clostridium botulinum Bf	4	TRUE	environmental_samples	
ENVO:01000036	13	NCBITaxon:457427	Streptomyces himastatinicus ATCC 53653	4	TRUE	environmental_samples	
ENVO:01000036	14	NCBITaxon:498761	Heliomicrobium modesticaldum Ice1	4	TRUE	environmental_samples	
ENVO:01000036	15	NCBITaxon:537937	Bifidobacterium longum subsp. infantis CCUG 52486	4	TRUE	environmental_samples	
ENVO:01000036	16	NCBITaxon:562	Escherichia coli	4	TRUE	environmental_samples	
ENVO:01000036	17	NCBITaxon:56780	Syntrophus aciditrophicus SB	4	TRUE	environmental_samples	
ENVO:01000036	18	NCBITaxon:57043	Microbacterium esteraromaticum	4	TRUE	environmental_samples	
ENVO:01000036	19	NCBITaxon:583355	Coraliomargarita akajimensis DSM 45221	4	TRUE	environmental_samples	
ENVO:01000036	20	NCBITaxon:585501	Oribacterium sinus F0268	4	TRUE	environmental_samples	
ENVO:01000036	21	NCBITaxon:595452	Rhodopirellula sp. SM49	4	TRUE	environmental_samples	
ENVO:01000036	22	NCBITaxon:595453	Rhodopirellula sp. SM50	4	TRUE	environmental_samples	
ENVO:01000036	23	NCBITaxon:641112	Ruminococcus flavefaciens FD-1	4	TRUE	environmental_samples	
ENVO:01000036	24	NCBITaxon:655815	Zunongwangia profunda SM-A87	4	TRUE	environmental_samples	
ENVO:01000036	25	NCBITaxon:70993	Flexithrix dorotheae	4	TRUE	environmental_samples	
ENVO:01000042	1	NCBITaxon:163503	Chaetoceros socialis	4	TRUE	environmental_samples	
ENVO:01000042	2	NCBITaxon:3068		4	TRUE	environmental_samples	
ENVO:01000042	3	NCBITaxon:463189		4	TRUE	environmental_samples	
ENVO:01000042	4	NCBITaxon:6669		4	TRUE	environmental_samples	
ENVO:01000042	5	NCBITaxon:777	Coxiella burnetii	4	TRUE	environmental_samples	
ENVO:01000042	6	NCBITaxon:84301		4	TRUE	environmental_samples	
ENVO:01000042	7	NCBITaxon:9541		4	TRUE	environmental_samples	
ENVO:01000046	1	NCBITaxon:1041152	Sinorhizobium meliloti CIAM1775	4	TRUE	annotated_genomes_isolates	
ENVO:01000046	2	NCBITaxon:1121007	Aquimarina muelleri DSM 19832	4	TRUE	annotated_genomes_isolates	
ENVO:01000046	3	NCBITaxon:1121912	Gelidibacter mesophilus DSM 14095	4	TRUE	annotated_genomes_isolates	
ENVO:01000046	4	NCBITaxon:1122137	Kordiimonas gwangyangensis DSM 19435 = JCM 12864	4	TRUE	annotated_genomes_isolates	
ENVO:01000046	5	NCBITaxon:1123053	Rheinheimera baltica DSM 14885	4	TRUE	annotated_genomes_isolates	
ENVO:01000046	6	NCBITaxon:1123251	Serinicoccus marinus DSM 15273	4	TRUE	annotated_genomes_isolates	
ENVO:01000046	7	NCBITaxon:1123270	Novosphingopyxis baekryungensis DSM 16222	4	TRUE	annotated_genomes_isolates	
ENVO:01000046	8	NCBITaxon:59919	Prochlorococcus marinus subsp. pastoris str. CCMP1986	4	TRUE	annotated_genomes_isolates	
ENVO:01000046	9	NCBITaxon:693972	Shewanella baltica OS625	4	TRUE	annotated_genomes_isolates	
ENVO:01000047	1	NCBITaxon:163503	Chaetoceros socialis	4	TRUE	environmental_samples	
ENVO:01000047	2	NCBITaxon:168759		4	TRUE	environmental_samples	
ENVO:01000047	3	NCBITaxon:184592		4	TRUE	environmental_samples	
ENVO:01000047	4	NCBITaxon:216773	Corethron hystrix	4	TRUE	environmental_samples	
ENVO:01000047	5	NCBITaxon:29805		4	TRUE	environmental_samples	
ENVO:01000047	6	NCBITaxon:40464	Peniophora nuda	4	TRUE	environmental_samples	
ENVO:01000047	7	NCBITaxon:463619	Chaetoceros sp. ArM0005	4	TRUE	environmental_samples	
ENVO:01000047	8	NCBITaxon:55518	Magnetospirillum gryphiswaldense	4	TRUE	environmental_samples	
ENVO:01000047	9	NCBITaxon:595452	Rhodopirellula sp. SM49	4	TRUE	environmental_samples	
ENVO:01000047	10	NCBITaxon:60480	Shewanella sp. MR-4	4	TRUE	environmental_samples	
ENVO:01000047	11	NCBITaxon:6334		4	TRUE	environmental_samples	
ENVO:01000047	12	NCBITaxon:69773	Penicillium glabrum	4	TRUE	environmental_samples	
ENVO:01000047	13	NCBITaxon:76775	Malassezia restricta	4	TRUE	environmental_samples	
ENVO:01000047	14	NCBITaxon:1104565	Candidatus Poribacteria bacterium WGA-4CII	3	TRUE	annotated_genomes_isolates	
ENVO:01000047	15	NCBITaxon:1104566	Candidatus Poribacteria bacterium WGA-3G	3	TRUE	annotated_genomes_isolates	
ENVO:01000047	16	NCBITaxon:1121404	Desulfogranum mediterraneum DSM 13871	3	TRUE	annotated_genomes_isolates	
ENVO:01000047	17	NCBITaxon:1121937	Haliea salexigens DSM 19537	3	TRUE	annotated_genomes_isolates	
ENVO:01000047	18	NCBITaxon:1121948	Hellea balneolensis DSM 19091	3	TRUE	annotated_genomes_isolates	
ENVO:01000047	19	NCBITaxon:1122607	Nisaea denitrificans DSM 18348	3	TRUE	annotated_genomes_isolates	
ENVO:01000047	20	NCBITaxon:2183988	Idiomarina sp. 017G	3	TRUE	annotated_genomes_isolates	
ENVO:01000047	21	NCBITaxon:2738566	Aerophobetes bacterium JGI MDM2 B17-2-N21	3	TRUE	annotated_genomes_isolates	
ENVO:01000047	22	NCBITaxon:419481	Desulfoluna spongiiphila	3	TRUE	annotated_genomes_isolates	
ENVO:01000047	23	NCBITaxon:472759	Nitrosococcus halophilus Nc 4	3	TRUE	annotated_genomes_isolates|environmental_samples	
ENVO:01000047	24	NCBITaxon:491952	Marinomonas posidonica IVIA-Po-181	3	TRUE	annotated_genomes_isolates	
ENVO:01000047	25	NCBITaxon:59919	Prochlorococcus marinus subsp. pastoris str. CCMP1986	3	TRUE	annotated_genomes_isolates	
ENVO:01000048	1	NCBITaxon:1007122	Fidelibacterota bacterium SCGC AAA160-C11	4	TRUE	annotated_genomes_isolates	
ENVO:01000048	2	NCBITaxon:1007124	Fidelibacterota bacterium SCGC AAA076-M08	4	TRUE	annotated_genomes_isolates	
ENVO:01000048	3	NCBITaxon:1052844	Parcubacteria bacterium SCGC AAA040-L21	4	TRUE	annotated_genomes_isolates	
ENVO:01000048	4	NCBITaxon:1052848	Parcubacteria bacterium SCGC AAA036-E14	4	TRUE	annotated_genomes_isolates	
ENVO:01000048	5	NCBITaxon:1104584	Candidatus Altimarinus pacificus JGI 0000068-E11	4	TRUE	annotated_genomes_isolates	
ENVO:01000048	6	NCBITaxon:1120954	Aestuariimicrobium kwangyangense DSM 21549	4	TRUE	annotated_genomes_isolates	
ENVO:01000048	7	NCBITaxon:1121324	Peptoclostridium litorale DSM 5388	4	TRUE	annotated_genomes_isolates	
ENVO:01000048	8	NCBITaxon:1121374	Dasania marina DSM 21967	4	TRUE	annotated_genomes_isolates	
ENVO:01000048	9	NCBITaxon:1121398	Desulfobacter vibrioformis DSM 8776	4	TRUE	annotated_genomes_isolates	
ENVO:01000048	10	NCBITaxon:1121404	Desulfogranum mediterraneum DSM 13871	4	TRUE	annotated_genomes_isolates	
ENVO:01000048	11	NCBITaxon:1121409	Desulfofustis glycolicus DSM 9705	4	TRUE	annotated_genomes_isolates	
ENVO:01000048	12	NCBITaxon:1121442	Desulfobaculum bizertense DSM 18034	4	TRUE	annotated_genomes_isolates	
ENVO:01000048	13	NCBITaxon:1121476	Dethiosulfatibacter aminovorans DSM 17477	4	TRUE	annotated_genomes_isolates	
ENVO:01000048	14	NCBITaxon:1121479	Pseudodonghicola xiamenensis DSM 18339	4	TRUE	annotated_genomes_isolates	
ENVO:01000048	15	NCBITaxon:1121890	Flavobacterium frigidarium DSM 17623	4	TRUE	annotated_genomes_isolates	
ENVO:01000048	16	NCBITaxon:1121922	Brumicola pallidula DSM 14239 = ACAM 615	4	TRUE	annotated_genomes_isolates	
ENVO:01000048	17	NCBITaxon:1121932	Christiangramia portivictoriae DSM 23547	4	TRUE	annotated_genomes_isolates	
ENVO:01000048	18	NCBITaxon:1122124	Pseudidiomarina sediminum DSM 21906	4	TRUE	annotated_genomes_isolates	
ENVO:01000048	19	NCBITaxon:1122134	Kangiella aquimarina DSM 16071	4	TRUE	annotated_genomes_isolates	
ENVO:01000048	20	NCBITaxon:1122192	Marinactinospora thermotolerans DSM 45154	4	TRUE	annotated_genomes_isolates	
ENVO:01000048	21	NCBITaxon:1122238	Microbacterium indicum DSM 19969	4	TRUE	annotated_genomes_isolates	
ENVO:01000048	22	NCBITaxon:1122614	Pseudooceanicola nanhaiensis DSM 18065	4	TRUE	annotated_genomes_isolates	
ENVO:01000048	23	NCBITaxon:1122933	Paraoerskovia marina DSM 21750	4	TRUE	annotated_genomes_isolates	
ENVO:01000048	24	NCBITaxon:1123032	Psychrilyobacter atlanticus DSM 19335	4	TRUE	annotated_genomes_isolates	
ENVO:01000048	25	NCBITaxon:1123244	Sciscionella marina DSM 45152	4	TRUE	annotated_genomes_isolates	
ENVO:01000049	1	NCBITaxon:46745		2.43853	TRUE	environmental_samples	
ENVO:01000049	2	NCBITaxon:48499		2.43688	TRUE	environmental_samples	
ENVO:01000049	3	NCBITaxon:214988		2.14973	TRUE	environmental_samples	
ENVO:01000049	4	NCBITaxon:3068		2.00812	TRUE	environmental_samples	
ENVO:01000049	5	NCBITaxon:247026		1.99061	TRUE	environmental_samples	
ENVO:01000049	6	NCBITaxon:7070		1.985	TRUE	environmental_samples	
ENVO:01000049	7	NCBITaxon:610380		1.98408	TRUE	environmental_samples	
ENVO:01000049	8	NCBITaxon:639602		1.9818	TRUE	environmental_samples	
ENVO:01000049	9	NCBITaxon:6334		1.98028	TRUE	environmental_samples	
ENVO:01000049	10	NCBITaxon:7209		1.97932	TRUE	environmental_samples	
ENVO:01000049	11	NCBITaxon:104421		1.97901	TRUE	environmental_samples	
ENVO:01000049	12	NCBITaxon:6087		1.97824	TRUE	environmental_samples	
ENVO:01000049	13	NCBITaxon:7425		1.97395	TRUE	environmental_samples	
ENVO:01000049	14	NCBITaxon:8090		1.96917	TRUE	environmental_samples	
ENVO:01000049	15	NCBITaxon:7029		1.96237	TRUE	environmental_samples	
ENVO:01000049	16	NCBITaxon:6669		1.96221	TRUE	environmental_samples	
ENVO:01000049	17	NCBITaxon:13686		1.95994	TRUE	environmental_samples	
ENVO:01000049	18	NCBITaxon:69293		1.95887	TRUE	environmental_samples	
ENVO:01000049	19	NCBITaxon:7668		1.95433	TRUE	environmental_samples	
ENVO:01000049	20	NCBITaxon:6238		1.95287	TRUE	environmental_samples	
ENVO:01000049	21	NCBITaxon:45351		1.94339	TRUE	environmental_samples	
ENVO:01000049	22	NCBITaxon:7719		1.94118	TRUE	environmental_samples	
ENVO:01000049	23	NCBITaxon:39947		1.93796	TRUE	environmental_samples	
ENVO:01000049	24	NCBITaxon:46687		1.92414	TRUE	environmental_samples	
ENVO:01000049	25	NCBITaxon:46704		1.92414	TRUE	environmental_samples	
ENVO:01000059	1	NCBITaxon:406538		2.20432	TRUE	environmental_samples	
ENVO:01000059	2	NCBITaxon:406540		2.17394	TRUE	environmental_samples	
ENVO:01000059	3	NCBITaxon:29158		2.11412	TRUE	environmental_samples	
ENVO:01000059	4	NCBITaxon:80836		2.06162	TRUE	environmental_samples	
ENVO:01000059	5	NCBITaxon:6613		2.05413	TRUE	environmental_samples	
ENVO:01000059	6	NCBITaxon:483417		2.03916	TRUE	environmental_samples	
ENVO:01000059	7	NCBITaxon:483407		2.02846	TRUE	environmental_samples	
ENVO:01000059	8	NCBITaxon:106299		1.9682	TRUE	environmental_samples	
ENVO:01000059	9	NCBITaxon:311986		1.96348	TRUE	environmental_samples	
ENVO:01000059	10	NCBITaxon:29159		1.93938	TRUE	environmental_samples	
ENVO:01000059	11	NCBITaxon:118381		1.91825	TRUE	environmental_samples	
ENVO:01000059	12	NCBITaxon:1051067		1.86987	TRUE	environmental_samples	
ENVO:01000059	13	NCBITaxon:13016		1.84708	TRUE	environmental_samples	
ENVO:01000059	14	NCBITaxon:6182		1.81928	TRUE	environmental_samples	
ENVO:01000059	15	NCBITaxon:244477		1.81893	TRUE	environmental_samples	
ENVO:01000059	16	NCBITaxon:244466		1.81189	TRUE	environmental_samples	
ENVO:01000059	17	NCBITaxon:13725	Thiocystis violacea	1.78631	TRUE	environmental_samples	
ENVO:01000059	18	NCBITaxon:29017		1.77458	TRUE	environmental_samples	
ENVO:01000059	19	NCBITaxon:247006		1.77393	TRUE	environmental_samples	
ENVO:01000059	20	NCBITaxon:7654		1.76176	TRUE	environmental_samples	
ENVO:01000059	21	NCBITaxon:244472		1.72514	TRUE	environmental_samples	
ENVO:01000059	22	NCBITaxon:6604		1.72117	TRUE	environmental_samples	
ENVO:01000059	23	NCBITaxon:13686		1.70446	TRUE	environmental_samples	
ENVO:01000059	24	NCBITaxon:6239		1.67765	TRUE	environmental_samples	
ENVO:01000059	25	NCBITaxon:7070		1.66886	TRUE	environmental_samples	
ENVO:01000066	1	NCBITaxon:1089550	Salisaeta longa DSM 21114	3	TRUE	annotated_genomes_isolates	
ENVO:01000066	2	NCBITaxon:35743	Halorubrum sodomense	3	TRUE	annotated_genomes_isolates	
ENVO:01000066	3	NCBITaxon:43928	Halobaculum gomorrense	3	TRUE	annotated_genomes_isolates	
ENVO:01000066	4	NCBITaxon:748449	Halobacteroides halobius DSM 5150	3	TRUE	annotated_genomes_isolates	
ENVO:01000073	1	NCBITaxon:3068		1.25361	TRUE	environmental_samples	
ENVO:01000073	2	NCBITaxon:313595	Psychroflexus torquis ATCC 700755	1.21786	TRUE	environmental_samples	
ENVO:01000073	3	NCBITaxon:583355	Coraliomargarita akajimensis DSM 45221	1.20943	TRUE	environmental_samples	
ENVO:01000073	4	NCBITaxon:1774373	Alteromonas mediterranea DE	1.18439	TRUE	environmental_samples	
ENVO:01000073	5	NCBITaxon:756272	Rubinisphaera brasiliensis DSM 5305	1.17323	TRUE	environmental_samples	
ENVO:01000073	6	NCBITaxon:243090	Rhodopirellula baltica SH 1	1.16981	TRUE	environmental_samples	
ENVO:01000073	7	NCBITaxon:391625	Plesiocystis pacifica SIR-1	1.16936	TRUE	environmental_samples	
ENVO:01000073	8	NCBITaxon:378806	Allostigmatella aurantiaca DW4/3-1	1.16206	TRUE	environmental_samples	
ENVO:01000073	9	NCBITaxon:240016	Verrucomicrobium spinosum DSM 4136 = JCM 18804	1.16006	TRUE	environmental_samples	
ENVO:01000073	10	NCBITaxon:313606	Microscilla marina ATCC 23134	1.14785	TRUE	environmental_samples	
ENVO:01000073	11	NCBITaxon:7955		1.14252	TRUE	environmental_samples	
ENVO:01000073	12	NCBITaxon:225937	Marinobacter adhaerens HP15	1.14129	TRUE	environmental_samples	
ENVO:01000073	13	NCBITaxon:575540	Isosphaera pallida ATCC 43644	1.14089	TRUE	environmental_samples	
ENVO:01000073	14	NCBITaxon:530564	Pirellula staleyi DSM 6068	1.1404	TRUE	environmental_samples	
ENVO:01000073	15	NCBITaxon:502025	Haliangium ochraceum DSM 14365	1.14017	TRUE	environmental_samples	
ENVO:01000073	16	NCBITaxon:216432	Croceibacter atlanticus HTCC2559	1.13789	TRUE	environmental_samples	
ENVO:01000073	17	NCBITaxon:314230	Blastopirellula marina DSM 3645	1.1376	TRUE	environmental_samples	
ENVO:01000073	18	NCBITaxon:443152	Marinobacter algicola DG893	1.13642	TRUE	environmental_samples	
ENVO:01000073	19	NCBITaxon:504472	Spirosoma linguale DSM 74	1.13631	TRUE	environmental_samples	
ENVO:01000073	20	NCBITaxon:344747	Gimesia maris DSM 8797	1.13582	TRUE	environmental_samples	
ENVO:01000073	21	NCBITaxon:3055		1.1344	TRUE	environmental_samples	
ENVO:01000073	22	NCBITaxon:518766	Rhodothermus marinus DSM 4252	1.13038	TRUE	environmental_samples	
ENVO:01000073	23	NCBITaxon:313603	Maribacter sp. HTCC2170	1.12969	TRUE	environmental_samples	
ENVO:01000073	24	NCBITaxon:45351		1.12937	TRUE	environmental_samples	
ENVO:01000073	25	NCBITaxon:264462	Bdellovibrio bacteriovorus HD100	1.12391	TRUE	environmental_samples	
ENVO:01000105	1	NCBITaxon:1026	Marinoscillum furvescens	4	TRUE	environmental_samples	
ENVO:01000105	2	NCBITaxon:1027	Microscilla marina	4	TRUE	environmental_samples	
ENVO:01000105	3	NCBITaxon:104268	Tenacibaculum mesophilum	4	TRUE	environmental_samples	
ENVO:01000105	4	NCBITaxon:104270	Tenacibaculum ovolyticum	4	TRUE	environmental_samples	
ENVO:01000105	5	NCBITaxon:106592	Ensifer adhaerens	4	TRUE	environmental_samples	
ENVO:01000105	6	NCBITaxon:114847	uncultured Roseobacter sp.	4	TRUE	environmental_samples	
ENVO:01000105	7	NCBITaxon:119542	Roseinatronobacter bogoriensis	4	TRUE	environmental_samples	
ENVO:01000105	8	NCBITaxon:135740	Paracoccus kondratievae	4	TRUE	environmental_samples	
ENVO:01000105	9	NCBITaxon:138073	Candidatus Regiella insecticola	4	TRUE	environmental_samples	
ENVO:01000105	10	NCBITaxon:1423814	Limosilactobacillus vaginalis DSM 5837 = ATCC 49540	4	TRUE	environmental_samples	
ENVO:01000105	11	NCBITaxon:170673	Vibrio kanaloae	4	TRUE	environmental_samples	
ENVO:01000105	12	NCBITaxon:173735	Cytophaga sp. MBIC04684	4	TRUE	environmental_samples	
ENVO:01000105	13	NCBITaxon:173737	Cytophaga sp. MBIC04693	4	TRUE	environmental_samples	
ENVO:01000105	14	NCBITaxon:173738	Cytophaga sp. I-762	4	TRUE	environmental_samples	
ENVO:01000105	15	NCBITaxon:173740	Cytophaga sp. T-588	4	TRUE	environmental_samples	
ENVO:01000105	16	NCBITaxon:188906	Jannaschia helgolandensis	4	TRUE	environmental_samples	
ENVO:01000105	17	NCBITaxon:191535	Flavobacterium sp. BH12.12	4	TRUE	environmental_samples	
ENVO:01000105	18	NCBITaxon:199684	uncultured Bradyrhizobium sp.	4	TRUE	environmental_samples	
ENVO:01000105	19	NCBITaxon:203122	Saccharophagus degradans 2-40	4	TRUE	environmental_samples	
ENVO:01000105	20	NCBITaxon:209897	Afifella pfennigii	4	TRUE	environmental_samples	
ENVO:01000105	21	NCBITaxon:212667	Vibrio fortis	4	TRUE	environmental_samples	
ENVO:01000105	22	NCBITaxon:236101	Marinobacter sp. DG979	4	TRUE	environmental_samples	
ENVO:01000105	23	NCBITaxon:2371	Xylella fastidiosa	4	TRUE	environmental_samples	
ENVO:01000105	24	NCBITaxon:238	Elizabethkingia meningoseptica	4	TRUE	environmental_samples	
ENVO:01000105	25	NCBITaxon:244592	Roseibium alexandrii DFL-11	4	TRUE	environmental_samples	
ENVO:01000118	1	NCBITaxon:406538		2.20432	TRUE	environmental_samples	
ENVO:01000118	2	NCBITaxon:406540		2.17394	TRUE	environmental_samples	
ENVO:01000118	3	NCBITaxon:29158		2.11412	TRUE	environmental_samples	
ENVO:01000118	4	NCBITaxon:80836		2.06162	TRUE	environmental_samples	
ENVO:01000118	5	NCBITaxon:6613		2.05413	TRUE	environmental_samples	
ENVO:01000118	6	NCBITaxon:483417		2.03916	TRUE	environmental_samples	
ENVO:01000118	7	NCBITaxon:483407		2.02846	TRUE	environmental_samples	
ENVO:01000118	8	NCBITaxon:106299		1.9682	TRUE	environmental_samples	
ENVO:01000118	9	NCBITaxon:311986		1.96348	TRUE	environmental_samples	
ENVO:01000118	10	NCBITaxon:29159		1.93938	TRUE	environmental_samples	
ENVO:01000118	11	NCBITaxon:118381		1.91825	TRUE	environmental_samples	
ENVO:01000118	12	NCBITaxon:1051067		1.86987	TRUE	environmental_samples	
ENVO:01000118	13	NCBITaxon:13016		1.84708	TRUE	environmental_samples	
ENVO:01000118	14	NCBITaxon:6182		1.81928	TRUE	environmental_samples	
ENVO:01000118	15	NCBITaxon:244477		1.81893	TRUE	environmental_samples	
ENVO:01000118	16	NCBITaxon:244466		1.81189	TRUE	environmental_samples	
ENVO:01000118	17	NCBITaxon:13725	Thiocystis violacea	1.78631	TRUE	environmental_samples	
ENVO:01000118	18	NCBITaxon:29017		1.77458	TRUE	environmental_samples	
ENVO:01000118	19	NCBITaxon:247006		1.77393	TRUE	environmental_samples	
ENVO:01000118	20	NCBITaxon:7654		1.76176	TRUE	environmental_samples	
ENVO:01000118	21	NCBITaxon:244472		1.72514	TRUE	environmental_samples	
ENVO:01000118	22	NCBITaxon:6604		1.72117	TRUE	environmental_samples	
ENVO:01000118	23	NCBITaxon:13686		1.70446	TRUE	environmental_samples	
ENVO:01000118	24	NCBITaxon:6239		1.67765	TRUE	environmental_samples	
ENVO:01000118	25	NCBITaxon:7070		1.66886	TRUE	environmental_samples	
ENVO:01000119	1	NCBITaxon:416261	Desulfobacterium sp. AK1	1.25528	TRUE	environmental_samples	
ENVO:01000119	2	NCBITaxon:480	Moraxella catarrhalis	1.18764	TRUE	environmental_samples	
ENVO:01000119	3	NCBITaxon:115781	Desulfotignum balticum	1.15774	TRUE	environmental_samples	
ENVO:01000119	4	NCBITaxon:591019	Staphylothermus hellenicus DSM 12710	1.10687	TRUE	environmental_samples	
ENVO:01000119	5	NCBITaxon:2850	Phaeodactylum tricornutum	1.09561	TRUE	environmental_samples	
ENVO:01000119	6	NCBITaxon:146919	Salinibacter ruber	1.08599	TRUE	environmental_samples	
ENVO:01000119	7	NCBITaxon:897	Desulfococcus multivorans	1.08449	TRUE	environmental_samples	
ENVO:01000119	8	NCBITaxon:644281	Methanocaldococcus sp. FS406-22	1.08234	TRUE	environmental_samples	
ENVO:01000119	9	NCBITaxon:399550	Staphylothermus marinus F1	1.07878	TRUE	environmental_samples	
ENVO:01000119	10	NCBITaxon:35816	Pelobacter acidigallici	1.0724	TRUE	environmental_samples	
ENVO:01000119	11	NCBITaxon:1058	Thiocapsa roseopersicina	1.06958	TRUE	environmental_samples	
ENVO:01000119	12	NCBITaxon:633148	Thermosphaera aggregans DSM 11486	1.06812	TRUE	environmental_samples	
ENVO:01000119	13	NCBITaxon:723627	uncultured Rhizobium sp. HF0500_35F13	1.06536	TRUE	environmental_samples	
ENVO:01000119	14	NCBITaxon:243232	Methanocaldococcus jannaschii DSM 2661	1.06313	TRUE	environmental_samples	
ENVO:01000119	15	NCBITaxon:579137	Methanocaldococcus vulcanius M7	1.06278	TRUE	environmental_samples	
ENVO:01000119	16	NCBITaxon:765177	Desulfurococcus mucosus DSM 2162	1.06104	TRUE	environmental_samples	
ENVO:01000119	17	NCBITaxon:340102	Pyrobaculum arsenaticum DSM 13514	1.05584	TRUE	environmental_samples	
ENVO:01000119	18	NCBITaxon:862908	Halobacteriovorax marinus SJ	1.05114	TRUE	environmental_samples	
ENVO:01000119	19	NCBITaxon:480224	Chloroflexus aurantiacus Y-400-fl	1.04827	TRUE	environmental_samples	
ENVO:01000119	20	NCBITaxon:444157	Pyrobaculum neutrophilum V24Sta	1.04659	TRUE	environmental_samples	
ENVO:01000119	21	NCBITaxon:155537	Microscilla sp. PRE1	1.0438	TRUE	environmental_samples	
ENVO:01000119	22	NCBITaxon:246969	Thermococcus sp. AM4	1.0379	TRUE	environmental_samples	
ENVO:01000119	23	NCBITaxon:593117	Thermococcus gammatolerans EJ3	1.03537	TRUE	environmental_samples	
ENVO:01000119	24	NCBITaxon:647113	Methanothermococcus okinawensis IH1	1.03422	TRUE	environmental_samples	
ENVO:01000119	25	NCBITaxon:666510	Acidilobus saccharovorans 345-15	1.03384	TRUE	environmental_samples	
ENVO:01000127	1	NCBITaxon:563043	Thermococcus sp. AMT11	1.41893	TRUE	environmental_samples	
ENVO:01000127	2	NCBITaxon:110163	Thermococcus aggregans	1.41113	TRUE	environmental_samples	
ENVO:01000127	3	NCBITaxon:523849	Thermococcus litoralis DSM 5473	1.38108	TRUE	environmental_samples	
ENVO:01000127	4	NCBITaxon:2264	Thermococcus celer	1.27512	TRUE	environmental_samples	
ENVO:01000127	5	NCBITaxon:46539	Thermococcus hydrothermalis	1.27316	TRUE	environmental_samples	
ENVO:01000127	6	NCBITaxon:119394	Pseudothermotoga thermarum	1.2557	TRUE	environmental_samples	
ENVO:01000127	7	NCBITaxon:758583	Thermococcus sp. 26/2	1.25033	TRUE	environmental_samples	
ENVO:01000127	8	NCBITaxon:442956	Thermococcus sp. HJ21	1.2131	TRUE	environmental_samples	
ENVO:01000127	9	NCBITaxon:212050	Fervidobacterium sp. YNP	1.19016	TRUE	environmental_samples	
ENVO:01000127	10	NCBITaxon:688066	Kosmotoga arenicorallina	1.17684	TRUE	environmental_samples	
ENVO:01000127	11	NCBITaxon:2423	Fervidobacterium islandicum	1.14658	TRUE	environmental_samples	
ENVO:01000127	12	NCBITaxon:29292	Pyrococcus abyssi	1.13534	TRUE	environmental_samples	
ENVO:01000127	13	NCBITaxon:53953	Pyrococcus horikoshii	1.11219	TRUE	environmental_samples	
ENVO:01000127	14	NCBITaxon:129958	Carboxydothermus hydrogenoformans	1.07809	TRUE	environmental_samples	
ENVO:01000127	15	NCBITaxon:28223	Desulfobacula toluolica	1.06014	TRUE	environmental_samples	
ENVO:01000127	16	NCBITaxon:703612	Bacillus spizizenii ATCC 6633 = JCM 2499	1.02593	TRUE	environmental_samples	
ENVO:01000127	17	NCBITaxon:126741	Thermotoga sp. KOL6	1.00189	TRUE	environmental_samples	
ENVO:01000129	1	NCBITaxon:36987		4	TRUE	environmental_samples	
ENVO:01000134	1	NCBITaxon:1919273	Candidatus Desulfopertinax cowenii	3	TRUE	annotated_genomes_isolates	
ENVO:01000134	2	NCBITaxon:1934978	Acinetobacter sp. JdFR-94	3	TRUE	annotated_genomes_isolates	
ENVO:01000134	3	NCBITaxon:1934979	Archaeoglobus sp. JdFR-22	3	TRUE	annotated_genomes_isolates	
ENVO:01000134	4	NCBITaxon:1934980	Archaeoglobus sp. JdFR-23	3	TRUE	annotated_genomes_isolates	
ENVO:01000134	5	NCBITaxon:1934981	Archaeoglobus sp. JdFR-24	3	TRUE	annotated_genomes_isolates	
ENVO:01000134	6	NCBITaxon:1934982	Archaeoglobus sp. JdFR-25	3	TRUE	annotated_genomes_isolates	
ENVO:01000134	7	NCBITaxon:1934983	Archaeoglobus sp. JdFR-26	3	TRUE	annotated_genomes_isolates	
ENVO:01000134	8	NCBITaxon:1934984	Archaeoglobus sp. JdFR-27	3	TRUE	annotated_genomes_isolates	
ENVO:01000134	9	NCBITaxon:1934985	Archaeoglobus sp. JdFR-28	3	TRUE	annotated_genomes_isolates	
ENVO:01000134	10	NCBITaxon:1934986	Archaeoglobus sp. JdFR-29	3	TRUE	annotated_genomes_isolates	
ENVO:01000134	11	NCBITaxon:1934987	Archaeoglobus sp. JdFR-30	3	TRUE	annotated_genomes_isolates	
ENVO:01000134	12	NCBITaxon:1934988	Archaeoglobus sp. JdFR-31	3	TRUE	annotated_genomes_isolates	
ENVO:01000134	13	NCBITaxon:1934989	Archaeoglobus sp. JdFR-32	3	TRUE	annotated_genomes_isolates	
ENVO:01000134	14	NCBITaxon:1934990	Archaeoglobus sp. JdFR-33	3	TRUE	annotated_genomes_isolates	
ENVO:01000134	15	NCBITaxon:1934991	Archaeoglobus sp. JdFR-34	3	TRUE	annotated_genomes_isolates	
ENVO:01000134	16	NCBITaxon:1934992	Archaeoglobus sp. JdFR-35	3	TRUE	annotated_genomes_isolates	
ENVO:01000134	17	NCBITaxon:1934993	Archaeoglobus sp. JdFR-36	3	TRUE	annotated_genomes_isolates	
ENVO:01000134	18	NCBITaxon:1934994	Archaeoglobus sp. JdFR-37	3	TRUE	annotated_genomes_isolates	
ENVO:01000134	19	NCBITaxon:1934995	Archaeoglobus sp. JdFR-38	3	TRUE	annotated_genomes_isolates	
ENVO:01000134	20	NCBITaxon:1934996	Archaeoglobus sp. JdFR-39	3	TRUE	annotated_genomes_isolates	
ENVO:01000134	21	NCBITaxon:1934997	Archaeoglobus sp. JdFR-40	3	TRUE	annotated_genomes_isolates	
ENVO:01000134	22	NCBITaxon:1934998	Archaeoglobus sp. JdFR-41	3	TRUE	annotated_genomes_isolates	
ENVO:01000134	23	NCBITaxon:1934999	Cupriavidus sp. JdFR-90	3	TRUE	annotated_genomes_isolates	
ENVO:01000134	24	NCBITaxon:1935000	Pseudomonas sp. JdFR-91	3	TRUE	annotated_genomes_isolates	
ENVO:01000134	25	NCBITaxon:1935001	Pseudomonas sp. JdFR-92	3	TRUE	annotated_genomes_isolates	
ENVO:01000143	1	NCBITaxon:102	Polaribacter glomeratus	4	TRUE	environmental_samples	
ENVO:01000143	2	NCBITaxon:1026	Marinoscillum furvescens	4	TRUE	environmental_samples	
ENVO:01000143	3	NCBITaxon:103810	Riemerella columbina	4	TRUE	environmental_samples	
ENVO:01000143	4	NCBITaxon:104268	Tenacibaculum mesophilum	4	TRUE	environmental_samples	
ENVO:01000143	5	NCBITaxon:104270	Tenacibaculum ovolyticum	4	TRUE	environmental_samples	
ENVO:01000143	6	NCBITaxon:1044	Erythrobacter longus	4	TRUE	environmental_samples	
ENVO:01000143	7	NCBITaxon:107401	Tenacibaculum maritimum	4	TRUE	environmental_samples	
ENVO:01000143	8	NCBITaxon:1080	Afifella marina	4	TRUE	environmental_samples	
ENVO:01000143	9	NCBITaxon:111770	Thiothrix fructosivorans	4	TRUE	environmental_samples	
ENVO:01000143	10	NCBITaxon:114404	Edaphosphingomonas fennica	4	TRUE	environmental_samples	
ENVO:01000143	11	NCBITaxon:119542	Roseinatronobacter bogoriensis	4	TRUE	environmental_samples	
ENVO:01000143	12	NCBITaxon:1217908	Octadecabacter antarcticus	4	TRUE	environmental_samples	
ENVO:01000143	13	NCBITaxon:133924	Leisingera methylohalidivorans	4	TRUE	environmental_samples	
ENVO:01000143	14	NCBITaxon:143224	Zobellia uliginosa	4	TRUE	environmental_samples	
ENVO:01000143	15	NCBITaxon:150120	Shewanella livingstonensis	4	TRUE	environmental_samples	
ENVO:01000143	16	NCBITaxon:158080		4	TRUE	environmental_samples	
ENVO:01000143	17	NCBITaxon:161528	Erythrobacter sp. SD-21	4	TRUE	environmental_samples	
ENVO:01000143	18	NCBITaxon:168275	Psychromonas arctica	4	TRUE	environmental_samples	
ENVO:01000143	19	NCBITaxon:172371	Alloalcanivorax venustensis	4	TRUE	environmental_samples	
ENVO:01000143	20	NCBITaxon:173737	Cytophaga sp. MBIC04693	4	TRUE	environmental_samples	
ENVO:01000143	21	NCBITaxon:184914	Corallococcus coralloides	4	TRUE	environmental_samples	
ENVO:01000143	22	NCBITaxon:188906	Jannaschia helgolandensis	4	TRUE	environmental_samples	
ENVO:01000143	23	NCBITaxon:188908	Oleispira antarctica	4	TRUE	environmental_samples	
ENVO:01000143	24	NCBITaxon:197222	Paraglaciecola mesophila	4	TRUE	environmental_samples	
ENVO:01000143	25	NCBITaxon:200617	Rhodopseudomonas julia	4	TRUE	environmental_samples	
ENVO:01000155	1	NCBITaxon:10116		4	TRUE	environmental_samples	
ENVO:01000155	2	NCBITaxon:1017	Capnocytophaga gingivalis	4	TRUE	environmental_samples	
ENVO:01000155	3	NCBITaxon:1018	Capnocytophaga ochracea	4	TRUE	environmental_samples	
ENVO:01000155	4	NCBITaxon:1026	Marinoscillum furvescens	4	TRUE	environmental_samples	
ENVO:01000155	5	NCBITaxon:1027	Microscilla marina	4	TRUE	environmental_samples	
ENVO:01000155	6	NCBITaxon:103	Flectobacillus major	4	TRUE	environmental_samples	
ENVO:01000155	7	NCBITaxon:104176	Oscillochloris trichoides	4	TRUE	environmental_samples	
ENVO:01000155	8	NCBITaxon:104245	Clavaria zollingeri	4	TRUE	environmental_samples	
ENVO:01000155	9	NCBITaxon:104268	Tenacibaculum mesophilum	4	TRUE	environmental_samples	
ENVO:01000155	10	NCBITaxon:104269	Tenacibaculum amylolyticum	4	TRUE	environmental_samples	
ENVO:01000155	11	NCBITaxon:104270	Tenacibaculum ovolyticum	4	TRUE	environmental_samples	
ENVO:01000155	12	NCBITaxon:1045010	Escherichia coli O157	4	TRUE	environmental_samples	
ENVO:01000155	13	NCBITaxon:1053	Halorhodospira halophila	4	TRUE	environmental_samples	
ENVO:01000155	14	NCBITaxon:106111	Pedobacter sp. KP-2	4	TRUE	environmental_samples	
ENVO:01000155	15	NCBITaxon:1063	Cereibacter sphaeroides	4	TRUE	environmental_samples	
ENVO:01000155	16	NCBITaxon:106592	Ensifer adhaerens	4	TRUE	environmental_samples	
ENVO:01000155	17	NCBITaxon:107401	Tenacibaculum maritimum	4	TRUE	environmental_samples	
ENVO:01000155	18	NCBITaxon:1085	Rhodospirillum rubrum	4	TRUE	environmental_samples	
ENVO:01000155	19	NCBITaxon:108901	Porodaedalea pini	4	TRUE	environmental_samples	
ENVO:01000155	20	NCBITaxon:108943		4	TRUE	environmental_samples	
ENVO:01000155	21	NCBITaxon:109263	Halothiobacillus kellyi	4	TRUE	environmental_samples	
ENVO:01000155	22	NCBITaxon:109635	Flammula alnicola	4	TRUE	environmental_samples	
ENVO:01000155	23	NCBITaxon:111105	Porphyromonas gulae	4	TRUE	environmental_samples	
ENVO:01000155	24	NCBITaxon:111805	Actinomadura pelletieri	4	TRUE	environmental_samples	
ENVO:01000155	25	NCBITaxon:114628	Alkaliphilus transvaalensis	4	TRUE	environmental_samples	
ENVO:01000156	1	NCBITaxon:10116		4	TRUE	environmental_samples	
ENVO:01000156	2	NCBITaxon:101510	Rhodococcus jostii RHA1	4	TRUE	environmental_samples	
ENVO:01000156	3	NCBITaxon:1026	Marinoscillum furvescens	4	TRUE	environmental_samples	
ENVO:01000156	4	NCBITaxon:1027	Microscilla marina	4	TRUE	environmental_samples	
ENVO:01000156	5	NCBITaxon:103732	Lentzea flava	4	TRUE	environmental_samples	
ENVO:01000156	6	NCBITaxon:104176	Oscillochloris trichoides	4	TRUE	environmental_samples	
ENVO:01000156	7	NCBITaxon:104268	Tenacibaculum mesophilum	4	TRUE	environmental_samples	
ENVO:01000156	8	NCBITaxon:1044	Erythrobacter longus	4	TRUE	environmental_samples	
ENVO:01000156	9	NCBITaxon:1045010	Escherichia coli O157	4	TRUE	environmental_samples	
ENVO:01000156	10	NCBITaxon:1053	Halorhodospira halophila	4	TRUE	environmental_samples	
ENVO:01000156	11	NCBITaxon:106111	Pedobacter sp. KP-2	4	TRUE	environmental_samples	
ENVO:01000156	12	NCBITaxon:106129		4	TRUE	environmental_samples	
ENVO:01000156	13	NCBITaxon:1063	Cereibacter sphaeroides	4	TRUE	environmental_samples	
ENVO:01000156	14	NCBITaxon:106592	Ensifer adhaerens	4	TRUE	environmental_samples	
ENVO:01000156	15	NCBITaxon:107401	Tenacibaculum maritimum	4	TRUE	environmental_samples	
ENVO:01000156	16	NCBITaxon:108028	Arcanobacterium pluranimalium	4	TRUE	environmental_samples	
ENVO:01000156	17	NCBITaxon:1085	Rhodospirillum rubrum	4	TRUE	environmental_samples	
ENVO:01000156	18	NCBITaxon:108579		4	TRUE	environmental_samples	
ENVO:01000156	19	NCBITaxon:109263	Halothiobacillus kellyi	4	TRUE	environmental_samples	
ENVO:01000156	20	NCBITaxon:110319	Nocardioides sp. CF8	4	TRUE	environmental_samples	
ENVO:01000156	21	NCBITaxon:110637	Arthrobacter sp. 'SMCC G980'	4	TRUE	environmental_samples	
ENVO:01000156	22	NCBITaxon:110638	Arthrobacter sp. 'SMCC G982'	4	TRUE	environmental_samples	
ENVO:01000156	23	NCBITaxon:110639	Arthrobacter sp. 'SMCC G984'	4	TRUE	environmental_samples	
ENVO:01000156	24	NCBITaxon:110645	Arthrobacter sp. 'SMCC ZAT004'	4	TRUE	environmental_samples	
ENVO:01000156	25	NCBITaxon:110648	Arthrobacter sp. 'SMCC ZAT013'	4	TRUE	environmental_samples	
ENVO:01000157	1	NCBITaxon:9031		1.54329	TRUE	environmental_samples	
ENVO:01000157	2	NCBITaxon:349106	Psychrobacter sp. PRwf-1	1.52765	TRUE	environmental_samples	
ENVO:01000157	3	NCBITaxon:1227	Nitrosococcus	1.52057	TRUE	environmental_samples	
ENVO:01000157	4	NCBITaxon:638300	Cardiobacterium hominis ATCC 15826	1.51927	TRUE	environmental_samples	
ENVO:01000157	5	NCBITaxon:392423	Hydrogenivirga sp. 128-5-R1-1	1.51683	TRUE	environmental_samples	
ENVO:01000157	6	NCBITaxon:608538	Hydrogenobacter thermophilus TK-6	1.51444	TRUE	environmental_samples	
ENVO:01000157	7	NCBITaxon:104421		1.51256	TRUE	environmental_samples	
ENVO:01000157	8	NCBITaxon:313590	Dokdonia sp. MED134	1.51207	TRUE	environmental_samples	
ENVO:01000157	9	NCBITaxon:553217	Enhydrobacter aerosaccus SK60	1.51191	TRUE	environmental_samples	
ENVO:01000157	10	NCBITaxon:1218948	Pseudomonas fluorescens PF5	1.51112	TRUE	environmental_samples	
ENVO:01000157	11	NCBITaxon:205922	Pseudomonas fluorescens Pf0-1	1.51037	TRUE	environmental_samples	
ENVO:01000157	12	NCBITaxon:316056	Rhodopseudomonas palustris BisB18	1.50839	TRUE	environmental_samples	
ENVO:01000157	13	NCBITaxon:633149	Brevundimonas subvibrioides ATCC 15264	1.50839	TRUE	environmental_samples	
ENVO:01000157	14	NCBITaxon:504728	Meiothermus ruber DSM 1279	1.50792	TRUE	environmental_samples	
ENVO:01000157	15	NCBITaxon:270374	Marinobacter sp. ELB17	1.50689	TRUE	environmental_samples	
ENVO:01000157	16	NCBITaxon:391038	Paraburkholderia phymatum STM815	1.50612	TRUE	environmental_samples	
ENVO:01000157	17	NCBITaxon:578458	Schizophyllum commune H4-8	1.50535	TRUE	environmental_samples	
ENVO:01000157	18	NCBITaxon:391589	Roseobacter sp. GAI101	1.50525	TRUE	environmental_samples	
ENVO:01000157	19	NCBITaxon:509190	Caulobacter segnis ATCC 21756	1.50461	TRUE	environmental_samples	
ENVO:01000157	20	NCBITaxon:45351		1.50438	TRUE	environmental_samples	
ENVO:01000157	21	NCBITaxon:744980	Roseibium sp. TrichSKD4	1.50427	TRUE	environmental_samples	
ENVO:01000157	22	NCBITaxon:224911	Bradyrhizobium diazoefficiens USDA 110	1.50297	TRUE	environmental_samples	
ENVO:01000157	23	NCBITaxon:472759	Nitrosococcus halophilus Nc 4	1.50203	TRUE	environmental_samples	
ENVO:01000157	24	NCBITaxon:391600	Brevundimonas sp. BAL3	1.50056	TRUE	environmental_samples	
ENVO:01000157	25	NCBITaxon:865938	Weeksella virosa DSM 16922	1.49968	TRUE	environmental_samples	
ENVO:01000159	1	NCBITaxon:1017	Capnocytophaga gingivalis	4	TRUE	environmental_samples	
ENVO:01000159	2	NCBITaxon:1018	Capnocytophaga ochracea	4	TRUE	environmental_samples	
ENVO:01000159	3	NCBITaxon:102170	Desulfallas sapomandens	4	TRUE	environmental_samples	
ENVO:01000159	4	NCBITaxon:1026	Marinoscillum furvescens	4	TRUE	environmental_samples	
ENVO:01000159	5	NCBITaxon:1027	Microscilla marina	4	TRUE	environmental_samples	
ENVO:01000159	6	NCBITaxon:102886	Streptococcus didelphis	4	TRUE	environmental_samples	
ENVO:01000159	7	NCBITaxon:103	Flectobacillus major	4	TRUE	environmental_samples	
ENVO:01000159	8	NCBITaxon:103810	Riemerella columbina	4	TRUE	environmental_samples	
ENVO:01000159	9	NCBITaxon:103836	Thermopolyspora flexuosa	4	TRUE	environmental_samples	
ENVO:01000159	10	NCBITaxon:103892	Veillonella ratti	4	TRUE	environmental_samples	
ENVO:01000159	11	NCBITaxon:104176	Oscillochloris trichoides	4	TRUE	environmental_samples	
ENVO:01000159	12	NCBITaxon:104245	Clavaria zollingeri	4	TRUE	environmental_samples	
ENVO:01000159	13	NCBITaxon:104268	Tenacibaculum mesophilum	4	TRUE	environmental_samples	
ENVO:01000159	14	NCBITaxon:104269	Tenacibaculum amylolyticum	4	TRUE	environmental_samples	
ENVO:01000159	15	NCBITaxon:104270	Tenacibaculum ovolyticum	4	TRUE	environmental_samples	
ENVO:01000159	16	NCBITaxon:1045010	Escherichia coli O157	4	TRUE	environmental_samples	
ENVO:01000159	17	NCBITaxon:1053	Halorhodospira halophila	4	TRUE	environmental_samples	
ENVO:01000159	18	NCBITaxon:105612	Dellaglioa algida	4	TRUE	environmental_samples	
ENVO:01000159	19	NCBITaxon:105841	Anaerostipes caccae	4	TRUE	environmental_samples	
ENVO:01000159	20	NCBITaxon:106111	Pedobacter sp. KP-2	4	TRUE	environmental_samples	
ENVO:01000159	21	NCBITaxon:1063	Cereibacter sphaeroides	4	TRUE	environmental_samples	
ENVO:01000159	22	NCBITaxon:106370	Frankia casuarinae	4	TRUE	environmental_samples	
ENVO:01000159	23	NCBITaxon:106592	Ensifer adhaerens	4	TRUE	environmental_samples	
ENVO:01000159	24	NCBITaxon:107401	Tenacibaculum maritimum	4	TRUE	environmental_samples	
ENVO:01000159	25	NCBITaxon:1085	Rhodospirillum rubrum	4	TRUE	environmental_samples	
ENVO:01000161	1	NCBITaxon:6047		1.3019	TRUE	environmental_samples	
ENVO:01000161	2	NCBITaxon:31330		1.29935	TRUE	environmental_samples	
ENVO:01000161	3	NCBITaxon:75883		1.20849	TRUE	environmental_samples	
ENVO:01000161	4	NCBITaxon:55567		1.19316	TRUE	environmental_samples	
ENVO:01000173	1	NCBITaxon:58621	Desulfovibrio intestinalis	1.52414	TRUE	environmental_samples	
ENVO:01000173	2	NCBITaxon:217139	uncultured Acetobacterium sp.	1.47393	TRUE	environmental_samples	
ENVO:01000173	3	NCBITaxon:167968	uncultured Desulfovibrio sp.	1.40288	TRUE	environmental_samples	
ENVO:01000173	4	NCBITaxon:118062	Methanobacterium congolense	1.39195	TRUE	environmental_samples	
ENVO:01000173	5	NCBITaxon:52690	Acetobacterium carbinolicum	1.35813	TRUE	environmental_samples	
ENVO:01000173	6	NCBITaxon:477666	Bacteroides graminisolvens	1.31539	TRUE	environmental_samples	
ENVO:01000173	7	NCBITaxon:93718	Acetobacterium psammolithicum	1.29016	TRUE	environmental_samples	
ENVO:01000173	8	NCBITaxon:78178		1.20942	TRUE	environmental_samples	
ENVO:01000173	9	NCBITaxon:844	Wolinella succinogenes	1.20507	TRUE	environmental_samples	
ENVO:01000173	10	NCBITaxon:56698	Sulfurospirillum arsenophilum	1.19947	TRUE	environmental_samples	
ENVO:01000173	11	NCBITaxon:65553	Sulfurospirillum deleyianum	1.18151	TRUE	environmental_samples	
ENVO:01000173	12	NCBITaxon:162176	Azospira sp. KJ	1.14789	TRUE	environmental_samples	
ENVO:01000173	13	NCBITaxon:42252	Nitratidesulfovibrio termitidis	1.12414	TRUE	environmental_samples	
ENVO:01000173	14	NCBITaxon:1061	Rhodobacter capsulatus	1.12258	TRUE	environmental_samples	
ENVO:01000173	15	NCBITaxon:82116	Acetobacterium malicum subsp. dehalogenans	1.0956	TRUE	environmental_samples	
ENVO:01000173	16	NCBITaxon:33952	Acetobacterium woodii	1.08606	TRUE	environmental_samples	
ENVO:01000173	17	NCBITaxon:59277	Methanobacterium subterraneum	1.06564	TRUE	environmental_samples	
ENVO:01000173	18	NCBITaxon:398000	Campylobacter jejuni subsp. jejuni CG8486	1.03936	TRUE	environmental_samples	
ENVO:01000173	19	NCBITaxon:2171	Methanobacterium palustre	1.03669	TRUE	environmental_samples	
ENVO:01000173	20	NCBITaxon:39441	Methanobrevibacter arboriphilus	1.02824	TRUE	environmental_samples	
ENVO:01000173	21	NCBITaxon:28232	Geobacter metallireducens	1.01983	TRUE	environmental_samples	
ENVO:01000173	22	NCBITaxon:145262	Methanothermobacter thermautotrophicus	1.01819	TRUE	environmental_samples	
ENVO:01000173	23	NCBITaxon:217	Helicobacter mustelae	1.01736	TRUE	environmental_samples	
ENVO:01000173	24	NCBITaxon:490098	Methanobacterium flexile	1.0019	TRUE	environmental_samples	
ENVO:01000174	1	NCBITaxon:106370	Frankia casuarinae	3	TRUE	annotated_genomes_isolates	
ENVO:01000174	2	NCBITaxon:1080187	Cupriavidus sp. UYPR2.512	3	TRUE	annotated_genomes_isolates	
ENVO:01000174	3	NCBITaxon:1123282	Sporobacter termitidis DSM 10068	3	TRUE	annotated_genomes_isolates	
ENVO:01000174	4	NCBITaxon:1124743	Kribbella soli	3	TRUE	annotated_genomes_isolates	
ENVO:01000174	5	NCBITaxon:137545	Serratia quinivorans	3	TRUE	annotated_genomes_isolates	
ENVO:01000174	6	NCBITaxon:1449352	Streptacidiphilus albus JL83	3	TRUE	annotated_genomes_isolates	
ENVO:01000174	7	NCBITaxon:1560005	Edaphobacter dinghuensis	3	TRUE	annotated_genomes_isolates	
ENVO:01000174	8	NCBITaxon:1882747	Afipia sp. GAS231	3	TRUE	annotated_genomes_isolates	
ENVO:01000174	9	NCBITaxon:1882748	Beijerinckia sp. 28-YEA-48	3	TRUE	annotated_genomes_isolates	
ENVO:01000174	10	NCBITaxon:1882749	Opitutus sp. GAS368	3	TRUE	annotated_genomes_isolates	
ENVO:01000174	11	NCBITaxon:1882750	Burkholderia sp. GAS332	3	TRUE	annotated_genomes_isolates	
ENVO:01000174	12	NCBITaxon:1882751	Paenibacillus sp. GP183	3	TRUE	annotated_genomes_isolates	
ENVO:01000174	13	NCBITaxon:1882752	Singulisphaera sp. GP187	3	TRUE	annotated_genomes_isolates	
ENVO:01000174	14	NCBITaxon:1882830	Rhizobiales bacterium GAS191	3	TRUE	annotated_genomes_isolates	
ENVO:01000174	15	NCBITaxon:1882831	Verrucomicrobium sp. GAS474	3	TRUE	annotated_genomes_isolates	
ENVO:01000174	16	NCBITaxon:1882832	Paenibacillaceae bacterium GAS479	3	TRUE	annotated_genomes_isolates	
ENVO:01000174	17	NCBITaxon:1882833	Frankineae bacterium MT45	3	TRUE	annotated_genomes_isolates	
ENVO:01000174	18	NCBITaxon:1884310	Rhodobacter sp. 24-YEA-8	3	TRUE	annotated_genomes_isolates	
ENVO:01000174	19	NCBITaxon:1884351	Rhizobiales bacterium GAS188	3	TRUE	annotated_genomes_isolates	
ENVO:01000174	20	NCBITaxon:1884352	Rhizobiales bacterium GAS113	3	TRUE	annotated_genomes_isolates	
ENVO:01000174	21	NCBITaxon:1898979	Sodalis sp. (in: enterobacteria)	3	TRUE	annotated_genomes_isolates	
ENVO:01000174	22	NCBITaxon:1907575	Jatrophihabitans sp. GAS493	3	TRUE	annotated_genomes_isolates	
ENVO:01000174	23	NCBITaxon:1938747	Burkholderia sp. JKS000303	3	TRUE	annotated_genomes_isolates	
ENVO:01000174	24	NCBITaxon:2485170	Granulicella sp. GAS466	3	TRUE	annotated_genomes_isolates	
ENVO:01000174	25	NCBITaxon:255045	Bradyrhizobium canariense	3	TRUE	annotated_genomes_isolates	
ENVO:01000177	1	NCBITaxon:1298856	Sphingomonas sp. URHD0007	4	TRUE	annotated_genomes_isolates	
ENVO:01000177	2	NCBITaxon:1298857	Candidatus Solirubrobacter pratensis	4	TRUE	annotated_genomes_isolates	
ENVO:01000177	3	NCBITaxon:1298859		4	TRUE	annotated_genomes_isolates	
ENVO:01000177	4	NCBITaxon:1298861	Lysobacter sp. URHA0019	4	TRUE	annotated_genomes_isolates	
ENVO:01000177	5	NCBITaxon:1298862	Caulobacter sp. URHA0033	4	TRUE	annotated_genomes_isolates	
ENVO:01000177	6	NCBITaxon:1298863	Marmoricola sp. URHB0036	4	TRUE	annotated_genomes_isolates	
ENVO:01000177	7	NCBITaxon:1298864	Mycobacterium sp. URHD0025	4	TRUE	annotated_genomes_isolates	
ENVO:01000177	8	NCBITaxon:1302620	Cellulomonas sp. URHD0024	4	TRUE	annotated_genomes_isolates	
ENVO:01000177	9	NCBITaxon:1380346	Streptomyces sp. URHA0041	4	TRUE	annotated_genomes_isolates	
ENVO:01000177	10	NCBITaxon:1380349	Micromonosporaceae bacterium URHE0070	4	TRUE	annotated_genomes_isolates	
ENVO:01000177	11	NCBITaxon:1380350	Mesorhizobium sp. URHC0008	4	TRUE	annotated_genomes_isolates	
ENVO:01000177	12	NCBITaxon:1380351	Mesorhizobium sp. URHB0007	4	TRUE	annotated_genomes_isolates	
ENVO:01000177	13	NCBITaxon:1380352	Bradyrhizobium sp. URHA0013	4	TRUE	annotated_genomes_isolates	
ENVO:01000177	14	NCBITaxon:1380353	Geodermatophilaceae bacterium URHB0062	4	TRUE	annotated_genomes_isolates	
ENVO:01000177	15	NCBITaxon:1380354	Cellulomonas sp. URHE0023	4	TRUE	annotated_genomes_isolates	
ENVO:01000177	16	NCBITaxon:1380355	Bradyrhizobium sp. URHD0069	4	TRUE	annotated_genomes_isolates	
ENVO:01000177	17	NCBITaxon:1380356	Blastococcus sp. URHD0036	4	TRUE	annotated_genomes_isolates	
ENVO:01000177	18	NCBITaxon:1380357	Rhodospirillales bacterium URHD0017	4	TRUE	annotated_genomes_isolates	
ENVO:01000177	19	NCBITaxon:1380385	Variovorax sp. URHB0020	4	TRUE	annotated_genomes_isolates	
ENVO:01000177	20	NCBITaxon:1380386	Mycobacterium sp. URHB0044	4	TRUE	annotated_genomes_isolates	
ENVO:01000177	21	NCBITaxon:1380388	Nocardioides sp. URHA0032	4	TRUE	annotated_genomes_isolates	
ENVO:01000177	22	NCBITaxon:1380389	Sphingomonas sp. URHD0057	4	TRUE	annotated_genomes_isolates	
ENVO:01000177	23	NCBITaxon:1380392	Nocardioides sp. URHA0020	4	TRUE	annotated_genomes_isolates	
ENVO:01000177	24	NCBITaxon:341202	Williamsia faeni	4	TRUE	annotated_genomes_isolates	
ENVO:01000177	25	NCBITaxon:710696	Intrasporangium calvum DSM 43043	1.25349	TRUE	environmental_samples	
ENVO:01000179	1	NCBITaxon:100052	Delitschia winteri	4	TRUE	environmental_samples	
ENVO:01000179	2	NCBITaxon:1026	Marinoscillum furvescens	4	TRUE	environmental_samples	
ENVO:01000179	3	NCBITaxon:1027	Microscilla marina	4	TRUE	environmental_samples	
ENVO:01000179	4	NCBITaxon:103	Flectobacillus major	4	TRUE	environmental_samples	
ENVO:01000179	5	NCBITaxon:104176	Oscillochloris trichoides	4	TRUE	environmental_samples	
ENVO:01000179	6	NCBITaxon:104245	Clavaria zollingeri	4	TRUE	environmental_samples	
ENVO:01000179	7	NCBITaxon:104336	Microbacterium foliorum	4	TRUE	environmental_samples	
ENVO:01000179	8	NCBITaxon:106370	Frankia casuarinae	4	TRUE	environmental_samples	
ENVO:01000179	9	NCBITaxon:110319	Nocardioides sp. CF8	4	TRUE	environmental_samples	
ENVO:01000179	10	NCBITaxon:110933	Leifsonia poae	4	TRUE	environmental_samples	
ENVO:01000179	11	NCBITaxon:1121377	Deinococcus apachensis DSM 19763	4	TRUE	annotated_genomes_isolates	
ENVO:01000179	12	NCBITaxon:112235	Neochlamydia hartmannellae	4	TRUE	environmental_samples	
ENVO:01000179	13	NCBITaxon:112248	Seinonella peptonophila	4	TRUE	environmental_samples	
ENVO:01000179	14	NCBITaxon:1123226	Saccharibacillus kuerlensis DSM 22868	4	TRUE	annotated_genomes_isolates	
ENVO:01000179	15	NCBITaxon:1123233	Salinicoccus luteus DSM 17002	4	TRUE	annotated_genomes_isolates	
ENVO:01000179	16	NCBITaxon:1137989	Geodermatophilus normandii	4	TRUE	annotated_genomes_isolates	
ENVO:01000179	17	NCBITaxon:114628	Alkaliphilus transvaalensis	4	TRUE	environmental_samples	
ENVO:01000179	18	NCBITaxon:114715	uncultured Ralstonia sp.	4	TRUE	environmental_samples	
ENVO:01000179	19	NCBITaxon:115336	Actinomadura vinacea	4	TRUE	environmental_samples	
ENVO:01000179	20	NCBITaxon:115433	Amycolatopsis sacchari	4	TRUE	environmental_samples	
ENVO:01000179	21	NCBITaxon:1184267	Pseudobdellovibrio exovorus JSS	4	TRUE	environmental_samples	
ENVO:01000179	22	NCBITaxon:119532	Microcoleus vaginatus	4	TRUE	annotated_genomes_isolates	
ENVO:01000179	23	NCBITaxon:119644	Hymenobacter aerophilus	4	TRUE	environmental_samples	
ENVO:01000179	24	NCBITaxon:121608	Paenibacillus koleovorans	4	TRUE	environmental_samples	
ENVO:01000179	25	NCBITaxon:126157	Psychrobacillus psychrodurans	4	TRUE	environmental_samples	
ENVO:01000180	1	NCBITaxon:1017	Capnocytophaga gingivalis	4	TRUE	environmental_samples	
ENVO:01000180	2	NCBITaxon:1018	Capnocytophaga ochracea	4	TRUE	environmental_samples	
ENVO:01000180	3	NCBITaxon:104245	Clavaria zollingeri	4	TRUE	environmental_samples	
ENVO:01000180	4	NCBITaxon:109328	Leptotrichia trevisanii	4	TRUE	environmental_samples	
ENVO:01000180	5	NCBITaxon:109966	Uebelmesseromyces harderi	4	TRUE	environmental_samples	
ENVO:01000180	6	NCBITaxon:111805	Actinomadura pelletieri	4	TRUE	environmental_samples	
ENVO:01000180	7	NCBITaxon:128	Isosphaera pallida	4	TRUE	environmental_samples	
ENVO:01000180	8	NCBITaxon:1318	Streptococcus parasanguinis	4	TRUE	environmental_samples	
ENVO:01000180	9	NCBITaxon:134357	Phaeotrichum benjaminii	4	TRUE	environmental_samples	
ENVO:01000180	10	NCBITaxon:139174		4	TRUE	environmental_samples	
ENVO:01000180	11	NCBITaxon:1423814	Limosilactobacillus vaginalis DSM 5837 = ATCC 49540	4	TRUE	environmental_samples	
ENVO:01000180	12	NCBITaxon:157687	Leptotrichia wadei	4	TRUE	environmental_samples	
ENVO:01000180	13	NCBITaxon:1647974	Hodophilus hymenocephalus	4	TRUE	environmental_samples	
ENVO:01000180	14	NCBITaxon:1654	Actinomyces	4	TRUE	environmental_samples	
ENVO:01000180	15	NCBITaxon:1655	Actinomyces naeslundii	4	TRUE	environmental_samples	
ENVO:01000180	16	NCBITaxon:165813	Sporanaerobacter acetigenes	4	TRUE	environmental_samples	
ENVO:01000180	17	NCBITaxon:1659	Actinomyces israelii	4	TRUE	environmental_samples	
ENVO:01000180	18	NCBITaxon:185008	Butyrivibrio hungatei	4	TRUE	environmental_samples	
ENVO:01000180	19	NCBITaxon:1855	Frankia sp.	4	TRUE	environmental_samples	
ENVO:01000180	20	NCBITaxon:187326	Megasphaera micronuciformis	4	TRUE	environmental_samples	
ENVO:01000180	21	NCBITaxon:199684	uncultured Bradyrhizobium sp.	4	TRUE	environmental_samples	
ENVO:01000180	22	NCBITaxon:2047	Rothia dentocariosa	4	TRUE	environmental_samples	
ENVO:01000180	23	NCBITaxon:214688	Gemmata obscuriglobus UQM 2246	4	TRUE	environmental_samples	
ENVO:01000180	24	NCBITaxon:228603	Hoylesella shahii	4	TRUE	environmental_samples	
ENVO:01000180	25	NCBITaxon:228604	Segatella salivae	4	TRUE	environmental_samples	
ENVO:01000181	1	NCBITaxon:634436	Marisediminitalea aggregata	3	TRUE	annotated_genomes_isolates	
ENVO:01000192	1	NCBITaxon:718254	Enterobacter cloacae subsp. cloacae NCTC 9394	2.20346	TRUE	environmental_samples	
ENVO:01000192	2	NCBITaxon:484021	Klebsiella pneumoniae subsp. pneumoniae NTUH-K2044	2.17752	TRUE	environmental_samples	
ENVO:01000192	3	NCBITaxon:244366	Klebsiella variicola	2.15842	TRUE	environmental_samples	
ENVO:01000192	4	NCBITaxon:59203	Salmonella enterica subsp. arizonae	2.15076	TRUE	environmental_samples	
ENVO:01000192	5	NCBITaxon:272620	Klebsiella pneumoniae subsp. pneumoniae MGH 78578	2.13568	TRUE	environmental_samples	
ENVO:01000192	6	NCBITaxon:54736	Salmonella bongori	2.13559	TRUE	environmental_samples	
ENVO:01000192	7	NCBITaxon:667127	Klebsiella pneumoniae subsp. rhinoscleromatis ATCC 13884	2.13392	TRUE	environmental_samples	
ENVO:01000192	8	NCBITaxon:585054	Escherichia fergusonii ATCC 35469	2.1282	TRUE	environmental_samples	
ENVO:01000192	9	NCBITaxon:1045010	Escherichia coli O157	2.12374	TRUE	environmental_samples	
ENVO:01000192	10	NCBITaxon:1861	Geodermatophilus obscurus	2.12362	TRUE	environmental_samples	
ENVO:01000192	11	NCBITaxon:69485	Actinoplanes garbadinensis	2.1234	TRUE	environmental_samples	
ENVO:01000192	12	NCBITaxon:693216	Cronobacter turicensis z3032	2.12048	TRUE	environmental_samples	
ENVO:01000192	13	NCBITaxon:290339	Cronobacter sakazakii ATCC BAA-894	2.1152	TRUE	environmental_samples	
ENVO:01000192	14	NCBITaxon:290338	Citrobacter koseri ATCC BAA-895	2.11342	TRUE	environmental_samples	
ENVO:01000192	15	NCBITaxon:465817	Erwinia tasmaniensis Et1/99	2.10005	TRUE	environmental_samples	
ENVO:01000192	16	NCBITaxon:500640	Citrobacter youngae ATCC 29220	2.09805	TRUE	environmental_samples	
ENVO:01000192	17	NCBITaxon:500639	Enterobacter cancerogenus ATCC 35316	2.09432	TRUE	environmental_samples	
ENVO:01000192	18	NCBITaxon:712898	Pantoea vagans C9-1	2.09351	TRUE	environmental_samples	
ENVO:01000192	19	NCBITaxon:507522	Klebsiella variicola 342	2.09274	TRUE	environmental_samples	
ENVO:01000192	20	NCBITaxon:399742	Enterobacter sp. 638	2.0879	TRUE	environmental_samples	
ENVO:01000192	21	NCBITaxon:640131	Klebsiella variicola At-22	2.08567	TRUE	environmental_samples	
ENVO:01000192	22	NCBITaxon:1639133	Citrobacter portucalensis	2.0854	TRUE	environmental_samples	
ENVO:01000192	23	NCBITaxon:637910	Citrobacter rodentium ICC168	2.08507	TRUE	environmental_samples	
ENVO:01000192	24	NCBITaxon:644283	Micromonospora aurantiaca ATCC 27029	2.08491	TRUE	environmental_samples	
ENVO:01000192	25	NCBITaxon:716541	Enterobacter cloacae subsp. cloacae ATCC 13047	2.0848	TRUE	environmental_samples	
ENVO:01000193	1	NCBITaxon:128	Isosphaera pallida	4	TRUE	environmental_samples	
ENVO:01000193	2	NCBITaxon:134561	Nocardioides sp. C190	4	TRUE	environmental_samples	
ENVO:01000193	3	NCBITaxon:137732	Granulicatella elegans	4	TRUE	environmental_samples	
ENVO:01000193	4	NCBITaxon:165813	Sporanaerobacter acetigenes	4	TRUE	environmental_samples	
ENVO:01000193	5	NCBITaxon:1855	Frankia sp.	4	TRUE	environmental_samples	
ENVO:01000193	6	NCBITaxon:1861	Geodermatophilus obscurus	4	TRUE	environmental_samples	
ENVO:01000193	7	NCBITaxon:204470	Paenalicyclobacillus pomorum	4	TRUE	environmental_samples	
ENVO:01000193	8	NCBITaxon:214688	Gemmata obscuriglobus UQM 2246	4	TRUE	environmental_samples	
ENVO:01000193	9	NCBITaxon:231024	Streptomyces africanus	4	TRUE	environmental_samples	
ENVO:01000193	10	NCBITaxon:234267	Candidatus Solibacter usitatus Ellin6076	4	TRUE	environmental_samples	
ENVO:01000193	11	NCBITaxon:266940	Kineococcus radiotolerans SRS30216 = ATCC BAA-149	4	TRUE	environmental_samples	
ENVO:01000193	12	NCBITaxon:285558	Streptomyces carpaticus	4	TRUE	environmental_samples	
ENVO:01000193	13	NCBITaxon:29405	Microlunatus phosphovorus	4	TRUE	environmental_samples	
ENVO:01000193	14	NCBITaxon:29539	Thermoleophilum album	4	TRUE	environmental_samples	
ENVO:01000193	15	NCBITaxon:307119	Micromonospora chaiyaphumensis	4	TRUE	environmental_samples	
ENVO:01000193	16	NCBITaxon:330214	Nitrospira defluvii	4	TRUE	environmental_samples	
ENVO:01000193	17	NCBITaxon:33075	Acidobacterium capsulatum	4	TRUE	environmental_samples	
ENVO:01000193	18	NCBITaxon:33946	Kurthia gibsonii	4	TRUE	environmental_samples	
ENVO:01000193	19	NCBITaxon:35761	Nocardioides sp.	4	TRUE	environmental_samples	
ENVO:01000193	20	NCBITaxon:36987		4	TRUE	environmental_samples	
ENVO:01000193	21	NCBITaxon:379066	Gemmatimonas aurantiaca T-27	4	TRUE	environmental_samples	
ENVO:01000193	22	NCBITaxon:393480	Fusobacterium polymorphum ATCC 10953	4	TRUE	environmental_samples	
ENVO:01000193	23	NCBITaxon:395019	Burkholderia multivorans ATCC 17616	4	TRUE	environmental_samples	
ENVO:01000193	24	NCBITaxon:39946		4	TRUE	environmental_samples	
ENVO:01000193	25	NCBITaxon:411459	Blautia obeum ATCC 29174	4	TRUE	environmental_samples	
ENVO:01000196	1	NCBITaxon:326424	Frankia alni ACN14a	1.73866	TRUE	environmental_samples	
ENVO:01000196	2	NCBITaxon:525909	Acidimicrobium ferrooxidans DSM 10331	1.73139	TRUE	environmental_samples	
ENVO:01000196	3	NCBITaxon:323097	Nitrobacter hamburgensis X14	1.72872	TRUE	environmental_samples	
ENVO:01000196	4	NCBITaxon:395965	Methylocella silvestris BL2	1.72864	TRUE	environmental_samples	
ENVO:01000196	5	NCBITaxon:114615	Bradyrhizobium sp. ORS 278	1.72801	TRUE	environmental_samples	
ENVO:01000196	6	NCBITaxon:471852	Thermomonospora curvata DSM 43183	1.72609	TRUE	environmental_samples	
ENVO:01000196	7	NCBITaxon:1772	Mycolicibacterium smegmatis	1.72605	TRUE	environmental_samples	
ENVO:01000196	8	NCBITaxon:536019	Mesorhizobium opportunistum WSM2075	1.72598	TRUE	environmental_samples	
ENVO:01000196	9	NCBITaxon:102897	Parafrankia sp. EUN1f	1.72489	TRUE	environmental_samples	
ENVO:01000196	10	NCBITaxon:526225	Geodermatophilus obscurus DSM 43160	1.72177	TRUE	environmental_samples	
ENVO:01000196	11	NCBITaxon:186484		1.72091	TRUE	environmental_samples	
ENVO:01000196	12	NCBITaxon:479431	Nakamurella multipartita DSM 44233	1.72005	TRUE	environmental_samples	
ENVO:01000196	13	NCBITaxon:2716812	Candidatus Protofrankia datiscae	1.71979	TRUE	environmental_samples	
ENVO:01000196	14	NCBITaxon:622637	Methylocystis sp. ATCC 49242	1.71953	TRUE	environmental_samples	
ENVO:01000196	15	NCBITaxon:426117	Methylobacterium sp. 4-46	1.71809	TRUE	environmental_samples	
ENVO:01000196	16	NCBITaxon:591158	Streptomyces sp. AA4	1.71696	TRUE	environmental_samples	
ENVO:01000196	17	NCBITaxon:469371	Thermobispora bispora DSM 43833	1.7167	TRUE	environmental_samples	
ENVO:01000196	18	NCBITaxon:666684	Afipia sp. 1NLS2	1.7147	TRUE	environmental_samples	
ENVO:01000196	19	NCBITaxon:298654	Pseudofrankia inefficax	1.71461	TRUE	environmental_samples	
ENVO:01000196	20	NCBITaxon:479433	Catenulispora acidiphila DSM 44928	1.71428	TRUE	environmental_samples	
ENVO:01000196	21	NCBITaxon:426355	Methylobacterium radiotolerans JCM 2831	1.71407	TRUE	environmental_samples	
ENVO:01000196	22	NCBITaxon:639283	Ancylobacter novellus DSM 506	1.714	TRUE	environmental_samples	
ENVO:01000196	23	NCBITaxon:395963	Beijerinckia indica subsp. indica ATCC 9039	1.71367	TRUE	environmental_samples	
ENVO:01000196	24	NCBITaxon:460265	Methylobacterium nodulans ORS 2060	1.71364	TRUE	environmental_samples	
ENVO:01000196	25	NCBITaxon:240015	Acidobacterium capsulatum ATCC 51196	1.71307	TRUE	environmental_samples	
ENVO:01000198	1	NCBITaxon:1026	Marinoscillum furvescens	4	TRUE	environmental_samples	
ENVO:01000198	2	NCBITaxon:103	Flectobacillus major	4	TRUE	environmental_samples	
ENVO:01000198	3	NCBITaxon:103710	Cellulomonas sp. GM13	4	TRUE	environmental_samples	
ENVO:01000198	4	NCBITaxon:104245	Clavaria zollingeri	4	TRUE	environmental_samples	
ENVO:01000198	5	NCBITaxon:1079	Blastochloris viridis	4	TRUE	environmental_samples	
ENVO:01000198	6	NCBITaxon:110638	Arthrobacter sp. 'SMCC G982'	4	TRUE	environmental_samples	
ENVO:01000198	7	NCBITaxon:110643	Arthrobacter sp. 'SMCC ZAT001'	4	TRUE	environmental_samples	
ENVO:01000198	8	NCBITaxon:110933	Leifsonia poae	4	TRUE	environmental_samples	
ENVO:01000198	9	NCBITaxon:112248	Seinonella peptonophila	4	TRUE	environmental_samples	
ENVO:01000198	10	NCBITaxon:114259	Nocardia paucivorans	4	TRUE	environmental_samples	
ENVO:01000198	11	NCBITaxon:114715	uncultured Ralstonia sp.	4	TRUE	environmental_samples	
ENVO:01000198	12	NCBITaxon:115433	Amycolatopsis sacchari	4	TRUE	environmental_samples	
ENVO:01000198	13	NCBITaxon:115828	Streptomyces maritimus	4	TRUE	environmental_samples	
ENVO:01000198	14	NCBITaxon:1184267	Pseudobdellovibrio exovorus JSS	4	TRUE	environmental_samples	
ENVO:01000198	15	NCBITaxon:121608	Paenibacillus koleovorans	4	TRUE	environmental_samples	
ENVO:01000198	16	NCBITaxon:1231	Nitrosospira multiformis	4	TRUE	environmental_samples	
ENVO:01000198	17	NCBITaxon:128	Isosphaera pallida	4	TRUE	environmental_samples	
ENVO:01000198	18	NCBITaxon:1299	Deinococcus radiodurans	4	TRUE	environmental_samples	
ENVO:01000198	19	NCBITaxon:130049	Paenibacillus dendritiformis	4	TRUE	environmental_samples	
ENVO:01000198	20	NCBITaxon:13243	Rarobacter faecitabidus	4	TRUE	environmental_samples	
ENVO:01000198	21	NCBITaxon:134561	Nocardioides sp. C190	4	TRUE	environmental_samples	
ENVO:01000198	22	NCBITaxon:1396	Bacillus cereus	4	TRUE	environmental_samples	
ENVO:01000198	23	NCBITaxon:1397	Niallia circulans	4	TRUE	environmental_samples	
ENVO:01000198	24	NCBITaxon:1408	Bacillus pumilus	4	TRUE	environmental_samples	
ENVO:01000198	25	NCBITaxon:1464	Paenibacillus larvae	4	TRUE	environmental_samples	
ENVO:01000199	1	NCBITaxon:102862	Proteus penneri	4	TRUE	environmental_samples	
ENVO:01000199	2	NCBITaxon:104245	Clavaria zollingeri	4	TRUE	environmental_samples	
ENVO:01000199	3	NCBITaxon:106111	Pedobacter sp. KP-2	4	TRUE	environmental_samples	
ENVO:01000199	4	NCBITaxon:1085	Rhodospirillum rubrum	4	TRUE	environmental_samples	
ENVO:01000199	5	NCBITaxon:114707	uncultured Pseudomonas sp.	4	TRUE	environmental_samples	
ENVO:01000199	6	NCBITaxon:114715	uncultured Ralstonia sp.	4	TRUE	environmental_samples	
ENVO:01000199	7	NCBITaxon:1396	Bacillus cereus	4	TRUE	environmental_samples	
ENVO:01000199	8	NCBITaxon:1404	Priestia megaterium	4	TRUE	environmental_samples	
ENVO:01000199	9	NCBITaxon:1406	Paenibacillus polymyxa	4	TRUE	environmental_samples	
ENVO:01000199	10	NCBITaxon:1409	Bacillus sp. (in: firmicutes)	4	TRUE	environmental_samples	
ENVO:01000199	11	NCBITaxon:1423814	Limosilactobacillus vaginalis DSM 5837 = ATCC 49540	4	TRUE	environmental_samples	
ENVO:01000199	12	NCBITaxon:1463164	Klebsiella quasipneumoniae subsp. similipneumoniae	4	TRUE	environmental_samples	
ENVO:01000199	13	NCBITaxon:155567	uncultured Rhizobium sp.	4	TRUE	environmental_samples	
ENVO:01000199	14	NCBITaxon:158627	Pseudomonas graminis	4	TRUE	environmental_samples	
ENVO:01000199	15	NCBITaxon:158751	uncultured Acidovorax sp.	4	TRUE	environmental_samples	
ENVO:01000199	16	NCBITaxon:1747	Cutibacterium acnes	4	TRUE	environmental_samples	
ENVO:01000199	17	NCBITaxon:1769	Mycobacterium leprae	4	TRUE	environmental_samples	
ENVO:01000199	18	NCBITaxon:182690	uncultured Achromobacter sp.	4	TRUE	environmental_samples	
ENVO:01000199	19	NCBITaxon:199684	uncultured Bradyrhizobium sp.	4	TRUE	environmental_samples	
ENVO:01000199	20	NCBITaxon:231024	Streptomyces africanus	4	TRUE	environmental_samples	
ENVO:01000199	21	NCBITaxon:235279	Helicobacter hepaticus ATCC 51449	4	TRUE	environmental_samples	
ENVO:01000199	22	NCBITaxon:238	Elizabethkingia meningoseptica	4	TRUE	environmental_samples	
ENVO:01000199	23	NCBITaxon:239	Flavobacterium sp.	4	TRUE	environmental_samples	
ENVO:01000199	24	NCBITaxon:243835	Stenotrophomonas sp. PAMU-2.32	4	TRUE	environmental_samples	
ENVO:01000199	25	NCBITaxon:266940	Kineococcus radiotolerans SRS30216 = ATCC BAA-149	4	TRUE	environmental_samples	
ENVO:01000200	1	NCBITaxon:79266	Mesorhizobium sp. ZJ15B7	1.96116	TRUE	environmental_samples	
ENVO:01000200	2	NCBITaxon:436115	Burkholderia mallei PRL-20	1.90642	TRUE	environmental_samples	
ENVO:01000200	3	NCBITaxon:91917	Burkholderia sp. NF100	1.87777	TRUE	environmental_samples	
ENVO:01000200	4	NCBITaxon:157732	Rhodococcus sp. NCIMB 9784	1.85187	TRUE	environmental_samples	
ENVO:01000200	5	NCBITaxon:270371	Ralstonia sp. SJ98	1.84725	TRUE	environmental_samples	
ENVO:01000200	6	NCBITaxon:595497	Brucella ceti str. Cudo	1.82795	TRUE	environmental_samples	
ENVO:01000200	7	NCBITaxon:491069	Mesorhizobium sp. F28	1.81736	TRUE	environmental_samples	
ENVO:01000200	8	NCBITaxon:83331	Mycobacterium tuberculosis CDC1551	1.8026	TRUE	environmental_samples	
ENVO:01000200	9	NCBITaxon:168685	Rhizobium sp. AC100	1.79342	TRUE	environmental_samples	
ENVO:01000200	10	NCBITaxon:244563	Bradyrhizobium sp. HWK12	1.793	TRUE	environmental_samples	
ENVO:01000200	11	NCBITaxon:357347	Burkholderia pseudomallei 1106b	1.78846	TRUE	environmental_samples	
ENVO:01000200	12	NCBITaxon:497689	Streptomyces sp. SNA15896	1.78747	TRUE	environmental_samples	
ENVO:01000200	13	NCBITaxon:244562	Bradyrhizobium sp. RD5-C2	1.7818	TRUE	environmental_samples	
ENVO:01000200	14	NCBITaxon:1961	Streptomyces virginiae	1.77998	TRUE	environmental_samples	
ENVO:01000200	15	NCBITaxon:1938	Streptomyces viridochromogenes	1.77214	TRUE	environmental_samples	
ENVO:01000200	16	NCBITaxon:68042	Streptomyces hygroscopicus subsp. hygroscopicus	1.77151	TRUE	environmental_samples	
ENVO:01000200	17	NCBITaxon:395598	Pseudomonas reinekei	1.77015	TRUE	environmental_samples	
ENVO:01000200	18	NCBITaxon:67263	Streptomyces griseus subsp. griseus	1.76869	TRUE	environmental_samples	
ENVO:01000200	19	NCBITaxon:224914	Brucella melitensis bv. 1 str. 16M	1.76744	TRUE	environmental_samples	
ENVO:01000200	20	NCBITaxon:206394	Paenibacillus sp. YK5	1.76416	TRUE	environmental_samples	
ENVO:01000200	21	NCBITaxon:1932	Streptomyces tendae	1.76008	TRUE	environmental_samples	
ENVO:01000200	22	NCBITaxon:537210	Mycobacterium tuberculosis T17	1.7534	TRUE	environmental_samples	
ENVO:01000200	23	NCBITaxon:36856	Sinorhizobium saheli	1.7533	TRUE	environmental_samples	
ENVO:01000200	24	NCBITaxon:1908	Streptomyces globisporus	1.75273	TRUE	environmental_samples	
ENVO:01000200	25	NCBITaxon:68203	Streptomyces fungicidicus	1.75104	TRUE	environmental_samples	
ENVO:01000202	1	NCBITaxon:1365	Pseudolactococcus plantarum	4	TRUE	environmental_samples	
ENVO:01000202	2	NCBITaxon:1366	Pseudolactococcus raffinolactis	4	TRUE	environmental_samples	
ENVO:01000202	3	NCBITaxon:148604	Limosilactobacillus ingluviei	4	TRUE	environmental_samples	
ENVO:01000202	4	NCBITaxon:1624	Ligilactobacillus salivarius	4	TRUE	environmental_samples	
ENVO:01000202	5	NCBITaxon:187327	Acidaminococcus intestini	4	TRUE	environmental_samples	
ENVO:01000202	6	NCBITaxon:253	Chryseobacterium indologenes	4	TRUE	environmental_samples	
ENVO:01000202	7	NCBITaxon:266940	Kineococcus radiotolerans SRS30216 = ATCC BAA-149	4	TRUE	environmental_samples	
ENVO:01000202	8	NCBITaxon:33959	Lactobacillus johnsonii	4	TRUE	environmental_samples	
ENVO:01000202	9	NCBITaxon:36987		4	TRUE	environmental_samples	
ENVO:01000202	10	NCBITaxon:385067	Bacillus sp. N2a	4	TRUE	environmental_samples	
ENVO:01000202	11	NCBITaxon:411459	Blautia obeum ATCC 29174	4	TRUE	environmental_samples	
ENVO:01000202	12	NCBITaxon:411467	Pseudoflavonifractor capillosus ATCC 29799	4	TRUE	environmental_samples	
ENVO:01000202	13	NCBITaxon:445972	Anaerotruncus colihominis DSM 17241	4	TRUE	environmental_samples	
ENVO:01000202	14	NCBITaxon:49118	Candidatus Arthromitus sp. SFB-mouse	4	TRUE	environmental_samples	
ENVO:01000202	15	NCBITaxon:501571	Butyricicoccus pullicaecorum	4	TRUE	environmental_samples	
ENVO:01000202	16	NCBITaxon:520487	Brucella suis bv. 3 str. 686	4	TRUE	environmental_samples	
ENVO:01000202	17	NCBITaxon:537013	[Clostridium] methylpentosum DSM 5476	4	TRUE	environmental_samples	
ENVO:01000202	18	NCBITaxon:545696	Holdemania filiformis DSM 12042	4	TRUE	environmental_samples	
ENVO:01000202	19	NCBITaxon:749550	Escherichia coli MS 200-1	4	TRUE	environmental_samples	
ENVO:01000204	1	NCBITaxon:139056		4	TRUE	environmental_samples	
ENVO:01000204	2	NCBITaxon:1655	Actinomyces naeslundii	4	TRUE	environmental_samples	
ENVO:01000204	3	NCBITaxon:1861	Geodermatophilus obscurus	4	TRUE	environmental_samples	
ENVO:01000204	4	NCBITaxon:2047	Rothia dentocariosa	4	TRUE	environmental_samples	
ENVO:01000204	5	NCBITaxon:253	Chryseobacterium indologenes	4	TRUE	environmental_samples	
ENVO:01000204	6	NCBITaxon:28037	Streptococcus mitis	4	TRUE	environmental_samples	
ENVO:01000204	7	NCBITaxon:33011	Cutibacterium granulosum	4	TRUE	environmental_samples	
ENVO:01000204	8	NCBITaxon:332952	Aspergillus flavus NRRL3357	4	TRUE	environmental_samples	
ENVO:01000204	9	NCBITaxon:351016	Roseobacter sp. AzwK-3b	4	TRUE	environmental_samples	
ENVO:01000204	10	NCBITaxon:360807	Roseburia inulinivorans	4	TRUE	environmental_samples	
ENVO:01000204	11	NCBITaxon:36987		4	TRUE	environmental_samples	
ENVO:01000204	12	NCBITaxon:381630	Methylobacterium jeotgali	4	TRUE	environmental_samples	
ENVO:01000204	13	NCBITaxon:411459	Blautia obeum ATCC 29174	4	TRUE	environmental_samples	
ENVO:01000204	14	NCBITaxon:411460	[Ruminococcus] torques ATCC 27756	4	TRUE	environmental_samples	
ENVO:01000204	15	NCBITaxon:411467	Pseudoflavonifractor capillosus ATCC 29799	4	TRUE	environmental_samples	
ENVO:01000204	16	NCBITaxon:411485	Faecalibacterium prausnitzii M21/2	4	TRUE	environmental_samples	
ENVO:01000204	17	NCBITaxon:457412	Ruminococcus sp. 5_1_39BFAA	4	TRUE	environmental_samples	
ENVO:01000204	18	NCBITaxon:669	Vibrio harveyi	4	TRUE	environmental_samples	
ENVO:01000204	19	NCBITaxon:7159		4	TRUE	environmental_samples	
ENVO:01000204	20	NCBITaxon:7176		4	TRUE	environmental_samples	
ENVO:01000204	21	NCBITaxon:729	Haemophilus parainfluenzae	4	TRUE	environmental_samples	
ENVO:01000204	22	NCBITaxon:853	Faecalibacterium prausnitzii	4	TRUE	environmental_samples	
ENVO:01000204	23	NCBITaxon:88728		4	TRUE	environmental_samples	
ENVO:01000204	24	NCBITaxon:99481	Nostocoides japonicum	4	TRUE	environmental_samples	
ENVO:01000204	25	NCBITaxon:1123279	Spongiibacter tropicus DSM 19543	3	TRUE	annotated_genomes_isolates	
ENVO:01000205	1	NCBITaxon:1032475	Marine group II euryarchaeote SCGC AAA288-C18	3	TRUE	annotated_genomes_isolates	
ENVO:01000205	2	NCBITaxon:1220	Prochlorococcus sp.	3	TRUE	annotated_genomes_isolates	
ENVO:01000205	3	NCBITaxon:1236	Gammaproteobacteria	3	TRUE	annotated_genomes_isolates	
ENVO:01000205	4	NCBITaxon:1871068	Phyllobacteriaceae bacterium	3	TRUE	annotated_genomes_isolates	
ENVO:01000205	5	NCBITaxon:1904441	Paracoccaceae bacterium	3	TRUE	annotated_genomes_isolates	
ENVO:01000205	6	NCBITaxon:1906666	Thermoplasmata archaeon	3	TRUE	annotated_genomes_isolates	
ENVO:01000205	7	NCBITaxon:1916082	Alteromonadaceae bacterium	3	TRUE	annotated_genomes_isolates	
ENVO:01000205	8	NCBITaxon:1978231	Acidobacteriota bacterium	3	TRUE	annotated_genomes_isolates	
ENVO:01000205	9	NCBITaxon:2006849	Lysobacterales bacterium	3	TRUE	annotated_genomes_isolates	
ENVO:01000205	10	NCBITaxon:2026715	Pseudobdellovibrionaceae bacterium	3	TRUE	annotated_genomes_isolates	
ENVO:01000205	11	NCBITaxon:2026725	Chromatiales bacterium	3	TRUE	annotated_genomes_isolates	
ENVO:01000205	12	NCBITaxon:2026742	Gemmatimonadota bacterium	3	TRUE	annotated_genomes_isolates	
ENVO:01000205	13	NCBITaxon:2026746	Halomonadaceae bacterium	3	TRUE	annotated_genomes_isolates	
ENVO:01000205	14	NCBITaxon:2026789	Salinisphaeraceae bacterium	3	TRUE	annotated_genomes_isolates	
ENVO:01000205	15	NCBITaxon:2026795	Nitrososphaerota archaeon	3	TRUE	annotated_genomes_isolates	
ENVO:01000205	16	NCBITaxon:2026801	Verrucomicrobiales bacterium	3	TRUE	annotated_genomes_isolates	
ENVO:01000205	17	NCBITaxon:2035108	Flavobacteriaceae bacterium JGI 02_E13	3	TRUE	annotated_genomes_isolates	
ENVO:01000205	18	NCBITaxon:2035109	Flavobacteriaceae bacterium JGI 02_G12	3	TRUE	annotated_genomes_isolates	
ENVO:01000205	19	NCBITaxon:2035111	Flavobacteriaceae bacterium JGI 02_N12	3	TRUE	annotated_genomes_isolates	
ENVO:01000205	20	NCBITaxon:2035112	Flavobacteriaceae bacterium JGI 04_M14	3	TRUE	annotated_genomes_isolates	
ENVO:01000205	21	NCBITaxon:2035114	Flavobacteriaceae bacterium JGI 04_M9	3	TRUE	annotated_genomes_isolates	
ENVO:01000205	22	NCBITaxon:2035115	Flavobacteriaceae bacterium JGI 04_N11	3	TRUE	annotated_genomes_isolates	
ENVO:01000205	23	NCBITaxon:2035116	Flavobacteriaceae bacterium JGI 04_N16	3	TRUE	annotated_genomes_isolates	
ENVO:01000205	24	NCBITaxon:2035120	Rhodobacteraceae bacterium JGI 02_G21	3	TRUE	annotated_genomes_isolates	
ENVO:01000205	25	NCBITaxon:2035121	Rhodobacteraceae bacterium JGI 02_J20	3	TRUE	annotated_genomes_isolates	
ENVO:01000206	1	NCBITaxon:104176	Oscillochloris trichoides	4	TRUE	environmental_samples	
ENVO:01000206	2	NCBITaxon:104245	Clavaria zollingeri	4	TRUE	environmental_samples	
ENVO:01000206	3	NCBITaxon:106592	Ensifer adhaerens	4	TRUE	environmental_samples	
ENVO:01000206	4	NCBITaxon:1085	Rhodospirillum rubrum	4	TRUE	environmental_samples	
ENVO:01000206	5	NCBITaxon:108560	Pezicula cinnamomea	4	TRUE	environmental_samples	
ENVO:01000206	6	NCBITaxon:108571	Phlyctema vagabunda	4	TRUE	environmental_samples	
ENVO:01000206	7	NCBITaxon:110639	Arthrobacter sp. 'SMCC G984'	4	TRUE	environmental_samples	
ENVO:01000206	8	NCBITaxon:114628	Alkaliphilus transvaalensis	4	TRUE	environmental_samples	
ENVO:01000206	9	NCBITaxon:114707	uncultured Pseudomonas sp.	4	TRUE	environmental_samples	
ENVO:01000206	10	NCBITaxon:114715	uncultured Ralstonia sp.	4	TRUE	environmental_samples	
ENVO:01000206	11	NCBITaxon:114814	Xylaria cubensis	4	TRUE	environmental_samples	
ENVO:01000206	12	NCBITaxon:126157	Psychrobacillus psychrodurans	4	TRUE	environmental_samples	
ENVO:01000206	13	NCBITaxon:1264	Hominimerdicola alba	4	TRUE	environmental_samples	
ENVO:01000206	14	NCBITaxon:1265	Ruminococcus flavefaciens	4	TRUE	environmental_samples	
ENVO:01000206	15	NCBITaxon:1270	Micrococcus luteus	4	TRUE	environmental_samples	
ENVO:01000206	16	NCBITaxon:128	Isosphaera pallida	4	TRUE	environmental_samples	
ENVO:01000206	17	NCBITaxon:1282	Staphylococcus epidermidis	4	TRUE	environmental_samples	
ENVO:01000206	18	NCBITaxon:129958	Carboxydothermus hydrogenoformans	4	TRUE	environmental_samples	
ENVO:01000206	19	NCBITaxon:132577	Lecanicillium fusisporum	4	TRUE	environmental_samples	
ENVO:01000206	20	NCBITaxon:134561	Nocardioides sp. C190	4	TRUE	environmental_samples	
ENVO:01000206	21	NCBITaxon:1396	Bacillus cereus	4	TRUE	environmental_samples	
ENVO:01000206	22	NCBITaxon:1397	Niallia circulans	4	TRUE	environmental_samples	
ENVO:01000206	23	NCBITaxon:1399	Cytobacillus firmus	4	TRUE	environmental_samples	
ENVO:01000206	24	NCBITaxon:1402	Bacillus licheniformis	4	TRUE	environmental_samples	
ENVO:01000206	25	NCBITaxon:1404	Priestia megaterium	4	TRUE	environmental_samples	
ENVO:01000207	1	NCBITaxon:1121868	Enterovibrio nigricans DSM 22720	3	TRUE	annotated_genomes_isolates	
ENVO:01000207	2	NCBITaxon:1121912	Gelidibacter mesophilus DSM 14095	3	TRUE	annotated_genomes_isolates	
ENVO:01000207	3	NCBITaxon:1121942	Modicisalibacter ilicicola DSM 19980	3	TRUE	annotated_genomes_isolates	
ENVO:01000207	4	NCBITaxon:1122600	Nereida ignava DSM 16309	3	TRUE	annotated_genomes_isolates	
ENVO:01000211	1	NCBITaxon:104245	Clavaria zollingeri	4	TRUE	environmental_samples	
ENVO:01000211	2	NCBITaxon:106592	Ensifer adhaerens	4	TRUE	environmental_samples	
ENVO:01000211	3	NCBITaxon:110319	Nocardioides sp. CF8	4	TRUE	environmental_samples	
ENVO:01000211	4	NCBITaxon:110638	Arthrobacter sp. 'SMCC G982'	4	TRUE	environmental_samples	
ENVO:01000211	5	NCBITaxon:110933	Leifsonia poae	4	TRUE	environmental_samples	
ENVO:01000211	6	NCBITaxon:111807	Actinomadura yumaensis	4	TRUE	environmental_samples	
ENVO:01000211	7	NCBITaxon:112235	Neochlamydia hartmannellae	4	TRUE	environmental_samples	
ENVO:01000211	8	NCBITaxon:112248	Seinonella peptonophila	4	TRUE	environmental_samples	
ENVO:01000211	9	NCBITaxon:114715	uncultured Ralstonia sp.	4	TRUE	environmental_samples	
ENVO:01000211	10	NCBITaxon:115433	Amycolatopsis sacchari	4	TRUE	environmental_samples	
ENVO:01000211	11	NCBITaxon:121608	Paenibacillus koleovorans	4	TRUE	environmental_samples	
ENVO:01000211	12	NCBITaxon:128	Isosphaera pallida	4	TRUE	environmental_samples	
ENVO:01000211	13	NCBITaxon:134561	Nocardioides sp. C190	4	TRUE	environmental_samples	
ENVO:01000211	14	NCBITaxon:1423814	Limosilactobacillus vaginalis DSM 5837 = ATCC 49540	4	TRUE	environmental_samples	
ENVO:01000211	15	NCBITaxon:153233	Oceanicaulis alexandrii	4	TRUE	environmental_samples	
ENVO:01000211	16	NCBITaxon:1563	Desulfosporosinus orientis	4	TRUE	environmental_samples	
ENVO:01000211	17	NCBITaxon:156523	Nocardioides sp. 4P1-A	4	TRUE	environmental_samples	
ENVO:01000211	18	NCBITaxon:158899	Collimonas fungivorans	4	TRUE	environmental_samples	
ENVO:01000211	19	NCBITaxon:1677	Arthrobacter pascens	4	TRUE	environmental_samples	
ENVO:01000211	20	NCBITaxon:1785	Mycobacterium sp.	4	TRUE	environmental_samples	
ENVO:01000211	21	NCBITaxon:1836	Saccharopolyspora erythraea	4	TRUE	environmental_samples	
ENVO:01000211	22	NCBITaxon:1848	Pseudonocardia thermophila	4	TRUE	environmental_samples	
ENVO:01000211	23	NCBITaxon:184914	Corallococcus coralloides	4	TRUE	environmental_samples	
ENVO:01000211	24	NCBITaxon:1855	Frankia sp.	4	TRUE	environmental_samples	
ENVO:01000211	25	NCBITaxon:1861	Geodermatophilus obscurus	4	TRUE	environmental_samples	
ENVO:01000212	1	NCBITaxon:1026	Marinoscillum furvescens	4	TRUE	environmental_samples	
ENVO:01000212	2	NCBITaxon:103	Flectobacillus major	4	TRUE	environmental_samples	
ENVO:01000212	3	NCBITaxon:103710	Cellulomonas sp. GM13	4	TRUE	environmental_samples	
ENVO:01000212	4	NCBITaxon:104245	Clavaria zollingeri	4	TRUE	environmental_samples	
ENVO:01000212	5	NCBITaxon:1079	Blastochloris viridis	4	TRUE	environmental_samples	
ENVO:01000212	6	NCBITaxon:110638	Arthrobacter sp. 'SMCC G982'	4	TRUE	environmental_samples	
ENVO:01000212	7	NCBITaxon:110643	Arthrobacter sp. 'SMCC ZAT001'	4	TRUE	environmental_samples	
ENVO:01000212	8	NCBITaxon:110933	Leifsonia poae	4	TRUE	environmental_samples	
ENVO:01000212	9	NCBITaxon:112248	Seinonella peptonophila	4	TRUE	environmental_samples	
ENVO:01000212	10	NCBITaxon:114259	Nocardia paucivorans	4	TRUE	environmental_samples	
ENVO:01000212	11	NCBITaxon:114715	uncultured Ralstonia sp.	4	TRUE	environmental_samples	
ENVO:01000212	12	NCBITaxon:115433	Amycolatopsis sacchari	4	TRUE	environmental_samples	
ENVO:01000212	13	NCBITaxon:115828	Streptomyces maritimus	4	TRUE	environmental_samples	
ENVO:01000212	14	NCBITaxon:1184267	Pseudobdellovibrio exovorus JSS	4	TRUE	environmental_samples	
ENVO:01000212	15	NCBITaxon:121608	Paenibacillus koleovorans	4	TRUE	environmental_samples	
ENVO:01000212	16	NCBITaxon:1231	Nitrosospira multiformis	4	TRUE	environmental_samples	
ENVO:01000212	17	NCBITaxon:128	Isosphaera pallida	4	TRUE	environmental_samples	
ENVO:01000212	18	NCBITaxon:1299	Deinococcus radiodurans	4	TRUE	environmental_samples	
ENVO:01000212	19	NCBITaxon:130049	Paenibacillus dendritiformis	4	TRUE	environmental_samples	
ENVO:01000212	20	NCBITaxon:13243	Rarobacter faecitabidus	4	TRUE	environmental_samples	
ENVO:01000212	21	NCBITaxon:134561	Nocardioides sp. C190	4	TRUE	environmental_samples	
ENVO:01000212	22	NCBITaxon:1396	Bacillus cereus	4	TRUE	environmental_samples	
ENVO:01000212	23	NCBITaxon:1397	Niallia circulans	4	TRUE	environmental_samples	
ENVO:01000212	24	NCBITaxon:1408	Bacillus pumilus	4	TRUE	environmental_samples	
ENVO:01000212	25	NCBITaxon:1464	Paenibacillus larvae	4	TRUE	environmental_samples	
ENVO:01000219	1	NCBITaxon:1270	Micrococcus luteus	4	TRUE	environmental_samples	
ENVO:01000219	2	NCBITaxon:1282	Staphylococcus epidermidis	4	TRUE	environmental_samples	
ENVO:01000219	3	NCBITaxon:184917	Solidesulfovibrio magneticus	4	TRUE	environmental_samples	
ENVO:01000219	4	NCBITaxon:187326	Megasphaera micronuciformis	4	TRUE	environmental_samples	
ENVO:01000219	5	NCBITaxon:266940	Kineococcus radiotolerans SRS30216 = ATCC BAA-149	4	TRUE	environmental_samples	
ENVO:01000219	6	NCBITaxon:29466	Veillonella parvula	4	TRUE	environmental_samples	
ENVO:01000219	7	NCBITaxon:313603	Maribacter sp. HTCC2170	4	TRUE	environmental_samples	
ENVO:01000219	8	NCBITaxon:314278	Nitrococcus mobilis Nb-231	4	TRUE	environmental_samples	
ENVO:01000219	9	NCBITaxon:345072	Vibrio cholerae MO10	4	TRUE	environmental_samples	
ENVO:01000219	10	NCBITaxon:345219	Heyndrickxia coagulans 36D1	4	TRUE	environmental_samples	
ENVO:01000219	11	NCBITaxon:36987		4	TRUE	environmental_samples	
ENVO:01000219	12	NCBITaxon:393011	Francisella tularensis subsp. holarctica OSU18	4	TRUE	environmental_samples	
ENVO:01000219	13	NCBITaxon:393480	Fusobacterium polymorphum ATCC 10953	4	TRUE	environmental_samples	
ENVO:01000219	14	NCBITaxon:411459	Blautia obeum ATCC 29174	4	TRUE	environmental_samples	
ENVO:01000219	15	NCBITaxon:411460	[Ruminococcus] torques ATCC 27756	4	TRUE	environmental_samples	
ENVO:01000219	16	NCBITaxon:411466	Schaalia dentiphila ATCC 17982	4	TRUE	environmental_samples	
ENVO:01000219	17	NCBITaxon:411485	Faecalibacterium prausnitzii M21/2	4	TRUE	environmental_samples	
ENVO:01000219	18	NCBITaxon:411901	Bacteroides caccae ATCC 43185	4	TRUE	environmental_samples	
ENVO:01000219	19	NCBITaxon:411903	Collinsella aerofaciens ATCC 25986	4	TRUE	environmental_samples	
ENVO:01000219	20	NCBITaxon:417397	Vibrio cholerae 623-39	4	TRUE	environmental_samples	
ENVO:01000219	21	NCBITaxon:41976	Porphyromonas catoniae	4	TRUE	environmental_samples	
ENVO:01000219	22	NCBITaxon:428125	[Clostridium] leptum DSM 753	4	TRUE	environmental_samples	
ENVO:01000219	23	NCBITaxon:457391	Bacteroides sp. 3_1_33FAA	4	TRUE	environmental_samples	
ENVO:01000219	24	NCBITaxon:457425	Streptomyces albus J1074	4	TRUE	environmental_samples	
ENVO:01000219	25	NCBITaxon:467210	Lachnoanaerobaculum saburreum	4	TRUE	environmental_samples	
ENVO:01000228	1	NCBITaxon:104245	Clavaria zollingeri	4	TRUE	environmental_samples	
ENVO:01000228	2	NCBITaxon:105420	Streptacidiphilus neutrinimicus	4	TRUE	environmental_samples	
ENVO:01000228	3	NCBITaxon:106111	Pedobacter sp. KP-2	4	TRUE	environmental_samples	
ENVO:01000228	4	NCBITaxon:1069	Rhodomicrobium vannielii	4	TRUE	environmental_samples	
ENVO:01000228	5	NCBITaxon:1074	Rhodoblastus acidophilus	4	TRUE	environmental_samples	
ENVO:01000228	6	NCBITaxon:108015	Bradyrhizobium yuanmingense	4	TRUE	environmental_samples	
ENVO:01000228	7	NCBITaxon:1108	Chloroflexus aurantiacus	4	TRUE	environmental_samples	
ENVO:01000228	8	NCBITaxon:111805	Actinomadura pelletieri	4	TRUE	environmental_samples	
ENVO:01000228	9	NCBITaxon:112235	Neochlamydia hartmannellae	4	TRUE	environmental_samples	
ENVO:01000228	10	NCBITaxon:112248	Seinonella peptonophila	4	TRUE	environmental_samples	
ENVO:01000228	11	NCBITaxon:114715	uncultured Ralstonia sp.	4	TRUE	environmental_samples	
ENVO:01000228	12	NCBITaxon:121608	Paenibacillus koleovorans	4	TRUE	environmental_samples	
ENVO:01000228	13	NCBITaxon:128	Isosphaera pallida	4	TRUE	environmental_samples	
ENVO:01000228	14	NCBITaxon:129542	Placynthiella icmalea	4	TRUE	environmental_samples	
ENVO:01000228	15	NCBITaxon:134355	Ceramothyrium carniolicum	4	TRUE	environmental_samples	
ENVO:01000228	16	NCBITaxon:1371	Marinococcus halophilus	4	TRUE	environmental_samples	
ENVO:01000228	17	NCBITaxon:1391	Aneurinibacillus aneurinilyticus	4	TRUE	environmental_samples	
ENVO:01000228	18	NCBITaxon:1396	Bacillus cereus	4	TRUE	environmental_samples	
ENVO:01000228	19	NCBITaxon:1397	Niallia circulans	4	TRUE	environmental_samples	
ENVO:01000228	20	NCBITaxon:1406	Paenibacillus polymyxa	4	TRUE	environmental_samples	
ENVO:01000228	21	NCBITaxon:1409	Bacillus sp. (in: firmicutes)	4	TRUE	environmental_samples	
ENVO:01000228	22	NCBITaxon:1451	Paenibacillus amylolyticus	4	TRUE	environmental_samples	
ENVO:01000228	23	NCBITaxon:147	Spirochaeta aurantia	4	TRUE	environmental_samples	
ENVO:01000228	24	NCBITaxon:1510	Thermoclostridium stercorarium	4	TRUE	environmental_samples	
ENVO:01000228	25	NCBITaxon:153026	Desulforegula conservatrix	4	TRUE	environmental_samples	
ENVO:01000236	1	NCBITaxon:1919273	Candidatus Desulfopertinax cowenii	3	TRUE	annotated_genomes_isolates	
ENVO:01000236	2	NCBITaxon:1934978	Acinetobacter sp. JdFR-94	3	TRUE	annotated_genomes_isolates	
ENVO:01000236	3	NCBITaxon:1934979	Archaeoglobus sp. JdFR-22	3	TRUE	annotated_genomes_isolates	
ENVO:01000236	4	NCBITaxon:1934980	Archaeoglobus sp. JdFR-23	3	TRUE	annotated_genomes_isolates	
ENVO:01000236	5	NCBITaxon:1934981	Archaeoglobus sp. JdFR-24	3	TRUE	annotated_genomes_isolates	
ENVO:01000236	6	NCBITaxon:1934982	Archaeoglobus sp. JdFR-25	3	TRUE	annotated_genomes_isolates	
ENVO:01000236	7	NCBITaxon:1934983	Archaeoglobus sp. JdFR-26	3	TRUE	annotated_genomes_isolates	
ENVO:01000236	8	NCBITaxon:1934984	Archaeoglobus sp. JdFR-27	3	TRUE	annotated_genomes_isolates	
ENVO:01000236	9	NCBITaxon:1934985	Archaeoglobus sp. JdFR-28	3	TRUE	annotated_genomes_isolates	
ENVO:01000236	10	NCBITaxon:1934986	Archaeoglobus sp. JdFR-29	3	TRUE	annotated_genomes_isolates	
ENVO:01000236	11	NCBITaxon:1934987	Archaeoglobus sp. JdFR-30	3	TRUE	annotated_genomes_isolates	
ENVO:01000236	12	NCBITaxon:1934988	Archaeoglobus sp. JdFR-31	3	TRUE	annotated_genomes_isolates	
ENVO:01000236	13	NCBITaxon:1934989	Archaeoglobus sp. JdFR-32	3	TRUE	annotated_genomes_isolates	
ENVO:01000236	14	NCBITaxon:1934990	Archaeoglobus sp. JdFR-33	3	TRUE	annotated_genomes_isolates	
ENVO:01000236	15	NCBITaxon:1934991	Archaeoglobus sp. JdFR-34	3	TRUE	annotated_genomes_isolates	
ENVO:01000236	16	NCBITaxon:1934992	Archaeoglobus sp. JdFR-35	3	TRUE	annotated_genomes_isolates	
ENVO:01000236	17	NCBITaxon:1934993	Archaeoglobus sp. JdFR-36	3	TRUE	annotated_genomes_isolates	
ENVO:01000236	18	NCBITaxon:1934994	Archaeoglobus sp. JdFR-37	3	TRUE	annotated_genomes_isolates	
ENVO:01000236	19	NCBITaxon:1934995	Archaeoglobus sp. JdFR-38	3	TRUE	annotated_genomes_isolates	
ENVO:01000236	20	NCBITaxon:1934996	Archaeoglobus sp. JdFR-39	3	TRUE	annotated_genomes_isolates	
ENVO:01000236	21	NCBITaxon:1934997	Archaeoglobus sp. JdFR-40	3	TRUE	annotated_genomes_isolates	
ENVO:01000236	22	NCBITaxon:1934998	Archaeoglobus sp. JdFR-41	3	TRUE	annotated_genomes_isolates	
ENVO:01000236	23	NCBITaxon:1934999	Cupriavidus sp. JdFR-90	3	TRUE	annotated_genomes_isolates	
ENVO:01000236	24	NCBITaxon:1935000	Pseudomonas sp. JdFR-91	3	TRUE	annotated_genomes_isolates	
ENVO:01000236	25	NCBITaxon:1935001	Pseudomonas sp. JdFR-92	3	TRUE	annotated_genomes_isolates	
ENVO:01000245	1	NCBITaxon:122866	Arthrobacter keyseri	4	TRUE	environmental_samples	
ENVO:01000245	2	NCBITaxon:1270	Micrococcus luteus	4	TRUE	environmental_samples	
ENVO:01000245	3	NCBITaxon:1282	Staphylococcus epidermidis	4	TRUE	environmental_samples	
ENVO:01000245	4	NCBITaxon:1365	Pseudolactococcus plantarum	4	TRUE	environmental_samples	
ENVO:01000245	5	NCBITaxon:1366	Pseudolactococcus raffinolactis	4	TRUE	environmental_samples	
ENVO:01000245	6	NCBITaxon:148604	Limosilactobacillus ingluviei	4	TRUE	environmental_samples	
ENVO:01000245	7	NCBITaxon:1536	Hathewaya limosa	4	TRUE	environmental_samples	
ENVO:01000245	8	NCBITaxon:1596	Lactobacillus gasseri	4	TRUE	environmental_samples	
ENVO:01000245	9	NCBITaxon:1598	Limosilactobacillus reuteri	4	TRUE	environmental_samples	
ENVO:01000245	10	NCBITaxon:1601	Ligilactobacillus agilis	4	TRUE	environmental_samples	
ENVO:01000245	11	NCBITaxon:1605	Ligilactobacillus animalis	4	TRUE	environmental_samples	
ENVO:01000245	12	NCBITaxon:1624	Ligilactobacillus salivarius	4	TRUE	environmental_samples	
ENVO:01000245	13	NCBITaxon:1625	Fructilactobacillus sanfranciscensis	4	TRUE	environmental_samples	
ENVO:01000245	14	NCBITaxon:1633	Limosilactobacillus vaginalis	4	TRUE	environmental_samples	
ENVO:01000245	15	NCBITaxon:180295	Atopostipes suicloacalis	4	TRUE	environmental_samples	
ENVO:01000245	16	NCBITaxon:266940	Kineococcus radiotolerans SRS30216 = ATCC BAA-149	4	TRUE	environmental_samples	
ENVO:01000245	17	NCBITaxon:33959	Lactobacillus johnsonii	4	TRUE	environmental_samples	
ENVO:01000245	18	NCBITaxon:36987		4	TRUE	environmental_samples	
ENVO:01000245	19	NCBITaxon:385067	Bacillus sp. N2a	4	TRUE	environmental_samples	
ENVO:01000245	20	NCBITaxon:411459	Blautia obeum ATCC 29174	4	TRUE	environmental_samples	
ENVO:01000245	21	NCBITaxon:411467	Pseudoflavonifractor capillosus ATCC 29799	4	TRUE	environmental_samples	
ENVO:01000245	22	NCBITaxon:445972	Anaerotruncus colihominis DSM 17241	4	TRUE	environmental_samples	
ENVO:01000245	23	NCBITaxon:47770	Lactobacillus crispatus	4	TRUE	environmental_samples	
ENVO:01000245	24	NCBITaxon:49118	Candidatus Arthromitus sp. SFB-mouse	4	TRUE	environmental_samples	
ENVO:01000245	25	NCBITaxon:498761	Heliomicrobium modesticaldum Ice1	4	TRUE	environmental_samples	
ENVO:01000246	1	NCBITaxon:1406	Paenibacillus polymyxa	4	TRUE	environmental_samples	
ENVO:01000246	2	NCBITaxon:165813	Sporanaerobacter acetigenes	4	TRUE	environmental_samples	
ENVO:01000246	3	NCBITaxon:214688	Gemmata obscuriglobus UQM 2246	4	TRUE	environmental_samples	
ENVO:01000246	4	NCBITaxon:231024	Streptomyces africanus	4	TRUE	environmental_samples	
ENVO:01000246	5	NCBITaxon:266940	Kineococcus radiotolerans SRS30216 = ATCC BAA-149	4	TRUE	environmental_samples	
ENVO:01000246	6	NCBITaxon:29539	Thermoleophilum album	4	TRUE	environmental_samples	
ENVO:01000246	7	NCBITaxon:324057	Paenibacillus sp. JDR-2	4	TRUE	environmental_samples	
ENVO:01000246	8	NCBITaxon:330214	Nitrospira defluvii	4	TRUE	environmental_samples	
ENVO:01000246	9	NCBITaxon:379066	Gemmatimonas aurantiaca T-27	4	TRUE	environmental_samples	
ENVO:01000246	10	NCBITaxon:411467	Pseudoflavonifractor capillosus ATCC 29799	4	TRUE	environmental_samples	
ENVO:01000246	11	NCBITaxon:411485	Faecalibacterium prausnitzii M21/2	4	TRUE	environmental_samples	
ENVO:01000246	12	NCBITaxon:428125	[Clostridium] leptum DSM 753	4	TRUE	environmental_samples	
ENVO:01000246	13	NCBITaxon:43131	Tissierella praeacuta	4	TRUE	environmental_samples	
ENVO:01000246	14	NCBITaxon:446465	Brachybacterium faecium DSM 4810	4	TRUE	environmental_samples	
ENVO:01000246	15	NCBITaxon:457427	Streptomyces himastatinicus ATCC 53653	4	TRUE	environmental_samples	
ENVO:01000246	16	NCBITaxon:46223	Thermoflavimicrobium dichotomicum	4	TRUE	environmental_samples	
ENVO:01000246	17	NCBITaxon:469383	Conexibacter woesei DSM 14684	4	TRUE	environmental_samples	
ENVO:01000246	18	NCBITaxon:49319	Rubrobacter xylanophilus	4	TRUE	environmental_samples	
ENVO:01000246	19	NCBITaxon:498761	Heliomicrobium modesticaldum Ice1	4	TRUE	environmental_samples	
ENVO:01000246	20	NCBITaxon:500	Thermomicrobium roseum	4	TRUE	environmental_samples	
ENVO:01000246	21	NCBITaxon:509191	Acetivibrio cellulolyticus CD2	4	TRUE	environmental_samples	
ENVO:01000246	22	NCBITaxon:537937	Bifidobacterium longum subsp. infantis CCUG 52486	4	TRUE	environmental_samples	
ENVO:01000246	23	NCBITaxon:56780	Syntrophus aciditrophicus SB	4	TRUE	environmental_samples	
ENVO:01000246	24	NCBITaxon:592015	Acetomicrobium hydrogeniformans ATCC BAA-1850	4	TRUE	environmental_samples	
ENVO:01000246	25	NCBITaxon:702452	Listeria seeligeri FSL S4-171	4	TRUE	environmental_samples	
ENVO:01000249	1	NCBITaxon:1111737	Thermocrispum municipale DSM 44069	4	TRUE	annotated_genomes_isolates	
ENVO:01000249	2	NCBITaxon:266940	Kineococcus radiotolerans SRS30216 = ATCC BAA-149	4	TRUE	environmental_samples	
ENVO:01000249	3	NCBITaxon:36987		4	TRUE	environmental_samples	
ENVO:01000249	4	NCBITaxon:39777	Veillonella atypica	4	TRUE	environmental_samples	
ENVO:01000249	5	NCBITaxon:411461	Dorea formicigenerans ATCC 27755	4	TRUE	environmental_samples	
ENVO:01000249	6	NCBITaxon:411485	Faecalibacterium prausnitzii M21/2	4	TRUE	environmental_samples	
ENVO:01000249	7	NCBITaxon:471852	Thermomonospora curvata DSM 43183	4	TRUE	annotated_genomes_isolates|environmental_samples	
ENVO:01000249	8	NCBITaxon:501571	Butyricicoccus pullicaecorum	4	TRUE	environmental_samples	
ENVO:01000249	9	NCBITaxon:60133	Prevotella pallens	4	TRUE	environmental_samples	
ENVO:01000249	10	NCBITaxon:9606		4	TRUE	environmental_samples	
ENVO:01000249	11	NCBITaxon:4513		2.62879	TRUE	environmental_samples	
ENVO:01000249	12	NCBITaxon:257314	Lactobacillus johnsonii NCC 533	2.5968	TRUE	environmental_samples	
ENVO:01000249	13	NCBITaxon:565645	Enterococcus faecalis Merz96	2.59191	TRUE	environmental_samples	
ENVO:01000249	14	NCBITaxon:226185	Enterococcus faecalis V583	2.57483	TRUE	environmental_samples	
ENVO:01000249	15	NCBITaxon:2087	Anaeroplasma abactoclasticum	2.55401	TRUE	environmental_samples	
ENVO:01000249	16	NCBITaxon:1622	Ligilactobacillus murinus	2.5427	TRUE	environmental_samples	
ENVO:01000249	17	NCBITaxon:536231	Roseburia intestinalis L1-82	2.5345	TRUE	environmental_samples	
ENVO:01000249	18	NCBITaxon:695560	Lactobacillus amylovorus GRL 1112	2.5344	TRUE	environmental_samples	
ENVO:01000249	19	NCBITaxon:622312	Roseburia inulinivorans DSM 16841	2.53274	TRUE	environmental_samples	
ENVO:01000249	20	NCBITaxon:1587	Lactobacillus helveticus	2.53255	TRUE	environmental_samples	
ENVO:01000249	21	NCBITaxon:349741	Akkermansia muciniphila ATCC BAA-835	2.523	TRUE	environmental_samples	
ENVO:01000249	22	NCBITaxon:411463	Eubacterium ventriosum ATCC 27560	2.52298	TRUE	environmental_samples	
ENVO:01000249	23	NCBITaxon:10090		2.52213	TRUE	environmental_samples	
ENVO:01000249	24	NCBITaxon:411467	Pseudoflavonifractor capillosus ATCC 29799	2.51631	TRUE	environmental_samples	
ENVO:01000249	25	NCBITaxon:500632	[Clostridium] nexile DSM 1787	2.51444	TRUE	environmental_samples	
ENVO:01000250	1	NCBITaxon:10090		4	TRUE	environmental_samples	
ENVO:01000250	2	NCBITaxon:10116		4	TRUE	environmental_samples	
ENVO:01000250	3	NCBITaxon:101510	Rhodococcus jostii RHA1	4	TRUE	environmental_samples	
ENVO:01000250	4	NCBITaxon:1027	Microscilla marina	4	TRUE	environmental_samples	
ENVO:01000250	5	NCBITaxon:103	Flectobacillus major	4	TRUE	environmental_samples	
ENVO:01000250	6	NCBITaxon:104097	Acetobacter estunensis	4	TRUE	environmental_samples	
ENVO:01000250	7	NCBITaxon:1045010	Escherichia coli O157	4	TRUE	environmental_samples	
ENVO:01000250	8	NCBITaxon:104791		4	TRUE	environmental_samples	
ENVO:01000250	9	NCBITaxon:1053	Halorhodospira halophila	4	TRUE	environmental_samples	
ENVO:01000250	10	NCBITaxon:1057	Thiococcus pfennigii	4	TRUE	environmental_samples	
ENVO:01000250	11	NCBITaxon:1058	Thiocapsa roseopersicina	4	TRUE	environmental_samples	
ENVO:01000250	12	NCBITaxon:105949		4	TRUE	environmental_samples	
ENVO:01000250	13	NCBITaxon:1061	Rhodobacter capsulatus	4	TRUE	environmental_samples	
ENVO:01000250	14	NCBITaxon:106370	Frankia casuarinae	4	TRUE	environmental_samples	
ENVO:01000250	15	NCBITaxon:1076	Rhodopseudomonas palustris	4	TRUE	environmental_samples	
ENVO:01000250	16	NCBITaxon:108028	Arcanobacterium pluranimalium	4	TRUE	environmental_samples	
ENVO:01000250	17	NCBITaxon:1082	Magnetospirillum fulvum	4	TRUE	environmental_samples	
ENVO:01000250	18	NCBITaxon:1085	Rhodospirillum rubrum	4	TRUE	environmental_samples	
ENVO:01000250	19	NCBITaxon:109902	Rhizophydium sphaerotheca	4	TRUE	environmental_samples	
ENVO:01000250	20	NCBITaxon:109966	Uebelmesseromyces harderi	4	TRUE	environmental_samples	
ENVO:01000250	21	NCBITaxon:110479	Asaia siamensis	4	TRUE	environmental_samples	
ENVO:01000250	22	NCBITaxon:110500	Pelotomaculum thermopropionicum	4	TRUE	environmental_samples	
ENVO:01000250	23	NCBITaxon:110539		4	TRUE	environmental_samples	
ENVO:01000250	24	NCBITaxon:114615	Bradyrhizobium sp. ORS 278	4	TRUE	environmental_samples	
ENVO:01000250	25	NCBITaxon:115561		4	TRUE	environmental_samples	
ENVO:01000252	1	NCBITaxon:148219	uncultured Crater Lake bacterium CL500-11	3	TRUE	annotated_genomes_isolates	
ENVO:01000254	1	NCBITaxon:1068980	Amycolatopsis nigrescens CSC17Ta-90	4	TRUE	annotated_genomes_isolates	
ENVO:01000254	2	NCBITaxon:1096246	Hungatella effluvii	4	TRUE	annotated_genomes_isolates	
ENVO:01000254	3	NCBITaxon:1101402	Flavobacterium aciduliphilum	4	TRUE	annotated_genomes_isolates	
ENVO:01000254	4	NCBITaxon:1122923	Paenibacillus pasadenensis DSM 19293	4	TRUE	annotated_genomes_isolates	
ENVO:01000254	5	NCBITaxon:1175486	Nocardioides albertanoniae	4	TRUE	annotated_genomes_isolates	
ENVO:01000254	6	NCBITaxon:1541063	Prolixibacter denitrificans	4	TRUE	annotated_genomes_isolates	
ENVO:01000254	7	NCBITaxon:154117	Georgenia muralis	4	TRUE	annotated_genomes_isolates	
ENVO:01000254	8	NCBITaxon:172045	Elizabethkingia miricola	4	TRUE	annotated_genomes_isolates	
ENVO:01000254	9	NCBITaxon:237611	Sphingomonas abaci	4	TRUE	annotated_genomes_isolates	
ENVO:01000254	10	NCBITaxon:271432	Arthrobacter pigmenti	4	TRUE	annotated_genomes_isolates	
ENVO:01000254	11	NCBITaxon:388051	Cupriavidus sp. amp6	4	TRUE	annotated_genomes_isolates	
ENVO:01000254	12	NCBITaxon:420662	Methylibium petroleiphilum PM1	4	TRUE	annotated_genomes_isolates	
ENVO:01000254	13	NCBITaxon:588067	Prauserella muralis	4	TRUE	annotated_genomes_isolates	
ENVO:01000254	14	NCBITaxon:682979	Microlunatus parietis	4	TRUE	annotated_genomes_isolates	
ENVO:01000254	15	NCBITaxon:763993	Pseudokineococcus lusitanus	4	TRUE	annotated_genomes_isolates	
ENVO:01000254	16	NCBITaxon:861865	Edaphosphingomonas laterariae	4	TRUE	annotated_genomes_isolates	
ENVO:01000254	17	NCBITaxon:935546	Mesorhizobium loti NZP2037	4	TRUE	annotated_genomes_isolates	
ENVO:01000254	18	NCBITaxon:936138	Phorcysia thermohydrogeniphila	4	TRUE	annotated_genomes_isolates	
ENVO:01000254	19	NCBITaxon:941907	Allosphingosinicella indica	4	TRUE	annotated_genomes_isolates	
ENVO:01000254	20	NCBITaxon:993414	Naumannella halotolerans	4	TRUE	annotated_genomes_isolates	
ENVO:01000254	21	NCBITaxon:1121019	Arthrobacter castelli DSM 16402	3	TRUE	annotated_genomes_isolates	
ENVO:01000255	1	NCBITaxon:929705	Sulfobacillus thermosulfidooxidans DSM 9293	3	TRUE	annotated_genomes_isolates	
ENVO:01000262	1	NCBITaxon:735332	Leptothrix ochracea L12	3	TRUE	annotated_genomes_isolates	
ENVO:01000262	2	NCBITaxon:563043	Thermococcus sp. AMT11	1.41893	TRUE	environmental_samples	
ENVO:01000262	3	NCBITaxon:110163	Thermococcus aggregans	1.41113	TRUE	environmental_samples	
ENVO:01000262	4	NCBITaxon:523849	Thermococcus litoralis DSM 5473	1.38108	TRUE	environmental_samples	
ENVO:01000262	5	NCBITaxon:2264	Thermococcus celer	1.27512	TRUE	environmental_samples	
ENVO:01000262	6	NCBITaxon:46539	Thermococcus hydrothermalis	1.27316	TRUE	environmental_samples	
ENVO:01000262	7	NCBITaxon:119394	Pseudothermotoga thermarum	1.2557	TRUE	environmental_samples	
ENVO:01000262	8	NCBITaxon:758583	Thermococcus sp. 26/2	1.25033	TRUE	environmental_samples	
ENVO:01000262	9	NCBITaxon:442956	Thermococcus sp. HJ21	1.2131	TRUE	environmental_samples	
ENVO:01000262	10	NCBITaxon:212050	Fervidobacterium sp. YNP	1.19016	TRUE	environmental_samples	
ENVO:01000262	11	NCBITaxon:688066	Kosmotoga arenicorallina	1.17684	TRUE	environmental_samples	
ENVO:01000262	12	NCBITaxon:2423	Fervidobacterium islandicum	1.14658	TRUE	environmental_samples	
ENVO:01000262	13	NCBITaxon:29292	Pyrococcus abyssi	1.13534	TRUE	environmental_samples	
ENVO:01000262	14	NCBITaxon:53953	Pyrococcus horikoshii	1.11219	TRUE	environmental_samples	
ENVO:01000262	15	NCBITaxon:129958	Carboxydothermus hydrogenoformans	1.07809	TRUE	environmental_samples	
ENVO:01000262	16	NCBITaxon:28223	Desulfobacula toluolica	1.06014	TRUE	environmental_samples	
ENVO:01000262	17	NCBITaxon:703612	Bacillus spizizenii ATCC 6633 = JCM 2499	1.02593	TRUE	environmental_samples	
ENVO:01000262	18	NCBITaxon:126741	Thermotoga sp. KOL6	1.00189	TRUE	environmental_samples	
ENVO:01000277	1	NCBITaxon:1385984	Exiguobacterium chiriqhucha	4	TRUE	annotated_genomes_isolates	
ENVO:01000277	2	NCBITaxon:235888	Salinibacterium	4	TRUE	annotated_genomes_isolates	
ENVO:01000277	3	NCBITaxon:29580	Janthinobacterium	4	TRUE	annotated_genomes_isolates	
ENVO:01000277	4	NCBITaxon:748908	Alpinimonas psychrophila	4	TRUE	annotated_genomes_isolates	
ENVO:01000277	5	NCBITaxon:76634	Mycetocola	4	TRUE	annotated_genomes_isolates	
ENVO:01000277	6	NCBITaxon:96492	Frigoribacterium	4	TRUE	annotated_genomes_isolates	
ENVO:01000277	7	NCBITaxon:1397698	Exiguobacterium artemiae 7-3	3	TRUE	annotated_genomes_isolates	
ENVO:01000294	1	NCBITaxon:28136	Segatella oulorum	4	TRUE	annotated_genomes_isolates	
ENVO:01000294	2	NCBITaxon:633147	Olsenella uli DSM 7084	4	TRUE	annotated_genomes_isolates	
ENVO:01000305	1	NCBITaxon:102170	Desulfallas sapomandens	4	TRUE	environmental_samples	
ENVO:01000305	2	NCBITaxon:103836	Thermopolyspora flexuosa	4	TRUE	environmental_samples	
ENVO:01000305	3	NCBITaxon:104176	Oscillochloris trichoides	4	TRUE	environmental_samples	
ENVO:01000305	4	NCBITaxon:104245	Clavaria zollingeri	4	TRUE	environmental_samples	
ENVO:01000305	5	NCBITaxon:112248	Seinonella peptonophila	4	TRUE	environmental_samples	
ENVO:01000305	6	NCBITaxon:115335	Actinomadura rubrobrunea	4	TRUE	environmental_samples	
ENVO:01000305	7	NCBITaxon:115336	Actinomadura vinacea	4	TRUE	environmental_samples	
ENVO:01000305	8	NCBITaxon:1173061	Geotrichum candidum	4	TRUE	environmental_samples	
ENVO:01000305	9	NCBITaxon:122960	Paenalicyclobacillus herbarius	4	TRUE	environmental_samples	
ENVO:01000305	10	NCBITaxon:129338	Geobacillus subterraneus	4	TRUE	environmental_samples	
ENVO:01000305	11	NCBITaxon:1391	Aneurinibacillus aneurinilyticus	4	TRUE	environmental_samples	
ENVO:01000305	12	NCBITaxon:1393	Brevibacillus brevis	4	TRUE	environmental_samples	
ENVO:01000305	13	NCBITaxon:1401	Paenibacillus lautus	4	TRUE	environmental_samples	
ENVO:01000305	14	NCBITaxon:1406	Paenibacillus polymyxa	4	TRUE	environmental_samples	
ENVO:01000305	15	NCBITaxon:1409	Bacillus sp. (in: firmicutes)	4	TRUE	environmental_samples	
ENVO:01000305	16	NCBITaxon:1422	Geobacillus stearothermophilus	4	TRUE	environmental_samples	
ENVO:01000305	17	NCBITaxon:143495	Aneurinibacillus thermoaerophilus	4	TRUE	environmental_samples	
ENVO:01000305	18	NCBITaxon:1472	Paenibacillus pabuli	4	TRUE	environmental_samples	
ENVO:01000305	19	NCBITaxon:1479	Bacillus smithii	4	TRUE	environmental_samples	
ENVO:01000305	20	NCBITaxon:1484	Hydrogenibacillus schlegelii	4	TRUE	environmental_samples	
ENVO:01000305	21	NCBITaxon:1510	Thermoclostridium stercorarium	4	TRUE	environmental_samples	
ENVO:01000305	22	NCBITaxon:153151	Parageobacillus toebii	4	TRUE	environmental_samples	
ENVO:01000305	23	NCBITaxon:153376	Pseudonocardia zijingensis	4	TRUE	environmental_samples	
ENVO:01000305	24	NCBITaxon:155866	Weissella soli	4	TRUE	environmental_samples	
ENVO:01000305	25	NCBITaxon:1565	Desulfotomaculum nigrificans	4	TRUE	environmental_samples	
ENVO:01000306	1	NCBITaxon:1265	Ruminococcus flavefaciens	4	TRUE	environmental_samples	
ENVO:01000306	2	NCBITaxon:1409	Bacillus sp. (in: firmicutes)	4	TRUE	environmental_samples	
ENVO:01000306	3	NCBITaxon:173	Leptospira interrogans	4	TRUE	environmental_samples	
ENVO:01000306	4	NCBITaxon:193	Azospirillum lipoferum	4	TRUE	environmental_samples	
ENVO:01000306	5	NCBITaxon:214688	Gemmata obscuriglobus UQM 2246	4	TRUE	environmental_samples	
ENVO:01000306	6	NCBITaxon:266940	Kineococcus radiotolerans SRS30216 = ATCC BAA-149	4	TRUE	environmental_samples	
ENVO:01000306	7	NCBITaxon:28122	Fibrobacter intestinalis	4	TRUE	environmental_samples	
ENVO:01000306	8	NCBITaxon:28262	Thermodesulfovibrio yellowstonii	4	TRUE	environmental_samples	
ENVO:01000306	9	NCBITaxon:29290	Candidatus Magnetobacterium bavaricum	4	TRUE	environmental_samples	
ENVO:01000306	10	NCBITaxon:29346	Alkalithermobacter thermoalcaliphilus	4	TRUE	environmental_samples	
ENVO:01000306	11	NCBITaxon:29539	Thermoleophilum album	4	TRUE	environmental_samples	
ENVO:01000306	12	NCBITaxon:29549	Rhodothermus marinus	4	TRUE	environmental_samples	
ENVO:01000306	13	NCBITaxon:31910	Halovibrio variabilis	4	TRUE	environmental_samples	
ENVO:01000306	14	NCBITaxon:330214	Nitrospira defluvii	4	TRUE	environmental_samples	
ENVO:01000306	15	NCBITaxon:36987		4	TRUE	environmental_samples	
ENVO:01000306	16	NCBITaxon:379066	Gemmatimonas aurantiaca T-27	4	TRUE	environmental_samples	
ENVO:01000306	17	NCBITaxon:391606	Caldanaerobacter subterraneus subsp. pacificus DSM 12653	4	TRUE	environmental_samples	
ENVO:01000306	18	NCBITaxon:393131	Listeria monocytogenes J2818	4	TRUE	environmental_samples	
ENVO:01000306	19	NCBITaxon:393480	Fusobacterium polymorphum ATCC 10953	4	TRUE	environmental_samples	
ENVO:01000306	20	NCBITaxon:39946		4	TRUE	environmental_samples	
ENVO:01000306	21	NCBITaxon:411462	Dorea longicatena DSM 13814	4	TRUE	environmental_samples	
ENVO:01000306	22	NCBITaxon:411467	Pseudoflavonifractor capillosus ATCC 29799	4	TRUE	environmental_samples	
ENVO:01000306	23	NCBITaxon:411477	Parabacteroides merdae ATCC 43184	4	TRUE	environmental_samples	
ENVO:01000306	24	NCBITaxon:411485	Faecalibacterium prausnitzii M21/2	4	TRUE	environmental_samples	
ENVO:01000306	25	NCBITaxon:411902	Enterocloster bolteae ATCC BAA-613	4	TRUE	environmental_samples	
ENVO:01000309	1	NCBITaxon:9483		1.57638	TRUE	environmental_samples	
ENVO:01000309	2	NCBITaxon:9544		1.53982	TRUE	environmental_samples	
ENVO:01000309	3	NCBITaxon:9606		1.49448	TRUE	environmental_samples	
ENVO:01000309	4	NCBITaxon:742741	[Clostridium] symbiosum WAL-14673	1.33642	TRUE	environmental_samples	
ENVO:01000309	5	NCBITaxon:526968	Bacillus cereus R309803	1.27489	TRUE	environmental_samples	
ENVO:01000309	6	NCBITaxon:205922	Pseudomonas fluorescens Pf0-1	1.25587	TRUE	environmental_samples	
ENVO:01000309	7	NCBITaxon:9615		1.24865	TRUE	environmental_samples	
ENVO:01000309	8	NCBITaxon:502915	Pseudomonas sp. AW54a	1.21893	TRUE	environmental_samples	
ENVO:01000309	9	NCBITaxon:746360	Pseudomonas fluorescens WH6	1.21268	TRUE	environmental_samples	
ENVO:01000309	10	NCBITaxon:216595	Pseudomonas [fluorescens] SBW25	1.20632	TRUE	environmental_samples	
ENVO:01000309	11	NCBITaxon:697282	Methylobacter tundripaludum SV96	1.205	TRUE	environmental_samples	
ENVO:01000309	12	NCBITaxon:287	Pseudomonas aeruginosa	1.13683	TRUE	environmental_samples	
ENVO:01000309	13	NCBITaxon:411469	Anaerobutyricum hallii DSM 3353	1.1318	TRUE	environmental_samples	
ENVO:01000309	14	NCBITaxon:76114	Aromatoleum aromaticum EbN1	1.12132	TRUE	environmental_samples	
ENVO:01000309	15	NCBITaxon:85643		1.12008	TRUE	environmental_samples	
ENVO:01000309	16	NCBITaxon:402881	Parvibaculum lavamentivorans DS-1	1.11663	TRUE	environmental_samples	
ENVO:01000309	17	NCBITaxon:707232	Acinetobacter haemolyticus ATCC 19194	1.1155	TRUE	environmental_samples	
ENVO:01000309	18	NCBITaxon:90371	Salmonella enterica subsp. enterica serovar Typhimurium	1.11536	TRUE	environmental_samples	
ENVO:01000309	19	NCBITaxon:424718	Shigella flexneri 5a	1.10355	TRUE	environmental_samples	
ENVO:01000309	20	NCBITaxon:580332	Sideroxydans lithotrophicus ES-1	1.0951	TRUE	environmental_samples	
ENVO:01000309	21	NCBITaxon:882869	Salmonella enterica subsp. enterica serovar Montevideo str. IA_2010008287	1.09383	TRUE	environmental_samples	
ENVO:01000309	22	NCBITaxon:214688	Gemmata obscuriglobus UQM 2246	1.09004	TRUE	environmental_samples	
ENVO:01000309	23	NCBITaxon:204773	Herminiimonas arsenicoxydans	1.07022	TRUE	environmental_samples	
ENVO:01000309	24	NCBITaxon:398578	Delftia acidovorans SPH-1	1.0589	TRUE	environmental_samples	
ENVO:01000309	25	NCBITaxon:391735	Verminephrobacter eiseniae EF01-2	1.05193	TRUE	environmental_samples	
ENVO:01000311	1	NCBITaxon:103810	Riemerella columbina	4	TRUE	environmental_samples	
ENVO:01000311	2	NCBITaxon:104245	Clavaria zollingeri	4	TRUE	environmental_samples	
ENVO:01000311	3	NCBITaxon:114628	Alkaliphilus transvaalensis	4	TRUE	environmental_samples	
ENVO:01000311	4	NCBITaxon:1397	Niallia circulans	4	TRUE	environmental_samples	
ENVO:01000311	5	NCBITaxon:149712	Desulfovirga adipica	4	TRUE	environmental_samples	
ENVO:01000311	6	NCBITaxon:152	Zuelzera stenostrepta	4	TRUE	environmental_samples	
ENVO:01000311	7	NCBITaxon:153501	uncultured Methylocystis sp.	4	TRUE	environmental_samples	
ENVO:01000311	8	NCBITaxon:156	Teretinema zuelzerae	4	TRUE	environmental_samples	
ENVO:01000311	9	NCBITaxon:158192	Desulfuromonas michiganensis	4	TRUE	environmental_samples	
ENVO:01000311	10	NCBITaxon:173	Leptospira interrogans	4	TRUE	environmental_samples	
ENVO:01000311	11	NCBITaxon:1855	Frankia sp.	4	TRUE	environmental_samples	
ENVO:01000311	12	NCBITaxon:186741	uncultured Geobacter sp.	4	TRUE	environmental_samples	
ENVO:01000311	13	NCBITaxon:200125	Nitrosomonas sp. Nm86	4	TRUE	environmental_samples	
ENVO:01000311	14	NCBITaxon:214688	Gemmata obscuriglobus UQM 2246	4	TRUE	environmental_samples	
ENVO:01000311	15	NCBITaxon:266940	Kineococcus radiotolerans SRS30216 = ATCC BAA-149	4	TRUE	environmental_samples	
ENVO:01000311	16	NCBITaxon:28122	Fibrobacter intestinalis	4	TRUE	environmental_samples	
ENVO:01000311	17	NCBITaxon:28251	Ornithobacterium rhinotracheale	4	TRUE	environmental_samples	
ENVO:01000311	18	NCBITaxon:28262	Thermodesulfovibrio yellowstonii	4	TRUE	environmental_samples	
ENVO:01000311	19	NCBITaxon:286698	Geobacter psychrophilus	4	TRUE	environmental_samples	
ENVO:01000311	20	NCBITaxon:29290	Candidatus Magnetobacterium bavaricum	4	TRUE	environmental_samples	
ENVO:01000311	21	NCBITaxon:29346	Alkalithermobacter thermoalcaliphilus	4	TRUE	environmental_samples	
ENVO:01000311	22	NCBITaxon:29355	Ruminiclostridium cellobioparum	4	TRUE	environmental_samples	
ENVO:01000311	23	NCBITaxon:29549	Rhodothermus marinus	4	TRUE	environmental_samples	
ENVO:01000311	24	NCBITaxon:31910	Halovibrio variabilis	4	TRUE	environmental_samples	
ENVO:01000311	25	NCBITaxon:330214	Nitrospira defluvii	4	TRUE	environmental_samples	
ENVO:01000313	1	NCBITaxon:1012	Sporocytophaga cauliformis	4	TRUE	environmental_samples	
ENVO:01000313	2	NCBITaxon:103	Flectobacillus major	4	TRUE	environmental_samples	
ENVO:01000313	3	NCBITaxon:104245	Clavaria zollingeri	4	TRUE	environmental_samples	
ENVO:01000313	4	NCBITaxon:104336	Microbacterium foliorum	4	TRUE	environmental_samples	
ENVO:01000313	5	NCBITaxon:1061	Rhodobacter capsulatus	4	TRUE	environmental_samples	
ENVO:01000313	6	NCBITaxon:106111	Pedobacter sp. KP-2	4	TRUE	environmental_samples	
ENVO:01000313	7	NCBITaxon:1063	Cereibacter sphaeroides	4	TRUE	environmental_samples	
ENVO:01000313	8	NCBITaxon:106592	Ensifer adhaerens	4	TRUE	environmental_samples	
ENVO:01000313	9	NCBITaxon:107400	Methylobacterium fujisawaense	4	TRUE	environmental_samples	
ENVO:01000313	10	NCBITaxon:1079	Blastochloris viridis	4	TRUE	environmental_samples	
ENVO:01000313	11	NCBITaxon:110319	Nocardioides sp. CF8	4	TRUE	environmental_samples	
ENVO:01000313	12	NCBITaxon:110539		4	TRUE	environmental_samples	
ENVO:01000313	13	NCBITaxon:110645	Arthrobacter sp. 'SMCC ZAT004'	4	TRUE	environmental_samples	
ENVO:01000313	14	NCBITaxon:111143	Alishewanella fetalis	4	TRUE	environmental_samples	
ENVO:01000313	15	NCBITaxon:112235	Neochlamydia hartmannellae	4	TRUE	environmental_samples	
ENVO:01000313	16	NCBITaxon:114707	uncultured Pseudomonas sp.	4	TRUE	environmental_samples	
ENVO:01000313	17	NCBITaxon:114715	uncultured Ralstonia sp.	4	TRUE	environmental_samples	
ENVO:01000313	18	NCBITaxon:114847	uncultured Roseobacter sp.	4	TRUE	environmental_samples	
ENVO:01000313	19	NCBITaxon:117506	Comamonas denitrificans	4	TRUE	environmental_samples	
ENVO:01000313	20	NCBITaxon:1231	Nitrosospira multiformis	4	TRUE	environmental_samples	
ENVO:01000313	21	NCBITaxon:124798	Microbacterium phyllosphaerae	4	TRUE	environmental_samples	
ENVO:01000313	22	NCBITaxon:1260	Finegoldia magna	4	TRUE	environmental_samples	
ENVO:01000313	23	NCBITaxon:126843	Mesorhizobium chacoense	4	TRUE	environmental_samples	
ENVO:01000313	24	NCBITaxon:1270	Micrococcus luteus	4	TRUE	environmental_samples	
ENVO:01000313	25	NCBITaxon:1275	Kocuria rosea	4	TRUE	environmental_samples	
ENVO:01000316	1	NCBITaxon:238	Elizabethkingia meningoseptica	4	TRUE	environmental_samples	
ENVO:01000316	2	NCBITaxon:28188	Capnocytophaga canimorsus	4	TRUE	environmental_samples	
ENVO:01000316	3	NCBITaxon:36987		4	TRUE	environmental_samples	
ENVO:01000316	4	NCBITaxon:379066	Gemmatimonas aurantiaca T-27	4	TRUE	environmental_samples	
ENVO:01000316	5	NCBITaxon:379347	Tritonibacter mobilis	4	TRUE	environmental_samples	
ENVO:01000316	6	NCBITaxon:384	Rhizobium leguminosarum	4	TRUE	environmental_samples	
ENVO:01000316	7	NCBITaxon:4558		4	TRUE	environmental_samples	
ENVO:01000316	8	NCBITaxon:996	Flavobacterium columnare	4	TRUE	environmental_samples	
ENVO:01000316	9	NCBITaxon:54121	Halanaerobium congolense	1.10314	TRUE	environmental_samples	
ENVO:01000316	10	NCBITaxon:53245	Desulfonatronovibrio hydrogenovorans	1.08264	TRUE	environmental_samples	
ENVO:01000317	1	NCBITaxon:234267	Candidatus Solibacter usitatus Ellin6076	2.07388	TRUE	environmental_samples	
ENVO:01000317	2	NCBITaxon:926569	Anaerolinea thermophila UNI-1	2.06112	TRUE	environmental_samples	
ENVO:01000317	3	NCBITaxon:330214	Nitrospira defluvii	2.05766	TRUE	environmental_samples	
ENVO:01000317	4	NCBITaxon:56	Sorangium cellulosum	2.0544	TRUE	environmental_samples	
ENVO:01000317	5	NCBITaxon:296591	Polaromonas sp. JS666	2.03919	TRUE	environmental_samples	
ENVO:01000317	6	NCBITaxon:418699	Azoarcus olearius	2.03125	TRUE	environmental_samples	
ENVO:01000317	7	NCBITaxon:543728	Variovorax paradoxus S110	2.02813	TRUE	environmental_samples	
ENVO:01000317	8	NCBITaxon:264462	Bdellovibrio bacteriovorus HD100	2.02759	TRUE	environmental_samples	
ENVO:01000317	9	NCBITaxon:159087	Dechloromonas aromatica RCB	2.02744	TRUE	environmental_samples	
ENVO:01000317	10	NCBITaxon:404589	Anaeromyxobacter sp. Fw109-5	2.02558	TRUE	environmental_samples	
ENVO:01000317	11	NCBITaxon:485913	Ktedonobacter racemifer DSM 44963	2.0238	TRUE	environmental_samples	
ENVO:01000317	12	NCBITaxon:196162	Nocardioides sp. JS614	2.0221	TRUE	environmental_samples	
ENVO:01000317	13	NCBITaxon:379066	Gemmatimonas aurantiaca T-27	2.02204	TRUE	environmental_samples	
ENVO:01000317	14	NCBITaxon:378806	Allostigmatella aurantiaca DW4/3-1	2.02147	TRUE	environmental_samples	
ENVO:01000317	15	NCBITaxon:502025	Haliangium ochraceum DSM 14365	2.02109	TRUE	environmental_samples	
ENVO:01000317	16	NCBITaxon:314230	Blastopirellula marina DSM 3645	2.01852	TRUE	environmental_samples	
ENVO:01000317	17	NCBITaxon:469383	Conexibacter woesei DSM 14684	2.01747	TRUE	environmental_samples	
ENVO:01000317	18	NCBITaxon:338969	Rhodoferax ferrireducens T118	2.01743	TRUE	environmental_samples	
ENVO:01000317	19	NCBITaxon:246197	Myxococcus xanthus DK 1622	2.01513	TRUE	environmental_samples	
ENVO:01000317	20	NCBITaxon:575540	Isosphaera pallida ATCC 43644	2.0125	TRUE	environmental_samples	
ENVO:01000317	21	NCBITaxon:224911	Bradyrhizobium diazoefficiens USDA 110	2.0124	TRUE	environmental_samples	
ENVO:01000317	22	NCBITaxon:214688	Gemmata obscuriglobus UQM 2246	2.01221	TRUE	environmental_samples	
ENVO:01000317	23	NCBITaxon:479434	Sphaerobacter thermophilus DSM 20745	2.0112	TRUE	environmental_samples	
ENVO:01000317	24	NCBITaxon:240016	Verrucomicrobium spinosum DSM 4136 = JCM 18804	2.01028	TRUE	environmental_samples	
ENVO:01000317	25	NCBITaxon:391625	Plesiocystis pacifica SIR-1	2.01027	TRUE	environmental_samples	
ENVO:01000320	1	NCBITaxon:1018	Capnocytophaga ochracea	4	TRUE	environmental_samples	
ENVO:01000320	2	NCBITaxon:1026	Marinoscillum furvescens	4	TRUE	environmental_samples	
ENVO:01000320	3	NCBITaxon:1027	Microscilla marina	4	TRUE	environmental_samples	
ENVO:01000320	4	NCBITaxon:104268	Tenacibaculum mesophilum	4	TRUE	environmental_samples	
ENVO:01000320	5	NCBITaxon:104269	Tenacibaculum amylolyticum	4	TRUE	environmental_samples	
ENVO:01000320	6	NCBITaxon:104270	Tenacibaculum ovolyticum	4	TRUE	environmental_samples	
ENVO:01000320	7	NCBITaxon:1053	Halorhodospira halophila	4	TRUE	environmental_samples	
ENVO:01000320	8	NCBITaxon:1063	Cereibacter sphaeroides	4	TRUE	environmental_samples	
ENVO:01000320	9	NCBITaxon:107401	Tenacibaculum maritimum	4	TRUE	environmental_samples	
ENVO:01000320	10	NCBITaxon:1085	Rhodospirillum rubrum	4	TRUE	environmental_samples	
ENVO:01000320	11	NCBITaxon:1112	Erythrobacter neustonensis	4	TRUE	environmental_samples	
ENVO:01000320	12	NCBITaxon:114707	uncultured Pseudomonas sp.	4	TRUE	environmental_samples	
ENVO:01000320	13	NCBITaxon:114847	uncultured Roseobacter sp.	4	TRUE	environmental_samples	
ENVO:01000320	14	NCBITaxon:119542	Roseinatronobacter bogoriensis	4	TRUE	environmental_samples	
ENVO:01000320	15	NCBITaxon:124	Blastopirellula marina	4	TRUE	environmental_samples	
ENVO:01000320	16	NCBITaxon:1270	Micrococcus luteus	4	TRUE	environmental_samples	
ENVO:01000320	17	NCBITaxon:1275	Kocuria rosea	4	TRUE	environmental_samples	
ENVO:01000320	18	NCBITaxon:128	Isosphaera pallida	4	TRUE	environmental_samples	
ENVO:01000320	19	NCBITaxon:1282	Staphylococcus epidermidis	4	TRUE	environmental_samples	
ENVO:01000320	20	NCBITaxon:1396	Bacillus cereus	4	TRUE	environmental_samples	
ENVO:01000320	21	NCBITaxon:1402	Bacillus licheniformis	4	TRUE	environmental_samples	
ENVO:01000320	22	NCBITaxon:1406	Paenibacillus polymyxa	4	TRUE	environmental_samples	
ENVO:01000320	23	NCBITaxon:1408	Bacillus pumilus	4	TRUE	environmental_samples	
ENVO:01000320	24	NCBITaxon:1423	Bacillus subtilis	4	TRUE	environmental_samples	
ENVO:01000320	25	NCBITaxon:143223	Salegentibacter salegens	4	TRUE	environmental_samples	
ENVO:02000049	1	NCBITaxon:203124	Trichodesmium erythraeum IMS101	3	TRUE	annotated_genomes_isolates	
ENVO:02000049	2	NCBITaxon:479639		1.27316	TRUE	environmental_samples	
ENVO:02000049	3	NCBITaxon:1423144	Phaeobacter gallaeciensis DSM 26640	1.15946	TRUE	environmental_samples	
ENVO:02000049	4	NCBITaxon:41880		1.15339	TRUE	environmental_samples	
ENVO:02000049	5	NCBITaxon:675813	Vibrio metschnikovii CIP 69.14	1.13742	TRUE	environmental_samples	
ENVO:02000049	6	NCBITaxon:383629	Phaeobacter inhibens 2.10	1.13379	TRUE	environmental_samples	
ENVO:02000049	7	NCBITaxon:314608	Shewanella benthica KT99	1.13164	TRUE	environmental_samples	
ENVO:02000049	8	NCBITaxon:398579	Shewanella pealeana ATCC 700345	1.12656	TRUE	environmental_samples	
ENVO:02000049	9	NCBITaxon:314267	Sulfitobacter sp. NAS-14.1	1.12444	TRUE	environmental_samples	
ENVO:02000049	10	NCBITaxon:314291	Vibrio splendidus 12B01	1.12068	TRUE	environmental_samples	
ENVO:02000049	11	NCBITaxon:309807	Salinibacter ruber DSM 13855	1.12051	TRUE	environmental_samples	
ENVO:02000049	12	NCBITaxon:298386	Photobacterium profundum SS9	1.11859	TRUE	environmental_samples	
ENVO:02000049	13	NCBITaxon:439497	Ruegeria sp. R11	1.11608	TRUE	environmental_samples	
ENVO:02000049	14	NCBITaxon:370106	Thermococcus sp. GT	1.1131	TRUE	environmental_samples	
ENVO:02000049	15	NCBITaxon:761659	Salinibacter ruber M8	1.11264	TRUE	environmental_samples	
ENVO:02000049	16	NCBITaxon:225849	Shewanella piezotolerans WP3	1.11248	TRUE	environmental_samples	
ENVO:02000049	17	NCBITaxon:39947		1.11029	TRUE	environmental_samples	
ENVO:02000049	18	NCBITaxon:234831	Pseudoalteromonas sp. SM9913	1.10933	TRUE	environmental_samples	
ENVO:02000049	19	NCBITaxon:526947	Rhizobium etli GR56	1.10523	TRUE	environmental_samples	
ENVO:02000049	20	NCBITaxon:292414	Ruegeria sp. TM1040	1.10441	TRUE	environmental_samples	
ENVO:02000049	21	NCBITaxon:326442	Pseudoalteromonas translucida TAC125	1.10411	TRUE	environmental_samples	
ENVO:02000049	22	NCBITaxon:675817	Photobacterium damselae subsp. damselae CIP 102761	1.10385	TRUE	environmental_samples	
ENVO:02000049	23	NCBITaxon:349106	Psychrobacter sp. PRwf-1	1.10365	TRUE	environmental_samples	
ENVO:02000049	24	NCBITaxon:556484	Phaeodactylum tricornutum CCAP 1055/1	1.10324	TRUE	environmental_samples	
ENVO:02000049	25	NCBITaxon:393595	Alcanivorax borkumensis SK2	1.10279	TRUE	environmental_samples	
ENVO:02000059	1	NCBITaxon:426117	Methylobacterium sp. 4-46	1.64209	TRUE	environmental_samples	
ENVO:02000059	2	NCBITaxon:240015	Acidobacterium capsulatum ATCC 51196	1.63707	TRUE	environmental_samples	
ENVO:02000059	3	NCBITaxon:401053	Terriglobus saanensis SP1PR4	1.62727	TRUE	environmental_samples	
ENVO:02000059	4	NCBITaxon:335543	Syntrophobacter fumaroxidans MPOB	1.62621	TRUE	environmental_samples	
ENVO:02000059	5	NCBITaxon:379066	Gemmatimonas aurantiaca T-27	1.62526	TRUE	environmental_samples	
ENVO:02000059	6	NCBITaxon:575540	Isosphaera pallida ATCC 43644	1.62503	TRUE	environmental_samples	
ENVO:02000059	7	NCBITaxon:224911	Bradyrhizobium diazoefficiens USDA 110	1.62494	TRUE	environmental_samples	
ENVO:02000059	8	NCBITaxon:330214	Nitrospira defluvii	1.62481	TRUE	environmental_samples	
ENVO:02000059	9	NCBITaxon:530564	Pirellula staleyi DSM 6068	1.62455	TRUE	environmental_samples	
ENVO:02000059	10	NCBITaxon:502025	Haliangium ochraceum DSM 14365	1.62432	TRUE	environmental_samples	
ENVO:02000059	11	NCBITaxon:264462	Bdellovibrio bacteriovorus HD100	1.62391	TRUE	environmental_samples	
ENVO:02000059	12	NCBITaxon:316067	Geotalea daltonii FRC-32	1.62297	TRUE	environmental_samples	
ENVO:02000059	13	NCBITaxon:391625	Plesiocystis pacifica SIR-1	1.6228	TRUE	environmental_samples	
ENVO:02000059	14	NCBITaxon:521674	Planctopirus limnophila DSM 3776	1.62222	TRUE	environmental_samples	
ENVO:02000059	15	NCBITaxon:314230	Blastopirellula marina DSM 3645	1.62174	TRUE	environmental_samples	
ENVO:02000059	16	NCBITaxon:56	Sorangium cellulosum	1.62155	TRUE	environmental_samples	
ENVO:02000059	17	NCBITaxon:159254	Parachlamydia acanthamoebae str. Hall's coccus	1.62147	TRUE	environmental_samples	
ENVO:02000059	18	NCBITaxon:314253	Nitrobacter sp. Nb-311A	1.62139	TRUE	environmental_samples	
ENVO:02000059	19	NCBITaxon:469383	Conexibacter woesei DSM 14684	1.6207	TRUE	environmental_samples	
ENVO:02000059	20	NCBITaxon:344747	Gimesia maris DSM 8797	1.61997	TRUE	environmental_samples	
ENVO:02000059	21	NCBITaxon:447217	Anaeromyxobacter sp. K	1.61599	TRUE	environmental_samples	
ENVO:02000059	22	NCBITaxon:378806	Allostigmatella aurantiaca DW4/3-1	1.6155	TRUE	environmental_samples	
ENVO:02000059	23	NCBITaxon:652103	Rhodopseudomonas palustris DX-1	1.61391	TRUE	environmental_samples	
ENVO:02000059	24	NCBITaxon:240016	Verrucomicrobium spinosum DSM 4136 = JCM 18804	1.6135	TRUE	environmental_samples	
ENVO:02000059	25	NCBITaxon:422289	Beggiatoa sp. PS	1.61309	TRUE	environmental_samples	
ENVO:2100002	1	NCBITaxon:10020		4	TRUE	environmental_samples	
ENVO:2100002	2	NCBITaxon:10090		4	TRUE	environmental_samples	
ENVO:2100002	3	NCBITaxon:10116		4	TRUE	environmental_samples	
ENVO:2100002	4	NCBITaxon:1014	Weeksella virosa	4	TRUE	environmental_samples	
ENVO:2100002	5	NCBITaxon:1026	Marinoscillum furvescens	4	TRUE	environmental_samples	
ENVO:2100002	6	NCBITaxon:103810	Riemerella columbina	4	TRUE	environmental_samples	
ENVO:2100002	7	NCBITaxon:103836	Thermopolyspora flexuosa	4	TRUE	environmental_samples	
ENVO:2100002	8	NCBITaxon:103892	Veillonella ratti	4	TRUE	environmental_samples	
ENVO:2100002	9	NCBITaxon:104245	Clavaria zollingeri	4	TRUE	environmental_samples	
ENVO:2100002	10	NCBITaxon:1045010	Escherichia coli O157	4	TRUE	environmental_samples	MADIN
ENVO:2100002	11	NCBITaxon:106111	Pedobacter sp. KP-2	4	TRUE	environmental_samples	
ENVO:2100002	12	NCBITaxon:106147	Pelistega europaea	4	TRUE	environmental_samples	
ENVO:2100002	13	NCBITaxon:108028	Arcanobacterium pluranimalium	4	TRUE	environmental_samples	
ENVO:2100002	14	NCBITaxon:108328	Anaerobranca gottschalkii	4	TRUE	environmental_samples	
ENVO:2100002	15	NCBITaxon:110101	Laceyella putida	4	TRUE	environmental_samples	
ENVO:2100002	16	NCBITaxon:111844	Mannheimia pernigra	4	TRUE	environmental_samples	
ENVO:2100002	17	NCBITaxon:112002	Psychrobacter pacificensis	4	TRUE	environmental_samples	
ENVO:2100002	18	NCBITaxon:114628	Alkaliphilus transvaalensis	4	TRUE	environmental_samples	
ENVO:2100002	19	NCBITaxon:114707	uncultured Pseudomonas sp.	4	TRUE	environmental_samples	
ENVO:2100002	20	NCBITaxon:114715	uncultured Ralstonia sp.	4	TRUE	environmental_samples	
ENVO:2100002	21	NCBITaxon:116087	Gallicola barnesae	4	TRUE	environmental_samples	
ENVO:2100002	22	NCBITaxon:117680	Pseudomonas reactans	4	TRUE	environmental_samples	
ENVO:2100002	23	NCBITaxon:119206	Aerococcus sanguinicola	4	TRUE	environmental_samples	
ENVO:2100002	24	NCBITaxon:122866	Arthrobacter keyseri	4	TRUE	environmental_samples	
ENVO:2100002	25	NCBITaxon:124798	Microbacterium phyllosphaerae	4	TRUE	environmental_samples	
ENVO:2100003	1	NCBITaxon:1260	Finegoldia magna	4	TRUE	environmental_samples	
ENVO:2100003	2	NCBITaxon:136093	Globicatella sulfidifaciens	4	TRUE	environmental_samples	
ENVO:2100003	3	NCBITaxon:1505	Paraclostridium sordellii	4	TRUE	environmental_samples	
ENVO:2100003	4	NCBITaxon:152	Zuelzera stenostrepta	4	TRUE	environmental_samples	
ENVO:2100003	5	NCBITaxon:156	Teretinema zuelzerae	4	TRUE	environmental_samples	
ENVO:2100003	6	NCBITaxon:158	Treponema denticola	4	TRUE	environmental_samples	
ENVO:2100003	7	NCBITaxon:164	Treponema pectinovorum	4	TRUE	environmental_samples	
ENVO:2100003	8	NCBITaxon:166	Treponema sp.	4	TRUE	environmental_samples	
ENVO:2100003	9	NCBITaxon:171291	Mycoplasmopsis verecunda	4	TRUE	environmental_samples	
ENVO:2100003	10	NCBITaxon:180295	Atopostipes suicloacalis	4	TRUE	environmental_samples	
ENVO:2100003	11	NCBITaxon:266940	Kineococcus radiotolerans SRS30216 = ATCC BAA-149	4	TRUE	environmental_samples	
ENVO:2100003	12	NCBITaxon:2778071		4	TRUE	environmental_samples	
ENVO:2100003	13	NCBITaxon:28114	Porphyromonas levii	4	TRUE	environmental_samples	
ENVO:2100003	14	NCBITaxon:28115	Porphyromonas macacae	4	TRUE	environmental_samples	
ENVO:2100003	15	NCBITaxon:285106	Tepidimicrobium ferriphilum	4	TRUE	environmental_samples	
ENVO:2100003	16	NCBITaxon:29355	Ruminiclostridium cellobioparum	4	TRUE	environmental_samples	
ENVO:2100003	17	NCBITaxon:29558	Mycoplasmopsis hyopharyngis	4	TRUE	environmental_samples	
ENVO:2100003	18	NCBITaxon:312286	Trueperella bonasi	4	TRUE	environmental_samples	MADIN
ENVO:2100003	19	NCBITaxon:322095	Porphyromonas somerae	4	TRUE	environmental_samples	MADIN
ENVO:2100003	20	NCBITaxon:33034	Anaerococcus prevotii	4	TRUE	environmental_samples	
ENVO:2100003	21	NCBITaxon:36875	Porphyromonas canoris	4	TRUE	environmental_samples	
ENVO:2100003	22	NCBITaxon:36987		4	TRUE	environmental_samples	
ENVO:2100003	23	NCBITaxon:39946		4	TRUE	environmental_samples	
ENVO:2100003	24	NCBITaxon:40091	Helcococcus kunzii	4	TRUE	environmental_samples	
ENVO:2100003	25	NCBITaxon:40518	Ruminococcus bromii	4	TRUE	environmental_samples	
